Elapsed Sec,Evacuation Rate
0.01999999,0
0.03999998,0
0.05999998,0
0.07999997,0
0.09999996,0
0.12,0
0.14,0
0.16,0
0.1799999,0
0.1999999,0
0.2199999,0
0.2399999,0
0.2599999,0
0.2799999,0
0.2999999,0
0.3199999,0
0.3399999,0
0.3599998,0
0.3799998,0
0.3999998,0
0.4199998,0
0.4399998,0
0.4599997,0
0.4799997,0
0.4999997,0
0.5199997,0
0.5399997,0
0.5599996,0
0.5799996,0
0.5999996,0
0.6199996,0
0.6399996,0
0.6599995,0
0.6799995,0
0.6999995,0
0.7199995,0
0.7399995,0
0.7599995,0
0.7799994,0
0.7999994,0
0.8199994,0
0.8399994,0
0.8599994,0
0.8799993,0
0.8999993,0
0.9199993,0
0.9399993,0
0.9599993,0
0.9799992,0
0.9999992,0
1.019999,0
1.039999,0
1.059999,0
1.079999,0
1.099999,0
1.119999,0
1.139999,0
1.159999,0
1.179999,0
1.199999,0
1.219999,0
1.239999,0
1.259999,0
1.279999,0
1.299999,0
1.319999,0
1.339999,0
1.359999,0
1.379999,0
1.399999,0
1.419999,0
1.439999,0
1.459999,0
1.479999,0
1.499999,0
1.519999,0
1.539999,0
1.559999,0
1.579999,0
1.599999,0
1.619999,0
1.639999,0
1.659999,0
1.679999,0
1.699999,0
1.719999,0
1.739999,0
1.759999,0
1.779999,0
1.799999,0
1.819999,0
1.839998,0
1.859998,0
1.879998,0
1.899998,0
1.919998,0
1.939998,0
1.959998,0
1.979998,0
1.999998,0
2.019998,0
2.039998,0
2.059998,0
2.079998,0
2.099998,0
2.119998,0
2.139998,0
2.159998,0
2.179998,0
2.199998,0
2.219998,0
2.239998,0
2.259998,0
2.279998,0
2.299998,0
2.319998,0
2.339998,0
2.359998,0
2.379998,0
2.399998,0
2.419998,0
2.439998,0
2.459998,0
2.479998,0
2.499998,0
2.519998,0
2.539998,0
2.559998,0
2.579998,0
2.599998,0
2.619998,0
2.639998,0
2.659998,0
2.679998,0
2.699998,0
2.719998,0
2.739998,0
2.759998,0
2.779998,0
2.799998,0
2.819998,0
2.839998,0
2.859998,0
2.879997,0
2.899997,0
2.919997,0
2.939997,0
2.959997,0
2.979997,0
2.999997,0
3.019997,0
3.039997,0
3.059997,0
3.079997,0
3.099997,0
3.119997,0
3.139997,0
3.159997,0
3.179997,0
3.199997,0
3.219997,0
3.239997,0
3.259997,0
3.279997,0
3.299997,0
3.319997,0
3.339997,0
3.359997,0
3.379997,0
3.399997,0
3.419997,0
3.439997,0
3.459997,0
3.479997,0
3.499997,0
3.519997,0
3.539997,0
3.559997,0
3.579997,0
3.599997,0
3.619997,0
3.639997,0
3.659997,0
3.679997,0
3.699997,0
3.719997,0
3.739997,0
3.759997,0
3.779997,0
3.799997,0
3.819997,0
3.839997,0
3.859997,0
3.879997,0
3.899997,0
3.919997,0
3.939996,0
3.959996,0
3.979996,0
3.999996,0
4.019997,0
4.039997,0
4.059997,0
4.079997,0
4.099997,0
4.119997,0
4.139997,0
4.159997,0
4.179996,0
4.199996,0
4.219996,0
4.239996,0
4.259996,0
4.279996,0
4.299996,0
4.319996,0
4.339996,0
4.359996,0
4.379996,0
4.399996,0
4.419996,0
4.439996,0
4.459996,0
4.479996,0
4.499996,0
4.519996,0
4.539996,0
4.559996,0
4.579996,0
4.599996,0
4.619996,0
4.639996,0
4.659996,0
4.679996,0
4.699996,0
4.719996,0
4.739996,0
4.759996,0
4.779996,0
4.799996,0
4.819996,0
4.839996,0
4.859996,0
4.879996,0
4.899996,0
4.919996,0
4.939996,0
4.959996,0
4.979996,0
4.999996,0
5.019996,0
5.039996,0
5.059996,0
5.079996,0
5.099996,0
5.119996,0
5.139996,0
5.159996,0
5.179996,0
5.199996,0
5.219995,0
5.239995,0
5.259995,0
5.279995,0
5.299995,0
5.319995,0
5.339995,0
5.359995,0
5.379995,0
5.399995,0
5.419995,0
5.439995,0
5.459995,0
5.479995,0
5.499995,0
5.519995,0
5.539995,0
5.559995,0
5.579995,0
5.599995,0
5.619995,0
5.639995,0
5.659995,0
5.679995,0
5.699995,0
5.719995,0
5.739995,0
5.759995,0
5.779995,0
5.799995,0
5.819995,0
5.839995,0
5.859995,0
5.879995,0
5.899995,0
5.919995,0
5.939995,0
5.959995,0
5.979995,0
5.999995,0
6.019995,0
6.039995,0
6.059995,0
6.079995,0
6.099995,0
6.119995,0
6.139995,0
6.159995,0
6.179995,0
6.199995,0
6.219995,0
6.239995,0
6.259995,0
6.279994,0
6.299994,0
6.319994,0
6.339994,0
6.359994,0
6.379994,0
6.399994,0
6.419994,0
6.439994,0
6.459994,0
6.479994,0
6.499994,0
6.519994,0
6.539994,0
6.559994,0
6.579994,0
6.599994,0
6.619994,0
6.639994,0
6.659994,0
6.679994,0
6.699994,0
6.719994,0
6.739994,0
6.759994,0
6.779994,0
6.799994,0
6.819994,0
6.839994,0
6.859994,0
6.879994,0
6.899994,0
6.919994,0
6.939994,0
6.959994,0
6.979994,0
6.999994,0
7.019994,0
7.039994,0
7.059994,0
7.079994,0
7.099994,0
7.119994,0
7.139994,0
7.159994,0
7.179994,0
7.199994,0
7.219994,0
7.239994,0
7.259994,0
7.279994,0
7.299994,0
7.319993,0
7.339993,0
7.359993,0
7.379993,0
7.399993,0
7.419993,0
7.439993,0
7.459993,0
7.479993,0
7.499993,0
7.519993,0
7.539993,0
7.559993,0
7.579993,0
7.599993,0
7.619993,0
7.639993,0
7.659993,0
7.679993,0
7.699993,0
7.719993,0
7.739993,0
7.759993,0
7.779993,0
7.799993,0
7.819993,0
7.839993,0
7.859993,0
7.879993,0
7.899993,0
7.919993,0
7.939993,0
7.959993,0
7.979993,0
7.999993,0
8.019993,0
8.039993,0
8.059994,0
8.079994,0
8.099995,0
8.119995,0
8.139996,0
8.159996,0
8.179996,0
8.199997,0
8.219997,0
8.239998,0
8.259998,0
8.279999,0
8.299999,0
8.32,0
8.34,0
8.360001,0
8.380001,0
8.400002,0
8.420002,0
8.440002,0
8.460003,0
8.480003,0
8.500004,0
8.520004,0
8.540005,0
8.560005,0
8.580006,0
8.600006,0
8.620007,0
8.640007,0
8.660007,0
8.680008,0
8.700008,0
8.720009,0
8.740009,0
8.76001,0
8.78001,0
8.800011,0
8.820011,0
8.840012,0
8.860012,0
8.880013,0
8.900013,0
8.920013,0
8.940014,0
8.960014,0
8.980015,0
9.000015,0
9.020016,0
9.040016,0
9.060017,0
9.080017,0
9.100018,0
9.120018,0
9.140018,0
9.160019,0
9.180019,0
9.20002,0
9.22002,0
9.240021,0
9.260021,0
9.280022,0
9.300022,0
9.320023,0
9.340023,0
9.360023,0
9.380024,0
9.400024,0
9.420025,0
9.440025,0
9.460026,0
9.480026,0
9.500027,0
9.520027,0
9.540028,0
9.560028,0
9.580029,0
9.600029,0
9.620029,0
9.64003,0
9.66003,0
9.680031,0
9.700031,0
9.720032,0
9.740032,0
9.760033,0
9.780033,0
9.800034,0
9.820034,0
9.840034,0
9.860035,0
9.880035,0
9.900036,0
9.920036,0
9.940037,0
9.960037,0
9.980038,0
10.00004,0
10.02004,0
10.04004,0
10.06004,0
10.08004,0
10.10004,0
10.12004,0
10.14004,0
10.16004,0
10.18004,0
10.20004,0
10.22004,0
10.24004,0
10.26004,0
10.28004,0
10.30005,0
10.32005,0
10.34005,0
10.36005,0
10.38005,0
10.40005,0
10.42005,0
10.44005,0
10.46005,0
10.48005,0
10.50005,0
10.52005,0
10.54005,0
10.56005,0
10.58005,0
10.60005,0
10.62005,0
10.64005,0
10.66005,0
10.68005,0
10.70005,0
10.72005,0
10.74006,0
10.76006,0
10.78006,0
10.80006,0
10.82006,0
10.84006,0
10.86006,0
10.88006,0
10.90006,0
10.92006,0
10.94006,0
10.96006,0
10.98006,0
11.00006,0
11.02006,0
11.04006,0
11.06006,0
11.08006,0
11.10006,0
11.12006,0
11.14006,0
11.16006,0
11.18007,0
11.20007,0
11.22007,0
11.24007,0
11.26007,0
11.28007,0
11.30007,0
11.32007,0
11.34007,0
11.36007,0
11.38007,0
11.40007,0
11.42007,0
11.44007,0
11.46007,0
11.48007,0
11.50007,0
11.52007,0
11.54007,0
11.56007,0
11.58007,0
11.60007,0
11.62008,0
11.64008,0
11.66008,0
11.68008,0
11.70008,0
11.72008,0
11.74008,0
11.76008,0
11.78008,0
11.80008,0
11.82008,0
11.84008,0
11.86008,0
11.88008,0
11.90008,0
11.92008,0
11.94008,0
11.96008,0
11.98008,0
12.00008,0
12.02008,0
12.04008,0
12.06009,0
12.08009,0
12.10009,0
12.12009,0
12.14009,0
12.16009,0
12.18009,0
12.20009,0
12.22009,0
12.24009,0
12.26009,0
12.28009,0
12.30009,0
12.32009,0
12.34009,0
12.36009,0
12.38009,0
12.40009,0
12.42009,0
12.44009,0
12.46009,0
12.48009,0
12.5001,0
12.5201,0
12.5401,0
12.5601,0
12.5801,0
12.6001,0
12.6201,0
12.6401,0
12.6601,0
12.6801,0
12.7001,0
12.7201,0
12.7401,0
12.7601,0
12.7801,0
12.8001,0
12.8201,0
12.8401,0
12.8601,0
12.8801,0
12.9001,0
12.9201,0
12.94011,0
12.96011,0
12.98011,0
13.00011,0
13.02011,0
13.04011,0
13.06011,0
13.08011,0
13.10011,0
13.12011,0
13.14011,0
13.16011,0
13.18011,0
13.20011,0
13.22011,0
13.24011,0
13.26011,0
13.28011,0
13.30011,0
13.32011,0
13.34011,0
13.36012,0
13.38012,0
13.40012,0
13.42012,0
13.44012,0
13.46012,0
13.48012,0
13.50012,0
13.52012,0
13.54012,0
13.56012,0
13.58012,0
13.60012,0
13.62012,0
13.64012,0
13.66012,0
13.68012,0
13.70012,0
13.72012,0
13.74012,0
13.76012,0
13.78012,0
13.80013,0
13.82013,0
13.84013,0
13.86013,0
13.88013,0
13.90013,0
13.92013,0
13.94013,0
13.96013,0
13.98013,0
14.00013,0
14.02013,0
14.04013,0
14.06013,0
14.08013,0
14.10013,0
14.12013,0
14.14013,0
14.16013,0
14.18013,0
14.20013,0
14.22013,0
14.24014,0
14.26014,0
14.28014,0
14.30014,0
14.32014,0
14.34014,0
14.36014,0
14.38014,0
14.40014,0
14.42014,0
14.44014,0
14.46014,0
14.48014,0
14.50014,0
14.52014,0
14.54014,0
14.56014,0
14.58014,0
14.60014,0
14.62014,0
14.64014,0
14.66014,0
14.68015,0
14.70015,0
14.72015,0
14.74015,0
14.76015,0
14.78015,0
14.80015,0
14.82015,0
14.84015,0
14.86015,0
14.88015,0
14.90015,0
14.92015,0
14.94015,0
14.96015,0
14.98015,0
15.00015,0
15.02015,0
15.04015,0
15.06015,0
15.08015,0
15.10015,0
15.12016,0
15.14016,0
15.16016,0
15.18016,0
15.20016,0
15.22016,0
15.24016,0
15.26016,0
15.28016,0
15.30016,0
15.32016,0
15.34016,0
15.36016,0
15.38016,0
15.40016,0
15.42016,0
15.44016,0
15.46016,0
15.48016,0
15.50016,0
15.52016,0
15.54016,0
15.56017,0
15.58017,0
15.60017,0
15.62017,0
15.64017,0
15.66017,0
15.68017,0
15.70017,0
15.72017,0
15.74017,0
15.76017,0
15.78017,0
15.80017,0
15.82017,0
15.84017,0
15.86017,0
15.88017,0
15.90017,0
15.92017,0
15.94017,0
15.96017,0
15.98018,0
16.00018,0
16.02018,0
16.04018,0
16.06018,0
16.08018,0
16.10018,0
16.12018,0
16.14018,0
16.16018,0
16.18018,0
16.20018,0
16.22018,0
16.24018,0
16.26018,0
16.28018,0
16.30018,0
16.32018,0
16.34018,0
16.36018,0
16.38018,0
16.40018,0
16.42019,0
16.44019,0
16.46019,0
16.48019,0
16.50019,0
16.52019,0
16.54019,0
16.56019,0
16.58019,0
16.60019,0
16.62019,0
16.64019,0
16.66019,0
16.68019,0
16.70019,0
16.72019,0
16.74019,0
16.76019,0
16.78019,0
16.80019,0
16.82019,0
16.84019,0
16.8602,0
16.8802,0
16.9002,0
16.9202,0
16.9402,0
16.9602,0
16.9802,0
17.0002,0
17.0202,0
17.0402,0
17.0602,0
17.0802,0
17.1002,0
17.1202,0
17.1402,0
17.1602,0
17.1802,0
17.2002,0
17.2202,0
17.2402,0
17.2602,0
17.2802,0
17.30021,0
17.32021,0
17.34021,0
17.36021,0
17.38021,0
17.40021,0
17.42021,0
17.44021,0
17.46021,0
17.48021,0
17.50021,0
17.52021,0
17.54021,0
17.56021,0
17.58021,0
17.60021,0
17.62021,0
17.64021,0
17.66021,0
17.68021,0
17.70021,0
17.72021,0
17.74022,0
17.76022,0
17.78022,0
17.80022,0
17.82022,0
17.84022,0
17.86022,0
17.88022,0
17.90022,0
17.92022,0
17.94022,0
17.96022,0
17.98022,0
18.00022,0
18.02022,0
18.04022,0
18.06022,0
18.08022,0
18.10022,0
18.12022,0
18.14022,0
18.16022,0
18.18023,0
18.20023,0
18.22023,0
18.24023,0
18.26023,0
18.28023,0
18.30023,0
18.32023,0
18.34023,0
18.36023,0
18.38023,0
18.40023,0
18.42023,0
18.44023,0
18.46023,0
18.48023,0
18.50023,0
18.52023,0
18.54023,0
18.56023,0
18.58023,0
18.60023,0
18.62024,0
18.64024,0
18.66024,0
18.68024,0
18.70024,0
18.72024,0
18.74024,0
18.76024,0
18.78024,0
18.80024,0
18.82024,0
18.84024,0
18.86024,0
18.88024,0
18.90024,0
18.92024,0
18.94024,0
18.96024,0
18.98024,0
19.00024,0
19.02024,0
19.04025,0
19.06025,0
19.08025,0
19.10025,0
19.12025,0
19.14025,0
19.16025,0
19.18025,0
19.20025,0
19.22025,0
19.24025,0
19.26025,0
19.28025,0
19.30025,0
19.32025,0
19.34025,0
19.36025,0
19.38025,0
19.40025,0
19.42025,0
19.44025,0
19.46025,0
19.48026,0
19.50026,0
19.52026,0
19.54026,0
19.56026,0
19.58026,0
19.60026,0
19.62026,0
19.64026,0
19.66026,0
19.68026,0
19.70026,0
19.72026,0
19.74026,0
19.76026,0
19.78026,0
19.80026,0
19.82026,0
19.84026,0
19.86026,0
19.88026,0
19.90026,0
19.92027,0
19.94027,0
19.96027,0
19.98027,0
20.00027,0
20.02027,0
20.04027,0
20.06027,0
20.08027,0
20.10027,0
20.12027,0
20.14027,0
20.16027,0
20.18027,0
20.20027,0
20.22027,0
20.24027,0
20.26027,0
20.28027,0
20.30027,0
20.32027,0
20.34027,0
20.36028,0
20.38028,0
20.40028,0
20.42028,0
20.44028,0
20.46028,0
20.48028,0
20.50028,0
20.52028,0
20.54028,0
20.56028,0
20.58028,0
20.60028,0
20.62028,0
20.64028,0
20.66028,0
20.68028,0
20.70028,0
20.72028,0
20.74028,0
20.76028,0
20.78028,0
20.80029,0
20.82029,0
20.84029,0
20.86029,0
20.88029,0
20.90029,0
20.92029,0
20.94029,0
20.96029,0
20.98029,0
21.00029,0
21.02029,0
21.04029,0
21.06029,0
21.08029,0
21.10029,0
21.12029,0
21.14029,0
21.16029,0
21.18029,0
21.20029,0
21.22029,0
21.2403,0
21.2603,0
21.2803,0
21.3003,0
21.3203,0
21.3403,0
21.3603,0
21.3803,0
21.4003,0
21.4203,0
21.4403,0
21.4603,0
21.4803,0
21.5003,0
21.5203,0
21.5403,0
21.5603,0
21.5803,0
21.6003,0
21.6203,0
21.6403,0
21.66031,0
21.68031,0
21.70031,0
21.72031,0
21.74031,0
21.76031,0
21.78031,0
21.80031,0
21.82031,0
21.84031,0
21.86031,0
21.88031,0
21.90031,0
21.92031,0
21.94031,0
21.96031,0
21.98031,0
22.00031,0
22.02031,0
22.04031,0
22.06031,0
22.08031,0
22.10032,0
22.12032,0
22.14032,0
22.16032,0
22.18032,0
22.20032,0
22.22032,0
22.24032,0
22.26032,0
22.28032,0
22.30032,0
22.32032,0
22.34032,0
22.36032,0
22.38032,0
22.40032,0
22.42032,0
22.44032,0
22.46032,0
22.48032,0
22.50032,0
22.52032,0
22.54033,0
22.56033,0
22.58033,0
22.60033,0
22.62033,0
22.64033,0
22.66033,0
22.68033,0
22.70033,0
22.72033,0
22.74033,0
22.76033,0
22.78033,0
22.80033,0
22.82033,0
22.84033,0
22.86033,0
22.88033,0
22.90033,0
22.92033,0
22.94033,0
22.96033,0
22.98034,0
23.00034,0
23.02034,0
23.04034,0
23.06034,0
23.08034,0
23.10034,0
23.12034,0
23.14034,0
23.16034,0
23.18034,0
23.20034,0
23.22034,0
23.24034,0
23.26034,0
23.28034,0
23.30034,0
23.32034,0
23.34034,0
23.36034,0
23.38034,0
23.40034,0
23.42035,0
23.44035,0
23.46035,0
23.48035,0
23.50035,0
23.52035,0
23.54035,0
23.56035,0
23.58035,0
23.60035,0
23.62035,0
23.64035,0
23.66035,0
23.68035,0
23.70035,0
23.72035,0
23.74035,0
23.76035,0
23.78035,0
23.80035,0
23.82035,0
23.84035,0
23.86036,0
23.88036,0
23.90036,0
23.92036,0
23.94036,0
23.96036,0
23.98036,0
24.00036,0
24.02036,0
24.04036,0
24.06036,0
24.08036,0
24.10036,0
24.12036,0
24.14036,0
24.16036,0
24.18036,0
24.20036,0
24.22036,0
24.24036,0
24.26036,0
24.28036,0
24.30037,0
24.32037,0
24.34037,0
24.36037,0
24.38037,0
24.40037,0
24.42037,0
24.44037,0
24.46037,0
24.48037,0
24.50037,0
24.52037,0
24.54037,0
24.56037,0
24.58037,0
24.60037,0
24.62037,0
24.64037,0
24.66037,0
24.68037,0
24.70037,0
24.72038,0
24.74038,0
24.76038,0
24.78038,0
24.80038,0
24.82038,0
24.84038,0
24.86038,0
24.88038,0
24.90038,0
24.92038,0
24.94038,0
24.96038,0
24.98038,0
25.00038,0
25.02038,0
25.04038,0
25.06038,0
25.08038,0
25.10038,0
25.12038,0
25.14038,0
25.16039,0
25.18039,0
25.20039,0
25.22039,0
25.24039,0
25.26039,0
25.28039,0
25.30039,0
25.32039,0
25.34039,0
25.36039,0
25.38039,0
25.40039,0
25.42039,0
25.44039,0
25.46039,0
25.48039,0
25.50039,0
25.52039,0
25.54039,0
25.56039,0
25.58039,0
25.6004,0
25.6204,0
25.6404,0
25.6604,0
25.6804,0
25.7004,0
25.7204,0
25.7404,0
25.7604,0
25.7804,0
25.8004,0
25.8204,0
25.8404,0
25.8604,0
25.8804,0
25.9004,0
25.9204,0
25.9404,0
25.9604,0
25.9804,0
26.0004,0
26.0204,0
26.04041,0
26.06041,0
26.08041,0
26.10041,0
26.12041,0
26.14041,0
26.16041,0
26.18041,0
26.20041,0
26.22041,0
26.24041,0
26.26041,0
26.28041,0
26.30041,0
26.32041,0
26.34041,0
26.36041,0
26.38041,0
26.40041,0
26.42041,0
26.44041,0
26.46041,0
26.48042,0
26.50042,0
26.52042,0
26.54042,0
26.56042,0
26.58042,0
26.60042,0
26.62042,0
26.64042,0
26.66042,0
26.68042,0
26.70042,0
26.72042,0
26.74042,0
26.76042,0
26.78042,0
26.80042,0
26.82042,0
26.84042,0
26.86042,0
26.88042,0
26.90042,0
26.92043,0
26.94043,0
26.96043,0
26.98043,0
27.00043,0
27.02043,0
27.04043,0
27.06043,0
27.08043,0
27.10043,0
27.12043,0
27.14043,0
27.16043,0
27.18043,0
27.20043,0
27.22043,0
27.24043,0
27.26043,0
27.28043,0
27.30043,0
27.32043,0
27.34044,0
27.36044,0
27.38044,0
27.40044,0
27.42044,0
27.44044,0
27.46044,0
27.48044,0
27.50044,0
27.52044,0
27.54044,0
27.56044,0
27.58044,0
27.60044,0
27.62044,0
27.64044,0
27.66044,0
27.68044,0
27.70044,0
27.72044,0
27.74044,0
27.76044,0
27.78045,0
27.80045,0
27.82045,0
27.84045,0
27.86045,0
27.88045,0
27.90045,0
27.92045,0
27.94045,0
27.96045,0
27.98045,0
28.00045,0
28.02045,0
28.04045,0
28.06045,0
28.08045,0
28.10045,0
28.12045,0
28.14045,0
28.16045,0
28.18045,0
28.20045,0
28.22046,0
28.24046,0
28.26046,0
28.28046,0
28.30046,0
28.32046,0
28.34046,0
28.36046,0
28.38046,0
28.40046,0
28.42046,0
28.44046,0
28.46046,0
28.48046,0
28.50046,0
28.52046,0
28.54046,0
28.56046,0
28.58046,0
28.60046,0
28.62046,0
28.64046,0
28.66047,0
28.68047,0
28.70047,0
28.72047,0
28.74047,0
28.76047,0
28.78047,0
28.80047,0
28.82047,0
28.84047,0
28.86047,0
28.88047,0
28.90047,0
28.92047,0
28.94047,0
28.96047,0
28.98047,0
29.00047,0
29.02047,0
29.04047,0
29.06047,0
29.08047,0
29.10048,0
29.12048,0
29.14048,0
29.16048,0
29.18048,0
29.20048,0
29.22048,0
29.24048,0
29.26048,0
29.28048,0
29.30048,0
29.32048,0
29.34048,0
29.36048,0
29.38048,0
29.40048,0
29.42048,0
29.44048,0
29.46048,0
29.48048,0
29.50048,0
29.52048,0
29.54049,0
29.56049,0
29.58049,0
29.60049,0
29.62049,0
29.64049,0
29.66049,0
29.68049,0
29.70049,0
29.72049,0
29.74049,0
29.76049,0
29.78049,0
29.80049,0
29.82049,0
29.84049,0
29.86049,0
29.88049,0
29.90049,0
29.92049,0
29.94049,0
29.96049,0
29.9805,0
30.0005,0
30.0205,0
30.0405,0
30.0605,0
30.0805,0
30.1005,0
30.1205,0
30.1405,0
30.1605,0
30.1805,0
30.2005,0
30.2205,0
30.2405,0
30.2605,0
30.2805,0
30.3005,0
30.3205,0
30.3405,0
30.3605,0
30.3805,0
30.40051,0
30.42051,0
30.44051,0
30.46051,0
30.48051,0
30.50051,0
30.52051,0
30.54051,0
30.56051,0
30.58051,0
30.60051,0
30.62051,0
30.64051,0
30.66051,0
30.68051,0
30.70051,0
30.72051,0
30.74051,0
30.76051,0
30.78051,0
30.80051,0
30.82051,0
30.84052,0
30.86052,0
30.88052,0
30.90052,0
30.92052,0
30.94052,0
30.96052,0
30.98052,0
31.00052,0
31.02052,0
31.04052,0
31.06052,0
31.08052,0
31.10052,0
31.12052,0
31.14052,0
31.16052,0
31.18052,0
31.20052,0
31.22052,0
31.24052,0
31.26052,0
31.28053,0
31.30053,0
31.32053,0
31.34053,0
31.36053,0
31.38053,0
31.40053,0
31.42053,0
31.44053,0
31.46053,0
31.48053,0
31.50053,0
31.52053,0
31.54053,0
31.56053,0
31.58053,0
31.60053,0
31.62053,0
31.64053,0
31.66053,0
31.68053,0
31.70053,0
31.72054,0
31.74054,0
31.76054,0
31.78054,0
31.80054,0
31.82054,0
31.84054,0
31.86054,0
31.88054,0
31.90054,0
31.92054,0
31.94054,0
31.96054,0
31.98054,0
32.00054,0
32.02054,0
32.04054,0
32.06054,0
32.08054,0
32.10054,0
32.12054,0
32.14054,0
32.16055,0
32.18055,0
32.20055,0
32.22055,0
32.24055,0
32.26055,0
32.28055,0
32.30055,0
32.32055,0
32.34055,0
32.36055,0
32.38055,0
32.40055,0
32.42055,0
32.44055,0
32.46055,0
32.48055,0
32.50055,0
32.52055,0
32.54055,0
32.56055,0
32.58055,0
32.60056,0
32.62056,0
32.64056,0
32.66056,0
32.68056,0
32.70056,0
32.72056,0
32.74056,0
32.76056,0
32.78056,0
32.80056,0
32.82056,0
32.84056,0
32.86056,0
32.88056,0
32.90056,0
32.92056,0
32.94056,0
32.96056,0
32.98056,0
33.00056,0
33.02057,0
33.04057,0
33.06057,0
33.08057,0
33.10057,0
33.12057,0
33.14057,0
33.16057,0
33.18057,0
33.20057,0
33.22057,0
33.24057,0
33.26057,0
33.28057,0
33.30057,0
33.32057,0
33.34057,0
33.36057,0
33.38057,0
33.40057,0
33.42057,0
33.44057,0
33.46058,0
33.48058,0
33.50058,0
33.52058,0
33.54058,0
33.56058,0
33.58058,0
33.60058,0
33.62058,0
33.64058,0
33.66058,0
33.68058,0
33.70058,0
33.72058,0
33.74058,0
33.76058,0
33.78058,0
33.80058,0
33.82058,0
33.84058,0
33.86058,0
33.88058,0
33.90059,0
33.92059,0
33.94059,0
33.96059,0
33.98059,0
34.00059,0
34.02059,0
34.04059,0
34.06059,0
34.08059,0
34.10059,0
34.12059,0
34.14059,0
34.16059,0
34.18059,0
34.20059,0
34.22059,0
34.24059,0
34.26059,0
34.28059,0
34.30059,0
34.32059,0
34.3406,0
34.3606,0
34.3806,0
34.4006,0
34.4206,0
34.4406,0
34.4606,0
34.4806,0
34.5006,0
34.5206,0
34.5406,0
34.5606,0
34.5806,0
34.6006,0
34.6206,0
34.6406,0
34.6606,0
34.6806,0
34.7006,0
34.7206,0
34.7406,0
34.7606,0
34.78061,0
34.80061,0
34.82061,0
34.84061,0
34.86061,0
34.88061,0
34.90061,0
34.92061,0
34.94061,0
34.96061,0
34.98061,0
35.00061,0
35.02061,0
35.04061,0
35.06061,0
35.08061,0
35.10061,0
35.12061,0
35.14061,0
35.16061,0
35.18061,0
35.20061,0
35.22062,0
35.24062,0
35.26062,0
35.28062,0
35.30062,0
35.32062,0
35.34062,0
35.36062,0
35.38062,0
35.40062,0
35.42062,0
35.44062,0
35.46062,0
35.48062,0
35.50062,0
35.52062,0
35.54062,0
35.56062,0
35.58062,0
35.60062,0
35.62062,0
35.64063,0
35.66063,0
35.68063,0
35.70063,0
35.72063,0
35.74063,0
35.76063,0
35.78063,0
35.80063,0
35.82063,0
35.84063,0
35.86063,0
35.88063,0
35.90063,0
35.92063,0
35.94063,0
35.96063,0
35.98063,0
36.00063,0
36.02063,0
36.04063,0
36.06063,0
36.08064,0
36.10064,0
36.12064,0
36.14064,0
36.16064,0
36.18064,0
36.20064,0
36.22064,0
36.24064,0
36.26064,0
36.28064,0
36.30064,0
36.32064,0
36.34064,0
36.36064,0
36.38064,0
36.40064,0
36.42064,0
36.44064,0
36.46064,0
36.48064,0
36.50064,0
36.52065,0
36.54065,0
36.56065,0
36.58065,0
36.60065,0
36.62065,0
36.64065,0
36.66065,0
36.68065,0
36.70065,0
36.72065,0
36.74065,0
36.76065,0
36.78065,0
36.80065,0
36.82065,0
36.84065,0
36.86065,0
36.88065,0
36.90065,0
36.92065,0
36.94065,0
36.96066,0
36.98066,0
37.00066,0
37.02066,0
37.04066,0
37.06066,0
37.08066,0
37.10066,0
37.12066,0
37.14066,0
37.16066,0
37.18066,0
37.20066,0
37.22066,0
37.24066,0
37.26066,0
37.28066,0
37.30066,0
37.32066,0
37.34066,0
37.36066,0
37.38066,0
37.40067,0
37.42067,0
37.44067,0
37.46067,0
37.48067,0
37.50067,0
37.52067,0
37.54067,0
37.56067,0
37.58067,0
37.60067,0
37.62067,0
37.64067,0
37.66067,0
37.68067,0
37.70067,0
37.72067,0
37.74067,0
37.76067,0
37.78067,0
37.80067,0
37.82067,0
37.84068,0
37.86068,0
37.88068,0
37.90068,0
37.92068,0
37.94068,0
37.96068,0
37.98068,0
38.00068,0
38.02068,0
38.04068,0
38.06068,0
38.08068,0
38.10068,0
38.12068,0
38.14068,0
38.16068,0
38.18068,0
38.20068,0
38.22068,0
38.24068,0
38.26068,0
38.28069,0
38.30069,0
38.32069,0
38.34069,0
38.36069,0
38.38069,0
38.40069,0
38.42069,0
38.44069,0
38.46069,0
38.48069,0
38.50069,0
38.52069,0
38.54069,0
38.56069,0
38.58069,0
38.60069,0
38.62069,0
38.64069,0
38.66069,0
38.68069,0
38.7007,0
38.7207,0
38.7407,0
38.7607,0
38.7807,0
38.8007,0
38.8207,0
38.8407,0
38.8607,0
38.8807,0
38.9007,0
38.9207,0
38.9407,0
38.9607,0
38.9807,0
39.0007,0
39.0207,0
39.0407,0
39.0607,0
39.0807,0
39.1007,0
39.1207,0
39.14071,0
39.16071,0
39.18071,0
39.20071,0
39.22071,0
39.24071,0
39.26071,0
39.28071,0
39.30071,0
39.32071,0
39.34071,0
39.36071,0
39.38071,0
39.40071,0
39.42071,0
39.44071,0
39.46071,0
39.48071,0
39.50071,0
39.52071,0
39.54071,0
39.56071,0
39.58072,0
39.60072,0
39.62072,0
39.64072,0
39.66072,0
39.68072,0
39.70072,0
39.72072,0
39.74072,0
39.76072,0
39.78072,0
39.80072,0
39.82072,0
39.84072,0
39.86072,0
39.88072,0
39.90072,0
39.92072,0
39.94072,0
39.96072,0
39.98072,0
40.00072,0
40.02073,0
40.04073,0
40.06073,0
40.08073,0
40.10073,0
40.12073,0
40.14073,0
40.16073,0
40.18073,0
40.20073,0
40.22073,0
40.24073,0
40.26073,0
40.28073,0
40.30073,0
40.32073,0
40.34073,0
40.36073,0
40.38073,0
40.40073,0
40.42073,0
40.44073,0
40.46074,0
40.48074,0
40.50074,0
40.52074,0
40.54074,0
40.56074,0
40.58074,0
40.60074,0
40.62074,0
40.64074,0
40.66074,0
40.68074,0
40.70074,0
40.72074,0
40.74074,0
40.76074,0
40.78074,0
40.80074,0
40.82074,0
40.84074,0
40.86074,0
40.88074,0
40.90075,0
40.92075,0
40.94075,0
40.96075,0
40.98075,0
41.00075,0
41.02075,0
41.04075,0
41.06075,0
41.08075,0
41.10075,0
41.12075,0
41.14075,0
41.16075,0
41.18075,0
41.20075,0
41.22075,0
41.24075,0
41.26075,0
41.28075,0
41.30075,0
41.32076,0
41.34076,0
41.36076,0
41.38076,0
41.40076,0
41.42076,0
41.44076,0
41.46076,0
41.48076,0
41.50076,0
41.52076,0
41.54076,0
41.56076,0
41.58076,0
41.60076,0
41.62076,0
41.64076,0
41.66076,0
41.68076,0
41.70076,0
41.72076,0
41.74076,0
41.76077,0
41.78077,0
41.80077,0
41.82077,0
41.84077,0
41.86077,0
41.88077,0
41.90077,0
41.92077,0
41.94077,0
41.96077,0
41.98077,0
42.00077,0
42.02077,0
42.04077,0
42.06077,0
42.08077,0
42.10077,0
42.12077,0
42.14077,0
42.16077,0
42.18077,0
42.20078,0
42.22078,0
42.24078,0
42.26078,0
42.28078,0
42.30078,0
42.32078,0
42.34078,0
42.36078,0
42.38078,0
42.40078,0
42.42078,0
42.44078,0
42.46078,0
42.48078,0
42.50078,0
42.52078,0
42.54078,0
42.56078,0
42.58078,0
42.60078,0
42.62078,0
42.64079,0
42.66079,0
42.68079,0
42.70079,0
42.72079,0
42.74079,0
42.76079,0
42.78079,0
42.80079,0
42.82079,0
42.84079,0
42.86079,0
42.88079,0
42.90079,0
42.92079,0
42.94079,0
42.96079,0
42.98079,0
43.00079,0
43.02079,0
43.04079,0
43.06079,0
43.0808,0
43.1008,0
43.1208,0
43.1408,0
43.1608,0
43.1808,0
43.2008,0
43.2208,0
43.2408,0
43.2608,0
43.2808,0
43.3008,0
43.3208,0
43.3408,0
43.3608,0
43.3808,0
43.4008,0
43.4208,0
43.4408,0
43.4608,0
43.4808,0
43.5008,0
43.52081,0
43.54081,0
43.56081,0
43.58081,0
43.60081,0
43.62081,0
43.64081,0
43.66081,0
43.68081,0
43.70081,0
43.72081,0
43.74081,0
43.76081,0
43.78081,0
43.80081,0
43.82081,0
43.84081,0
43.86081,0
43.88081,0
43.90081,0
43.92081,0
43.94081,0
43.96082,0
43.98082,0
44.00082,0
44.02082,0
44.04082,0
44.06082,0
44.08082,0
44.10082,0
44.12082,0
44.14082,0
44.16082,0
44.18082,0
44.20082,0
44.22082,0
44.24082,0
44.26082,0
44.28082,0
44.30082,0
44.32082,0
44.34082,0
44.36082,0
44.38083,0
44.40083,0
44.42083,0
44.44083,0
44.46083,0
44.48083,0
44.50083,0
44.52083,0
44.54083,0
44.56083,0
44.58083,0
44.60083,0
44.62083,0
44.64083,0
44.66083,0
44.68083,0
44.70083,0
44.72083,0
44.74083,0
44.76083,0
44.78083,0
44.80083,0
44.82084,0
44.84084,0
44.86084,0
44.88084,0
44.90084,0
44.92084,0
44.94084,0
44.96084,0
44.98084,0
45.00084,0
45.02084,0
45.04084,0
45.06084,0
45.08084,0
45.10084,0
45.12084,0
45.14084,0
45.16084,0
45.18084,0
45.20084,0
45.22084,0
45.24084,0
45.26085,0
45.28085,0
45.30085,0
45.32085,0
45.34085,0
45.36085,0
45.38085,0
45.40085,0
45.42085,0
45.44085,0
45.46085,0
45.48085,0
45.50085,0
45.52085,0
45.54085,0
45.56085,0
45.58085,0
45.60085,0
45.62085,0
45.64085,0
45.66085,0
45.68085,0
45.70086,0
45.72086,0
45.74086,0
45.76086,0
45.78086,0
45.80086,0
45.82086,0
45.84086,0
45.86086,0
45.88086,0
45.90086,0
45.92086,0
45.94086,0
45.96086,0
45.98086,0
46.00086,0
46.02086,0
46.04086,0
46.06086,0
46.08086,0
46.10086,0
46.12086,0
46.14087,0
46.16087,0
46.18087,0
46.20087,0
46.22087,0
46.24087,0
46.26087,0
46.28087,0
46.30087,0
46.32087,0
46.34087,0
46.36087,0
46.38087,0
46.40087,0
46.42087,0
46.44087,0
46.46087,0
46.48087,0
46.50087,0
46.52087,0
46.54087,0
46.56087,0
46.58088,0
46.60088,0
46.62088,0
46.64088,0
46.66088,0
46.68088,0
46.70088,0
46.72088,0
46.74088,0
46.76088,0
46.78088,0
46.80088,0
46.82088,0
46.84088,0
46.86088,0
46.88088,0
46.90088,0
46.92088,0
46.94088,0
46.96088,0
46.98088,0
47.00089,0
47.02089,0
47.04089,0
47.06089,0
47.08089,0
47.10089,0
47.12089,0
47.14089,0
47.16089,0
47.18089,0
47.20089,0
47.22089,0
47.24089,0
47.26089,0
47.28089,0
47.30089,0
47.32089,0
47.34089,0
47.36089,0
47.38089,0
47.40089,0
47.42089,0
47.4409,0
47.4609,0
47.4809,0
47.5009,0
47.5209,0
47.5409,0
47.5609,0
47.5809,0
47.6009,0
47.6209,0
47.6409,0
47.6609,0
47.6809,0
47.7009,0
47.7209,0
47.7409,0
47.7609,0
47.7809,0
47.8009,0
47.8209,0
47.8409,0
47.8609,0
47.88091,0
47.90091,0
47.92091,0
47.94091,0
47.96091,0
47.98091,0
48.00091,0
48.02091,0
48.04091,0
48.06091,0
48.08091,0
48.10091,0
48.12091,0
48.14091,0
48.16091,0
48.18091,0
48.20091,0
48.22091,0
48.24091,0
48.26091,0
48.28091,0
48.30091,0
48.32092,0
48.34092,0
48.36092,0
48.38092,0
48.40092,0
48.42092,0
48.44092,0
48.46092,0
48.48092,0
48.50092,0
48.52092,0
48.54092,0
48.56092,0
48.58092,0
48.60092,0
48.62092,0
48.64092,0
48.66092,0
48.68092,0
48.70092,0
48.72092,0
48.74092,0
48.76093,0
48.78093,0
48.80093,0
48.82093,0
48.84093,0
48.86093,0
48.88093,0
48.90093,0
48.92093,0
48.94093,0
48.96093,0
48.98093,0
49.00093,0
49.02093,0
49.04093,0
49.06093,0
49.08093,0
49.10093,0
49.12093,0
49.14093,0
49.16093,0
49.18093,0
49.20094,0
49.22094,0
49.24094,0
49.26094,0
49.28094,0
49.30094,0
49.32094,0
49.34094,0
49.36094,0
49.38094,0
49.40094,0
49.42094,0
49.44094,0
49.46094,0
49.48094,0
49.50094,0
49.52094,0
49.54094,0
49.56094,0
49.58094,0
49.60094,0
49.62094,0
49.64095,0
49.66095,0
49.68095,0
49.70095,0
49.72095,0
49.74095,0
49.76095,0
49.78095,0
49.80095,0
49.82095,0
49.84095,0
49.86095,0
49.88095,0
49.90095,0
49.92095,0
49.94095,0
49.96095,0
49.98095,0
50.00095,0
50.02095,0
50.04095,0
50.06096,0
50.08096,0
50.10096,0
50.12096,0
50.14096,0
50.16096,0
50.18096,0
50.20096,0
50.22096,0
50.24096,0
50.26096,0
50.28096,0
50.30096,0
50.32096,0
50.34096,0
50.36096,0
50.38096,0
50.40096,0
50.42096,0
50.44096,0
50.46096,0
50.48096,0
50.50097,0
50.52097,0
50.54097,0
50.56097,0
50.58097,0
50.60097,0
50.62097,0
50.64097,0
50.66097,0
50.68097,0
50.70097,0
50.72097,0
50.74097,0
50.76097,0
50.78097,0
50.80097,0
50.82097,0
50.84097,0
50.86097,0
50.88097,0
50.90097,0
50.92097,0
50.94098,0
50.96098,0
50.98098,0
51.00098,0
51.02098,0
51.04098,0
51.06098,0
51.08098,0
51.10098,0
51.12098,0
51.14098,0
51.16098,0
51.18098,0
51.20098,0
51.22098,0
51.24098,0
51.26098,0
51.28098,0
51.30098,0
51.32098,0
51.34098,0
51.36098,0
51.38099,0
51.40099,0
51.42099,0
51.44099,0
51.46099,0
51.48099,0
51.50099,0
51.52099,0
51.54099,0
51.56099,0
51.58099,0
51.60099,0
51.62099,0
51.64099,0
51.66099,0
51.68099,0
51.70099,0
51.72099,0
51.74099,0
51.76099,0
51.78099,0
51.80099,0
51.821,0
51.841,0
51.861,0
51.881,0
51.901,0
51.921,0
51.941,0
51.961,0
51.981,0
52.001,0
52.021,0
52.041,0
52.061,0
52.081,0
52.101,0
52.121,0
52.141,0
52.161,0
52.181,0
52.201,0
52.221,0
52.241,0
52.26101,0
52.28101,0
52.30101,0
52.32101,0
52.34101,0
52.36101,0
52.38101,0
52.40101,0
52.42101,0
52.44101,0
52.46101,0
52.48101,0
52.50101,0
52.52101,0
52.54101,0
52.56101,0
52.58101,0
52.60101,0
52.62101,0
52.64101,0
52.66101,0
52.68102,0
52.70102,0
52.72102,0
52.74102,0
52.76102,0
52.78102,0
52.80102,0
52.82102,0
52.84102,0
52.86102,0
52.88102,0
52.90102,0
52.92102,0
52.94102,0
52.96102,0
52.98102,0
53.00102,0
53.02102,0
53.04102,0
53.06102,0
53.08102,0
53.10102,0
53.12103,0
53.14103,0
53.16103,0
53.18103,0
53.20103,0
53.22103,0
53.24103,0
53.26103,0
53.28103,0
53.30103,0
53.32103,0
53.34103,0
53.36103,0
53.38103,0
53.40103,0
53.42103,0
53.44103,0
53.46103,0
53.48103,0
53.50103,0
53.52103,0
53.54103,0
53.56104,0
53.58104,0
53.60104,0
53.62104,0
53.64104,0
53.66104,0
53.68104,0
53.70104,0
53.72104,0
53.74104,0
53.76104,0
53.78104,0
53.80104,0
53.82104,0
53.84104,0
53.86104,0
53.88104,0
53.90104,0
53.92104,0
53.94104,0
53.96104,0
53.98104,0
54.00105,0
54.02105,0
54.04105,0
54.06105,0
54.08105,0
54.10105,0
54.12105,0
54.14105,0
54.16105,0
54.18105,0
54.20105,0
54.22105,0
54.24105,0
54.26105,0
54.28105,0
54.30105,0
54.32105,0
54.34105,0
54.36105,0
54.38105,0
54.40105,0
54.42105,0
54.44106,0
54.46106,0
54.48106,0
54.50106,0
54.52106,0
54.54106,0
54.56106,0
54.58106,0
54.60106,0
54.62106,0
54.64106,0
54.66106,0
54.68106,0
54.70106,0
54.72106,0
54.74106,0
54.76106,0
54.78106,0
54.80106,0
54.82106,0
54.84106,0
54.86106,0
54.88107,0
54.90107,0
54.92107,0
54.94107,0
54.96107,0
54.98107,0
55.00107,0
55.02107,0
55.04107,0
55.06107,0
55.08107,0
55.10107,0
55.12107,0
55.14107,0
55.16107,0
55.18107,0
55.20107,0
55.22107,0
55.24107,0
55.26107,0
55.28107,0
55.30107,0
55.32108,0
55.34108,0
55.36108,0
55.38108,0
55.40108,0
55.42108,0
55.44108,0
55.46108,0
55.48108,0
55.50108,0
55.52108,0
55.54108,0
55.56108,0
55.58108,0
55.60108,0
55.62108,0
55.64108,0
55.66108,0
55.68108,0
55.70108,0
55.72108,0
55.74109,0
55.76109,0
55.78109,0
55.80109,0
55.82109,0
55.84109,0
55.86109,0
55.88109,0
55.90109,0
55.92109,0
55.94109,0
55.96109,0
55.98109,0
56.00109,0
56.02109,0
56.04109,0
56.06109,0
56.08109,0
56.10109,0
56.12109,0
56.14109,0
56.16109,0
56.1811,0
56.2011,0
56.2211,0
56.2411,0
56.2611,0
56.2811,0
56.3011,0
56.3211,0
56.3411,0
56.3611,0
56.3811,0
56.4011,0
56.4211,0
56.4411,0
56.4611,0
56.4811,0
56.5011,0
56.5211,0
56.5411,0
56.5611,0
56.5811,0
56.6011,0
56.62111,0
56.64111,0
56.66111,0
56.68111,0
56.70111,0
56.72111,0
56.74111,0
56.76111,0
56.78111,0
56.80111,0
56.82111,0
56.84111,0
56.86111,0
56.88111,0
56.90111,0
56.92111,0
56.94111,0
56.96111,0
56.98111,0
57.00111,0
57.02111,0
57.04111,0
57.06112,0
57.08112,0
57.10112,0
57.12112,0
57.14112,0
57.16112,0
57.18112,0
57.20112,0
57.22112,0
57.24112,0
57.26112,0
57.28112,0
57.30112,0
57.32112,0
57.34112,0
57.36112,0
57.38112,0
57.40112,0
57.42112,0
57.44112,0
57.46112,0
57.48112,0
57.50113,0
57.52113,0
57.54113,0
57.56113,0
57.58113,0
57.60113,0
57.62113,0
57.64113,0
57.66113,0
57.68113,0
57.70113,0
57.72113,0
57.74113,0
57.76113,0
57.78113,0
57.80113,0
57.82113,0
57.84113,0
57.86113,0
57.88113,0
57.90113,0
57.92113,0
57.94114,0
57.96114,0
57.98114,0
58.00114,0
58.02114,0
58.04114,0
58.06114,0
58.08114,0
58.10114,0
58.12114,0
58.14114,0
58.16114,0
58.18114,0
58.20114,0
58.22114,0
58.24114,0
58.26114,0
58.28114,0
58.30114,0
58.32114,0
58.34114,0
58.36115,0
58.38115,0
58.40115,0
58.42115,0
58.44115,0
58.46115,0
58.48115,0
58.50115,0
58.52115,0
58.54115,0
58.56115,0
58.58115,0
58.60115,0
58.62115,0
58.64115,0
58.66115,0
58.68115,0
58.70115,0
58.72115,0
58.74115,0
58.76115,0
58.78115,0
58.80116,0
58.82116,0
58.84116,0
58.86116,0
58.88116,0
58.90116,0
58.92116,0
58.94116,0
58.96116,0
58.98116,0
59.00116,0
59.02116,0
59.04116,0
59.06116,0
59.08116,0
59.10116,0
59.12116,0
59.14116,0
59.16116,0
59.18116,0
59.20116,0
59.22116,0
59.24117,0
59.26117,0
59.28117,0
59.30117,0
59.32117,0
59.34117,0
59.36117,0
59.38117,0
59.40117,0
59.42117,0
59.44117,0
59.46117,0
59.48117,0
59.50117,0
59.52117,0
59.54117,0
59.56117,0
59.58117,0
59.60117,0
59.62117,0
59.64117,0
59.66117,0
59.68118,0
59.70118,0
59.72118,0
59.74118,0
59.76118,0
59.78118,0
59.80118,0
59.82118,0
59.84118,0
59.86118,0
59.88118,0
59.90118,0
59.92118,0
59.94118,0
59.96118,0
59.98118,0
60.00118,0
60.02118,0
60.04118,0
60.06118,0
60.08118,0
60.10118,0
60.12119,0
60.14119,0
60.16119,0
60.18119,0
60.20119,0
60.22119,0
60.24119,0
60.26119,0
60.28119,0
60.30119,0
60.32119,0
60.34119,0
60.36119,0
60.38119,0
60.40119,0
60.42119,0
60.44119,0
60.46119,0
60.48119,0
60.50119,0
60.52119,0
60.54119,0
60.5612,0
60.5812,0
60.6012,0
60.6212,0
60.6412,0
60.6612,0
60.6812,0
60.7012,0
60.7212,0
60.7412,0
60.7612,0
60.7812,0
60.8012,0
60.8212,0
60.8412,0
60.8612,0
60.8812,0
60.9012,0
60.9212,0
60.9412,0
60.9612,0
60.9812,0
61.00121,0
61.02121,0
61.04121,0
61.06121,0
61.08121,0
61.10121,0
61.12121,0
61.14121,0
61.16121,0
61.18121,0
61.20121,0
61.22121,0
61.24121,0
61.26121,0
61.28121,0
61.30121,0
61.32121,0
61.34121,0
61.36121,0
61.38121,0
61.40121,0
61.42122,0
61.44122,0
61.46122,0
61.48122,0
61.50122,0
61.52122,0
61.54122,0
61.56122,0
61.58122,0
61.60122,0
61.62122,0
61.64122,0
61.66122,0
61.68122,0
61.70122,0
61.72122,0
61.74122,0
61.76122,0
61.78122,0
61.80122,0
61.82122,0
61.84122,0
61.86123,0
61.88123,0
61.90123,0
61.92123,0
61.94123,0
61.96123,0
61.98123,0
62.00123,0
62.02123,0
62.04123,0
62.06123,0
62.08123,0
62.10123,0
62.12123,0
62.14123,0
62.16123,0
62.18123,0
62.20123,0
62.22123,0
62.24123,0
62.26123,0
62.28123,0
62.30124,0
62.32124,0
62.34124,0
62.36124,0
62.38124,0
62.40124,0
62.42124,0
62.44124,0
62.46124,0
62.48124,0
62.50124,0
62.52124,0
62.54124,0
62.56124,0
62.58124,0
62.60124,0
62.62124,0
62.64124,0
62.66124,0
62.68124,0
62.70124,0
62.72124,0
62.74125,0
62.76125,0
62.78125,0
62.80125,0
62.82125,0
62.84125,0
62.86125,0
62.88125,0
62.90125,0
62.92125,0
62.94125,0
62.96125,0
62.98125,0
63.00125,0
63.02125,0
63.04125,0
63.06125,0
63.08125,0
63.10125,0
63.12125,0
63.14125,0
63.16125,0
63.18126,0
63.20126,0
63.22126,0
63.24126,0
63.26126,0
63.28126,0
63.30126,0
63.32126,0
63.34126,0
63.36126,0
63.38126,0
63.40126,0
63.42126,0
63.44126,0
63.46126,0
63.48126,0
63.50126,0
63.52126,0
63.54126,0
63.56126,0
63.58126,0
63.60126,0
63.62127,0
63.64127,0
63.66127,0
63.68127,0
63.70127,0
63.72127,0
63.74127,0
63.76127,0
63.78127,0
63.80127,0
63.82127,0
63.84127,0
63.86127,0
63.88127,0
63.90127,0
63.92127,0
63.94127,0
63.96127,0
63.98127,0
64.00127,0
64.02127,0
64.04127,0
64.06126,0
64.08126,0
64.10126,0
64.12125,0
64.14125,0
64.16125,0
64.18124,0
64.20124,0
64.22124,0
64.24123,0
64.26123,0
64.28123,0
64.30122,0
64.32122,0
64.34122,0
64.36121,0
64.38121,0
64.40121,0
64.4212,0
64.4412,0
64.4612,0
64.48119,0
64.50119,0
64.52119,0
64.54118,0
64.56118,0
64.58118,0
64.60117,0
64.62117,0
64.64117,0
64.66116,0
64.68116,0
64.70116,0
64.72115,0
64.74115,0
64.76115,0
64.78114,0
64.80114,0
64.82114,0
64.84113,0
64.86113,0
64.88113,0
64.90112,0
64.92112,0
64.94112,0
64.96111,0
64.98111,0
65.00111,0
65.0211,0
65.0411,0
65.0611,0
65.08109,0
65.10109,0
65.12109,0
65.14108,0
65.16108,0
65.18108,0
65.20107,0
65.22107,0
65.24107,0
65.26106,0
65.28106,0
65.30106,0
65.32105,0
65.34105,0
65.36105,0
65.38104,0
65.40104,0
65.42104,0
65.44103,0
65.46103,0
65.48103,0
65.50102,0
65.52102,0
65.54102,0
65.56101,0
65.58101,0
65.60101,0
65.621,0
65.641,0
65.661,0
65.68099,0
65.70099,0
65.72099,0
65.74098,0
65.76098,0
65.78098,0
65.80097,0
65.82097,0
65.84097,0
65.86096,0
65.88096,0
65.90096,0
65.92095,0
65.94095,0
65.96095,0
65.98094,0
66.00094,0
66.02094,0
66.04093,0
66.06093,0
66.08092,0
66.10092,0
66.12092,0
66.14091,0
66.16091,0
66.18091,0
66.2009,0
66.2209,0
66.2409,0
66.26089,0
66.28089,0
66.30089,0
66.32088,0
66.34088,0
66.36088,0
66.38087,0
66.40087,0
66.42087,0
66.44086,0
66.46086,0
66.48086,0
66.50085,0
66.52085,0
66.54085,0
66.56084,0
66.58084,0
66.60084,0
66.62083,0
66.64083,0
66.66083,0
66.68082,0
66.70082,0
66.72082,0
66.74081,0
66.76081,0
66.78081,0
66.8008,0
66.8208,0
66.8408,0
66.86079,0
66.88079,0
66.90079,0
66.92078,0
66.94078,0
66.96078,0
66.98077,0
67.00077,0
67.02077,0
67.04076,0
67.06076,0
67.08076,0
67.10075,0
67.12075,0
67.14075,0
67.16074,0
67.18074,0
67.20074,0
67.22073,0
67.24073,0
67.26073,0
67.28072,0
67.30072,0
67.32072,0
67.34071,0
67.36071,0
67.38071,0
67.4007,0
67.4207,0
67.4407,0
67.46069,0
67.48069,0
67.50069,0
67.52068,0
67.54068,0
67.56068,0
67.58067,0
67.60067,0
67.62067,0
67.64066,0
67.66066,0
67.68066,0
67.70065,0
67.72065,0
67.74065,0
67.76064,0
67.78064,0
67.80064,0
67.82063,0
67.84063,0
67.86063,0
67.88062,0
67.90062,0
67.92062,0
67.94061,0
67.96061,0
67.98061,0
68.0006,0
68.0206,0
68.0406,0
68.06059,0
68.08059,0
68.10059,0
68.12058,0
68.14058,0
68.16058,0
68.18057,0
68.20057,0
68.22057,0
68.24056,0
68.26056,0
68.28056,0
68.30055,0
68.32055,0
68.34055,0
68.36054,0
68.38054,0
68.40054,0
68.42053,0
68.44053,0
68.46053,0
68.48052,0
68.50052,0
68.52052,0
68.54051,0
68.56051,0
68.58051,0
68.6005,0
68.6205,0
68.6405,0
68.66049,0
68.68049,0
68.70049,0
68.72048,0
68.74048,0
68.76048,0
68.78047,0
68.80047,0
68.82047,0
68.84046,0
68.86046,0
68.88046,0
68.90045,0
68.92045,0
68.94044,0
68.96044,0
68.98044,0
69.00043,0
69.02043,0
69.04043,0
69.06042,0
69.08042,0
69.10042,0
69.12041,0
69.14041,0
69.16041,0
69.1804,0
69.2004,0
69.2204,0
69.24039,0
69.26039,0
69.28039,0
69.30038,0
69.32038,0
69.34038,0
69.36037,0
69.38037,0
69.40037,0
69.42036,0
69.44036,0
69.46036,0
69.48035,0
69.50035,0
69.52035,0
69.54034,0
69.56034,0
69.58034,0
69.60033,0
69.62033,0
69.64033,0
69.66032,0
69.68032,0
69.70032,0
69.72031,0
69.74031,0
69.76031,0
69.7803,0
69.8003,0
69.8203,0
69.84029,0
69.86029,0
69.88029,0
69.90028,0
69.92028,0
69.94028,0
69.96027,0
69.98027,0
70.00027,0
70.02026,0
70.04026,0
70.06026,0
70.08025,0
70.10025,0
70.12025,0
70.14024,0
70.16024,0
70.18024,0
70.20023,0
70.22023,0
70.24023,0
70.26022,0
70.28022,0
70.30022,0
70.32021,0
70.34021,0
70.36021,0
70.3802,0
70.4002,0
70.4202,0
70.44019,0
70.46019,0
70.48019,0
70.50018,0
70.52018,0
70.54018,0
70.56017,0
70.58017,0
70.60017,0
70.62016,0
70.64016,0
70.66016,0
70.68015,0
70.70015,0
70.72015,0
70.74014,0
70.76014,0
70.78014,0
70.80013,0
70.82013,0
70.84013,0
70.86012,0
70.88012,0
70.90012,0
70.92011,0
70.94011,0
70.96011,0
70.9801,0
71.0001,0
71.0201,0
71.04009,0
71.06009,0
71.08009,0
71.10008,0
71.12008,0
71.14008,0
71.16007,0
71.18007,0
71.20007,0
71.22006,0
71.24006,0
71.26006,0
71.28005,0
71.30005,0
71.32005,0
71.34004,0
71.36004,0
71.38004,0
71.40003,0
71.42003,0
71.44003,0
71.46002,0
71.48002,0
71.50002,0
71.52001,0
71.54001,0
71.56001,0
71.58,0
71.6,0
71.62,0
71.63999,0
71.65999,0
71.67999,0
71.69998,0
71.71998,0
71.73997,0
71.75997,0
71.77997,0
71.79996,0
71.81996,0
71.83996,0
71.85995,0
71.87995,0
71.89995,0
71.91994,0
71.93994,0
71.95994,0
71.97993,0
71.99993,0
72.01993,0
72.03992,0
72.05992,0
72.07992,0
72.09991,0
72.11991,0
72.13991,0
72.1599,0
72.1799,0
72.1999,0
72.21989,0
72.23989,0
72.25989,0
72.27988,0
72.29988,0
72.31988,0
72.33987,0
72.35987,0
72.37987,0
72.39986,0
72.41986,0
72.43986,0
72.45985,0
72.47985,0
72.49985,0
72.51984,0
72.53984,0
72.55984,0
72.57983,0
72.59983,0
72.61983,0
72.63982,0
72.65982,0
72.67982,0
72.69981,0
72.71981,0
72.73981,0
72.7598,0
72.7798,0
72.7998,0
72.81979,0
72.83979,0
72.85979,0
72.87978,0
72.89978,0
72.91978,0
72.93977,0
72.95977,0
72.97977,0
72.99976,0
73.01976,0
73.03976,0
73.05975,0
73.07975,0
73.09975,0
73.11974,0
73.13974,0
73.15974,0
73.17973,0
73.19973,0
73.21973,0
73.23972,0
73.25972,0
73.27972,0
73.29971,0
73.31971,0
73.33971,0
73.3597,0
73.3797,0
73.3997,0
73.41969,0
73.43969,0
73.45969,0
73.47968,0
73.49968,0
73.51968,0
73.53967,0
73.55967,0
73.57967,0
73.59966,0
73.61966,0
73.63966,0
73.65965,0
73.67965,0
73.69965,0
73.71964,0
73.73964,0
73.75964,0
73.77963,0
73.79963,0
73.81963,0
73.83962,0
73.85962,0
73.87962,0
73.89961,0
73.91961,0
73.93961,0
73.9596,0
73.9796,0
73.9996,0
74.01959,0
74.03959,0
74.05959,0
74.07958,0
74.09958,0
74.11958,0
74.13957,0
74.15957,0
74.17957,0
74.19956,0
74.21956,0
74.23956,0
74.25955,0
74.27955,0
74.29955,0
74.31954,0
74.33954,0
74.35954,0
74.37953,0
74.39953,0
74.41953,0
74.43952,0
74.45952,0
74.47952,0
74.49951,0
74.51951,0
74.53951,0
74.5595,0
74.5795,0
74.59949,0
74.61949,0
74.63949,0
74.65948,0
74.67948,0
74.69948,0
74.71947,0
74.73947,0
74.75947,0
74.77946,0
74.79946,0
74.81946,0
74.83945,0
74.85945,0
74.87945,0
74.89944,0
74.91944,0
74.93944,0
74.95943,0
74.97943,0
74.99943,0
75.01942,0
75.03942,0
75.05942,0
75.07941,0
75.09941,0
75.11941,0
75.1394,0
75.1594,0
75.1794,0
75.19939,0
75.21939,0
75.23939,0
75.25938,0
75.27938,0
75.29938,0
75.31937,0
75.33937,0
75.35937,0
75.37936,0
75.39936,0
75.41936,0
75.43935,0
75.45935,0
75.47935,0
75.49934,0
75.51934,0
75.53934,0
75.55933,0
75.57933,0
75.59933,0
75.61932,0
75.63932,0
75.65932,0
75.67931,0
75.69931,0
75.71931,0
75.7393,0
75.7593,0
75.7793,0
75.79929,0
75.81929,0
75.83929,0
75.85928,0
75.87928,0
75.89928,0
75.91927,0
75.93927,0
75.95927,0
75.97926,0
75.99926,0
76.01926,0
76.03925,0
76.05925,0
76.07925,0
76.09924,0
76.11924,0
76.13924,0
76.15923,0
76.17923,0
76.19923,0
76.21922,0
76.23922,0
76.25922,0
76.27921,0
76.29921,0
76.31921,0
76.3392,0
76.3592,0
76.3792,0
76.39919,0
76.41919,0
76.43919,0
76.45918,0
76.47918,0
76.49918,0
76.51917,0
76.53917,0
76.55917,0
76.57916,0
76.59916,0
76.61916,0
76.63915,0
76.65915,0
76.67915,0
76.69914,0
76.71914,0
76.73914,0
76.75913,0
76.77913,0
76.79913,0
76.81912,0
76.83912,0
76.85912,0
76.87911,0
76.89911,0
76.91911,0
76.9391,0
76.9591,0
76.9791,0
76.99909,0
77.01909,0
77.03909,0
77.05908,0
77.07908,0
77.09908,0
77.11907,0
77.13907,0
77.15907,0
77.17906,0
77.19906,0
77.21906,0
77.23905,0
77.25905,0
77.27905,0
77.29904,0
77.31904,0
77.33904,0
77.35903,0
77.37903,0
77.39902,0
77.41902,0
77.43902,0
77.45901,0
77.47901,0
77.49901,0
77.519,0
77.539,0
77.559,0
77.57899,0
77.59899,0
77.61899,0
77.63898,0
77.65898,0
77.67898,0
77.69897,0
77.71897,0
77.73897,0
77.75896,0
77.77896,0
77.79896,0
77.81895,0
77.83895,0
77.85895,0
77.87894,0
77.89894,0
77.91894,0
77.93893,0
77.95893,0
77.97893,0
77.99892,0
78.01892,0
78.03892,0
78.05891,0
78.07891,0
78.09891,0
78.1189,0
78.1389,0
78.1589,0
78.17889,0
78.19889,0
78.21889,0
78.23888,0
78.25888,0
78.27888,0
78.29887,0
78.31887,0
78.33887,0
78.35886,0
78.37886,0
78.39886,0
78.41885,0
78.43885,0
78.45885,0
78.47884,0
78.49884,0
78.51884,0
78.53883,0
78.55883,0
78.57883,0
78.59882,0
78.61882,0
78.63882,0
78.65881,0
78.67881,0
78.69881,0
78.7188,0
78.7388,0
78.7588,0
78.77879,0
78.79879,0
78.81879,0
78.83878,0
78.85878,0
78.87878,0
78.89877,0
78.91877,0
78.93877,0
78.95876,0
78.97876,0
78.99876,0
79.01875,0
79.03875,0
79.05875,0
79.07874,0
79.09874,0
79.11874,0
79.13873,0
79.15873,0
79.17873,0
79.19872,0
79.21872,0
79.23872,0
79.25871,0
79.27871,0
79.29871,0
79.3187,0
79.3387,0
79.3587,0
79.37869,0
79.39869,0
79.41869,0
79.43868,0
79.45868,0
79.47868,0
79.49867,0
79.51867,0
79.53867,0
79.55866,0
79.57866,0
79.59866,0
79.61865,0
79.63865,0
79.65865,0
79.67864,0
79.69864,0
79.71864,0
79.73863,0
79.75863,0
79.77863,0
79.79862,0
79.81862,0
79.83862,0
79.85861,0
79.87861,0
79.89861,0
79.9186,0
79.9386,0
79.9586,0
79.97859,0
79.99859,0
80.01859,0
80.03858,0
80.05858,0
80.07858,0
80.09857,0
80.11857,0
80.13857,0
80.15856,0
80.17856,0
80.19855,0
80.21855,0
80.23855,0
80.25854,0
80.27854,0
80.29854,0
80.31853,0
80.33853,0
80.35853,0
80.37852,0
80.39852,0
80.41852,0
80.43851,0
80.45851,0
80.47851,0
80.4985,0
80.5185,0
80.5385,0
80.55849,0
80.57849,0
80.59849,0
80.61848,0
80.63848,0
80.65848,0
80.67847,0
80.69847,0
80.71847,0
80.73846,0
80.75846,0
80.77846,0
80.79845,0
80.81845,0
80.83845,0
80.85844,0
80.87844,0
80.89844,0
80.91843,0
80.93843,0
80.95843,0
80.97842,0
80.99842,0
81.01842,0
81.03841,0
81.05841,0
81.07841,0
81.0984,0
81.1184,0
81.1384,0
81.15839,0
81.17839,0
81.19839,0
81.21838,0
81.23838,0
81.25838,0
81.27837,0
81.29837,0
81.31837,0
81.33836,0
81.35836,0
81.37836,0
81.39835,0
81.41835,0
81.43835,0
81.45834,0
81.47834,0
81.49834,0
81.51833,0
81.53833,0
81.55833,0
81.57832,0
81.59832,0
81.61832,0
81.63831,0
81.65831,0
81.67831,0
81.6983,0
81.7183,0
81.7383,0
81.75829,0
81.77829,0
81.79829,0
81.81828,0
81.83828,0
81.85828,0
81.87827,0
81.89827,0
81.91827,0
81.93826,0
81.95826,0
81.97826,0
81.99825,0
82.01825,0
82.03825,0
82.05824,0
82.07824,0
82.09824,0
82.11823,0
82.13823,0
82.15823,0
82.17822,0
82.19822,0
82.21822,0
82.23821,0
82.25821,0
82.27821,0
82.2982,0
82.3182,0
82.3382,0
82.35819,0
82.37819,0
82.39819,0
82.41818,0
82.43818,0
82.45818,0
82.47817,0
82.49817,0
82.51817,0
82.53816,0
82.55816,0
82.57816,0
82.59815,0
82.61815,0
82.63815,0
82.65814,0
82.67814,0
82.69814,0
82.71813,0
82.73813,0
82.75813,0
82.77812,0
82.79812,0
82.81812,0
82.83811,0
82.85811,0
82.87811,0
82.8981,0
82.9181,0
82.9381,0
82.95809,0
82.97809,0
82.99809,0
83.01808,0
83.03808,0
83.05807,0
83.07807,0
83.09807,0
83.11806,0
83.13806,0
83.15806,0
83.17805,0
83.19805,0
83.21805,0
83.23804,0
83.25804,0
83.27804,0
83.29803,0
83.31803,0
83.33803,0
83.35802,0
83.37802,0
83.39802,0
83.41801,0
83.43801,0
83.45801,0
83.478,0
83.498,0
83.518,0
83.53799,0
83.55799,0
83.57799,0
83.59798,0
83.61798,0
83.63798,0
83.65797,0
83.67797,0
83.69797,0
83.71796,0
83.73796,0
83.75796,0
83.77795,0
83.79795,0
83.81795,0
83.83794,0
83.85794,0
83.87794,0
83.89793,0
83.91793,0
83.93793,0
83.95792,0
83.97792,0
83.99792,0
84.01791,0
84.03791,0
84.05791,0
84.0779,0
84.0979,0
84.1179,0
84.13789,0
84.15789,0
84.17789,0
84.19788,0
84.21788,0
84.23788,0
84.25787,0
84.27787,0
84.29787,0
84.31786,0
84.33786,0
84.35786,0
84.37785,0
84.39785,0
84.41785,0
84.43784,0
84.45784,0
84.47784,0
84.49783,0
84.51783,0
84.53783,0
84.55782,0
84.57782,0
84.59782,0
84.61781,0
84.63781,0
84.65781,0
84.6778,0
84.6978,0
84.7178,0
84.73779,0
84.75779,0
84.77779,0
84.79778,0
84.81778,0
84.83778,0
84.85777,0
84.87777,0
84.89777,0
84.91776,0
84.93776,0
84.95776,0
84.97775,0
84.99775,0
85.01775,0
85.03774,0
85.05774,0
85.07774,0
85.09773,0
85.11773,0
85.13773,0
85.15772,0
85.17772,0
85.19772,0
85.21771,0
85.23771,0
85.25771,0
85.2777,0
85.2977,0
85.3177,0
85.33769,0
85.35769,0
85.37769,0
85.39768,0
85.41768,0
85.43768,0
85.45767,0
85.47767,0
85.49767,0
85.51766,0
85.53766,0
85.55766,0
85.57765,0
85.59765,0
85.61765,0
85.63764,0
85.65764,0
85.67764,0
85.69763,0
85.71763,0
85.73763,0
85.75762,0
85.77762,0
85.79762,0
85.81761,0
85.83761,0
85.8576,0
85.8776,0
85.8976,0
85.91759,0
85.93759,0
85.95759,0
85.97758,0
85.99758,0
86.01758,0
86.03757,0
86.05757,0
86.07757,0
86.09756,0
86.11756,0
86.13756,0
86.15755,0
86.17755,0
86.19755,0
86.21754,0
86.23754,0
86.25754,0
86.27753,0
86.29753,0
86.31753,0
86.33752,0
86.35752,0
86.37752,0
86.39751,0
86.41751,0
86.43751,0
86.4575,0
86.4775,0
86.4975,0
86.51749,0
86.53749,0
86.55749,0
86.57748,0
86.59748,0
86.61748,0
86.63747,0
86.65747,0
86.67747,0
86.69746,0
86.71746,0
86.73746,0
86.75745,0
86.77745,0
86.79745,0
86.81744,0
86.83744,0
86.85744,0
86.87743,0
86.89743,0
86.91743,0
86.93742,0
86.95742,0
86.97742,0
86.99741,0
87.01741,0
87.03741,0
87.0574,0
87.0774,0
87.0974,0
87.11739,0
87.13739,0
87.15739,0
87.17738,0
87.19738,0
87.21738,0
87.23737,0
87.25737,0
87.27737,0
87.29736,0
87.31736,0
87.33736,0
87.35735,0
87.37735,0
87.39735,0
87.41734,0
87.43734,0
87.45734,0
87.47733,0
87.49733,0
87.51733,0
87.53732,0
87.55732,0
87.57732,0
87.59731,0
87.61731,0
87.63731,0
87.6573,0
87.6773,0
87.6973,0
87.71729,0
87.73729,0
87.75729,0
87.77728,0
87.79728,0
87.81728,0
87.83727,0
87.85727,0
87.87727,0
87.89726,0
87.91726,0
87.93726,0
87.95725,0
87.97725,0
87.99725,0
88.01724,0
88.03724,0
88.05724,0
88.07723,0
88.09723,0
88.11723,0
88.13722,0
88.15722,0
88.17722,0
88.19721,0
88.21721,0
88.23721,0
88.2572,0
88.2772,0
88.2972,0
88.31719,0
88.33719,0
88.35719,0
88.37718,0
88.39718,0
88.41718,0
88.43717,0
88.45717,0
88.47717,0
88.49716,0
88.51716,0
88.53716,0
88.55715,0
88.57715,0
88.59715,0
88.61714,0
88.63714,0
88.65714,0
88.67713,0
88.69713,0
88.71712,0
88.73712,0
88.75712,0
88.77711,0
88.79711,0
88.81711,0
88.8371,0
88.8571,0
88.8771,0
88.89709,0
88.91709,0
88.93709,0
88.95708,0
88.97708,0
88.99708,0
89.01707,0
89.03707,0
89.05707,0
89.07706,0
89.09706,0
89.11706,0
89.13705,0
89.15705,0
89.17705,0
89.19704,0
89.21704,0
89.23704,0
89.25703,0
89.27703,0
89.29703,0
89.31702,0
89.33702,0
89.35702,0
89.37701,0
89.39701,0
89.41701,0
89.437,0
89.457,0
89.477,0
89.49699,0
89.51699,0
89.53699,0
89.55698,0
89.57698,0
89.59698,0
89.61697,0
89.63697,0
89.65697,0
89.67696,0
89.69696,0
89.71696,0
89.73695,0
89.75695,0
89.77695,0
89.79694,0
89.81694,0
89.83694,0
89.85693,0
89.87693,0
89.89693,0
89.91692,0
89.93692,0
89.95692,0
89.97691,0
89.99691,0
90.01691,0
90.0369,0
90.0569,0
90.0769,0
90.09689,0
90.11689,0
90.13689,0
90.15688,0
90.17688,0
90.19688,0
90.21687,0
90.23687,0
90.25687,0
90.27686,0
90.29686,0
90.31686,0
90.33685,0
90.35685,0
90.37685,0
90.39684,0
90.41684,0
90.43684,0
90.45683,0
90.47683,0
90.49683,0
90.51682,0
90.53682,0
90.55682,0
90.57681,0
90.59681,0
90.61681,0
90.6368,0
90.6568,0
90.6768,0
90.69679,0
90.71679,0
90.73679,0
90.75678,0
90.77678,0
90.79678,0
90.81677,0
90.83677,0
90.85677,0
90.87676,0
90.89676,0
90.91676,0
90.93675,0
90.95675,0
90.97675,0
90.99674,0
91.01674,0
91.03674,0
91.05673,0
91.07673,0
91.09673,0
91.11672,0
91.13672,0
91.15672,0
91.17671,0
91.19671,0
91.21671,0
91.2367,0
91.2567,0
91.2767,0
91.29669,0
91.31669,0
91.33669,0
91.35668,0
91.37668,0
91.39668,0
91.41667,0
91.43667,0
91.45667,0
91.47666,0
91.49666,0
91.51665,0
91.53665,0
91.55665,0
91.57664,0
91.59664,0
91.61664,0
91.63663,0
91.65663,0
91.67663,0
91.69662,0
91.71662,0
91.73662,0
91.75661,0
91.77661,0
91.79661,0
91.8166,0
91.8366,0
91.8566,0
91.87659,0
91.89659,0
91.91659,0
91.93658,0
91.95658,0
91.97658,0
91.99657,0
92.01657,0
92.03657,0
92.05656,0
92.07656,0
92.09656,0
92.11655,0
92.13655,0
92.15655,0
92.17654,0
92.19654,0
92.21654,0
92.23653,0
92.25653,0
92.27653,0
92.29652,0
92.31652,0
92.33652,0
92.35651,0
92.37651,0
92.39651,0
92.4165,0
92.4365,0
92.4565,0
92.47649,0
92.49649,0
92.51649,0
92.53648,0
92.55648,0
92.57648,0
92.59647,0
92.61647,0
92.63647,0
92.65646,0
92.67646,0
92.69646,0
92.71645,0
92.73645,0
92.75645,0
92.77644,0
92.79644,0
92.81644,0
92.83643,0
92.85643,0
92.87643,0
92.89642,0
92.91642,0
92.93642,0
92.95641,0
92.97641,0
92.99641,0
93.0164,0
93.0364,0
93.0564,0
93.07639,0
93.09639,0
93.11639,0
93.13638,0
93.15638,0
93.17638,0
93.19637,0
93.21637,0
93.23637,0
93.25636,0
93.27636,0
93.29636,0
93.31635,0
93.33635,0
93.35635,0
93.37634,0
93.39634,0
93.41634,0
93.43633,0
93.45633,0
93.47633,0
93.49632,0
93.51632,0
93.53632,0
93.55631,0
93.57631,0
93.59631,0
93.6163,0
93.6363,0
93.6563,0
93.67629,0
93.69629,0
93.71629,0
93.73628,0
93.75628,0
93.77628,0
93.79627,0
93.81627,0
93.83627,0
93.85626,0
93.87626,0
93.89626,0
93.91625,0
93.93625,0
93.95625,0
93.97624,0
93.99624,0
94.01624,0
94.03623,0
94.05623,0
94.07623,0
94.09622,0
94.11622,0
94.13622,0
94.15621,0
94.17621,0
94.19621,0
94.2162,0
94.2362,0
94.2562,0
94.27619,0
94.29619,0
94.31618,0
94.33618,0
94.35618,0
94.37617,0
94.39617,0
94.41617,0
94.43616,0
94.45616,0
94.47616,0
94.49615,0
94.51615,0
94.53615,0
94.55614,0
94.57614,0
94.59614,0
94.61613,0
94.63613,0
94.65613,0
94.67612,0
94.69612,0
94.71612,0
94.73611,0
94.75611,0
94.77611,0
94.7961,0
94.8161,0
94.8361,0
94.85609,0
94.87609,0
94.89609,0
94.91608,0
94.93608,0
94.95608,0
94.97607,0
94.99607,0
95.01607,0
95.03606,0
95.05606,0
95.07606,0
95.09605,0
95.11605,0
95.13605,0
95.15604,0
95.17604,0
95.19604,0
95.21603,0
95.23603,0
95.25603,0
95.27602,0
95.29602,0
95.31602,0
95.33601,0
95.35601,0
95.37601,0
95.396,0
95.416,0
95.436,0
95.45599,0
95.47599,0
95.49599,0
95.51598,0
95.53598,0
95.55598,0
95.57597,0
95.59597,0
95.61597,0
95.63596,0
95.65596,0
95.67596,0
95.69595,0
95.71595,0
95.73595,0
95.75594,0
95.77594,0
95.79594,0
95.81593,0
95.83593,0
95.85593,0
95.87592,0
95.89592,0
95.91592,0
95.93591,0
95.95591,0
95.97591,0
95.9959,0
96.0159,0
96.0359,0
96.05589,0
96.07589,0
96.09589,0
96.11588,0
96.13588,0
96.15588,0
96.17587,0
96.19587,0
96.21587,0
96.23586,0
96.25586,0
96.27586,0
96.29585,0
96.31585,0
96.33585,0
96.35584,0
96.37584,0
96.39584,0
96.41583,0
96.43583,0
96.45583,0
96.47582,0
96.49582,0
96.51582,0
96.53581,0
96.55581,0
96.57581,0
96.5958,0
96.6158,0
96.6358,0
96.65579,0
96.67579,0
96.69579,0
96.71578,0
96.73578,0
96.75578,0
96.77577,0
96.79577,0
96.81577,0
96.83576,0
96.85576,0
96.87576,0
96.89575,0
96.91575,0
96.93575,0
96.95574,0
96.97574,0
96.99574,0
97.01573,0
97.03573,0
97.05573,0
97.07572,0
97.09572,0
97.11572,0
97.13571,0
97.15571,0
97.1757,0
97.1957,0
97.2157,0
97.23569,0
97.25569,0
97.27569,0
97.29568,0
97.31568,0
97.33568,0
97.35567,0
97.37567,0
97.39567,0
97.41566,0
97.43566,0
97.45566,0
97.47565,0
97.49565,0
97.51565,0
97.53564,0
97.55564,0
97.57564,0
97.59563,0
97.61563,0
97.63563,0
97.65562,0
97.67562,0
97.69562,0
97.71561,0
97.73561,0
97.75561,0
97.7756,0
97.7956,0
97.8156,0
97.83559,0
97.85559,0
97.87559,0
97.89558,0
97.91558,0
97.93558,0
97.95557,0
97.97557,0
97.99557,0
98.01556,0
98.03556,0
98.05556,0
98.07555,0
98.09555,0
98.11555,0
98.13554,0
98.15554,0
98.17554,0
98.19553,0
98.21553,0
98.23553,0
98.25552,0
98.27552,0
98.29552,0
98.31551,0
98.33551,0
98.35551,0
98.3755,0
98.3955,0
98.4155,0
98.43549,0
98.45549,0
98.47549,0
98.49548,0
98.51548,0
98.53548,0
98.55547,0
98.57547,0
98.59547,0
98.61546,0
98.63546,0
98.65546,0
98.67545,0
98.69545,0
98.71545,0
98.73544,0
98.75544,0
98.77544,0
98.79543,0
98.81543,0
98.83543,0
98.85542,0
98.87542,0
98.89542,0
98.91541,0
98.93541,0
98.95541,0
98.9754,0
98.9954,0
99.0154,0
99.03539,0
99.05539,0
99.07539,0
99.09538,0
99.11538,0
99.13538,0
99.15537,0
99.17537,0
99.19537,0
99.21536,0
99.23536,0
99.25536,0
99.27535,0
99.29535,0
99.31535,0
99.33534,0
99.35534,0
99.37534,0
99.39533,0
99.41533,0
99.43533,0
99.45532,0
99.47532,0
99.49532,0
99.51531,0
99.53531,0
99.55531,0
99.5753,0
99.5953,0
99.6153,0
99.63529,0
99.65529,0
99.67529,0
99.69528,0
99.71528,0
99.73528,0
99.75527,0
99.77527,0
99.79527,0
99.81526,0
99.83526,0
99.85526,0
99.87525,0
99.89525,0
99.91525,0
99.93524,0
99.95524,0
99.97523,0
99.99523,0
100.0152,0
100.0352,0
100.0552,0
100.0752,0
100.0952,0
100.1152,0
100.1352,0
100.1552,0
100.1752,0
100.1952,0
100.2152,0
100.2352,0
100.2552,0
100.2752,0
100.2952,0
100.3152,0
100.3352,0
100.3552,0
100.3752,0
100.3952,0
100.4152,0
100.4352,0
100.4552,0
100.4752,0
100.4951,0
100.5151,0
100.5351,0
100.5551,0
100.5751,0
100.5951,0
100.6151,0
100.6351,0
100.6551,0
100.6751,0
100.6951,0
100.7151,0
100.7351,0
100.7551,0
100.7751,0
100.7951,0
100.8151,0
100.8351,0
100.8551,0
100.8751,0
100.8951,0
100.9151,0
100.9351,0
100.9551,0
100.9751,0
100.9951,0
101.0151,0
101.0351,0
101.0551,0
101.0751,0
101.095,0
101.115,0
101.135,0
101.155,0
101.175,0
101.195,0
101.215,0
101.235,0
101.255,0
101.275,0
101.295,0
101.315,0
101.335,0
101.355,0
101.375,0
101.395,0
101.415,0
101.435,0
101.455,0
101.475,0
101.495,0
101.515,0
101.535,0
101.555,0
101.575,0
101.595,0
101.615,0
101.635,0
101.655,0
101.6749,0
101.6949,0
101.7149,0
101.7349,0
101.7549,0
101.7749,0
101.7949,0
101.8149,0
101.8349,0
101.8549,0
101.8749,0
101.8949,0
101.9149,0
101.9349,0
101.9549,0
101.9749,0
101.9949,0
102.0149,0
102.0349,0
102.0549,0
102.0749,0
102.0949,0
102.1149,0
102.1349,0
102.1549,0
102.1749,0
102.1949,0
102.2149,0
102.2349,0
102.2549,0
102.2748,0
102.2948,0
102.3148,0
102.3348,0
102.3548,0
102.3748,0
102.3948,0
102.4148,0
102.4348,0
102.4548,0
102.4748,0
102.4948,0
102.5148,0
102.5348,0
102.5548,0
102.5748,0
102.5948,0
102.6148,0
102.6348,0
102.6548,0
102.6748,0
102.6948,0
102.7148,0
102.7348,0
102.7548,0
102.7748,0
102.7948,0
102.8148,0
102.8348,0
102.8548,0
102.8747,0
102.8947,0
102.9147,0
102.9347,0
102.9547,0
102.9747,0
102.9947,0
103.0147,0
103.0347,0
103.0547,0
103.0747,0
103.0947,0
103.1147,0
103.1347,0
103.1547,0
103.1747,0
103.1947,0
103.2147,0
103.2347,0
103.2547,0
103.2747,0
103.2947,0
103.3147,0
103.3347,0
103.3547,0
103.3747,0
103.3947,0
103.4147,0
103.4347,0
103.4547,0
103.4746,0
103.4946,0
103.5146,0
103.5346,0
103.5546,0
103.5746,0
103.5946,0
103.6146,0
103.6346,0
103.6546,0
103.6746,0
103.6946,0
103.7146,0
103.7346,0
103.7546,0
103.7746,0
103.7946,0
103.8146,0
103.8346,0
103.8546,0
103.8746,0
103.8946,0
103.9146,0
103.9346,0
103.9546,0
103.9746,0
103.9946,0
104.0146,0
104.0346,0
104.0546,0
104.0745,0
104.0945,0
104.1145,0
104.1345,0
104.1545,0
104.1745,0
104.1945,0
104.2145,0
104.2345,0
104.2545,0
104.2745,0
104.2945,0
104.3145,0
104.3345,0
104.3545,0
104.3745,0
104.3945,0
104.4145,0
104.4345,0
104.4545,0
104.4745,0
104.4945,0
104.5145,0
104.5345,0
104.5545,0
104.5745,0
104.5945,0
104.6145,0
104.6345,0
104.6544,0
104.6744,0
104.6944,0
104.7144,0
104.7344,0
104.7544,0
104.7744,0
104.7944,0
104.8144,0
104.8344,0
104.8544,0
104.8744,0
104.8944,0
104.9144,0
104.9344,0
104.9544,0
104.9744,0
104.9944,0
105.0144,0
105.0344,0
105.0544,0
105.0744,0
105.0944,0
105.1144,0
105.1344,0
105.1544,0
105.1744,0
105.1944,0
105.2144,0
105.2344,0
105.2543,0
105.2743,0
105.2943,0
105.3143,0
105.3343,0
105.3543,0
105.3743,0
105.3943,0
105.4143,0
105.4343,0
105.4543,0
105.4743,0
105.4943,0
105.5143,0
105.5343,0
105.5543,0
105.5743,0
105.5943,0
105.6143,0
105.6343,0
105.6543,0
105.6743,0
105.6943,0
105.7143,0
105.7343,0
105.7543,0
105.7743,0
105.7943,0
105.8143,0
105.8343,0
105.8542,0
105.8742,0
105.8942,0
105.9142,0
105.9342,0
105.9542,0
105.9742,0
105.9942,0
106.0142,0
106.0342,0
106.0542,0
106.0742,0
106.0942,0
106.1142,0
106.1342,0
106.1542,0
106.1742,0
106.1942,0
106.2142,0
106.2342,0
106.2542,0
106.2742,0
106.2942,0
106.3142,0
106.3342,0
106.3542,0
106.3742,0
106.3942,0
106.4142,0
106.4342,0
106.4541,0
106.4741,0
106.4941,0
106.5141,0
106.5341,0
106.5541,0
106.5741,0
106.5941,0
106.6141,0
106.6341,0
106.6541,0
106.6741,0
106.6941,0
106.7141,0
106.7341,0
106.7541,0
106.7741,0
106.7941,0
106.8141,0
106.8341,0
106.8541,0
106.8741,0
106.8941,0
106.9141,0
106.9341,0
106.9541,0
106.9741,0
106.9941,0
107.0141,0
107.034,0
107.054,0
107.074,0
107.094,0
107.114,0
107.134,0
107.154,0
107.174,0
107.194,0
107.214,0
107.234,0
107.254,0
107.274,0
107.294,0
107.314,0
107.334,0
107.354,0
107.374,0
107.394,0
107.414,0
107.434,0
107.454,0
107.474,0
107.494,0
107.514,0
107.534,0
107.554,0
107.574,0
107.594,0
107.614,0
107.6339,0
107.6539,0
107.6739,0
107.6939,0
107.7139,0
107.7339,0
107.7539,0
107.7739,0
107.7939,0
107.8139,0
107.8339,0
107.8539,0
107.8739,0
107.8939,0
107.9139,0
107.9339,0
107.9539,0
107.9739,0
107.9939,0
108.0139,0
108.0339,0
108.0539,0
108.0739,0
108.0939,0
108.1139,0
108.1339,0
108.1539,0
108.1739,0
108.1939,0
108.2139,0
108.2338,0
108.2538,0
108.2738,0
108.2938,0
108.3138,0
108.3338,0
108.3538,0
108.3738,0
108.3938,0
108.4138,0
108.4338,0
108.4538,0
108.4738,0
108.4938,0
108.5138,0
108.5338,0
108.5538,0
108.5738,0
108.5938,0
108.6138,0
108.6338,0
108.6538,0
108.6738,0
108.6938,0
108.7138,0
108.7338,0
108.7538,0
108.7738,0
108.7938,0
108.8138,0
108.8337,0
108.8537,0
108.8737,0
108.8937,0
108.9137,0
108.9337,0
108.9537,0
108.9737,0
108.9937,0
109.0137,0
109.0337,0
109.0537,0
109.0737,0
109.0937,0
109.1137,0
109.1337,0
109.1537,0
109.1737,0
109.1937,0
109.2137,0
109.2337,0
109.2537,0
109.2737,0
109.2937,0
109.3137,0
109.3337,0
109.3537,0
109.3737,0
109.3937,0
109.4137,0
109.4336,0
109.4536,0
109.4736,0
109.4936,0
109.5136,0
109.5336,0
109.5536,0
109.5736,0
109.5936,0
109.6136,0
109.6336,0
109.6536,0
109.6736,0
109.6936,0
109.7136,0
109.7336,0
109.7536,0
109.7736,0
109.7936,0
109.8136,0
109.8336,0
109.8536,0
109.8736,0
109.8936,0
109.9136,0
109.9336,0
109.9536,0
109.9736,0
109.9936,0
110.0135,0
110.0335,0
110.0535,0
110.0735,0
110.0935,0
110.1135,0
110.1335,0
110.1535,0
110.1735,0
110.1935,0
110.2135,0
110.2335,0
110.2535,0
110.2735,0
110.2935,0
110.3135,0
110.3335,0
110.3535,0
110.3735,0
110.3935,0
110.4135,0
110.4335,0
110.4535,0
110.4735,0
110.4935,0
110.5135,0
110.5335,0
110.5535,0
110.5735,0
110.5935,0
110.6134,0
110.6334,0
110.6534,0
110.6734,0
110.6934,0
110.7134,0
110.7334,0
110.7534,0
110.7734,0
110.7934,0
110.8134,0
110.8334,0
110.8534,0
110.8734,0
110.8934,0
110.9134,0
110.9334,0
110.9534,0
110.9734,0
110.9934,0
111.0134,0
111.0334,0
111.0534,0
111.0734,0
111.0934,0
111.1134,0
111.1334,0
111.1534,0
111.1734,0
111.1934,0
111.2133,0
111.2333,0
111.2533,0
111.2733,0
111.2933,0
111.3133,0
111.3333,0
111.3533,0
111.3733,0
111.3933,0
111.4133,0
111.4333,0
111.4533,0
111.4733,0
111.4933,0
111.5133,0
111.5333,0
111.5533,0
111.5733,0
111.5933,0
111.6133,0
111.6333,0
111.6533,0
111.6733,0
111.6933,0
111.7133,0
111.7333,0
111.7533,0
111.7733,0
111.7933,0
111.8132,0
111.8332,0
111.8532,0
111.8732,0
111.8932,0
111.9132,0
111.9332,0
111.9532,0
111.9732,0
111.9932,0
112.0132,0
112.0332,0
112.0532,0
112.0732,0
112.0932,0
112.1132,0
112.1332,0
112.1532,0
112.1732,0
112.1932,0
112.2132,0
112.2332,0
112.2532,0
112.2732,0
112.2932,0
112.3132,0
112.3332,0
112.3532,0
112.3732,0
112.3932,0
112.4131,0
112.4331,0
112.4531,0
112.4731,0
112.4931,0
112.5131,0
112.5331,0
112.5531,0
112.5731,0
112.5931,0
112.6131,0
112.6331,0
112.6531,0
112.6731,0
112.6931,0
112.7131,0
112.7331,0
112.7531,0
112.7731,0
112.7931,0
112.8131,0
112.8331,0
112.8531,0
112.8731,0
112.8931,0
112.9131,0
112.9331,0
112.9531,0
112.9731,0
112.993,0
113.013,0
113.033,0
113.053,0
113.073,0
113.093,0
113.113,0
113.133,0
113.153,0
113.173,0
113.193,0
113.213,0
113.233,0
113.253,0
113.273,0
113.293,0
113.313,0
113.333,0
113.353,0
113.373,0
113.393,0
113.413,0
113.433,0
113.453,0
113.473,0
113.493,0
113.513,0
113.533,0
113.553,0
113.573,0
113.5929,0
113.6129,0
113.6329,0
113.6529,0
113.6729,0
113.6929,0
113.7129,0
113.7329,0
113.7529,0
113.7729,0
113.7929,0
113.8129,0
113.8329,0
113.8529,0
113.8729,0
113.8929,0
113.9129,0
113.9329,0
113.9529,0
113.9729,0
113.9929,0
114.0129,0
114.0329,0
114.0529,0
114.0729,0
114.0929,0
114.1129,0
114.1329,0
114.1529,0
114.1729,0
114.1928,0
114.2128,0
114.2328,0
114.2528,0
114.2728,0
114.2928,0
114.3128,0
114.3328,0
114.3528,0
114.3728,0
114.3928,0
114.4128,0
114.4328,0
114.4528,0
114.4728,0
114.4928,0
114.5128,0
114.5328,0
114.5528,0
114.5728,0
114.5928,0
114.6128,0
114.6328,0
114.6528,0
114.6728,0
114.6928,0
114.7128,0
114.7328,0
114.7528,0
114.7728,0
114.7927,0
114.8127,0
114.8327,0
114.8527,0
114.8727,0
114.8927,0
114.9127,0
114.9327,0
114.9527,0
114.9727,0
114.9927,0
115.0127,0
115.0327,0
115.0527,0
115.0727,0
115.0927,0
115.1127,0
115.1327,0
115.1527,0
115.1727,0
115.1927,0
115.2127,0
115.2327,0
115.2527,0
115.2727,0
115.2927,0
115.3127,0
115.3327,0
115.3527,0
115.3727,0
115.3926,0
115.4126,0
115.4326,0
115.4526,0
115.4726,0
115.4926,0
115.5126,0
115.5326,0
115.5526,0
115.5726,0
115.5926,0
115.6126,0
115.6326,0
115.6526,0
115.6726,0
115.6926,0
115.7126,0
115.7326,0
115.7526,0
115.7726,0
115.7926,0
115.8126,0
115.8326,0
115.8526,0
115.8726,0
115.8926,0
115.9126,0
115.9326,0
115.9526,0
115.9725,0
115.9925,0
116.0125,0
116.0325,0
116.0525,0
116.0725,0
116.0925,0
116.1125,0
116.1325,0
116.1525,0
116.1725,0
116.1925,0
116.2125,0
116.2325,0
116.2525,0
116.2725,0
116.2925,0
116.3125,0
116.3325,0
116.3525,0
116.3725,0
116.3925,0
116.4125,0
116.4325,0
116.4525,0
116.4725,0
116.4925,0
116.5125,0
116.5325,0
116.5525,0
116.5724,0
116.5924,0
116.6124,0
116.6324,0
116.6524,0
116.6724,0
116.6924,0
116.7124,0
116.7324,0
116.7524,0
116.7724,0
116.7924,0
116.8124,0
116.8324,0
116.8524,0
116.8724,0
116.8924,0
116.9124,0
116.9324,0
116.9524,0
116.9724,0
116.9924,0
117.0124,0
117.0324,0
117.0524,0
117.0724,0
117.0924,0
117.1124,0
117.1324,0
117.1524,0
117.1723,0
117.1923,0
117.2123,0
117.2323,0
117.2523,0
117.2723,0
117.2923,0
117.3123,0
117.3323,0
117.3523,0
117.3723,0
117.3923,0
117.4123,0
117.4323,0
117.4523,0
117.4723,0
117.4923,0
117.5123,0
117.5323,0
117.5523,0
117.5723,0
117.5923,0
117.6123,0
117.6323,0
117.6523,0
117.6723,0
117.6923,0
117.7123,0
117.7323,0
117.7523,0
117.7722,0
117.7922,0
117.8122,0
117.8322,0
117.8522,0
117.8722,0
117.8922,0
117.9122,0
117.9322,0
117.9522,0
117.9722,0
117.9922,0
118.0122,0
118.0322,0
118.0522,0
118.0722,0
118.0922,0
118.1122,0
118.1322,0
118.1522,0
118.1722,0
118.1922,0
118.2122,0
118.2322,0
118.2522,0
118.2722,0
118.2922,0
118.3122,0
118.3322,0
118.3521,0
118.3721,0
118.3921,0
118.4121,0
118.4321,0
118.4521,0
118.4721,0
118.4921,0
118.5121,0
118.5321,0
118.5521,0
118.5721,0
118.5921,0
118.6121,0
118.6321,0
118.6521,0
118.6721,0
118.6921,0
118.7121,0
118.7321,0
118.7521,0
118.7721,0
118.7921,0
118.8121,0
118.8321,0
118.8521,0
118.8721,0
118.8921,0
118.9121,0
118.9321,0
118.952,0
118.972,0
118.992,0
119.012,0
119.032,0
119.052,0
119.072,0
119.092,0
119.112,0
119.132,0
119.152,0
119.172,0
119.192,0
119.212,0
119.232,0
119.252,0
119.272,0
119.292,0
119.312,0
119.332,0
119.352,0
119.372,0
119.392,0
119.412,0
119.432,0
119.452,0
119.472,0
119.492,0
119.512,0
119.532,0
119.5519,0
119.5719,0
119.5919,0
119.6119,0
119.6319,0
119.6519,0
119.6719,0
119.6919,0
119.7119,0
119.7319,0
119.7519,0
119.7719,0
119.7919,0
119.8119,0
119.8319,0
119.8519,0
119.8719,0
119.8919,0
119.9119,0
119.9319,0
119.9519,0
119.9719,0
119.9919,0
120.0119,0
120.0319,0
120.0519,0
120.0719,0
120.0919,0
120.1119,0
120.1319,0
120.1518,0
120.1718,0
120.1918,0
120.2118,0
120.2318,0
120.2518,0
120.2718,0
120.2918,0
120.3118,0
120.3318,0
120.3518,0
120.3718,0
120.3918,0
120.4118,0
120.4318,0
120.4518,0
120.4718,0
120.4918,0
120.5118,0
120.5318,0
120.5518,0
120.5718,0
120.5918,0
120.6118,0
120.6318,0
120.6518,0
120.6718,0
120.6918,0
120.7118,0
120.7318,0
120.7517,0
120.7717,0
120.7917,0
120.8117,0
120.8317,0
120.8517,0
120.8717,0
120.8917,0
120.9117,0
120.9317,0
120.9517,0
120.9717,0
120.9917,0
121.0117,0
121.0317,0
121.0517,0
121.0717,0
121.0917,0
121.1117,0
121.1317,0
121.1517,0
121.1717,0
121.1917,0
121.2117,0
121.2317,0
121.2517,0
121.2717,0
121.2917,0
121.3117,0
121.3316,0
121.3516,0
121.3716,0
121.3916,0
121.4116,0
121.4316,0
121.4516,0
121.4716,0
121.4916,0
121.5116,0
121.5316,0
121.5516,0
121.5716,0
121.5916,0
121.6116,0
121.6316,0
121.6516,0
121.6716,0
121.6916,0
121.7116,0
121.7316,0
121.7516,0
121.7716,0
121.7916,0
121.8116,0
121.8316,0
121.8516,0
121.8716,0
121.8916,0
121.9116,0
121.9315,0
121.9515,0
121.9715,0
121.9915,0
122.0115,0
122.0315,0
122.0515,0
122.0715,0
122.0915,0
122.1115,0
122.1315,0
122.1515,0
122.1715,0
122.1915,0
122.2115,0
122.2315,0
122.2515,0
122.2715,0
122.2915,0
122.3115,0
122.3315,0
122.3515,0
122.3715,0
122.3915,0
122.4115,0
122.4315,0
122.4515,0
122.4715,0
122.4915,0
122.5115,0
122.5314,0
122.5514,0
122.5714,0
122.5914,0
122.6114,0
122.6314,0
122.6514,0
122.6714,0
122.6914,0
122.7114,0
122.7314,0
122.7514,0
122.7714,0
122.7914,0
122.8114,0
122.8314,0
122.8514,0
122.8714,0
122.8914,0
122.9114,0
122.9314,0
122.9514,0
122.9714,0
122.9914,0
123.0114,0
123.0314,0
123.0514,0
123.0714,0
123.0914,0
123.1114,0
123.1313,0
123.1513,0
123.1713,0
123.1913,0
123.2113,0
123.2313,0
123.2513,0
123.2713,0
123.2913,0
123.3113,0
123.3313,0
123.3513,0
123.3713,0
123.3913,0
123.4113,0
123.4313,0
123.4513,0
123.4713,0
123.4913,0
123.5113,0
123.5313,0
123.5513,0
123.5713,0
123.5913,0
123.6113,0
123.6313,0
123.6513,0
123.6713,0
123.6913,0
123.7113,0
123.7312,0
123.7512,0
123.7712,0
123.7912,0
123.8112,0
123.8312,0
123.8512,0
123.8712,0
123.8912,0
123.9112,0
123.9312,0
123.9512,0
123.9712,0
123.9912,0
124.0112,0
124.0312,0
124.0512,0
124.0712,0
124.0912,0
124.1112,0
124.1312,0
124.1512,0
124.1712,0
124.1912,0
124.2112,0
124.2312,0
124.2512,0
124.2712,0
124.2912,0
124.3111,0
124.3311,0
124.3511,0
124.3711,0
124.3911,0
124.4111,0
124.4311,0
124.4511,0
124.4711,0
124.4911,0
124.5111,0
124.5311,0
124.5511,0
124.5711,0
124.5911,0
124.6111,0
124.6311,0
124.6511,0
124.6711,0
124.6911,0
124.7111,0
124.7311,0
124.7511,0
124.7711,0
124.7911,0
124.8111,0
124.8311,0
124.8511,0
124.8711,0
124.8911,0
124.911,0
124.931,0
124.951,0
124.971,0
124.991,0
125.011,0
125.031,0
125.051,0
125.071,0
125.091,0
125.111,0
125.131,0
125.151,0
125.171,0
125.191,0
125.211,0
125.231,0
125.251,0
125.271,0
125.291,0
125.311,0
125.331,0
125.351,0
125.371,0
125.391,0
125.411,0
125.431,0
125.451,0
125.471,0
125.491,0
125.5109,0
125.5309,0
125.5509,0
125.5709,0
125.5909,0
125.6109,0
125.6309,0
125.6509,0
125.6709,0
125.6909,0
125.7109,0
125.7309,0
125.7509,0
125.7709,0
125.7909,0
125.8109,0
125.8309,0
125.8509,0
125.8709,0
125.8909,0
125.9109,0
125.9309,0
125.9509,0
125.9709,0
125.9909,0
126.0109,0
126.0309,0
126.0509,0
126.0709,0
126.0909,0
126.1108,0
126.1308,0
126.1508,0
126.1708,0
126.1908,0
126.2108,0
126.2308,0
126.2508,0
126.2708,0
126.2908,0
126.3108,0
126.3308,0
126.3508,0
126.3708,0
126.3908,0
126.4108,0
126.4308,0
126.4508,0
126.4708,0
126.4908,0
126.5108,0
126.5308,0
126.5508,0
126.5708,0
126.5908,0
126.6108,0
126.6308,0
126.6508,0
126.6708,0
126.6908,0
126.7107,0
126.7307,0
126.7507,0
126.7707,0
126.7907,0
126.8107,0
126.8307,0
126.8507,0
126.8707,0
126.8907,0
126.9107,0
126.9307,0
126.9507,0
126.9707,0
126.9907,0
127.0107,0
127.0307,0
127.0507,0
127.0707,0
127.0907,0
127.1107,0
127.1307,0
127.1507,0
127.1707,0
127.1907,0
127.2107,0
127.2307,0
127.2507,0
127.2707,0
127.2906,0
127.3106,0
127.3306,0
127.3506,0
127.3706,0
127.3906,0
127.4106,0
127.4306,0
127.4506,0
127.4706,0
127.4906,0
127.5106,0
127.5306,0
127.5506,0
127.5706,0
127.5906,0
127.6106,0
127.6306,0
127.6506,0
127.6706,0
127.6906,0
127.7106,0
127.7306,0
127.7506,0
127.7706,0
127.7906,0
127.8106,0
127.8306,0
127.8506,0
127.8706,0
127.8905,0
127.9105,0
127.9305,0
127.9505,0
127.9705,0
127.9905,0
128.0105,0
128.0305,0
128.0505,0
128.0705,0
128.0905,0
128.1105,0
128.1306,0
128.1506,0
128.1706,0
128.1906,0
128.2106,0
128.2306,0
128.2506,0
128.2706,0
128.2906,0
128.3106,0
128.3306,0
128.3506,0
128.3706,0
128.3906,0
128.4106,0
128.4306,0
128.4506,0
128.4706,0
128.4906,0
128.5106,0
128.5306,0
128.5506,0
128.5706,0
128.5907,0
128.6107,0
128.6307,0
128.6507,0
128.6707,0
128.6907,0
128.7107,0
128.7307,0
128.7507,0
128.7707,0
128.7907,0
128.8107,0
128.8307,0
128.8507,0
128.8707,0
128.8907,0
128.9107,0
128.9307,0
128.9507,0
128.9707,0
128.9907,0
129.0107,0
129.0307,0
129.0508,0
129.0708,0
129.0908,0
129.1108,0
129.1308,0
129.1508,0
129.1708,0
129.1908,0
129.2108,0
129.2308,0
129.2508,0
129.2708,0
129.2908,0
129.3108,0
129.3308,0
129.3508,0
129.3708,0
129.3908,0
129.4108,0
129.4308,0
129.4508,0
129.4708,0
129.4908,0
129.5108,0
129.5309,0
129.5509,0
129.5709,0
129.5909,0
129.6109,0
129.6309,0
129.6509,0
129.6709,0
129.6909,0
129.7109,0
129.7309,0
129.7509,0
129.7709,0
129.7909,0
129.8109,0
129.8309,0
129.8509,0
129.8709,0
129.8909,0
129.9109,0
129.9309,0
129.9509,0
129.9709,0
129.991,0
130.011,0
130.031,0
130.051,0
130.071,0
130.091,0
130.111,0
130.131,0
130.151,0
130.171,0
130.191,0
130.211,0
130.231,0
130.251,0
130.271,0
130.291,0
130.311,0
130.331,0
130.351,0
130.371,0
130.391,0
130.411,0
130.431,0
130.451,0
130.4711,0
130.4911,0
130.5111,0
130.5311,0
130.5511,0
130.5711,0
130.5911,0
130.6111,0
130.6311,0
130.6511,0
130.6711,0
130.6911,0
130.7111,0
130.7311,0
130.7511,0
130.7711,0
130.7911,0
130.8111,0
130.8311,0
130.8511,0
130.8711,0
130.8911,0
130.9111,0
130.9312,0
130.9512,0
130.9712,0
130.9912,0
131.0112,0
131.0312,0
131.0512,0
131.0712,0
131.0912,0
131.1112,0
131.1312,0
131.1512,0
131.1712,0
131.1912,0
131.2112,0
131.2312,0
131.2512,0
131.2712,0
131.2912,0
131.3112,0
131.3312,0
131.3512,0
131.3712,0
131.3913,0
131.4113,0
131.4313,0
131.4513,0
131.4713,0
131.4913,0
131.5113,0
131.5313,0
131.5513,0
131.5713,0
131.5913,0
131.6113,0
131.6313,0
131.6513,0
131.6713,0
131.6913,0
131.7113,0
131.7313,0
131.7513,0
131.7713,0
131.7913,0
131.8113,0
131.8313,0
131.8513,0
131.8714,0
131.8914,0
131.9114,0
131.9314,0
131.9514,0
131.9714,0
131.9914,0
132.0114,0
132.0314,0
132.0514,0
132.0714,0
132.0914,0
132.1114,0
132.1314,0
132.1514,0
132.1714,0
132.1914,0
132.2114,0
132.2314,0
132.2514,0
132.2714,0
132.2914,0
132.3114,0
132.3315,0
132.3515,0
132.3715,0
132.3915,0
132.4115,0
132.4315,0
132.4515,0
132.4715,0
132.4915,0
132.5115,0
132.5315,0
132.5515,0
132.5715,0
132.5915,0
132.6115,0
132.6315,0
132.6515,0
132.6715,0
132.6915,0
132.7115,0
132.7315,0
132.7515,0
132.7715,0
132.7915,0
132.8116,0
132.8316,0
132.8516,0
132.8716,0
132.8916,0
132.9116,0
132.9316,0
132.9516,0
132.9716,0
132.9916,0
133.0116,0
133.0316,0
133.0516,0
133.0716,0
133.0916,0
133.1116,0
133.1316,0
133.1516,0
133.1716,0
133.1916,0
133.2116,0
133.2316,0
133.2516,0
133.2717,0
133.2917,0
133.3117,0
133.3317,0
133.3517,0
133.3717,0
133.3917,0
133.4117,0
133.4317,0
133.4517,0
133.4717,0
133.4917,0
133.5117,0
133.5317,0
133.5517,0
133.5717,0
133.5917,0
133.6117,0
133.6317,0
133.6517,0
133.6717,0
133.6917,0
133.7117,0
133.7318,0
133.7518,0
133.7718,0
133.7918,0
133.8118,0
133.8318,0
133.8518,0
133.8718,0
133.8918,0
133.9118,0
133.9318,0
133.9518,0
133.9718,0
133.9918,0
134.0118,0
134.0318,0
134.0518,0
134.0718,0
134.0918,0
134.1118,0
134.1318,0
134.1518,0
134.1718,0
134.1918,0
134.2119,0
134.2319,0
134.2519,0
134.2719,0
134.2919,0
134.3119,0
134.3319,0
134.3519,0
134.3719,0
134.3919,0
134.4119,0
134.4319,0
134.4519,0
134.4719,0
134.4919,0
134.5119,0
134.5319,0.004807692
134.5519,0.004807692
134.5719,0.004807692
134.5919,0.004807692
134.6119,0.004807692
134.6319,0.004807692
134.6519,0.004807692
134.672,0.004807692
134.692,0.004807692
134.712,0.004807692
134.732,0.004807692
134.752,0.004807692
134.772,0.004807692
134.792,0.004807692
134.812,0.004807692
134.832,0.004807692
134.852,0.004807692
134.872,0.004807692
134.892,0.004807692
134.912,0.004807692
134.932,0.004807692
134.952,0.004807692
134.972,0.004807692
134.992,0.004807692
135.012,0.004807692
135.032,0.004807692
135.052,0.004807692
135.072,0.004807692
135.092,0.004807692
135.112,0.004807692
135.132,0.004807692
135.1521,0.004807692
135.1721,0.004807692
135.1921,0.004807692
135.2121,0.004807692
135.2321,0.004807692
135.2521,0.004807692
135.2721,0.004807692
135.2921,0.004807692
135.3121,0.004807692
135.3321,0.004807692
135.3521,0.004807692
135.3721,0.004807692
135.3921,0.004807692
135.4121,0.004807692
135.4321,0.004807692
135.4521,0.004807692
135.4721,0.004807692
135.4921,0.004807692
135.5121,0.004807692
135.5321,0.004807692
135.5521,0.004807692
135.5721,0.004807692
135.5921,0.004807692
135.6122,0.004807692
135.6322,0.004807692
135.6522,0.004807692
135.6722,0.004807692
135.6922,0.004807692
135.7122,0.004807692
135.7322,0.004807692
135.7522,0.004807692
135.7722,0.004807692
135.7922,0.004807692
135.8122,0.004807692
135.8322,0.004807692
135.8522,0.004807692
135.8722,0.004807692
135.8922,0.004807692
135.9122,0.004807692
135.9322,0.004807692
135.9522,0.004807692
135.9722,0.004807692
135.9922,0.004807692
136.0122,0.004807692
136.0322,0.004807692
136.0522,0.004807692
136.0723,0.004807692
136.0923,0.004807692
136.1123,0.004807692
136.1323,0.004807692
136.1523,0.004807692
136.1723,0.004807692
136.1923,0.004807692
136.2123,0.004807692
136.2323,0.004807692
136.2523,0.004807692
136.2723,0.004807692
136.2923,0.004807692
136.3123,0.004807692
136.3323,0.004807692
136.3523,0.004807692
136.3723,0.004807692
136.3923,0.004807692
136.4123,0.004807692
136.4323,0.004807692
136.4523,0.004807692
136.4723,0.004807692
136.4923,0.004807692
136.5123,0.004807692
136.5323,0.004807692
136.5524,0.004807692
136.5724,0.004807692
136.5924,0.004807692
136.6124,0.004807692
136.6324,0.004807692
136.6524,0.004807692
136.6724,0.004807692
136.6924,0.004807692
136.7124,0.004807692
136.7324,0.004807692
136.7524,0.004807692
136.7724,0.004807692
136.7924,0.004807692
136.8124,0.004807692
136.8324,0.004807692
136.8524,0.004807692
136.8724,0.004807692
136.8924,0.004807692
136.9124,0.004807692
136.9324,0.004807692
136.9524,0.004807692
136.9724,0.004807692
136.9924,0.004807692
137.0125,0.004807692
137.0325,0.004807692
137.0525,0.004807692
137.0725,0.004807692
137.0925,0.004807692
137.1125,0.004807692
137.1325,0.004807692
137.1525,0.004807692
137.1725,0.004807692
137.1925,0.004807692
137.2125,0.004807692
137.2325,0.009615385
137.2525,0.009615385
137.2725,0.009615385
137.2925,0.009615385
137.3125,0.009615385
137.3325,0.009615385
137.3525,0.009615385
137.3725,0.009615385
137.3925,0.009615385
137.4125,0.009615385
137.4325,0.009615385
137.4525,0.009615385
137.4725,0.009615385
137.4926,0.009615385
137.5126,0.009615385
137.5326,0.009615385
137.5526,0.009615385
137.5726,0.009615385
137.5926,0.009615385
137.6126,0.009615385
137.6326,0.009615385
137.6526,0.009615385
137.6726,0.009615385
137.6926,0.009615385
137.7126,0.009615385
137.7326,0.009615385
137.7526,0.009615385
137.7726,0.009615385
137.7926,0.009615385
137.8126,0.009615385
137.8326,0.009615385
137.8526,0.009615385
137.8726,0.009615385
137.8926,0.009615385
137.9126,0.009615385
137.9326,0.009615385
137.9527,0.009615385
137.9727,0.009615385
137.9927,0.009615385
138.0127,0.009615385
138.0327,0.009615385
138.0527,0.009615385
138.0727,0.009615385
138.0927,0.009615385
138.1127,0.009615385
138.1327,0.009615385
138.1527,0.009615385
138.1727,0.009615385
138.1927,0.009615385
138.2127,0.009615385
138.2327,0.009615385
138.2527,0.009615385
138.2727,0.009615385
138.2927,0.009615385
138.3127,0.009615385
138.3327,0.009615385
138.3527,0.009615385
138.3727,0.009615385
138.3927,0.009615385
138.4128,0.009615385
138.4328,0.009615385
138.4528,0.009615385
138.4728,0.009615385
138.4928,0.009615385
138.5128,0.009615385
138.5328,0.009615385
138.5528,0.009615385
138.5728,0.009615385
138.5928,0.009615385
138.6128,0.009615385
138.6328,0.009615385
138.6528,0.009615385
138.6728,0.009615385
138.6928,0.009615385
138.7128,0.009615385
138.7328,0.009615385
138.7528,0.009615385
138.7728,0.009615385
138.7928,0.009615385
138.8128,0.009615385
138.8328,0.009615385
138.8528,0.009615385
138.8728,0.009615385
138.8929,0.009615385
138.9129,0.009615385
138.9329,0.009615385
138.9529,0.009615385
138.9729,0.009615385
138.9929,0.009615385
139.0129,0.009615385
139.0329,0.009615385
139.0529,0.009615385
139.0729,0.009615385
139.0929,0.009615385
139.1129,0.009615385
139.1329,0.009615385
139.1529,0.009615385
139.1729,0.009615385
139.1929,0.009615385
139.2129,0.009615385
139.2329,0.009615385
139.2529,0.009615385
139.2729,0.009615385
139.2929,0.009615385
139.3129,0.009615385
139.3329,0.009615385
139.353,0.009615385
139.373,0.009615385
139.393,0.009615385
139.413,0.009615385
139.433,0.009615385
139.453,0.009615385
139.473,0.009615385
139.493,0.009615385
139.513,0.009615385
139.533,0.009615385
139.553,0.009615385
139.573,0.009615385
139.593,0.009615385
139.613,0.009615385
139.633,0.009615385
139.653,0.009615385
139.673,0.009615385
139.693,0.009615385
139.713,0.009615385
139.733,0.009615385
139.753,0.009615385
139.773,0.009615385
139.793,0.009615385
139.813,0.009615385
139.8331,0.009615385
139.8531,0.009615385
139.8731,0.009615385
139.8931,0.009615385
139.9131,0.009615385
139.9331,0.009615385
139.9531,0.009615385
139.9731,0.009615385
139.9931,0.009615385
140.0131,0.009615385
140.0331,0.009615385
140.0531,0.009615385
140.0731,0.009615385
140.0931,0.009615385
140.1131,0.009615385
140.1331,0.009615385
140.1531,0.009615385
140.1731,0.01442308
140.1931,0.01442308
140.2131,0.01442308
140.2331,0.01442308
140.2531,0.01442308
140.2731,0.01442308
140.2932,0.01442308
140.3132,0.01442308
140.3332,0.01442308
140.3532,0.01442308
140.3732,0.01442308
140.3932,0.01442308
140.4132,0.01442308
140.4332,0.01442308
140.4532,0.01442308
140.4732,0.01442308
140.4932,0.01442308
140.5132,0.01442308
140.5332,0.01442308
140.5532,0.01442308
140.5732,0.01442308
140.5932,0.01442308
140.6132,0.01442308
140.6332,0.01442308
140.6532,0.01442308
140.6732,0.01442308
140.6932,0.01442308
140.7132,0.01442308
140.7332,0.01442308
140.7533,0.01442308
140.7733,0.01442308
140.7933,0.01442308
140.8133,0.01442308
140.8333,0.01442308
140.8533,0.01442308
140.8733,0.01442308
140.8933,0.01442308
140.9133,0.01442308
140.9333,0.01442308
140.9533,0.01442308
140.9733,0.01442308
140.9933,0.01442308
141.0133,0.01442308
141.0333,0.01442308
141.0533,0.01442308
141.0733,0.01442308
141.0933,0.01442308
141.1133,0.01442308
141.1333,0.01442308
141.1533,0.01442308
141.1733,0.01442308
141.1933,0.01442308
141.2133,0.01442308
141.2334,0.01442308
141.2534,0.01442308
141.2734,0.01442308
141.2934,0.01442308
141.3134,0.01442308
141.3334,0.01442308
141.3534,0.01442308
141.3734,0.01442308
141.3934,0.01442308
141.4134,0.01442308
141.4334,0.01442308
141.4534,0.01442308
141.4734,0.01442308
141.4934,0.01442308
141.5134,0.01442308
141.5334,0.01442308
141.5534,0.01442308
141.5734,0.01442308
141.5934,0.01442308
141.6134,0.01442308
141.6334,0.01442308
141.6534,0.01442308
141.6734,0.01442308
141.6935,0.01442308
141.7135,0.01442308
141.7335,0.01442308
141.7535,0.01442308
141.7735,0.01442308
141.7935,0.01442308
141.8135,0.01442308
141.8335,0.01442308
141.8535,0.01442308
141.8735,0.01442308
141.8935,0.01442308
141.9135,0.01442308
141.9335,0.01442308
141.9535,0.01442308
141.9735,0.01442308
141.9935,0.01442308
142.0135,0.01442308
142.0335,0.01442308
142.0535,0.01442308
142.0735,0.01442308
142.0935,0.01442308
142.1135,0.01442308
142.1335,0.01442308
142.1535,0.01442308
142.1736,0.01442308
142.1936,0.01442308
142.2136,0.01442308
142.2336,0.01442308
142.2536,0.01442308
142.2736,0.01442308
142.2936,0.01442308
142.3136,0.01442308
142.3336,0.01442308
142.3536,0.01442308
142.3736,0.01442308
142.3936,0.01442308
142.4136,0.01442308
142.4336,0.01442308
142.4536,0.01442308
142.4736,0.01442308
142.4936,0.01442308
142.5136,0.01442308
142.5336,0.01442308
142.5536,0.01442308
142.5736,0.01442308
142.5936,0.01442308
142.6136,0.01442308
142.6337,0.01442308
142.6537,0.01442308
142.6737,0.01442308
142.6937,0.01442308
142.7137,0.01442308
142.7337,0.01442308
142.7537,0.01442308
142.7737,0.01442308
142.7937,0.01442308
142.8137,0.01442308
142.8337,0.01442308
142.8537,0.01442308
142.8737,0.01442308
142.8937,0.01442308
142.9137,0.01442308
142.9337,0.01442308
142.9537,0.01442308
142.9737,0.01442308
142.9937,0.01442308
143.0137,0.01442308
143.0337,0.01442308
143.0537,0.01442308
143.0737,0.01442308
143.0938,0.01442308
143.1138,0.01442308
143.1338,0.01442308
143.1538,0.01442308
143.1738,0.01442308
143.1938,0.01442308
143.2138,0.01442308
143.2338,0.01442308
143.2538,0.01442308
143.2738,0.01442308
143.2938,0.01442308
143.3138,0.01442308
143.3338,0.01442308
143.3538,0.01442308
143.3738,0.01442308
143.3938,0.01442308
143.4138,0.01442308
143.4338,0.01442308
143.4538,0.01442308
143.4738,0.01442308
143.4938,0.01442308
143.5138,0.01442308
143.5338,0.01442308
143.5538,0.01442308
143.5739,0.01442308
143.5939,0.01442308
143.6139,0.01442308
143.6339,0.01442308
143.6539,0.01442308
143.6739,0.01442308
143.6939,0.01442308
143.7139,0.01442308
143.7339,0.01442308
143.7539,0.01442308
143.7739,0.01442308
143.7939,0.01442308
143.8139,0.01442308
143.8339,0.01442308
143.8539,0.01442308
143.8739,0.01442308
143.8939,0.01442308
143.9139,0.01442308
143.9339,0.01442308
143.9539,0.01442308
143.9739,0.01442308
143.9939,0.01442308
144.0139,0.01442308
144.034,0.01442308
144.054,0.01442308
144.074,0.01442308
144.094,0.01442308
144.114,0.01442308
144.134,0.01442308
144.154,0.01442308
144.174,0.01442308
144.194,0.01442308
144.214,0.01442308
144.234,0.01442308
144.254,0.01442308
144.274,0.01442308
144.294,0.01442308
144.314,0.01442308
144.334,0.01442308
144.354,0.01442308
144.374,0.01442308
144.394,0.01442308
144.414,0.01442308
144.434,0.01442308
144.454,0.01442308
144.474,0.01442308
144.494,0.01442308
144.5141,0.01442308
144.5341,0.01442308
144.5541,0.01442308
144.5741,0.01442308
144.5941,0.01442308
144.6141,0.01442308
144.6341,0.01442308
144.6541,0.01442308
144.6741,0.01442308
144.6941,0.01442308
144.7141,0.01442308
144.7341,0.01442308
144.7541,0.01442308
144.7741,0.01442308
144.7941,0.01442308
144.8141,0.01442308
144.8341,0.01442308
144.8541,0.01442308
144.8741,0.01442308
144.8941,0.01442308
144.9141,0.01442308
144.9341,0.01442308
144.9541,0.01442308
144.9742,0.01442308
144.9942,0.01442308
145.0142,0.01442308
145.0342,0.01442308
145.0542,0.01442308
145.0742,0.01442308
145.0942,0.01442308
145.1142,0.01442308
145.1342,0.01442308
145.1542,0.01442308
145.1742,0.01442308
145.1942,0.01442308
145.2142,0.01442308
145.2342,0.01442308
145.2542,0.01442308
145.2742,0.01442308
145.2942,0.01442308
145.3142,0.01442308
145.3342,0.01442308
145.3542,0.01442308
145.3742,0.01442308
145.3942,0.01442308
145.4142,0.01442308
145.4342,0.01442308
145.4543,0.01442308
145.4743,0.01442308
145.4943,0.01442308
145.5143,0.01442308
145.5343,0.01442308
145.5543,0.01442308
145.5743,0.01442308
145.5943,0.01442308
145.6143,0.01442308
145.6343,0.01442308
145.6543,0.01442308
145.6743,0.01442308
145.6943,0.01442308
145.7143,0.01442308
145.7343,0.01442308
145.7543,0.01442308
145.7743,0.01442308
145.7943,0.01442308
145.8143,0.01442308
145.8343,0.01442308
145.8543,0.01442308
145.8743,0.01442308
145.8943,0.01442308
145.9144,0.01442308
145.9344,0.01442308
145.9544,0.01442308
145.9744,0.01442308
145.9944,0.01442308
146.0144,0.01442308
146.0344,0.01442308
146.0544,0.01442308
146.0744,0.01442308
146.0944,0.01442308
146.1144,0.01442308
146.1344,0.01442308
146.1544,0.01442308
146.1744,0.01442308
146.1944,0.01442308
146.2144,0.01442308
146.2344,0.01442308
146.2544,0.01442308
146.2744,0.01442308
146.2944,0.01442308
146.3144,0.01442308
146.3344,0.01442308
146.3544,0.01442308
146.3745,0.01442308
146.3945,0.01442308
146.4145,0.01442308
146.4345,0.01442308
146.4545,0.01442308
146.4745,0.01442308
146.4945,0.01442308
146.5145,0.01442308
146.5345,0.01442308
146.5545,0.01442308
146.5745,0.01442308
146.5945,0.01442308
146.6145,0.01442308
146.6345,0.01442308
146.6545,0.01442308
146.6745,0.01442308
146.6945,0.01442308
146.7145,0.01442308
146.7345,0.01442308
146.7545,0.01442308
146.7745,0.01442308
146.7945,0.01442308
146.8145,0.01442308
146.8345,0.01442308
146.8546,0.01442308
146.8746,0.01923077
146.8946,0.01923077
146.9146,0.01923077
146.9346,0.01923077
146.9546,0.01923077
146.9746,0.01923077
146.9946,0.01923077
147.0146,0.01923077
147.0346,0.01923077
147.0546,0.01923077
147.0746,0.01923077
147.0946,0.01923077
147.1146,0.01923077
147.1346,0.01923077
147.1546,0.01923077
147.1746,0.01923077
147.1946,0.01923077
147.2146,0.01923077
147.2346,0.01923077
147.2546,0.01923077
147.2746,0.01923077
147.2946,0.01923077
147.3147,0.01923077
147.3347,0.01923077
147.3547,0.01923077
147.3747,0.01923077
147.3947,0.01923077
147.4147,0.01923077
147.4347,0.01923077
147.4547,0.01923077
147.4747,0.01923077
147.4947,0.01923077
147.5147,0.01923077
147.5347,0.01923077
147.5547,0.01923077
147.5747,0.01923077
147.5947,0.01923077
147.6147,0.01923077
147.6347,0.01923077
147.6547,0.01923077
147.6747,0.01923077
147.6947,0.01923077
147.7147,0.01923077
147.7347,0.01923077
147.7547,0.01923077
147.7747,0.01923077
147.7948,0.01923077
147.8148,0.01923077
147.8348,0.01923077
147.8548,0.01923077
147.8748,0.01923077
147.8948,0.01923077
147.9148,0.01923077
147.9348,0.01923077
147.9548,0.01923077
147.9748,0.01923077
147.9948,0.01923077
148.0148,0.01923077
148.0348,0.01923077
148.0548,0.01923077
148.0748,0.01923077
148.0948,0.01923077
148.1148,0.01923077
148.1348,0.01923077
148.1548,0.01923077
148.1748,0.01923077
148.1948,0.01923077
148.2148,0.01923077
148.2348,0.01923077
148.2549,0.01923077
148.2749,0.01923077
148.2949,0.01923077
148.3149,0.01923077
148.3349,0.01923077
148.3549,0.01923077
148.3749,0.01923077
148.3949,0.01923077
148.4149,0.01923077
148.4349,0.01923077
148.4549,0.01923077
148.4749,0.01923077
148.4949,0.01923077
148.5149,0.01923077
148.5349,0.01923077
148.5549,0.01923077
148.5749,0.01923077
148.5949,0.01923077
148.6149,0.01923077
148.6349,0.01923077
148.6549,0.01923077
148.6749,0.01923077
148.6949,0.01923077
148.715,0.01923077
148.735,0.01923077
148.755,0.01923077
148.775,0.01923077
148.795,0.01923077
148.815,0.01923077
148.835,0.01923077
148.855,0.01923077
148.875,0.01923077
148.895,0.01923077
148.915,0.01923077
148.935,0.01923077
148.955,0.01923077
148.975,0.01923077
148.995,0.01923077
149.015,0.01923077
149.035,0.01923077
149.055,0.01923077
149.075,0.01923077
149.095,0.01923077
149.115,0.01923077
149.135,0.01923077
149.155,0.01923077
149.175,0.01923077
149.1951,0.01923077
149.2151,0.01923077
149.2351,0.01923077
149.2551,0.01923077
149.2751,0.01923077
149.2951,0.01923077
149.3151,0.01923077
149.3351,0.01923077
149.3551,0.01923077
149.3751,0.01923077
149.3951,0.01923077
149.4151,0.01923077
149.4351,0.01923077
149.4551,0.01923077
149.4751,0.01923077
149.4951,0.01923077
149.5151,0.01923077
149.5351,0.01923077
149.5551,0.01923077
149.5751,0.01923077
149.5951,0.01923077
149.6151,0.01923077
149.6351,0.01923077
149.6552,0.01923077
149.6752,0.01923077
149.6952,0.01923077
149.7152,0.01923077
149.7352,0.01923077
149.7552,0.01923077
149.7752,0.01923077
149.7952,0.01923077
149.8152,0.01923077
149.8352,0.01923077
149.8552,0.01923077
149.8752,0.01923077
149.8952,0.01923077
149.9152,0.01923077
149.9352,0.01923077
149.9552,0.01923077
149.9752,0.01923077
149.9952,0.01923077
150.0152,0.01923077
150.0352,0.01923077
150.0552,0.01923077
150.0752,0.01923077
150.0952,0.01923077
150.1152,0.01923077
150.1353,0.01923077
150.1553,0.01923077
150.1753,0.01923077
150.1953,0.01923077
150.2153,0.01923077
150.2353,0.01923077
150.2553,0.01923077
150.2753,0.01923077
150.2953,0.01923077
150.3153,0.01923077
150.3353,0.01923077
150.3553,0.01923077
150.3753,0.01923077
150.3953,0.01923077
150.4153,0.01923077
150.4353,0.01923077
150.4553,0.01923077
150.4753,0.01923077
150.4953,0.01923077
150.5153,0.01923077
150.5353,0.01923077
150.5553,0.01923077
150.5753,0.01923077
150.5954,0.01923077
150.6154,0.01923077
150.6354,0.01923077
150.6554,0.01923077
150.6754,0.01923077
150.6954,0.01923077
150.7154,0.01923077
150.7354,0.01923077
150.7554,0.01923077
150.7754,0.01923077
150.7954,0.01923077
150.8154,0.01923077
150.8354,0.01923077
150.8554,0.01923077
150.8754,0.01923077
150.8954,0.01923077
150.9154,0.01923077
150.9354,0.01923077
150.9554,0.01923077
150.9754,0.01923077
150.9954,0.01923077
151.0154,0.01923077
151.0354,0.01923077
151.0555,0.01923077
151.0755,0.01923077
151.0955,0.01923077
151.1155,0.01923077
151.1355,0.01923077
151.1555,0.01923077
151.1755,0.01923077
151.1955,0.01923077
151.2155,0.01923077
151.2355,0.01923077
151.2555,0.01923077
151.2755,0.01923077
151.2955,0.01923077
151.3155,0.01923077
151.3355,0.01923077
151.3555,0.01923077
151.3755,0.01923077
151.3955,0.01923077
151.4155,0.01923077
151.4355,0.01923077
151.4555,0.01923077
151.4755,0.01923077
151.4955,0.01923077
151.5155,0.01923077
151.5356,0.01923077
151.5556,0.01923077
151.5756,0.01923077
151.5956,0.01923077
151.6156,0.01923077
151.6356,0.01923077
151.6556,0.01923077
151.6756,0.01923077
151.6956,0.01923077
151.7156,0.01923077
151.7356,0.01923077
151.7556,0.01923077
151.7756,0.01923077
151.7956,0.01923077
151.8156,0.01923077
151.8356,0.01923077
151.8556,0.01923077
151.8756,0.01923077
151.8956,0.01923077
151.9156,0.01923077
151.9356,0.01923077
151.9556,0.01923077
151.9756,0.01923077
151.9957,0.01923077
152.0157,0.01923077
152.0357,0.01923077
152.0557,0.01923077
152.0757,0.01923077
152.0957,0.01923077
152.1157,0.01923077
152.1357,0.01923077
152.1557,0.01923077
152.1757,0.01923077
152.1957,0.01923077
152.2157,0.01923077
152.2357,0.01923077
152.2557,0.01923077
152.2757,0.01923077
152.2957,0.01923077
152.3157,0.01923077
152.3357,0.01923077
152.3557,0.01923077
152.3757,0.01923077
152.3957,0.01923077
152.4157,0.01923077
152.4357,0.01923077
152.4557,0.01923077
152.4758,0.01923077
152.4958,0.01923077
152.5158,0.01923077
152.5358,0.01923077
152.5558,0.01923077
152.5758,0.01923077
152.5958,0.01923077
152.6158,0.01923077
152.6358,0.01923077
152.6558,0.01923077
152.6758,0.01923077
152.6958,0.01923077
152.7158,0.01923077
152.7358,0.01923077
152.7558,0.01923077
152.7758,0.01923077
152.7958,0.01923077
152.8158,0.01923077
152.8358,0.01923077
152.8558,0.01923077
152.8758,0.01923077
152.8958,0.01923077
152.9158,0.01923077
152.9359,0.01923077
152.9559,0.01923077
152.9759,0.01923077
152.9959,0.01923077
153.0159,0.01923077
153.0359,0.01923077
153.0559,0.01923077
153.0759,0.01923077
153.0959,0.01923077
153.1159,0.01923077
153.1359,0.01923077
153.1559,0.01923077
153.1759,0.01923077
153.1959,0.01923077
153.2159,0.01923077
153.2359,0.01923077
153.2559,0.01923077
153.2759,0.01923077
153.2959,0.01923077
153.3159,0.01923077
153.3359,0.01923077
153.3559,0.01923077
153.3759,0.01923077
153.396,0.01923077
153.416,0.01923077
153.436,0.01923077
153.456,0.01923077
153.476,0.01923077
153.496,0.01923077
153.516,0.01923077
153.536,0.01923077
153.556,0.01923077
153.576,0.01923077
153.596,0.01923077
153.616,0.01923077
153.636,0.01923077
153.656,0.01923077
153.676,0.01923077
153.696,0.01923077
153.716,0.01923077
153.736,0.01923077
153.756,0.01923077
153.776,0.01923077
153.796,0.01923077
153.816,0.01923077
153.836,0.01923077
153.856,0.01923077
153.8761,0.01923077
153.8961,0.01923077
153.9161,0.01923077
153.9361,0.01923077
153.9561,0.01923077
153.9761,0.01923077
153.9961,0.01923077
154.0161,0.01923077
154.0361,0.01923077
154.0561,0.01923077
154.0761,0.01923077
154.0961,0.01923077
154.1161,0.01923077
154.1361,0.01923077
154.1561,0.01923077
154.1761,0.01923077
154.1961,0.01923077
154.2161,0.01923077
154.2361,0.01923077
154.2561,0.01923077
154.2761,0.01923077
154.2961,0.01923077
154.3161,0.01923077
154.3362,0.01923077
154.3562,0.01923077
154.3762,0.01923077
154.3962,0.01923077
154.4162,0.01923077
154.4362,0.01923077
154.4562,0.01923077
154.4762,0.01923077
154.4962,0.01923077
154.5162,0.01923077
154.5362,0.01923077
154.5562,0.01923077
154.5762,0.01923077
154.5962,0.01923077
154.6162,0.01923077
154.6362,0.01923077
154.6562,0.01923077
154.6762,0.01923077
154.6962,0.01923077
154.7162,0.01923077
154.7362,0.01923077
154.7562,0.01923077
154.7762,0.01923077
154.7962,0.01923077
154.8163,0.01923077
154.8363,0.01923077
154.8563,0.01923077
154.8763,0.01923077
154.8963,0.01923077
154.9163,0.01923077
154.9363,0.01923077
154.9563,0.01923077
154.9763,0.01923077
154.9963,0.01923077
155.0163,0.01923077
155.0363,0.01923077
155.0563,0.01923077
155.0763,0.01923077
155.0963,0.01923077
155.1163,0.01923077
155.1363,0.01923077
155.1563,0.01923077
155.1763,0.01923077
155.1963,0.01923077
155.2163,0.01923077
155.2363,0.01923077
155.2563,0.01923077
155.2764,0.01923077
155.2964,0.01923077
155.3164,0.01923077
155.3364,0.01923077
155.3564,0.01923077
155.3764,0.01923077
155.3964,0.01923077
155.4164,0.01923077
155.4364,0.01923077
155.4564,0.01923077
155.4764,0.01923077
155.4964,0.01923077
155.5164,0.01923077
155.5364,0.01923077
155.5564,0.01923077
155.5764,0.01923077
155.5964,0.01923077
155.6164,0.01923077
155.6364,0.01923077
155.6564,0.01923077
155.6764,0.01923077
155.6964,0.01923077
155.7164,0.02403846
155.7365,0.02403846
155.7565,0.02403846
155.7765,0.02403846
155.7965,0.02403846
155.8165,0.02403846
155.8365,0.02403846
155.8565,0.02403846
155.8765,0.02403846
155.8965,0.02403846
155.9165,0.02403846
155.9365,0.02403846
155.9565,0.02403846
155.9765,0.02403846
155.9965,0.02403846
156.0165,0.02403846
156.0365,0.02403846
156.0565,0.02403846
156.0765,0.02403846
156.0965,0.02403846
156.1165,0.02403846
156.1365,0.02403846
156.1565,0.02403846
156.1765,0.02403846
156.1965,0.02403846
156.2166,0.02403846
156.2366,0.02403846
156.2566,0.02403846
156.2766,0.02403846
156.2966,0.02403846
156.3166,0.02403846
156.3366,0.02403846
156.3566,0.02403846
156.3766,0.02403846
156.3966,0.02403846
156.4166,0.02403846
156.4366,0.02403846
156.4566,0.02403846
156.4766,0.02403846
156.4966,0.02403846
156.5166,0.02403846
156.5366,0.02403846
156.5566,0.02403846
156.5766,0.02403846
156.5966,0.02403846
156.6166,0.02403846
156.6366,0.02403846
156.6566,0.02403846
156.6767,0.02403846
156.6967,0.02403846
156.7167,0.02403846
156.7367,0.02403846
156.7567,0.02403846
156.7767,0.02403846
156.7967,0.02403846
156.8167,0.02403846
156.8367,0.02403846
156.8567,0.02403846
156.8767,0.02403846
156.8967,0.02403846
156.9167,0.02403846
156.9367,0.02403846
156.9567,0.02403846
156.9767,0.02403846
156.9967,0.02403846
157.0167,0.02403846
157.0367,0.02403846
157.0567,0.02403846
157.0767,0.02403846
157.0967,0.02884615
157.1167,0.02884615
157.1367,0.02884615
157.1568,0.02884615
157.1768,0.02884615
157.1968,0.02884615
157.2168,0.02884615
157.2368,0.02884615
157.2568,0.02884615
157.2768,0.02884615
157.2968,0.02884615
157.3168,0.02884615
157.3368,0.02884615
157.3568,0.02884615
157.3768,0.02884615
157.3968,0.02884615
157.4168,0.02884615
157.4368,0.02884615
157.4568,0.02884615
157.4768,0.02884615
157.4968,0.02884615
157.5168,0.02884615
157.5368,0.02884615
157.5568,0.02884615
157.5768,0.02884615
157.5968,0.02884615
157.6169,0.02884615
157.6369,0.02884615
157.6569,0.02884615
157.6769,0.02884615
157.6969,0.02884615
157.7169,0.02884615
157.7369,0.02884615
157.7569,0.02884615
157.7769,0.02884615
157.7969,0.02884615
157.8169,0.02884615
157.8369,0.02884615
157.8569,0.02884615
157.8769,0.02884615
157.8969,0.02884615
157.9169,0.02884615
157.9369,0.02884615
157.9569,0.02884615
157.9769,0.02884615
157.9969,0.02884615
158.0169,0.02884615
158.0369,0.02884615
158.0569,0.02884615
158.077,0.02884615
158.097,0.02884615
158.117,0.02884615
158.137,0.02884615
158.157,0.02884615
158.177,0.02884615
158.197,0.02884615
158.217,0.02884615
158.237,0.02884615
158.257,0.02884615
158.277,0.02884615
158.297,0.02884615
158.317,0.02884615
158.337,0.02884615
158.357,0.02884615
158.377,0.02884615
158.397,0.02884615
158.417,0.02884615
158.437,0.02884615
158.457,0.02884615
158.477,0.02884615
158.497,0.03846154
158.517,0.03846154
158.537,0.03846154
158.5571,0.03846154
158.5771,0.03846154
158.5971,0.03846154
158.6171,0.03846154
158.6371,0.03846154
158.6571,0.03846154
158.6771,0.03846154
158.6971,0.03846154
158.7171,0.03846154
158.7371,0.03846154
158.7571,0.03846154
158.7771,0.03846154
158.7971,0.03846154
158.8171,0.03846154
158.8371,0.03846154
158.8571,0.03846154
158.8771,0.03846154
158.8971,0.03846154
158.9171,0.03846154
158.9371,0.03846154
158.9571,0.03846154
158.9771,0.03846154
158.9971,0.03846154
159.0172,0.03846154
159.0372,0.03846154
159.0572,0.03846154
159.0772,0.03846154
159.0972,0.03846154
159.1172,0.03846154
159.1372,0.03846154
159.1572,0.03846154
159.1772,0.03846154
159.1972,0.03846154
159.2172,0.03846154
159.2372,0.03846154
159.2572,0.03846154
159.2772,0.03846154
159.2972,0.03846154
159.3172,0.03846154
159.3372,0.03846154
159.3572,0.03846154
159.3772,0.03846154
159.3972,0.03846154
159.4172,0.03846154
159.4372,0.03846154
159.4572,0.03846154
159.4772,0.03846154
159.4973,0.03846154
159.5173,0.03846154
159.5373,0.03846154
159.5573,0.03846154
159.5773,0.03846154
159.5973,0.03846154
159.6173,0.03846154
159.6373,0.03846154
159.6573,0.03846154
159.6773,0.03846154
159.6973,0.03846154
159.7173,0.03846154
159.7373,0.03846154
159.7573,0.03846154
159.7773,0.03846154
159.7973,0.03846154
159.8173,0.03846154
159.8373,0.03846154
159.8573,0.03846154
159.8773,0.04807692
159.8973,0.04807692
159.9173,0.04807692
159.9373,0.04807692
159.9574,0.04807692
159.9774,0.04807692
159.9974,0.04807692
160.0174,0.04807692
160.0374,0.04807692
160.0574,0.04807692
160.0774,0.04807692
160.0974,0.04807692
160.1174,0.04807692
160.1374,0.04807692
160.1574,0.04807692
160.1774,0.04807692
160.1974,0.04807692
160.2174,0.04807692
160.2374,0.04807692
160.2574,0.04807692
160.2774,0.04807692
160.2974,0.04807692
160.3174,0.04807692
160.3374,0.04807692
160.3574,0.04807692
160.3774,0.04807692
160.3974,0.04807692
160.4174,0.04807692
160.4375,0.04807692
160.4575,0.04807692
160.4775,0.04807692
160.4975,0.04807692
160.5175,0.04807692
160.5375,0.04807692
160.5575,0.04807692
160.5775,0.04807692
160.5975,0.04807692
160.6175,0.04807692
160.6375,0.04807692
160.6575,0.04807692
160.6775,0.04807692
160.6975,0.04807692
160.7175,0.04807692
160.7375,0.04807692
160.7575,0.04807692
160.7775,0.04807692
160.7975,0.04807692
160.8175,0.04807692
160.8375,0.04807692
160.8575,0.04807692
160.8775,0.04807692
160.8976,0.04807692
160.9176,0.04807692
160.9376,0.04807692
160.9576,0.04807692
160.9776,0.04807692
160.9976,0.04807692
161.0176,0.04807692
161.0376,0.04807692
161.0576,0.04807692
161.0776,0.04807692
161.0976,0.04807692
161.1176,0.04807692
161.1376,0.04807692
161.1576,0.04807692
161.1776,0.04807692
161.1976,0.04807692
161.2176,0.04807692
161.2376,0.04807692
161.2576,0.04807692
161.2776,0.04807692
161.2976,0.04807692
161.3176,0.04807692
161.3376,0.04807692
161.3577,0.04807692
161.3777,0.04807692
161.3977,0.04807692
161.4177,0.04807692
161.4377,0.04807692
161.4577,0.05288462
161.4777,0.05288462
161.4977,0.05288462
161.5177,0.05288462
161.5377,0.05288462
161.5577,0.05288462
161.5777,0.05288462
161.5977,0.05288462
161.6177,0.05288462
161.6377,0.05288462
161.6577,0.05288462
161.6777,0.05288462
161.6977,0.05288462
161.7177,0.05288462
161.7377,0.05288462
161.7577,0.05288462
161.7777,0.05288462
161.7977,0.05288462
161.8177,0.05288462
161.8378,0.05288462
161.8578,0.05288462
161.8778,0.05288462
161.8978,0.05288462
161.9178,0.05288462
161.9378,0.05288462
161.9578,0.05288462
161.9778,0.05288462
161.9978,0.05288462
162.0178,0.05288462
162.0378,0.05288462
162.0578,0.05288462
162.0778,0.05288462
162.0978,0.05288462
162.1178,0.05288462
162.1378,0.05288462
162.1578,0.05288462
162.1778,0.05288462
162.1978,0.05288462
162.2178,0.05288462
162.2378,0.05288462
162.2578,0.05288462
162.2778,0.05288462
162.2979,0.05288462
162.3179,0.05288462
162.3379,0.05288462
162.3579,0.05288462
162.3779,0.05288462
162.3979,0.05288462
162.4179,0.05288462
162.4379,0.05288462
162.4579,0.05288462
162.4779,0.05288462
162.4979,0.05288462
162.5179,0.05288462
162.5379,0.05288462
162.5579,0.05288462
162.5779,0.05288462
162.5979,0.05288462
162.6179,0.05288462
162.6379,0.05288462
162.6579,0.05288462
162.6779,0.05288462
162.6979,0.05288462
162.7179,0.05288462
162.7379,0.05288462
162.7579,0.05288462
162.778,0.05288462
162.798,0.05288462
162.818,0.05288462
162.838,0.05288462
162.858,0.05288462
162.878,0.05288462
162.898,0.05288462
162.918,0.05288462
162.938,0.05288462
162.958,0.05288462
162.978,0.05288462
162.998,0.05288462
163.018,0.05288462
163.038,0.05288462
163.058,0.05288462
163.078,0.05288462
163.098,0.05288462
163.118,0.05288462
163.138,0.05288462
163.158,0.05288462
163.178,0.05288462
163.198,0.05288462
163.218,0.05288462
163.2381,0.05288462
163.2581,0.05288462
163.2781,0.05288462
163.2981,0.05288462
163.3181,0.05288462
163.3381,0.05288462
163.3581,0.05288462
163.3781,0.05288462
163.3981,0.05288462
163.4181,0.05288462
163.4381,0.05288462
163.4581,0.05288462
163.4781,0.05288462
163.4981,0.05288462
163.5181,0.05288462
163.5381,0.05288462
163.5581,0.05288462
163.5781,0.05288462
163.5981,0.05288462
163.6181,0.05288462
163.6381,0.05288462
163.6581,0.05288462
163.6781,0.05288462
163.6982,0.05288462
163.7182,0.05288462
163.7382,0.05288462
163.7582,0.05288462
163.7782,0.05288462
163.7982,0.05288462
163.8182,0.05288462
163.8382,0.05288462
163.8582,0.05288462
163.8782,0.05288462
163.8982,0.05288462
163.9182,0.05288462
163.9382,0.05288462
163.9582,0.05288462
163.9782,0.05288462
163.9982,0.05288462
164.0182,0.05288462
164.0382,0.05288462
164.0582,0.05288462
164.0782,0.05288462
164.0982,0.05288462
164.1182,0.05288462
164.1382,0.05288462
164.1582,0.05288462
164.1783,0.05288462
164.1983,0.05288462
164.2183,0.05288462
164.2383,0.05288462
164.2583,0.05288462
164.2783,0.05288462
164.2983,0.05288462
164.3183,0.05288462
164.3383,0.05288462
164.3583,0.05288462
164.3783,0.05288462
164.3983,0.05288462
164.4183,0.05288462
164.4383,0.05288462
164.4583,0.05288462
164.4783,0.05288462
164.4983,0.05288462
164.5183,0.05288462
164.5383,0.05288462
164.5583,0.05288462
164.5783,0.05288462
164.5983,0.05288462
164.6183,0.05288462
164.6384,0.05288462
164.6584,0.05288462
164.6784,0.05288462
164.6984,0.05288462
164.7184,0.05288462
164.7384,0.05288462
164.7584,0.05288462
164.7784,0.05288462
164.7984,0.05288462
164.8184,0.05288462
164.8384,0.05288462
164.8584,0.05288462
164.8784,0.05288462
164.8984,0.05288462
164.9184,0.05288462
164.9384,0.05288462
164.9584,0.05288462
164.9784,0.05288462
164.9984,0.05769231
165.0184,0.05769231
165.0384,0.05769231
165.0584,0.05769231
165.0784,0.05769231
165.0984,0.05769231
165.1185,0.05769231
165.1385,0.05769231
165.1585,0.05769231
165.1785,0.05769231
165.1985,0.05769231
165.2185,0.05769231
165.2385,0.05769231
165.2585,0.05769231
165.2785,0.05769231
165.2985,0.05769231
165.3185,0.05769231
165.3385,0.05769231
165.3585,0.05769231
165.3785,0.05769231
165.3985,0.05769231
165.4185,0.05769231
165.4385,0.05769231
165.4585,0.05769231
165.4785,0.05769231
165.4985,0.05769231
165.5185,0.05769231
165.5385,0.05769231
165.5585,0.05769231
165.5786,0.05769231
165.5986,0.05769231
165.6186,0.05769231
165.6386,0.05769231
165.6586,0.05769231
165.6786,0.05769231
165.6986,0.05769231
165.7186,0.05769231
165.7386,0.05769231
165.7586,0.05769231
165.7786,0.05769231
165.7986,0.05769231
165.8186,0.05769231
165.8386,0.05769231
165.8586,0.05769231
165.8786,0.05769231
165.8986,0.05769231
165.9186,0.05769231
165.9386,0.05769231
165.9586,0.05769231
165.9786,0.05769231
165.9986,0.05769231
166.0186,0.05769231
166.0387,0.05769231
166.0587,0.05769231
166.0787,0.05769231
166.0987,0.05769231
166.1187,0.05769231
166.1387,0.05769231
166.1587,0.05769231
166.1787,0.05769231
166.1987,0.05769231
166.2187,0.05769231
166.2387,0.05769231
166.2587,0.05769231
166.2787,0.05769231
166.2987,0.05769231
166.3187,0.05769231
166.3387,0.05769231
166.3587,0.05769231
166.3787,0.05769231
166.3987,0.05769231
166.4187,0.05769231
166.4387,0.05769231
166.4587,0.05769231
166.4787,0.05769231
166.4987,0.05769231
166.5188,0.05769231
166.5388,0.05769231
166.5588,0.05769231
166.5788,0.05769231
166.5988,0.05769231
166.6188,0.05769231
166.6388,0.05769231
166.6588,0.05769231
166.6788,0.05769231
166.6988,0.05769231
166.7188,0.05769231
166.7388,0.05769231
166.7588,0.05769231
166.7788,0.05769231
166.7988,0.05769231
166.8188,0.05769231
166.8388,0.05769231
166.8588,0.05769231
166.8788,0.05769231
166.8988,0.05769231
166.9188,0.05769231
166.9388,0.05769231
166.9588,0.05769231
166.9789,0.05769231
166.9989,0.05769231
167.0189,0.05769231
167.0389,0.05769231
167.0589,0.05769231
167.0789,0.05769231
167.0989,0.05769231
167.1189,0.05769231
167.1389,0.05769231
167.1589,0.05769231
167.1789,0.05769231
167.1989,0.05769231
167.2189,0.05769231
167.2389,0.05769231
167.2589,0.05769231
167.2789,0.05769231
167.2989,0.05769231
167.3189,0.05769231
167.3389,0.05769231
167.3589,0.05769231
167.3789,0.05769231
167.3989,0.05769231
167.4189,0.05769231
167.4389,0.05769231
167.459,0.05769231
167.479,0.05769231
167.499,0.05769231
167.519,0.05769231
167.539,0.05769231
167.559,0.05769231
167.579,0.05769231
167.599,0.05769231
167.619,0.05769231
167.639,0.05769231
167.659,0.05769231
167.679,0.05769231
167.699,0.05769231
167.719,0.05769231
167.739,0.05769231
167.759,0.05769231
167.779,0.05769231
167.799,0.05769231
167.819,0.05769231
167.839,0.05769231
167.859,0.05769231
167.879,0.05769231
167.899,0.05769231
167.9191,0.05769231
167.9391,0.05769231
167.9591,0.05769231
167.9791,0.05769231
167.9991,0.05769231
168.0191,0.05769231
168.0391,0.05769231
168.0591,0.05769231
168.0791,0.05769231
168.0991,0.05769231
168.1191,0.05769231
168.1391,0.05769231
168.1591,0.05769231
168.1791,0.05769231
168.1991,0.05769231
168.2191,0.05769231
168.2391,0.05769231
168.2591,0.05769231
168.2791,0.05769231
168.2991,0.05769231
168.3191,0.05769231
168.3391,0.05769231
168.3591,0.05769231
168.3792,0.05769231
168.3992,0.05769231
168.4192,0.05769231
168.4392,0.05769231
168.4592,0.05769231
168.4792,0.05769231
168.4992,0.05769231
168.5192,0.05769231
168.5392,0.05769231
168.5592,0.05769231
168.5792,0.05769231
168.5992,0.05769231
168.6192,0.05769231
168.6392,0.05769231
168.6592,0.0673077
168.6792,0.0673077
168.6992,0.0673077
168.7192,0.0673077
168.7392,0.0673077
168.7592,0.0673077
168.7792,0.0673077
168.7992,0.0673077
168.8192,0.0673077
168.8392,0.0673077
168.8593,0.0673077
168.8793,0.0673077
168.8993,0.0673077
168.9193,0.0673077
168.9393,0.0673077
168.9593,0.0673077
168.9793,0.0673077
168.9993,0.0673077
169.0193,0.0673077
169.0393,0.0673077
169.0593,0.0673077
169.0793,0.0673077
169.0993,0.0673077
169.1193,0.0673077
169.1393,0.0673077
169.1593,0.0673077
169.1793,0.0673077
169.1993,0.0673077
169.2193,0.0673077
169.2393,0.0673077
169.2593,0.0673077
169.2793,0.0673077
169.2993,0.0673077
169.3194,0.0673077
169.3394,0.0673077
169.3594,0.0673077
169.3794,0.0673077
169.3994,0.0673077
169.4194,0.0673077
169.4394,0.0673077
169.4594,0.0673077
169.4794,0.0673077
169.4994,0.0673077
169.5194,0.0673077
169.5394,0.0673077
169.5594,0.0673077
169.5794,0.0673077
169.5994,0.0673077
169.6194,0.0673077
169.6394,0.0673077
169.6594,0.0673077
169.6794,0.0673077
169.6994,0.0673077
169.7194,0.0673077
169.7394,0.0673077
169.7594,0.0673077
169.7794,0.0673077
169.7995,0.0673077
169.8195,0.0673077
169.8395,0.0673077
169.8595,0.0673077
169.8795,0.0673077
169.8995,0.0673077
169.9195,0.0673077
169.9395,0.0673077
169.9595,0.0673077
169.9795,0.0673077
169.9995,0.0673077
170.0195,0.0673077
170.0395,0.0673077
170.0595,0.0673077
170.0795,0.0673077
170.0995,0.0673077
170.1195,0.0673077
170.1395,0.0673077
170.1595,0.0673077
170.1795,0.0673077
170.1995,0.0673077
170.2195,0.0673077
170.2395,0.0673077
170.2596,0.0673077
170.2796,0.0673077
170.2996,0.0673077
170.3196,0.0673077
170.3396,0.0673077
170.3596,0.0673077
170.3796,0.0673077
170.3996,0.0673077
170.4196,0.0673077
170.4396,0.0673077
170.4596,0.0673077
170.4796,0.0673077
170.4996,0.0673077
170.5196,0.0673077
170.5396,0.0673077
170.5596,0.0673077
170.5796,0.0673077
170.5996,0.0673077
170.6196,0.0673077
170.6396,0.0673077
170.6596,0.0673077
170.6796,0.0673077
170.6996,0.0673077
170.7197,0.0673077
170.7397,0.0673077
170.7597,0.0673077
170.7797,0.0673077
170.7997,0.0673077
170.8197,0.0673077
170.8397,0.0673077
170.8597,0.0673077
170.8797,0.0673077
170.8997,0.0673077
170.9197,0.0673077
170.9397,0.0673077
170.9597,0.0673077
170.9797,0.0673077
170.9997,0.0673077
171.0197,0.0673077
171.0397,0.0673077
171.0597,0.0673077
171.0797,0.0673077
171.0997,0.0673077
171.1197,0.0673077
171.1397,0.0673077
171.1597,0.0673077
171.1797,0.0673077
171.1998,0.0673077
171.2198,0.0673077
171.2398,0.0673077
171.2598,0.0673077
171.2798,0.0673077
171.2998,0.0673077
171.3198,0.0673077
171.3398,0.0673077
171.3598,0.0673077
171.3798,0.0673077
171.3998,0.0673077
171.4198,0.0673077
171.4398,0.0673077
171.4598,0.0673077
171.4798,0.0673077
171.4998,0.0673077
171.5198,0.0673077
171.5398,0.0673077
171.5598,0.0673077
171.5798,0.0673077
171.5998,0.0673077
171.6198,0.0673077
171.6398,0.0673077
171.6599,0.0673077
171.6799,0.0673077
171.6999,0.0673077
171.7199,0.0673077
171.7399,0.0673077
171.7599,0.0673077
171.7799,0.0673077
171.7999,0.0673077
171.8199,0.0673077
171.8399,0.0673077
171.8599,0.0673077
171.8799,0.0673077
171.8999,0.0673077
171.9199,0.0673077
171.9399,0.0673077
171.9599,0.0673077
171.9799,0.0673077
171.9999,0.0673077
172.0199,0.0673077
172.0399,0.0673077
172.0599,0.0673077
172.0799,0.0673077
172.0999,0.0673077
172.1199,0.0673077
172.14,0.0673077
172.16,0.0673077
172.18,0.0673077
172.2,0.0673077
172.22,0.0673077
172.24,0.0673077
172.26,0.0673077
172.28,0.0673077
172.3,0.0673077
172.32,0.0673077
172.34,0.0673077
172.36,0.0673077
172.38,0.0673077
172.4,0.0673077
172.42,0.0673077
172.44,0.0673077
172.46,0.0673077
172.48,0.0673077
172.5,0.0673077
172.52,0.0673077
172.54,0.0673077
172.56,0.0673077
172.58,0.0673077
172.6001,0.0673077
172.6201,0.0673077
172.6401,0.0673077
172.6601,0.0673077
172.6801,0.0673077
172.7001,0.0673077
172.7201,0.0673077
172.7401,0.0673077
172.7601,0.0673077
172.7801,0.0673077
172.8001,0.0673077
172.8201,0.0673077
172.8401,0.0673077
172.8601,0.0673077
172.8801,0.0673077
172.9001,0.0673077
172.9201,0.0673077
172.9401,0.0673077
172.9601,0.0673077
172.9801,0.0673077
173.0001,0.0673077
173.0201,0.0673077
173.0401,0.0673077
173.0602,0.0673077
173.0802,0.0673077
173.1002,0.0673077
173.1202,0.0673077
173.1402,0.0673077
173.1602,0.0673077
173.1802,0.0673077
173.2002,0.0673077
173.2202,0.0673077
173.2402,0.0673077
173.2602,0.0673077
173.2802,0.0673077
173.3002,0.0673077
173.3202,0.0673077
173.3402,0.0673077
173.3602,0.0673077
173.3802,0.0673077
173.4002,0.0673077
173.4202,0.0673077
173.4402,0.0673077
173.4602,0.0673077
173.4802,0.0673077
173.5002,0.0673077
173.5202,0.0673077
173.5403,0.0673077
173.5603,0.0673077
173.5803,0.0673077
173.6003,0.0673077
173.6203,0.0673077
173.6403,0.0673077
173.6603,0.0673077
173.6803,0.0673077
173.7003,0.0673077
173.7203,0.0673077
173.7403,0.0673077
173.7603,0.0673077
173.7803,0.0673077
173.8003,0.0673077
173.8203,0.0673077
173.8403,0.1009615
173.8603,0.1009615
173.8803,0.1009615
173.9003,0.1009615
173.9203,0.1009615
173.9403,0.1009615
173.9603,0.1009615
173.9803,0.1009615
174.0004,0.1009615
174.0204,0.1009615
174.0404,0.1009615
174.0604,0.1009615
174.0804,0.1009615
174.1004,0.1009615
174.1204,0.1009615
174.1404,0.1009615
174.1604,0.1009615
174.1804,0.1009615
174.2004,0.1009615
174.2204,0.1009615
174.2404,0.1009615
174.2604,0.1009615
174.2804,0.1009615
174.3004,0.1009615
174.3204,0.1009615
174.3404,0.1009615
174.3604,0.1009615
174.3804,0.1009615
174.4004,0.1009615
174.4204,0.1009615
174.4404,0.1009615
174.4604,0.1009615
174.4805,0.1009615
174.5005,0.1009615
174.5205,0.1009615
174.5405,0.1009615
174.5605,0.1009615
174.5805,0.1009615
174.6005,0.1009615
174.6205,0.1009615
174.6405,0.1009615
174.6605,0.1009615
174.6805,0.1009615
174.7005,0.1009615
174.7205,0.1009615
174.7405,0.1009615
174.7605,0.1009615
174.7805,0.1009615
174.8005,0.1009615
174.8205,0.1009615
174.8405,0.1009615
174.8605,0.1009615
174.8805,0.1009615
174.9005,0.1009615
174.9205,0.1009615
174.9406,0.1009615
174.9606,0.1009615
174.9806,0.1009615
175.0006,0.1009615
175.0206,0.1009615
175.0406,0.1009615
175.0606,0.1009615
175.0806,0.1009615
175.1006,0.1009615
175.1206,0.1009615
175.1406,0.1009615
175.1606,0.1009615
175.1806,0.1009615
175.2006,0.1009615
175.2206,0.1009615
175.2406,0.1009615
175.2606,0.1009615
175.2806,0.1009615
175.3006,0.1009615
175.3206,0.1009615
175.3406,0.1009615
175.3606,0.1009615
175.3806,0.1009615
175.4007,0.1009615
175.4207,0.1009615
175.4407,0.1009615
175.4607,0.1009615
175.4807,0.1009615
175.5007,0.1009615
175.5207,0.1009615
175.5407,0.1009615
175.5607,0.1153846
175.5807,0.1153846
175.6007,0.1153846
175.6207,0.1153846
175.6407,0.1153846
175.6607,0.1153846
175.6807,0.1153846
175.7007,0.1153846
175.7207,0.1153846
175.7407,0.1153846
175.7607,0.1153846
175.7807,0.1153846
175.8007,0.1153846
175.8207,0.1153846
175.8407,0.1153846
175.8607,0.1153846
175.8808,0.1153846
175.9008,0.1153846
175.9208,0.1153846
175.9408,0.1153846
175.9608,0.1153846
175.9808,0.1153846
176.0008,0.1153846
176.0208,0.1153846
176.0408,0.1153846
176.0608,0.1153846
176.0808,0.1153846
176.1008,0.1153846
176.1208,0.1153846
176.1408,0.1153846
176.1608,0.1153846
176.1808,0.1153846
176.2008,0.1153846
176.2208,0.1153846
176.2408,0.1153846
176.2608,0.1153846
176.2808,0.1153846
176.3008,0.1153846
176.3208,0.1153846
176.3409,0.1153846
176.3609,0.1153846
176.3809,0.1153846
176.4009,0.1153846
176.4209,0.1153846
176.4409,0.1153846
176.4609,0.1153846
176.4809,0.1153846
176.5009,0.1153846
176.5209,0.1153846
176.5409,0.1153846
176.5609,0.1153846
176.5809,0.1153846
176.6009,0.1153846
176.6209,0.1153846
176.6409,0.1153846
176.6609,0.1153846
176.6809,0.1153846
176.7009,0.1153846
176.7209,0.1153846
176.7409,0.1153846
176.7609,0.1153846
176.7809,0.1153846
176.8009,0.1153846
176.821,0.1153846
176.841,0.1153846
176.861,0.1153846
176.881,0.1153846
176.901,0.1153846
176.921,0.1153846
176.941,0.1153846
176.961,0.1153846
176.981,0.1153846
177.001,0.1153846
177.021,0.1153846
177.041,0.1153846
177.061,0.1153846
177.081,0.1153846
177.101,0.1153846
177.121,0.1153846
177.141,0.1153846
177.161,0.1153846
177.181,0.1153846
177.201,0.1201923
177.221,0.1201923
177.241,0.1201923
177.261,0.1201923
177.2811,0.1201923
177.3011,0.1201923
177.3211,0.1201923
177.3411,0.1201923
177.3611,0.1201923
177.3811,0.1201923
177.4011,0.1201923
177.4211,0.1201923
177.4411,0.1201923
177.4611,0.1201923
177.4811,0.1201923
177.5011,0.1201923
177.5211,0.1201923
177.5411,0.1201923
177.5611,0.1201923
177.5811,0.1201923
177.6011,0.1201923
177.6211,0.1201923
177.6411,0.1201923
177.6611,0.1201923
177.6811,0.1201923
177.7011,0.1201923
177.7211,0.1201923
177.7411,0.1201923
177.7612,0.1201923
177.7812,0.1201923
177.8012,0.1201923
177.8212,0.1201923
177.8412,0.1201923
177.8612,0.1201923
177.8812,0.1201923
177.9012,0.1201923
177.9212,0.1201923
177.9412,0.1201923
177.9612,0.1201923
177.9812,0.1201923
178.0012,0.1201923
178.0212,0.1201923
178.0412,0.1201923
178.0612,0.1201923
178.0812,0.1201923
178.1012,0.1201923
178.1212,0.1201923
178.1412,0.1201923
178.1612,0.1201923
178.1812,0.1201923
178.2012,0.1201923
178.2213,0.1201923
178.2413,0.1201923
178.2613,0.1201923
178.2813,0.1201923
178.3013,0.1201923
178.3213,0.1201923
178.3413,0.1201923
178.3613,0.1201923
178.3813,0.1201923
178.4013,0.1201923
178.4213,0.1201923
178.4413,0.1201923
178.4613,0.1201923
178.4813,0.1201923
178.5013,0.1201923
178.5213,0.1201923
178.5413,0.1201923
178.5613,0.1201923
178.5813,0.1201923
178.6013,0.1201923
178.6213,0.1201923
178.6413,0.1201923
178.6613,0.1201923
178.6814,0.1201923
178.7014,0.1201923
178.7214,0.1201923
178.7414,0.1201923
178.7614,0.1201923
178.7814,0.1201923
178.8014,0.1201923
178.8214,0.1201923
178.8414,0.1201923
178.8614,0.1201923
178.8814,0.1201923
178.9014,0.1201923
178.9214,0.1201923
178.9414,0.1201923
178.9614,0.1201923
178.9814,0.1201923
179.0014,0.1201923
179.0214,0.1201923
179.0414,0.1201923
179.0614,0.1201923
179.0814,0.1201923
179.1014,0.1201923
179.1214,0.1201923
179.1414,0.1201923
179.1615,0.1201923
179.1815,0.1201923
179.2015,0.1201923
179.2215,0.1201923
179.2415,0.1201923
179.2615,0.1201923
179.2815,0.1201923
179.3015,0.1201923
179.3215,0.1201923
179.3415,0.1201923
179.3615,0.1201923
179.3815,0.1201923
179.4015,0.1201923
179.4215,0.1201923
179.4415,0.1201923
179.4615,0.1201923
179.4815,0.1201923
179.5015,0.1201923
179.5215,0.1201923
179.5415,0.1201923
179.5615,0.1201923
179.5815,0.1201923
179.6015,0.1201923
179.6216,0.1201923
179.6416,0.1201923
179.6616,0.1201923
179.6816,0.1201923
179.7016,0.1201923
179.7216,0.1201923
179.7416,0.1201923
179.7616,0.1201923
179.7816,0.1201923
179.8016,0.1201923
179.8216,0.1201923
179.8416,0.1201923
179.8616,0.1201923
179.8816,0.1201923
179.9016,0.1201923
179.9216,0.1201923
179.9416,0.1201923
179.9616,0.1201923
179.9816,0.1201923
180.0016,0.1201923
180.0216,0.1201923
180.0416,0.1201923
180.0616,0.1201923
180.0816,0.1201923
180.1017,0.1201923
180.1217,0.1201923
180.1417,0.1201923
180.1617,0.1201923
180.1817,0.1201923
180.2017,0.1201923
180.2217,0.1201923
180.2417,0.1201923
180.2617,0.1201923
180.2817,0.1201923
180.3017,0.1201923
180.3217,0.1201923
180.3417,0.1201923
180.3617,0.1201923
180.3817,0.1201923
180.4017,0.1201923
180.4217,0.1201923
180.4417,0.1201923
180.4617,0.1201923
180.4817,0.1201923
180.5017,0.1201923
180.5217,0.1201923
180.5417,0.1201923
180.5618,0.1201923
180.5818,0.1201923
180.6018,0.1201923
180.6218,0.1201923
180.6418,0.1201923
180.6618,0.1201923
180.6818,0.1201923
180.7018,0.1201923
180.7218,0.1201923
180.7418,0.1201923
180.7618,0.1201923
180.7818,0.1201923
180.8018,0.1201923
180.8218,0.1201923
180.8418,0.1201923
180.8618,0.1201923
180.8818,0.1201923
180.9018,0.1201923
180.9218,0.1201923
180.9418,0.1201923
180.9618,0.1201923
180.9818,0.1201923
181.0018,0.1201923
181.0219,0.1201923
181.0419,0.1201923
181.0619,0.1201923
181.0819,0.1201923
181.1019,0.1201923
181.1219,0.1201923
181.1419,0.1201923
181.1619,0.1201923
181.1819,0.1201923
181.2019,0.1201923
181.2219,0.1201923
181.2419,0.1201923
181.2619,0.1201923
181.2819,0.1201923
181.3019,0.1201923
181.3219,0.1201923
181.3419,0.1201923
181.3619,0.1201923
181.3819,0.1201923
181.4019,0.1201923
181.4219,0.1201923
181.4419,0.1201923
181.4619,0.1201923
181.4819,0.1201923
181.502,0.1201923
181.522,0.1201923
181.542,0.1201923
181.562,0.1201923
181.582,0.1201923
181.602,0.1201923
181.622,0.1201923
181.642,0.1201923
181.662,0.1201923
181.682,0.1201923
181.702,0.1201923
181.722,0.1201923
181.742,0.1201923
181.762,0.1201923
181.782,0.1201923
181.802,0.1201923
181.822,0.1201923
181.842,0.1201923
181.862,0.1201923
181.882,0.1201923
181.902,0.1201923
181.922,0.1201923
181.942,0.1201923
181.9621,0.1201923
181.9821,0.1201923
182.0021,0.1201923
182.0221,0.1201923
182.0421,0.1201923
182.0621,0.1201923
182.0821,0.1201923
182.1021,0.1201923
182.1221,0.1201923
182.1421,0.1201923
182.1621,0.1201923
182.1821,0.1201923
182.2021,0.1201923
182.2221,0.1201923
182.2421,0.1201923
182.2621,0.1201923
182.2821,0.1201923
182.3021,0.1201923
182.3221,0.1201923
182.3421,0.1201923
182.3621,0.1201923
182.3821,0.1201923
182.4021,0.1201923
182.4221,0.1201923
182.4422,0.1201923
182.4622,0.1201923
182.4822,0.1201923
182.5022,0.1201923
182.5222,0.1201923
182.5422,0.1201923
182.5622,0.1201923
182.5822,0.1201923
182.6022,0.1201923
182.6222,0.1201923
182.6422,0.1201923
182.6622,0.1201923
182.6822,0.1201923
182.7022,0.1201923
182.7222,0.1201923
182.7422,0.1201923
182.7622,0.1201923
182.7822,0.1201923
182.8022,0.1201923
182.8222,0.1201923
182.8422,0.1201923
182.8622,0.1201923
182.8822,0.1201923
182.9023,0.1201923
182.9223,0.1201923
182.9423,0.1201923
182.9623,0.1201923
182.9823,0.1201923
183.0023,0.1201923
183.0223,0.1201923
183.0423,0.1201923
183.0623,0.1201923
183.0823,0.1201923
183.1023,0.1201923
183.1223,0.1201923
183.1423,0.1201923
183.1623,0.1201923
183.1823,0.1201923
183.2023,0.1201923
183.2223,0.1201923
183.2423,0.125
183.2623,0.125
183.2823,0.125
183.3023,0.125
183.3223,0.125
183.3423,0.125
183.3624,0.125
183.3824,0.125
183.4024,0.125
183.4224,0.125
183.4424,0.125
183.4624,0.125
183.4824,0.125
183.5024,0.125
183.5224,0.125
183.5424,0.125
183.5624,0.125
183.5824,0.125
183.6024,0.125
183.6224,0.125
183.6424,0.125
183.6624,0.125
183.6824,0.125
183.7024,0.125
183.7224,0.125
183.7424,0.125
183.7624,0.125
183.7824,0.125
183.8024,0.125
183.8224,0.125
183.8425,0.125
183.8625,0.125
183.8825,0.125
183.9025,0.125
183.9225,0.125
183.9425,0.125
183.9625,0.125
183.9825,0.125
184.0025,0.125
184.0225,0.125
184.0425,0.125
184.0625,0.125
184.0825,0.125
184.1025,0.125
184.1225,0.125
184.1425,0.125
184.1625,0.125
184.1825,0.125
184.2025,0.125
184.2225,0.125
184.2425,0.125
184.2625,0.125
184.2825,0.125
184.3026,0.125
184.3226,0.125
184.3426,0.125
184.3626,0.125
184.3826,0.125
184.4026,0.125
184.4226,0.125
184.4426,0.125
184.4626,0.125
184.4826,0.125
184.5026,0.125
184.5226,0.125
184.5426,0.125
184.5626,0.125
184.5826,0.125
184.6026,0.125
184.6226,0.125
184.6426,0.125
184.6626,0.125
184.6826,0.125
184.7026,0.125
184.7226,0.125
184.7426,0.125
184.7626,0.125
184.7827,0.125
184.8027,0.125
184.8227,0.125
184.8427,0.125
184.8627,0.125
184.8827,0.125
184.9027,0.125
184.9227,0.125
184.9427,0.125
184.9627,0.125
184.9827,0.125
185.0027,0.125
185.0227,0.125
185.0427,0.125
185.0627,0.125
185.0827,0.125
185.1027,0.125
185.1227,0.125
185.1427,0.125
185.1627,0.125
185.1827,0.125
185.2027,0.125
185.2227,0.125
185.2428,0.125
185.2628,0.125
185.2828,0.125
185.3028,0.125
185.3228,0.125
185.3428,0.125
185.3628,0.125
185.3828,0.125
185.4028,0.125
185.4228,0.125
185.4428,0.125
185.4628,0.125
185.4828,0.125
185.5028,0.125
185.5228,0.125
185.5428,0.125
185.5628,0.125
185.5828,0.125
185.6028,0.125
185.6228,0.125
185.6428,0.125
185.6628,0.125
185.6828,0.125
185.7029,0.125
185.7229,0.125
185.7429,0.125
185.7629,0.125
185.7829,0.125
185.8029,0.125
185.8229,0.125
185.8429,0.125
185.8629,0.125
185.8829,0.125
185.9029,0.125
185.9229,0.125
185.9429,0.125
185.9629,0.125
185.9829,0.125
186.0029,0.125
186.0229,0.125
186.0429,0.125
186.0629,0.125
186.0829,0.1298077
186.1029,0.1298077
186.1229,0.1298077
186.1429,0.1298077
186.1629,0.1298077
186.183,0.1298077
186.203,0.1298077
186.223,0.1298077
186.243,0.1298077
186.263,0.1298077
186.283,0.1298077
186.303,0.1298077
186.323,0.1298077
186.343,0.1298077
186.363,0.1298077
186.383,0.1298077
186.403,0.1298077
186.423,0.1298077
186.443,0.1298077
186.463,0.1298077
186.483,0.1298077
186.503,0.1298077
186.523,0.1298077
186.543,0.1298077
186.563,0.1298077
186.583,0.1298077
186.603,0.1298077
186.623,0.1298077
186.6431,0.1298077
186.6631,0.1298077
186.6831,0.1298077
186.7031,0.1298077
186.7231,0.1298077
186.7431,0.1298077
186.7631,0.1298077
186.7831,0.1298077
186.8031,0.1298077
186.8231,0.1298077
186.8431,0.1298077
186.8631,0.1298077
186.8831,0.1298077
186.9031,0.1298077
186.9231,0.1298077
186.9431,0.1298077
186.9631,0.1298077
186.9831,0.1298077
187.0031,0.1298077
187.0231,0.1298077
187.0431,0.1298077
187.0631,0.1298077
187.0831,0.1298077
187.1031,0.1298077
187.1232,0.1298077
187.1432,0.1298077
187.1632,0.1298077
187.1832,0.1298077
187.2032,0.1298077
187.2232,0.1298077
187.2432,0.1298077
187.2632,0.1298077
187.2832,0.1298077
187.3032,0.1298077
187.3232,0.1298077
187.3432,0.1298077
187.3632,0.1298077
187.3832,0.1298077
187.4032,0.1346154
187.4232,0.1346154
187.4432,0.1346154
187.4632,0.1346154
187.4832,0.1346154
187.5032,0.1346154
187.5232,0.1346154
187.5432,0.1346154
187.5632,0.1346154
187.5833,0.1346154
187.6033,0.1346154
187.6233,0.1346154
187.6433,0.1346154
187.6633,0.1346154
187.6833,0.1346154
187.7033,0.1346154
187.7233,0.1346154
187.7433,0.1346154
187.7633,0.1346154
187.7833,0.1346154
187.8033,0.1346154
187.8233,0.1346154
187.8433,0.1346154
187.8633,0.1346154
187.8833,0.1346154
187.9033,0.1346154
187.9233,0.1346154
187.9433,0.1346154
187.9633,0.1346154
187.9833,0.1346154
188.0033,0.1346154
188.0233,0.1346154
188.0434,0.1346154
188.0634,0.1346154
188.0834,0.1346154
188.1034,0.1346154
188.1234,0.1346154
188.1434,0.1346154
188.1634,0.1346154
188.1834,0.1346154
188.2034,0.1346154
188.2234,0.1346154
188.2434,0.1346154
188.2634,0.1346154
188.2834,0.1346154
188.3034,0.1346154
188.3234,0.1346154
188.3434,0.1346154
188.3634,0.1346154
188.3834,0.1346154
188.4034,0.1346154
188.4234,0.1346154
188.4434,0.1346154
188.4634,0.1346154
188.4834,0.1346154
188.5034,0.1346154
188.5235,0.1346154
188.5435,0.1346154
188.5635,0.1346154
188.5835,0.1346154
188.6035,0.1346154
188.6235,0.1346154
188.6435,0.1346154
188.6635,0.1346154
188.6835,0.1346154
188.7035,0.1346154
188.7235,0.1346154
188.7435,0.1346154
188.7635,0.1346154
188.7835,0.1490385
188.8035,0.1490385
188.8235,0.1490385
188.8435,0.1490385
188.8635,0.1490385
188.8835,0.1490385
188.9035,0.1490385
188.9235,0.1490385
188.9435,0.1490385
188.9635,0.1490385
188.9836,0.1490385
189.0036,0.1490385
189.0236,0.1490385
189.0436,0.1490385
189.0636,0.1490385
189.0836,0.1490385
189.1036,0.1490385
189.1236,0.1490385
189.1436,0.1490385
189.1636,0.1490385
189.1836,0.1490385
189.2036,0.1490385
189.2236,0.1490385
189.2436,0.1490385
189.2636,0.1490385
189.2836,0.1490385
189.3036,0.1490385
189.3236,0.1490385
189.3436,0.1490385
189.3636,0.1490385
189.3836,0.1490385
189.4036,0.1490385
189.4236,0.1490385
189.4436,0.1490385
189.4637,0.1490385
189.4837,0.1490385
189.5037,0.1490385
189.5237,0.1490385
189.5437,0.1490385
189.5637,0.1490385
189.5837,0.1490385
189.6037,0.1490385
189.6237,0.1490385
189.6437,0.1490385
189.6637,0.1490385
189.6837,0.1490385
189.7037,0.1490385
189.7237,0.1490385
189.7437,0.1490385
189.7637,0.1490385
189.7837,0.1490385
189.8037,0.1490385
189.8237,0.1490385
189.8437,0.1490385
189.8637,0.1490385
189.8837,0.1490385
189.9037,0.1490385
189.9238,0.1490385
189.9438,0.1490385
189.9638,0.1490385
189.9838,0.1490385
190.0038,0.1490385
190.0238,0.1490385
190.0438,0.1490385
190.0638,0.1490385
190.0838,0.1490385
190.1038,0.1490385
190.1238,0.1490385
190.1438,0.1490385
190.1638,0.1490385
190.1838,0.1490385
190.2038,0.1490385
190.2238,0.1490385
190.2438,0.1490385
190.2638,0.1490385
190.2838,0.1490385
190.3038,0.1490385
190.3238,0.1490385
190.3438,0.1490385
190.3638,0.1490385
190.3839,0.1490385
190.4039,0.1538462
190.4239,0.1538462
190.4439,0.1538462
190.4639,0.1538462
190.4839,0.1538462
190.5039,0.1538462
190.5239,0.1538462
190.5439,0.1538462
190.5639,0.1538462
190.5839,0.1538462
190.6039,0.1538462
190.6239,0.1538462
190.6439,0.1538462
190.6639,0.1538462
190.6839,0.1538462
190.7039,0.1538462
190.7239,0.1538462
190.7439,0.1538462
190.7639,0.1538462
190.7839,0.1538462
190.8039,0.1538462
190.8239,0.1538462
190.8439,0.1538462
190.864,0.1538462
190.884,0.1538462
190.904,0.1538462
190.924,0.1538462
190.944,0.1538462
190.964,0.1538462
190.984,0.1538462
191.004,0.1538462
191.024,0.1538462
191.044,0.1538462
191.064,0.1538462
191.084,0.1538462
191.104,0.1538462
191.124,0.1538462
191.144,0.1538462
191.164,0.1538462
191.184,0.1538462
191.204,0.1538462
191.224,0.1538462
191.244,0.1538462
191.264,0.1538462
191.284,0.1538462
191.304,0.1538462
191.3241,0.1538462
191.3441,0.1538462
191.3641,0.1538462
191.3841,0.1538462
191.4041,0.1538462
191.4241,0.1538462
191.4441,0.1538462
191.4641,0.1538462
191.4841,0.1538462
191.5041,0.1538462
191.5241,0.1538462
191.5441,0.1538462
191.5641,0.1538462
191.5841,0.1538462
191.6041,0.1538462
191.6241,0.1538462
191.6441,0.1538462
191.6641,0.1538462
191.6841,0.1538462
191.7041,0.1538462
191.7241,0.1538462
191.7441,0.1538462
191.7641,0.1538462
191.7841,0.1538462
191.8042,0.1538462
191.8242,0.1538462
191.8442,0.1538462
191.8642,0.1538462
191.8842,0.1538462
191.9042,0.1538462
191.9242,0.1538462
191.9442,0.1682692
191.9642,0.1682692
191.9842,0.1682692
192.0042,0.1682692
192.0242,0.1682692
192.0442,0.1682692
192.0642,0.1682692
192.0842,0.1682692
192.1042,0.1682692
192.1242,0.1682692
192.1442,0.1682692
192.1642,0.1682692
192.1842,0.1682692
192.2042,0.1682692
192.2242,0.1682692
192.2442,0.1682692
192.2643,0.1682692
192.2843,0.1682692
192.3043,0.1682692
192.3243,0.1682692
192.3443,0.1682692
192.3643,0.1682692
192.3843,0.1682692
192.4043,0.1682692
192.4243,0.1682692
192.4443,0.1682692
192.4643,0.1682692
192.4843,0.1682692
192.5043,0.1682692
192.5243,0.1682692
192.5443,0.1682692
192.5643,0.1682692
192.5843,0.1682692
192.6043,0.1682692
192.6243,0.1682692
192.6443,0.1682692
192.6643,0.1682692
192.6843,0.1682692
192.7043,0.1682692
192.7243,0.1682692
192.7444,0.1682692
192.7644,0.1682692
192.7844,0.1682692
192.8044,0.1682692
192.8244,0.1682692
192.8444,0.1682692
192.8644,0.1682692
192.8844,0.1682692
192.9044,0.1682692
192.9244,0.1682692
192.9444,0.1682692
192.9644,0.1682692
192.9844,0.1682692
193.0044,0.1682692
193.0244,0.1682692
193.0444,0.1682692
193.0644,0.1682692
193.0844,0.1682692
193.1044,0.1682692
193.1244,0.1682692
193.1444,0.1682692
193.1644,0.1682692
193.1844,0.1682692
193.2045,0.1682692
193.2245,0.1682692
193.2445,0.1682692
193.2645,0.1682692
193.2845,0.1682692
193.3045,0.1682692
193.3245,0.1682692
193.3445,0.1682692
193.3645,0.1682692
193.3845,0.1682692
193.4045,0.1682692
193.4245,0.1682692
193.4445,0.1682692
193.4645,0.1682692
193.4845,0.1730769
193.5045,0.1730769
193.5245,0.1730769
193.5445,0.1730769
193.5645,0.1730769
193.5845,0.1730769
193.6045,0.1730769
193.6245,0.1730769
193.6445,0.1730769
193.6646,0.1730769
193.6846,0.1730769
193.7046,0.1730769
193.7246,0.1730769
193.7446,0.1730769
193.7646,0.1730769
193.7846,0.1730769
193.8046,0.1730769
193.8246,0.1730769
193.8446,0.1730769
193.8646,0.1730769
193.8846,0.1730769
193.9046,0.1730769
193.9246,0.1730769
193.9446,0.1730769
193.9646,0.1730769
193.9846,0.1730769
194.0046,0.1730769
194.0246,0.1730769
194.0446,0.1730769
194.0646,0.1730769
194.0846,0.1730769
194.1046,0.1730769
194.1246,0.1730769
194.1447,0.1730769
194.1647,0.1730769
194.1847,0.1730769
194.2047,0.1730769
194.2247,0.1730769
194.2447,0.1730769
194.2647,0.1730769
194.2847,0.1730769
194.3047,0.1730769
194.3247,0.1730769
194.3447,0.1730769
194.3647,0.1730769
194.3847,0.1730769
194.4047,0.1730769
194.4247,0.1730769
194.4447,0.1730769
194.4647,0.1730769
194.4847,0.1730769
194.5047,0.1730769
194.5247,0.1730769
194.5447,0.1730769
194.5647,0.1730769
194.5847,0.1730769
194.6048,0.1730769
194.6248,0.1730769
194.6448,0.1730769
194.6648,0.1730769
194.6848,0.1730769
194.7048,0.1730769
194.7248,0.1730769
194.7448,0.1730769
194.7648,0.1730769
194.7848,0.1730769
194.8048,0.1730769
194.8248,0.1730769
194.8448,0.1730769
194.8648,0.1730769
194.8848,0.1730769
194.9048,0.1730769
194.9248,0.1730769
194.9448,0.1730769
194.9648,0.1730769
194.9848,0.1730769
195.0048,0.1778846
195.0248,0.1778846
195.0448,0.1778846
195.0648,0.1778846
195.0849,0.1778846
195.1049,0.1778846
195.1249,0.1778846
195.1449,0.1778846
195.1649,0.1778846
195.1849,0.1778846
195.2049,0.1778846
195.2249,0.1778846
195.2449,0.1778846
195.2649,0.1778846
195.2849,0.1778846
195.3049,0.1778846
195.3249,0.1778846
195.3449,0.1778846
195.3649,0.1778846
195.3849,0.1778846
195.4049,0.1778846
195.4249,0.1778846
195.4449,0.1778846
195.4649,0.1778846
195.4849,0.1778846
195.5049,0.1778846
195.5249,0.1778846
195.545,0.1778846
195.565,0.1778846
195.585,0.1778846
195.605,0.1778846
195.625,0.1778846
195.645,0.1778846
195.665,0.1778846
195.685,0.1778846
195.705,0.1778846
195.725,0.1778846
195.745,0.1778846
195.765,0.1778846
195.785,0.1778846
195.805,0.1778846
195.825,0.1778846
195.845,0.1778846
195.865,0.1778846
195.885,0.1778846
195.905,0.1778846
195.925,0.1778846
195.945,0.1778846
195.965,0.1778846
195.985,0.1778846
196.0051,0.1778846
196.0251,0.1778846
196.0451,0.1778846
196.0651,0.1778846
196.0851,0.1778846
196.1051,0.1778846
196.1251,0.1778846
196.1451,0.1778846
196.1651,0.1778846
196.1851,0.1778846
196.2051,0.1778846
196.2251,0.1778846
196.2451,0.1778846
196.2651,0.1778846
196.2851,0.1778846
196.3051,0.1778846
196.3251,0.1778846
196.3451,0.1778846
196.3651,0.1778846
196.3851,0.1778846
196.4051,0.1778846
196.4251,0.1778846
196.4451,0.1778846
196.4651,0.1778846
196.4852,0.1778846
196.5052,0.1778846
196.5252,0.1923077
196.5452,0.1923077
196.5652,0.1923077
196.5852,0.1923077
196.6052,0.1923077
196.6252,0.1923077
196.6452,0.1923077
196.6652,0.1923077
196.6852,0.1923077
196.7052,0.1923077
196.7252,0.1923077
196.7452,0.1923077
196.7652,0.1923077
196.7852,0.1923077
196.8052,0.1923077
196.8252,0.1923077
196.8452,0.1923077
196.8652,0.1923077
196.8852,0.1923077
196.9052,0.1923077
196.9252,0.1923077
196.9453,0.1923077
196.9653,0.1923077
196.9853,0.1923077
197.0053,0.1923077
197.0253,0.1923077
197.0453,0.1923077
197.0653,0.1923077
197.0853,0.1923077
197.1053,0.1923077
197.1253,0.1923077
197.1453,0.1923077
197.1653,0.1923077
197.1853,0.1923077
197.2053,0.1923077
197.2253,0.1923077
197.2453,0.1923077
197.2653,0.1923077
197.2853,0.1923077
197.3053,0.1923077
197.3253,0.1923077
197.3453,0.1923077
197.3653,0.1923077
197.3853,0.1923077
197.4053,0.1923077
197.4254,0.1923077
197.4454,0.1923077
197.4654,0.1923077
197.4854,0.1923077
197.5054,0.1923077
197.5254,0.1923077
197.5454,0.1923077
197.5654,0.1923077
197.5854,0.1923077
197.6054,0.1923077
197.6254,0.1923077
197.6454,0.1923077
197.6654,0.1923077
197.6854,0.1923077
197.7054,0.1923077
197.7254,0.1923077
197.7454,0.1923077
197.7654,0.1923077
197.7854,0.1923077
197.8054,0.1923077
197.8254,0.1923077
197.8454,0.1923077
197.8654,0.1923077
197.8855,0.1923077
197.9055,0.1923077
197.9255,0.1923077
197.9455,0.1923077
197.9655,0.1923077
197.9855,0.1923077
198.0055,0.1923077
198.0255,0.1923077
198.0455,0.1923077
198.0655,0.1971154
198.0855,0.1971154
198.1055,0.1971154
198.1255,0.1971154
198.1455,0.1971154
198.1655,0.1971154
198.1855,0.1971154
198.2055,0.1971154
198.2255,0.1971154
198.2455,0.1971154
198.2655,0.1971154
198.2855,0.1971154
198.3055,0.1971154
198.3255,0.1971154
198.3456,0.1971154
198.3656,0.1971154
198.3856,0.1971154
198.4056,0.1971154
198.4256,0.1971154
198.4456,0.1971154
198.4656,0.1971154
198.4856,0.1971154
198.5056,0.1971154
198.5256,0.1971154
198.5456,0.1971154
198.5656,0.1971154
198.5856,0.1971154
198.6056,0.1971154
198.6256,0.1971154
198.6456,0.1971154
198.6656,0.1971154
198.6856,0.1971154
198.7056,0.1971154
198.7256,0.1971154
198.7456,0.1971154
198.7656,0.1971154
198.7856,0.1971154
198.8056,0.1971154
198.8257,0.1971154
198.8457,0.1971154
198.8657,0.1971154
198.8857,0.1971154
198.9057,0.1971154
198.9257,0.1971154
198.9457,0.1971154
198.9657,0.1971154
198.9857,0.1971154
199.0057,0.1971154
199.0257,0.1971154
199.0457,0.1971154
199.0657,0.1971154
199.0857,0.1971154
199.1057,0.1971154
199.1257,0.1971154
199.1457,0.1971154
199.1657,0.1971154
199.1857,0.1971154
199.2057,0.1971154
199.2257,0.1971154
199.2457,0.1971154
199.2657,0.1971154
199.2858,0.1971154
199.3058,0.1971154
199.3258,0.1971154
199.3458,0.1971154
199.3658,0.1971154
199.3858,0.1971154
199.4058,0.1971154
199.4258,0.1971154
199.4458,0.1971154
199.4658,0.1971154
199.4858,0.1971154
199.5058,0.1971154
199.5258,0.1971154
199.5458,0.2019231
199.5658,0.2019231
199.5858,0.2019231
199.6058,0.2019231
199.6258,0.2019231
199.6458,0.2019231
199.6658,0.2019231
199.6858,0.2019231
199.7058,0.2019231
199.7258,0.2019231
199.7458,0.2019231
199.7659,0.2019231
199.7859,0.2019231
199.8059,0.2019231
199.8259,0.2019231
199.8459,0.2019231
199.8659,0.2019231
199.8859,0.2019231
199.9059,0.2019231
199.9259,0.2019231
199.9459,0.2019231
199.9659,0.2019231
199.9859,0.2019231
200.0059,0.2019231
200.0259,0.2019231
200.0459,0.2019231
200.0659,0.2019231
200.0859,0.2019231
200.1059,0.2019231
200.1259,0.2019231
200.1459,0.2019231
200.1659,0.2019231
200.1859,0.2019231
200.2059,0.2019231
200.226,0.2019231
200.246,0.2019231
200.266,0.2019231
200.286,0.2019231
200.306,0.2019231
200.326,0.2019231
200.346,0.2019231
200.366,0.2019231
200.386,0.2019231
200.406,0.2019231
200.426,0.2019231
200.446,0.2019231
200.466,0.2019231
200.486,0.2019231
200.506,0.2019231
200.526,0.2019231
200.546,0.2019231
200.566,0.2019231
200.586,0.2019231
200.606,0.2019231
200.626,0.2019231
200.646,0.2019231
200.666,0.2019231
200.6861,0.2019231
200.7061,0.2019231
200.7261,0.2019231
200.7461,0.2019231
200.7661,0.2019231
200.7861,0.2019231
200.8061,0.2019231
200.8261,0.2019231
200.8461,0.2019231
200.8661,0.2019231
200.8861,0.2019231
200.9061,0.2019231
200.9261,0.2019231
200.9461,0.2019231
200.9661,0.2019231
200.9861,0.2019231
201.0061,0.2019231
201.0261,0.2115385
201.0461,0.2115385
201.0661,0.2115385
201.0861,0.2115385
201.1061,0.2115385
201.1261,0.2115385
201.1461,0.2115385
201.1662,0.2115385
201.1862,0.2115385
201.2062,0.2115385
201.2262,0.2115385
201.2462,0.2115385
201.2662,0.2115385
201.2862,0.2115385
201.3062,0.2115385
201.3262,0.2115385
201.3462,0.2115385
201.3662,0.2115385
201.3862,0.2115385
201.4062,0.2115385
201.4262,0.2115385
201.4462,0.2115385
201.4662,0.2115385
201.4862,0.2115385
201.5062,0.2115385
201.5262,0.2115385
201.5462,0.2115385
201.5662,0.2115385
201.5862,0.2115385
201.6062,0.2115385
201.6263,0.2115385
201.6463,0.2115385
201.6663,0.2115385
201.6863,0.2115385
201.7063,0.2115385
201.7263,0.2115385
201.7463,0.2115385
201.7663,0.2115385
201.7863,0.2115385
201.8063,0.2115385
201.8263,0.2115385
201.8463,0.2115385
201.8663,0.2115385
201.8863,0.2115385
201.9063,0.2115385
201.9263,0.2115385
201.9463,0.2115385
201.9663,0.2115385
201.9863,0.2115385
202.0063,0.2115385
202.0263,0.2115385
202.0463,0.2115385
202.0663,0.2115385
202.0863,0.2115385
202.1064,0.2115385
202.1264,0.2115385
202.1464,0.2115385
202.1664,0.2115385
202.1864,0.2115385
202.2064,0.2115385
202.2264,0.2115385
202.2464,0.2115385
202.2664,0.2115385
202.2864,0.2115385
202.3064,0.2115385
202.3264,0.2115385
202.3464,0.2115385
202.3664,0.2115385
202.3864,0.2115385
202.4064,0.2115385
202.4264,0.2115385
202.4464,0.2115385
202.4664,0.2307692
202.4864,0.2307692
202.5064,0.2307692
202.5264,0.2307692
202.5464,0.2307692
202.5665,0.2307692
202.5865,0.2307692
202.6065,0.2307692
202.6265,0.2307692
202.6465,0.2307692
202.6665,0.2307692
202.6865,0.2307692
202.7065,0.2307692
202.7265,0.2307692
202.7465,0.2307692
202.7665,0.2307692
202.7865,0.2307692
202.8065,0.2307692
202.8265,0.2307692
202.8465,0.2307692
202.8665,0.2307692
202.8865,0.2307692
202.9065,0.2307692
202.9265,0.2307692
202.9465,0.2307692
202.9665,0.2307692
202.9865,0.2307692
203.0065,0.2307692
203.0266,0.2307692
203.0466,0.2307692
203.0666,0.2307692
203.0866,0.2307692
203.1066,0.2307692
203.1266,0.2307692
203.1466,0.2307692
203.1666,0.2307692
203.1866,0.2307692
203.2066,0.2307692
203.2266,0.2307692
203.2466,0.2307692
203.2666,0.2307692
203.2866,0.2307692
203.3066,0.2307692
203.3266,0.2307692
203.3466,0.2307692
203.3666,0.2307692
203.3866,0.2307692
203.4066,0.2307692
203.4266,0.2307692
203.4466,0.2307692
203.4666,0.2307692
203.4866,0.2307692
203.5067,0.2307692
203.5267,0.2307692
203.5467,0.2307692
203.5667,0.2307692
203.5867,0.2307692
203.6067,0.2307692
203.6267,0.2307692
203.6467,0.2307692
203.6667,0.2307692
203.6867,0.2307692
203.7067,0.2307692
203.7267,0.2307692
203.7467,0.2307692
203.7667,0.2307692
203.7867,0.2307692
203.8067,0.2307692
203.8267,0.2307692
203.8467,0.2307692
203.8667,0.2307692
203.8867,0.2307692
203.9067,0.2307692
203.9267,0.2307692
203.9467,0.2307692
203.9668,0.2307692
203.9868,0.2307692
204.0068,0.2307692
204.0268,0.2307692
204.0468,0.2307692
204.0668,0.2307692
204.0868,0.2355769
204.1068,0.2355769
204.1268,0.2355769
204.1468,0.2355769
204.1668,0.2355769
204.1868,0.2355769
204.2068,0.2355769
204.2268,0.2355769
204.2468,0.2355769
204.2668,0.2355769
204.2868,0.2355769
204.3068,0.2355769
204.3268,0.2355769
204.3468,0.2355769
204.3668,0.2355769
204.3868,0.2355769
204.4068,0.2355769
204.4268,0.2355769
204.4469,0.2355769
204.4669,0.2355769
204.4869,0.2355769
204.5069,0.2355769
204.5269,0.2355769
204.5469,0.2355769
204.5669,0.2355769
204.5869,0.2355769
204.6069,0.2355769
204.6269,0.2355769
204.6469,0.2355769
204.6669,0.2355769
204.6869,0.2355769
204.7069,0.2355769
204.7269,0.2355769
204.7469,0.2355769
204.7669,0.2355769
204.7869,0.2355769
204.8069,0.2355769
204.8269,0.2355769
204.8469,0.2355769
204.8669,0.2355769
204.8869,0.2355769
204.907,0.2355769
204.927,0.2355769
204.947,0.2355769
204.967,0.2355769
204.987,0.2355769
205.007,0.2355769
205.027,0.2355769
205.047,0.2355769
205.067,0.2355769
205.087,0.2355769
205.107,0.2355769
205.127,0.2355769
205.147,0.2355769
205.167,0.2355769
205.187,0.2355769
205.207,0.2355769
205.227,0.2355769
205.247,0.2355769
205.267,0.2355769
205.287,0.2355769
205.307,0.2355769
205.327,0.2355769
205.347,0.2355769
205.3671,0.2355769
205.3871,0.2355769
205.4071,0.2355769
205.4271,0.2355769
205.4471,0.2355769
205.4671,0.2355769
205.4871,0.2355769
205.5071,0.2355769
205.5271,0.2355769
205.5471,0.2355769
205.5671,0.2355769
205.5871,0.2355769
205.6071,0.2355769
205.6271,0.2355769
205.6471,0.2355769
205.6671,0.2355769
205.6871,0.2355769
205.7071,0.2451923
205.7271,0.2451923
205.7471,0.2451923
205.7671,0.2451923
205.7871,0.2451923
205.8071,0.2451923
205.8271,0.2451923
205.8472,0.2451923
205.8672,0.2451923
205.8872,0.2451923
205.9072,0.2451923
205.9272,0.2451923
205.9472,0.2451923
205.9672,0.2451923
205.9872,0.2451923
206.0072,0.2451923
206.0272,0.2451923
206.0472,0.2451923
206.0672,0.2451923
206.0872,0.2451923
206.1072,0.2451923
206.1272,0.2451923
206.1472,0.2451923
206.1672,0.2451923
206.1872,0.2451923
206.2072,0.2451923
206.2272,0.2451923
206.2472,0.2451923
206.2672,0.2451923
206.2872,0.2451923
206.3073,0.2451923
206.3273,0.2451923
206.3473,0.2451923
206.3673,0.2451923
206.3873,0.2451923
206.4073,0.2451923
206.4273,0.2451923
206.4473,0.2451923
206.4673,0.2451923
206.4873,0.2451923
206.5073,0.2451923
206.5273,0.2451923
206.5473,0.2451923
206.5673,0.2451923
206.5873,0.2451923
206.6073,0.2451923
206.6273,0.2451923
206.6473,0.2451923
206.6673,0.2451923
206.6873,0.2451923
206.7073,0.2451923
206.7273,0.2451923
206.7473,0.2451923
206.7673,0.2451923
206.7874,0.2451923
206.8074,0.2451923
206.8274,0.2451923
206.8474,0.2451923
206.8674,0.2451923
206.8874,0.2451923
206.9074,0.2451923
206.9274,0.2451923
206.9474,0.2451923
206.9674,0.2451923
206.9874,0.2451923
207.0074,0.2451923
207.0274,0.2451923
207.0474,0.2451923
207.0674,0.2451923
207.0874,0.2451923
207.1074,0.2451923
207.1274,0.2451923
207.1474,0.2451923
207.1674,0.2451923
207.1874,0.2451923
207.2074,0.2451923
207.2274,0.2451923
207.2475,0.2451923
207.2675,0.2451923
207.2875,0.2451923
207.3075,0.2451923
207.3275,0.2451923
207.3475,0.2451923
207.3675,0.2451923
207.3875,0.2451923
207.4075,0.2451923
207.4275,0.2451923
207.4475,0.2451923
207.4675,0.2451923
207.4875,0.2451923
207.5075,0.2451923
207.5275,0.2451923
207.5475,0.2451923
207.5675,0.2451923
207.5875,0.2451923
207.6075,0.2451923
207.6275,0.2451923
207.6475,0.2451923
207.6675,0.2451923
207.6875,0.2451923
207.7076,0.2451923
207.7276,0.2451923
207.7476,0.2451923
207.7676,0.2451923
207.7876,0.2451923
207.8076,0.2451923
207.8276,0.2451923
207.8476,0.2451923
207.8676,0.2451923
207.8876,0.2451923
207.9076,0.2451923
207.9276,0.2451923
207.9476,0.2451923
207.9676,0.2451923
207.9876,0.2451923
208.0076,0.2451923
208.0276,0.2451923
208.0476,0.2451923
208.0676,0.2451923
208.0876,0.2451923
208.1076,0.2451923
208.1276,0.2451923
208.1476,0.2451923
208.1676,0.2451923
208.1877,0.2451923
208.2077,0.2451923
208.2277,0.2451923
208.2477,0.2451923
208.2677,0.2451923
208.2877,0.2451923
208.3077,0.2451923
208.3277,0.2451923
208.3477,0.2451923
208.3677,0.2451923
208.3877,0.2451923
208.4077,0.2451923
208.4277,0.2451923
208.4477,0.2451923
208.4677,0.2451923
208.4877,0.2451923
208.5077,0.2451923
208.5277,0.2451923
208.5477,0.2451923
208.5677,0.2451923
208.5877,0.2451923
208.6077,0.2451923
208.6277,0.2451923
208.6478,0.2451923
208.6678,0.2451923
208.6878,0.2451923
208.7078,0.2451923
208.7278,0.2451923
208.7478,0.2451923
208.7678,0.2451923
208.7878,0.2451923
208.8078,0.2451923
208.8278,0.2451923
208.8478,0.2451923
208.8678,0.2451923
208.8878,0.2451923
208.9078,0.2451923
208.9278,0.2451923
208.9478,0.2451923
208.9678,0.2451923
208.9878,0.2451923
209.0078,0.2451923
209.0278,0.2451923
209.0478,0.2451923
209.0678,0.2451923
209.0878,0.2451923
209.1078,0.2451923
209.1279,0.2451923
209.1479,0.2451923
209.1679,0.2451923
209.1879,0.2451923
209.2079,0.2451923
209.2279,0.2451923
209.2479,0.2451923
209.2679,0.2451923
209.2879,0.2451923
209.3079,0.2451923
209.3279,0.2451923
209.3479,0.2451923
209.3679,0.2451923
209.3879,0.2451923
209.4079,0.2451923
209.4279,0.2451923
209.4479,0.2451923
209.4679,0.2451923
209.4879,0.2451923
209.5079,0.2451923
209.5279,0.2451923
209.5479,0.2451923
209.5679,0.2451923
209.588,0.2451923
209.608,0.2451923
209.628,0.2451923
209.648,0.2451923
209.668,0.2451923
209.688,0.2451923
209.708,0.2451923
209.728,0.2451923
209.748,0.2451923
209.768,0.2451923
209.788,0.2451923
209.808,0.2451923
209.828,0.2451923
209.848,0.2451923
209.868,0.2451923
209.888,0.2451923
209.908,0.2451923
209.928,0.2451923
209.948,0.2451923
209.968,0.2451923
209.988,0.2451923
210.008,0.2451923
210.028,0.2451923
210.048,0.2451923
210.0681,0.2451923
210.0881,0.2451923
210.1081,0.2451923
210.1281,0.2451923
210.1481,0.2451923
210.1681,0.2451923
210.1881,0.2451923
210.2081,0.2451923
210.2281,0.2451923
210.2481,0.2451923
210.2681,0.2451923
210.2881,0.2451923
210.3081,0.2451923
210.3281,0.2451923
210.3481,0.2451923
210.3681,0.2451923
210.3881,0.2451923
210.4081,0.2451923
210.4281,0.2451923
210.4481,0.2451923
210.4681,0.2451923
210.4881,0.2451923
210.5081,0.2451923
210.5282,0.2451923
210.5482,0.2451923
210.5682,0.2451923
210.5882,0.2451923
210.6082,0.2451923
210.6282,0.2451923
210.6482,0.2451923
210.6682,0.2451923
210.6882,0.2451923
210.7082,0.2451923
210.7282,0.2451923
210.7482,0.2451923
210.7682,0.2451923
210.7882,0.2451923
210.8082,0.2451923
210.8282,0.2451923
210.8482,0.2451923
210.8682,0.2451923
210.8882,0.2451923
210.9082,0.2451923
210.9282,0.2451923
210.9482,0.2451923
210.9682,0.2451923
210.9883,0.2451923
211.0083,0.2451923
211.0283,0.2451923
211.0483,0.2451923
211.0683,0.2451923
211.0883,0.2451923
211.1083,0.2451923
211.1283,0.2451923
211.1483,0.2451923
211.1683,0.2451923
211.1883,0.2451923
211.2083,0.2451923
211.2283,0.2451923
211.2483,0.2451923
211.2683,0.2451923
211.2883,0.2451923
211.3083,0.2451923
211.3283,0.2451923
211.3483,0.2451923
211.3683,0.2451923
211.3883,0.2451923
211.4083,0.2451923
211.4283,0.2451923
211.4483,0.2451923
211.4684,0.2451923
211.4884,0.2451923
211.5084,0.2451923
211.5284,0.2451923
211.5484,0.2451923
211.5684,0.2451923
211.5884,0.2451923
211.6084,0.2451923
211.6284,0.2451923
211.6484,0.2451923
211.6684,0.2451923
211.6884,0.2451923
211.7084,0.2451923
211.7284,0.2451923
211.7484,0.2451923
211.7684,0.2451923
211.7884,0.2451923
211.8084,0.2451923
211.8284,0.2451923
211.8484,0.2451923
211.8684,0.2451923
211.8884,0.2451923
211.9084,0.2451923
211.9285,0.2451923
211.9485,0.2451923
211.9685,0.2451923
211.9885,0.2451923
212.0085,0.2451923
212.0285,0.2451923
212.0485,0.2451923
212.0685,0.2451923
212.0885,0.2451923
212.1085,0.2451923
212.1285,0.2451923
212.1485,0.2451923
212.1685,0.2451923
212.1885,0.2451923
212.2085,0.2451923
212.2285,0.2451923
212.2485,0.2451923
212.2685,0.2451923
212.2885,0.2451923
212.3085,0.2451923
212.3285,0.2451923
212.3485,0.2451923
212.3685,0.2451923
212.3885,0.2451923
212.4086,0.2451923
212.4286,0.2451923
212.4486,0.2451923
212.4686,0.2451923
212.4886,0.2451923
212.5086,0.2451923
212.5286,0.2451923
212.5486,0.2451923
212.5686,0.2451923
212.5886,0.2451923
212.6086,0.2451923
212.6286,0.2451923
212.6486,0.2451923
212.6686,0.2451923
212.6886,0.2451923
212.7086,0.2451923
212.7286,0.2451923
212.7486,0.2451923
212.7686,0.2451923
212.7886,0.2451923
212.8086,0.2451923
212.8286,0.2451923
212.8486,0.2451923
212.8687,0.2451923
212.8887,0.2451923
212.9087,0.2451923
212.9287,0.2451923
212.9487,0.2451923
212.9687,0.2451923
212.9887,0.2451923
213.0087,0.2451923
213.0287,0.2451923
213.0487,0.2451923
213.0687,0.2451923
213.0887,0.2451923
213.1087,0.2451923
213.1287,0.2451923
213.1487,0.2451923
213.1687,0.2451923
213.1887,0.2451923
213.2087,0.2451923
213.2287,0.2451923
213.2487,0.2451923
213.2687,0.2451923
213.2887,0.2451923
213.3087,0.2451923
213.3288,0.2451923
213.3488,0.2451923
213.3688,0.2451923
213.3888,0.2451923
213.4088,0.2451923
213.4288,0.2451923
213.4488,0.2451923
213.4688,0.2451923
213.4888,0.2451923
213.5088,0.2451923
213.5288,0.2451923
213.5488,0.2451923
213.5688,0.2451923
213.5888,0.2451923
213.6088,0.2451923
213.6288,0.2451923
213.6488,0.2451923
213.6688,0.2451923
213.6888,0.2451923
213.7088,0.2451923
213.7288,0.2451923
213.7488,0.2451923
213.7688,0.2451923
213.7888,0.2451923
213.8089,0.2451923
213.8289,0.2451923
213.8489,0.2451923
213.8689,0.2451923
213.8889,0.2451923
213.9089,0.2451923
213.9289,0.2451923
213.9489,0.2451923
213.9689,0.2451923
213.9889,0.2451923
214.0089,0.2451923
214.0289,0.2451923
214.0489,0.2451923
214.0689,0.2451923
214.0889,0.2451923
214.1089,0.2451923
214.1289,0.2451923
214.1489,0.2451923
214.1689,0.2451923
214.1889,0.2451923
214.2089,0.2451923
214.2289,0.2451923
214.2489,0.2451923
214.269,0.2451923
214.289,0.2451923
214.309,0.2451923
214.329,0.2451923
214.349,0.2451923
214.369,0.2451923
214.389,0.2451923
214.409,0.2451923
214.429,0.2451923
214.449,0.2451923
214.469,0.2451923
214.489,0.2451923
214.509,0.2451923
214.529,0.2451923
214.549,0.2451923
214.569,0.2451923
214.589,0.2451923
214.609,0.2451923
214.629,0.2451923
214.649,0.2451923
214.669,0.2451923
214.689,0.2451923
214.709,0.2451923
214.729,0.2451923
214.7491,0.2451923
214.7691,0.2451923
214.7891,0.2451923
214.8091,0.2451923
214.8291,0.2451923
214.8491,0.2451923
214.8691,0.2451923
214.8891,0.2451923
214.9091,0.2451923
214.9291,0.2451923
214.9491,0.2451923
214.9691,0.2451923
214.9891,0.2451923
215.0091,0.2451923
215.0291,0.2451923
215.0491,0.2451923
215.0691,0.2451923
215.0891,0.2451923
215.1091,0.2451923
215.1291,0.2451923
215.1491,0.2451923
215.1691,0.2451923
215.1891,0.2451923
215.2092,0.2451923
215.2292,0.2451923
215.2492,0.2451923
215.2692,0.2451923
215.2892,0.2451923
215.3092,0.2451923
215.3292,0.2451923
215.3492,0.2451923
215.3692,0.2451923
215.3892,0.2451923
215.4092,0.2451923
215.4292,0.2451923
215.4492,0.2451923
215.4692,0.2451923
215.4892,0.2451923
215.5092,0.2451923
215.5292,0.2451923
215.5492,0.2451923
215.5692,0.2451923
215.5892,0.2451923
215.6092,0.2451923
215.6292,0.2451923
215.6492,0.2451923
215.6693,0.2451923
215.6893,0.2451923
215.7093,0.2451923
215.7293,0.2451923
215.7493,0.2451923
215.7693,0.2451923
215.7893,0.2451923
215.8093,0.2451923
215.8293,0.2451923
215.8493,0.2451923
215.8693,0.2451923
215.8893,0.2451923
215.9093,0.2451923
215.9293,0.2451923
215.9493,0.2451923
215.9693,0.2451923
215.9893,0.2451923
216.0093,0.2451923
216.0293,0.2451923
216.0493,0.2451923
216.0693,0.2451923
216.0893,0.2451923
216.1093,0.2451923
216.1293,0.2451923
216.1494,0.2451923
216.1694,0.2451923
216.1894,0.2451923
216.2094,0.2451923
216.2294,0.2451923
216.2494,0.2451923
216.2694,0.2451923
216.2894,0.2451923
216.3094,0.2451923
216.3294,0.2451923
216.3494,0.2451923
216.3694,0.2451923
216.3894,0.2451923
216.4094,0.2451923
216.4294,0.2451923
216.4494,0.2451923
216.4694,0.2451923
216.4894,0.2451923
216.5094,0.2451923
216.5294,0.2451923
216.5494,0.2451923
216.5694,0.2451923
216.5894,0.2451923
216.6095,0.2451923
216.6295,0.2451923
216.6495,0.2451923
216.6695,0.2451923
216.6895,0.2451923
216.7095,0.2451923
216.7295,0.2451923
216.7495,0.2451923
216.7695,0.2451923
216.7895,0.2451923
216.8095,0.2451923
216.8295,0.2451923
216.8495,0.2451923
216.8695,0.2451923
216.8895,0.2451923
216.9095,0.2451923
216.9295,0.2451923
216.9495,0.2451923
216.9695,0.2451923
216.9895,0.2451923
217.0095,0.2451923
217.0295,0.2451923
217.0495,0.2451923
217.0695,0.2451923
217.0896,0.2451923
217.1096,0.2451923
217.1296,0.2451923
217.1496,0.2451923
217.1696,0.2451923
217.1896,0.2451923
217.2096,0.2451923
217.2296,0.2451923
217.2496,0.2451923
217.2696,0.2451923
217.2896,0.2451923
217.3096,0.2451923
217.3296,0.2451923
217.3496,0.2451923
217.3696,0.2451923
217.3896,0.2451923
217.4096,0.2451923
217.4296,0.2451923
217.4496,0.2451923
217.4696,0.2451923
217.4896,0.2451923
217.5096,0.2451923
217.5296,0.2451923
217.5497,0.2451923
217.5697,0.2451923
217.5897,0.2451923
217.6097,0.2451923
217.6297,0.2451923
217.6497,0.2451923
217.6697,0.2451923
217.6897,0.2451923
217.7097,0.2451923
217.7297,0.2451923
217.7497,0.2451923
217.7697,0.2451923
217.7897,0.2451923
217.8097,0.2451923
217.8297,0.2451923
217.8497,0.2451923
217.8697,0.2451923
217.8897,0.2451923
217.9097,0.2451923
217.9297,0.2451923
217.9497,0.2451923
217.9697,0.2451923
217.9897,0.2451923
218.0098,0.2451923
218.0298,0.2451923
218.0498,0.2451923
218.0698,0.2451923
218.0898,0.2451923
218.1098,0.2451923
218.1298,0.2451923
218.1498,0.2451923
218.1698,0.2451923
218.1898,0.2451923
218.2098,0.2451923
218.2298,0.2451923
218.2498,0.2451923
218.2698,0.2451923
218.2898,0.2451923
218.3098,0.2451923
218.3298,0.2451923
218.3498,0.2451923
218.3698,0.2451923
218.3898,0.2451923
218.4098,0.2451923
218.4298,0.2451923
218.4498,0.2451923
218.4698,0.2451923
218.4899,0.2451923
218.5099,0.2451923
218.5299,0.2451923
218.5499,0.2451923
218.5699,0.2451923
218.5899,0.2451923
218.6099,0.2451923
218.6299,0.2451923
218.6499,0.2451923
218.6699,0.2451923
218.6899,0.2451923
218.7099,0.2451923
218.7299,0.2451923
218.7499,0.2451923
218.7699,0.2451923
218.7899,0.2451923
218.8099,0.2451923
218.8299,0.2451923
218.8499,0.2451923
218.8699,0.2451923
218.8899,0.2451923
218.9099,0.2451923
218.9299,0.2451923
218.95,0.2451923
218.97,0.2451923
218.99,0.2451923
219.01,0.2451923
219.03,0.2451923
219.05,0.2451923
219.07,0.2451923
219.09,0.2451923
219.11,0.2451923
219.13,0.2451923
219.15,0.2451923
219.17,0.2451923
219.19,0.2451923
219.21,0.2451923
219.23,0.2451923
219.25,0.2451923
219.27,0.2451923
219.29,0.2451923
219.31,0.2451923
219.33,0.2451923
219.35,0.2451923
219.37,0.2451923
219.39,0.2451923
219.41,0.2451923
219.4301,0.2451923
219.4501,0.2451923
219.4701,0.2451923
219.4901,0.2451923
219.5101,0.2451923
219.5301,0.2451923
219.5501,0.2451923
219.5701,0.2451923
219.5901,0.2451923
219.6101,0.2451923
219.6301,0.2451923
219.6501,0.2451923
219.6701,0.2451923
219.6901,0.2451923
219.7101,0.2451923
219.7301,0.2451923
219.7501,0.2451923
219.7701,0.2451923
219.7901,0.2451923
219.8101,0.2451923
219.8301,0.2451923
219.8501,0.2451923
219.8701,0.2451923
219.8902,0.2451923
219.9102,0.2451923
219.9302,0.2451923
219.9502,0.2451923
219.9702,0.2451923
219.9902,0.2451923
220.0102,0.2451923
220.0302,0.2451923
220.0502,0.2451923
220.0702,0.2451923
220.0902,0.2451923
220.1102,0.2451923
220.1302,0.2451923
220.1502,0.2451923
220.1702,0.2451923
220.1902,0.2451923
220.2102,0.2451923
220.2302,0.2451923
220.2502,0.2451923
220.2702,0.2451923
220.2902,0.2451923
220.3102,0.2451923
220.3302,0.2451923
220.3503,0.2451923
220.3703,0.2451923
220.3903,0.2451923
220.4103,0.2451923
220.4303,0.2451923
220.4503,0.2451923
220.4703,0.2451923
220.4903,0.2451923
220.5103,0.2451923
220.5303,0.2451923
220.5503,0.2451923
220.5703,0.2451923
220.5903,0.2451923
220.6103,0.2451923
220.6303,0.2451923
220.6503,0.2451923
220.6703,0.2451923
220.6903,0.2451923
220.7103,0.2451923
220.7303,0.2451923
220.7503,0.2451923
220.7703,0.2451923
220.7903,0.2451923
220.8103,0.2451923
220.8304,0.2451923
220.8504,0.2451923
220.8704,0.2451923
220.8904,0.2451923
220.9104,0.2451923
220.9304,0.2451923
220.9504,0.2451923
220.9704,0.2451923
220.9904,0.2451923
221.0104,0.2451923
221.0304,0.2451923
221.0504,0.2451923
221.0704,0.2451923
221.0904,0.2451923
221.1104,0.2451923
221.1304,0.2451923
221.1504,0.2451923
221.1704,0.2451923
221.1904,0.2451923
221.2104,0.2451923
221.2304,0.2451923
221.2504,0.2451923
221.2704,0.2451923
221.2905,0.2451923
221.3105,0.2451923
221.3305,0.2451923
221.3505,0.2451923
221.3705,0.2451923
221.3905,0.2451923
221.4105,0.2451923
221.4305,0.2451923
221.4505,0.2451923
221.4705,0.2451923
221.4905,0.2451923
221.5105,0.2451923
221.5305,0.2451923
221.5505,0.2451923
221.5705,0.2451923
221.5905,0.2451923
221.6105,0.2451923
221.6305,0.2451923
221.6505,0.2451923
221.6705,0.2451923
221.6905,0.2451923
221.7105,0.2451923
221.7305,0.2451923
221.7505,0.2451923
221.7706,0.2451923
221.7906,0.2451923
221.8106,0.2451923
221.8306,0.2451923
221.8506,0.2451923
221.8706,0.2451923
221.8906,0.2451923
221.9106,0.2451923
221.9306,0.2451923
221.9506,0.2451923
221.9706,0.2451923
221.9906,0.2451923
222.0106,0.2451923
222.0306,0.2451923
222.0506,0.2451923
222.0706,0.2451923
222.0906,0.2451923
222.1106,0.2451923
222.1306,0.2451923
222.1506,0.2451923
222.1706,0.2451923
222.1906,0.2451923
222.2106,0.2451923
222.2307,0.2451923
222.2507,0.2451923
222.2707,0.2451923
222.2907,0.2451923
222.3107,0.2451923
222.3307,0.2451923
222.3507,0.2451923
222.3707,0.2451923
222.3907,0.2451923
222.4107,0.2451923
222.4307,0.2451923
222.4507,0.2451923
222.4707,0.2451923
222.4907,0.2451923
222.5107,0.2451923
222.5307,0.2451923
222.5507,0.2451923
222.5707,0.2451923
222.5907,0.2451923
222.6107,0.2451923
222.6307,0.2451923
222.6507,0.2451923
222.6707,0.2451923
222.6908,0.2451923
222.7108,0.2451923
222.7308,0.2451923
222.7508,0.2451923
222.7708,0.2451923
222.7908,0.2451923
222.8108,0.2451923
222.8308,0.2451923
222.8508,0.2451923
222.8708,0.2451923
222.8908,0.2451923
222.9108,0.2451923
222.9308,0.2451923
222.9508,0.2451923
222.9708,0.2451923
222.9908,0.2451923
223.0108,0.2451923
223.0308,0.2451923
223.0508,0.2451923
223.0708,0.2451923
223.0908,0.2451923
223.1108,0.2451923
223.1308,0.2451923
223.1508,0.2451923
223.1709,0.2451923
223.1909,0.2451923
223.2109,0.2451923
223.2309,0.2451923
223.2509,0.2451923
223.2709,0.2451923
223.2909,0.2451923
223.3109,0.2451923
223.3309,0.2451923
223.3509,0.2451923
223.3709,0.2451923
223.3909,0.2451923
223.4109,0.2451923
223.4309,0.2451923
223.4509,0.2451923
223.4709,0.2451923
223.4909,0.2451923
223.5109,0.2451923
223.5309,0.2451923
223.5509,0.2451923
223.5709,0.2451923
223.5909,0.2451923
223.6109,0.2451923
223.631,0.2451923
223.651,0.2451923
223.671,0.2451923
223.691,0.2451923
223.711,0.2451923
223.731,0.2451923
223.751,0.2451923
223.771,0.2451923
223.791,0.2451923
223.811,0.2451923
223.831,0.2451923
223.851,0.2451923
223.871,0.2451923
223.891,0.2451923
223.911,0.2451923
223.931,0.2451923
223.951,0.2451923
223.971,0.2451923
223.991,0.2451923
224.011,0.2451923
224.031,0.2451923
224.051,0.2451923
224.071,0.2451923
224.091,0.2451923
224.1111,0.2451923
224.1311,0.2451923
224.1511,0.2451923
224.1711,0.2451923
224.1911,0.2451923
224.2111,0.2451923
224.2311,0.2451923
224.2511,0.2451923
224.2711,0.2451923
224.2911,0.2451923
224.3111,0.2451923
224.3311,0.2451923
224.3511,0.2451923
224.3711,0.2451923
224.3911,0.2451923
224.4111,0.2451923
224.4311,0.2451923
224.4511,0.2451923
224.4711,0.2451923
224.4911,0.2451923
224.5111,0.2451923
224.5311,0.2451923
224.5511,0.2451923
224.5712,0.2451923
224.5912,0.2451923
224.6112,0.2451923
224.6312,0.2451923
224.6512,0.2451923
224.6712,0.2451923
224.6912,0.2451923
224.7112,0.2451923
224.7312,0.2451923
224.7512,0.2451923
224.7712,0.2451923
224.7912,0.2451923
224.8112,0.2451923
224.8312,0.2451923
224.8512,0.2451923
224.8712,0.2451923
224.8912,0.2451923
224.9112,0.2451923
224.9312,0.2451923
224.9512,0.2451923
224.9712,0.2451923
224.9912,0.2451923
225.0112,0.2451923
225.0313,0.2451923
225.0513,0.2451923
225.0713,0.2451923
225.0913,0.2451923
225.1113,0.2451923
225.1313,0.2451923
225.1513,0.2451923
225.1713,0.2451923
225.1913,0.2451923
225.2113,0.2451923
225.2313,0.2451923
225.2513,0.2451923
225.2713,0.2451923
225.2913,0.2451923
225.3113,0.2451923
225.3313,0.2451923
225.3513,0.2451923
225.3713,0.2451923
225.3913,0.2451923
225.4113,0.2451923
225.4313,0.2451923
225.4513,0.2451923
225.4713,0.2451923
225.4913,0.2451923
225.5114,0.2451923
225.5314,0.2451923
225.5514,0.2451923
225.5714,0.2451923
225.5914,0.2451923
225.6114,0.2451923
225.6314,0.2451923
225.6514,0.2451923
225.6714,0.2451923
225.6914,0.2451923
225.7114,0.2451923
225.7314,0.2451923
225.7514,0.2451923
225.7714,0.2451923
225.7914,0.2451923
225.8114,0.2451923
225.8314,0.2451923
225.8514,0.2451923
225.8714,0.2451923
225.8914,0.2451923
225.9114,0.2451923
225.9314,0.2451923
225.9514,0.2451923
225.9715,0.2451923
225.9915,0.2451923
226.0115,0.2451923
226.0315,0.2451923
226.0515,0.2451923
226.0715,0.2451923
226.0915,0.2451923
226.1115,0.2451923
226.1315,0.2451923
226.1515,0.2451923
226.1715,0.2451923
226.1915,0.2451923
226.2115,0.2451923
226.2315,0.2451923
226.2515,0.2451923
226.2715,0.2451923
226.2915,0.2451923
226.3115,0.2451923
226.3315,0.2451923
226.3515,0.2451923
226.3715,0.2451923
226.3915,0.2451923
226.4115,0.2451923
226.4315,0.2451923
226.4516,0.2451923
226.4716,0.2451923
226.4916,0.2451923
226.5116,0.2451923
226.5316,0.2451923
226.5516,0.2451923
226.5716,0.2451923
226.5916,0.2451923
226.6116,0.2451923
226.6316,0.2451923
226.6516,0.2451923
226.6716,0.2451923
226.6916,0.2451923
226.7116,0.2451923
226.7316,0.2451923
226.7516,0.2451923
226.7716,0.2451923
226.7916,0.2451923
226.8116,0.2451923
226.8316,0.2451923
226.8516,0.2451923
226.8716,0.2451923
226.8916,0.2451923
226.9117,0.2451923
226.9317,0.2451923
226.9517,0.2451923
226.9717,0.2451923
226.9917,0.2451923
227.0117,0.2451923
227.0317,0.2451923
227.0517,0.2451923
227.0717,0.2451923
227.0917,0.2451923
227.1117,0.2451923
227.1317,0.2451923
227.1517,0.2451923
227.1717,0.2451923
227.1917,0.2451923
227.2117,0.2451923
227.2317,0.2451923
227.2517,0.2451923
227.2717,0.2451923
227.2917,0.2451923
227.3117,0.2451923
227.3317,0.2451923
227.3517,0.2451923
227.3717,0.2451923
227.3918,0.2451923
227.4118,0.2451923
227.4318,0.2451923
227.4518,0.2451923
227.4718,0.2451923
227.4918,0.2451923
227.5118,0.2451923
227.5318,0.2451923
227.5518,0.2451923
227.5718,0.2451923
227.5918,0.2451923
227.6118,0.2451923
227.6318,0.2451923
227.6518,0.2451923
227.6718,0.2451923
227.6918,0.2451923
227.7118,0.2451923
227.7318,0.2451923
227.7518,0.2451923
227.7718,0.2451923
227.7918,0.2451923
227.8118,0.2451923
227.8318,0.2451923
227.8519,0.2451923
227.8719,0.2451923
227.8919,0.2451923
227.9119,0.2451923
227.9319,0.2451923
227.9519,0.2451923
227.9719,0.2451923
227.9919,0.2451923
228.0119,0.2451923
228.0319,0.2451923
228.0519,0.2451923
228.0719,0.2451923
228.0919,0.2451923
228.1119,0.2451923
228.1319,0.2451923
228.1519,0.2451923
228.1719,0.2451923
228.1919,0.2451923
228.2119,0.2451923
228.2319,0.2451923
228.2519,0.2451923
228.2719,0.2451923
228.2919,0.2451923
228.312,0.2451923
228.332,0.2451923
228.352,0.2451923
228.372,0.2451923
228.392,0.2451923
228.412,0.2451923
228.432,0.2451923
228.452,0.2451923
228.472,0.2451923
228.492,0.2451923
228.512,0.2451923
228.532,0.2451923
228.552,0.2451923
228.572,0.2451923
228.592,0.2451923
228.612,0.2451923
228.632,0.2451923
228.652,0.2451923
228.672,0.2451923
228.692,0.2451923
228.712,0.2451923
228.732,0.2451923
228.752,0.2451923
228.772,0.2451923
228.7921,0.2451923
228.8121,0.2451923
228.8321,0.2451923
228.8521,0.2451923
228.8721,0.2451923
228.8921,0.2451923
228.9121,0.2451923
228.9321,0.2451923
228.9521,0.2451923
228.9721,0.2451923
228.9921,0.2451923
229.0121,0.2451923
229.0321,0.2451923
229.0521,0.2451923
229.0721,0.2451923
229.0921,0.2451923
229.1121,0.2451923
229.1321,0.2451923
229.1521,0.2451923
229.1721,0.2451923
229.1921,0.2451923
229.2121,0.2451923
229.2321,0.2451923
229.2522,0.2451923
229.2722,0.2451923
229.2922,0.2451923
229.3122,0.2451923
229.3322,0.2451923
229.3522,0.2451923
229.3722,0.2451923
229.3922,0.2451923
229.4122,0.2451923
229.4322,0.2451923
229.4522,0.2451923
229.4722,0.2451923
229.4922,0.2451923
229.5122,0.2451923
229.5322,0.2451923
229.5522,0.2451923
229.5722,0.2451923
229.5922,0.2451923
229.6122,0.2451923
229.6322,0.2451923
229.6522,0.2451923
229.6722,0.2451923
229.6922,0.2451923
229.7122,0.2451923
229.7323,0.2451923
229.7523,0.2451923
229.7723,0.2451923
229.7923,0.2451923
229.8123,0.2451923
229.8323,0.2451923
229.8523,0.2451923
229.8723,0.2451923
229.8923,0.2451923
229.9123,0.2451923
229.9323,0.2451923
229.9523,0.2451923
229.9723,0.2451923
229.9923,0.2451923
230.0123,0.2451923
230.0323,0.2451923
230.0523,0.2451923
230.0723,0.2451923
230.0923,0.2451923
230.1123,0.2451923
230.1323,0.2451923
230.1523,0.2451923
230.1723,0.2451923
230.1924,0.2451923
230.2124,0.2451923
230.2324,0.2451923
230.2524,0.2451923
230.2724,0.2451923
230.2924,0.2451923
230.3124,0.2451923
230.3324,0.2451923
230.3524,0.2451923
230.3724,0.2451923
230.3924,0.2451923
230.4124,0.2451923
230.4324,0.2451923
230.4524,0.2451923
230.4724,0.2451923
230.4924,0.2451923
230.5124,0.2451923
230.5324,0.2451923
230.5524,0.2451923
230.5724,0.2451923
230.5924,0.2451923
230.6124,0.2451923
230.6324,0.2451923
230.6525,0.2451923
230.6725,0.2451923
230.6925,0.2451923
230.7125,0.2451923
230.7325,0.2451923
230.7525,0.2451923
230.7725,0.2451923
230.7925,0.2451923
230.8125,0.2451923
230.8325,0.2451923
230.8525,0.2451923
230.8725,0.2451923
230.8925,0.2451923
230.9125,0.2451923
230.9325,0.2451923
230.9525,0.2451923
230.9725,0.2451923
230.9925,0.2451923
231.0125,0.2451923
231.0325,0.2451923
231.0525,0.2451923
231.0725,0.2451923
231.0925,0.2451923
231.1125,0.2451923
231.1326,0.2451923
231.1526,0.2451923
231.1726,0.2451923
231.1926,0.2451923
231.2126,0.2451923
231.2326,0.2451923
231.2526,0.2451923
231.2726,0.2451923
231.2926,0.2451923
231.3126,0.2451923
231.3326,0.2451923
231.3526,0.2451923
231.3726,0.2451923
231.3926,0.2451923
231.4126,0.2451923
231.4326,0.2451923
231.4526,0.2451923
231.4726,0.2451923
231.4926,0.2451923
231.5126,0.2451923
231.5326,0.2451923
231.5526,0.2451923
231.5726,0.2451923
231.5927,0.2451923
231.6127,0.2451923
231.6327,0.2451923
231.6527,0.2451923
231.6727,0.2451923
231.6927,0.2451923
231.7127,0.2451923
231.7327,0.2451923
231.7527,0.2451923
231.7727,0.2451923
231.7927,0.2451923
231.8127,0.2451923
231.8327,0.2451923
231.8527,0.2451923
231.8727,0.2451923
231.8927,0.2451923
231.9127,0.2451923
231.9327,0.2451923
231.9527,0.2451923
231.9727,0.2451923
231.9927,0.2451923
232.0127,0.2451923
232.0327,0.2451923
232.0527,0.2451923
232.0728,0.2451923
232.0928,0.2451923
232.1128,0.2451923
232.1328,0.2451923
232.1528,0.2451923
232.1728,0.2451923
232.1928,0.2451923
232.2128,0.2451923
232.2328,0.2451923
232.2528,0.2451923
232.2728,0.2451923
232.2928,0.2451923
232.3128,0.2451923
232.3328,0.2451923
232.3528,0.2451923
232.3728,0.2451923
232.3928,0.2451923
232.4128,0.2451923
232.4328,0.2451923
232.4528,0.2451923
232.4728,0.2451923
232.4928,0.2451923
232.5128,0.2451923
232.5329,0.2451923
232.5529,0.2451923
232.5729,0.2451923
232.5929,0.2451923
232.6129,0.2451923
232.6329,0.2451923
232.6529,0.2451923
232.6729,0.2451923
232.6929,0.2451923
232.7129,0.2451923
232.7329,0.2451923
232.7529,0.2451923
232.7729,0.2451923
232.7929,0.2451923
232.8129,0.2451923
232.8329,0.2451923
232.8529,0.2451923
232.8729,0.2451923
232.8929,0.2451923
232.9129,0.2451923
232.9329,0.2451923
232.9529,0.2451923
232.9729,0.2451923
232.993,0.2451923
233.013,0.2451923
233.033,0.2451923
233.053,0.2451923
233.073,0.2451923
233.093,0.2451923
233.113,0.2451923
233.133,0.2451923
233.153,0.2451923
233.173,0.2451923
233.193,0.2451923
233.213,0.2451923
233.233,0.2451923
233.253,0.2451923
233.273,0.2451923
233.293,0.2451923
233.313,0.2451923
233.333,0.2451923
233.353,0.2451923
233.373,0.2451923
233.393,0.2451923
233.413,0.2451923
233.433,0.2451923
233.453,0.2451923
233.4731,0.2451923
233.4931,0.2451923
233.5131,0.2451923
233.5331,0.2451923
233.5531,0.2451923
233.5731,0.2451923
233.5931,0.2451923
233.6131,0.2451923
233.6331,0.2451923
233.6531,0.2451923
233.6731,0.2451923
233.6931,0.2451923
233.7131,0.2451923
233.7331,0.2451923
233.7531,0.2451923
233.7731,0.2451923
233.7931,0.2451923
233.8131,0.2451923
233.8331,0.2451923
233.8531,0.2451923
233.8731,0.2451923
233.8931,0.2451923
233.9131,0.2451923
233.9332,0.2451923
233.9532,0.2451923
233.9732,0.2451923
233.9932,0.2451923
234.0132,0.2451923
234.0332,0.2451923
234.0532,0.2451923
234.0732,0.2451923
234.0932,0.2451923
234.1132,0.2451923
234.1332,0.2451923
234.1532,0.2451923
234.1732,0.2451923
234.1932,0.2451923
234.2132,0.2451923
234.2332,0.2451923
234.2532,0.2451923
234.2732,0.2451923
234.2932,0.2451923
234.3132,0.2451923
234.3332,0.2451923
234.3532,0.2451923
234.3732,0.2451923
234.3932,0.2451923
234.4133,0.2451923
234.4333,0.2451923
234.4533,0.2451923
234.4733,0.2451923
234.4933,0.2451923
234.5133,0.2451923
234.5333,0.2451923
234.5533,0.2451923
234.5733,0.2451923
234.5933,0.2451923
234.6133,0.2451923
234.6333,0.2451923
234.6533,0.2451923
234.6733,0.2451923
234.6933,0.2451923
234.7133,0.2451923
234.7333,0.2451923
234.7533,0.2451923
234.7733,0.2451923
234.7933,0.2451923
234.8133,0.2451923
234.8333,0.2451923
234.8533,0.2451923
234.8734,0.2451923
234.8934,0.2451923
234.9134,0.2451923
234.9334,0.2451923
234.9534,0.2451923
234.9734,0.2451923
234.9934,0.2451923
235.0134,0.2451923
235.0334,0.2451923
235.0534,0.2451923
235.0734,0.2451923
235.0934,0.2451923
235.1134,0.2451923
235.1334,0.2451923
235.1534,0.2451923
235.1734,0.2451923
235.1934,0.2451923
235.2134,0.2451923
235.2334,0.2451923
235.2534,0.2451923
235.2734,0.2451923
235.2934,0.2451923
235.3134,0.2451923
235.3335,0.2451923
235.3535,0.2451923
235.3735,0.2451923
235.3935,0.2451923
235.4135,0.2451923
235.4335,0.2451923
235.4535,0.2451923
235.4735,0.2451923
235.4935,0.2451923
235.5135,0.2451923
235.5335,0.2451923
235.5535,0.2451923
235.5735,0.2451923
235.5935,0.2451923
235.6135,0.2451923
235.6335,0.2451923
235.6535,0.2451923
235.6735,0.2451923
235.6935,0.2451923
235.7135,0.2451923
235.7335,0.2451923
235.7535,0.2451923
235.7735,0.2451923
235.7935,0.2451923
235.8136,0.2451923
235.8336,0.2451923
235.8536,0.2451923
235.8736,0.2451923
235.8936,0.2451923
235.9136,0.2451923
235.9336,0.2451923
235.9536,0.2451923
235.9736,0.2451923
235.9936,0.2451923
236.0136,0.2451923
236.0336,0.2451923
236.0536,0.2451923
236.0736,0.2451923
236.0936,0.2451923
236.1136,0.2451923
236.1336,0.2451923
236.1536,0.2451923
236.1736,0.2451923
236.1936,0.2451923
236.2136,0.2451923
236.2336,0.2451923
236.2536,0.2451923
236.2737,0.2451923
236.2937,0.2451923
236.3137,0.2451923
236.3337,0.2451923
236.3537,0.2451923
236.3737,0.2451923
236.3937,0.2451923
236.4137,0.2451923
236.4337,0.2451923
236.4537,0.2451923
236.4737,0.2451923
236.4937,0.2451923
236.5137,0.2451923
236.5337,0.2451923
236.5537,0.2451923
236.5737,0.2451923
236.5937,0.2451923
236.6137,0.2451923
236.6337,0.2451923
236.6537,0.2451923
236.6737,0.2451923
236.6937,0.2451923
236.7137,0.2451923
236.7337,0.2451923
236.7538,0.2451923
236.7738,0.2451923
236.7938,0.2451923
236.8138,0.2451923
236.8338,0.2451923
236.8538,0.2451923
236.8738,0.2451923
236.8938,0.2451923
236.9138,0.2451923
236.9338,0.2451923
236.9538,0.2451923
236.9738,0.2451923
236.9938,0.2451923
237.0138,0.2451923
237.0338,0.2451923
237.0538,0.2451923
237.0738,0.2451923
237.0938,0.2451923
237.1138,0.2451923
237.1338,0.2451923
237.1538,0.2451923
237.1738,0.2451923
237.1938,0.2451923
237.2139,0.2451923
237.2339,0.2451923
237.2539,0.2451923
237.2739,0.2451923
237.2939,0.2451923
237.3139,0.2451923
237.3339,0.2451923
237.3539,0.2451923
237.3739,0.2451923
237.3939,0.2451923
237.4139,0.2451923
237.4339,0.2451923
237.4539,0.2451923
237.4739,0.2451923
237.4939,0.2451923
237.5139,0.2451923
237.5339,0.2451923
237.5539,0.2451923
237.5739,0.2451923
237.5939,0.2451923
237.6139,0.2451923
237.6339,0.2451923
237.6539,0.2451923
237.674,0.2451923
237.694,0.2451923
237.714,0.2451923
237.734,0.2451923
237.754,0.2451923
237.774,0.2451923
237.794,0.2451923
237.814,0.2451923
237.834,0.2451923
237.854,0.2451923
237.874,0.2451923
237.894,0.2451923
237.914,0.2451923
237.934,0.2451923
237.954,0.2451923
237.974,0.2451923
237.994,0.2451923
238.014,0.2451923
238.034,0.2451923
238.054,0.2451923
238.074,0.2451923
238.094,0.2451923
238.114,0.2451923
238.134,0.2451923
238.1541,0.2451923
238.1741,0.2451923
238.1941,0.2451923
238.2141,0.2451923
238.2341,0.2451923
238.2541,0.2451923
238.2741,0.2451923
238.2941,0.2451923
238.3141,0.2451923
238.3341,0.2451923
238.3541,0.2451923
238.3741,0.2451923
238.3941,0.2451923
238.4141,0.2451923
238.4341,0.2451923
238.4541,0.2451923
238.4741,0.2451923
238.4941,0.2451923
238.5141,0.2451923
238.5341,0.2451923
238.5541,0.2451923
238.5741,0.2451923
238.5941,0.2451923
238.6142,0.2451923
238.6342,0.2451923
238.6542,0.2451923
238.6742,0.2451923
238.6942,0.2451923
238.7142,0.2451923
238.7342,0.2451923
238.7542,0.2451923
238.7742,0.2451923
238.7942,0.2451923
238.8142,0.2451923
238.8342,0.2451923
238.8542,0.2451923
238.8742,0.2451923
238.8942,0.2451923
238.9142,0.2451923
238.9342,0.2451923
238.9542,0.2451923
238.9742,0.2451923
238.9942,0.2451923
239.0142,0.2451923
239.0342,0.2451923
239.0542,0.2451923
239.0742,0.2451923
239.0943,0.2451923
239.1143,0.2451923
239.1343,0.2451923
239.1543,0.2451923
239.1743,0.2451923
239.1943,0.2451923
239.2143,0.2451923
239.2343,0.2451923
239.2543,0.2451923
239.2743,0.2451923
239.2943,0.2451923
239.3143,0.2451923
239.3343,0.2451923
239.3543,0.2451923
239.3743,0.2451923
239.3943,0.2451923
239.4143,0.2451923
239.4343,0.2451923
239.4543,0.2451923
239.4743,0.2451923
239.4943,0.2451923
239.5143,0.2451923
239.5343,0.2451923
239.5544,0.2451923
239.5744,0.2451923
239.5944,0.2451923
239.6144,0.2451923
239.6344,0.2451923
239.6544,0.2451923
239.6744,0.2451923
239.6944,0.2451923
239.7144,0.2451923
239.7344,0.2451923
239.7544,0.2451923
239.7744,0.2451923
239.7944,0.2451923
239.8144,0.2451923
239.8344,0.2451923
239.8544,0.2451923
239.8744,0.2451923
239.8944,0.2451923
239.9144,0.2451923
239.9344,0.2451923
239.9544,0.2451923
239.9744,0.2451923
239.9944,0.2451923
240.0145,0.2451923
240.0345,0.2451923
240.0545,0.2451923
240.0745,0.2451923
240.0945,0.2451923
240.1145,0.2451923
240.1345,0.2451923
240.1545,0.2451923
240.1745,0.2451923
240.1945,0.2451923
240.2145,0.2451923
240.2345,0.2451923
240.2545,0.2451923
240.2745,0.2451923
240.2945,0.2451923
240.3145,0.2451923
240.3345,0.2451923
240.3545,0.2451923
240.3745,0.2451923
240.3945,0.2451923
240.4145,0.2451923
240.4345,0.2451923
240.4545,0.2451923
240.4745,0.2451923
240.4946,0.2451923
240.5146,0.2451923
240.5346,0.2451923
240.5546,0.2451923
240.5746,0.2451923
240.5946,0.2451923
240.6146,0.2451923
240.6346,0.2451923
240.6546,0.2451923
240.6746,0.2451923
240.6946,0.2451923
240.7146,0.2451923
240.7346,0.2451923
240.7546,0.2451923
240.7746,0.2451923
240.7946,0.2451923
240.8146,0.2451923
240.8346,0.2451923
240.8546,0.2451923
240.8746,0.2451923
240.8946,0.2451923
240.9146,0.2451923
240.9346,0.2451923
240.9547,0.2451923
240.9747,0.2451923
240.9947,0.2451923
241.0147,0.2451923
241.0347,0.2451923
241.0547,0.2451923
241.0747,0.2451923
241.0947,0.2451923
241.1147,0.2451923
241.1347,0.2451923
241.1547,0.2451923
241.1747,0.2451923
241.1947,0.2451923
241.2147,0.2451923
241.2347,0.2451923
241.2547,0.2451923
241.2747,0.2451923
241.2947,0.2451923
241.3147,0.2451923
241.3347,0.2451923
241.3547,0.2451923
241.3747,0.2451923
241.3947,0.2451923
241.4147,0.2451923
241.4348,0.2451923
241.4548,0.2451923
241.4748,0.2451923
241.4948,0.2451923
241.5148,0.2451923
241.5348,0.2451923
241.5548,0.2451923
241.5748,0.2451923
241.5948,0.2451923
241.6148,0.2451923
241.6348,0.2451923
241.6548,0.2451923
241.6748,0.2451923
241.6948,0.2451923
241.7148,0.2451923
241.7348,0.2451923
241.7548,0.2451923
241.7748,0.2451923
241.7948,0.2451923
241.8148,0.2451923
241.8348,0.2451923
241.8548,0.2451923
241.8748,0.2451923
241.8949,0.2451923
241.9149,0.2451923
241.9349,0.2451923
241.9549,0.2451923
241.9749,0.2451923
241.9949,0.2451923
242.0149,0.2451923
242.0349,0.2451923
242.0549,0.2451923
242.0749,0.2451923
242.0949,0.2451923
242.1149,0.2451923
242.1349,0.2451923
242.1549,0.2451923
242.1749,0.2451923
242.1949,0.2451923
242.2149,0.2451923
242.2349,0.2451923
242.2549,0.2451923
242.2749,0.2451923
242.2949,0.2451923
242.3149,0.2451923
242.3349,0.2451923
242.3549,0.2451923
242.375,0.2451923
242.395,0.2451923
242.415,0.2451923
242.435,0.2451923
242.455,0.2451923
242.475,0.2451923
242.495,0.2451923
242.515,0.2451923
242.535,0.2451923
242.555,0.2451923
242.575,0.2451923
242.595,0.2451923
242.615,0.2451923
242.635,0.2451923
242.655,0.2451923
242.675,0.2451923
242.695,0.2451923
242.715,0.2451923
242.735,0.2451923
242.755,0.2451923
242.775,0.2451923
242.795,0.2451923
242.815,0.2451923
242.8351,0.2451923
242.8551,0.2451923
242.8751,0.2451923
242.8951,0.2451923
242.9151,0.2451923
242.9351,0.2451923
242.9551,0.2451923
242.9751,0.2451923
242.9951,0.2451923
243.0151,0.2451923
243.0351,0.2451923
243.0551,0.2451923
243.0751,0.2451923
243.0951,0.2451923
243.1151,0.2451923
243.1351,0.2451923
243.1551,0.2451923
243.1751,0.2451923
243.1951,0.2451923
243.2151,0.2451923
243.2351,0.2451923
243.2551,0.2451923
243.2751,0.2451923
243.2952,0.2451923
243.3152,0.2451923
243.3352,0.2451923
243.3552,0.2451923
243.3752,0.2451923
243.3952,0.2451923
243.4152,0.2451923
243.4352,0.2451923
243.4552,0.2451923
243.4752,0.2451923
243.4952,0.2451923
243.5152,0.2451923
243.5352,0.2451923
243.5552,0.2451923
243.5752,0.2451923
243.5952,0.2451923
243.6152,0.2451923
243.6352,0.2451923
243.6552,0.2451923
243.6752,0.2451923
243.6952,0.2451923
243.7152,0.2451923
243.7352,0.2451923
243.7552,0.2451923
243.7753,0.2451923
243.7953,0.2451923
243.8153,0.2451923
243.8353,0.2451923
243.8553,0.2451923
243.8753,0.2451923
243.8953,0.2451923
243.9153,0.2451923
243.9353,0.2451923
243.9553,0.2451923
243.9753,0.2451923
243.9953,0.2451923
244.0153,0.2451923
244.0353,0.2451923
244.0553,0.2451923
244.0753,0.2451923
244.0953,0.2451923
244.1153,0.2451923
244.1353,0.2451923
244.1553,0.2451923
244.1753,0.2451923
244.1953,0.2451923
244.2153,0.2451923
244.2354,0.2451923
244.2554,0.2451923
244.2754,0.2451923
244.2954,0.2451923
244.3154,0.2451923
244.3354,0.2451923
244.3554,0.2451923
244.3754,0.2451923
244.3954,0.2451923
244.4154,0.2451923
244.4354,0.2451923
244.4554,0.2451923
244.4754,0.2451923
244.4954,0.2451923
244.5154,0.2451923
244.5354,0.2451923
244.5554,0.2451923
244.5754,0.2451923
244.5954,0.2451923
244.6154,0.2451923
244.6354,0.2451923
244.6554,0.2451923
244.6754,0.2451923
244.6954,0.2451923
244.7155,0.2451923
244.7355,0.2451923
244.7555,0.2451923
244.7755,0.2451923
244.7955,0.2451923
244.8155,0.2451923
244.8355,0.2451923
244.8555,0.2451923
244.8755,0.2451923
244.8955,0.2451923
244.9155,0.2451923
244.9355,0.2451923
244.9555,0.2451923
244.9755,0.2451923
244.9955,0.2451923
245.0155,0.2451923
245.0355,0.2451923
245.0555,0.2451923
245.0755,0.2451923
245.0955,0.2451923
245.1155,0.2451923
245.1355,0.2451923
245.1555,0.2451923
245.1756,0.2451923
245.1956,0.2451923
245.2156,0.2451923
245.2356,0.2451923
245.2556,0.2451923
245.2756,0.2451923
245.2956,0.2451923
245.3156,0.2451923
245.3356,0.2451923
245.3556,0.2451923
245.3756,0.2451923
245.3956,0.2451923
245.4156,0.2451923
245.4356,0.2451923
245.4556,0.2451923
245.4756,0.2451923
245.4956,0.2451923
245.5156,0.2451923
245.5356,0.2451923
245.5556,0.2451923
245.5756,0.2451923
245.5956,0.2451923
245.6156,0.2451923
245.6357,0.2451923
245.6557,0.2451923
245.6757,0.2451923
245.6957,0.2451923
245.7157,0.2451923
245.7357,0.2451923
245.7557,0.2451923
245.7757,0.2451923
245.7957,0.2451923
245.8157,0.2451923
245.8357,0.2451923
245.8557,0.2451923
245.8757,0.2451923
245.8957,0.2451923
245.9157,0.2451923
245.9357,0.2451923
245.9557,0.2451923
245.9757,0.2451923
245.9957,0.2451923
246.0157,0.2451923
246.0357,0.2451923
246.0557,0.2451923
246.0757,0.2451923
246.0957,0.2451923
246.1158,0.2451923
246.1358,0.2451923
246.1558,0.2451923
246.1758,0.2451923
246.1958,0.2451923
246.2158,0.2451923
246.2358,0.2451923
246.2558,0.2451923
246.2758,0.2451923
246.2958,0.2451923
246.3158,0.2451923
246.3358,0.2451923
246.3558,0.2451923
246.3758,0.2451923
246.3958,0.2451923
246.4158,0.2451923
246.4358,0.2451923
246.4558,0.2451923
246.4758,0.2451923
246.4958,0.2451923
246.5158,0.2451923
246.5358,0.2451923
246.5558,0.2451923
246.5759,0.2451923
246.5959,0.2451923
246.6159,0.2451923
246.6359,0.2451923
246.6559,0.2451923
246.6759,0.2451923
246.6959,0.2451923
246.7159,0.2451923
246.7359,0.2451923
246.7559,0.2451923
246.7759,0.2451923
246.7959,0.2451923
246.8159,0.2451923
246.8359,0.2451923
246.8559,0.2451923
246.8759,0.2451923
246.8959,0.2451923
246.9159,0.2451923
246.9359,0.2451923
246.9559,0.2451923
246.9759,0.2451923
246.9959,0.2451923
247.0159,0.2451923
247.0359,0.2451923
247.056,0.2451923
247.076,0.2451923
247.096,0.2451923
247.116,0.2451923
247.136,0.2451923
247.156,0.2451923
247.176,0.2451923
247.196,0.2451923
247.216,0.2451923
247.236,0.2451923
247.256,0.2451923
247.276,0.2451923
247.296,0.2451923
247.316,0.2451923
247.336,0.2451923
247.356,0.2451923
247.376,0.2451923
247.396,0.2451923
247.416,0.2451923
247.436,0.2451923
247.456,0.2451923
247.476,0.2451923
247.496,0.2451923
247.5161,0.2451923
247.5361,0.2451923
247.5561,0.2451923
247.5761,0.2451923
247.5961,0.2451923
247.6161,0.2451923
247.6361,0.2451923
247.6561,0.2451923
247.6761,0.2451923
247.6961,0.2451923
247.7161,0.2451923
247.7361,0.2451923
247.7561,0.2451923
247.7761,0.2451923
247.7961,0.2451923
247.8161,0.2451923
247.8361,0.2451923
247.8561,0.2451923
247.8761,0.2451923
247.8961,0.2451923
247.9161,0.2451923
247.9361,0.2451923
247.9561,0.2451923
247.9762,0.2451923
247.9962,0.2451923
248.0162,0.2451923
248.0362,0.2451923
248.0562,0.2451923
248.0762,0.2451923
248.0962,0.2451923
248.1162,0.2451923
248.1362,0.2451923
248.1562,0.2451923
248.1762,0.2451923
248.1962,0.2451923
248.2162,0.2451923
248.2362,0.2451923
248.2562,0.2451923
248.2762,0.2451923
248.2962,0.2451923
248.3162,0.2451923
248.3362,0.2451923
248.3562,0.2451923
248.3762,0.2451923
248.3962,0.2451923
248.4162,0.2451923
248.4362,0.2451923
248.4563,0.2451923
248.4763,0.2451923
248.4963,0.2451923
248.5163,0.2451923
248.5363,0.2451923
248.5563,0.2451923
248.5763,0.2451923
248.5963,0.2451923
248.6163,0.2451923
248.6363,0.2451923
248.6563,0.2451923
248.6763,0.2451923
248.6963,0.2451923
248.7163,0.2451923
248.7363,0.2451923
248.7563,0.2451923
248.7763,0.2451923
248.7963,0.2451923
248.8163,0.2451923
248.8363,0.2451923
248.8563,0.2451923
248.8763,0.2451923
248.8963,0.2451923
248.9164,0.2451923
248.9364,0.2451923
248.9564,0.2451923
248.9764,0.2451923
248.9964,0.2451923
249.0164,0.2451923
249.0364,0.2451923
249.0564,0.2451923
249.0764,0.2451923
249.0964,0.2451923
249.1164,0.2451923
249.1364,0.2451923
249.1564,0.2451923
249.1764,0.2451923
249.1964,0.2451923
249.2164,0.2451923
249.2364,0.2451923
249.2564,0.2451923
249.2764,0.2451923
249.2964,0.2451923
249.3164,0.2451923
249.3364,0.2451923
249.3564,0.2451923
249.3764,0.2451923
249.3965,0.2451923
249.4165,0.2451923
249.4365,0.2451923
249.4565,0.2451923
249.4765,0.2451923
249.4965,0.2451923
249.5165,0.2451923
249.5365,0.2451923
249.5565,0.2451923
249.5765,0.2451923
249.5965,0.2451923
249.6165,0.2451923
249.6365,0.2451923
249.6565,0.2451923
249.6765,0.2451923
249.6965,0.2451923
249.7165,0.2451923
249.7365,0.2451923
249.7565,0.2451923
249.7765,0.2451923
249.7965,0.2451923
249.8165,0.2451923
249.8365,0.2451923
249.8566,0.2451923
249.8766,0.2451923
249.8966,0.2451923
249.9166,0.2451923
249.9366,0.2451923
249.9566,0.2451923
249.9766,0.2451923
249.9966,0.2451923
250.0166,0.2451923
250.0366,0.2451923
250.0566,0.2451923
250.0766,0.2451923
250.0966,0.2451923
250.1166,0.2451923
250.1366,0.2451923
250.1566,0.2451923
250.1766,0.2451923
250.1966,0.2451923
250.2166,0.2451923
250.2366,0.2451923
250.2566,0.2451923
250.2766,0.2451923
250.2966,0.2451923
250.3167,0.2451923
250.3367,0.2451923
250.3567,0.2451923
250.3767,0.2451923
250.3967,0.2451923
250.4167,0.2451923
250.4367,0.2451923
250.4567,0.2451923
250.4767,0.2451923
250.4967,0.2451923
250.5167,0.2451923
250.5367,0.2451923
250.5567,0.2451923
250.5767,0.2451923
250.5967,0.2451923
250.6167,0.2451923
250.6367,0.2451923
250.6567,0.2451923
250.6767,0.2451923
250.6967,0.2451923
250.7167,0.2451923
250.7367,0.2451923
250.7567,0.2451923
250.7767,0.2451923
250.7968,0.2451923
250.8168,0.2451923
250.8368,0.2451923
250.8568,0.2451923
250.8768,0.2451923
250.8968,0.2451923
250.9168,0.2451923
250.9368,0.2451923
250.9568,0.2451923
250.9768,0.2451923
250.9968,0.2451923
251.0168,0.2451923
251.0368,0.2451923
251.0568,0.2451923
251.0768,0.2451923
251.0968,0.2451923
251.1168,0.2451923
251.1368,0.2451923
251.1568,0.2451923
251.1768,0.2451923
251.1968,0.2451923
251.2168,0.2451923
251.2368,0.2451923
251.2569,0.2451923
251.2769,0.2451923
251.2969,0.2451923
251.3169,0.2451923
251.3369,0.2451923
251.3569,0.2451923
251.3769,0.2451923
251.3969,0.2451923
251.4169,0.2451923
251.4369,0.2451923
251.4569,0.2451923
251.4769,0.2451923
251.4969,0.2451923
251.5169,0.2451923
251.5369,0.2451923
251.5569,0.2451923
251.5769,0.2451923
251.5969,0.2451923
251.6169,0.2451923
251.6369,0.2451923
251.6569,0.2451923
251.6769,0.2451923
251.6969,0.2451923
251.7169,0.2451923
251.737,0.2451923
251.757,0.2451923
251.777,0.2451923
251.797,0.2451923
251.817,0.2451923
251.837,0.2451923
251.857,0.2451923
251.877,0.2451923
251.897,0.2451923
251.917,0.2451923
251.937,0.2451923
251.957,0.2451923
251.977,0.2451923
251.997,0.2451923
252.017,0.2451923
252.037,0.2451923
252.057,0.2451923
252.077,0.2451923
252.097,0.2451923
252.117,0.2451923
252.137,0.2451923
252.157,0.2451923
252.177,0.2451923
252.1971,0.2451923
252.2171,0.2451923
252.2371,0.2451923
252.2571,0.2451923
252.2771,0.2451923
252.2971,0.2451923
252.3171,0.2451923
252.3371,0.2451923
252.3571,0.2451923
252.3771,0.2451923
252.3971,0.2451923
252.4171,0.2451923
252.4371,0.2451923
252.4571,0.2451923
252.4771,0.2451923
252.4971,0.2451923
252.5171,0.2451923
252.5371,0.2451923
252.5571,0.2451923
252.5771,0.2451923
252.5971,0.2451923
252.6171,0.2451923
252.6371,0.2451923
252.6572,0.2451923
252.6772,0.2451923
252.6972,0.2451923
252.7172,0.2451923
252.7372,0.2451923
252.7572,0.2451923
252.7772,0.2451923
252.7972,0.2451923
252.8172,0.2451923
252.8372,0.2451923
252.8572,0.2451923
252.8772,0.2451923
252.8972,0.2451923
252.9172,0.2451923
252.9372,0.2451923
252.9572,0.2451923
252.9772,0.2451923
252.9972,0.2451923
253.0172,0.2451923
253.0372,0.2451923
253.0572,0.2451923
253.0772,0.2451923
253.0972,0.2451923
253.1172,0.2451923
253.1373,0.2451923
253.1573,0.2451923
253.1773,0.2451923
253.1973,0.2451923
253.2173,0.2451923
253.2373,0.2451923
253.2573,0.2451923
253.2773,0.2451923
253.2973,0.2451923
253.3173,0.2451923
253.3373,0.2451923
253.3573,0.2451923
253.3773,0.2451923
253.3973,0.2451923
253.4173,0.2451923
253.4373,0.2451923
253.4573,0.2451923
253.4773,0.2451923
253.4973,0.2451923
253.5173,0.2451923
253.5373,0.2451923
253.5573,0.2451923
253.5773,0.2451923
253.5974,0.2451923
253.6174,0.2451923
253.6374,0.2451923
253.6574,0.2451923
253.6774,0.2451923
253.6974,0.2451923
253.7174,0.2451923
253.7374,0.2451923
253.7574,0.2451923
253.7774,0.2451923
253.7974,0.2451923
253.8174,0.2451923
253.8374,0.2451923
253.8574,0.2451923
253.8774,0.2451923
253.8974,0.2451923
253.9174,0.2451923
253.9374,0.2451923
253.9574,0.2451923
253.9774,0.2451923
253.9974,0.2451923
254.0174,0.2451923
254.0374,0.2451923
254.0574,0.2451923
254.0775,0.2451923
254.0975,0.2451923
254.1175,0.2451923
254.1375,0.2451923
254.1575,0.2451923
254.1775,0.2451923
254.1975,0.2451923
254.2175,0.2451923
254.2375,0.2451923
254.2575,0.2451923
254.2775,0.2451923
254.2975,0.2451923
254.3175,0.2451923
254.3375,0.2451923
254.3575,0.2451923
254.3775,0.2451923
254.3975,0.2451923
254.4175,0.2451923
254.4375,0.2451923
254.4575,0.2451923
254.4775,0.2451923
254.4975,0.2451923
254.5175,0.2451923
254.5376,0.2451923
254.5576,0.2451923
254.5776,0.2451923
254.5976,0.2451923
254.6176,0.2451923
254.6376,0.2451923
254.6576,0.2451923
254.6776,0.2451923
254.6976,0.2451923
254.7176,0.2451923
254.7376,0.2451923
254.7576,0.2451923
254.7776,0.2451923
254.7976,0.2451923
254.8176,0.2451923
254.8376,0.2451923
254.8576,0.2451923
254.8776,0.2451923
254.8976,0.2451923
254.9176,0.2451923
254.9376,0.2451923
254.9576,0.2451923
254.9776,0.2451923
254.9977,0.2451923
255.0177,0.2451923
255.0377,0.2451923
255.0577,0.2451923
255.0777,0.2451923
255.0977,0.2451923
255.1177,0.2451923
255.1377,0.2451923
255.1577,0.2451923
255.1777,0.2451923
255.1977,0.2451923
255.2177,0.2451923
255.2377,0.2451923
255.2577,0.2451923
255.2777,0.2451923
255.2977,0.2451923
255.3177,0.2451923
255.3377,0.2451923
255.3577,0.2451923
255.3777,0.2451923
255.3977,0.2451923
255.4177,0.2451923
255.4377,0.2451923
255.4577,0.2451923
255.4778,0.2451923
255.4978,0.2451923
255.5178,0.2451923
255.5378,0.2451923
255.5578,0.2451923
255.5778,0.2451923
255.5978,0.2451923
255.6178,0.2451923
255.6378,0.2451923
255.6578,0.2451923
255.6778,0.2451923
255.6978,0.2451923
255.7178,0.2451923
255.7378,0.2451923
255.7578,0.2451923
255.7778,0.2451923
255.7978,0.2451923
255.8178,0.2451923
255.8378,0.2451923
255.8578,0.2451923
255.8778,0.2451923
255.8978,0.2451923
255.9178,0.2451923
255.9379,0.2451923
255.9579,0.2451923
255.9779,0.2451923
255.9979,0.2451923
256.0179,0.2451923
256.0378,0.2451923
256.0578,0.2451923
256.0778,0.2451923
256.0978,0.2451923
256.1178,0.2451923
256.1378,0.2451923
256.1578,0.2451923
256.1778,0.2451923
256.1978,0.2451923
256.2177,0.2451923
256.2377,0.2451923
256.2577,0.2451923
256.2777,0.2451923
256.2977,0.2451923
256.3177,0.2451923
256.3377,0.2451923
256.3577,0.2451923
256.3777,0.2451923
256.3976,0.2451923
256.4176,0.2451923
256.4376,0.2451923
256.4576,0.2451923
256.4776,0.2451923
256.4976,0.2451923
256.5176,0.2451923
256.5376,0.2451923
256.5576,0.2451923
256.5775,0.2451923
256.5975,0.2451923
256.6175,0.2451923
256.6375,0.2451923
256.6575,0.2451923
256.6775,0.2451923
256.6975,0.2451923
256.7175,0.2451923
256.7375,0.2451923
256.7574,0.2451923
256.7774,0.2451923
256.7974,0.2451923
256.8174,0.2451923
256.8374,0.2451923
256.8574,0.2451923
256.8774,0.2451923
256.8974,0.2451923
256.9174,0.2451923
256.9373,0.2451923
256.9573,0.2451923
256.9773,0.2451923
256.9973,0.2451923
257.0173,0.2451923
257.0373,0.2451923
257.0573,0.2451923
257.0773,0.2451923
257.0973,0.2451923
257.1172,0.2451923
257.1372,0.2451923
257.1572,0.2451923
257.1772,0.2451923
257.1972,0.2451923
257.2172,0.2451923
257.2372,0.2451923
257.2572,0.2451923
257.2772,0.2451923
257.2971,0.2451923
257.3171,0.2451923
257.3371,0.2451923
257.3571,0.2451923
257.3771,0.2451923
257.3971,0.2451923
257.4171,0.2451923
257.4371,0.2451923
257.4571,0.2451923
257.4771,0.2451923
257.497,0.2451923
257.517,0.2451923
257.537,0.2451923
257.557,0.2451923
257.577,0.2451923
257.597,0.2451923
257.617,0.2451923
257.637,0.2451923
257.657,0.2451923
257.6769,0.2451923
257.6969,0.2451923
257.7169,0.2451923
257.7369,0.2451923
257.7569,0.2451923
257.7769,0.2451923
257.7969,0.2451923
257.8169,0.2451923
257.8369,0.2451923
257.8568,0.2451923
257.8768,0.2451923
257.8968,0.2451923
257.9168,0.2451923
257.9368,0.2451923
257.9568,0.2451923
257.9768,0.2451923
257.9968,0.2451923
258.0168,0.2451923
258.0367,0.2451923
258.0567,0.2451923
258.0767,0.2451923
258.0967,0.2451923
258.1167,0.2451923
258.1367,0.2451923
258.1567,0.2451923
258.1767,0.2451923
258.1967,0.2451923
258.2166,0.2451923
258.2366,0.2451923
258.2566,0.2451923
258.2766,0.2451923
258.2966,0.2451923
258.3166,0.2451923
258.3366,0.2451923
258.3566,0.2451923
258.3766,0.2451923
258.3965,0.2451923
258.4165,0.2451923
258.4365,0.2451923
258.4565,0.2451923
258.4765,0.2451923
258.4965,0.2451923
258.5165,0.2451923
258.5365,0.2451923
258.5565,0.2451923
258.5764,0.2451923
258.5964,0.2451923
258.6164,0.2451923
258.6364,0.2451923
258.6564,0.2451923
258.6764,0.2451923
258.6964,0.2451923
258.7164,0.2451923
258.7364,0.2451923
258.7563,0.2451923
258.7763,0.2451923
258.7963,0.2451923
258.8163,0.2451923
258.8363,0.2451923
258.8563,0.2451923
258.8763,0.2451923
258.8963,0.2451923
258.9163,0.2451923
258.9362,0.2451923
258.9562,0.2451923
258.9762,0.2451923
258.9962,0.2451923
259.0162,0.2451923
259.0362,0.2451923
259.0562,0.2451923
259.0762,0.2451923
259.0962,0.2451923
259.1161,0.2451923
259.1361,0.2451923
259.1561,0.2451923
259.1761,0.2451923
259.1961,0.2451923
259.2161,0.2451923
259.2361,0.2451923
259.2561,0.2451923
259.2761,0.2451923
259.2961,0.2451923
259.316,0.2451923
259.336,0.2451923
259.356,0.2451923
259.376,0.2451923
259.396,0.2451923
259.416,0.2451923
259.436,0.2451923
259.456,0.2451923
259.476,0.2451923
259.4959,0.2451923
259.5159,0.2451923
259.5359,0.2451923
259.5559,0.2451923
259.5759,0.2451923
259.5959,0.2451923
259.6159,0.2451923
259.6359,0.2451923
259.6559,0.2451923
259.6758,0.2451923
259.6958,0.2451923
259.7158,0.2451923
259.7358,0.2451923
259.7558,0.2451923
259.7758,0.2451923
259.7958,0.2451923
259.8158,0.2451923
259.8358,0.2451923
259.8557,0.2451923
259.8757,0.2451923
259.8957,0.2451923
259.9157,0.2451923
259.9357,0.2451923
259.9557,0.2451923
259.9757,0.2451923
259.9957,0.2451923
260.0157,0.2451923
260.0356,0.2451923
260.0556,0.2451923
260.0756,0.2451923
260.0956,0.2451923
260.1156,0.2451923
260.1356,0.2451923
260.1556,0.2451923
260.1756,0.2451923
260.1956,0.2451923
260.2155,0.2451923
260.2355,0.2451923
260.2555,0.2451923
260.2755,0.2451923
260.2955,0.2451923
260.3155,0.2451923
260.3355,0.2451923
260.3555,0.2451923
260.3755,0.2451923
260.3954,0.2451923
260.4154,0.2451923
260.4354,0.2451923
260.4554,0.2451923
260.4754,0.2451923
260.4954,0.2451923
260.5154,0.2451923
260.5354,0.2451923
260.5554,0.2451923
260.5753,0.2451923
260.5953,0.2451923
260.6153,0.2451923
260.6353,0.2451923
260.6553,0.2451923
260.6753,0.2451923
260.6953,0.2451923
260.7153,0.2451923
260.7353,0.2451923
260.7552,0.2451923
260.7752,0.2451923
260.7952,0.2451923
260.8152,0.2451923
260.8352,0.2451923
260.8552,0.2451923
260.8752,0.2451923
260.8952,0.2451923
260.9152,0.2451923
260.9352,0.2451923
260.9551,0.2451923
260.9751,0.2451923
260.9951,0.2451923
261.0151,0.2451923
261.0351,0.2451923
261.0551,0.2451923
261.0751,0.2451923
261.0951,0.2451923
261.1151,0.2451923
261.135,0.2451923
261.155,0.2451923
261.175,0.2451923
261.195,0.2451923
261.215,0.2451923
261.235,0.2451923
261.255,0.2451923
261.275,0.2451923
261.295,0.2451923
261.3149,0.2451923
261.3349,0.2451923
261.3549,0.2451923
261.3749,0.2451923
261.3949,0.2451923
261.4149,0.2451923
261.4349,0.2451923
261.4549,0.2451923
261.4749,0.2451923
261.4948,0.2451923
261.5148,0.2451923
261.5348,0.2451923
261.5548,0.2451923
261.5748,0.2451923
261.5948,0.2451923
261.6148,0.2451923
261.6348,0.2451923
261.6548,0.2451923
261.6747,0.2451923
261.6947,0.2451923
261.7147,0.2451923
261.7347,0.2451923
261.7547,0.2451923
261.7747,0.2451923
261.7947,0.2451923
261.8147,0.2451923
261.8347,0.2451923
261.8546,0.2451923
261.8746,0.2451923
261.8946,0.2451923
261.9146,0.2451923
261.9346,0.2451923
261.9546,0.2451923
261.9746,0.2451923
261.9946,0.2451923
262.0146,0.2451923
262.0345,0.2451923
262.0545,0.2451923
262.0745,0.2451923
262.0945,0.2451923
262.1145,0.2451923
262.1345,0.2451923
262.1545,0.2451923
262.1745,0.2451923
262.1945,0.2451923
262.2144,0.2451923
262.2344,0.2451923
262.2544,0.2451923
262.2744,0.2451923
262.2944,0.2451923
262.3144,0.2451923
262.3344,0.2451923
262.3544,0.2451923
262.3744,0.2451923
262.3943,0.2451923
262.4143,0.2451923
262.4343,0.2451923
262.4543,0.2451923
262.4743,0.2451923
262.4943,0.2451923
262.5143,0.2451923
262.5343,0.2451923
262.5543,0.2451923
262.5742,0.2451923
262.5942,0.2451923
262.6142,0.2451923
262.6342,0.2451923
262.6542,0.2451923
262.6742,0.2451923
262.6942,0.2451923
262.7142,0.2451923
262.7342,0.2451923
262.7542,0.2451923
262.7741,0.2451923
262.7941,0.2451923
262.8141,0.2451923
262.8341,0.2451923
262.8541,0.2451923
262.8741,0.2451923
262.8941,0.2451923
262.9141,0.2451923
262.9341,0.2451923
262.954,0.2451923
262.974,0.2451923
262.994,0.2451923
263.014,0.2451923
263.034,0.2451923
263.054,0.2451923
263.074,0.2451923
263.094,0.2451923
263.114,0.2451923
263.1339,0.2451923
263.1539,0.2451923
263.1739,0.2451923
263.1939,0.2451923
263.2139,0.2451923
263.2339,0.2451923
263.2539,0.2451923
263.2739,0.2451923
263.2939,0.2451923
263.3138,0.2451923
263.3338,0.2451923
263.3538,0.2451923
263.3738,0.2451923
263.3938,0.2451923
263.4138,0.2451923
263.4338,0.2451923
263.4538,0.2451923
263.4738,0.2451923
263.4937,0.2451923
263.5137,0.2451923
263.5337,0.2451923
263.5537,0.2451923
263.5737,0.2451923
263.5937,0.2451923
263.6137,0.2451923
263.6337,0.2451923
263.6537,0.2451923
263.6736,0.2451923
263.6936,0.2451923
263.7136,0.2451923
263.7336,0.2451923
263.7536,0.2451923
263.7736,0.2451923
263.7936,0.2451923
263.8136,0.2451923
263.8336,0.2451923
263.8535,0.2451923
263.8735,0.2451923
263.8935,0.2451923
263.9135,0.2451923
263.9335,0.2451923
263.9535,0.2451923
263.9735,0.2451923
263.9935,0.2451923
264.0135,0.2451923
264.0334,0.2451923
264.0534,0.2451923
264.0734,0.2451923
264.0934,0.2451923
264.1134,0.2451923
264.1334,0.2451923
264.1534,0.2451923
264.1734,0.2451923
264.1934,0.2451923
264.2133,0.2451923
264.2333,0.2451923
264.2533,0.2451923
264.2733,0.2451923
264.2933,0.2451923
264.3133,0.2451923
264.3333,0.2451923
264.3533,0.2451923
264.3733,0.2451923
264.3932,0.2451923
264.4132,0.2451923
264.4332,0.2451923
264.4532,0.2451923
264.4732,0.2451923
264.4932,0.2451923
264.5132,0.2451923
264.5332,0.2451923
264.5532,0.2451923
264.5732,0.2451923
264.5931,0.2451923
264.6131,0.2451923
264.6331,0.2451923
264.6531,0.2451923
264.6731,0.2451923
264.6931,0.2451923
264.7131,0.2451923
264.7331,0.2451923
264.7531,0.2451923
264.773,0.2451923
264.793,0.2451923
264.813,0.2451923
264.833,0.2451923
264.853,0.2451923
264.873,0.2451923
264.893,0.2451923
264.913,0.2451923
264.933,0.2451923
264.9529,0.2451923
264.9729,0.2451923
264.9929,0.2451923
265.0129,0.2451923
265.0329,0.2451923
265.0529,0.2451923
265.0729,0.2451923
265.0929,0.2451923
265.1129,0.2451923
265.1328,0.2451923
265.1528,0.2451923
265.1728,0.2451923
265.1928,0.2451923
265.2128,0.2451923
265.2328,0.2451923
265.2528,0.2451923
265.2728,0.2451923
265.2928,0.2451923
265.3127,0.2451923
265.3327,0.2451923
265.3527,0.2451923
265.3727,0.2451923
265.3927,0.2451923
265.4127,0.2451923
265.4327,0.2451923
265.4527,0.2451923
265.4727,0.2451923
265.4926,0.2451923
265.5126,0.2451923
265.5326,0.2451923
265.5526,0.2451923
265.5726,0.2451923
265.5926,0.2451923
265.6126,0.2451923
265.6326,0.2451923
265.6526,0.2451923
265.6725,0.2451923
265.6925,0.2451923
265.7125,0.2451923
265.7325,0.2451923
265.7525,0.2451923
265.7725,0.2451923
265.7925,0.2451923
265.8125,0.2451923
265.8325,0.2451923
265.8524,0.2451923
265.8724,0.2451923
265.8924,0.2451923
265.9124,0.2451923
265.9324,0.2451923
265.9524,0.2451923
265.9724,0.2451923
265.9924,0.2451923
266.0124,0.2451923
266.0323,0.2451923
266.0523,0.2451923
266.0723,0.2451923
266.0923,0.2451923
266.1123,0.2451923
266.1323,0.2451923
266.1523,0.2451923
266.1723,0.2451923
266.1923,0.2451923
266.2122,0.2451923
266.2322,0.2451923
266.2522,0.2451923
266.2722,0.2451923
266.2922,0.2451923
266.3122,0.2451923
266.3322,0.2451923
266.3522,0.2451923
266.3722,0.2451923
266.3922,0.2451923
266.4121,0.2451923
266.4321,0.2451923
266.4521,0.2451923
266.4721,0.2451923
266.4921,0.2451923
266.5121,0.2451923
266.5321,0.2451923
266.5521,0.2451923
266.5721,0.2451923
266.592,0.2451923
266.612,0.2451923
266.632,0.2451923
266.652,0.2451923
266.672,0.2451923
266.692,0.2451923
266.712,0.2451923
266.732,0.2451923
266.752,0.2451923
266.7719,0.2451923
266.7919,0.2451923
266.8119,0.2451923
266.8319,0.2451923
266.8519,0.2451923
266.8719,0.2451923
266.8919,0.2451923
266.9119,0.2451923
266.9319,0.2451923
266.9518,0.2451923
266.9718,0.2451923
266.9918,0.2451923
267.0118,0.2451923
267.0318,0.2451923
267.0518,0.2451923
267.0718,0.2451923
267.0918,0.2451923
267.1118,0.2451923
267.1317,0.2451923
267.1517,0.2451923
267.1717,0.2451923
267.1917,0.2451923
267.2117,0.2451923
267.2317,0.2451923
267.2517,0.2451923
267.2717,0.2451923
267.2917,0.2451923
267.3116,0.2451923
267.3316,0.2451923
267.3516,0.2451923
267.3716,0.2451923
267.3916,0.2451923
267.4116,0.2451923
267.4316,0.2451923
267.4516,0.2451923
267.4716,0.2451923
267.4915,0.2451923
267.5115,0.2451923
267.5315,0.2451923
267.5515,0.2451923
267.5715,0.2451923
267.5915,0.2451923
267.6115,0.2451923
267.6315,0.2451923
267.6515,0.2451923
267.6714,0.2451923
267.6914,0.2451923
267.7114,0.2451923
267.7314,0.2451923
267.7514,0.2451923
267.7714,0.2451923
267.7914,0.2451923
267.8114,0.2451923
267.8314,0.2451923
267.8513,0.2451923
267.8713,0.2451923
267.8913,0.2451923
267.9113,0.2451923
267.9313,0.2451923
267.9513,0.2451923
267.9713,0.2451923
267.9913,0.2451923
268.0113,0.2451923
268.0313,0.2451923
268.0512,0.2451923
268.0712,0.2451923
268.0912,0.2451923
268.1112,0.2451923
268.1312,0.2451923
268.1512,0.2451923
268.1712,0.2451923
268.1912,0.2451923
268.2112,0.2451923
268.2311,0.2451923
268.2511,0.2451923
268.2711,0.2451923
268.2911,0.2451923
268.3111,0.2451923
268.3311,0.2451923
268.3511,0.2451923
268.3711,0.2451923
268.3911,0.2451923
268.411,0.2451923
268.431,0.2451923
268.451,0.2451923
268.471,0.2451923
268.491,0.2451923
268.511,0.2451923
268.531,0.2451923
268.551,0.2451923
268.571,0.2451923
268.5909,0.2451923
268.6109,0.2451923
268.6309,0.2451923
268.6509,0.2451923
268.6709,0.2451923
268.6909,0.2451923
268.7109,0.2451923
268.7309,0.2451923
268.7509,0.2451923
268.7708,0.2451923
268.7908,0.2451923
268.8108,0.2451923
268.8308,0.2451923
268.8508,0.2451923
268.8708,0.2451923
268.8908,0.2451923
268.9108,0.2451923
268.9308,0.2451923
268.9507,0.2451923
268.9707,0.2451923
268.9907,0.2451923
269.0107,0.2451923
269.0307,0.2451923
269.0507,0.2451923
269.0707,0.2451923
269.0907,0.2451923
269.1107,0.2451923
269.1306,0.2451923
269.1506,0.2451923
269.1706,0.2451923
269.1906,0.2451923
269.2106,0.2451923
269.2306,0.2451923
269.2506,0.2451923
269.2706,0.2451923
269.2906,0.2451923
269.3105,0.2451923
269.3305,0.2451923
269.3505,0.2451923
269.3705,0.2451923
269.3905,0.2451923
269.4105,0.2451923
269.4305,0.2451923
269.4505,0.2451923
269.4705,0.2451923
269.4904,0.2451923
269.5104,0.2451923
269.5304,0.2451923
269.5504,0.2451923
269.5704,0.2451923
269.5904,0.2451923
269.6104,0.2451923
269.6304,0.2451923
269.6504,0.2451923
269.6703,0.2451923
269.6903,0.2451923
269.7103,0.2451923
269.7303,0.2451923
269.7503,0.2451923
269.7703,0.2451923
269.7903,0.2451923
269.8103,0.2451923
269.8303,0.2451923
269.8503,0.2451923
269.8702,0.2451923
269.8902,0.2451923
269.9102,0.2451923
269.9302,0.2451923
269.9502,0.2451923
269.9702,0.2451923
269.9902,0.2451923
270.0102,0.2451923
270.0302,0.2451923
270.0501,0.2451923
270.0701,0.2451923
270.0901,0.2451923
270.1101,0.2451923
270.1301,0.2451923
270.1501,0.2451923
270.1701,0.2451923
270.1901,0.2451923
270.2101,0.2451923
270.23,0.2451923
270.25,0.2451923
270.27,0.2451923
270.29,0.2451923
270.31,0.2451923
270.33,0.2451923
270.35,0.2451923
270.37,0.2451923
270.39,0.2451923
270.4099,0.2451923
270.4299,0.2451923
270.4499,0.2451923
270.4699,0.2451923
270.4899,0.2451923
270.5099,0.2451923
270.5299,0.2451923
270.5499,0.2451923
270.5699,0.2451923
270.5898,0.2451923
270.6098,0.2451923
270.6298,0.2451923
270.6498,0.2451923
270.6698,0.2451923
270.6898,0.2451923
270.7098,0.2451923
270.7298,0.2451923
270.7498,0.2451923
270.7697,0.2451923
270.7897,0.2451923
270.8097,0.2451923
270.8297,0.2451923
270.8497,0.2451923
270.8697,0.2451923
270.8897,0.2451923
270.9097,0.2451923
270.9297,0.2451923
270.9496,0.2451923
270.9696,0.2451923
270.9896,0.2451923
271.0096,0.2451923
271.0296,0.2451923
271.0496,0.2451923
271.0696,0.2451923
271.0896,0.2451923
271.1096,0.2451923
271.1295,0.2451923
271.1495,0.2451923
271.1695,0.2451923
271.1895,0.2451923
271.2095,0.2451923
271.2295,0.2451923
271.2495,0.2451923
271.2695,0.2451923
271.2895,0.2451923
271.3094,0.2451923
271.3294,0.2451923
271.3494,0.2451923
271.3694,0.2451923
271.3894,0.2451923
271.4094,0.2451923
271.4294,0.2451923
271.4494,0.2451923
271.4694,0.2451923
271.4893,0.2451923
271.5093,0.2451923
271.5293,0.2451923
271.5493,0.2451923
271.5693,0.2451923
271.5893,0.2451923
271.6093,0.2451923
271.6293,0.2451923
271.6493,0.2451923
271.6693,0.2451923
271.6892,0.2451923
271.7092,0.2451923
271.7292,0.2451923
271.7492,0.2451923
271.7692,0.2451923
271.7892,0.2451923
271.8092,0.2451923
271.8292,0.2451923
271.8492,0.2451923
271.8691,0.2451923
271.8891,0.2451923
271.9091,0.2451923
271.9291,0.2451923
271.9491,0.2451923
271.9691,0.2451923
271.9891,0.2451923
272.0091,0.2451923
272.0291,0.2451923
272.049,0.2451923
272.069,0.2451923
272.089,0.2451923
272.109,0.2451923
272.129,0.2451923
272.149,0.2451923
272.169,0.2451923
272.189,0.2451923
272.209,0.2451923
272.2289,0.2451923
272.2489,0.2451923
272.2689,0.2451923
272.2889,0.2451923
272.3089,0.2451923
272.3289,0.2451923
272.3489,0.2451923
272.3689,0.2451923
272.3889,0.2451923
272.4088,0.2451923
272.4288,0.2451923
272.4488,0.2451923
272.4688,0.2451923
272.4888,0.2451923
272.5088,0.2451923
272.5288,0.2451923
272.5488,0.2451923
272.5688,0.2451923
272.5887,0.2451923
272.6087,0.2451923
272.6287,0.2451923
272.6487,0.2451923
272.6687,0.2451923
272.6887,0.2451923
272.7087,0.2451923
272.7287,0.2451923
272.7487,0.2451923
272.7686,0.2451923
272.7886,0.2451923
272.8086,0.2451923
272.8286,0.2451923
272.8486,0.2451923
272.8686,0.2451923
272.8886,0.2451923
272.9086,0.2451923
272.9286,0.2451923
272.9485,0.2451923
272.9685,0.2451923
272.9885,0.2451923
273.0085,0.2451923
273.0285,0.2451923
273.0485,0.2451923
273.0685,0.2451923
273.0885,0.2451923
273.1085,0.2451923
273.1284,0.2451923
273.1484,0.2451923
273.1684,0.2451923
273.1884,0.2451923
273.2084,0.2451923
273.2284,0.2451923
273.2484,0.2451923
273.2684,0.2451923
273.2884,0.2451923
273.3083,0.2451923
273.3283,0.2451923
273.3483,0.2451923
273.3683,0.2451923
273.3883,0.2451923
273.4083,0.2451923
273.4283,0.2451923
273.4483,0.2451923
273.4683,0.2451923
273.4883,0.2451923
273.5082,0.2451923
273.5282,0.2451923
273.5482,0.2451923
273.5682,0.2451923
273.5882,0.2451923
273.6082,0.2451923
273.6282,0.2451923
273.6482,0.2451923
273.6682,0.2451923
273.6881,0.2451923
273.7081,0.2451923
273.7281,0.2451923
273.7481,0.2451923
273.7681,0.2451923
273.7881,0.2451923
273.8081,0.2451923
273.8281,0.2451923
273.8481,0.2451923
273.868,0.2451923
273.888,0.2451923
273.908,0.2451923
273.928,0.2451923
273.948,0.2451923
273.968,0.2451923
273.988,0.2451923
274.008,0.2451923
274.028,0.2451923
274.0479,0.2451923
274.0679,0.2451923
274.0879,0.2451923
274.1079,0.2451923
274.1279,0.2451923
274.1479,0.2451923
274.1679,0.2451923
274.1879,0.2451923
274.2079,0.2451923
274.2278,0.2451923
274.2478,0.2451923
274.2678,0.2451923
274.2878,0.2451923
274.3078,0.2451923
274.3278,0.2451923
274.3478,0.2451923
274.3678,0.2451923
274.3878,0.2451923
274.4077,0.2451923
274.4277,0.2451923
274.4477,0.2451923
274.4677,0.2451923
274.4877,0.2451923
274.5077,0.2451923
274.5277,0.2451923
274.5477,0.2451923
274.5677,0.2451923
274.5876,0.2451923
274.6076,0.2451923
274.6276,0.2451923
274.6476,0.2451923
274.6676,0.2451923
274.6876,0.2451923
274.7076,0.2451923
274.7276,0.2451923
274.7476,0.2451923
274.7675,0.2451923
274.7875,0.2451923
274.8075,0.2451923
274.8275,0.2451923
274.8475,0.2451923
274.8675,0.2451923
274.8875,0.2451923
274.9075,0.2451923
274.9275,0.2451923
274.9474,0.2451923
274.9674,0.2451923
274.9874,0.2451923
275.0074,0.2451923
275.0274,0.2451923
275.0474,0.2451923
275.0674,0.2451923
275.0874,0.2451923
275.1074,0.2451923
275.1273,0.2451923
275.1473,0.2451923
275.1673,0.2451923
275.1873,0.2451923
275.2073,0.2451923
275.2273,0.2451923
275.2473,0.2451923
275.2673,0.2451923
275.2873,0.2451923
275.3073,0.2451923
275.3272,0.2451923
275.3472,0.2451923
275.3672,0.2451923
275.3872,0.2451923
275.4072,0.2451923
275.4272,0.2451923
275.4472,0.2451923
275.4672,0.2451923
275.4872,0.2451923
275.5071,0.2451923
275.5271,0.2451923
275.5471,0.2451923
275.5671,0.2451923
275.5871,0.2451923
275.6071,0.2451923
275.6271,0.2451923
275.6471,0.2451923
275.6671,0.2451923
275.687,0.2451923
275.707,0.2451923
275.727,0.2451923
275.747,0.2451923
275.767,0.2451923
275.787,0.2451923
275.807,0.2451923
275.827,0.2451923
275.847,0.2451923
275.8669,0.2451923
275.8869,0.2451923
275.9069,0.2451923
275.9269,0.2451923
275.9469,0.2451923
275.9669,0.2451923
275.9869,0.2451923
276.0069,0.2451923
276.0269,0.2451923
276.0468,0.2451923
276.0668,0.2451923
276.0868,0.2451923
276.1068,0.2451923
276.1268,0.2451923
276.1468,0.2451923
276.1668,0.2451923
276.1868,0.2451923
276.2068,0.2451923
276.2267,0.2451923
276.2467,0.2451923
276.2667,0.2451923
276.2867,0.2451923
276.3067,0.2451923
276.3267,0.2451923
276.3467,0.2451923
276.3667,0.2451923
276.3867,0.2451923
276.4066,0.2451923
276.4266,0.2451923
276.4466,0.2451923
276.4666,0.2451923
276.4866,0.2451923
276.5066,0.2451923
276.5266,0.2451923
276.5466,0.2451923
276.5666,0.2451923
276.5865,0.2451923
276.6065,0.2451923
276.6265,0.2451923
276.6465,0.2451923
276.6665,0.2451923
276.6865,0.2451923
276.7065,0.2451923
276.7265,0.2451923
276.7465,0.2451923
276.7664,0.2451923
276.7864,0.2451923
276.8064,0.2451923
276.8264,0.2451923
276.8464,0.2451923
276.8664,0.2451923
276.8864,0.2451923
276.9064,0.2451923
276.9264,0.2451923
276.9464,0.2451923
276.9663,0.2451923
276.9863,0.2451923
277.0063,0.2451923
277.0263,0.2451923
277.0463,0.2451923
277.0663,0.2451923
277.0863,0.2451923
277.1063,0.2451923
277.1263,0.2451923
277.1462,0.2451923
277.1662,0.2451923
277.1862,0.2451923
277.2062,0.2451923
277.2262,0.2451923
277.2462,0.2451923
277.2662,0.2451923
277.2862,0.2451923
277.3062,0.2451923
277.3261,0.2451923
277.3461,0.2451923
277.3661,0.2451923
277.3861,0.2451923
277.4061,0.2451923
277.4261,0.2451923
277.4461,0.2451923
277.4661,0.2451923
277.4861,0.2451923
277.506,0.2451923
277.526,0.2451923
277.546,0.2451923
277.566,0.2451923
277.586,0.2451923
277.606,0.2451923
277.626,0.2451923
277.646,0.2451923
277.666,0.2451923
277.6859,0.2451923
277.7059,0.2451923
277.7259,0.2451923
277.7459,0.2451923
277.7659,0.2451923
277.7859,0.2451923
277.8059,0.2451923
277.8259,0.2451923
277.8459,0.2451923
277.8658,0.2451923
277.8858,0.2451923
277.9058,0.2451923
277.9258,0.2451923
277.9458,0.2451923
277.9658,0.2451923
277.9858,0.2451923
278.0058,0.2451923
278.0258,0.2451923
278.0457,0.2451923
278.0657,0.2451923
278.0857,0.2451923
278.1057,0.2451923
278.1257,0.2451923
278.1457,0.2451923
278.1657,0.2451923
278.1857,0.2451923
278.2057,0.2451923
278.2256,0.2451923
278.2456,0.2451923
278.2656,0.2451923
278.2856,0.2451923
278.3056,0.2451923
278.3256,0.2451923
278.3456,0.2451923
278.3656,0.2451923
278.3856,0.2451923
278.4055,0.2451923
278.4255,0.2451923
278.4455,0.2451923
278.4655,0.2451923
278.4855,0.2451923
278.5055,0.2451923
278.5255,0.2451923
278.5455,0.2451923
278.5655,0.2451923
278.5854,0.2451923
278.6054,0.2451923
278.6254,0.2451923
278.6454,0.2451923
278.6654,0.2451923
278.6854,0.2451923
278.7054,0.2451923
278.7254,0.2451923
278.7454,0.2451923
278.7654,0.2451923
278.7853,0.2451923
278.8053,0.2451923
278.8253,0.2451923
278.8453,0.2451923
278.8653,0.2451923
278.8853,0.2451923
278.9053,0.2451923
278.9253,0.2451923
278.9453,0.2451923
278.9652,0.2451923
278.9852,0.2451923
279.0052,0.2451923
279.0252,0.2451923
279.0452,0.2451923
279.0652,0.2451923
279.0852,0.2451923
279.1052,0.2451923
279.1252,0.2451923
279.1451,0.2451923
279.1651,0.2451923
279.1851,0.2451923
279.2051,0.2451923
279.2251,0.2451923
279.2451,0.2451923
279.2651,0.2451923
279.2851,0.2451923
279.3051,0.2451923
279.325,0.2451923
279.345,0.2451923
279.365,0.2451923
279.385,0.2451923
279.405,0.2451923
279.425,0.2451923
279.445,0.2451923
279.465,0.2451923
279.485,0.2451923
279.5049,0.2451923
279.5249,0.2451923
279.5449,0.2451923
279.5649,0.2451923
279.5849,0.2451923
279.6049,0.2451923
279.6249,0.2451923
279.6449,0.2451923
279.6649,0.2451923
279.6848,0.2451923
279.7048,0.2451923
279.7248,0.2451923
279.7448,0.2451923
279.7648,0.2451923
279.7848,0.2451923
279.8048,0.2451923
279.8248,0.2451923
279.8448,0.2451923
279.8647,0.2451923
279.8847,0.2451923
279.9047,0.2451923
279.9247,0.2451923
279.9447,0.2451923
279.9647,0.2451923
279.9847,0.2451923
280.0047,0.2451923
280.0247,0.2451923
280.0446,0.2451923
280.0646,0.2451923
280.0846,0.2451923
280.1046,0.2451923
280.1246,0.2451923
280.1446,0.2451923
280.1646,0.2451923
280.1846,0.2451923
280.2046,0.2451923
280.2245,0.2451923
280.2445,0.2451923
280.2645,0.2451923
280.2845,0.2451923
280.3045,0.2451923
280.3245,0.2451923
280.3445,0.2451923
280.3645,0.2451923
280.3845,0.2451923
280.4044,0.2451923
280.4244,0.2451923
280.4444,0.2451923
280.4644,0.2451923
280.4844,0.2451923
280.5044,0.2451923
280.5244,0.2451923
280.5444,0.2451923
280.5644,0.2451923
280.5844,0.2451923
280.6043,0.2451923
280.6243,0.2451923
280.6443,0.2451923
280.6643,0.2451923
280.6843,0.2451923
280.7043,0.2451923
280.7243,0.2451923
280.7443,0.2451923
280.7643,0.2451923
280.7842,0.2451923
280.8042,0.2451923
280.8242,0.2451923
280.8442,0.2451923
280.8642,0.2451923
280.8842,0.2451923
280.9042,0.2451923
280.9242,0.2451923
280.9442,0.2451923
280.9641,0.2451923
280.9841,0.2451923
281.0041,0.2451923
281.0241,0.2451923
281.0441,0.2451923
281.0641,0.2451923
281.0841,0.2451923
281.1041,0.2451923
281.1241,0.2451923
281.144,0.2451923
281.164,0.2451923
281.184,0.2451923
281.204,0.2451923
281.224,0.2451923
281.244,0.2451923
281.264,0.2451923
281.284,0.2451923
281.304,0.2451923
281.3239,0.2451923
281.3439,0.2451923
281.3639,0.2451923
281.3839,0.2451923
281.4039,0.2451923
281.4239,0.2451923
281.4439,0.2451923
281.4639,0.2451923
281.4839,0.2451923
281.5038,0.2451923
281.5238,0.2451923
281.5438,0.2451923
281.5638,0.2451923
281.5838,0.2451923
281.6038,0.2451923
281.6238,0.2451923
281.6438,0.2451923
281.6638,0.2451923
281.6837,0.2451923
281.7037,0.2451923
281.7237,0.2451923
281.7437,0.2451923
281.7637,0.2451923
281.7837,0.2451923
281.8037,0.2451923
281.8237,0.2451923
281.8437,0.2451923
281.8636,0.2451923
281.8836,0.2451923
281.9036,0.2451923
281.9236,0.2451923
281.9436,0.2451923
281.9636,0.2451923
281.9836,0.2451923
282.0036,0.2451923
282.0236,0.2451923
282.0435,0.2451923
282.0635,0.2451923
282.0835,0.2451923
282.1035,0.2451923
282.1235,0.2451923
282.1435,0.2451923
282.1635,0.2451923
282.1835,0.2451923
282.2035,0.2451923
282.2234,0.2451923
282.2434,0.2451923
282.2634,0.2451923
282.2834,0.2451923
282.3034,0.2451923
282.3234,0.2451923
282.3434,0.2451923
282.3634,0.2451923
282.3834,0.2451923
282.4034,0.2451923
282.4233,0.2451923
282.4433,0.2451923
282.4633,0.2451923
282.4833,0.2451923
282.5033,0.2451923
282.5233,0.2451923
282.5433,0.2451923
282.5633,0.2451923
282.5833,0.2451923
282.6032,0.2451923
282.6232,0.2451923
282.6432,0.2451923
282.6632,0.2451923
282.6832,0.2451923
282.7032,0.2451923
282.7232,0.2451923
282.7432,0.2451923
282.7632,0.2451923
282.7831,0.2451923
282.8031,0.2451923
282.8231,0.2451923
282.8431,0.2451923
282.8631,0.2451923
282.8831,0.2451923
282.9031,0.2451923
282.9231,0.2451923
282.9431,0.2451923
282.963,0.2451923
282.983,0.2451923
283.003,0.2451923
283.023,0.2451923
283.043,0.2451923
283.063,0.2451923
283.083,0.2451923
283.103,0.2451923
283.123,0.2451923
283.1429,0.2451923
283.1629,0.2451923
283.1829,0.2451923
283.2029,0.2451923
283.2229,0.2451923
283.2429,0.2451923
283.2629,0.2451923
283.2829,0.2451923
283.3029,0.2451923
283.3228,0.2451923
283.3428,0.2451923
283.3628,0.2451923
283.3828,0.2451923
283.4028,0.2451923
283.4228,0.2451923
283.4428,0.2451923
283.4628,0.2451923
283.4828,0.2451923
283.5027,0.2451923
283.5227,0.2451923
283.5427,0.2451923
283.5627,0.2451923
283.5827,0.2451923
283.6027,0.2451923
283.6227,0.2451923
283.6427,0.2451923
283.6627,0.2451923
283.6826,0.2451923
283.7026,0.2451923
283.7226,0.2451923
283.7426,0.2451923
283.7626,0.2451923
283.7826,0.2451923
283.8026,0.2451923
283.8226,0.2451923
283.8426,0.2451923
283.8625,0.2451923
283.8825,0.2451923
283.9025,0.2451923
283.9225,0.2451923
283.9425,0.2451923
283.9625,0.2451923
283.9825,0.2451923
284.0025,0.2451923
284.0225,0.2451923
284.0424,0.2451923
284.0624,0.2451923
284.0824,0.2451923
284.1024,0.2451923
284.1224,0.2451923
284.1424,0.2451923
284.1624,0.2451923
284.1824,0.2451923
284.2024,0.2451923
284.2224,0.2451923
284.2423,0.2451923
284.2623,0.2451923
284.2823,0.2451923
284.3023,0.2451923
284.3223,0.2451923
284.3423,0.2451923
284.3623,0.2451923
284.3823,0.2451923
284.4023,0.2451923
284.4222,0.2451923
284.4422,0.2451923
284.4622,0.2451923
284.4822,0.2451923
284.5022,0.2451923
284.5222,0.2451923
284.5422,0.2451923
284.5622,0.2451923
284.5822,0.2451923
284.6021,0.2451923
284.6221,0.2451923
284.6421,0.2451923
284.6621,0.2451923
284.6821,0.2451923
284.7021,0.2451923
284.7221,0.2451923
284.7421,0.2451923
284.7621,0.2451923
284.782,0.2451923
284.802,0.2451923
284.822,0.2451923
284.842,0.2451923
284.862,0.2451923
284.882,0.2451923
284.902,0.2451923
284.922,0.2451923
284.942,0.2451923
284.9619,0.2451923
284.9819,0.2451923
285.0019,0.2451923
285.0219,0.2451923
285.0419,0.2451923
285.0619,0.2451923
285.0819,0.2451923
285.1019,0.2451923
285.1219,0.2451923
285.1418,0.2451923
285.1618,0.2451923
285.1818,0.2451923
285.2018,0.2451923
285.2218,0.2451923
285.2418,0.2451923
285.2618,0.2451923
285.2818,0.2451923
285.3018,0.2451923
285.3217,0.2451923
285.3417,0.2451923
285.3617,0.2451923
285.3817,0.2451923
285.4017,0.2451923
285.4217,0.2451923
285.4417,0.2451923
285.4617,0.2451923
285.4817,0.2451923
285.5016,0.2451923
285.5216,0.2451923
285.5416,0.2451923
285.5616,0.2451923
285.5816,0.2451923
285.6016,0.2451923
285.6216,0.2451923
285.6416,0.2451923
285.6616,0.2451923
285.6815,0.2451923
285.7015,0.2451923
285.7215,0.2451923
285.7415,0.2451923
285.7615,0.2451923
285.7815,0.2451923
285.8015,0.2451923
285.8215,0.2451923
285.8415,0.2451923
285.8615,0.2451923
285.8814,0.2451923
285.9014,0.2451923
285.9214,0.2451923
285.9414,0.2451923
285.9614,0.2451923
285.9814,0.2451923
286.0014,0.2451923
286.0214,0.2451923
286.0414,0.2451923
286.0613,0.2451923
286.0813,0.2451923
286.1013,0.2451923
286.1213,0.2451923
286.1413,0.2451923
286.1613,0.2451923
286.1813,0.2451923
286.2013,0.2451923
286.2213,0.2451923
286.2412,0.2451923
286.2612,0.2451923
286.2812,0.2451923
286.3012,0.2451923
286.3212,0.2451923
286.3412,0.2451923
286.3612,0.2451923
286.3812,0.2451923
286.4012,0.2451923
286.4211,0.2451923
286.4411,0.2451923
286.4611,0.2451923
286.4811,0.2451923
286.5011,0.2451923
286.5211,0.2451923
286.5411,0.2451923
286.5611,0.2451923
286.5811,0.2451923
286.601,0.2451923
286.621,0.2451923
286.641,0.2451923
286.661,0.2451923
286.681,0.2451923
286.701,0.2451923
286.721,0.2451923
286.741,0.2451923
286.761,0.2451923
286.7809,0.2451923
286.8009,0.2451923
286.8209,0.2451923
286.8409,0.2451923
286.8609,0.2451923
286.8809,0.2451923
286.9009,0.2451923
286.9209,0.2451923
286.9409,0.2451923
286.9608,0.2451923
286.9808,0.2451923
287.0008,0.2451923
287.0208,0.2451923
287.0408,0.2451923
287.0608,0.2451923
287.0808,0.2451923
287.1008,0.2451923
287.1208,0.2451923
287.1407,0.2451923
287.1607,0.2451923
287.1807,0.2451923
287.2007,0.2451923
287.2207,0.2451923
287.2407,0.2451923
287.2607,0.2451923
287.2807,0.2451923
287.3007,0.2451923
287.3206,0.2451923
287.3406,0.2451923
287.3606,0.2451923
287.3806,0.2451923
287.4006,0.2451923
287.4206,0.2451923
287.4406,0.2451923
287.4606,0.2451923
287.4806,0.2451923
287.5005,0.2451923
287.5205,0.2451923
287.5405,0.2451923
287.5605,0.2451923
287.5805,0.2451923
287.6005,0.2451923
287.6205,0.2451923
287.6405,0.2451923
287.6605,0.2451923
287.6805,0.2451923
287.7004,0.2451923
287.7204,0.2451923
287.7404,0.2451923
287.7604,0.2451923
287.7804,0.2451923
287.8004,0.2451923
287.8204,0.2451923
287.8404,0.2451923
287.8604,0.2451923
287.8803,0.2451923
287.9003,0.2451923
287.9203,0.2451923
287.9403,0.2451923
287.9603,0.2451923
287.9803,0.2451923
288.0003,0.2451923
288.0203,0.2451923
288.0403,0.2451923
288.0602,0.2451923
288.0802,0.2451923
288.1002,0.2451923
288.1202,0.2451923
288.1402,0.2451923
288.1602,0.2451923
288.1802,0.2451923
288.2002,0.2451923
288.2202,0.2451923
288.2401,0.2451923
288.2601,0.2451923
288.2801,0.2451923
288.3001,0.2451923
288.3201,0.2451923
288.3401,0.2451923
288.3601,0.2451923
288.3801,0.2451923
288.4001,0.2451923
288.42,0.2451923
288.44,0.2451923
288.46,0.2451923
288.48,0.2451923
288.5,0.2451923
288.52,0.2451923
288.54,0.2451923
288.56,0.2451923
288.58,0.2451923
288.5999,0.2451923
288.6199,0.2451923
288.6399,0.2451923
288.6599,0.2451923
288.6799,0.2451923
288.6999,0.2451923
288.7199,0.2451923
288.7399,0.2451923
288.7599,0.2451923
288.7798,0.2451923
288.7998,0.2451923
288.8198,0.2451923
288.8398,0.2451923
288.8598,0.2451923
288.8798,0.2451923
288.8998,0.2451923
288.9198,0.2451923
288.9398,0.2451923
288.9597,0.2451923
288.9797,0.2451923
288.9997,0.2451923
289.0197,0.2451923
289.0397,0.2451923
289.0597,0.2451923
289.0797,0.2451923
289.0997,0.2451923
289.1197,0.2451923
289.1396,0.2451923
289.1596,0.2451923
289.1796,0.2451923
289.1996,0.2451923
289.2196,0.2451923
289.2396,0.2451923
289.2596,0.2451923
289.2796,0.2451923
289.2996,0.2451923
289.3195,0.2451923
289.3395,0.2451923
289.3595,0.2451923
289.3795,0.2451923
289.3995,0.2451923
289.4195,0.2451923
289.4395,0.2451923
289.4595,0.2451923
289.4795,0.2451923
289.4995,0.2451923
289.5194,0.2451923
289.5394,0.2451923
289.5594,0.2451923
289.5794,0.2451923
289.5994,0.2451923
289.6194,0.2451923
289.6394,0.2451923
289.6594,0.2451923
289.6794,0.2451923
289.6993,0.2451923
289.7193,0.2451923
289.7393,0.2451923
289.7593,0.2451923
289.7793,0.2451923
289.7993,0.2451923
289.8193,0.2451923
289.8393,0.2451923
289.8593,0.2451923
289.8792,0.2451923
289.8992,0.2451923
289.9192,0.2451923
289.9392,0.2451923
289.9592,0.2451923
289.9792,0.2451923
289.9992,0.2451923
290.0192,0.2451923
290.0392,0.2451923
290.0591,0.2451923
290.0791,0.2451923
290.0991,0.2451923
290.1191,0.2451923
290.1391,0.2451923
290.1591,0.2451923
290.1791,0.2451923
290.1991,0.2451923
290.2191,0.2451923
290.239,0.2451923
290.259,0.2451923
290.279,0.2451923
290.299,0.2451923
290.319,0.2451923
290.339,0.2451923
290.359,0.2451923
290.379,0.2451923
290.399,0.2451923
290.4189,0.2451923
290.4389,0.2451923
290.4589,0.2451923
290.4789,0.2451923
290.4989,0.2451923
290.5189,0.2451923
290.5389,0.2451923
290.5589,0.2451923
290.5789,0.2451923
290.5988,0.2451923
290.6188,0.2451923
290.6388,0.2451923
290.6588,0.2451923
290.6788,0.2451923
290.6988,0.2451923
290.7188,0.2451923
290.7388,0.2451923
290.7588,0.2451923
290.7787,0.2451923
290.7987,0.2451923
290.8187,0.2451923
290.8387,0.2451923
290.8587,0.2451923
290.8787,0.2451923
290.8987,0.2451923
290.9187,0.2451923
290.9387,0.2451923
290.9586,0.2451923
290.9786,0.2451923
290.9986,0.2451923
291.0186,0.2451923
291.0386,0.2451923
291.0586,0.2451923
291.0786,0.2451923
291.0986,0.2451923
291.1186,0.2451923
291.1385,0.2451923
291.1585,0.2451923
291.1785,0.2451923
291.1985,0.2451923
291.2185,0.2451923
291.2385,0.2451923
291.2585,0.2451923
291.2785,0.2451923
291.2985,0.2451923
291.3185,0.2451923
291.3384,0.2451923
291.3584,0.2451923
291.3784,0.2451923
291.3984,0.2451923
291.4184,0.2451923
291.4384,0.2451923
291.4584,0.2451923
291.4784,0.2451923
291.4984,0.2451923
291.5183,0.2451923
291.5383,0.2451923
291.5583,0.2451923
291.5783,0.2451923
291.5983,0.2451923
291.6183,0.2451923
291.6383,0.2451923
291.6583,0.2451923
291.6783,0.2451923
291.6982,0.2451923
291.7182,0.2451923
291.7382,0.2451923
291.7582,0.2451923
291.7782,0.2451923
291.7982,0.2451923
291.8182,0.2451923
291.8382,0.2451923
291.8582,0.2451923
291.8781,0.2451923
291.8981,0.2451923
291.9181,0.2451923
291.9381,0.2451923
291.9581,0.2451923
291.9781,0.2451923
291.9981,0.2451923
292.0181,0.2451923
292.0381,0.2451923
292.058,0.2451923
292.078,0.2451923
292.098,0.2451923
292.118,0.2451923
292.138,0.2451923
292.158,0.2451923
292.178,0.2451923
292.198,0.2451923
292.218,0.2451923
292.2379,0.2451923
292.2579,0.2451923
292.2779,0.2451923
292.2979,0.2451923
292.3179,0.2451923
292.3379,0.2451923
292.3579,0.2451923
292.3779,0.2451923
292.3979,0.2451923
292.4178,0.2451923
292.4378,0.2451923
292.4578,0.2451923
292.4778,0.2451923
292.4978,0.2451923
292.5178,0.2451923
292.5378,0.2451923
292.5578,0.2451923
292.5778,0.2451923
292.5977,0.2451923
292.6177,0.2451923
292.6377,0.2451923
292.6577,0.2451923
292.6777,0.2451923
292.6977,0.2451923
292.7177,0.2451923
292.7377,0.2451923
292.7577,0.2451923
292.7776,0.2451923
292.7976,0.2451923
292.8176,0.2451923
292.8376,0.2451923
292.8576,0.2451923
292.8776,0.2451923
292.8976,0.2451923
292.9176,0.2451923
292.9376,0.2451923
292.9576,0.2451923
292.9775,0.2451923
292.9975,0.2451923
293.0175,0.2451923
293.0375,0.2451923
293.0575,0.2451923
293.0775,0.2451923
293.0975,0.2451923
293.1175,0.2451923
293.1375,0.2451923
293.1574,0.2451923
293.1774,0.2451923
293.1974,0.2451923
293.2174,0.2451923
293.2374,0.2451923
293.2574,0.2451923
293.2774,0.2451923
293.2974,0.2451923
293.3174,0.2451923
293.3373,0.2451923
293.3573,0.2451923
293.3773,0.2451923
293.3973,0.2451923
293.4173,0.2451923
293.4373,0.2451923
293.4573,0.2451923
293.4773,0.2451923
293.4973,0.2451923
293.5172,0.2451923
293.5372,0.2451923
293.5572,0.2451923
293.5772,0.2451923
293.5972,0.2451923
293.6172,0.2451923
293.6372,0.2451923
293.6572,0.2451923
293.6772,0.2451923
293.6971,0.2451923
293.7171,0.2451923
293.7371,0.2451923
293.7571,0.2451923
293.7771,0.2451923
293.7971,0.2451923
293.8171,0.2451923
293.8371,0.2451923
293.8571,0.2451923
293.877,0.2451923
293.897,0.2451923
293.917,0.2451923
293.937,0.2451923
293.957,0.2451923
293.977,0.2451923
293.997,0.2451923
294.017,0.2451923
294.037,0.2451923
294.0569,0.2451923
294.0769,0.2451923
294.0969,0.2451923
294.1169,0.2451923
294.1369,0.2451923
294.1569,0.2451923
294.1769,0.2451923
294.1969,0.2451923
294.2169,0.2451923
294.2368,0.2451923
294.2568,0.2451923
294.2768,0.2451923
294.2968,0.2451923
294.3168,0.2451923
294.3368,0.2451923
294.3568,0.2451923
294.3768,0.2451923
294.3968,0.2451923
294.4167,0.2451923
294.4367,0.2451923
294.4567,0.2451923
294.4767,0.2451923
294.4967,0.2451923
294.5167,0.2451923
294.5367,0.2451923
294.5567,0.2451923
294.5767,0.2451923
294.5966,0.2451923
294.6166,0.2451923
294.6366,0.2451923
294.6566,0.2451923
294.6766,0.2451923
294.6966,0.2451923
294.7166,0.2451923
294.7366,0.2451923
294.7566,0.2451923
294.7766,0.2451923
294.7965,0.2451923
294.8165,0.2451923
294.8365,0.2451923
294.8565,0.2451923
294.8765,0.2451923
294.8965,0.2451923
294.9165,0.2451923
294.9365,0.2451923
294.9565,0.2451923
294.9764,0.2451923
294.9964,0.2451923
295.0164,0.2451923
295.0364,0.2451923
295.0564,0.2451923
295.0764,0.2451923
295.0964,0.2451923
295.1164,0.2451923
295.1364,0.2451923
295.1563,0.2451923
295.1763,0.2451923
295.1963,0.2451923
295.2163,0.2451923
295.2363,0.2451923
295.2563,0.2451923
295.2763,0.2451923
295.2963,0.2451923
295.3163,0.2451923
295.3362,0.2451923
295.3562,0.2451923
295.3762,0.2451923
295.3962,0.2451923
295.4162,0.2451923
295.4362,0.2451923
295.4562,0.2451923
295.4762,0.2451923
295.4962,0.2451923
295.5161,0.2451923
295.5361,0.2451923
295.5561,0.2451923
295.5761,0.2451923
295.5961,0.2451923
295.6161,0.2451923
295.6361,0.2451923
295.6561,0.2451923
295.6761,0.2451923
295.696,0.2451923
295.716,0.2451923
295.736,0.2451923
295.756,0.2451923
295.776,0.2451923
295.796,0.2451923
295.816,0.2451923
295.836,0.2451923
295.856,0.2451923
295.8759,0.2451923
295.8959,0.2451923
295.9159,0.2451923
295.9359,0.2451923
295.9559,0.2451923
295.9759,0.2451923
295.9959,0.2451923
296.0159,0.2451923
296.0359,0.2451923
296.0558,0.2451923
296.0758,0.2451923
296.0958,0.2451923
296.1158,0.2451923
296.1358,0.2451923
296.1558,0.2451923
296.1758,0.2451923
296.1958,0.2451923
296.2158,0.2451923
296.2357,0.2451923
296.2557,0.2451923
296.2757,0.2451923
296.2957,0.2451923
296.3157,0.2451923
296.3357,0.2451923
296.3557,0.2451923
296.3757,0.2451923
296.3957,0.2451923
296.4156,0.2451923
296.4356,0.2451923
296.4556,0.2451923
296.4756,0.2451923
296.4956,0.2451923
296.5156,0.2451923
296.5356,0.2451923
296.5556,0.2451923
296.5756,0.2451923
296.5956,0.2451923
296.6155,0.2451923
296.6355,0.2451923
296.6555,0.2451923
296.6755,0.2451923
296.6955,0.2451923
296.7155,0.2451923
296.7355,0.2451923
296.7555,0.2451923
296.7755,0.2451923
296.7954,0.2451923
296.8154,0.2451923
296.8354,0.2451923
296.8554,0.2451923
296.8754,0.2451923
296.8954,0.2451923
296.9154,0.2451923
296.9354,0.2451923
296.9554,0.2451923
296.9753,0.2451923
296.9953,0.2451923
297.0153,0.2451923
297.0353,0.2451923
297.0553,0.2451923
297.0753,0.2451923
297.0953,0.2451923
297.1153,0.2451923
297.1353,0.2451923
297.1552,0.2451923
297.1752,0.2451923
297.1952,0.2451923
297.2152,0.2451923
297.2352,0.2451923
297.2552,0.2451923
297.2752,0.2451923
297.2952,0.2451923
297.3152,0.2451923
297.3351,0.2451923
297.3551,0.2451923
297.3751,0.2451923
297.3951,0.2451923
297.4151,0.2451923
297.4351,0.2451923
297.4551,0.2451923
297.4751,0.2451923
297.4951,0.2451923
297.515,0.2451923
297.535,0.2451923
297.555,0.2451923
297.575,0.2451923
297.595,0.2451923
297.615,0.2451923
297.635,0.2451923
297.655,0.2451923
297.675,0.2451923
297.6949,0.2451923
297.7149,0.2451923
297.7349,0.2451923
297.7549,0.2451923
297.7749,0.2451923
297.7949,0.2451923
297.8149,0.2451923
297.8349,0.2451923
297.8549,0.2451923
297.8748,0.2451923
297.8948,0.2451923
297.9148,0.2451923
297.9348,0.2451923
297.9548,0.2451923
297.9748,0.2451923
297.9948,0.2451923
298.0148,0.2451923
298.0348,0.2451923
298.0547,0.2451923
298.0747,0.2451923
298.0947,0.2451923
298.1147,0.2451923
298.1347,0.2451923
298.1547,0.2451923
298.1747,0.2451923
298.1947,0.2451923
298.2147,0.2451923
298.2346,0.2451923
298.2546,0.2451923
298.2746,0.2451923
298.2946,0.2451923
298.3146,0.2451923
298.3346,0.2451923
298.3546,0.2451923
298.3746,0.2451923
298.3946,0.2451923
298.4146,0.2451923
298.4345,0.2451923
298.4545,0.2451923
298.4745,0.2451923
298.4945,0.2451923
298.5145,0.2451923
298.5345,0.2451923
298.5545,0.2451923
298.5745,0.2451923
298.5945,0.2451923
298.6144,0.2451923
298.6344,0.2451923
298.6544,0.2451923
298.6744,0.2451923
298.6944,0.2451923
298.7144,0.2451923
298.7344,0.2451923
298.7544,0.2451923
298.7744,0.2451923
298.7943,0.2451923
298.8143,0.2451923
298.8343,0.2451923
298.8543,0.2451923
298.8743,0.2451923
298.8943,0.2451923
298.9143,0.2451923
298.9343,0.2451923
298.9543,0.2451923
298.9742,0.2451923
298.9942,0.2451923
299.0142,0.2451923
299.0342,0.2451923
299.0542,0.2451923
299.0742,0.2451923
299.0942,0.2451923
299.1142,0.2451923
299.1342,0.2451923
299.1541,0.2451923
299.1741,0.2451923
299.1941,0.2451923
299.2141,0.2451923
299.2341,0.2451923
299.2541,0.2451923
299.2741,0.2451923
299.2941,0.2451923
299.3141,0.2451923
299.334,0.2451923
299.354,0.2451923
299.374,0.2451923
299.394,0.2451923
299.414,0.2451923
299.434,0.2451923
299.454,0.2451923
299.474,0.2451923
299.494,0.2451923
299.5139,0.2451923
299.5339,0.2451923
299.5539,0.2451923
299.5739,0.2451923
299.5939,0.2451923
299.6139,0.2451923
299.6339,0.2451923
299.6539,0.2451923
299.6739,0.2451923
299.6938,0.2451923
299.7138,0.2451923
299.7338,0.2451923
299.7538,0.2451923
299.7738,0.2451923
299.7938,0.2451923
299.8138,0.2451923
299.8338,0.2451923
299.8538,0.2451923
299.8737,0.2451923
299.8937,0.2451923
299.9137,0.2451923
299.9337,0.2451923
299.9537,0.2451923
299.9737,0.2451923
299.9937,0.2451923
300.0137,0.2451923
300.0337,0.2451923
300.0536,0.2451923
300.0736,0.2451923
300.0936,0.2451923
300.1136,0.2451923
300.1336,0.2451923
300.1536,0.2451923
300.1736,0.2451923
300.1936,0.2451923
300.2136,0.2451923
300.2336,0.2451923
300.2535,0.2451923
300.2735,0.2451923
300.2935,0.2451923
300.3135,0.2451923
300.3335,0.2451923
300.3535,0.2451923
300.3735,0.2451923
300.3935,0.2451923
300.4135,0.2451923
300.4334,0.2451923
300.4534,0.2451923
300.4734,0.2451923
300.4934,0.2451923
300.5134,0.2451923
300.5334,0.2451923
300.5534,0.2451923
300.5734,0.2451923
300.5934,0.2451923
300.6133,0.2451923
300.6333,0.2451923
300.6533,0.2451923
300.6733,0.2451923
300.6933,0.2451923
300.7133,0.2451923
300.7333,0.2451923
300.7533,0.2451923
300.7733,0.2451923
300.7932,0.2451923
300.8132,0.2451923
300.8332,0.2451923
300.8532,0.2451923
300.8732,0.2451923
300.8932,0.2451923
300.9132,0.2451923
300.9332,0.2451923
300.9532,0.2451923
300.9731,0.2451923
300.9931,0.2451923
301.0131,0.2451923
301.0331,0.2451923
301.0531,0.2451923
301.0731,0.2451923
301.0931,0.2451923
301.1131,0.2451923
301.1331,0.2451923
301.153,0.2451923
301.173,0.2451923
301.193,0.2451923
301.213,0.2451923
301.233,0.2451923
301.253,0.2451923
301.273,0.2451923
301.293,0.2451923
301.313,0.2451923
301.3329,0.2451923
301.3529,0.2451923
301.3729,0.2451923
301.3929,0.2451923
301.4129,0.2451923
301.4329,0.2451923
301.4529,0.2451923
301.4729,0.2451923
301.4929,0.2451923
301.5128,0.2451923
301.5328,0.2451923
301.5528,0.2451923
301.5728,0.2451923
301.5928,0.2451923
301.6128,0.2451923
301.6328,0.2451923
301.6528,0.2451923
301.6728,0.2451923
301.6927,0.2451923
301.7127,0.2451923
301.7327,0.2451923
301.7527,0.2451923
301.7727,0.2451923
301.7927,0.2451923
301.8127,0.2451923
301.8327,0.2451923
301.8527,0.2451923
301.8727,0.2451923
301.8926,0.2451923
301.9126,0.2451923
301.9326,0.2451923
301.9526,0.2451923
301.9726,0.2451923
301.9926,0.2451923
302.0126,0.2451923
302.0326,0.2451923
302.0526,0.2451923
302.0725,0.2451923
302.0925,0.2451923
302.1125,0.2451923
302.1325,0.2451923
302.1525,0.2451923
302.1725,0.2451923
302.1925,0.2451923
302.2125,0.2451923
302.2325,0.2451923
302.2524,0.2451923
302.2724,0.2451923
302.2924,0.2451923
302.3124,0.2451923
302.3324,0.2451923
302.3524,0.2451923
302.3724,0.2451923
302.3924,0.2451923
302.4124,0.2451923
302.4323,0.2451923
302.4523,0.2451923
302.4723,0.2451923
302.4923,0.2451923
302.5123,0.2451923
302.5323,0.2451923
302.5523,0.2451923
302.5723,0.2451923
302.5923,0.2451923
302.6122,0.2451923
302.6322,0.2451923
302.6522,0.2451923
302.6722,0.2451923
302.6922,0.2451923
302.7122,0.2451923
302.7322,0.2451923
302.7522,0.2451923
302.7722,0.2451923
302.7921,0.2451923
302.8121,0.2451923
302.8321,0.2451923
302.8521,0.2451923
302.8721,0.2451923
302.8921,0.2451923
302.9121,0.2451923
302.9321,0.2451923
302.9521,0.2451923
302.972,0.2451923
302.992,0.2451923
303.012,0.2451923
303.032,0.2451923
303.052,0.2451923
303.072,0.2451923
303.092,0.2451923
303.112,0.2451923
303.132,0.2451923
303.1519,0.2451923
303.1719,0.2451923
303.1919,0.2451923
303.2119,0.2451923
303.2319,0.2451923
303.2519,0.2451923
303.2719,0.2451923
303.2919,0.2451923
303.3119,0.2451923
303.3318,0.2451923
303.3518,0.2451923
303.3718,0.2451923
303.3918,0.2451923
303.4118,0.2451923
303.4318,0.2451923
303.4518,0.2451923
303.4718,0.2451923
303.4918,0.2451923
303.5117,0.2451923
303.5317,0.2451923
303.5517,0.2451923
303.5717,0.2451923
303.5917,0.2451923
303.6117,0.2451923
303.6317,0.2451923
303.6517,0.2451923
303.6717,0.2451923
303.6917,0.2451923
303.7116,0.2451923
303.7316,0.2451923
303.7516,0.2451923
303.7716,0.2451923
303.7916,0.2451923
303.8116,0.2451923
303.8316,0.2451923
303.8516,0.2451923
303.8716,0.2451923
303.8915,0.2451923
303.9115,0.2451923
303.9315,0.2451923
303.9515,0.2451923
303.9715,0.2451923
303.9915,0.2451923
304.0115,0.2451923
304.0315,0.2451923
304.0515,0.2451923
304.0714,0.2451923
304.0914,0.2451923
304.1114,0.2451923
304.1314,0.2451923
304.1514,0.2451923
304.1714,0.2451923
304.1914,0.2451923
304.2114,0.2451923
304.2314,0.2451923
304.2513,0.2451923
304.2713,0.2451923
304.2913,0.2451923
304.3113,0.2451923
304.3313,0.2451923
304.3513,0.2451923
304.3713,0.2451923
304.3913,0.2451923
304.4113,0.2451923
304.4312,0.2451923
304.4512,0.2451923
304.4712,0.2451923
304.4912,0.2451923
304.5112,0.2451923
304.5312,0.2451923
304.5512,0.2451923
304.5712,0.2451923
304.5912,0.2451923
304.6111,0.2451923
304.6311,0.2451923
304.6511,0.2451923
304.6711,0.2451923
304.6911,0.2451923
304.7111,0.2451923
304.7311,0.2451923
304.7511,0.2451923
304.7711,0.2451923
304.791,0.2451923
304.811,0.2451923
304.831,0.2451923
304.851,0.2451923
304.871,0.2451923
304.891,0.2451923
304.911,0.2451923
304.931,0.2451923
304.951,0.2451923
304.9709,0.2451923
304.9909,0.2451923
305.0109,0.2451923
305.0309,0.2451923
305.0509,0.2451923
305.0709,0.2451923
305.0909,0.2451923
305.1109,0.2451923
305.1309,0.2451923
305.1508,0.2451923
305.1708,0.2451923
305.1908,0.2451923
305.2108,0.2451923
305.2308,0.2451923
305.2508,0.2451923
305.2708,0.2451923
305.2908,0.2451923
305.3108,0.2451923
305.3307,0.2451923
305.3507,0.2451923
305.3707,0.2451923
305.3907,0.2451923
305.4107,0.2451923
305.4307,0.2451923
305.4507,0.2451923
305.4707,0.2451923
305.4907,0.2451923
305.5107,0.2451923
305.5306,0.2451923
305.5506,0.2451923
305.5706,0.2451923
305.5906,0.2451923
305.6106,0.2451923
305.6306,0.2451923
305.6506,0.2451923
305.6706,0.2451923
305.6906,0.2451923
305.7105,0.2451923
305.7305,0.2451923
305.7505,0.2451923
305.7705,0.2451923
305.7905,0.2451923
305.8105,0.2451923
305.8305,0.2451923
305.8505,0.2451923
305.8705,0.2451923
305.8904,0.2451923
305.9104,0.2451923
305.9304,0.2451923
305.9504,0.2451923
305.9704,0.2451923
305.9904,0.2451923
306.0104,0.2451923
306.0304,0.2451923
306.0504,0.2451923
306.0703,0.2451923
306.0903,0.2451923
306.1103,0.2451923
306.1303,0.2451923
306.1503,0.2451923
306.1703,0.2451923
306.1903,0.2451923
306.2103,0.2451923
306.2303,0.2451923
306.2502,0.2451923
306.2702,0.2451923
306.2902,0.2451923
306.3102,0.2451923
306.3302,0.2451923
306.3502,0.2451923
306.3702,0.2451923
306.3902,0.2451923
306.4102,0.2451923
306.4301,0.2451923
306.4501,0.2451923
306.4701,0.2451923
306.4901,0.2451923
306.5101,0.2451923
306.5301,0.2451923
306.5501,0.2451923
306.5701,0.2451923
306.5901,0.2451923
306.61,0.2451923
306.63,0.2451923
306.65,0.2451923
306.67,0.2451923
306.69,0.2451923
306.71,0.2451923
306.73,0.2451923
306.75,0.2451923
306.77,0.2451923
306.7899,0.2451923
306.8099,0.2451923
306.8299,0.2451923
306.8499,0.2451923
306.8699,0.2451923
306.8899,0.2451923
306.9099,0.2451923
306.9299,0.2451923
306.9499,0.2451923
306.9698,0.2451923
306.9898,0.2451923
307.0098,0.2451923
307.0298,0.2451923
307.0498,0.2451923
307.0698,0.2451923
307.0898,0.2451923
307.1098,0.2451923
307.1298,0.2451923
307.1497,0.2451923
307.1697,0.2451923
307.1897,0.2451923
307.2097,0.2451923
307.2297,0.2451923
307.2497,0.2451923
307.2697,0.2451923
307.2897,0.2451923
307.3097,0.2451923
307.3297,0.2451923
307.3496,0.2451923
307.3696,0.2451923
307.3896,0.2451923
307.4096,0.2451923
307.4296,0.2451923
307.4496,0.2451923
307.4696,0.2451923
307.4896,0.2451923
307.5096,0.2451923
307.5295,0.2451923
307.5495,0.2451923
307.5695,0.2451923
307.5895,0.2451923
307.6095,0.2451923
307.6295,0.2451923
307.6495,0.2451923
307.6695,0.2451923
307.6895,0.2451923
307.7094,0.2451923
307.7294,0.2451923
307.7494,0.2451923
307.7694,0.2451923
307.7894,0.2451923
307.8094,0.2451923
307.8294,0.2451923
307.8494,0.2451923
307.8694,0.2451923
307.8893,0.2451923
307.9093,0.2451923
307.9293,0.2451923
307.9493,0.2451923
307.9693,0.2451923
307.9893,0.2451923
308.0093,0.2451923
308.0293,0.2451923
308.0493,0.2451923
308.0692,0.2451923
308.0892,0.2451923
308.1092,0.2451923
308.1292,0.2451923
308.1492,0.2451923
308.1692,0.2451923
308.1892,0.2451923
308.2092,0.2451923
308.2292,0.2451923
308.2491,0.2451923
308.2691,0.2451923
308.2891,0.2451923
308.3091,0.2451923
308.3291,0.2451923
308.3491,0.2451923
308.3691,0.2451923
308.3891,0.2451923
308.4091,0.2451923
308.429,0.2451923
308.449,0.2451923
308.469,0.2451923
308.489,0.2451923
308.509,0.2451923
308.529,0.2451923
308.549,0.2451923
308.569,0.2451923
308.589,0.2451923
308.6089,0.2451923
308.6289,0.2451923
308.6489,0.2451923
308.6689,0.2451923
308.6889,0.2451923
308.7089,0.2451923
308.7289,0.2451923
308.7489,0.2451923
308.7689,0.2451923
308.7888,0.2451923
308.8088,0.2451923
308.8288,0.2451923
308.8488,0.2451923
308.8688,0.2451923
308.8888,0.2451923
308.9088,0.2451923
308.9288,0.2451923
308.9488,0.2451923
308.9688,0.2451923
308.9887,0.2451923
309.0087,0.2451923
309.0287,0.2451923
309.0487,0.2451923
309.0687,0.2451923
309.0887,0.2451923
309.1087,0.2451923
309.1287,0.2451923
309.1487,0.2451923
309.1686,0.2451923
309.1886,0.2451923
309.2086,0.2451923
309.2286,0.2451923
309.2486,0.2451923
309.2686,0.2451923
309.2886,0.2451923
309.3086,0.2451923
309.3286,0.2451923
309.3485,0.2451923
309.3685,0.2451923
309.3885,0.2451923
309.4085,0.2451923
309.4285,0.2451923
309.4485,0.2451923
309.4685,0.2451923
309.4885,0.2451923
309.5085,0.2451923
309.5284,0.2451923
309.5484,0.2451923
309.5684,0.2451923
309.5884,0.2451923
309.6084,0.2451923
309.6284,0.2451923
309.6484,0.2451923
309.6684,0.2451923
309.6884,0.2451923
309.7083,0.2451923
309.7283,0.2451923
309.7483,0.2451923
309.7683,0.2451923
309.7883,0.2451923
309.8083,0.2451923
309.8283,0.2451923
309.8483,0.2451923
309.8683,0.2451923
309.8882,0.2451923
309.9082,0.2451923
309.9282,0.2451923
309.9482,0.2451923
309.9682,0.2451923
309.9882,0.2451923
310.0082,0.2451923
310.0282,0.2451923
310.0482,0.2451923
310.0681,0.2451923
310.0881,0.2451923
310.1081,0.2451923
310.1281,0.2451923
310.1481,0.2451923
310.1681,0.2451923
310.1881,0.2451923
310.2081,0.2451923
310.2281,0.2451923
310.248,0.2451923
310.268,0.2451923
310.288,0.2451923
310.308,0.2451923
310.328,0.2451923
310.348,0.2451923
310.368,0.2451923
310.388,0.2451923
310.408,0.2451923
310.4279,0.2451923
310.4479,0.2451923
310.4679,0.2451923
310.4879,0.2451923
310.5079,0.2451923
310.5279,0.2451923
310.5479,0.2451923
310.5679,0.2451923
310.5879,0.2451923
310.6078,0.2451923
310.6278,0.2451923
310.6478,0.2451923
310.6678,0.2451923
310.6878,0.2451923
310.7078,0.2451923
310.7278,0.2451923
310.7478,0.2451923
310.7678,0.2451923
310.7878,0.2451923
310.8077,0.2451923
310.8277,0.2451923
310.8477,0.2451923
310.8677,0.2451923
310.8877,0.2451923
310.9077,0.2451923
310.9277,0.2451923
310.9477,0.2451923
310.9677,0.2451923
310.9876,0.2451923
311.0076,0.2451923
311.0276,0.2451923
311.0476,0.2451923
311.0676,0.2451923
311.0876,0.2451923
311.1076,0.2451923
311.1276,0.2451923
311.1476,0.2451923
311.1675,0.2451923
311.1875,0.2451923
311.2075,0.2451923
311.2275,0.2451923
311.2475,0.2451923
311.2675,0.2451923
311.2875,0.2451923
311.3075,0.2451923
311.3275,0.2451923
311.3474,0.2451923
311.3674,0.2451923
311.3874,0.2451923
311.4074,0.2451923
311.4274,0.2451923
311.4474,0.2451923
311.4674,0.2451923
311.4874,0.2451923
311.5074,0.2451923
311.5273,0.2451923
311.5473,0.2451923
311.5673,0.2451923
311.5873,0.2451923
311.6073,0.2451923
311.6273,0.2451923
311.6473,0.2451923
311.6673,0.2451923
311.6873,0.2451923
311.7072,0.2451923
311.7272,0.2451923
311.7472,0.2451923
311.7672,0.2451923
311.7872,0.2451923
311.8072,0.2451923
311.8272,0.2451923
311.8472,0.2451923
311.8672,0.2451923
311.8871,0.2451923
311.9071,0.2451923
311.9271,0.2451923
311.9471,0.2451923
311.9671,0.2451923
311.9871,0.2451923
312.0071,0.2451923
312.0271,0.2451923
312.0471,0.2451923
312.067,0.2451923
312.087,0.2451923
312.107,0.2451923
312.127,0.2451923
312.147,0.2451923
312.167,0.2451923
312.187,0.2451923
312.207,0.2451923
312.227,0.2451923
312.2469,0.2451923
312.2669,0.2451923
312.2869,0.2451923
312.3069,0.2451923
312.3269,0.2451923
312.3469,0.2451923
312.3669,0.2451923
312.3869,0.2451923
312.4069,0.2451923
312.4268,0.2451923
312.4468,0.2451923
312.4668,0.2451923
312.4868,0.2451923
312.5068,0.2451923
312.5268,0.2451923
312.5468,0.2451923
312.5668,0.2451923
312.5868,0.2451923
312.6068,0.2451923
312.6267,0.2451923
312.6467,0.2451923
312.6667,0.2451923
312.6867,0.2451923
312.7067,0.2451923
312.7267,0.2451923
312.7467,0.2451923
312.7667,0.2451923
312.7867,0.2451923
312.8066,0.2451923
312.8266,0.2451923
312.8466,0.2451923
312.8666,0.2451923
312.8866,0.2451923
312.9066,0.2451923
312.9266,0.2451923
312.9466,0.2451923
312.9666,0.2451923
312.9865,0.2451923
313.0065,0.2451923
313.0265,0.2451923
313.0465,0.2451923
313.0665,0.2451923
313.0865,0.2451923
313.1065,0.2451923
313.1265,0.2451923
313.1465,0.2451923
313.1664,0.2451923
313.1864,0.2451923
313.2064,0.2451923
313.2264,0.2451923
313.2464,0.2451923
313.2664,0.2451923
313.2864,0.2451923
313.3064,0.2451923
313.3264,0.2451923
313.3463,0.2451923
313.3663,0.2451923
313.3863,0.2451923
313.4063,0.2451923
313.4263,0.2451923
313.4463,0.2451923
313.4663,0.2451923
313.4863,0.2451923
313.5063,0.2451923
313.5262,0.2451923
313.5462,0.2451923
313.5662,0.2451923
313.5862,0.2451923
313.6062,0.2451923
313.6262,0.2451923
313.6462,0.2451923
313.6662,0.2451923
313.6862,0.2451923
313.7061,0.2451923
313.7261,0.2451923
313.7461,0.2451923
313.7661,0.2451923
313.7861,0.2451923
313.8061,0.2451923
313.8261,0.2451923
313.8461,0.2451923
313.8661,0.2451923
313.886,0.2451923
313.906,0.2451923
313.926,0.2451923
313.946,0.2451923
313.966,0.2451923
313.986,0.2451923
314.006,0.2451923
314.026,0.2451923
314.046,0.2451923
314.0659,0.2451923
314.0859,0.2451923
314.1059,0.2451923
314.1259,0.2451923
314.1459,0.2451923
314.1659,0.2451923
314.1859,0.2451923
314.2059,0.2451923
314.2259,0.2451923
314.2458,0.2451923
314.2658,0.2451923
314.2858,0.2451923
314.3058,0.2451923
314.3258,0.2451923
314.3458,0.2451923
314.3658,0.2451923
314.3858,0.2451923
314.4058,0.2451923
314.4258,0.2451923
314.4457,0.2451923
314.4657,0.2451923
314.4857,0.2451923
314.5057,0.2451923
314.5257,0.2451923
314.5457,0.2451923
314.5657,0.2451923
314.5857,0.2451923
314.6057,0.2451923
314.6256,0.2451923
314.6456,0.2451923
314.6656,0.2451923
314.6856,0.2451923
314.7056,0.2451923
314.7256,0.2451923
314.7456,0.2451923
314.7656,0.2451923
314.7856,0.2451923
314.8055,0.2451923
314.8255,0.2451923
314.8455,0.2451923
314.8655,0.2451923
314.8855,0.2451923
314.9055,0.2451923
314.9255,0.2451923
314.9455,0.2451923
314.9655,0.2451923
314.9854,0.2451923
315.0054,0.2451923
315.0254,0.2451923
315.0454,0.2451923
315.0654,0.2451923
315.0854,0.2451923
315.1054,0.2451923
315.1254,0.2451923
315.1454,0.2451923
315.1653,0.2451923
315.1853,0.2451923
315.2053,0.2451923
315.2253,0.2451923
315.2453,0.2451923
315.2653,0.2451923
315.2853,0.2451923
315.3053,0.2451923
315.3253,0.2451923
315.3452,0.2451923
315.3652,0.2451923
315.3852,0.2451923
315.4052,0.2451923
315.4252,0.2451923
315.4452,0.2451923
315.4652,0.2451923
315.4852,0.2451923
315.5052,0.2451923
315.5251,0.2451923
315.5451,0.2451923
315.5651,0.2451923
315.5851,0.2451923
315.6051,0.2451923
315.6251,0.2451923
315.6451,0.2451923
315.6651,0.2451923
315.6851,0.2451923
315.705,0.2451923
315.725,0.2451923
315.745,0.2451923
315.765,0.2451923
315.785,0.2451923
315.805,0.2451923
315.825,0.2451923
315.845,0.2451923
315.865,0.2451923
315.8849,0.2451923
315.9049,0.2451923
315.9249,0.2451923
315.9449,0.2451923
315.9649,0.2451923
315.9849,0.2451923
316.0049,0.2451923
316.0249,0.2451923
316.0449,0.2451923
316.0648,0.2451923
316.0848,0.2451923
316.1048,0.2451923
316.1248,0.2451923
316.1448,0.2451923
316.1648,0.2451923
316.1848,0.2451923
316.2048,0.2451923
316.2248,0.2451923
316.2448,0.2451923
316.2647,0.2451923
316.2847,0.2451923
316.3047,0.2451923
316.3247,0.2451923
316.3447,0.2451923
316.3647,0.2451923
316.3847,0.2451923
316.4047,0.2451923
316.4247,0.2451923
316.4446,0.2451923
316.4646,0.2451923
316.4846,0.2451923
316.5046,0.2451923
316.5246,0.2451923
316.5446,0.2451923
316.5646,0.2451923
316.5846,0.2451923
316.6046,0.2451923
316.6245,0.2451923
316.6445,0.2451923
316.6645,0.2451923
316.6845,0.2451923
316.7045,0.2451923
316.7245,0.2451923
316.7445,0.2451923
316.7645,0.2451923
316.7845,0.2451923
316.8044,0.2451923
316.8244,0.2451923
316.8444,0.2451923
316.8644,0.2451923
316.8844,0.2451923
316.9044,0.2451923
316.9244,0.2451923
316.9444,0.2451923
316.9644,0.2451923
316.9843,0.2451923
317.0043,0.2451923
317.0243,0.2451923
317.0443,0.2451923
317.0643,0.2451923
317.0843,0.2451923
317.1043,0.2451923
317.1243,0.2451923
317.1443,0.2451923
317.1642,0.2451923
317.1842,0.2451923
317.2042,0.2451923
317.2242,0.2451923
317.2442,0.2451923
317.2642,0.2451923
317.2842,0.2451923
317.3042,0.2451923
317.3242,0.2451923
317.3441,0.2451923
317.3641,0.2451923
317.3841,0.2451923
317.4041,0.2451923
317.4241,0.2451923
317.4441,0.2451923
317.4641,0.2451923
317.4841,0.2451923
317.5041,0.2451923
317.524,0.2451923
317.544,0.2451923
317.564,0.2451923
317.584,0.2451923
317.604,0.2451923
317.624,0.2451923
317.644,0.2451923
317.664,0.2451923
317.684,0.2451923
317.7039,0.2451923
317.7239,0.2451923
317.7439,0.2451923
317.7639,0.2451923
317.7839,0.2451923
317.8039,0.2451923
317.8239,0.2451923
317.8439,0.2451923
317.8639,0.2451923
317.8839,0.2451923
317.9038,0.2451923
317.9238,0.2451923
317.9438,0.2451923
317.9638,0.2451923
317.9838,0.2451923
318.0038,0.2451923
318.0238,0.2451923
318.0438,0.2451923
318.0638,0.2451923
318.0837,0.2451923
318.1037,0.2451923
318.1237,0.2451923
318.1437,0.2451923
318.1637,0.2451923
318.1837,0.2451923
318.2037,0.2451923
318.2237,0.2451923
318.2437,0.2451923
318.2636,0.2451923
318.2836,0.2451923
318.3036,0.2451923
318.3236,0.2451923
318.3436,0.2451923
318.3636,0.2451923
318.3836,0.2451923
318.4036,0.2451923
318.4236,0.2451923
318.4435,0.2451923
318.4635,0.2451923
318.4835,0.2451923
318.5035,0.2451923
318.5235,0.2451923
318.5435,0.2451923
318.5635,0.2451923
318.5835,0.2451923
318.6035,0.2451923
318.6234,0.2451923
318.6434,0.2451923
318.6634,0.2451923
318.6834,0.2451923
318.7034,0.2451923
318.7234,0.2451923
318.7434,0.2451923
318.7634,0.2451923
318.7834,0.2451923
318.8033,0.2451923
318.8233,0.2451923
318.8433,0.2451923
318.8633,0.2451923
318.8833,0.2451923
318.9033,0.2451923
318.9233,0.2451923
318.9433,0.2451923
318.9633,0.2451923
318.9832,0.2451923
319.0032,0.2451923
319.0232,0.2451923
319.0432,0.2451923
319.0632,0.2451923
319.0832,0.2451923
319.1032,0.2451923
319.1232,0.2451923
319.1432,0.2451923
319.1631,0.2451923
319.1831,0.2451923
319.2031,0.2451923
319.2231,0.2451923
319.2431,0.2451923
319.2631,0.2451923
319.2831,0.2451923
319.3031,0.2451923
319.3231,0.2451923
319.343,0.2451923
319.363,0.2451923
319.383,0.2451923
319.403,0.2451923
319.423,0.2451923
319.443,0.2451923
319.463,0.2451923
319.483,0.2451923
319.503,0.2451923
319.5229,0.2451923
319.5429,0.2451923
319.5629,0.2451923
319.5829,0.2451923
319.6029,0.2451923
319.6229,0.2451923
319.6429,0.2451923
319.6629,0.2451923
319.6829,0.2451923
319.7029,0.2451923
319.7228,0.2451923
319.7428,0.2451923
319.7628,0.2451923
319.7828,0.2451923
319.8028,0.2451923
319.8228,0.2451923
319.8428,0.2451923
319.8628,0.2451923
319.8828,0.2451923
319.9027,0.2451923
319.9227,0.2451923
319.9427,0.2451923
319.9627,0.2451923
319.9827,0.2451923
320.0027,0.2451923
320.0227,0.2451923
320.0427,0.2451923
320.0627,0.2451923
320.0826,0.2451923
320.1026,0.2451923
320.1226,0.2451923
320.1426,0.2451923
320.1626,0.2451923
320.1826,0.2451923
320.2026,0.2451923
320.2226,0.2451923
320.2426,0.2451923
320.2625,0.2451923
320.2825,0.2451923
320.3025,0.2451923
320.3225,0.2451923
320.3425,0.2451923
320.3625,0.2451923
320.3825,0.2451923
320.4025,0.2451923
320.4225,0.2451923
320.4424,0.2451923
320.4624,0.2451923
320.4824,0.2451923
320.5024,0.2451923
320.5224,0.2451923
320.5424,0.2451923
320.5624,0.2451923
320.5824,0.2451923
320.6024,0.2451923
320.6223,0.2451923
320.6423,0.2451923
320.6623,0.2451923
320.6823,0.2451923
320.7023,0.2451923
320.7223,0.2451923
320.7423,0.2451923
320.7623,0.2451923
320.7823,0.2451923
320.8022,0.2451923
320.8222,0.2451923
320.8422,0.2451923
320.8622,0.2451923
320.8822,0.2451923
320.9022,0.2451923
320.9222,0.2451923
320.9422,0.2451923
320.9622,0.2451923
320.9821,0.2451923
321.0021,0.2451923
321.0221,0.2451923
321.0421,0.2451923
321.0621,0.2451923
321.0821,0.2451923
321.1021,0.2451923
321.1221,0.2451923
321.1421,0.2451923
321.162,0.2451923
321.182,0.2451923
321.202,0.2451923
321.222,0.2451923
321.242,0.2451923
321.262,0.2451923
321.282,0.2451923
321.302,0.2451923
321.322,0.2451923
321.3419,0.2451923
321.3619,0.2451923
321.3819,0.2451923
321.4019,0.2451923
321.4219,0.2451923
321.4419,0.2451923
321.4619,0.2451923
321.4819,0.2451923
321.5019,0.2451923
321.5219,0.2451923
321.5418,0.2451923
321.5618,0.2451923
321.5818,0.2451923
321.6018,0.2451923
321.6218,0.2451923
321.6418,0.2451923
321.6618,0.2451923
321.6818,0.2451923
321.7018,0.2451923
321.7217,0.2451923
321.7417,0.2451923
321.7617,0.2451923
321.7817,0.2451923
321.8017,0.2451923
321.8217,0.2451923
321.8417,0.2451923
321.8617,0.2451923
321.8817,0.2451923
321.9016,0.2451923
321.9216,0.2451923
321.9416,0.2451923
321.9616,0.2451923
321.9816,0.2451923
322.0016,0.2451923
322.0216,0.2451923
322.0416,0.2451923
322.0616,0.2451923
322.0815,0.2451923
322.1015,0.2451923
322.1215,0.2451923
322.1415,0.2451923
322.1615,0.2451923
322.1815,0.2451923
322.2015,0.2451923
322.2215,0.2451923
322.2415,0.2451923
322.2614,0.2451923
322.2814,0.2451923
322.3014,0.2451923
322.3214,0.2451923
322.3414,0.2451923
322.3614,0.2451923
322.3814,0.2451923
322.4014,0.2451923
322.4214,0.2451923
322.4413,0.2451923
322.4613,0.2451923
322.4813,0.2451923
322.5013,0.2451923
322.5213,0.2451923
322.5413,0.2451923
322.5613,0.2451923
322.5813,0.2451923
322.6013,0.2451923
322.6212,0.2451923
322.6412,0.2451923
322.6612,0.2451923
322.6812,0.2451923
322.7012,0.2451923
322.7212,0.2451923
322.7412,0.2451923
322.7612,0.2451923
322.7812,0.2451923
322.8011,0.2451923
322.8211,0.2451923
322.8411,0.2451923
322.8611,0.2451923
322.8811,0.2451923
322.9011,0.2451923
322.9211,0.2451923
322.9411,0.2451923
322.9611,0.2451923
322.981,0.2451923
323.001,0.2451923
323.021,0.2451923
323.041,0.2451923
323.061,0.2451923
323.081,0.2451923
323.101,0.2451923
323.121,0.2451923
323.141,0.2451923
323.1609,0.2451923
323.1809,0.2451923
323.2009,0.2451923
323.2209,0.2451923
323.2409,0.2451923
323.2609,0.2451923
323.2809,0.2451923
323.3009,0.2451923
323.3209,0.2451923
323.3409,0.2451923
323.3608,0.2451923
323.3808,0.2451923
323.4008,0.2451923
323.4208,0.2451923
323.4408,0.2451923
323.4608,0.2451923
323.4808,0.2451923
323.5008,0.2451923
323.5208,0.2451923
323.5407,0.2451923
323.5607,0.2451923
323.5807,0.2451923
323.6007,0.2451923
323.6207,0.2451923
323.6407,0.2451923
323.6607,0.2451923
323.6807,0.2451923
323.7007,0.2451923
323.7206,0.2451923
323.7406,0.2451923
323.7606,0.2451923
323.7806,0.2451923
323.8006,0.2451923
323.8206,0.2451923
323.8406,0.2451923
323.8606,0.2451923
323.8806,0.2451923
323.9005,0.2451923
323.9205,0.2451923
323.9405,0.2451923
323.9605,0.2451923
323.9805,0.2451923
324.0005,0.2451923
324.0205,0.2451923
324.0405,0.2451923
324.0605,0.2451923
324.0804,0.2451923
324.1004,0.2451923
324.1204,0.2451923
324.1404,0.2451923
324.1604,0.2451923
324.1804,0.2451923
324.2004,0.2451923
324.2204,0.2451923
324.2404,0.2451923
324.2603,0.2451923
324.2803,0.2451923
324.3003,0.2451923
324.3203,0.2451923
324.3403,0.2451923
324.3603,0.2451923
324.3803,0.2451923
324.4003,0.2451923
324.4203,0.2451923
324.4402,0.2451923
324.4602,0.2451923
324.4802,0.2451923
324.5002,0.2451923
324.5202,0.2451923
324.5402,0.2451923
324.5602,0.2451923
324.5802,0.2451923
324.6002,0.2451923
324.6201,0.2451923
324.6401,0.2451923
324.6601,0.2451923
324.6801,0.2451923
324.7001,0.2451923
324.7201,0.2451923
324.7401,0.2451923
324.7601,0.2451923
324.7801,0.2451923
324.8,0.2451923
324.82,0.2451923
324.84,0.2451923
324.86,0.2451923
324.88,0.2451923
324.9,0.2451923
324.92,0.2451923
324.94,0.2451923
324.96,0.2451923
324.9799,0.2451923
324.9999,0.2451923
325.0199,0.2451923
325.0399,0.2451923
325.0599,0.2451923
325.0799,0.2451923
325.0999,0.2451923
325.1199,0.2451923
325.1399,0.2451923
325.1599,0.2451923
325.1798,0.2451923
325.1998,0.2451923
325.2198,0.2451923
325.2398,0.2451923
325.2598,0.2451923
325.2798,0.2451923
325.2998,0.2451923
325.3198,0.2451923
325.3398,0.2451923
325.3597,0.2451923
325.3797,0.2451923
325.3997,0.2451923
325.4197,0.2451923
325.4397,0.2451923
325.4597,0.2451923
325.4797,0.2451923
325.4997,0.2451923
325.5197,0.2451923
325.5396,0.2451923
325.5596,0.2451923
325.5796,0.2451923
325.5996,0.2451923
325.6196,0.2451923
325.6396,0.2451923
325.6596,0.2451923
325.6796,0.2451923
325.6996,0.2451923
325.7195,0.2451923
325.7395,0.2451923
325.7595,0.2451923
325.7795,0.2451923
325.7995,0.2451923
325.8195,0.2451923
325.8395,0.2451923
325.8595,0.2451923
325.8795,0.2451923
325.8994,0.2451923
325.9194,0.2451923
325.9394,0.2451923
325.9594,0.2451923
325.9794,0.2451923
325.9994,0.2451923
326.0194,0.2451923
326.0394,0.2451923
326.0594,0.2451923
326.0793,0.2451923
326.0993,0.2451923
326.1193,0.2451923
326.1393,0.2451923
326.1593,0.2451923
326.1793,0.2451923
326.1993,0.2451923
326.2193,0.2451923
326.2393,0.2451923
326.2592,0.2451923
326.2792,0.2451923
326.2992,0.2451923
326.3192,0.2451923
326.3392,0.2451923
326.3592,0.2451923
326.3792,0.2451923
326.3992,0.2451923
326.4192,0.2451923
326.4391,0.2451923
326.4591,0.2451923
326.4791,0.2451923
326.4991,0.2451923
326.5191,0.2451923
326.5391,0.2451923
326.5591,0.2451923
326.5791,0.2451923
326.5991,0.2451923
326.619,0.2451923
326.639,0.2451923
326.659,0.2451923
326.679,0.2451923
326.699,0.2451923
326.719,0.2451923
326.739,0.2451923
326.759,0.2451923
326.779,0.2451923
326.799,0.2451923
326.8189,0.2451923
326.8389,0.2451923
326.8589,0.2451923
326.8789,0.2451923
326.8989,0.2451923
326.9189,0.2451923
326.9389,0.2451923
326.9589,0.2451923
326.9789,0.2451923
326.9988,0.2451923
327.0188,0.2451923
327.0388,0.2451923
327.0588,0.2451923
327.0788,0.2451923
327.0988,0.2451923
327.1188,0.2451923
327.1388,0.2451923
327.1588,0.2451923
327.1787,0.2451923
327.1987,0.2451923
327.2187,0.2451923
327.2387,0.2451923
327.2587,0.2451923
327.2787,0.2451923
327.2987,0.2451923
327.3187,0.2451923
327.3387,0.2451923
327.3586,0.2451923
327.3786,0.2451923
327.3986,0.2451923
327.4186,0.2451923
327.4386,0.2451923
327.4586,0.2451923
327.4786,0.2451923
327.4986,0.2451923
327.5186,0.2451923
327.5385,0.2451923
327.5585,0.2451923
327.5785,0.2451923
327.5985,0.2451923
327.6185,0.2451923
327.6385,0.2451923
327.6585,0.2451923
327.6785,0.2451923
327.6985,0.2451923
327.7184,0.2451923
327.7384,0.2451923
327.7584,0.2451923
327.7784,0.2451923
327.7984,0.2451923
327.8184,0.2451923
327.8384,0.2451923
327.8584,0.2451923
327.8784,0.2451923
327.8983,0.2451923
327.9183,0.2451923
327.9383,0.2451923
327.9583,0.2451923
327.9783,0.2451923
327.9983,0.2451923
328.0183,0.2451923
328.0383,0.2451923
328.0583,0.2451923
328.0782,0.2451923
328.0982,0.2451923
328.1182,0.2451923
328.1382,0.2451923
328.1582,0.2451923
328.1782,0.2451923
328.1982,0.2451923
328.2182,0.2451923
328.2382,0.2451923
328.2581,0.2451923
328.2781,0.2451923
328.2981,0.2451923
328.3181,0.2451923
328.3381,0.2451923
328.3581,0.2451923
328.3781,0.2451923
328.3981,0.2451923
328.4181,0.2451923
328.438,0.2451923
328.458,0.2451923
328.478,0.2451923
328.498,0.2451923
328.518,0.2451923
328.538,0.2451923
328.558,0.2451923
328.578,0.2451923
328.598,0.2451923
328.618,0.2451923
328.6379,0.2451923
328.6579,0.2451923
328.6779,0.2451923
328.6979,0.2451923
328.7179,0.2451923
328.7379,0.2451923
328.7579,0.2451923
328.7779,0.2451923
328.7979,0.2451923
328.8178,0.2451923
328.8378,0.2451923
328.8578,0.2451923
328.8778,0.2451923
328.8978,0.2451923
328.9178,0.2451923
328.9378,0.2451923
328.9578,0.2451923
328.9778,0.2451923
328.9977,0.2451923
329.0177,0.2451923
329.0377,0.2451923
329.0577,0.2451923
329.0777,0.2451923
329.0977,0.2451923
329.1177,0.2451923
329.1377,0.2451923
329.1577,0.2451923
329.1776,0.2451923
329.1976,0.2451923
329.2176,0.2451923
329.2376,0.2451923
329.2576,0.2451923
329.2776,0.2451923
329.2976,0.2451923
329.3176,0.2451923
329.3376,0.2451923
329.3575,0.2451923
329.3775,0.2451923
329.3975,0.2451923
329.4175,0.2451923
329.4375,0.2451923
329.4575,0.2451923
329.4775,0.2451923
329.4975,0.2451923
329.5175,0.2451923
329.5374,0.2451923
329.5574,0.2451923
329.5774,0.2451923
329.5974,0.2451923
329.6174,0.2451923
329.6374,0.2451923
329.6574,0.2451923
329.6774,0.2451923
329.6974,0.2451923
329.7173,0.2451923
329.7373,0.2451923
329.7573,0.2451923
329.7773,0.2451923
329.7973,0.2451923
329.8173,0.2451923
329.8373,0.2451923
329.8573,0.2451923
329.8773,0.2451923
329.8972,0.2451923
329.9172,0.2451923
329.9372,0.2451923
329.9572,0.2451923
329.9772,0.2451923
329.9972,0.2451923
330.0172,0.2451923
330.0372,0.2451923
330.0572,0.2451923
330.0771,0.2451923
330.0971,0.2451923
330.1171,0.2451923
330.1371,0.2451923
330.1571,0.2451923
330.1771,0.2451923
330.1971,0.2451923
330.2171,0.2451923
330.2371,0.2451923
330.257,0.2451923
330.277,0.2451923
330.297,0.2451923
330.317,0.2451923
330.337,0.2451923
330.357,0.2451923
330.377,0.2451923
330.397,0.2451923
330.417,0.2451923
330.437,0.2451923
330.4569,0.2451923
330.4769,0.2451923
330.4969,0.2451923
330.5169,0.2451923
330.5369,0.2451923
330.5569,0.2451923
330.5769,0.2451923
330.5969,0.2451923
330.6169,0.2451923
330.6368,0.2451923
330.6568,0.2451923
330.6768,0.2451923
330.6968,0.2451923
330.7168,0.2451923
330.7368,0.2451923
330.7568,0.2451923
330.7768,0.2451923
330.7968,0.2451923
330.8167,0.2451923
330.8367,0.2451923
330.8567,0.2451923
330.8767,0.2451923
330.8967,0.2451923
330.9167,0.2451923
330.9367,0.2451923
330.9567,0.2451923
330.9767,0.2451923
330.9966,0.2451923
331.0166,0.2451923
331.0366,0.2451923
331.0566,0.2451923
331.0766,0.2451923
331.0966,0.2451923
331.1166,0.2451923
331.1366,0.2451923
331.1566,0.2451923
331.1765,0.2451923
331.1965,0.2451923
331.2165,0.2451923
331.2365,0.2451923
331.2565,0.2451923
331.2765,0.2451923
331.2965,0.2451923
331.3165,0.2451923
331.3365,0.2451923
331.3564,0.2451923
331.3764,0.2451923
331.3964,0.2451923
331.4164,0.2451923
331.4364,0.2451923
331.4564,0.2451923
331.4764,0.2451923
331.4964,0.2451923
331.5164,0.2451923
331.5363,0.2451923
331.5563,0.2451923
331.5763,0.2451923
331.5963,0.2451923
331.6163,0.2451923
331.6363,0.2451923
331.6563,0.2451923
331.6763,0.2451923
331.6963,0.2451923
331.7162,0.2451923
331.7362,0.2451923
331.7562,0.2451923
331.7762,0.2451923
331.7962,0.2451923
331.8162,0.2451923
331.8362,0.2451923
331.8562,0.2451923
331.8762,0.2451923
331.8961,0.2451923
331.9161,0.2451923
331.9361,0.2451923
331.9561,0.2451923
331.9761,0.2451923
331.9961,0.2451923
332.0161,0.2451923
332.0361,0.2451923
332.0561,0.2451923
332.076,0.2451923
332.096,0.2451923
332.116,0.2451923
332.136,0.2451923
332.156,0.2451923
332.176,0.2451923
332.196,0.2451923
332.216,0.2451923
332.236,0.2451923
332.256,0.2451923
332.2759,0.2451923
332.2959,0.2451923
332.3159,0.2451923
332.3359,0.2451923
332.3559,0.2451923
332.3759,0.2451923
332.3959,0.2451923
332.4159,0.2451923
332.4359,0.2451923
332.4558,0.2451923
332.4758,0.2451923
332.4958,0.2451923
332.5158,0.2451923
332.5358,0.2451923
332.5558,0.2451923
332.5758,0.2451923
332.5958,0.2451923
332.6158,0.2451923
332.6357,0.2451923
332.6557,0.2451923
332.6757,0.2451923
332.6957,0.2451923
332.7157,0.2451923
332.7357,0.2451923
332.7557,0.2451923
332.7757,0.2451923
332.7957,0.2451923
332.8156,0.2451923
332.8356,0.2451923
332.8556,0.2451923
332.8756,0.2451923
332.8956,0.2451923
332.9156,0.2451923
332.9356,0.2451923
332.9556,0.2451923
332.9756,0.2451923
332.9955,0.2451923
333.0155,0.2451923
333.0355,0.2451923
333.0555,0.2451923
333.0755,0.2451923
333.0955,0.2451923
333.1155,0.2451923
333.1355,0.2451923
333.1555,0.2451923
333.1754,0.2451923
333.1954,0.2451923
333.2154,0.2451923
333.2354,0.2451923
333.2554,0.2451923
333.2754,0.2451923
333.2954,0.2451923
333.3154,0.2451923
333.3354,0.2451923
333.3553,0.2451923
333.3753,0.2451923
333.3953,0.2451923
333.4153,0.2451923
333.4353,0.2451923
333.4553,0.2451923
333.4753,0.2451923
333.4953,0.2451923
333.5153,0.2451923
333.5352,0.2451923
333.5552,0.2451923
333.5752,0.2451923
333.5952,0.2451923
333.6152,0.2451923
333.6352,0.2451923
333.6552,0.2451923
333.6752,0.2451923
333.6952,0.2451923
333.7151,0.2451923
333.7351,0.2451923
333.7551,0.2451923
333.7751,0.2451923
333.7951,0.2451923
333.8151,0.2451923
333.8351,0.2451923
333.8551,0.2451923
333.8751,0.2451923
333.8951,0.2451923
333.915,0.2451923
333.935,0.2451923
333.955,0.2451923
333.975,0.2451923
333.995,0.2451923
334.015,0.2451923
334.035,0.2451923
334.055,0.2451923
334.075,0.2451923
334.0949,0.2451923
334.1149,0.2451923
334.1349,0.2451923
334.1549,0.2451923
334.1749,0.2451923
334.1949,0.2451923
334.2149,0.2451923
334.2349,0.2451923
334.2549,0.2451923
334.2748,0.2451923
334.2948,0.2451923
334.3148,0.2451923
334.3348,0.2451923
334.3548,0.2451923
334.3748,0.2451923
334.3948,0.2451923
334.4148,0.2451923
334.4348,0.2451923
334.4547,0.2451923
334.4747,0.2451923
334.4947,0.2451923
334.5147,0.2451923
334.5347,0.2451923
334.5547,0.2451923
334.5747,0.2451923
334.5947,0.2451923
334.6147,0.2451923
334.6346,0.2451923
334.6546,0.2451923
334.6746,0.2451923
334.6946,0.2451923
334.7146,0.2451923
334.7346,0.2451923
334.7546,0.2451923
334.7746,0.2451923
334.7946,0.2451923
334.8145,0.2451923
334.8345,0.2451923
334.8545,0.2451923
334.8745,0.2451923
334.8945,0.2451923
334.9145,0.2451923
334.9345,0.2451923
334.9545,0.2451923
334.9745,0.2451923
334.9944,0.2451923
335.0144,0.2451923
335.0344,0.2451923
335.0544,0.2451923
335.0744,0.2451923
335.0944,0.2451923
335.1144,0.2451923
335.1344,0.2451923
335.1544,0.2451923
335.1743,0.2451923
335.1943,0.2451923
335.2143,0.2451923
335.2343,0.2451923
335.2543,0.2451923
335.2743,0.2451923
335.2943,0.2451923
335.3143,0.2451923
335.3343,0.2451923
335.3542,0.2451923
335.3742,0.2451923
335.3942,0.2451923
335.4142,0.2451923
335.4342,0.2451923
335.4542,0.2451923
335.4742,0.2451923
335.4942,0.2451923
335.5142,0.2451923
335.5341,0.2451923
335.5541,0.2451923
335.5741,0.2451923
335.5941,0.2451923
335.6141,0.2451923
335.6341,0.2451923
335.6541,0.2451923
335.6741,0.2451923
335.6941,0.2451923
335.7141,0.2451923
335.734,0.2451923
335.754,0.2451923
335.774,0.2451923
335.794,0.2451923
335.814,0.2451923
335.834,0.2451923
335.854,0.2451923
335.874,0.2451923
335.894,0.2451923
335.9139,0.2451923
335.9339,0.2451923
335.9539,0.2451923
335.9739,0.2451923
335.9939,0.2451923
336.0139,0.2451923
336.0339,0.2451923
336.0539,0.2451923
336.0739,0.2451923
336.0938,0.2451923
336.1138,0.2451923
336.1338,0.2451923
336.1538,0.2451923
336.1738,0.2451923
336.1938,0.2451923
336.2138,0.2451923
336.2338,0.2451923
336.2538,0.2451923
336.2737,0.2451923
336.2937,0.2451923
336.3137,0.2451923
336.3337,0.2451923
336.3537,0.2451923
336.3737,0.2451923
336.3937,0.2451923
336.4137,0.2451923
336.4337,0.2451923
336.4536,0.2451923
336.4736,0.2451923
336.4936,0.2451923
336.5136,0.2451923
336.5336,0.2451923
336.5536,0.2451923
336.5736,0.2451923
336.5936,0.2451923
336.6136,0.2451923
336.6335,0.2451923
336.6535,0.2451923
336.6735,0.2451923
336.6935,0.2451923
336.7135,0.2451923
336.7335,0.2451923
336.7535,0.2451923
336.7735,0.2451923
336.7935,0.2451923
336.8134,0.2451923
336.8334,0.2451923
336.8534,0.2451923
336.8734,0.2451923
336.8934,0.2451923
336.9134,0.2451923
336.9334,0.2451923
336.9534,0.2451923
336.9734,0.2451923
336.9933,0.2451923
337.0133,0.2451923
337.0333,0.2451923
337.0533,0.2451923
337.0733,0.2451923
337.0933,0.2451923
337.1133,0.2451923
337.1333,0.2451923
337.1533,0.2451923
337.1732,0.2451923
337.1932,0.2451923
337.2132,0.2451923
337.2332,0.2451923
337.2532,0.2451923
337.2732,0.2451923
337.2932,0.2451923
337.3132,0.2451923
337.3332,0.2451923
337.3531,0.2451923
337.3731,0.2451923
337.3931,0.2451923
337.4131,0.2451923
337.4331,0.2451923
337.4531,0.2451923
337.4731,0.2451923
337.4931,0.2451923
337.5131,0.2451923
337.5331,0.2451923
337.553,0.2451923
337.573,0.2451923
337.593,0.2451923
337.613,0.2451923
337.633,0.2451923
337.653,0.2451923
337.673,0.2451923
337.693,0.2451923
337.713,0.2451923
337.7329,0.2451923
337.7529,0.2451923
337.7729,0.2451923
337.7929,0.2451923
337.8129,0.2451923
337.8329,0.2451923
337.8529,0.2451923
337.8729,0.2451923
337.8929,0.2451923
337.9128,0.2451923
337.9328,0.2451923
337.9528,0.2451923
337.9728,0.2451923
337.9928,0.2451923
338.0128,0.2451923
338.0328,0.2451923
338.0528,0.2451923
338.0728,0.2451923
338.0927,0.2451923
338.1127,0.2451923
338.1327,0.2451923
338.1527,0.2451923
338.1727,0.2451923
338.1927,0.2451923
338.2127,0.2451923
338.2327,0.2451923
338.2527,0.2451923
338.2726,0.2451923
338.2926,0.2451923
338.3126,0.2451923
338.3326,0.2451923
338.3526,0.2451923
338.3726,0.2451923
338.3926,0.2451923
338.4126,0.2451923
338.4326,0.2451923
338.4525,0.2451923
338.4725,0.2451923
338.4925,0.2451923
338.5125,0.2451923
338.5325,0.2451923
338.5525,0.2451923
338.5725,0.2451923
338.5925,0.2451923
338.6125,0.2451923
338.6324,0.2451923
338.6524,0.2451923
338.6724,0.2451923
338.6924,0.2451923
338.7124,0.2451923
338.7324,0.2451923
338.7524,0.2451923
338.7724,0.2451923
338.7924,0.2451923
338.8123,0.2451923
338.8323,0.2451923
338.8523,0.2451923
338.8723,0.2451923
338.8923,0.2451923
338.9123,0.2451923
338.9323,0.2451923
338.9523,0.2451923
338.9723,0.2451923
338.9922,0.2451923
339.0122,0.2451923
339.0322,0.2451923
339.0522,0.2451923
339.0722,0.2451923
339.0922,0.2451923
339.1122,0.2451923
339.1322,0.2451923
339.1522,0.2451923
339.1721,0.2451923
339.1921,0.2451923
339.2121,0.2451923
339.2321,0.2451923
339.2521,0.2451923
339.2721,0.2451923
339.2921,0.2451923
339.3121,0.2451923
339.3321,0.2451923
339.3521,0.2451923
339.372,0.2451923
339.392,0.2451923
339.412,0.2451923
339.432,0.2451923
339.452,0.2451923
339.472,0.2451923
339.492,0.2451923
339.512,0.2451923
339.532,0.2451923
339.5519,0.2451923
339.5719,0.2451923
339.5919,0.2451923
339.6119,0.2451923
339.6319,0.2451923
339.6519,0.2451923
339.6719,0.2451923
339.6919,0.2451923
339.7119,0.2451923
339.7318,0.2451923
339.7518,0.2451923
339.7718,0.2451923
339.7918,0.2451923
339.8118,0.2451923
339.8318,0.2451923
339.8518,0.2451923
339.8718,0.2451923
339.8918,0.2451923
339.9117,0.2451923
339.9317,0.2451923
339.9517,0.2451923
339.9717,0.2451923
339.9917,0.2451923
340.0117,0.2451923
340.0317,0.2451923
340.0517,0.2451923
340.0717,0.2451923
340.0916,0.2451923
340.1116,0.2451923
340.1316,0.2451923
340.1516,0.2451923
340.1716,0.2451923
340.1916,0.2451923
340.2116,0.2451923
340.2316,0.2451923
340.2516,0.2451923
340.2715,0.2451923
340.2915,0.2451923
340.3115,0.2451923
340.3315,0.2451923
340.3515,0.2451923
340.3715,0.2451923
340.3915,0.2451923
340.4115,0.2451923
340.4315,0.2451923
340.4514,0.2451923
340.4714,0.2451923
340.4914,0.2451923
340.5114,0.2451923
340.5314,0.2451923
340.5514,0.2451923
340.5714,0.2451923
340.5914,0.2451923
340.6114,0.2451923
340.6313,0.2451923
340.6513,0.2451923
340.6713,0.2451923
340.6913,0.2451923
340.7113,0.2451923
340.7313,0.2451923
340.7513,0.2451923
340.7713,0.2451923
340.7913,0.2451923
340.8112,0.2451923
340.8312,0.2451923
340.8512,0.2451923
340.8712,0.2451923
340.8912,0.2451923
340.9112,0.2451923
340.9312,0.2451923
340.9512,0.2451923
340.9712,0.2451923
340.9911,0.2451923
341.0111,0.2451923
341.0311,0.2451923
341.0511,0.2451923
341.0711,0.2451923
341.0911,0.2451923
341.1111,0.2451923
341.1311,0.2451923
341.1511,0.2451923
341.1711,0.2451923
341.191,0.2451923
341.211,0.2451923
341.231,0.2451923
341.251,0.2451923
341.271,0.2451923
341.291,0.2451923
341.311,0.2451923
341.331,0.2451923
341.351,0.2451923
341.3709,0.2451923
341.3909,0.2451923
341.4109,0.2451923
341.4309,0.2451923
341.4509,0.2451923
341.4709,0.2451923
341.4909,0.2451923
341.5109,0.2451923
341.5309,0.2451923
341.5508,0.2451923
341.5708,0.2451923
341.5908,0.2451923
341.6108,0.2451923
341.6308,0.2451923
341.6508,0.2451923
341.6708,0.2451923
341.6908,0.2451923
341.7108,0.2451923
341.7307,0.2451923
341.7507,0.2451923
341.7707,0.2451923
341.7907,0.2451923
341.8107,0.2451923
341.8307,0.2451923
341.8507,0.2451923
341.8707,0.2451923
341.8907,0.2451923
341.9106,0.2451923
341.9306,0.2451923
341.9506,0.2451923
341.9706,0.2451923
341.9906,0.2451923
342.0106,0.2451923
342.0306,0.2451923
342.0506,0.2451923
342.0706,0.2451923
342.0905,0.2451923
342.1105,0.2451923
342.1305,0.2451923
342.1505,0.2451923
342.1705,0.2451923
342.1905,0.2451923
342.2105,0.2451923
342.2305,0.2451923
342.2505,0.2451923
342.2704,0.2451923
342.2904,0.2451923
342.3104,0.2451923
342.3304,0.2451923
342.3504,0.2451923
342.3704,0.2451923
342.3904,0.2451923
342.4104,0.2451923
342.4304,0.2451923
342.4503,0.2451923
342.4703,0.2451923
342.4903,0.2451923
342.5103,0.2451923
342.5303,0.2451923
342.5503,0.2451923
342.5703,0.2451923
342.5903,0.2451923
342.6103,0.2451923
342.6302,0.2451923
342.6502,0.2451923
342.6702,0.2451923
342.6902,0.2451923
342.7102,0.2451923
342.7302,0.2451923
342.7502,0.2451923
342.7702,0.2451923
342.7902,0.2451923
342.8102,0.2451923
342.8301,0.2451923
342.8501,0.2451923
342.8701,0.2451923
342.8901,0.2451923
342.9101,0.2451923
342.9301,0.2451923
342.9501,0.2451923
342.9701,0.2451923
342.9901,0.2451923
343.01,0.2451923
343.03,0.2451923
343.05,0.2451923
343.07,0.2451923
343.09,0.2451923
343.11,0.2451923
343.13,0.2451923
343.15,0.2451923
343.17,0.2451923
343.1899,0.2451923
343.2099,0.2451923
343.2299,0.2451923
343.2499,0.2451923
343.2699,0.2451923
343.2899,0.2451923
343.3099,0.2451923
343.3299,0.2451923
343.3499,0.2451923
343.3698,0.2451923
343.3898,0.2451923
343.4098,0.2451923
343.4298,0.2451923
343.4498,0.2451923
343.4698,0.2451923
343.4898,0.2451923
343.5098,0.2451923
343.5298,0.2451923
343.5497,0.2451923
343.5697,0.2451923
343.5897,0.2451923
343.6097,0.2451923
343.6297,0.2451923
343.6497,0.2451923
343.6697,0.2451923
343.6897,0.2451923
343.7097,0.2451923
343.7296,0.2451923
343.7496,0.2451923
343.7696,0.2451923
343.7896,0.2451923
343.8096,0.2451923
343.8296,0.2451923
343.8496,0.2451923
343.8696,0.2451923
343.8896,0.2451923
343.9095,0.2451923
343.9295,0.2451923
343.9495,0.2451923
343.9695,0.2451923
343.9895,0.2451923
344.0095,0.2451923
344.0295,0.2451923
344.0495,0.2451923
344.0695,0.2451923
344.0894,0.2451923
344.1094,0.2451923
344.1294,0.2451923
344.1494,0.2451923
344.1694,0.2451923
344.1894,0.2451923
344.2094,0.2451923
344.2294,0.2451923
344.2494,0.2451923
344.2693,0.2451923
344.2893,0.2451923
344.3093,0.2451923
344.3293,0.2451923
344.3493,0.2451923
344.3693,0.2451923
344.3893,0.2451923
344.4093,0.2451923
344.4293,0.2451923
344.4492,0.2451923
344.4692,0.2451923
344.4892,0.2451923
344.5092,0.2451923
344.5292,0.2451923
344.5492,0.2451923
344.5692,0.2451923
344.5892,0.2451923
344.6092,0.2451923
344.6292,0.2451923
344.6491,0.2451923
344.6691,0.2451923
344.6891,0.2451923
344.7091,0.2451923
344.7291,0.2451923
344.7491,0.2451923
344.7691,0.2451923
344.7891,0.2451923
344.8091,0.2451923
344.829,0.2451923
344.849,0.2451923
344.869,0.2451923
344.889,0.2451923
344.909,0.2451923
344.929,0.2451923
344.949,0.2451923
344.969,0.2451923
344.989,0.2451923
345.0089,0.2451923
345.0289,0.2451923
345.0489,0.2451923
345.0689,0.2451923
345.0889,0.2451923
345.1089,0.2451923
345.1289,0.2451923
345.1489,0.2451923
345.1689,0.2451923
345.1888,0.2451923
345.2088,0.2451923
345.2288,0.2451923
345.2488,0.2451923
345.2688,0.2451923
345.2888,0.2451923
345.3088,0.2451923
345.3288,0.2451923
345.3488,0.2451923
345.3687,0.2451923
345.3887,0.2451923
345.4087,0.2451923
345.4287,0.2451923
345.4487,0.2451923
345.4687,0.2451923
345.4887,0.2451923
345.5087,0.2451923
345.5287,0.2451923
345.5486,0.2451923
345.5686,0.2451923
345.5886,0.2451923
345.6086,0.2451923
345.6286,0.2451923
345.6486,0.2451923
345.6686,0.2451923
345.6886,0.2451923
345.7086,0.2451923
345.7285,0.2451923
345.7485,0.2451923
345.7685,0.2451923
345.7885,0.2451923
345.8085,0.2451923
345.8285,0.2451923
345.8485,0.2451923
345.8685,0.2451923
345.8885,0.2451923
345.9084,0.2451923
345.9284,0.2451923
345.9484,0.2451923
345.9684,0.2451923
345.9884,0.2451923
346.0084,0.2451923
346.0284,0.2451923
346.0484,0.2451923
346.0684,0.2451923
346.0883,0.2451923
346.1083,0.2451923
346.1283,0.2451923
346.1483,0.2451923
346.1683,0.2451923
346.1883,0.2451923
346.2083,0.2451923
346.2283,0.2451923
346.2483,0.2451923
346.2682,0.2451923
346.2882,0.2451923
346.3082,0.2451923
346.3282,0.2451923
346.3482,0.2451923
346.3682,0.2451923
346.3882,0.2451923
346.4082,0.2451923
346.4282,0.2451923
346.4482,0.2451923
346.4681,0.2451923
346.4881,0.2451923
346.5081,0.2451923
346.5281,0.2451923
346.5481,0.2451923
346.5681,0.2451923
346.5881,0.2451923
346.6081,0.2451923
346.6281,0.2451923
346.648,0.2451923
346.668,0.2451923
346.688,0.2451923
346.708,0.2451923
346.728,0.2451923
346.748,0.2451923
346.768,0.2451923
346.788,0.2451923
346.808,0.2451923
346.8279,0.2451923
346.8479,0.2451923
346.8679,0.2451923
346.8879,0.2451923
346.9079,0.2451923
346.9279,0.2451923
346.9479,0.2451923
346.9679,0.2451923
346.9879,0.2451923
347.0078,0.2451923
347.0278,0.2451923
347.0478,0.2451923
347.0678,0.2451923
347.0878,0.2451923
347.1078,0.2451923
347.1278,0.2451923
347.1478,0.2451923
347.1678,0.2451923
347.1877,0.2451923
347.2077,0.2451923
347.2277,0.2451923
347.2477,0.2451923
347.2677,0.2451923
347.2877,0.2451923
347.3077,0.2451923
347.3277,0.2451923
347.3477,0.2451923
347.3676,0.2451923
347.3876,0.2451923
347.4076,0.2451923
347.4276,0.2451923
347.4476,0.2451923
347.4676,0.2451923
347.4876,0.2451923
347.5076,0.2451923
347.5276,0.2451923
347.5475,0.2451923
347.5675,0.2451923
347.5875,0.2451923
347.6075,0.2451923
347.6275,0.2451923
347.6475,0.2451923
347.6675,0.2451923
347.6875,0.2451923
347.7075,0.2451923
347.7274,0.2451923
347.7474,0.2451923
347.7674,0.2451923
347.7874,0.2451923
347.8074,0.2451923
347.8274,0.2451923
347.8474,0.2451923
347.8674,0.2451923
347.8874,0.2451923
347.9073,0.2451923
347.9273,0.2451923
347.9473,0.2451923
347.9673,0.2451923
347.9873,0.2451923
348.0073,0.2451923
348.0273,0.2451923
348.0473,0.2451923
348.0673,0.2451923
348.0872,0.2451923
348.1072,0.2451923
348.1272,0.2451923
348.1472,0.2451923
348.1672,0.2451923
348.1872,0.2451923
348.2072,0.2451923
348.2272,0.2451923
348.2472,0.2451923
348.2672,0.2451923
348.2871,0.2451923
348.3071,0.2451923
348.3271,0.2451923
348.3471,0.2451923
348.3671,0.2451923
348.3871,0.2451923
348.4071,0.2451923
348.4271,0.2451923
348.4471,0.2451923
348.467,0.2451923
348.487,0.2451923
348.507,0.2451923
348.527,0.2451923
348.547,0.2451923
348.567,0.2451923
348.587,0.2451923
348.607,0.2451923
348.627,0.2451923
348.6469,0.2451923
348.6669,0.2451923
348.6869,0.2451923
348.7069,0.2451923
348.7269,0.2451923
348.7469,0.2451923
348.7669,0.2451923
348.7869,0.2451923
348.8069,0.2451923
348.8268,0.2451923
348.8468,0.2451923
348.8668,0.2451923
348.8868,0.2451923
348.9068,0.2451923
348.9268,0.2451923
348.9468,0.2451923
348.9668,0.2451923
348.9868,0.2451923
349.0067,0.2451923
349.0267,0.2451923
349.0467,0.2451923
349.0667,0.2451923
349.0867,0.2451923
349.1067,0.2451923
349.1267,0.2451923
349.1467,0.2451923
349.1667,0.2451923
349.1866,0.2451923
349.2066,0.2451923
349.2266,0.2451923
349.2466,0.2451923
349.2666,0.2451923
349.2866,0.2451923
349.3066,0.2451923
349.3266,0.2451923
349.3466,0.2451923
349.3665,0.2451923
349.3865,0.2451923
349.4065,0.2451923
349.4265,0.2451923
349.4465,0.2451923
349.4665,0.2451923
349.4865,0.2451923
349.5065,0.2451923
349.5265,0.2451923
349.5464,0.2451923
349.5664,0.2451923
349.5864,0.2451923
349.6064,0.2451923
349.6264,0.2451923
349.6464,0.2451923
349.6664,0.2451923
349.6864,0.2451923
349.7064,0.2451923
349.7263,0.2451923
349.7463,0.2451923
349.7663,0.2451923
349.7863,0.2451923
349.8063,0.2451923
349.8263,0.2451923
349.8463,0.2451923
349.8663,0.2451923
349.8863,0.2451923
349.9063,0.2451923
349.9262,0.2451923
349.9462,0.2451923
349.9662,0.2451923
349.9862,0.2451923
350.0062,0.2451923
350.0262,0.2451923
350.0462,0.2451923
350.0662,0.2451923
350.0862,0.2451923
350.1061,0.2451923
350.1261,0.2451923
350.1461,0.2451923
350.1661,0.2451923
350.1861,0.2451923
350.2061,0.2451923
350.2261,0.2451923
350.2461,0.2451923
350.2661,0.2451923
350.286,0.2451923
350.306,0.2451923
350.326,0.2451923
350.346,0.2451923
350.366,0.2451923
350.386,0.2451923
350.406,0.2451923
350.426,0.2451923
350.446,0.2451923
350.4659,0.2451923
350.4859,0.2451923
350.5059,0.2451923
350.5259,0.2451923
350.5459,0.2451923
350.5659,0.2451923
350.5859,0.2451923
350.6059,0.2451923
350.6259,0.2451923
350.6458,0.2451923
350.6658,0.2451923
350.6858,0.2451923
350.7058,0.2451923
350.7258,0.2451923
350.7458,0.2451923
350.7658,0.2451923
350.7858,0.2451923
350.8058,0.2451923
350.8257,0.2451923
350.8457,0.2451923
350.8657,0.2451923
350.8857,0.2451923
350.9057,0.2451923
350.9257,0.2451923
350.9457,0.2451923
350.9657,0.2451923
350.9857,0.2451923
351.0056,0.2451923
351.0256,0.2451923
351.0456,0.2451923
351.0656,0.2451923
351.0856,0.2451923
351.1056,0.2451923
351.1256,0.2451923
351.1456,0.2451923
351.1656,0.2451923
351.1855,0.2451923
351.2055,0.2451923
351.2255,0.2451923
351.2455,0.2451923
351.2655,0.2451923
351.2855,0.2451923
351.3055,0.2451923
351.3255,0.2451923
351.3455,0.2451923
351.3654,0.2451923
351.3854,0.2451923
351.4054,0.2451923
351.4254,0.2451923
351.4454,0.2451923
351.4654,0.2451923
351.4854,0.2451923
351.5054,0.2451923
351.5254,0.2451923
351.5453,0.2451923
351.5653,0.2451923
351.5853,0.2451923
351.6053,0.2451923
351.6253,0.2451923
351.6453,0.2451923
351.6653,0.2451923
351.6853,0.2451923
351.7053,0.2451923
351.7253,0.2451923
351.7452,0.2451923
351.7652,0.2451923
351.7852,0.2451923
351.8052,0.2451923
351.8252,0.2451923
351.8452,0.2451923
351.8652,0.2451923
351.8852,0.2451923
351.9052,0.2451923
351.9251,0.2451923
351.9451,0.2451923
351.9651,0.2451923
351.9851,0.2451923
352.0051,0.2451923
352.0251,0.2451923
352.0451,0.2451923
352.0651,0.2451923
352.0851,0.2451923
352.105,0.2451923
352.125,0.2451923
352.145,0.2451923
352.165,0.2451923
352.185,0.2451923
352.205,0.2451923
352.225,0.2451923
352.245,0.2451923
352.265,0.2451923
352.2849,0.2451923
352.3049,0.2451923
352.3249,0.2451923
352.3449,0.2451923
352.3649,0.2451923
352.3849,0.2451923
352.4049,0.2451923
352.4249,0.2451923
352.4449,0.2451923
352.4648,0.2451923
352.4848,0.2451923
352.5048,0.2451923
352.5248,0.2451923
352.5448,0.2451923
352.5648,0.2451923
352.5848,0.2451923
352.6048,0.2451923
352.6248,0.2451923
352.6447,0.2451923
352.6647,0.2451923
352.6847,0.2451923
352.7047,0.2451923
352.7247,0.2451923
352.7447,0.2451923
352.7647,0.2451923
352.7847,0.2451923
352.8047,0.2451923
352.8246,0.2451923
352.8446,0.2451923
352.8646,0.2451923
352.8846,0.2451923
352.9046,0.2451923
352.9246,0.2451923
352.9446,0.2451923
352.9646,0.2451923
352.9846,0.2451923
353.0045,0.2451923
353.0245,0.2451923
353.0445,0.2451923
353.0645,0.2451923
353.0845,0.2451923
353.1045,0.2451923
353.1245,0.2451923
353.1445,0.2451923
353.1645,0.2451923
353.1844,0.2451923
353.2044,0.2451923
353.2244,0.2451923
353.2444,0.2451923
353.2644,0.2451923
353.2844,0.2451923
353.3044,0.2451923
353.3244,0.2451923
353.3444,0.2451923
353.3643,0.2451923
353.3843,0.2451923
353.4043,0.2451923
353.4243,0.2451923
353.4443,0.2451923
353.4643,0.2451923
353.4843,0.2451923
353.5043,0.2451923
353.5243,0.2451923
353.5443,0.2451923
353.5642,0.2451923
353.5842,0.2451923
353.6042,0.2451923
353.6242,0.2451923
353.6442,0.2451923
353.6642,0.2451923
353.6842,0.2451923
353.7042,0.2451923
353.7242,0.2451923
353.7441,0.2451923
353.7641,0.2451923
353.7841,0.2451923
353.8041,0.2451923
353.8241,0.2451923
353.8441,0.2451923
353.8641,0.2451923
353.8841,0.2451923
353.9041,0.2451923
353.924,0.2451923
353.944,0.2451923
353.964,0.2451923
353.984,0.2451923
354.004,0.2451923
354.024,0.2451923
354.044,0.2451923
354.064,0.2451923
354.084,0.2451923
354.1039,0.2451923
354.1239,0.2451923
354.1439,0.2451923
354.1639,0.2451923
354.1839,0.2451923
354.2039,0.2451923
354.2239,0.2451923
354.2439,0.2451923
354.2639,0.2451923
354.2838,0.2451923
354.3038,0.2451923
354.3238,0.2451923
354.3438,0.2451923
354.3638,0.2451923
354.3838,0.2451923
354.4038,0.2451923
354.4238,0.2451923
354.4438,0.2451923
354.4637,0.2451923
354.4837,0.2451923
354.5037,0.2451923
354.5237,0.2451923
354.5437,0.2451923
354.5637,0.2451923
354.5837,0.2451923
354.6037,0.2451923
354.6237,0.2451923
354.6436,0.2451923
354.6636,0.2451923
354.6836,0.2451923
354.7036,0.2451923
354.7236,0.2451923
354.7436,0.2451923
354.7636,0.2451923
354.7836,0.2451923
354.8036,0.2451923
354.8235,0.2451923
354.8435,0.2451923
354.8635,0.2451923
354.8835,0.2451923
354.9035,0.2451923
354.9235,0.2451923
354.9435,0.2451923
354.9635,0.2451923
354.9835,0.2451923
355.0034,0.2451923
355.0234,0.2451923
355.0434,0.2451923
355.0634,0.2451923
355.0834,0.2451923
355.1034,0.2451923
355.1234,0.2451923
355.1434,0.2451923
355.1634,0.2451923
355.1833,0.2451923
355.2033,0.2451923
355.2233,0.2451923
355.2433,0.2451923
355.2633,0.2451923
355.2833,0.2451923
355.3033,0.2451923
355.3233,0.2451923
355.3433,0.2451923
355.3633,0.2451923
355.3832,0.2451923
355.4032,0.2451923
355.4232,0.2451923
355.4432,0.2451923
355.4632,0.2451923
355.4832,0.2451923
355.5032,0.2451923
355.5232,0.2451923
355.5432,0.2451923
355.5631,0.2451923
355.5831,0.2451923
355.6031,0.2451923
355.6231,0.2451923
355.6431,0.2451923
355.6631,0.2451923
355.6831,0.2451923
355.7031,0.2451923
355.7231,0.2451923
355.743,0.2451923
355.763,0.2451923
355.783,0.2451923
355.803,0.2451923
355.823,0.2451923
355.843,0.2451923
355.863,0.2451923
355.883,0.2451923
355.903,0.2451923
355.9229,0.2451923
355.9429,0.2451923
355.9629,0.2451923
355.9829,0.2451923
356.0029,0.2451923
356.0229,0.2451923
356.0429,0.2451923
356.0629,0.2451923
356.0829,0.2451923
356.1028,0.2451923
356.1228,0.2451923
356.1428,0.2451923
356.1628,0.2451923
356.1828,0.2451923
356.2028,0.2451923
356.2228,0.2451923
356.2428,0.2451923
356.2628,0.2451923
356.2827,0.2451923
356.3027,0.2451923
356.3227,0.2451923
356.3427,0.2451923
356.3627,0.2451923
356.3827,0.2451923
356.4027,0.2451923
356.4227,0.2451923
356.4427,0.2451923
356.4626,0.2451923
356.4826,0.2451923
356.5026,0.2451923
356.5226,0.2451923
356.5426,0.2451923
356.5626,0.2451923
356.5826,0.2451923
356.6026,0.2451923
356.6226,0.2451923
356.6425,0.2451923
356.6625,0.2451923
356.6825,0.2451923
356.7025,0.2451923
356.7225,0.2451923
356.7425,0.2451923
356.7625,0.2451923
356.7825,0.2451923
356.8025,0.2451923
356.8224,0.2451923
356.8424,0.2451923
356.8624,0.2451923
356.8824,0.2451923
356.9024,0.2451923
356.9224,0.2451923
356.9424,0.2451923
356.9624,0.2451923
356.9824,0.2451923
357.0023,0.2451923
357.0223,0.2451923
357.0423,0.2451923
357.0623,0.2451923
357.0823,0.2451923
357.1023,0.2451923
357.1223,0.2451923
357.1423,0.2451923
357.1623,0.2451923
357.1823,0.2451923
357.2022,0.2451923
357.2222,0.2451923
357.2422,0.2451923
357.2622,0.2451923
357.2822,0.2451923
357.3022,0.2451923
357.3222,0.2451923
357.3422,0.2451923
357.3622,0.2451923
357.3821,0.2451923
357.4021,0.2451923
357.4221,0.2451923
357.4421,0.2451923
357.4621,0.2451923
357.4821,0.2451923
357.5021,0.2451923
357.5221,0.2451923
357.5421,0.2451923
357.562,0.2451923
357.582,0.2451923
357.602,0.2451923
357.622,0.2451923
357.642,0.2451923
357.662,0.2451923
357.682,0.2451923
357.702,0.2451923
357.722,0.2451923
357.7419,0.2451923
357.7619,0.2451923
357.7819,0.2451923
357.8019,0.2451923
357.8219,0.2451923
357.8419,0.2451923
357.8619,0.2451923
357.8819,0.2451923
357.9019,0.2451923
357.9218,0.2451923
357.9418,0.2451923
357.9618,0.2451923
357.9818,0.2451923
358.0018,0.2451923
358.0218,0.2451923
358.0418,0.2451923
358.0618,0.2451923
358.0818,0.2451923
358.1017,0.2451923
358.1217,0.2451923
358.1417,0.2451923
358.1617,0.2451923
358.1817,0.2451923
358.2017,0.2451923
358.2217,0.2451923
358.2417,0.2451923
358.2617,0.2451923
358.2816,0.2451923
358.3016,0.2451923
358.3216,0.2451923
358.3416,0.2451923
358.3616,0.2451923
358.3816,0.2451923
358.4016,0.2451923
358.4216,0.2451923
358.4416,0.2451923
358.4615,0.2451923
358.4815,0.2451923
358.5015,0.2451923
358.5215,0.2451923
358.5415,0.2451923
358.5615,0.2451923
358.5815,0.2451923
358.6015,0.2451923
358.6215,0.2451923
358.6414,0.2451923
358.6614,0.2451923
358.6814,0.2451923
358.7014,0.2451923
358.7214,0.2451923
358.7414,0.2451923
358.7614,0.2451923
358.7814,0.2451923
358.8014,0.2451923
358.8214,0.2451923
358.8413,0.2451923
358.8613,0.2451923
358.8813,0.2451923
358.9013,0.2451923
358.9213,0.2451923
358.9413,0.2451923
358.9613,0.2451923
358.9813,0.2451923
359.0013,0.2451923
359.0212,0.2451923
359.0412,0.2451923
359.0612,0.2451923
359.0812,0.2451923
359.1012,0.2451923
359.1212,0.2451923
359.1412,0.2451923
359.1612,0.2451923
359.1812,0.2451923
359.2011,0.2451923
359.2211,0.2451923
359.2411,0.2451923
359.2611,0.2451923
359.2811,0.2451923
359.3011,0.2451923
359.3211,0.2451923
359.3411,0.2451923
359.3611,0.2451923
359.381,0.2451923
359.401,0.2451923
359.421,0.2451923
359.441,0.2451923
359.461,0.2451923
359.481,0.2451923
359.501,0.2451923
359.521,0.2451923
359.541,0.2451923
359.5609,0.2451923
359.5809,0.2451923
359.6009,0.2451923
359.6209,0.2451923
359.6409,0.2451923
359.6609,0.2451923
359.6809,0.2451923
359.7009,0.2451923
359.7209,0.2451923
359.7408,0.2451923
359.7608,0.2451923
359.7808,0.2451923
359.8008,0.2451923
359.8208,0.2451923
359.8408,0.2451923
359.8608,0.2451923
359.8808,0.2451923
359.9008,0.2451923
359.9207,0.2451923
359.9407,0.2451923
359.9607,0.2451923
359.9807,0.2451923
360.0007,0.2451923
360.0207,0.2451923
360.0407,0.2451923
360.0607,0.2451923
360.0807,0.2451923
360.1006,0.2451923
360.1206,0.2451923
360.1406,0.2451923
360.1606,0.2451923
360.1806,0.2451923
360.2006,0.2451923
360.2206,0.2451923
360.2406,0.2451923
360.2606,0.2451923
360.2805,0.2451923
360.3005,0.2451923
360.3205,0.2451923
360.3405,0.2451923
360.3605,0.2451923
360.3805,0.2451923
360.4005,0.2451923
360.4205,0.2451923
360.4405,0.2451923
360.4604,0.2451923
360.4804,0.2451923
360.5004,0.2451923
360.5204,0.2451923
360.5404,0.2451923
360.5604,0.2451923
360.5804,0.2451923
360.6004,0.2451923
360.6204,0.2451923
360.6404,0.2451923
360.6603,0.2451923
360.6803,0.2451923
360.7003,0.2451923
360.7203,0.2451923
360.7403,0.2451923
360.7603,0.2451923
360.7803,0.2451923
360.8003,0.2451923
360.8203,0.2451923
360.8402,0.2451923
360.8602,0.2451923
360.8802,0.2451923
360.9002,0.2451923
360.9202,0.2451923
360.9402,0.2451923
360.9602,0.2451923
360.9802,0.2451923
361.0002,0.2451923
361.0201,0.2451923
361.0401,0.2451923
361.0601,0.2451923
361.0801,0.2451923
361.1001,0.2451923
361.1201,0.2451923
361.1401,0.2451923
361.1601,0.2451923
361.1801,0.2451923
361.2,0.2451923
361.22,0.2451923
361.24,0.2451923
361.26,0.2451923
361.28,0.2451923
361.3,0.2451923
361.32,0.2451923
361.34,0.2451923
361.36,0.2451923
361.3799,0.2451923
361.3999,0.2451923
361.4199,0.2451923
361.4399,0.2451923
361.4599,0.2451923
361.4799,0.2451923
361.4999,0.2451923
361.5199,0.2451923
361.5399,0.2451923
361.5598,0.2451923
361.5798,0.2451923
361.5998,0.2451923
361.6198,0.2451923
361.6398,0.2451923
361.6598,0.2451923
361.6798,0.2451923
361.6998,0.2451923
361.7198,0.2451923
361.7397,0.2451923
361.7597,0.2451923
361.7797,0.2451923
361.7997,0.2451923
361.8197,0.2451923
361.8397,0.2451923
361.8597,0.2451923
361.8797,0.2451923
361.8997,0.2451923
361.9196,0.2451923
361.9396,0.2451923
361.9596,0.2451923
361.9796,0.2451923
361.9996,0.2451923
362.0196,0.2451923
362.0396,0.2451923
362.0596,0.2451923
362.0796,0.2451923
362.0995,0.2451923
362.1195,0.2451923
362.1395,0.2451923
362.1595,0.2451923
362.1795,0.2451923
362.1995,0.2451923
362.2195,0.2451923
362.2395,0.2451923
362.2595,0.2451923
362.2794,0.2451923
362.2994,0.2451923
362.3194,0.2451923
362.3394,0.2451923
362.3594,0.2451923
362.3794,0.2451923
362.3994,0.2451923
362.4194,0.2451923
362.4394,0.2451923
362.4594,0.2451923
362.4793,0.2451923
362.4993,0.2451923
362.5193,0.2451923
362.5393,0.2451923
362.5593,0.2451923
362.5793,0.2451923
362.5993,0.2451923
362.6193,0.2451923
362.6393,0.2451923
362.6592,0.2451923
362.6792,0.2451923
362.6992,0.2451923
362.7192,0.2451923
362.7392,0.2451923
362.7592,0.2451923
362.7792,0.2451923
362.7992,0.2451923
362.8192,0.2451923
362.8391,0.2451923
362.8591,0.2451923
362.8791,0.2451923
362.8991,0.2451923
362.9191,0.2451923
362.9391,0.2451923
362.9591,0.2451923
362.9791,0.2451923
362.9991,0.2451923
363.019,0.2451923
363.039,0.2451923
363.059,0.2451923
363.079,0.2451923
363.099,0.2451923
363.119,0.2451923
363.139,0.2451923
363.159,0.2451923
363.179,0.2451923
363.1989,0.2451923
363.2189,0.2451923
363.2389,0.2451923
363.2589,0.2451923
363.2789,0.2451923
363.2989,0.2451923
363.3189,0.2451923
363.3389,0.2451923
363.3589,0.2451923
363.3788,0.2451923
363.3988,0.2451923
363.4188,0.2451923
363.4388,0.2451923
363.4588,0.2451923
363.4788,0.2451923
363.4988,0.2451923
363.5188,0.2451923
363.5388,0.2451923
363.5587,0.2451923
363.5787,0.2451923
363.5987,0.2451923
363.6187,0.2451923
363.6387,0.2451923
363.6587,0.2451923
363.6787,0.2451923
363.6987,0.2451923
363.7187,0.2451923
363.7386,0.2451923
363.7586,0.2451923
363.7786,0.2451923
363.7986,0.2451923
363.8186,0.2451923
363.8386,0.2451923
363.8586,0.2451923
363.8786,0.2451923
363.8986,0.2451923
363.9185,0.2451923
363.9385,0.2451923
363.9585,0.2451923
363.9785,0.2451923
363.9985,0.2451923
364.0185,0.2451923
364.0385,0.2451923
364.0585,0.2451923
364.0785,0.2451923
364.0984,0.2451923
364.1184,0.2451923
364.1384,0.2451923
364.1584,0.2451923
364.1784,0.2451923
364.1984,0.2451923
364.2184,0.2451923
364.2384,0.2451923
364.2584,0.2451923
364.2784,0.2451923
364.2983,0.2451923
364.3183,0.2451923
364.3383,0.2451923
364.3583,0.2451923
364.3783,0.2451923
364.3983,0.2451923
364.4183,0.2451923
364.4383,0.2451923
364.4583,0.2451923
364.4782,0.2451923
364.4982,0.2451923
364.5182,0.2451923
364.5382,0.2451923
364.5582,0.2451923
364.5782,0.2451923
364.5982,0.2451923
364.6182,0.2451923
364.6382,0.2451923
364.6581,0.2451923
364.6781,0.2451923
364.6981,0.2451923
364.7181,0.2451923
364.7381,0.2451923
364.7581,0.2451923
364.7781,0.2451923
364.7981,0.2451923
364.8181,0.2451923
364.838,0.2451923
364.858,0.2451923
364.878,0.2451923
364.898,0.2451923
364.918,0.2451923
364.938,0.2451923
364.958,0.2451923
364.978,0.2451923
364.998,0.2451923
365.0179,0.2451923
365.0379,0.2451923
365.0579,0.2451923
365.0779,0.2451923
365.0979,0.2451923
365.1179,0.2451923
365.1379,0.2451923
365.1579,0.2451923
365.1779,0.2451923
365.1978,0.2451923
365.2178,0.2451923
365.2378,0.2451923
365.2578,0.2451923
365.2778,0.2451923
365.2978,0.2451923
365.3178,0.2451923
365.3378,0.2451923
365.3578,0.2451923
365.3777,0.2451923
365.3977,0.2451923
365.4177,0.2451923
365.4377,0.2451923
365.4577,0.2451923
365.4777,0.2451923
365.4977,0.2451923
365.5177,0.2451923
365.5377,0.2451923
365.5576,0.2451923
365.5776,0.2451923
365.5976,0.2451923
365.6176,0.2451923
365.6376,0.2451923
365.6576,0.2451923
365.6776,0.2451923
365.6976,0.2451923
365.7176,0.2451923
365.7375,0.2451923
365.7575,0.2451923
365.7775,0.2451923
365.7975,0.2451923
365.8175,0.2451923
365.8375,0.2451923
365.8575,0.2451923
365.8775,0.2451923
365.8975,0.2451923
365.9174,0.2451923
365.9374,0.2451923
365.9574,0.2451923
365.9774,0.2451923
365.9974,0.2451923
366.0174,0.2451923
366.0374,0.2451923
366.0574,0.2451923
366.0774,0.2451923
366.0974,0.2451923
366.1173,0.2451923
366.1373,0.2451923
366.1573,0.2451923
366.1773,0.2451923
366.1973,0.2451923
366.2173,0.2451923
366.2373,0.2451923
366.2573,0.2451923
366.2773,0.2451923
366.2972,0.2451923
366.3172,0.2451923
366.3372,0.2451923
366.3572,0.2451923
366.3772,0.2451923
366.3972,0.2451923
366.4172,0.2451923
366.4372,0.2451923
366.4572,0.2451923
366.4771,0.2451923
366.4971,0.2451923
366.5171,0.2451923
366.5371,0.2451923
366.5571,0.2451923
366.5771,0.2451923
366.5971,0.2451923
366.6171,0.2451923
366.6371,0.2451923
366.657,0.2451923
366.677,0.2451923
366.697,0.2451923
366.717,0.2451923
366.737,0.2451923
366.757,0.2451923
366.777,0.2451923
366.797,0.2451923
366.817,0.2451923
366.8369,0.2451923
366.8569,0.2451923
366.8769,0.2451923
366.8969,0.2451923
366.9169,0.2451923
366.9369,0.2451923
366.9569,0.2451923
366.9769,0.2451923
366.9969,0.2451923
367.0168,0.2451923
367.0368,0.2451923
367.0568,0.2451923
367.0768,0.2451923
367.0968,0.2451923
367.1168,0.2451923
367.1368,0.2451923
367.1568,0.2451923
367.1768,0.2451923
367.1967,0.2451923
367.2167,0.2451923
367.2367,0.2451923
367.2567,0.2451923
367.2767,0.2451923
367.2967,0.2451923
367.3167,0.2451923
367.3367,0.2451923
367.3567,0.2451923
367.3766,0.2451923
367.3966,0.2451923
367.4166,0.2451923
367.4366,0.2451923
367.4566,0.2451923
367.4766,0.2451923
367.4966,0.2451923
367.5166,0.2451923
367.5366,0.2451923
367.5565,0.2451923
367.5765,0.2451923
367.5965,0.2451923
367.6165,0.2451923
367.6365,0.2451923
367.6565,0.2451923
367.6765,0.2451923
367.6965,0.2451923
367.7165,0.2451923
367.7365,0.2451923
367.7564,0.2451923
367.7764,0.2451923
367.7964,0.2451923
367.8164,0.2451923
367.8364,0.2451923
367.8564,0.2451923
367.8764,0.2451923
367.8964,0.2451923
367.9164,0.2451923
367.9363,0.2451923
367.9563,0.2451923
367.9763,0.2451923
367.9963,0.2451923
368.0163,0.2451923
368.0363,0.2451923
368.0563,0.2451923
368.0763,0.2451923
368.0963,0.2451923
368.1162,0.2451923
368.1362,0.2451923
368.1562,0.2451923
368.1762,0.2451923
368.1962,0.2451923
368.2162,0.2451923
368.2362,0.2451923
368.2562,0.2451923
368.2762,0.2451923
368.2961,0.2451923
368.3161,0.2451923
368.3361,0.2451923
368.3561,0.2451923
368.3761,0.2451923
368.3961,0.2451923
368.4161,0.2451923
368.4361,0.2451923
368.4561,0.2451923
368.476,0.2451923
368.496,0.2451923
368.516,0.2451923
368.536,0.2451923
368.556,0.2451923
368.576,0.2451923
368.596,0.2451923
368.616,0.2451923
368.636,0.2451923
368.6559,0.2451923
368.6759,0.2451923
368.6959,0.2451923
368.7159,0.2451923
368.7359,0.2451923
368.7559,0.2451923
368.7759,0.2451923
368.7959,0.2451923
368.8159,0.2451923
368.8358,0.2451923
368.8558,0.2451923
368.8758,0.2451923
368.8958,0.2451923
368.9158,0.2451923
368.9358,0.2451923
368.9558,0.2451923
368.9758,0.2451923
368.9958,0.2451923
369.0157,0.2451923
369.0357,0.2451923
369.0557,0.2451923
369.0757,0.2451923
369.0957,0.2451923
369.1157,0.2451923
369.1357,0.2451923
369.1557,0.2451923
369.1757,0.2451923
369.1956,0.2451923
369.2156,0.2451923
369.2356,0.2451923
369.2556,0.2451923
369.2756,0.2451923
369.2956,0.2451923
369.3156,0.2451923
369.3356,0.2451923
369.3556,0.2451923
369.3755,0.2451923
369.3955,0.2451923
369.4155,0.2451923
369.4355,0.2451923
369.4555,0.2451923
369.4755,0.2451923
369.4955,0.2451923
369.5155,0.2451923
369.5355,0.2451923
369.5555,0.2451923
369.5754,0.2451923
369.5954,0.2451923
369.6154,0.2451923
369.6354,0.2451923
369.6554,0.2451923
369.6754,0.2451923
369.6954,0.2451923
369.7154,0.2451923
369.7354,0.2451923
369.7553,0.2451923
369.7753,0.2451923
369.7953,0.2451923
369.8153,0.2451923
369.8353,0.2451923
369.8553,0.2451923
369.8753,0.2451923
369.8953,0.2451923
369.9153,0.2451923
369.9352,0.2451923
369.9552,0.2451923
369.9752,0.2451923
369.9952,0.2451923
370.0152,0.2451923
370.0352,0.2451923
370.0552,0.2451923
370.0752,0.2451923
370.0952,0.2451923
370.1151,0.2451923
370.1351,0.2451923
370.1551,0.2451923
370.1751,0.2451923
370.1951,0.2451923
370.2151,0.2451923
370.2351,0.2451923
370.2551,0.2451923
370.2751,0.2451923
370.295,0.2451923
370.315,0.2451923
370.335,0.2451923
370.355,0.2451923
370.375,0.2451923
370.395,0.2451923
370.415,0.2451923
370.435,0.2451923
370.455,0.2451923
370.4749,0.2451923
370.4949,0.2451923
370.5149,0.2451923
370.5349,0.2451923
370.5549,0.2451923
370.5749,0.2451923
370.5949,0.2451923
370.6149,0.2451923
370.6349,0.2451923
370.6548,0.2451923
370.6748,0.2451923
370.6948,0.2451923
370.7148,0.2451923
370.7348,0.2451923
370.7548,0.2451923
370.7748,0.2451923
370.7948,0.2451923
370.8148,0.2451923
370.8347,0.2451923
370.8547,0.2451923
370.8747,0.2451923
370.8947,0.2451923
370.9147,0.2451923
370.9347,0.2451923
370.9547,0.2451923
370.9747,0.2451923
370.9947,0.2451923
371.0146,0.2451923
371.0346,0.2451923
371.0546,0.2451923
371.0746,0.2451923
371.0946,0.2451923
371.1146,0.2451923
371.1346,0.2451923
371.1546,0.2451923
371.1746,0.2451923
371.1945,0.2451923
371.2145,0.2451923
371.2345,0.2451923
371.2545,0.2451923
371.2745,0.2451923
371.2945,0.2451923
371.3145,0.2451923
371.3345,0.2451923
371.3545,0.2451923
371.3745,0.2451923
371.3944,0.2451923
371.4144,0.2451923
371.4344,0.2451923
371.4544,0.2451923
371.4744,0.2451923
371.4944,0.2451923
371.5144,0.2451923
371.5344,0.2451923
371.5544,0.2451923
371.5743,0.2451923
371.5943,0.2451923
371.6143,0.2451923
371.6343,0.2451923
371.6543,0.2451923
371.6743,0.2451923
371.6943,0.2451923
371.7143,0.2451923
371.7343,0.2451923
371.7542,0.2451923
371.7742,0.2451923
371.7942,0.2451923
371.8142,0.2451923
371.8342,0.2451923
371.8542,0.2451923
371.8742,0.2451923
371.8942,0.2451923
371.9142,0.2451923
371.9341,0.2451923
371.9541,0.2451923
371.9741,0.2451923
371.9941,0.2451923
372.0141,0.2451923
372.0341,0.2451923
372.0541,0.2451923
372.0741,0.2451923
372.0941,0.2451923
372.114,0.2451923
372.134,0.2451923
372.154,0.2451923
372.174,0.2451923
372.194,0.2451923
372.214,0.2451923
372.234,0.2451923
372.254,0.2451923
372.274,0.2451923
372.2939,0.2451923
372.3139,0.2451923
372.3339,0.2451923
372.3539,0.2451923
372.3739,0.2451923
372.3939,0.2451923
372.4139,0.2451923
372.4339,0.2451923
372.4539,0.2451923
372.4738,0.2451923
372.4938,0.2451923
372.5138,0.2451923
372.5338,0.2451923
372.5538,0.2451923
372.5738,0.2451923
372.5938,0.2451923
372.6138,0.2451923
372.6338,0.2451923
372.6537,0.2451923
372.6737,0.2451923
372.6937,0.2451923
372.7137,0.2451923
372.7337,0.2451923
372.7537,0.2451923
372.7737,0.2451923
372.7937,0.2451923
372.8137,0.2451923
372.8336,0.2451923
372.8536,0.2451923
372.8736,0.2451923
372.8936,0.2451923
372.9136,0.2451923
372.9336,0.2451923
372.9536,0.2451923
372.9736,0.2451923
372.9936,0.2451923
373.0135,0.2451923
373.0335,0.2451923
373.0535,0.2451923
373.0735,0.2451923
373.0935,0.2451923
373.1135,0.2451923
373.1335,0.2451923
373.1535,0.2451923
373.1735,0.2451923
373.1935,0.2451923
373.2134,0.2451923
373.2334,0.2451923
373.2534,0.2451923
373.2734,0.2451923
373.2934,0.2451923
373.3134,0.2451923
373.3334,0.2451923
373.3534,0.2451923
373.3734,0.2451923
373.3933,0.2451923
373.4133,0.2451923
373.4333,0.2451923
373.4533,0.2451923
373.4733,0.2451923
373.4933,0.2451923
373.5133,0.2451923
373.5333,0.2451923
373.5533,0.2451923
373.5732,0.2451923
373.5932,0.2451923
373.6132,0.2451923
373.6332,0.2451923
373.6532,0.2451923
373.6732,0.2451923
373.6932,0.2451923
373.7132,0.2451923
373.7332,0.2451923
373.7531,0.2451923
373.7731,0.2451923
373.7931,0.2451923
373.8131,0.2451923
373.8331,0.2451923
373.8531,0.2451923
373.8731,0.2451923
373.8931,0.2451923
373.9131,0.2451923
373.933,0.2451923
373.953,0.2451923
373.973,0.2451923
373.993,0.2451923
374.013,0.2451923
374.033,0.2451923
374.053,0.2451923
374.073,0.2451923
374.093,0.2451923
374.1129,0.2451923
374.1329,0.2451923
374.1529,0.2451923
374.1729,0.2451923
374.1929,0.2451923
374.2129,0.2451923
374.2329,0.2451923
374.2529,0.2451923
374.2729,0.2451923
374.2928,0.2451923
374.3128,0.2451923
374.3328,0.2451923
374.3528,0.2451923
374.3728,0.2451923
374.3928,0.2451923
374.4128,0.2451923
374.4328,0.2451923
374.4528,0.2451923
374.4727,0.2451923
374.4927,0.2451923
374.5127,0.2451923
374.5327,0.2451923
374.5527,0.2451923
374.5727,0.2451923
374.5927,0.2451923
374.6127,0.2451923
374.6327,0.2451923
374.6526,0.2451923
374.6726,0.2451923
374.6926,0.2451923
374.7126,0.2451923
374.7326,0.2451923
374.7526,0.2451923
374.7726,0.2451923
374.7926,0.2451923
374.8126,0.2451923
374.8326,0.2451923
374.8525,0.2451923
374.8725,0.2451923
374.8925,0.2451923
374.9125,0.2451923
374.9325,0.2451923
374.9525,0.2451923
374.9725,0.2451923
374.9925,0.2451923
375.0125,0.2451923
375.0324,0.2451923
375.0524,0.2451923
375.0724,0.2451923
375.0924,0.2451923
375.1124,0.2451923
375.1324,0.2451923
375.1524,0.2451923
375.1724,0.2451923
375.1924,0.2451923
375.2123,0.2451923
375.2323,0.2451923
375.2523,0.2451923
375.2723,0.2451923
375.2923,0.2451923
375.3123,0.2451923
375.3323,0.2451923
375.3523,0.2451923
375.3723,0.2451923
375.3922,0.2451923
375.4122,0.2451923
375.4322,0.2451923
375.4522,0.2451923
375.4722,0.2451923
375.4922,0.2451923
375.5122,0.2451923
375.5322,0.2451923
375.5522,0.2451923
375.5721,0.2451923
375.5921,0.2451923
375.6121,0.2451923
375.6321,0.2451923
375.6521,0.2451923
375.6721,0.2451923
375.6921,0.2451923
375.7121,0.2451923
375.7321,0.2451923
375.752,0.2451923
375.772,0.2451923
375.792,0.2451923
375.812,0.2451923
375.832,0.2451923
375.852,0.2451923
375.872,0.2451923
375.892,0.2451923
375.912,0.2451923
375.9319,0.2451923
375.9519,0.2451923
375.9719,0.2451923
375.9919,0.2451923
376.0119,0.2451923
376.0319,0.2451923
376.0519,0.2451923
376.0719,0.2451923
376.0919,0.2451923
376.1118,0.2451923
376.1318,0.2451923
376.1518,0.2451923
376.1718,0.2451923
376.1918,0.2451923
376.2118,0.2451923
376.2318,0.2451923
376.2518,0.2451923
376.2718,0.2451923
376.2917,0.2451923
376.3117,0.2451923
376.3317,0.2451923
376.3517,0.2451923
376.3717,0.2451923
376.3917,0.2451923
376.4117,0.2451923
376.4317,0.2451923
376.4517,0.2451923
376.4716,0.2451923
376.4916,0.2451923
376.5116,0.2451923
376.5316,0.2451923
376.5516,0.2451923
376.5716,0.2451923
376.5916,0.2451923
376.6116,0.2451923
376.6316,0.2451923
376.6516,0.2451923
376.6715,0.2451923
376.6915,0.2451923
376.7115,0.2451923
376.7315,0.2451923
376.7515,0.2451923
376.7715,0.2451923
376.7915,0.2451923
376.8115,0.2451923
376.8315,0.2451923
376.8514,0.2451923
376.8714,0.2451923
376.8914,0.2451923
376.9114,0.2451923
376.9314,0.2451923
376.9514,0.2451923
376.9714,0.2451923
376.9914,0.2451923
377.0114,0.2451923
377.0313,0.2451923
377.0513,0.2451923
377.0713,0.2451923
377.0913,0.2451923
377.1113,0.2451923
377.1313,0.2451923
377.1513,0.2451923
377.1713,0.2451923
377.1913,0.2451923
377.2112,0.2451923
377.2312,0.2451923
377.2512,0.2451923
377.2712,0.2451923
377.2912,0.2451923
377.3112,0.2451923
377.3312,0.2451923
377.3512,0.2451923
377.3712,0.2451923
377.3911,0.2451923
377.4111,0.2451923
377.4311,0.2451923
377.4511,0.2451923
377.4711,0.2451923
377.4911,0.2451923
377.5111,0.2451923
377.5311,0.2451923
377.5511,0.2451923
377.571,0.2451923
377.591,0.2451923
377.611,0.2451923
377.631,0.2451923
377.651,0.2451923
377.671,0.2451923
377.691,0.2451923
377.711,0.2451923
377.731,0.2451923
377.7509,0.2451923
377.7709,0.2451923
377.7909,0.2451923
377.8109,0.2451923
377.8309,0.2451923
377.8509,0.2451923
377.8709,0.2451923
377.8909,0.2451923
377.9109,0.2451923
377.9308,0.2451923
377.9508,0.2451923
377.9708,0.2451923
377.9908,0.2451923
378.0108,0.2451923
378.0308,0.2451923
378.0508,0.2451923
378.0708,0.2451923
378.0908,0.2451923
378.1107,0.2451923
378.1307,0.2451923
378.1507,0.2451923
378.1707,0.2451923
378.1907,0.2451923
378.2107,0.2451923
378.2307,0.2451923
378.2507,0.2451923
378.2707,0.2451923
378.2906,0.2451923
378.3106,0.2451923
378.3306,0.2451923
378.3506,0.2451923
378.3706,0.2451923
378.3906,0.2451923
378.4106,0.2451923
378.4306,0.2451923
378.4506,0.2451923
378.4706,0.2451923
378.4905,0.2451923
378.5105,0.2451923
378.5305,0.2451923
378.5505,0.2451923
378.5705,0.2451923
378.5905,0.2451923
378.6105,0.2451923
378.6305,0.2451923
378.6505,0.2451923
378.6704,0.2451923
378.6904,0.2451923
378.7104,0.2451923
378.7304,0.2451923
378.7504,0.2451923
378.7704,0.2451923
378.7904,0.2451923
378.8104,0.2451923
378.8304,0.2451923
378.8503,0.2451923
378.8703,0.2451923
378.8903,0.2451923
378.9103,0.2451923
378.9303,0.2451923
378.9503,0.2451923
378.9703,0.2451923
378.9903,0.2451923
379.0103,0.2451923
379.0302,0.2451923
379.0502,0.2451923
379.0702,0.2451923
379.0902,0.2451923
379.1102,0.2451923
379.1302,0.2451923
379.1502,0.2451923
379.1702,0.2451923
379.1902,0.2451923
379.2101,0.2451923
379.2301,0.2451923
379.2501,0.2451923
379.2701,0.2451923
379.2901,0.2451923
379.3101,0.2451923
379.3301,0.2451923
379.3501,0.2451923
379.3701,0.2451923
379.39,0.2451923
379.41,0.2451923
379.43,0.2451923
379.45,0.2451923
379.47,0.2451923
379.49,0.2451923
379.51,0.2451923
379.53,0.2451923
379.55,0.2451923
379.5699,0.2451923
379.5899,0.2451923
379.6099,0.2451923
379.6299,0.2451923
379.6499,0.2451923
379.6699,0.2451923
379.6899,0.2451923
379.7099,0.2451923
379.7299,0.2451923
379.7498,0.2451923
379.7698,0.2451923
379.7898,0.2451923
379.8098,0.2451923
379.8298,0.2451923
379.8498,0.2451923
379.8698,0.2451923
379.8898,0.2451923
379.9098,0.2451923
379.9297,0.2451923
379.9497,0.2451923
379.9697,0.2451923
379.9897,0.2451923
380.0097,0.2451923
380.0297,0.2451923
380.0497,0.2451923
380.0697,0.2451923
380.0897,0.2451923
380.1096,0.2451923
380.1296,0.2451923
380.1496,0.2451923
380.1696,0.2451923
380.1896,0.2451923
380.2096,0.2451923
380.2296,0.2451923
380.2496,0.2451923
380.2696,0.2451923
380.2896,0.2451923
380.3095,0.2451923
380.3295,0.2451923
380.3495,0.2451923
380.3695,0.2451923
380.3895,0.2451923
380.4095,0.2451923
380.4295,0.2451923
380.4495,0.2451923
380.4695,0.2451923
380.4894,0.2451923
380.5094,0.2451923
380.5294,0.2451923
380.5494,0.2451923
380.5694,0.2451923
380.5894,0.2451923
380.6094,0.2451923
380.6294,0.2451923
380.6494,0.2451923
380.6693,0.2451923
380.6893,0.2451923
380.7093,0.2451923
380.7293,0.2451923
380.7493,0.2451923
380.7693,0.2451923
380.7893,0.2451923
380.8093,0.2451923
380.8293,0.2451923
380.8492,0.2451923
380.8692,0.2451923
380.8892,0.2451923
380.9092,0.2451923
380.9292,0.2451923
380.9492,0.2451923
380.9692,0.2451923
380.9892,0.2451923
381.0092,0.2451923
381.0291,0.2451923
381.0491,0.2451923
381.0691,0.2451923
381.0891,0.2451923
381.1091,0.2451923
381.1291,0.2451923
381.1491,0.2451923
381.1691,0.2451923
381.1891,0.2451923
381.209,0.2451923
381.229,0.2451923
381.249,0.2451923
381.269,0.2451923
381.289,0.2451923
381.309,0.2451923
381.329,0.2451923
381.349,0.2451923
381.369,0.2451923
381.3889,0.2451923
381.4089,0.2451923
381.4289,0.2451923
381.4489,0.2451923
381.4689,0.2451923
381.4889,0.2451923
381.5089,0.2451923
381.5289,0.2451923
381.5489,0.2451923
381.5688,0.2451923
381.5888,0.2451923
381.6088,0.2451923
381.6288,0.2451923
381.6488,0.2451923
381.6688,0.2451923
381.6888,0.2451923
381.7088,0.2451923
381.7288,0.2451923
381.7487,0.2451923
381.7687,0.2451923
381.7887,0.2451923
381.8087,0.2451923
381.8287,0.2451923
381.8487,0.2451923
381.8687,0.2451923
381.8887,0.2451923
381.9087,0.2451923
381.9286,0.2451923
381.9486,0.2451923
381.9686,0.2451923
381.9886,0.2451923
382.0086,0.2451923
382.0286,0.2451923
382.0486,0.2451923
382.0686,0.2451923
382.0886,0.2451923
382.1086,0.2451923
382.1285,0.2451923
382.1485,0.2451923
382.1685,0.2451923
382.1885,0.2451923
382.2085,0.2451923
382.2285,0.2451923
382.2485,0.2451923
382.2685,0.2451923
382.2885,0.2451923
382.3084,0.2451923
382.3284,0.2451923
382.3484,0.2451923
382.3684,0.2451923
382.3884,0.2451923
382.4084,0.2451923
382.4284,0.2451923
382.4484,0.2451923
382.4684,0.2451923
382.4883,0.2451923
382.5083,0.2451923
382.5283,0.2451923
382.5483,0.2451923
382.5683,0.2451923
382.5883,0.2451923
382.6083,0.2451923
382.6283,0.2451923
382.6483,0.2451923
382.6682,0.2451923
382.6882,0.2451923
382.7082,0.2451923
382.7282,0.2451923
382.7482,0.2451923
382.7682,0.2451923
382.7882,0.2451923
382.8082,0.2451923
382.8282,0.2451923
382.8481,0.2451923
382.8681,0.2451923
382.8881,0.2451923
382.9081,0.2451923
382.9281,0.2451923
382.9481,0.2451923
382.9681,0.2451923
382.9881,0.2451923
383.0081,0.2451923
383.028,0.2451923
383.048,0.2451923
383.068,0.2451923
383.088,0.2451923
383.108,0.2451923
383.128,0.2451923
383.148,0.2451923
383.168,0.2451923
383.188,0.2451923
383.2079,0.2451923
383.2279,0.2451923
383.2479,0.2451923
383.2679,0.2451923
383.2879,0.2451923
383.3079,0.2451923
383.3279,0.2451923
383.3479,0.2451923
383.3679,0.2451923
383.3878,0.2451923
383.4078,0.2451923
383.4278,0.2451923
383.4478,0.2451923
383.4678,0.2451923
383.4878,0.2451923
383.5078,0.2451923
383.5278,0.2451923
383.5478,0.2451923
383.5677,0.2451923
383.5877,0.2451923
383.6077,0.2451923
383.6277,0.2451923
383.6477,0.2451923
383.6677,0.2451923
383.6877,0.2451923
383.7077,0.2451923
383.7277,0.2451923
383.7477,0.2451923
383.7676,0.2451923
383.7876,0.2451923
383.8076,0.2451923
383.8276,0.2451923
383.8476,0.2451923
383.8676,0.2451923
383.8876,0.2451923
383.9076,0.2451923
383.9276,0.2451923
383.9475,0.2451923
383.9675,0.2451923
383.9875,0.2451923
384.0075,0.2451923
384.0275,0.2451923
384.0475,0.2451923
384.0675,0.2451923
384.0875,0.2451923
384.1075,0.2451923
384.1274,0.2451923
384.1474,0.2451923
384.1674,0.2451923
384.1874,0.2451923
384.2074,0.2451923
384.2274,0.2451923
384.2474,0.2451923
384.2674,0.2451923
384.2874,0.2451923
384.3073,0.2451923
384.3273,0.2451923
384.3473,0.2451923
384.3673,0.2451923
384.3873,0.2451923
384.4073,0.2451923
384.4273,0.2451923
384.4473,0.2451923
384.4673,0.2451923
384.4872,0.2451923
384.5072,0.2451923
384.5272,0.2451923
384.5472,0.2451923
384.5672,0.2451923
384.5872,0.2451923
384.6072,0.2451923
384.6272,0.2451923
384.6472,0.2451923
384.6671,0.2451923
384.6871,0.2451923
384.7071,0.2451923
384.7271,0.2451923
384.7471,0.2451923
384.7671,0.2451923
384.7871,0.2451923
384.8071,0.2451923
384.8271,0.2451923
384.847,0.2451923
384.867,0.2451923
384.887,0.2451923
384.907,0.2451923
384.927,0.2451923
384.947,0.2451923
384.967,0.2451923
384.987,0.2451923
385.007,0.2451923
385.0269,0.2451923
385.0469,0.2451923
385.0669,0.2451923
385.0869,0.2451923
385.1069,0.2451923
385.1269,0.2451923
385.1469,0.2451923
385.1669,0.2451923
385.1869,0.2451923
385.2068,0.2451923
385.2268,0.2451923
385.2468,0.2451923
385.2668,0.2451923
385.2868,0.2451923
385.3068,0.2451923
385.3268,0.2451923
385.3468,0.2451923
385.3668,0.2451923
385.3867,0.2451923
385.4067,0.2451923
385.4267,0.2451923
385.4467,0.2451923
385.4667,0.2451923
385.4867,0.2451923
385.5067,0.2451923
385.5267,0.2451923
385.5467,0.2451923
385.5667,0.2451923
385.5866,0.2451923
385.6066,0.2451923
385.6266,0.2451923
385.6466,0.2451923
385.6666,0.2451923
385.6866,0.2451923
385.7066,0.2451923
385.7266,0.2451923
385.7466,0.2451923
385.7665,0.2451923
385.7865,0.2451923
385.8065,0.2451923
385.8265,0.2451923
385.8465,0.2451923
385.8665,0.2451923
385.8865,0.2451923
385.9065,0.2451923
385.9265,0.2451923
385.9464,0.2451923
385.9664,0.2451923
385.9864,0.2451923
386.0064,0.2451923
386.0264,0.2451923
386.0464,0.2451923
386.0664,0.2451923
386.0864,0.2451923
386.1064,0.2451923
386.1263,0.2451923
386.1463,0.2451923
386.1663,0.2451923
386.1863,0.2451923
386.2063,0.2451923
386.2263,0.2451923
386.2463,0.2451923
386.2663,0.2451923
386.2863,0.2451923
386.3062,0.2451923
386.3262,0.2451923
386.3462,0.2451923
386.3662,0.2451923
386.3862,0.2451923
386.4062,0.2451923
386.4262,0.2451923
386.4462,0.2451923
386.4662,0.2451923
386.4861,0.2451923
386.5061,0.2451923
386.5261,0.2451923
386.5461,0.2451923
386.5661,0.2451923
386.5861,0.2451923
386.6061,0.2451923
386.6261,0.2451923
386.6461,0.2451923
386.666,0.2451923
386.686,0.2451923
386.706,0.2451923
386.726,0.2451923
386.746,0.2451923
386.766,0.2451923
386.786,0.2451923
386.806,0.2451923
386.826,0.2451923
386.8459,0.2451923
386.8659,0.2451923
386.8859,0.2451923
386.9059,0.2451923
386.9259,0.2451923
386.9459,0.2451923
386.9659,0.2451923
386.9859,0.2451923
387.0059,0.2451923
387.0258,0.2451923
387.0458,0.2451923
387.0658,0.2451923
387.0858,0.2451923
387.1058,0.2451923
387.1258,0.2451923
387.1458,0.2451923
387.1658,0.2451923
387.1858,0.2451923
387.2057,0.2451923
387.2257,0.2451923
387.2457,0.2451923
387.2657,0.2451923
387.2857,0.2451923
387.3057,0.2451923
387.3257,0.2451923
387.3457,0.2451923
387.3657,0.2451923
387.3857,0.2451923
387.4056,0.2451923
387.4256,0.2451923
387.4456,0.2451923
387.4656,0.2451923
387.4856,0.2451923
387.5056,0.2451923
387.5256,0.2451923
387.5456,0.2451923
387.5656,0.2451923
387.5855,0.2451923
387.6055,0.2451923
387.6255,0.2451923
387.6455,0.2451923
387.6655,0.2451923
387.6855,0.2451923
387.7055,0.2451923
387.7255,0.2451923
387.7455,0.2451923
387.7654,0.2451923
387.7854,0.2451923
387.8054,0.2451923
387.8254,0.2451923
387.8454,0.2451923
387.8654,0.2451923
387.8854,0.2451923
387.9054,0.2451923
387.9254,0.2451923
387.9453,0.2451923
387.9653,0.2451923
387.9853,0.2451923
388.0053,0.2451923
388.0253,0.2451923
388.0453,0.2451923
388.0653,0.2451923
388.0853,0.2451923
388.1053,0.2451923
388.1252,0.2451923
388.1452,0.2451923
388.1652,0.2451923
388.1852,0.2451923
388.2052,0.2451923
388.2252,0.2451923
388.2452,0.2451923
388.2652,0.2451923
388.2852,0.2451923
388.3051,0.2451923
388.3251,0.2451923
388.3451,0.2451923
388.3651,0.2451923
388.3851,0.2451923
388.4051,0.2451923
388.4251,0.2451923
388.4451,0.2451923
388.4651,0.2451923
388.485,0.2451923
388.505,0.2451923
388.525,0.2451923
388.545,0.2451923
388.565,0.2451923
388.585,0.2451923
388.605,0.2451923
388.625,0.2451923
388.645,0.2451923
388.6649,0.2451923
388.6849,0.2451923
388.7049,0.2451923
388.7249,0.2451923
388.7449,0.2451923
388.7649,0.2451923
388.7849,0.2451923
388.8049,0.2451923
388.8249,0.2451923
388.8448,0.2451923
388.8648,0.2451923
388.8848,0.2451923
388.9048,0.2451923
388.9248,0.2451923
388.9448,0.2451923
388.9648,0.2451923
388.9848,0.2451923
389.0048,0.2451923
389.0247,0.2451923
389.0447,0.2451923
389.0647,0.2451923
389.0847,0.2451923
389.1047,0.2451923
389.1247,0.2451923
389.1447,0.2451923
389.1647,0.2451923
389.1847,0.2451923
389.2047,0.2451923
389.2246,0.2451923
389.2446,0.2451923
389.2646,0.2451923
389.2846,0.2451923
389.3046,0.2451923
389.3246,0.2451923
389.3446,0.2451923
389.3646,0.2451923
389.3846,0.2451923
389.4045,0.2451923
389.4245,0.2451923
389.4445,0.2451923
389.4645,0.2451923
389.4845,0.2451923
389.5045,0.2451923
389.5245,0.2451923
389.5445,0.2451923
389.5645,0.2451923
389.5844,0.2451923
389.6044,0.2451923
389.6244,0.2451923
389.6444,0.2451923
389.6644,0.2451923
389.6844,0.2451923
389.7044,0.2451923
389.7244,0.2451923
389.7444,0.2451923
389.7643,0.2451923
389.7843,0.2451923
389.8043,0.2451923
389.8243,0.2451923
389.8443,0.2451923
389.8643,0.2451923
389.8843,0.2451923
389.9043,0.2451923
389.9243,0.2451923
389.9442,0.2451923
389.9642,0.2451923
389.9842,0.2451923
390.0042,0.2451923
390.0242,0.2451923
390.0442,0.2451923
390.0642,0.2451923
390.0842,0.2451923
390.1042,0.2451923
390.1241,0.2451923
390.1441,0.2451923
390.1641,0.2451923
390.1841,0.2451923
390.2041,0.2451923
390.2241,0.2451923
390.2441,0.2451923
390.2641,0.2451923
390.2841,0.2451923
390.304,0.2451923
390.324,0.2451923
390.344,0.2451923
390.364,0.2451923
390.384,0.2451923
390.404,0.2451923
390.424,0.2451923
390.444,0.2451923
390.464,0.2451923
390.4839,0.2451923
390.5039,0.2451923
390.5239,0.2451923
390.5439,0.2451923
390.5639,0.2451923
390.5839,0.2451923
390.6039,0.2451923
390.6239,0.2451923
390.6439,0.2451923
390.6638,0.2451923
390.6838,0.2451923
390.7038,0.2451923
390.7238,0.2451923
390.7438,0.2451923
390.7638,0.2451923
390.7838,0.2451923
390.8038,0.2451923
390.8238,0.2451923
390.8438,0.2451923
390.8637,0.2451923
390.8837,0.2451923
390.9037,0.2451923
390.9237,0.2451923
390.9437,0.2451923
390.9637,0.2451923
390.9837,0.2451923
391.0037,0.2451923
391.0237,0.2451923
391.0436,0.2451923
391.0636,0.2451923
391.0836,0.2451923
391.1036,0.2451923
391.1236,0.2451923
391.1436,0.2451923
391.1636,0.2451923
391.1836,0.2451923
391.2036,0.2451923
391.2235,0.2451923
391.2435,0.2451923
391.2635,0.2451923
391.2835,0.2451923
391.3035,0.2451923
391.3235,0.2451923
391.3435,0.2451923
391.3635,0.2451923
391.3835,0.2451923
391.4034,0.2451923
391.4234,0.2451923
391.4434,0.2451923
391.4634,0.2451923
391.4834,0.2451923
391.5034,0.2451923
391.5234,0.2451923
391.5434,0.2451923
391.5634,0.2451923
391.5833,0.2451923
391.6033,0.2451923
391.6233,0.2451923
391.6433,0.2451923
391.6633,0.2451923
391.6833,0.2451923
391.7033,0.2451923
391.7233,0.2451923
391.7433,0.2451923
391.7632,0.2451923
391.7832,0.2451923
391.8032,0.2451923
391.8232,0.2451923
391.8432,0.2451923
391.8632,0.2451923
391.8832,0.2451923
391.9032,0.2451923
391.9232,0.2451923
391.9431,0.2451923
391.9631,0.2451923
391.9831,0.2451923
392.0031,0.2451923
392.0231,0.2451923
392.0431,0.2451923
392.0631,0.2451923
392.0831,0.2451923
392.1031,0.2451923
392.123,0.2451923
392.143,0.2451923
392.163,0.2451923
392.183,0.2451923
392.203,0.2451923
392.223,0.2451923
392.243,0.2451923
392.263,0.2451923
392.283,0.2451923
392.3029,0.2451923
392.3229,0.2451923
392.3429,0.2451923
392.3629,0.2451923
392.3829,0.2451923
392.4029,0.2451923
392.4229,0.2451923
392.4429,0.2451923
392.4629,0.2451923
392.4828,0.2451923
392.5028,0.2451923
392.5228,0.2451923
392.5428,0.2451923
392.5628,0.2451923
392.5828,0.2451923
392.6028,0.2451923
392.6228,0.2451923
392.6428,0.2451923
392.6628,0.2451923
392.6827,0.2451923
392.7027,0.2451923
392.7227,0.2451923
392.7427,0.2451923
392.7627,0.2451923
392.7827,0.2451923
392.8027,0.2451923
392.8227,0.2451923
392.8427,0.2451923
392.8626,0.2451923
392.8826,0.2451923
392.9026,0.2451923
392.9226,0.2451923
392.9426,0.2451923
392.9626,0.2451923
392.9826,0.2451923
393.0026,0.2451923
393.0226,0.2451923
393.0425,0.2451923
393.0625,0.2451923
393.0825,0.2451923
393.1025,0.2451923
393.1225,0.2451923
393.1425,0.2451923
393.1625,0.2451923
393.1825,0.2451923
393.2025,0.2451923
393.2224,0.2451923
393.2424,0.2451923
393.2624,0.2451923
393.2824,0.2451923
393.3024,0.2451923
393.3224,0.2451923
393.3424,0.2451923
393.3624,0.2451923
393.3824,0.2451923
393.4023,0.2451923
393.4223,0.2451923
393.4423,0.2451923
393.4623,0.2451923
393.4823,0.2451923
393.5023,0.2451923
393.5223,0.2451923
393.5423,0.2451923
393.5623,0.2451923
393.5822,0.2451923
393.6022,0.2451923
393.6222,0.2451923
393.6422,0.2451923
393.6622,0.2451923
393.6822,0.2451923
393.7022,0.2451923
393.7222,0.2451923
393.7422,0.2451923
393.7621,0.2451923
393.7821,0.2451923
393.8021,0.2451923
393.8221,0.2451923
393.8421,0.2451923
393.8621,0.2451923
393.8821,0.2451923
393.9021,0.2451923
393.9221,0.2451923
393.942,0.2451923
393.962,0.2451923
393.982,0.2451923
394.002,0.2451923
394.022,0.2451923
394.042,0.2451923
394.062,0.2451923
394.082,0.2451923
394.102,0.2451923
394.1219,0.2451923
394.1419,0.2451923
394.1619,0.2451923
394.1819,0.2451923
394.2019,0.2451923
394.2219,0.2451923
394.2419,0.2451923
394.2619,0.2451923
394.2819,0.2451923
394.3018,0.2451923
394.3218,0.2451923
394.3418,0.2451923
394.3618,0.2451923
394.3818,0.2451923
394.4018,0.2451923
394.4218,0.2451923
394.4418,0.2451923
394.4618,0.2451923
394.4818,0.2451923
394.5017,0.2451923
394.5217,0.2451923
394.5417,0.2451923
394.5617,0.2451923
394.5817,0.2451923
394.6017,0.2451923
394.6217,0.2451923
394.6417,0.2451923
394.6617,0.2451923
394.6816,0.2451923
394.7016,0.2451923
394.7216,0.2451923
394.7416,0.2451923
394.7616,0.2451923
394.7816,0.2451923
394.8016,0.2451923
394.8216,0.2451923
394.8416,0.2451923
394.8615,0.2451923
394.8815,0.2451923
394.9015,0.2451923
394.9215,0.2451923
394.9415,0.2451923
394.9615,0.2451923
394.9815,0.2451923
395.0015,0.2451923
395.0215,0.2451923
395.0414,0.2451923
395.0614,0.2451923
395.0814,0.2451923
395.1014,0.2451923
395.1214,0.2451923
395.1414,0.2451923
395.1614,0.2451923
395.1814,0.2451923
395.2014,0.2451923
395.2213,0.2451923
395.2413,0.2451923
395.2613,0.2451923
395.2813,0.2451923
395.3013,0.2451923
395.3213,0.2451923
395.3413,0.2451923
395.3613,0.2451923
395.3813,0.2451923
395.4012,0.2451923
395.4212,0.2451923
395.4412,0.2451923
395.4612,0.2451923
395.4812,0.2451923
395.5012,0.2451923
395.5212,0.2451923
395.5412,0.2451923
395.5612,0.2451923
395.5811,0.2451923
395.6011,0.2451923
395.6211,0.2451923
395.6411,0.2451923
395.6611,0.2451923
395.6811,0.2451923
395.7011,0.2451923
395.7211,0.2451923
395.7411,0.2451923
395.761,0.2451923
395.781,0.2451923
395.801,0.2451923
395.821,0.2451923
395.841,0.2451923
395.861,0.2451923
395.881,0.2451923
395.901,0.2451923
395.921,0.2451923
395.9409,0.2451923
395.9609,0.2451923
395.9809,0.2451923
396.0009,0.2451923
396.0209,0.2451923
396.0409,0.2451923
396.0609,0.2451923
396.0809,0.2451923
396.1009,0.2451923
396.1208,0.2451923
396.1408,0.2451923
396.1608,0.2451923
396.1808,0.2451923
396.2008,0.2451923
396.2208,0.2451923
396.2408,0.2451923
396.2608,0.2451923
396.2808,0.2451923
396.3008,0.2451923
396.3207,0.2451923
396.3407,0.2451923
396.3607,0.2451923
396.3807,0.2451923
396.4007,0.2451923
396.4207,0.2451923
396.4407,0.2451923
396.4607,0.2451923
396.4807,0.2451923
396.5006,0.2451923
396.5206,0.2451923
396.5406,0.2451923
396.5606,0.2451923
396.5806,0.2451923
396.6006,0.2451923
396.6206,0.2451923
396.6406,0.2451923
396.6606,0.2451923
396.6805,0.2451923
396.7005,0.2451923
396.7205,0.2451923
396.7405,0.2451923
396.7605,0.2451923
396.7805,0.2451923
396.8005,0.2451923
396.8205,0.2451923
396.8405,0.2451923
396.8604,0.2451923
396.8804,0.2451923
396.9004,0.2451923
396.9204,0.2451923
396.9404,0.2451923
396.9604,0.2451923
396.9804,0.2451923
397.0004,0.2451923
397.0204,0.2451923
397.0403,0.2451923
397.0603,0.2451923
397.0803,0.2451923
397.1003,0.2451923
397.1203,0.2451923
397.1403,0.2451923
397.1603,0.2451923
397.1803,0.2451923
397.2003,0.2451923
397.2202,0.2451923
397.2402,0.2451923
397.2602,0.2451923
397.2802,0.2451923
397.3002,0.2451923
397.3202,0.2451923
397.3402,0.2451923
397.3602,0.2451923
397.3802,0.2451923
397.4001,0.2451923
397.4201,0.2451923
397.4401,0.2451923
397.4601,0.2451923
397.4801,0.2451923
397.5001,0.2451923
397.5201,0.2451923
397.5401,0.2451923
397.5601,0.2451923
397.58,0.2451923
397.6,0.2451923
397.62,0.2451923
397.64,0.2451923
397.66,0.2451923
397.68,0.2451923
397.7,0.2451923
397.72,0.2451923
397.74,0.2451923
397.7599,0.2451923
397.7799,0.2451923
397.7999,0.2451923
397.8199,0.2451923
397.8399,0.2451923
397.8599,0.2451923
397.8799,0.2451923
397.8999,0.2451923
397.9199,0.2451923
397.9398,0.2451923
397.9598,0.2451923
397.9798,0.2451923
397.9998,0.2451923
398.0198,0.2451923
398.0398,0.2451923
398.0598,0.2451923
398.0798,0.2451923
398.0998,0.2451923
398.1198,0.2451923
398.1397,0.2451923
398.1597,0.2451923
398.1797,0.2451923
398.1997,0.2451923
398.2197,0.2451923
398.2397,0.2451923
398.2597,0.2451923
398.2797,0.2451923
398.2997,0.2451923
398.3196,0.2451923
398.3396,0.2451923
398.3596,0.2451923
398.3796,0.2451923
398.3996,0.2451923
398.4196,0.2451923
398.4396,0.2451923
398.4596,0.2451923
398.4796,0.2451923
398.4995,0.2451923
398.5195,0.2451923
398.5395,0.2451923
398.5595,0.2451923
398.5795,0.2451923
398.5995,0.2451923
398.6195,0.2451923
398.6395,0.2451923
398.6595,0.2451923
398.6794,0.2451923
398.6994,0.2451923
398.7194,0.2451923
398.7394,0.2451923
398.7594,0.2451923
398.7794,0.2451923
398.7994,0.2451923
398.8194,0.2451923
398.8394,0.2451923
398.8593,0.2451923
398.8793,0.2451923
398.8993,0.2451923
398.9193,0.2451923
398.9393,0.2451923
398.9593,0.2451923
398.9793,0.2451923
398.9993,0.2451923
399.0193,0.2451923
399.0392,0.2451923
399.0592,0.2451923
399.0792,0.2451923
399.0992,0.2451923
399.1192,0.2451923
399.1392,0.2451923
399.1592,0.2451923
399.1792,0.2451923
399.1992,0.2451923
399.2191,0.2451923
399.2391,0.2451923
399.2591,0.2451923
399.2791,0.2451923
399.2991,0.2451923
399.3191,0.2451923
399.3391,0.2451923
399.3591,0.2451923
399.3791,0.2451923
399.399,0.2451923
399.419,0.2451923
399.439,0.2451923
399.459,0.2451923
399.479,0.2451923
399.499,0.2451923
399.519,0.2451923
399.539,0.2451923
399.559,0.2451923
399.5789,0.2451923
399.5989,0.2451923
399.6189,0.2451923
399.6389,0.2451923
399.6589,0.2451923
399.6789,0.2451923
399.6989,0.2451923
399.7189,0.2451923
399.7389,0.2451923
399.7589,0.2451923
399.7788,0.2451923
399.7988,0.2451923
399.8188,0.2451923
399.8388,0.2451923
399.8588,0.2451923
399.8788,0.2451923
399.8988,0.2451923
399.9188,0.2451923
399.9388,0.2451923
399.9587,0.2451923
399.9787,0.2451923
399.9987,0.2451923
400.0187,0.2451923
400.0387,0.2451923
400.0587,0.2451923
400.0787,0.2451923
400.0987,0.2451923
400.1187,0.2451923
400.1386,0.2451923
400.1586,0.2451923
400.1786,0.2451923
400.1986,0.2451923
400.2186,0.2451923
400.2386,0.2451923
400.2586,0.2451923
400.2786,0.2451923
400.2986,0.2451923
400.3185,0.2451923
400.3385,0.2451923
400.3585,0.2451923
400.3785,0.2451923
400.3985,0.2451923
400.4185,0.2451923
400.4385,0.2451923
400.4585,0.2451923
400.4785,0.2451923
400.4984,0.2451923
400.5184,0.2451923
400.5384,0.2451923
400.5584,0.2451923
400.5784,0.2451923
400.5984,0.2451923
400.6184,0.2451923
400.6384,0.2451923
400.6584,0.2451923
400.6783,0.2451923
400.6983,0.2451923
400.7183,0.2451923
400.7383,0.2451923
400.7583,0.2451923
400.7783,0.2451923
400.7983,0.2451923
400.8183,0.2451923
400.8383,0.2451923
400.8582,0.2451923
400.8782,0.2451923
400.8982,0.2451923
400.9182,0.2451923
400.9382,0.2451923
400.9582,0.2451923
400.9782,0.2451923
400.9982,0.2451923
401.0182,0.2451923
401.0381,0.2451923
401.0581,0.2451923
401.0781,0.2451923
401.0981,0.2451923
401.1181,0.2451923
401.1381,0.2451923
401.1581,0.2451923
401.1781,0.2451923
401.1981,0.2451923
401.218,0.2451923
401.238,0.2451923
401.258,0.2451923
401.278,0.2451923
401.298,0.2451923
401.318,0.2451923
401.338,0.2451923
401.358,0.2451923
401.378,0.2451923
401.3979,0.2451923
401.4179,0.2451923
401.4379,0.2451923
401.4579,0.2451923
401.4779,0.2451923
401.4979,0.2451923
401.5179,0.2451923
401.5379,0.2451923
401.5579,0.2451923
401.5779,0.2451923
401.5978,0.2451923
401.6178,0.2451923
401.6378,0.2451923
401.6578,0.2451923
401.6778,0.2451923
401.6978,0.2451923
401.7178,0.2451923
401.7378,0.2451923
401.7578,0.2451923
401.7777,0.2451923
401.7977,0.2451923
401.8177,0.2451923
401.8377,0.2451923
401.8577,0.2451923
401.8777,0.2451923
401.8977,0.2451923
401.9177,0.2451923
401.9377,0.2451923
401.9576,0.2451923
401.9776,0.2451923
401.9976,0.2451923
402.0176,0.2451923
402.0376,0.2451923
402.0576,0.2451923
402.0776,0.2451923
402.0976,0.2451923
402.1176,0.2451923
402.1375,0.2451923
402.1575,0.2451923
402.1775,0.2451923
402.1975,0.2451923
402.2175,0.2451923
402.2375,0.2451923
402.2575,0.2451923
402.2775,0.2451923
402.2975,0.2451923
402.3174,0.2451923
402.3374,0.2451923
402.3574,0.2451923
402.3774,0.2451923
402.3974,0.2451923
402.4174,0.2451923
402.4374,0.2451923
402.4574,0.2451923
402.4774,0.2451923
402.4973,0.2451923
402.5173,0.2451923
402.5373,0.2451923
402.5573,0.2451923
402.5773,0.2451923
402.5973,0.2451923
402.6173,0.2451923
402.6373,0.2451923
402.6573,0.2451923
402.6772,0.2451923
402.6972,0.2451923
402.7172,0.2451923
402.7372,0.2451923
402.7572,0.2451923
402.7772,0.2451923
402.7972,0.2451923
402.8172,0.2451923
402.8372,0.2451923
402.8571,0.2451923
402.8771,0.2451923
402.8971,0.2451923
402.9171,0.2451923
402.9371,0.2451923
402.9571,0.2451923
402.9771,0.2451923
402.9971,0.2451923
403.0171,0.2451923
403.037,0.2451923
403.057,0.2451923
403.077,0.2451923
403.097,0.2451923
403.117,0.2451923
403.137,0.2451923
403.157,0.2451923
403.177,0.2451923
403.197,0.2451923
403.2169,0.2451923
403.2369,0.2451923
403.2569,0.2451923
403.2769,0.2451923
403.2969,0.2451923
403.3169,0.2451923
403.3369,0.2451923
403.3569,0.2451923
403.3769,0.2451923
403.3969,0.2451923
403.4168,0.2451923
403.4368,0.2451923
403.4568,0.2451923
403.4768,0.2451923
403.4968,0.2451923
403.5168,0.2451923
403.5368,0.2451923
403.5568,0.2451923
403.5768,0.2451923
403.5967,0.2451923
403.6167,0.2451923
403.6367,0.2451923
403.6567,0.2451923
403.6767,0.2451923
403.6967,0.2451923
403.7167,0.2451923
403.7367,0.2451923
403.7567,0.2451923
403.7766,0.2451923
403.7966,0.2451923
403.8166,0.2451923
403.8366,0.2451923
403.8566,0.2451923
403.8766,0.2451923
403.8966,0.2451923
403.9166,0.2451923
403.9366,0.2451923
403.9565,0.2451923
403.9765,0.2451923
403.9965,0.2451923
404.0165,0.2451923
404.0365,0.2451923
404.0565,0.2451923
404.0765,0.2451923
404.0965,0.2451923
404.1165,0.2451923
404.1364,0.2451923
404.1564,0.2451923
404.1764,0.2451923
404.1964,0.2451923
404.2164,0.2451923
404.2364,0.2451923
404.2564,0.2451923
404.2764,0.2451923
404.2964,0.2451923
404.3163,0.2451923
404.3363,0.2451923
404.3563,0.2451923
404.3763,0.2451923
404.3963,0.2451923
404.4163,0.2451923
404.4363,0.2451923
404.4563,0.2451923
404.4763,0.2451923
404.4962,0.2451923
404.5162,0.2451923
404.5362,0.2451923
404.5562,0.2451923
404.5762,0.2451923
404.5962,0.2451923
404.6162,0.2451923
404.6362,0.2451923
404.6562,0.2451923
404.6761,0.2451923
404.6961,0.2451923
404.7161,0.2451923
404.7361,0.2451923
404.7561,0.2451923
404.7761,0.2451923
404.7961,0.2451923
404.8161,0.2451923
404.8361,0.2451923
404.856,0.2451923
404.876,0.2451923
404.896,0.2451923
404.916,0.2451923
404.936,0.2451923
404.956,0.2451923
404.976,0.2451923
404.996,0.2451923
405.016,0.2451923
405.0359,0.2451923
405.0559,0.2451923
405.0759,0.2451923
405.0959,0.2451923
405.1159,0.2451923
405.1359,0.2451923
405.1559,0.2451923
405.1759,0.2451923
405.1959,0.2451923
405.2159,0.2451923
405.2358,0.2451923
405.2558,0.2451923
405.2758,0.2451923
405.2958,0.2451923
405.3158,0.2451923
405.3358,0.2451923
405.3558,0.2451923
405.3758,0.2451923
405.3958,0.2451923
405.4157,0.2451923
405.4357,0.2451923
405.4557,0.2451923
405.4757,0.2451923
405.4957,0.2451923
405.5157,0.2451923
405.5357,0.2451923
405.5557,0.2451923
405.5757,0.2451923
405.5956,0.2451923
405.6156,0.2451923
405.6356,0.2451923
405.6556,0.2451923
405.6756,0.2451923
405.6956,0.2451923
405.7156,0.2451923
405.7356,0.2451923
405.7556,0.2451923
405.7755,0.2451923
405.7955,0.2451923
405.8155,0.2451923
405.8355,0.2451923
405.8555,0.2451923
405.8755,0.2451923
405.8955,0.2451923
405.9155,0.2451923
405.9355,0.2451923
405.9554,0.2451923
405.9754,0.2451923
405.9954,0.2451923
406.0154,0.2451923
406.0354,0.2451923
406.0554,0.2451923
406.0754,0.2451923
406.0954,0.2451923
406.1154,0.2451923
406.1353,0.2451923
406.1553,0.2451923
406.1753,0.2451923
406.1953,0.2451923
406.2153,0.2451923
406.2353,0.2451923
406.2553,0.2451923
406.2753,0.2451923
406.2953,0.2451923
406.3152,0.2451923
406.3352,0.2451923
406.3552,0.2451923
406.3752,0.2451923
406.3952,0.2451923
406.4152,0.2451923
406.4352,0.2451923
406.4552,0.2451923
406.4752,0.2451923
406.4951,0.2451923
406.5151,0.2451923
406.5351,0.2451923
406.5551,0.2451923
406.5751,0.2451923
406.5951,0.2451923
406.6151,0.2451923
406.6351,0.2451923
406.6551,0.2451923
406.675,0.2451923
406.695,0.2451923
406.715,0.2451923
406.735,0.2451923
406.755,0.2451923
406.775,0.2451923
406.795,0.2451923
406.815,0.2451923
406.835,0.2451923
406.8549,0.2451923
406.8749,0.2451923
406.8949,0.2451923
406.9149,0.2451923
406.9349,0.2451923
406.9549,0.2451923
406.9749,0.2451923
406.9949,0.2451923
407.0149,0.2451923
407.0349,0.2451923
407.0548,0.2451923
407.0748,0.2451923
407.0948,0.2451923
407.1148,0.2451923
407.1348,0.2451923
407.1548,0.2451923
407.1748,0.2451923
407.1948,0.2451923
407.2148,0.2451923
407.2347,0.2451923
407.2547,0.2451923
407.2747,0.2451923
407.2947,0.2451923
407.3147,0.2451923
407.3347,0.2451923
407.3547,0.2451923
407.3747,0.2451923
407.3947,0.2451923
407.4146,0.2451923
407.4346,0.2451923
407.4546,0.2451923
407.4746,0.2451923
407.4946,0.2451923
407.5146,0.2451923
407.5346,0.2451923
407.5546,0.2451923
407.5746,0.2451923
407.5945,0.2451923
407.6145,0.2451923
407.6345,0.2451923
407.6545,0.2451923
407.6745,0.2451923
407.6945,0.2451923
407.7145,0.2451923
407.7345,0.2451923
407.7545,0.2451923
407.7744,0.2451923
407.7944,0.2451923
407.8144,0.2451923
407.8344,0.2451923
407.8544,0.2451923
407.8744,0.2451923
407.8944,0.2451923
407.9144,0.2451923
407.9344,0.2451923
407.9543,0.2451923
407.9743,0.2451923
407.9943,0.2451923
408.0143,0.2451923
408.0343,0.2451923
408.0543,0.2451923
408.0743,0.2451923
408.0943,0.2451923
408.1143,0.2451923
408.1342,0.2451923
408.1542,0.2451923
408.1742,0.2451923
408.1942,0.2451923
408.2142,0.2451923
408.2342,0.2451923
408.2542,0.2451923
408.2742,0.2451923
408.2942,0.2451923
408.3141,0.2451923
408.3341,0.2451923
408.3541,0.2451923
408.3741,0.2451923
408.3941,0.2451923
408.4141,0.2451923
408.4341,0.2451923
408.4541,0.2451923
408.4741,0.2451923
408.494,0.2451923
408.514,0.2451923
408.534,0.2451923
408.554,0.2451923
408.574,0.2451923
408.594,0.2451923
408.614,0.2451923
408.634,0.2451923
408.654,0.2451923
408.674,0.2451923
408.6939,0.2451923
408.7139,0.2451923
408.7339,0.2451923
408.7539,0.2451923
408.7739,0.2451923
408.7939,0.2451923
408.8139,0.2451923
408.8339,0.2451923
408.8539,0.2451923
408.8738,0.2451923
408.8938,0.2451923
408.9138,0.2451923
408.9338,0.2451923
408.9538,0.2451923
408.9738,0.2451923
408.9938,0.2451923
409.0138,0.2451923
409.0338,0.2451923
409.0537,0.2451923
409.0737,0.2451923
409.0937,0.2451923
409.1137,0.2451923
409.1337,0.2451923
409.1537,0.2451923
409.1737,0.2451923
409.1937,0.2451923
409.2137,0.2451923
409.2336,0.2451923
409.2536,0.2451923
409.2736,0.2451923
409.2936,0.2451923
409.3136,0.2451923
409.3336,0.2451923
409.3536,0.2451923
409.3736,0.2451923
409.3936,0.2451923
409.4135,0.2451923
409.4335,0.2451923
409.4535,0.2451923
409.4735,0.2451923
409.4935,0.2451923
409.5135,0.2451923
409.5335,0.2451923
409.5535,0.2451923
409.5735,0.2451923
409.5934,0.2451923
409.6134,0.2451923
409.6334,0.2451923
409.6534,0.2451923
409.6734,0.2451923
409.6934,0.2451923
409.7134,0.2451923
409.7334,0.2451923
409.7534,0.2451923
409.7733,0.2451923
409.7933,0.2451923
409.8133,0.2451923
409.8333,0.2451923
409.8533,0.2451923
409.8733,0.2451923
409.8933,0.2451923
409.9133,0.2451923
409.9333,0.2451923
409.9532,0.2451923
409.9732,0.2451923
409.9932,0.2451923
410.0132,0.2451923
410.0332,0.2451923
410.0532,0.2451923
410.0732,0.2451923
410.0932,0.2451923
410.1132,0.2451923
410.1331,0.2451923
410.1531,0.2451923
410.1731,0.2451923
410.1931,0.2451923
410.2131,0.2451923
410.2331,0.2451923
410.2531,0.2451923
410.2731,0.2451923
410.2931,0.2451923
410.313,0.2451923
410.333,0.2451923
410.353,0.2451923
410.373,0.2451923
410.393,0.2451923
410.413,0.2451923
410.433,0.2451923
410.453,0.2451923
410.473,0.2451923
410.493,0.2451923
410.5129,0.2451923
410.5329,0.2451923
410.5529,0.2451923
410.5729,0.2451923
410.5929,0.2451923
410.6129,0.2451923
410.6329,0.2451923
410.6529,0.2451923
410.6729,0.2451923
410.6928,0.2451923
410.7128,0.2451923
410.7328,0.2451923
410.7528,0.2451923
410.7728,0.2451923
410.7928,0.2451923
410.8128,0.2451923
410.8328,0.2451923
410.8528,0.2451923
410.8727,0.2451923
410.8927,0.2451923
410.9127,0.2451923
410.9327,0.2451923
410.9527,0.2451923
410.9727,0.2451923
410.9927,0.2451923
411.0127,0.2451923
411.0327,0.2451923
411.0526,0.2451923
411.0726,0.2451923
411.0926,0.2451923
411.1126,0.2451923
411.1326,0.2451923
411.1526,0.2451923
411.1726,0.2451923
411.1926,0.2451923
411.2126,0.2451923
411.2325,0.2451923
411.2525,0.2451923
411.2725,0.2451923
411.2925,0.2451923
411.3125,0.2451923
411.3325,0.2451923
411.3525,0.2451923
411.3725,0.2451923
411.3925,0.2451923
411.4124,0.2451923
411.4324,0.2451923
411.4524,0.2451923
411.4724,0.2451923
411.4924,0.2451923
411.5124,0.2451923
411.5324,0.2451923
411.5524,0.2451923
411.5724,0.2451923
411.5923,0.2451923
411.6123,0.2451923
411.6323,0.2451923
411.6523,0.2451923
411.6723,0.2451923
411.6923,0.2451923
411.7123,0.2451923
411.7323,0.2451923
411.7523,0.2451923
411.7722,0.2451923
411.7922,0.2451923
411.8122,0.2451923
411.8322,0.2451923
411.8522,0.2451923
411.8722,0.2451923
411.8922,0.2451923
411.9122,0.2451923
411.9322,0.2451923
411.9521,0.2451923
411.9721,0.2451923
411.9921,0.2451923
412.0121,0.2451923
412.0321,0.2451923
412.0521,0.2451923
412.0721,0.2451923
412.0921,0.2451923
412.1121,0.2451923
412.132,0.2451923
412.152,0.2451923
412.172,0.2451923
412.192,0.2451923
412.212,0.2451923
412.232,0.2451923
412.252,0.2451923
412.272,0.2451923
412.292,0.2451923
412.312,0.2451923
412.3319,0.2451923
412.3519,0.2451923
412.3719,0.2451923
412.3919,0.2451923
412.4119,0.2451923
412.4319,0.2451923
412.4519,0.2451923
412.4719,0.2451923
412.4919,0.2451923
412.5118,0.2451923
412.5318,0.2451923
412.5518,0.2451923
412.5718,0.2451923
412.5918,0.2451923
412.6118,0.2451923
412.6318,0.2451923
412.6518,0.2451923
412.6718,0.2451923
412.6917,0.2451923
412.7117,0.2451923
412.7317,0.2451923
412.7517,0.2451923
412.7717,0.2451923
412.7917,0.2451923
412.8117,0.2451923
412.8317,0.2451923
412.8517,0.2451923
412.8716,0.2451923
412.8916,0.2451923
412.9116,0.2451923
412.9316,0.2451923
412.9516,0.2451923
412.9716,0.2451923
412.9916,0.2451923
413.0116,0.2451923
413.0316,0.2451923
413.0515,0.2451923
413.0715,0.2451923
413.0915,0.2451923
413.1115,0.2451923
413.1315,0.2451923
413.1515,0.2451923
413.1715,0.2451923
413.1915,0.2451923
413.2115,0.2451923
413.2314,0.2451923
413.2514,0.2451923
413.2714,0.2451923
413.2914,0.2451923
413.3114,0.2451923
413.3314,0.2451923
413.3514,0.2451923
413.3714,0.2451923
413.3914,0.2451923
413.4113,0.2451923
413.4313,0.2451923
413.4513,0.2451923
413.4713,0.2451923
413.4913,0.2451923
413.5113,0.2451923
413.5313,0.2451923
413.5513,0.2451923
413.5713,0.2451923
413.5912,0.2451923
413.6112,0.2451923
413.6312,0.2451923
413.6512,0.2451923
413.6712,0.2451923
413.6912,0.2451923
413.7112,0.2451923
413.7312,0.2451923
413.7512,0.2451923
413.7711,0.2451923
413.7911,0.2451923
413.8111,0.2451923
413.8311,0.2451923
413.8511,0.2451923
413.8711,0.2451923
413.8911,0.2451923
413.9111,0.2451923
413.9311,0.2451923
413.951,0.2451923
413.971,0.2451923
413.991,0.2451923
414.011,0.2451923
414.031,0.2451923
414.051,0.2451923
414.071,0.2451923
414.091,0.2451923
414.111,0.2451923
414.131,0.2451923
414.1509,0.2451923
414.1709,0.2451923
414.1909,0.2451923
414.2109,0.2451923
414.2309,0.2451923
414.2509,0.2451923
414.2709,0.2451923
414.2909,0.2451923
414.3109,0.2451923
414.3308,0.2451923
414.3508,0.2451923
414.3708,0.2451923
414.3908,0.2451923
414.4108,0.2451923
414.4308,0.2451923
414.4508,0.2451923
414.4708,0.2451923
414.4908,0.2451923
414.5107,0.2451923
414.5307,0.2451923
414.5507,0.2451923
414.5707,0.2451923
414.5907,0.2451923
414.6107,0.2451923
414.6307,0.2451923
414.6507,0.2451923
414.6707,0.2451923
414.6906,0.2451923
414.7106,0.2451923
414.7306,0.2451923
414.7506,0.2451923
414.7706,0.2451923
414.7906,0.2451923
414.8106,0.2451923
414.8306,0.2451923
414.8506,0.2451923
414.8705,0.2451923
414.8905,0.2451923
414.9105,0.2451923
414.9305,0.2451923
414.9505,0.2451923
414.9705,0.2451923
414.9905,0.2451923
415.0105,0.2451923
415.0305,0.2451923
415.0504,0.2451923
415.0704,0.2451923
415.0904,0.2451923
415.1104,0.2451923
415.1304,0.2451923
415.1504,0.2451923
415.1704,0.2451923
415.1904,0.2451923
415.2104,0.2451923
415.2303,0.2451923
415.2503,0.2451923
415.2703,0.2451923
415.2903,0.2451923
415.3103,0.2451923
415.3303,0.2451923
415.3503,0.2451923
415.3703,0.2451923
415.3903,0.2451923
415.4102,0.2451923
415.4302,0.2451923
415.4502,0.2451923
415.4702,0.2451923
415.4902,0.2451923
415.5102,0.2451923
415.5302,0.2451923
415.5502,0.2451923
415.5702,0.2451923
415.5901,0.2451923
415.6101,0.2451923
415.6301,0.2451923
415.6501,0.2451923
415.6701,0.2451923
415.6901,0.2451923
415.7101,0.2451923
415.7301,0.2451923
415.7501,0.2451923
415.7701,0.2451923
415.79,0.2451923
415.81,0.2451923
415.83,0.2451923
415.85,0.2451923
415.87,0.2451923
415.89,0.2451923
415.91,0.2451923
415.93,0.2451923
415.95,0.2451923
415.9699,0.2451923
415.9899,0.2451923
416.0099,0.2451923
416.0299,0.2451923
416.0499,0.2451923
416.0699,0.2451923
416.0899,0.2451923
416.1099,0.2451923
416.1299,0.2451923
416.1498,0.2451923
416.1698,0.2451923
416.1898,0.2451923
416.2098,0.2451923
416.2298,0.2451923
416.2498,0.2451923
416.2698,0.2451923
416.2898,0.2451923
416.3098,0.2451923
416.3297,0.2451923
416.3497,0.2451923
416.3697,0.2451923
416.3897,0.2451923
416.4097,0.2451923
416.4297,0.2451923
416.4497,0.2451923
416.4697,0.2451923
416.4897,0.2451923
416.5096,0.2451923
416.5296,0.2451923
416.5496,0.2451923
416.5696,0.2451923
416.5896,0.2451923
416.6096,0.2451923
416.6296,0.2451923
416.6496,0.2451923
416.6696,0.2451923
416.6895,0.2451923
416.7095,0.2451923
416.7295,0.2451923
416.7495,0.2451923
416.7695,0.2451923
416.7895,0.2451923
416.8095,0.2451923
416.8295,0.2451923
416.8495,0.2451923
416.8694,0.2451923
416.8894,0.2451923
416.9094,0.2451923
416.9294,0.2451923
416.9494,0.2451923
416.9694,0.2451923
416.9894,0.2451923
417.0094,0.2451923
417.0294,0.2451923
417.0493,0.2451923
417.0693,0.2451923
417.0893,0.2451923
417.1093,0.2451923
417.1293,0.2451923
417.1493,0.2451923
417.1693,0.2451923
417.1893,0.2451923
417.2093,0.2451923
417.2292,0.2451923
417.2492,0.2451923
417.2692,0.2451923
417.2892,0.2451923
417.3092,0.2451923
417.3292,0.2451923
417.3492,0.2451923
417.3692,0.2451923
417.3892,0.2451923
417.4091,0.2451923
417.4291,0.2451923
417.4491,0.2451923
417.4691,0.2451923
417.4891,0.2451923
417.5091,0.2451923
417.5291,0.2451923
417.5491,0.2451923
417.5691,0.2451923
417.5891,0.2451923
417.609,0.2451923
417.629,0.2451923
417.649,0.2451923
417.669,0.2451923
417.689,0.2451923
417.709,0.2451923
417.729,0.2451923
417.749,0.2451923
417.769,0.2451923
417.7889,0.2451923
417.8089,0.2451923
417.8289,0.2451923
417.8489,0.2451923
417.8689,0.2451923
417.8889,0.2451923
417.9089,0.2451923
417.9289,0.2451923
417.9489,0.2451923
417.9688,0.2451923
417.9888,0.2451923
418.0088,0.2451923
418.0288,0.2451923
418.0488,0.2451923
418.0688,0.2451923
418.0888,0.2451923
418.1088,0.2451923
418.1288,0.2451923
418.1487,0.2451923
418.1687,0.2451923
418.1887,0.2451923
418.2087,0.2451923
418.2287,0.2451923
418.2487,0.2451923
418.2687,0.2451923
418.2887,0.2451923
418.3087,0.2451923
418.3286,0.2451923
418.3486,0.2451923
418.3686,0.2451923
418.3886,0.2451923
418.4086,0.2451923
418.4286,0.2451923
418.4486,0.2451923
418.4686,0.2451923
418.4886,0.2451923
418.5085,0.2451923
418.5285,0.2451923
418.5485,0.2451923
418.5685,0.2451923
418.5885,0.2451923
418.6085,0.2451923
418.6285,0.2451923
418.6485,0.2451923
418.6685,0.2451923
418.6884,0.2451923
418.7084,0.2451923
418.7284,0.2451923
418.7484,0.2451923
418.7684,0.2451923
418.7884,0.2451923
418.8084,0.2451923
418.8284,0.2451923
418.8484,0.2451923
418.8683,0.2451923
418.8883,0.2451923
418.9083,0.2451923
418.9283,0.2451923
418.9483,0.2451923
418.9683,0.2451923
418.9883,0.2451923
419.0083,0.2451923
419.0283,0.2451923
419.0482,0.2451923
419.0682,0.2451923
419.0882,0.2451923
419.1082,0.2451923
419.1282,0.2451923
419.1482,0.2451923
419.1682,0.2451923
419.1882,0.2451923
419.2082,0.2451923
419.2281,0.2451923
419.2481,0.2451923
419.2681,0.2451923
419.2881,0.2451923
419.3081,0.2451923
419.3281,0.2451923
419.3481,0.2451923
419.3681,0.2451923
419.3881,0.2451923
419.4081,0.2451923
419.428,0.2451923
419.448,0.2451923
419.468,0.2451923
419.488,0.2451923
419.508,0.2451923
419.528,0.2451923
419.548,0.2451923
419.568,0.2451923
419.588,0.2451923
419.6079,0.2451923
419.6279,0.2451923
419.6479,0.2451923
419.6679,0.2451923
419.6879,0.2451923
419.7079,0.2451923
419.7279,0.2451923
419.7479,0.2451923
419.7679,0.2451923
419.7878,0.2451923
419.8078,0.2451923
419.8278,0.2451923
419.8478,0.2451923
419.8678,0.2451923
419.8878,0.2451923
419.9078,0.2451923
419.9278,0.2451923
419.9478,0.2451923
419.9677,0.2451923
419.9877,0.2451923
420.0077,0.2451923
420.0277,0.2451923
420.0477,0.2451923
420.0677,0.2451923
420.0877,0.2451923
420.1077,0.2451923
420.1277,0.2451923
420.1476,0.2451923
420.1676,0.2451923
420.1876,0.2451923
420.2076,0.2451923
420.2276,0.2451923
420.2476,0.2451923
420.2676,0.2451923
420.2876,0.2451923
420.3076,0.2451923
420.3275,0.2451923
420.3475,0.2451923
420.3675,0.2451923
420.3875,0.2451923
420.4075,0.2451923
420.4275,0.2451923
420.4475,0.2451923
420.4675,0.2451923
420.4875,0.2451923
420.5074,0.2451923
420.5274,0.2451923
420.5474,0.2451923
420.5674,0.2451923
420.5874,0.2451923
420.6074,0.2451923
420.6274,0.2451923
420.6474,0.2451923
420.6674,0.2451923
420.6873,0.2451923
420.7073,0.2451923
420.7273,0.2451923
420.7473,0.2451923
420.7673,0.2451923
420.7873,0.2451923
420.8073,0.2451923
420.8273,0.2451923
420.8473,0.2451923
420.8672,0.2451923
420.8872,0.2451923
420.9072,0.2451923
420.9272,0.2451923
420.9472,0.2451923
420.9672,0.2451923
420.9872,0.2451923
421.0072,0.2451923
421.0272,0.2451923
421.0471,0.2451923
421.0671,0.2451923
421.0871,0.2451923
421.1071,0.2451923
421.1271,0.2451923
421.1471,0.2451923
421.1671,0.2451923
421.1871,0.2451923
421.2071,0.2451923
421.2271,0.2451923
421.247,0.2451923
421.267,0.2451923
421.287,0.2451923
421.307,0.2451923
421.327,0.2451923
421.347,0.2451923
421.367,0.2451923
421.387,0.2451923
421.407,0.2451923
421.4269,0.2451923
421.4469,0.2451923
421.4669,0.2451923
421.4869,0.2451923
421.5069,0.2451923
421.5269,0.2451923
421.5469,0.2451923
421.5669,0.2451923
421.5869,0.2451923
421.6068,0.2451923
421.6268,0.2451923
421.6468,0.2451923
421.6668,0.2451923
421.6868,0.2451923
421.7068,0.2451923
421.7268,0.2451923
421.7468,0.2451923
421.7668,0.2451923
421.7867,0.2451923
421.8067,0.2451923
421.8267,0.2451923
421.8467,0.2451923
421.8667,0.2451923
421.8867,0.2451923
421.9067,0.2451923
421.9267,0.2451923
421.9467,0.2451923
421.9666,0.2451923
421.9866,0.2451923
422.0066,0.2451923
422.0266,0.2451923
422.0466,0.2451923
422.0666,0.2451923
422.0866,0.2451923
422.1066,0.2451923
422.1266,0.2451923
422.1465,0.2451923
422.1665,0.2451923
422.1865,0.2451923
422.2065,0.2451923
422.2265,0.2451923
422.2465,0.2451923
422.2665,0.2451923
422.2865,0.2451923
422.3065,0.2451923
422.3264,0.2451923
422.3464,0.2451923
422.3664,0.2451923
422.3864,0.2451923
422.4064,0.2451923
422.4264,0.2451923
422.4464,0.2451923
422.4664,0.2451923
422.4864,0.2451923
422.5063,0.2451923
422.5263,0.2451923
422.5463,0.2451923
422.5663,0.2451923
422.5863,0.2451923
422.6063,0.2451923
422.6263,0.2451923
422.6463,0.2451923
422.6663,0.2451923
422.6862,0.2451923
422.7062,0.2451923
422.7262,0.2451923
422.7462,0.2451923
422.7662,0.2451923
422.7862,0.2451923
422.8062,0.2451923
422.8262,0.2451923
422.8462,0.2451923
422.8661,0.2451923
422.8861,0.2451923
422.9061,0.2451923
422.9261,0.2451923
422.9461,0.2451923
422.9661,0.2451923
422.9861,0.2451923
423.0061,0.2451923
423.0261,0.2451923
423.0461,0.2451923
423.066,0.2451923
423.086,0.2451923
423.106,0.2451923
423.126,0.2451923
423.146,0.2451923
423.166,0.2451923
423.186,0.2451923
423.206,0.2451923
423.226,0.2451923
423.2459,0.2451923
423.2659,0.2451923
423.2859,0.2451923
423.3059,0.2451923
423.3259,0.2451923
423.3459,0.2451923
423.3659,0.2451923
423.3859,0.2451923
423.4059,0.2451923
423.4258,0.2451923
423.4458,0.2451923
423.4658,0.2451923
423.4858,0.2451923
423.5058,0.2451923
423.5258,0.2451923
423.5458,0.2451923
423.5658,0.2451923
423.5858,0.2451923
423.6057,0.2451923
423.6257,0.2451923
423.6457,0.2451923
423.6657,0.2451923
423.6857,0.2451923
423.7057,0.2451923
423.7257,0.2451923
423.7457,0.2451923
423.7657,0.2451923
423.7856,0.2451923
423.8056,0.2451923
423.8256,0.2451923
423.8456,0.2451923
423.8656,0.2451923
423.8856,0.2451923
423.9056,0.2451923
423.9256,0.2451923
423.9456,0.2451923
423.9655,0.2451923
423.9855,0.2451923
424.0055,0.2451923
424.0255,0.2451923
424.0455,0.2451923
424.0655,0.2451923
424.0855,0.2451923
424.1055,0.2451923
424.1255,0.2451923
424.1454,0.2451923
424.1654,0.2451923
424.1854,0.2451923
424.2054,0.2451923
424.2254,0.2451923
424.2454,0.2451923
424.2654,0.2451923
424.2854,0.2451923
424.3054,0.2451923
424.3253,0.2451923
424.3453,0.2451923
424.3653,0.2451923
424.3853,0.2451923
424.4053,0.2451923
424.4253,0.2451923
424.4453,0.2451923
424.4653,0.2451923
424.4853,0.2451923
424.5052,0.2451923
424.5252,0.2451923
424.5452,0.2451923
424.5652,0.2451923
424.5852,0.2451923
424.6052,0.2451923
424.6252,0.2451923
424.6452,0.2451923
424.6652,0.2451923
424.6852,0.2451923
424.7051,0.2451923
424.7251,0.2451923
424.7451,0.2451923
424.7651,0.2451923
424.7851,0.2451923
424.8051,0.2451923
424.8251,0.2451923
424.8451,0.2451923
424.8651,0.2451923
424.885,0.2451923
424.905,0.2451923
424.925,0.2451923
424.945,0.2451923
424.965,0.2451923
424.985,0.2451923
425.005,0.2451923
425.025,0.2451923
425.045,0.2451923
425.0649,0.2451923
425.0849,0.2451923
425.1049,0.2451923
425.1249,0.2451923
425.1449,0.2451923
425.1649,0.2451923
425.1849,0.2451923
425.2049,0.2451923
425.2249,0.2451923
425.2448,0.2451923
425.2648,0.2451923
425.2848,0.2451923
425.3048,0.2451923
425.3248,0.2451923
425.3448,0.2451923
425.3648,0.2451923
425.3848,0.2451923
425.4048,0.2451923
425.4247,0.2451923
425.4447,0.2451923
425.4647,0.2451923
425.4847,0.2451923
425.5047,0.2451923
425.5247,0.2451923
425.5447,0.2451923
425.5647,0.2451923
425.5847,0.2451923
425.6046,0.2451923
425.6246,0.2451923
425.6446,0.2451923
425.6646,0.2451923
425.6846,0.2451923
425.7046,0.2451923
425.7246,0.2451923
425.7446,0.2451923
425.7646,0.2451923
425.7845,0.2451923
425.8045,0.2451923
425.8245,0.2451923
425.8445,0.2451923
425.8645,0.2451923
425.8845,0.2451923
425.9045,0.2451923
425.9245,0.2451923
425.9445,0.2451923
425.9644,0.2451923
425.9844,0.2451923
426.0044,0.2451923
426.0244,0.2451923
426.0444,0.2451923
426.0644,0.2451923
426.0844,0.2451923
426.1044,0.2451923
426.1244,0.2451923
426.1443,0.2451923
426.1643,0.2451923
426.1843,0.2451923
426.2043,0.2451923
426.2243,0.2451923
426.2443,0.2451923
426.2643,0.2451923
426.2843,0.2451923
426.3043,0.2451923
426.3242,0.2451923
426.3442,0.2451923
426.3642,0.2451923
426.3842,0.2451923
426.4042,0.2451923
426.4242,0.2451923
426.4442,0.2451923
426.4642,0.2451923
426.4842,0.2451923
426.5042,0.2451923
426.5241,0.2451923
426.5441,0.2451923
426.5641,0.2451923
426.5841,0.2451923
426.6041,0.2451923
426.6241,0.2451923
426.6441,0.2451923
426.6641,0.2451923
426.6841,0.2451923
426.704,0.2451923
426.724,0.2451923
426.744,0.2451923
426.764,0.2451923
426.784,0.2451923
426.804,0.2451923
426.824,0.2451923
426.844,0.2451923
426.864,0.2451923
426.8839,0.2451923
426.9039,0.2451923
426.9239,0.2451923
426.9439,0.2451923
426.9639,0.2451923
426.9839,0.2451923
427.0039,0.2451923
427.0239,0.2451923
427.0439,0.2451923
427.0638,0.2451923
427.0838,0.2451923
427.1038,0.2451923
427.1238,0.2451923
427.1438,0.2451923
427.1638,0.2451923
427.1838,0.2451923
427.2038,0.2451923
427.2238,0.2451923
427.2437,0.2451923
427.2637,0.2451923
427.2837,0.2451923
427.3037,0.2451923
427.3237,0.2451923
427.3437,0.2451923
427.3637,0.2451923
427.3837,0.2451923
427.4037,0.2451923
427.4236,0.2451923
427.4436,0.2451923
427.4636,0.2451923
427.4836,0.2451923
427.5036,0.2451923
427.5236,0.2451923
427.5436,0.2451923
427.5636,0.2451923
427.5836,0.2451923
427.6035,0.2451923
427.6235,0.2451923
427.6435,0.2451923
427.6635,0.2451923
427.6835,0.2451923
427.7035,0.2451923
427.7235,0.2451923
427.7435,0.2451923
427.7635,0.2451923
427.7834,0.2451923
427.8034,0.2451923
427.8234,0.2451923
427.8434,0.2451923
427.8634,0.2451923
427.8834,0.2451923
427.9034,0.2451923
427.9234,0.2451923
427.9434,0.2451923
427.9633,0.2451923
427.9833,0.2451923
428.0033,0.2451923
428.0233,0.2451923
428.0433,0.2451923
428.0633,0.2451923
428.0833,0.2451923
428.1033,0.2451923
428.1233,0.2451923
428.1432,0.2451923
428.1632,0.2451923
428.1832,0.2451923
428.2032,0.2451923
428.2232,0.2451923
428.2432,0.2451923
428.2632,0.2451923
428.2832,0.2451923
428.3032,0.2451923
428.3232,0.2451923
428.3431,0.2451923
428.3631,0.2451923
428.3831,0.2451923
428.4031,0.2451923
428.4231,0.2451923
428.4431,0.2451923
428.4631,0.2451923
428.4831,0.2451923
428.5031,0.2451923
428.523,0.2451923
428.543,0.2451923
428.563,0.2451923
428.583,0.2451923
428.603,0.2451923
428.623,0.2451923
428.643,0.2451923
428.663,0.2451923
428.683,0.2451923
428.7029,0.2451923
428.7229,0.2451923
428.7429,0.2451923
428.7629,0.2451923
428.7829,0.2451923
428.8029,0.2451923
428.8229,0.2451923
428.8429,0.2451923
428.8629,0.2451923
428.8828,0.2451923
428.9028,0.2451923
428.9228,0.2451923
428.9428,0.2451923
428.9628,0.2451923
428.9828,0.2451923
429.0028,0.2451923
429.0228,0.2451923
429.0428,0.2451923
429.0627,0.2451923
429.0827,0.2451923
429.1027,0.2451923
429.1227,0.2451923
429.1427,0.2451923
429.1627,0.2451923
429.1827,0.2451923
429.2027,0.2451923
429.2227,0.2451923
429.2426,0.2451923
429.2626,0.2451923
429.2826,0.2451923
429.3026,0.2451923
429.3226,0.2451923
429.3426,0.2451923
429.3626,0.2451923
429.3826,0.2451923
429.4026,0.2451923
429.4225,0.2451923
429.4425,0.2451923
429.4625,0.2451923
429.4825,0.2451923
429.5025,0.2451923
429.5225,0.2451923
429.5425,0.2451923
429.5625,0.2451923
429.5825,0.2451923
429.6024,0.2451923
429.6224,0.2451923
429.6424,0.2451923
429.6624,0.2451923
429.6824,0.2451923
429.7024,0.2451923
429.7224,0.2451923
429.7424,0.2451923
429.7624,0.2451923
429.7823,0.2451923
429.8023,0.2451923
429.8223,0.2451923
429.8423,0.2451923
429.8623,0.2451923
429.8823,0.2451923
429.9023,0.2451923
429.9223,0.2451923
429.9423,0.2451923
429.9622,0.2451923
429.9822,0.2451923
430.0022,0.2451923
430.0222,0.2451923
430.0422,0.2451923
430.0622,0.2451923
430.0822,0.2451923
430.1022,0.2451923
430.1222,0.2451923
430.1422,0.2451923
430.1621,0.2451923
430.1821,0.2451923
430.2021,0.2451923
430.2221,0.2451923
430.2421,0.2451923
430.2621,0.2451923
430.2821,0.2451923
430.3021,0.2451923
430.3221,0.2451923
430.342,0.2451923
430.362,0.2451923
430.382,0.2451923
430.402,0.2451923
430.422,0.2451923
430.442,0.2451923
430.462,0.2451923
430.482,0.2451923
430.502,0.2451923
430.5219,0.2451923
430.5419,0.2451923
430.5619,0.2451923
430.5819,0.2451923
430.6019,0.2451923
430.6219,0.2451923
430.6419,0.2451923
430.6619,0.2451923
430.6819,0.2451923
430.7018,0.2451923
430.7218,0.2451923
430.7418,0.2451923
430.7618,0.2451923
430.7818,0.2451923
430.8018,0.2451923
430.8218,0.2451923
430.8418,0.2451923
430.8618,0.2451923
430.8817,0.2451923
430.9017,0.2451923
430.9217,0.2451923
430.9417,0.2451923
430.9617,0.2451923
430.9817,0.2451923
431.0017,0.2451923
431.0217,0.2451923
431.0417,0.2451923
431.0616,0.2451923
431.0816,0.2451923
431.1016,0.2451923
431.1216,0.2451923
431.1416,0.2451923
431.1616,0.2451923
431.1816,0.2451923
431.2016,0.2451923
431.2216,0.2451923
431.2415,0.2451923
431.2615,0.2451923
431.2815,0.2451923
431.3015,0.2451923
431.3215,0.2451923
431.3415,0.2451923
431.3615,0.2451923
431.3815,0.2451923
431.4015,0.2451923
431.4214,0.2451923
431.4414,0.2451923
431.4614,0.2451923
431.4814,0.2451923
431.5014,0.2451923
431.5214,0.2451923
431.5414,0.2451923
431.5614,0.2451923
431.5814,0.2451923
431.6013,0.2451923
431.6213,0.2451923
431.6413,0.2451923
431.6613,0.2451923
431.6813,0.2451923
431.7013,0.2451923
431.7213,0.2451923
431.7413,0.2451923
431.7613,0.2451923
431.7813,0.2451923
431.8012,0.2451923
431.8212,0.2451923
431.8412,0.2451923
431.8612,0.2451923
431.8812,0.2451923
431.9012,0.2451923
431.9212,0.2451923
431.9412,0.2451923
431.9612,0.2451923
431.9811,0.2451923
432.0011,0.2451923
432.0211,0.2451923
432.0411,0.2451923
432.0611,0.2451923
432.0811,0.2451923
432.1011,0.2451923
432.1211,0.2451923
432.1411,0.2451923
432.161,0.2451923
432.181,0.2451923
432.201,0.2451923
432.221,0.2451923
432.241,0.2451923
432.261,0.2451923
432.281,0.2451923
432.301,0.2451923
432.321,0.2451923
432.3409,0.2451923
432.3609,0.2451923
432.3809,0.2451923
432.4009,0.2451923
432.4209,0.2451923
432.4409,0.2451923
432.4609,0.2451923
432.4809,0.2451923
432.5009,0.2451923
432.5208,0.2451923
432.5408,0.2451923
432.5608,0.2451923
432.5808,0.2451923
432.6008,0.2451923
432.6208,0.2451923
432.6408,0.2451923
432.6608,0.2451923
432.6808,0.2451923
432.7007,0.2451923
432.7207,0.2451923
432.7407,0.2451923
432.7607,0.2451923
432.7807,0.2451923
432.8007,0.2451923
432.8207,0.2451923
432.8407,0.2451923
432.8607,0.2451923
432.8806,0.2451923
432.9006,0.2451923
432.9206,0.2451923
432.9406,0.2451923
432.9606,0.2451923
432.9806,0.2451923
433.0006,0.2451923
433.0206,0.2451923
433.0406,0.2451923
433.0605,0.2451923
433.0805,0.2451923
433.1005,0.2451923
433.1205,0.2451923
433.1405,0.2451923
433.1605,0.2451923
433.1805,0.2451923
433.2005,0.2451923
433.2205,0.2451923
433.2404,0.2451923
433.2604,0.2451923
433.2804,0.2451923
433.3004,0.2451923
433.3204,0.2451923
433.3404,0.2451923
433.3604,0.2451923
433.3804,0.2451923
433.4004,0.2451923
433.4203,0.2451923
433.4403,0.2451923
433.4603,0.2451923
433.4803,0.2451923
433.5003,0.2451923
433.5203,0.2451923
433.5403,0.2451923
433.5603,0.2451923
433.5803,0.2451923
433.6003,0.2451923
433.6202,0.2451923
433.6402,0.2451923
433.6602,0.2451923
433.6802,0.2451923
433.7002,0.2451923
433.7202,0.2451923
433.7402,0.2451923
433.7602,0.2451923
433.7802,0.2451923
433.8001,0.2451923
433.8201,0.2451923
433.8401,0.2451923
433.8601,0.2451923
433.8801,0.2451923
433.9001,0.2451923
433.9201,0.2451923
433.9401,0.2451923
433.9601,0.2451923
433.98,0.2451923
434,0.2451923
434.02,0.2451923
434.04,0.2451923
434.06,0.2451923
434.08,0.2451923
434.1,0.2451923
434.12,0.2451923
434.14,0.2451923
434.1599,0.2451923
434.1799,0.2451923
434.1999,0.2451923
434.2199,0.2451923
434.2399,0.2451923
434.2599,0.2451923
434.2799,0.2451923
434.2999,0.2451923
434.3199,0.2451923
434.3398,0.2451923
434.3598,0.2451923
434.3798,0.2451923
434.3998,0.2451923
434.4198,0.2451923
434.4398,0.2451923
434.4598,0.2451923
434.4798,0.2451923
434.4998,0.2451923
434.5197,0.2451923
434.5397,0.2451923
434.5597,0.2451923
434.5797,0.2451923
434.5997,0.2451923
434.6197,0.2451923
434.6397,0.2451923
434.6597,0.2451923
434.6797,0.2451923
434.6996,0.2451923
434.7196,0.2451923
434.7396,0.2451923
434.7596,0.2451923
434.7796,0.2451923
434.7996,0.2451923
434.8196,0.2451923
434.8396,0.2451923
434.8596,0.2451923
434.8795,0.2451923
434.8995,0.2451923
434.9195,0.2451923
434.9395,0.2451923
434.9595,0.2451923
434.9795,0.2451923
434.9995,0.2451923
435.0195,0.2451923
435.0395,0.2451923
435.0594,0.2451923
435.0794,0.2451923
435.0994,0.2451923
435.1194,0.2451923
435.1394,0.2451923
435.1594,0.2451923
435.1794,0.2451923
435.1994,0.2451923
435.2194,0.2451923
435.2393,0.2451923
435.2593,0.2451923
435.2793,0.2451923
435.2993,0.2451923
435.3193,0.2451923
435.3393,0.2451923
435.3593,0.2451923
435.3793,0.2451923
435.3993,0.2451923
435.4193,0.2451923
435.4392,0.2451923
435.4592,0.2451923
435.4792,0.2451923
435.4992,0.2451923
435.5192,0.2451923
435.5392,0.2451923
435.5592,0.2451923
435.5792,0.2451923
435.5992,0.2451923
435.6191,0.2451923
435.6391,0.2451923
435.6591,0.2451923
435.6791,0.2451923
435.6991,0.2451923
435.7191,0.2451923
435.7391,0.2451923
435.7591,0.2451923
435.7791,0.2451923
435.799,0.2451923
435.819,0.2451923
435.839,0.2451923
435.859,0.2451923
435.879,0.2451923
435.899,0.2451923
435.919,0.2451923
435.939,0.2451923
435.959,0.2451923
435.9789,0.2451923
435.9989,0.2451923
436.0189,0.2451923
436.0389,0.2451923
436.0589,0.2451923
436.0789,0.2451923
436.0989,0.2451923
436.1189,0.2451923
436.1389,0.2451923
436.1588,0.2451923
436.1788,0.2451923
436.1988,0.2451923
436.2188,0.2451923
436.2388,0.2451923
436.2588,0.2451923
436.2788,0.2451923
436.2988,0.2451923
436.3188,0.2451923
436.3387,0.2451923
436.3587,0.2451923
436.3787,0.2451923
436.3987,0.2451923
436.4187,0.2451923
436.4387,0.2451923
436.4587,0.2451923
436.4787,0.2451923
436.4987,0.2451923
436.5186,0.2451923
436.5386,0.2451923
436.5586,0.2451923
436.5786,0.2451923
436.5986,0.2451923
436.6186,0.2451923
436.6386,0.2451923
436.6586,0.2451923
436.6786,0.2451923
436.6985,0.2451923
436.7185,0.2451923
436.7385,0.2451923
436.7585,0.2451923
436.7785,0.2451923
436.7985,0.2451923
436.8185,0.2451923
436.8385,0.2451923
436.8585,0.2451923
436.8784,0.2451923
436.8984,0.2451923
436.9184,0.2451923
436.9384,0.2451923
436.9584,0.2451923
436.9784,0.2451923
436.9984,0.2451923
437.0184,0.2451923
437.0384,0.2451923
437.0583,0.2451923
437.0783,0.2451923
437.0983,0.2451923
437.1183,0.2451923
437.1383,0.2451923
437.1583,0.2451923
437.1783,0.2451923
437.1983,0.2451923
437.2183,0.2451923
437.2383,0.2451923
437.2582,0.2451923
437.2782,0.2451923
437.2982,0.2451923
437.3182,0.2451923
437.3382,0.2451923
437.3582,0.2451923
437.3782,0.2451923
437.3982,0.2451923
437.4182,0.2451923
437.4381,0.2451923
437.4581,0.2451923
437.4781,0.2451923
437.4981,0.2451923
437.5181,0.2451923
437.5381,0.2451923
437.5581,0.2451923
437.5781,0.2451923
437.5981,0.2451923
437.618,0.2451923
437.638,0.2451923
437.658,0.2451923
437.678,0.2451923
437.698,0.2451923
437.718,0.2451923
437.738,0.2451923
437.758,0.2451923
437.778,0.2451923
437.7979,0.2451923
437.8179,0.2451923
437.8379,0.2451923
437.8579,0.2451923
437.8779,0.2451923
437.8979,0.2451923
437.9179,0.2451923
437.9379,0.2451923
437.9579,0.2451923
437.9778,0.2451923
437.9978,0.2451923
438.0178,0.2451923
438.0378,0.2451923
438.0578,0.2451923
438.0778,0.2451923
438.0978,0.2451923
438.1178,0.2451923
438.1378,0.2451923
438.1577,0.2451923
438.1777,0.2451923
438.1977,0.2451923
438.2177,0.2451923
438.2377,0.2451923
438.2577,0.2451923
438.2777,0.2451923
438.2977,0.2451923
438.3177,0.2451923
438.3376,0.2451923
438.3576,0.2451923
438.3776,0.2451923
438.3976,0.2451923
438.4176,0.2451923
438.4376,0.2451923
438.4576,0.2451923
438.4776,0.2451923
438.4976,0.2451923
438.5175,0.2451923
438.5375,0.2451923
438.5575,0.2451923
438.5775,0.2451923
438.5975,0.2451923
438.6175,0.2451923
438.6375,0.2451923
438.6575,0.2451923
438.6775,0.2451923
438.6974,0.2451923
438.7174,0.2451923
438.7374,0.2451923
438.7574,0.2451923
438.7774,0.2451923
438.7974,0.2451923
438.8174,0.2451923
438.8374,0.2451923
438.8574,0.2451923
438.8773,0.2451923
438.8973,0.2451923
438.9173,0.2451923
438.9373,0.2451923
438.9573,0.2451923
438.9773,0.2451923
438.9973,0.2451923
439.0173,0.2451923
439.0373,0.2451923
439.0573,0.2451923
439.0772,0.2451923
439.0972,0.2451923
439.1172,0.2451923
439.1372,0.2451923
439.1572,0.2451923
439.1772,0.2451923
439.1972,0.2451923
439.2172,0.2451923
439.2372,0.2451923
439.2571,0.2451923
439.2771,0.2451923
439.2971,0.2451923
439.3171,0.2451923
439.3371,0.2451923
439.3571,0.2451923
439.3771,0.2451923
439.3971,0.2451923
439.4171,0.2451923
439.437,0.2451923
439.457,0.2451923
439.477,0.2451923
439.497,0.2451923
439.517,0.2451923
439.537,0.2451923
439.557,0.2451923
439.577,0.2451923
439.597,0.2451923
439.6169,0.2451923
439.6369,0.2451923
439.6569,0.2451923
439.6769,0.2451923
439.6969,0.2451923
439.7169,0.2451923
439.7369,0.2451923
439.7569,0.2451923
439.7769,0.2451923
439.7968,0.2451923
439.8168,0.2451923
439.8368,0.2451923
439.8568,0.2451923
439.8768,0.2451923
439.8968,0.2451923
439.9168,0.2451923
439.9368,0.2451923
439.9568,0.2451923
439.9767,0.2451923
439.9967,0.2451923
440.0167,0.2451923
