Elapsed Sec,Evacuation Rate
0.01999999,0
0.03999998,0
0.05999998,0
0.07999997,0
0.09999996,0
0.12,0
0.14,0
0.16,0
0.1799999,0
0.1999999,0
0.2199999,0
0.2399999,0
0.2599999,0
0.2799999,0
0.2999999,0
0.3199999,0
0.3399999,0
0.3599998,0
0.3799998,0
0.3999998,0
0.4199998,0
0.4399998,0
0.4599997,0
0.4799997,0
0.4999997,0
0.5199997,0
0.5399997,0
0.5599996,0
0.5799996,0
0.5999996,0
0.6199996,0
0.6399996,0
0.6599995,0
0.6799995,0
0.6999995,0
0.7199995,0
0.7399995,0
0.7599995,0
0.7799994,0
0.7999994,0
0.8199994,0
0.8399994,0
0.8599994,0
0.8799993,0
0.8999993,0
0.9199993,0
0.9399993,0
0.9599993,0
0.9799992,0
0.9999992,0
1.019999,0
1.039999,0
1.059999,0
1.079999,0
1.099999,0
1.119999,0
1.139999,0
1.159999,0
1.179999,0
1.199999,0
1.219999,0
1.239999,0
1.259999,0
1.279999,0
1.299999,0
1.319999,0
1.339999,0
1.359999,0
1.379999,0
1.399999,0
1.419999,0
1.439999,0
1.459999,0
1.479999,0
1.499999,0
1.519999,0
1.539999,0
1.559999,0
1.579999,0
1.599999,0
1.619999,0
1.639999,0
1.659999,0
1.679999,0
1.699999,0
1.719999,0
1.739999,0
1.759999,0
1.779999,0
1.799999,0
1.819999,0
1.839998,0
1.859998,0
1.879998,0
1.899998,0
1.919998,0
1.939998,0
1.959998,0
1.979998,0
1.999998,0
2.019998,0
2.039998,0
2.059998,0
2.079998,0
2.099998,0
2.119998,0
2.139998,0
2.159998,0
2.179998,0
2.199998,0
2.219998,0
2.239998,0
2.259998,0
2.279998,0
2.299998,0
2.319998,0
2.339998,0
2.359998,0
2.379998,0
2.399998,0
2.419998,0
2.439998,0
2.459998,0
2.479998,0
2.499998,0
2.519998,0
2.539998,0
2.559998,0
2.579998,0
2.599998,0
2.619998,0
2.639998,0
2.659998,0
2.679998,0
2.699998,0
2.719998,0
2.739998,0
2.759998,0
2.779998,0
2.799998,0
2.819998,0
2.839998,0
2.859998,0
2.879997,0
2.899997,0
2.919997,0
2.939997,0
2.959997,0
2.979997,0
2.999997,0
3.019997,0
3.039997,0
3.059997,0
3.079997,0
3.099997,0
3.119997,0
3.139997,0
3.159997,0
3.179997,0
3.199997,0
3.219997,0
3.239997,0
3.259997,0
3.279997,0
3.299997,0
3.319997,0
3.339997,0
3.359997,0
3.379997,0
3.399997,0
3.419997,0
3.439997,0
3.459997,0
3.479997,0
3.499997,0
3.519997,0
3.539997,0
3.559997,0
3.579997,0
3.599997,0
3.619997,0
3.639997,0
3.659997,0
3.679997,0
3.699997,0
3.719997,0
3.739997,0
3.759997,0
3.779997,0
3.799997,0
3.819997,0
3.839997,0
3.859997,0
3.879997,0
3.899997,0
3.919997,0
3.939996,0
3.959996,0
3.979996,0
3.999996,0
4.019997,0
4.039997,0
4.059997,0
4.079997,0
4.099997,0
4.119997,0
4.139997,0
4.159997,0
4.179996,0
4.199996,0
4.219996,0
4.239996,0
4.259996,0
4.279996,0
4.299996,0
4.319996,0
4.339996,0
4.359996,0
4.379996,0
4.399996,0
4.419996,0
4.439996,0
4.459996,0
4.479996,0
4.499996,0
4.519996,0
4.539996,0
4.559996,0
4.579996,0
4.599996,0
4.619996,0
4.639996,0
4.659996,0
4.679996,0
4.699996,0
4.719996,0
4.739996,0
4.759996,0
4.779996,0
4.799996,0
4.819996,0
4.839996,0
4.859996,0
4.879996,0
4.899996,0
4.919996,0
4.939996,0
4.959996,0
4.979996,0
4.999996,0
5.019996,0
5.039996,0
5.059996,0
5.079996,0
5.099996,0
5.119996,0
5.139996,0
5.159996,0
5.179996,0
5.199996,0
5.219995,0
5.239995,0
5.259995,0
5.279995,0
5.299995,0
5.319995,0
5.339995,0
5.359995,0
5.379995,0
5.399995,0
5.419995,0
5.439995,0
5.459995,0
5.479995,0
5.499995,0
5.519995,0
5.539995,0
5.559995,0
5.579995,0
5.599995,0
5.619995,0
5.639995,0
5.659995,0
5.679995,0
5.699995,0
5.719995,0
5.739995,0
5.759995,0
5.779995,0
5.799995,0
5.819995,0
5.839995,0
5.859995,0
5.879995,0
5.899995,0
5.919995,0
5.939995,0
5.959995,0
5.979995,0
5.999995,0
6.019995,0
6.039995,0
6.059995,0
6.079995,0
6.099995,0
6.119995,0
6.139995,0
6.159995,0
6.179995,0
6.199995,0
6.219995,0
6.239995,0
6.259995,0
6.279994,0
6.299994,0
6.319994,0
6.339994,0
6.359994,0
6.379994,0
6.399994,0
6.419994,0
6.439994,0
6.459994,0
6.479994,0
6.499994,0
6.519994,0
6.539994,0
6.559994,0
6.579994,0
6.599994,0
6.619994,0
6.639994,0
6.659994,0
6.679994,0
6.699994,0
6.719994,0
6.739994,0
6.759994,0
6.779994,0
6.799994,0
6.819994,0
6.839994,0
6.859994,0
6.879994,0
6.899994,0
6.919994,0
6.939994,0
6.959994,0
6.979994,0
6.999994,0
7.019994,0
7.039994,0
7.059994,0
7.079994,0
7.099994,0
7.119994,0
7.139994,0
7.159994,0
7.179994,0
7.199994,0
7.219994,0
7.239994,0
7.259994,0
7.279994,0
7.299994,0
7.319993,0
7.339993,0
7.359993,0
7.379993,0
7.399993,0
7.419993,0
7.439993,0
7.459993,0
7.479993,0
7.499993,0
7.519993,0
7.539993,0
7.559993,0
7.579993,0
7.599993,0
7.619993,0
7.639993,0
7.659993,0
7.679993,0
7.699993,0
7.719993,0
7.739993,0
7.759993,0
7.779993,0
7.799993,0
7.819993,0
7.839993,0
7.859993,0
7.879993,0
7.899993,0
7.919993,0
7.939993,0
7.959993,0
7.979993,0
7.999993,0
8.019993,0
8.039993,0
8.059994,0
8.079994,0
8.099995,0
8.119995,0
8.139996,0
8.159996,0
8.179996,0
8.199997,0
8.219997,0
8.239998,0
8.259998,0
8.279999,0
8.299999,0
8.32,0
8.34,0
8.360001,0
8.380001,0
8.400002,0
8.420002,0
8.440002,0
8.460003,0
8.480003,0
8.500004,0
8.520004,0
8.540005,0
8.560005,0
8.580006,0
8.600006,0
8.620007,0
8.640007,0
8.660007,0
8.680008,0
8.700008,0
8.720009,0
8.740009,0
8.76001,0
8.78001,0
8.800011,0
8.820011,0
8.840012,0
8.860012,0
8.880013,0
8.900013,0
8.920013,0
8.940014,0
8.960014,0
8.980015,0
9.000015,0
9.020016,0
9.040016,0
9.060017,0
9.080017,0
9.100018,0
9.120018,0
9.140018,0
9.160019,0
9.180019,0
9.20002,0
9.22002,0
9.240021,0
9.260021,0
9.280022,0
9.300022,0
9.320023,0
9.340023,0
9.360023,0
9.380024,0
9.400024,0
9.420025,0
9.440025,0
9.460026,0
9.480026,0
9.500027,0
9.520027,0
9.540028,0
9.560028,0
9.580029,0
9.600029,0
9.620029,0
9.64003,0
9.66003,0
9.680031,0
9.700031,0
9.720032,0
9.740032,0
9.760033,0
9.780033,0
9.800034,0
9.820034,0
9.840034,0
9.860035,0
9.880035,0
9.900036,0
9.920036,0
9.940037,0
9.960037,0
9.980038,0
10.00004,0
10.02004,0
10.04004,0
10.06004,0
10.08004,0
10.10004,0
10.12004,0
10.14004,0
10.16004,0
10.18004,0
10.20004,0
10.22004,0
10.24004,0
10.26004,0
10.28004,0
10.30005,0
10.32005,0
10.34005,0
10.36005,0
10.38005,0
10.40005,0
10.42005,0
10.44005,0
10.46005,0
10.48005,0
10.50005,0
10.52005,0
10.54005,0
10.56005,0
10.58005,0
10.60005,0
10.62005,0
10.64005,0
10.66005,0
10.68005,0
10.70005,0
10.72005,0
10.74006,0
10.76006,0
10.78006,0
10.80006,0
10.82006,0
10.84006,0
10.86006,0
10.88006,0
10.90006,0
10.92006,0
10.94006,0
10.96006,0
10.98006,0
11.00006,0
11.02006,0
11.04006,0
11.06006,0
11.08006,0
11.10006,0
11.12006,0
11.14006,0
11.16006,0
11.18007,0
11.20007,0
11.22007,0
11.24007,0
11.26007,0
11.28007,0
11.30007,0
11.32007,0
11.34007,0
11.36007,0
11.38007,0
11.40007,0
11.42007,0
11.44007,0
11.46007,0
11.48007,0
11.50007,0
11.52007,0
11.54007,0
11.56007,0
11.58007,0
11.60007,0
11.62008,0
11.64008,0
11.66008,0
11.68008,0
11.70008,0
11.72008,0
11.74008,0
11.76008,0
11.78008,0
11.80008,0
11.82008,0
11.84008,0
11.86008,0
11.88008,0
11.90008,0
11.92008,0
11.94008,0
11.96008,0
11.98008,0
12.00008,0
12.02008,0
12.04008,0
12.06009,0
12.08009,0
12.10009,0
12.12009,0
12.14009,0
12.16009,0
12.18009,0
12.20009,0
12.22009,0
12.24009,0
12.26009,0
12.28009,0
12.30009,0
12.32009,0
12.34009,0
12.36009,0
12.38009,0
12.40009,0
12.42009,0
12.44009,0
12.46009,0
12.48009,0
12.5001,0
12.5201,0
12.5401,0
12.5601,0
12.5801,0
12.6001,0
12.6201,0
12.6401,0
12.6601,0
12.6801,0
12.7001,0
12.7201,0
12.7401,0
12.7601,0
12.7801,0
12.8001,0
12.8201,0
12.8401,0
12.8601,0
12.8801,0
12.9001,0
12.9201,0
12.94011,0
12.96011,0
12.98011,0
13.00011,0
13.02011,0
13.04011,0
13.06011,0
13.08011,0
13.10011,0
13.12011,0
13.14011,0
13.16011,0
13.18011,0
13.20011,0
13.22011,0
13.24011,0
13.26011,0
13.28011,0
13.30011,0
13.32011,0
13.34011,0
13.36012,0
13.38012,0
13.40012,0
13.42012,0
13.44012,0
13.46012,0
13.48012,0
13.50012,0
13.52012,0
13.54012,0
13.56012,0
13.58012,0
13.60012,0
13.62012,0
13.64012,0
13.66012,0
13.68012,0
13.70012,0
13.72012,0
13.74012,0
13.76012,0
13.78012,0
13.80013,0
13.82013,0
13.84013,0
13.86013,0
13.88013,0
13.90013,0
13.92013,0
13.94013,0
13.96013,0
13.98013,0
14.00013,0
14.02013,0
14.04013,0
14.06013,0
14.08013,0
14.10013,0
14.12013,0
14.14013,0
14.16013,0
14.18013,0
14.20013,0
14.22013,0
14.24014,0
14.26014,0
14.28014,0
14.30014,0
14.32014,0
14.34014,0
14.36014,0
14.38014,0
14.40014,0
14.42014,0
14.44014,0
14.46014,0
14.48014,0
14.50014,0
14.52014,0
14.54014,0
14.56014,0
14.58014,0
14.60014,0
14.62014,0
14.64014,0
14.66014,0
14.68015,0
14.70015,0
14.72015,0
14.74015,0
14.76015,0
14.78015,0
14.80015,0
14.82015,0
14.84015,0
14.86015,0
14.88015,0
14.90015,0
14.92015,0
14.94015,0
14.96015,0
14.98015,0
15.00015,0
15.02015,0
15.04015,0
15.06015,0
15.08015,0
15.10015,0
15.12016,0
15.14016,0
15.16016,0
15.18016,0
15.20016,0
15.22016,0
15.24016,0
15.26016,0
15.28016,0
15.30016,0
15.32016,0
15.34016,0
15.36016,0
15.38016,0
15.40016,0
15.42016,0
15.44016,0
15.46016,0
15.48016,0
15.50016,0
15.52016,0
15.54016,0
15.56017,0
15.58017,0
15.60017,0
15.62017,0
15.64017,0
15.66017,0
15.68017,0
15.70017,0
15.72017,0
15.74017,0
15.76017,0
15.78017,0
15.80017,0
15.82017,0
15.84017,0
15.86017,0
15.88017,0
15.90017,0
15.92017,0
15.94017,0
15.96017,0
15.98018,0
16.00018,0
16.02018,0
16.04018,0
16.06018,0
16.08018,0
16.10018,0
16.12018,0
16.14018,0
16.16018,0
16.18018,0
16.20018,0
16.22018,0
16.24018,0
16.26018,0
16.28018,0
16.30018,0
16.32018,0
16.34018,0
16.36018,0
16.38018,0
16.40018,0
16.42019,0
16.44019,0
16.46019,0
16.48019,0
16.50019,0
16.52019,0
16.54019,0
16.56019,0
16.58019,0
16.60019,0
16.62019,0
16.64019,0
16.66019,0
16.68019,0
16.70019,0
16.72019,0
16.74019,0
16.76019,0
16.78019,0
16.80019,0
16.82019,0
16.84019,0
16.8602,0
16.8802,0
16.9002,0
16.9202,0
16.9402,0
16.9602,0
16.9802,0
17.0002,0
17.0202,0
17.0402,0
17.0602,0
17.0802,0
17.1002,0
17.1202,0
17.1402,0
17.1602,0
17.1802,0
17.2002,0
17.2202,0
17.2402,0
17.2602,0
17.2802,0
17.30021,0
17.32021,0
17.34021,0
17.36021,0
17.38021,0
17.40021,0
17.42021,0
17.44021,0
17.46021,0
17.48021,0
17.50021,0
17.52021,0
17.54021,0
17.56021,0
17.58021,0
17.60021,0
17.62021,0
17.64021,0
17.66021,0
17.68021,0
17.70021,0
17.72021,0
17.74022,0
17.76022,0
17.78022,0
17.80022,0
17.82022,0
17.84022,0
17.86022,0
17.88022,0
17.90022,0
17.92022,0
17.94022,0
17.96022,0
17.98022,0
18.00022,0
18.02022,0
18.04022,0
18.06022,0
18.08022,0
18.10022,0
18.12022,0
18.14022,0
18.16022,0
18.18023,0
18.20023,0
18.22023,0
18.24023,0
18.26023,0
18.28023,0
18.30023,0
18.32023,0
18.34023,0
18.36023,0
18.38023,0
18.40023,0
18.42023,0
18.44023,0
18.46023,0
18.48023,0
18.50023,0
18.52023,0
18.54023,0
18.56023,0
18.58023,0
18.60023,0
18.62024,0
18.64024,0
18.66024,0
18.68024,0
18.70024,0
18.72024,0
18.74024,0
18.76024,0
18.78024,0
18.80024,0
18.82024,0
18.84024,0
18.86024,0
18.88024,0
18.90024,0
18.92024,0
18.94024,0
18.96024,0
18.98024,0
19.00024,0
19.02024,0
19.04025,0
19.06025,0
19.08025,0
19.10025,0
19.12025,0
19.14025,0
19.16025,0
19.18025,0
19.20025,0
19.22025,0
19.24025,0
19.26025,0
19.28025,0
19.30025,0
19.32025,0
19.34025,0
19.36025,0
19.38025,0
19.40025,0
19.42025,0
19.44025,0
19.46025,0
19.48026,0
19.50026,0
19.52026,0
19.54026,0
19.56026,0
19.58026,0
19.60026,0
19.62026,0
19.64026,0
19.66026,0
19.68026,0
19.70026,0
19.72026,0
19.74026,0
19.76026,0
19.78026,0
19.80026,0
19.82026,0
19.84026,0
19.86026,0
19.88026,0
19.90026,0
19.92027,0
19.94027,0
19.96027,0
19.98027,0
20.00027,0
20.02027,0
20.04027,0
20.06027,0
20.08027,0
20.10027,0
20.12027,0
20.14027,0
20.16027,0
20.18027,0
20.20027,0
20.22027,0
20.24027,0
20.26027,0
20.28027,0
20.30027,0
20.32027,0
20.34027,0
20.36028,0
20.38028,0
20.40028,0
20.42028,0
20.44028,0
20.46028,0
20.48028,0
20.50028,0
20.52028,0
20.54028,0
20.56028,0
20.58028,0
20.60028,0
20.62028,0
20.64028,0
20.66028,0
20.68028,0
20.70028,0
20.72028,0
20.74028,0
20.76028,0
20.78028,0
20.80029,0
20.82029,0
20.84029,0
20.86029,0
20.88029,0
20.90029,0
20.92029,0
20.94029,0
20.96029,0
20.98029,0
21.00029,0
21.02029,0
21.04029,0
21.06029,0
21.08029,0
21.10029,0
21.12029,0
21.14029,0
21.16029,0
21.18029,0
21.20029,0
21.22029,0
21.2403,0
21.2603,0
21.2803,0
21.3003,0
21.3203,0
21.3403,0
21.3603,0
21.3803,0
21.4003,0
21.4203,0
21.4403,0
21.4603,0
21.4803,0
21.5003,0
21.5203,0
21.5403,0
21.5603,0
21.5803,0
21.6003,0
21.6203,0
21.6403,0
21.66031,0
21.68031,0
21.70031,0
21.72031,0
21.74031,0
21.76031,0
21.78031,0
21.80031,0
21.82031,0
21.84031,0
21.86031,0
21.88031,0
21.90031,0
21.92031,0
21.94031,0
21.96031,0
21.98031,0
22.00031,0
22.02031,0
22.04031,0
22.06031,0
22.08031,0
22.10032,0
22.12032,0
22.14032,0
22.16032,0
22.18032,0
22.20032,0
22.22032,0
22.24032,0
22.26032,0
22.28032,0
22.30032,0
22.32032,0
22.34032,0
22.36032,0
22.38032,0
22.40032,0
22.42032,0
22.44032,0
22.46032,0
22.48032,0
22.50032,0
22.52032,0
22.54033,0
22.56033,0
22.58033,0
22.60033,0
22.62033,0
22.64033,0
22.66033,0
22.68033,0
22.70033,0
22.72033,0
22.74033,0
22.76033,0
22.78033,0
22.80033,0
22.82033,0
22.84033,0
22.86033,0
22.88033,0
22.90033,0
22.92033,0
22.94033,0
22.96033,0
22.98034,0
23.00034,0
23.02034,0
23.04034,0
23.06034,0
23.08034,0
23.10034,0
23.12034,0
23.14034,0
23.16034,0
23.18034,0
23.20034,0
23.22034,0
23.24034,0
23.26034,0
23.28034,0
23.30034,0
23.32034,0
23.34034,0
23.36034,0
23.38034,0
23.40034,0
23.42035,0
23.44035,0
23.46035,0
23.48035,0
23.50035,0
23.52035,0
23.54035,0
23.56035,0
23.58035,0
23.60035,0
23.62035,0
23.64035,0
23.66035,0
23.68035,0
23.70035,0
23.72035,0
23.74035,0
23.76035,0
23.78035,0
23.80035,0
23.82035,0
23.84035,0
23.86036,0
23.88036,0
23.90036,0
23.92036,0
23.94036,0
23.96036,0
23.98036,0
24.00036,0
24.02036,0
24.04036,0
24.06036,0
24.08036,0
24.10036,0
24.12036,0
24.14036,0
24.16036,0
24.18036,0
24.20036,0
24.22036,0
24.24036,0
24.26036,0
24.28036,0
24.30037,0
24.32037,0
24.34037,0
24.36037,0
24.38037,0
24.40037,0
24.42037,0
24.44037,0
24.46037,0
24.48037,0
24.50037,0
24.52037,0
24.54037,0
24.56037,0
24.58037,0
24.60037,0
24.62037,0
24.64037,0
24.66037,0
24.68037,0
24.70037,0
24.72038,0
24.74038,0
24.76038,0
24.78038,0
24.80038,0
24.82038,0
24.84038,0
24.86038,0
24.88038,0
24.90038,0
24.92038,0
24.94038,0
24.96038,0
24.98038,0
25.00038,0
25.02038,0
25.04038,0
25.06038,0
25.08038,0
25.10038,0
25.12038,0
25.14038,0
25.16039,0
25.18039,0
25.20039,0
25.22039,0
25.24039,0
25.26039,0
25.28039,0
25.30039,0
25.32039,0
25.34039,0
25.36039,0
25.38039,0
25.40039,0
25.42039,0
25.44039,0
25.46039,0
25.48039,0
25.50039,0
25.52039,0
25.54039,0
25.56039,0
25.58039,0
25.6004,0
25.6204,0
25.6404,0
25.6604,0
25.6804,0
25.7004,0
25.7204,0
25.7404,0
25.7604,0
25.7804,0
25.8004,0
25.8204,0
25.8404,0
25.8604,0
25.8804,0
25.9004,0
25.9204,0
25.9404,0
25.9604,0
25.9804,0
26.0004,0
26.0204,0
26.04041,0
26.06041,0
26.08041,0
26.10041,0
26.12041,0
26.14041,0
26.16041,0
26.18041,0
26.20041,0
26.22041,0
26.24041,0
26.26041,0
26.28041,0
26.30041,0
26.32041,0
26.34041,0
26.36041,0
26.38041,0
26.40041,0
26.42041,0
26.44041,0
26.46041,0
26.48042,0
26.50042,0
26.52042,0
26.54042,0
26.56042,0
26.58042,0
26.60042,0
26.62042,0
26.64042,0
26.66042,0
26.68042,0
26.70042,0
26.72042,0
26.74042,0
26.76042,0
26.78042,0
26.80042,0
26.82042,0
26.84042,0
26.86042,0
26.88042,0
26.90042,0
26.92043,0
26.94043,0
26.96043,0
26.98043,0
27.00043,0
27.02043,0
27.04043,0
27.06043,0
27.08043,0
27.10043,0
27.12043,0
27.14043,0
27.16043,0
27.18043,0
27.20043,0
27.22043,0
27.24043,0
27.26043,0
27.28043,0
27.30043,0
27.32043,0
27.34044,0
27.36044,0
27.38044,0
27.40044,0
27.42044,0
27.44044,0
27.46044,0
27.48044,0
27.50044,0
27.52044,0
27.54044,0
27.56044,0
27.58044,0
27.60044,0
27.62044,0
27.64044,0
27.66044,0
27.68044,0
27.70044,0
27.72044,0
27.74044,0
27.76044,0
27.78045,0
27.80045,0
27.82045,0
27.84045,0
27.86045,0
27.88045,0
27.90045,0
27.92045,0
27.94045,0
27.96045,0
27.98045,0
28.00045,0
28.02045,0
28.04045,0
28.06045,0
28.08045,0
28.10045,0
28.12045,0
28.14045,0
28.16045,0
28.18045,0
28.20045,0
28.22046,0
28.24046,0
28.26046,0
28.28046,0
28.30046,0
28.32046,0
28.34046,0
28.36046,0
28.38046,0
28.40046,0
28.42046,0
28.44046,0
28.46046,0
28.48046,0
28.50046,0
28.52046,0
28.54046,0
28.56046,0
28.58046,0
28.60046,0
28.62046,0
28.64046,0
28.66047,0
28.68047,0
28.70047,0
28.72047,0
28.74047,0
28.76047,0
28.78047,0
28.80047,0
28.82047,0
28.84047,0
28.86047,0
28.88047,0
28.90047,0
28.92047,0
28.94047,0
28.96047,0
28.98047,0
29.00047,0
29.02047,0
29.04047,0
29.06047,0
29.08047,0
29.10048,0
29.12048,0
29.14048,0
29.16048,0
29.18048,0
29.20048,0
29.22048,0
29.24048,0
29.26048,0
29.28048,0
29.30048,0
29.32048,0
29.34048,0
29.36048,0
29.38048,0
29.40048,0
29.42048,0
29.44048,0
29.46048,0
29.48048,0
29.50048,0
29.52048,0
29.54049,0
29.56049,0
29.58049,0
29.60049,0
29.62049,0
29.64049,0
29.66049,0
29.68049,0
29.70049,0
29.72049,0
29.74049,0
29.76049,0
29.78049,0
29.80049,0
29.82049,0
29.84049,0
29.86049,0
29.88049,0
29.90049,0
29.92049,0
29.94049,0
29.96049,0
29.9805,0
30.0005,0
30.0205,0
30.0405,0
30.0605,0
30.0805,0
30.1005,0
30.1205,0
30.1405,0
30.1605,0
30.1805,0
30.2005,0
30.2205,0
30.2405,0
30.2605,0
30.2805,0
30.3005,0
30.3205,0
30.3405,0
30.3605,0
30.3805,0
30.40051,0
30.42051,0
30.44051,0
30.46051,0
30.48051,0
30.50051,0
30.52051,0
30.54051,0
30.56051,0
30.58051,0
30.60051,0
30.62051,0
30.64051,0
30.66051,0
30.68051,0
30.70051,0
30.72051,0
30.74051,0
30.76051,0
30.78051,0
30.80051,0
30.82051,0
30.84052,0
30.86052,0
30.88052,0
30.90052,0
30.92052,0
30.94052,0
30.96052,0
30.98052,0
31.00052,0
31.02052,0
31.04052,0
31.06052,0
31.08052,0
31.10052,0
31.12052,0
31.14052,0
31.16052,0
31.18052,0
31.20052,0
31.22052,0
31.24052,0
31.26052,0
31.28053,0
31.30053,0
31.32053,0
31.34053,0
31.36053,0
31.38053,0
31.40053,0
31.42053,0
31.44053,0
31.46053,0
31.48053,0
31.50053,0
31.52053,0
31.54053,0
31.56053,0
31.58053,0
31.60053,0
31.62053,0
31.64053,0
31.66053,0
31.68053,0
31.70053,0
31.72054,0
31.74054,0
31.76054,0
31.78054,0
31.80054,0
31.82054,0
31.84054,0
31.86054,0
31.88054,0
31.90054,0
31.92054,0
31.94054,0
31.96054,0
31.98054,0
32.00054,0
32.02054,0
32.04054,0
32.06054,0
32.08054,0
32.10054,0
32.12054,0
32.14054,0
32.16055,0
32.18055,0
32.20055,0
32.22055,0
32.24055,0
32.26055,0
32.28055,0
32.30055,0
32.32055,0
32.34055,0
32.36055,0
32.38055,0
32.40055,0
32.42055,0
32.44055,0
32.46055,0
32.48055,0
32.50055,0
32.52055,0
32.54055,0
32.56055,0
32.58055,0
32.60056,0
32.62056,0
32.64056,0
32.66056,0
32.68056,0
32.70056,0
32.72056,0
32.74056,0
32.76056,0
32.78056,0
32.80056,0
32.82056,0
32.84056,0
32.86056,0
32.88056,0
32.90056,0
32.92056,0
32.94056,0
32.96056,0
32.98056,0
33.00056,0
33.02057,0
33.04057,0
33.06057,0
33.08057,0
33.10057,0
33.12057,0
33.14057,0
33.16057,0
33.18057,0
33.20057,0
33.22057,0
33.24057,0
33.26057,0
33.28057,0
33.30057,0
33.32057,0
33.34057,0
33.36057,0
33.38057,0
33.40057,0
33.42057,0
33.44057,0
33.46058,0
33.48058,0
33.50058,0
33.52058,0
33.54058,0
33.56058,0
33.58058,0
33.60058,0
33.62058,0
33.64058,0
33.66058,0
33.68058,0
33.70058,0
33.72058,0
33.74058,0
33.76058,0
33.78058,0
33.80058,0
33.82058,0
33.84058,0
33.86058,0
33.88058,0
33.90059,0
33.92059,0
33.94059,0
33.96059,0
33.98059,0
34.00059,0
34.02059,0
34.04059,0
34.06059,0
34.08059,0
34.10059,0
34.12059,0
34.14059,0
34.16059,0
34.18059,0
34.20059,0
34.22059,0
34.24059,0
34.26059,0
34.28059,0
34.30059,0
34.32059,0
34.3406,0
34.3606,0
34.3806,0
34.4006,0
34.4206,0
34.4406,0
34.4606,0
34.4806,0
34.5006,0
34.5206,0
34.5406,0
34.5606,0
34.5806,0
34.6006,0
34.6206,0
34.6406,0
34.6606,0
34.6806,0
34.7006,0
34.7206,0
34.7406,0
34.7606,0
34.78061,0
34.80061,0
34.82061,0
34.84061,0
34.86061,0
34.88061,0
34.90061,0
34.92061,0
34.94061,0
34.96061,0
34.98061,0
35.00061,0
35.02061,0
35.04061,0
35.06061,0
35.08061,0
35.10061,0
35.12061,0
35.14061,0
35.16061,0
35.18061,0
35.20061,0
35.22062,0
35.24062,0
35.26062,0
35.28062,0
35.30062,0
35.32062,0
35.34062,0
35.36062,0
35.38062,0
35.40062,0
35.42062,0
35.44062,0
35.46062,0
35.48062,0
35.50062,0
35.52062,0
35.54062,0
35.56062,0
35.58062,0
35.60062,0
35.62062,0
35.64063,0
35.66063,0
35.68063,0
35.70063,0
35.72063,0
35.74063,0
35.76063,0
35.78063,0
35.80063,0
35.82063,0
35.84063,0
35.86063,0
35.88063,0
35.90063,0
35.92063,0
35.94063,0
35.96063,0
35.98063,0
36.00063,0
36.02063,0
36.04063,0
36.06063,0
36.08064,0
36.10064,0
36.12064,0
36.14064,0
36.16064,0
36.18064,0
36.20064,0
36.22064,0
36.24064,0
36.26064,0
36.28064,0
36.30064,0
36.32064,0
36.34064,0
36.36064,0
36.38064,0
36.40064,0
36.42064,0
36.44064,0
36.46064,0
36.48064,0
36.50064,0
36.52065,0
36.54065,0
36.56065,0
36.58065,0
36.60065,0
36.62065,0
36.64065,0
36.66065,0
36.68065,0
36.70065,0
36.72065,0
36.74065,0
36.76065,0
36.78065,0
36.80065,0
36.82065,0
36.84065,0
36.86065,0
36.88065,0
36.90065,0
36.92065,0
36.94065,0
36.96066,0
36.98066,0
37.00066,0
37.02066,0
37.04066,0
37.06066,0
37.08066,0
37.10066,0
37.12066,0
37.14066,0
37.16066,0
37.18066,0
37.20066,0
37.22066,0
37.24066,0
37.26066,0
37.28066,0
37.30066,0
37.32066,0
37.34066,0
37.36066,0
37.38066,0
37.40067,0
37.42067,0
37.44067,0
37.46067,0
37.48067,0
37.50067,0
37.52067,0
37.54067,0
37.56067,0
37.58067,0
37.60067,0
37.62067,0
37.64067,0
37.66067,0
37.68067,0
37.70067,0
37.72067,0
37.74067,0
37.76067,0
37.78067,0
37.80067,0
37.82067,0
37.84068,0
37.86068,0
37.88068,0
37.90068,0
37.92068,0
37.94068,0
37.96068,0
37.98068,0
38.00068,0
38.02068,0
38.04068,0
38.06068,0
38.08068,0
38.10068,0
38.12068,0
38.14068,0
38.16068,0
38.18068,0
38.20068,0
38.22068,0
38.24068,0
38.26068,0
38.28069,0
38.30069,0
38.32069,0
38.34069,0
38.36069,0
38.38069,0
38.40069,0
38.42069,0
38.44069,0
38.46069,0
38.48069,0
38.50069,0
38.52069,0
38.54069,0
38.56069,0
38.58069,0
38.60069,0
38.62069,0
38.64069,0
38.66069,0
38.68069,0
38.7007,0
38.7207,0
38.7407,0
38.7607,0
38.7807,0
38.8007,0
38.8207,0
38.8407,0
38.8607,0
38.8807,0
38.9007,0
38.9207,0
38.9407,0
38.9607,0
38.9807,0
39.0007,0
39.0207,0
39.0407,0
39.0607,0
39.0807,0
39.1007,0
39.1207,0
39.14071,0
39.16071,0
39.18071,0
39.20071,0
39.22071,0
39.24071,0
39.26071,0
39.28071,0
39.30071,0
39.32071,0
39.34071,0
39.36071,0
39.38071,0
39.40071,0
39.42071,0
39.44071,0
39.46071,0
39.48071,0
39.50071,0
39.52071,0
39.54071,0
39.56071,0
39.58072,0
39.60072,0
39.62072,0
39.64072,0
39.66072,0
39.68072,0
39.70072,0
39.72072,0
39.74072,0
39.76072,0
39.78072,0
39.80072,0
39.82072,0
39.84072,0
39.86072,0
39.88072,0
39.90072,0
39.92072,0
39.94072,0
39.96072,0
39.98072,0
40.00072,0
40.02073,0
40.04073,0
40.06073,0
40.08073,0
40.10073,0
40.12073,0
40.14073,0
40.16073,0
40.18073,0
40.20073,0
40.22073,0
40.24073,0
40.26073,0
40.28073,0
40.30073,0
40.32073,0
40.34073,0
40.36073,0
40.38073,0
40.40073,0
40.42073,0
40.44073,0
40.46074,0
40.48074,0
40.50074,0
40.52074,0
40.54074,0
40.56074,0
40.58074,0
40.60074,0
40.62074,0
40.64074,0
40.66074,0
40.68074,0
40.70074,0
40.72074,0
40.74074,0
40.76074,0
40.78074,0
40.80074,0
40.82074,0
40.84074,0
40.86074,0
40.88074,0
40.90075,0
40.92075,0
40.94075,0
40.96075,0
40.98075,0
41.00075,0
41.02075,0
41.04075,0
41.06075,0
41.08075,0
41.10075,0
41.12075,0
41.14075,0
41.16075,0
41.18075,0
41.20075,0
41.22075,0
41.24075,0
41.26075,0
41.28075,0
41.30075,0
41.32076,0
41.34076,0
41.36076,0
41.38076,0
41.40076,0
41.42076,0
41.44076,0
41.46076,0
41.48076,0
41.50076,0
41.52076,0
41.54076,0
41.56076,0
41.58076,0
41.60076,0
41.62076,0
41.64076,0
41.66076,0
41.68076,0
41.70076,0
41.72076,0
41.74076,0
41.76077,0
41.78077,0
41.80077,0
41.82077,0
41.84077,0
41.86077,0
41.88077,0
41.90077,0
41.92077,0
41.94077,0
41.96077,0
41.98077,0
42.00077,0
42.02077,0
42.04077,0
42.06077,0
42.08077,0
42.10077,0
42.12077,0
42.14077,0
42.16077,0
42.18077,0
42.20078,0
42.22078,0
42.24078,0
42.26078,0
42.28078,0
42.30078,0
42.32078,0
42.34078,0
42.36078,0
42.38078,0
42.40078,0
42.42078,0
42.44078,0
42.46078,0
42.48078,0
42.50078,0
42.52078,0
42.54078,0
42.56078,0
42.58078,0
42.60078,0
42.62078,0
42.64079,0
42.66079,0
42.68079,0
42.70079,0
42.72079,0
42.74079,0
42.76079,0
42.78079,0
42.80079,0
42.82079,0
42.84079,0
42.86079,0
42.88079,0
42.90079,0
42.92079,0
42.94079,0
42.96079,0
42.98079,0
43.00079,0
43.02079,0
43.04079,0
43.06079,0
43.0808,0
43.1008,0
43.1208,0
43.1408,0
43.1608,0
43.1808,0
43.2008,0
43.2208,0
43.2408,0
43.2608,0
43.2808,0
43.3008,0
43.3208,0
43.3408,0
43.3608,0
43.3808,0
43.4008,0
43.4208,0
43.4408,0
43.4608,0
43.4808,0
43.5008,0
43.52081,0
43.54081,0
43.56081,0
43.58081,0
43.60081,0
43.62081,0
43.64081,0
43.66081,0
43.68081,0
43.70081,0
43.72081,0
43.74081,0
43.76081,0
43.78081,0
43.80081,0
43.82081,0
43.84081,0
43.86081,0
43.88081,0
43.90081,0
43.92081,0
43.94081,0
43.96082,0
43.98082,0
44.00082,0
44.02082,0
44.04082,0
44.06082,0
44.08082,0
44.10082,0
44.12082,0
44.14082,0
44.16082,0
44.18082,0
44.20082,0
44.22082,0
44.24082,0
44.26082,0
44.28082,0
44.30082,0
44.32082,0
44.34082,0
44.36082,0
44.38083,0
44.40083,0
44.42083,0
44.44083,0
44.46083,0
44.48083,0
44.50083,0
44.52083,0
44.54083,0
44.56083,0
44.58083,0
44.60083,0
44.62083,0
44.64083,0
44.66083,0
44.68083,0
44.70083,0
44.72083,0
44.74083,0
44.76083,0
44.78083,0
44.80083,0
44.82084,0
44.84084,0
44.86084,0
44.88084,0
44.90084,0
44.92084,0
44.94084,0
44.96084,0
44.98084,0
45.00084,0
45.02084,0
45.04084,0
45.06084,0
45.08084,0
45.10084,0
45.12084,0
45.14084,0
45.16084,0
45.18084,0
45.20084,0
45.22084,0
45.24084,0
45.26085,0
45.28085,0
45.30085,0
45.32085,0
45.34085,0
45.36085,0
45.38085,0
45.40085,0
45.42085,0
45.44085,0
45.46085,0
45.48085,0
45.50085,0
45.52085,0
45.54085,0
45.56085,0
45.58085,0
45.60085,0
45.62085,0
45.64085,0
45.66085,0
45.68085,0
45.70086,0
45.72086,0
45.74086,0
45.76086,0
45.78086,0
45.80086,0
45.82086,0
45.84086,0
45.86086,0
45.88086,0
45.90086,0
45.92086,0
45.94086,0
45.96086,0
45.98086,0
46.00086,0
46.02086,0
46.04086,0
46.06086,0
46.08086,0
46.10086,0
46.12086,0
46.14087,0
46.16087,0
46.18087,0
46.20087,0
46.22087,0
46.24087,0
46.26087,0
46.28087,0
46.30087,0
46.32087,0
46.34087,0
46.36087,0
46.38087,0
46.40087,0
46.42087,0
46.44087,0
46.46087,0
46.48087,0
46.50087,0
46.52087,0
46.54087,0
46.56087,0
46.58088,0
46.60088,0
46.62088,0
46.64088,0
46.66088,0
46.68088,0
46.70088,0
46.72088,0
46.74088,0
46.76088,0
46.78088,0
46.80088,0
46.82088,0
46.84088,0
46.86088,0
46.88088,0
46.90088,0
46.92088,0
46.94088,0
46.96088,0
46.98088,0
47.00089,0
47.02089,0
47.04089,0
47.06089,0
47.08089,0
47.10089,0
47.12089,0
47.14089,0
47.16089,0
47.18089,0
47.20089,0
47.22089,0
47.24089,0
47.26089,0
47.28089,0
47.30089,0
47.32089,0
47.34089,0
47.36089,0
47.38089,0
47.40089,0
47.42089,0
47.4409,0
47.4609,0
47.4809,0
47.5009,0
47.5209,0
47.5409,0
47.5609,0
47.5809,0
47.6009,0
47.6209,0
47.6409,0
47.6609,0
47.6809,0
47.7009,0
47.7209,0
47.7409,0
47.7609,0
47.7809,0
47.8009,0
47.8209,0
47.8409,0
47.8609,0
47.88091,0
47.90091,0
47.92091,0
47.94091,0
47.96091,0
47.98091,0
48.00091,0
48.02091,0
48.04091,0
48.06091,0
48.08091,0
48.10091,0
48.12091,0
48.14091,0
48.16091,0
48.18091,0
48.20091,0
48.22091,0
48.24091,0
48.26091,0
48.28091,0
48.30091,0
48.32092,0
48.34092,0
48.36092,0
48.38092,0
48.40092,0
48.42092,0
48.44092,0
48.46092,0
48.48092,0
48.50092,0
48.52092,0
48.54092,0
48.56092,0
48.58092,0
48.60092,0
48.62092,0
48.64092,0
48.66092,0
48.68092,0
48.70092,0
48.72092,0
48.74092,0
48.76093,0
48.78093,0
48.80093,0
48.82093,0
48.84093,0
48.86093,0
48.88093,0
48.90093,0
48.92093,0
48.94093,0
48.96093,0
48.98093,0
49.00093,0
49.02093,0
49.04093,0
49.06093,0
49.08093,0
49.10093,0
49.12093,0
49.14093,0
49.16093,0
49.18093,0
49.20094,0
49.22094,0
49.24094,0
49.26094,0
49.28094,0
49.30094,0
49.32094,0
49.34094,0
49.36094,0
49.38094,0
49.40094,0
49.42094,0
49.44094,0
49.46094,0
49.48094,0
49.50094,0
49.52094,0
49.54094,0
49.56094,0
49.58094,0
49.60094,0
49.62094,0
49.64095,0
49.66095,0
49.68095,0
49.70095,0
49.72095,0
49.74095,0
49.76095,0
49.78095,0
49.80095,0
49.82095,0
49.84095,0
49.86095,0
49.88095,0
49.90095,0
49.92095,0
49.94095,0
49.96095,0
49.98095,0
50.00095,0
50.02095,0
50.04095,0
50.06096,0
50.08096,0
50.10096,0
50.12096,0
50.14096,0
50.16096,0
50.18096,0
50.20096,0
50.22096,0
50.24096,0
50.26096,0
50.28096,0
50.30096,0
50.32096,0
50.34096,0
50.36096,0
50.38096,0
50.40096,0
50.42096,0
50.44096,0
50.46096,0
50.48096,0
50.50097,0
50.52097,0
50.54097,0
50.56097,0
50.58097,0
50.60097,0
50.62097,0
50.64097,0
50.66097,0
50.68097,0
50.70097,0
50.72097,0
50.74097,0
50.76097,0
50.78097,0
50.80097,0
50.82097,0
50.84097,0
50.86097,0
50.88097,0
50.90097,0
50.92097,0
50.94098,0
50.96098,0
50.98098,0
51.00098,0
51.02098,0
51.04098,0
51.06098,0
51.08098,0
51.10098,0
51.12098,0
51.14098,0
51.16098,0
51.18098,0
51.20098,0
51.22098,0
51.24098,0
51.26098,0
51.28098,0
51.30098,0
51.32098,0
51.34098,0
51.36098,0
51.38099,0
51.40099,0
51.42099,0
51.44099,0
51.46099,0
51.48099,0
51.50099,0
51.52099,0
51.54099,0
51.56099,0
51.58099,0
51.60099,0
51.62099,0
51.64099,0
51.66099,0
51.68099,0
51.70099,0
51.72099,0
51.74099,0
51.76099,0
51.78099,0
51.80099,0
51.821,0
51.841,0
51.861,0
51.881,0
51.901,0
51.921,0
51.941,0
51.961,0
51.981,0
52.001,0
52.021,0
52.041,0
52.061,0
52.081,0
52.101,0
52.121,0
52.141,0
52.161,0
52.181,0
52.201,0
52.221,0
52.241,0
52.26101,0
52.28101,0
52.30101,0
52.32101,0
52.34101,0
52.36101,0
52.38101,0
52.40101,0
52.42101,0
52.44101,0
52.46101,0
52.48101,0
52.50101,0
52.52101,0
52.54101,0
52.56101,0
52.58101,0
52.60101,0
52.62101,0
52.64101,0
52.66101,0
52.68102,0
52.70102,0
52.72102,0
52.74102,0
52.76102,0
52.78102,0
52.80102,0
52.82102,0
52.84102,0
52.86102,0
52.88102,0
52.90102,0
52.92102,0
52.94102,0
52.96102,0
52.98102,0
53.00102,0
53.02102,0
53.04102,0
53.06102,0
53.08102,0
53.10102,0
53.12103,0
53.14103,0
53.16103,0
53.18103,0
53.20103,0
53.22103,0
53.24103,0
53.26103,0
53.28103,0
53.30103,0
53.32103,0
53.34103,0
53.36103,0
53.38103,0
53.40103,0
53.42103,0
53.44103,0
53.46103,0
53.48103,0
53.50103,0
53.52103,0
53.54103,0
53.56104,0
53.58104,0
53.60104,0
53.62104,0
53.64104,0
53.66104,0
53.68104,0
53.70104,0
53.72104,0
53.74104,0
53.76104,0
53.78104,0
53.80104,0
53.82104,0
53.84104,0
53.86104,0
53.88104,0
53.90104,0
53.92104,0
53.94104,0
53.96104,0
53.98104,0
54.00105,0
54.02105,0
54.04105,0
54.06105,0
54.08105,0
54.10105,0
54.12105,0
54.14105,0
54.16105,0
54.18105,0
54.20105,0
54.22105,0
54.24105,0
54.26105,0
54.28105,0
54.30105,0
54.32105,0
54.34105,0
54.36105,0
54.38105,0
54.40105,0
54.42105,0
54.44106,0
54.46106,0
54.48106,0
54.50106,0
54.52106,0
54.54106,0
54.56106,0
54.58106,0
54.60106,0
54.62106,0
54.64106,0
54.66106,0
54.68106,0
54.70106,0
54.72106,0
54.74106,0
54.76106,0
54.78106,0
54.80106,0
54.82106,0
54.84106,0
54.86106,0
54.88107,0
54.90107,0
54.92107,0
54.94107,0
54.96107,0
54.98107,0
55.00107,0
55.02107,0
55.04107,0
55.06107,0
55.08107,0
55.10107,0
55.12107,0
55.14107,0
55.16107,0
55.18107,0
55.20107,0
55.22107,0
55.24107,0
55.26107,0
55.28107,0
55.30107,0
55.32108,0
55.34108,0
55.36108,0
55.38108,0
55.40108,0
55.42108,0
55.44108,0
55.46108,0
55.48108,0
55.50108,0
55.52108,0
55.54108,0
55.56108,0
55.58108,0
55.60108,0
55.62108,0
55.64108,0
55.66108,0
55.68108,0
55.70108,0
55.72108,0
55.74109,0
55.76109,0
55.78109,0
55.80109,0
55.82109,0
55.84109,0
55.86109,0
55.88109,0
55.90109,0
55.92109,0
55.94109,0
55.96109,0
55.98109,0
56.00109,0
56.02109,0
56.04109,0
56.06109,0
56.08109,0
56.10109,0
56.12109,0
56.14109,0
56.16109,0
56.1811,0
56.2011,0
56.2211,0
56.2411,0
56.2611,0
56.2811,0
56.3011,0
56.3211,0
56.3411,0
56.3611,0
56.3811,0
56.4011,0
56.4211,0
56.4411,0
56.4611,0
56.4811,0
56.5011,0
56.5211,0
56.5411,0
56.5611,0
56.5811,0
56.6011,0
56.62111,0
56.64111,0
56.66111,0
56.68111,0
56.70111,0
56.72111,0
56.74111,0
56.76111,0
56.78111,0
56.80111,0
56.82111,0
56.84111,0
56.86111,0
56.88111,0
56.90111,0
56.92111,0
56.94111,0
56.96111,0
56.98111,0
57.00111,0
57.02111,0
57.04111,0
57.06112,0
57.08112,0
57.10112,0
57.12112,0
57.14112,0
57.16112,0
57.18112,0
57.20112,0
57.22112,0
57.24112,0
57.26112,0
57.28112,0
57.30112,0
57.32112,0
57.34112,0
57.36112,0
57.38112,0
57.40112,0
57.42112,0
57.44112,0
57.46112,0
57.48112,0
57.50113,0
57.52113,0
57.54113,0
57.56113,0
57.58113,0
57.60113,0
57.62113,0
57.64113,0
57.66113,0
57.68113,0
57.70113,0
57.72113,0
57.74113,0
57.76113,0
57.78113,0
57.80113,0
57.82113,0
57.84113,0
57.86113,0
57.88113,0
57.90113,0
57.92113,0
57.94114,0
57.96114,0
57.98114,0
58.00114,0
58.02114,0
58.04114,0
58.06114,0
58.08114,0
58.10114,0
58.12114,0
58.14114,0
58.16114,0
58.18114,0
58.20114,0
58.22114,0
58.24114,0
58.26114,0
58.28114,0
58.30114,0
58.32114,0
58.34114,0
58.36115,0
58.38115,0
58.40115,0
58.42115,0
58.44115,0
58.46115,0
58.48115,0
58.50115,0
58.52115,0
58.54115,0
58.56115,0
58.58115,0
58.60115,0
58.62115,0
58.64115,0
58.66115,0
58.68115,0
58.70115,0
58.72115,0
58.74115,0
58.76115,0
58.78115,0
58.80116,0
58.82116,0
58.84116,0
58.86116,0
58.88116,0
58.90116,0
58.92116,0
58.94116,0
58.96116,0
58.98116,0
59.00116,0
59.02116,0
59.04116,0
59.06116,0
59.08116,0
59.10116,0
59.12116,0
59.14116,0
59.16116,0
59.18116,0
59.20116,0
59.22116,0
59.24117,0
59.26117,0
59.28117,0
59.30117,0
59.32117,0
59.34117,0
59.36117,0
59.38117,0
59.40117,0
59.42117,0
59.44117,0
59.46117,0
59.48117,0
59.50117,0
59.52117,0
59.54117,0
59.56117,0
59.58117,0
59.60117,0
59.62117,0
59.64117,0
59.66117,0
59.68118,0
59.70118,0
59.72118,0
59.74118,0
59.76118,0
59.78118,0
59.80118,0
59.82118,0
59.84118,0
59.86118,0
59.88118,0
59.90118,0
59.92118,0
59.94118,0
59.96118,0
59.98118,0
60.00118,0
60.02118,0
60.04118,0
60.06118,0
60.08118,0
60.10118,0
60.12119,0
60.14119,0
60.16119,0
60.18119,0
60.20119,0
60.22119,0
60.24119,0
60.26119,0
60.28119,0
60.30119,0
60.32119,0
60.34119,0
60.36119,0
60.38119,0
60.40119,0
60.42119,0
60.44119,0
60.46119,0
60.48119,0
60.50119,0
60.52119,0
60.54119,0
60.5612,0
60.5812,0
60.6012,0
60.6212,0
60.6412,0
60.6612,0
60.6812,0
60.7012,0
60.7212,0
60.7412,0
60.7612,0
60.7812,0
60.8012,0
60.8212,0
60.8412,0
60.8612,0
60.8812,0
60.9012,0
60.9212,0
60.9412,0
60.9612,0
60.9812,0
61.00121,0
61.02121,0
61.04121,0
61.06121,0
61.08121,0
61.10121,0
61.12121,0
61.14121,0
61.16121,0
61.18121,0
61.20121,0
61.22121,0
61.24121,0
61.26121,0
61.28121,0
61.30121,0
61.32121,0
61.34121,0
61.36121,0
61.38121,0
61.40121,0
61.42122,0
61.44122,0
61.46122,0
61.48122,0
61.50122,0
61.52122,0
61.54122,0
61.56122,0
61.58122,0
61.60122,0
61.62122,0
61.64122,0
61.66122,0
61.68122,0
61.70122,0
61.72122,0
61.74122,0
61.76122,0
61.78122,0
61.80122,0
61.82122,0
61.84122,0
61.86123,0
61.88123,0
61.90123,0
61.92123,0
61.94123,0
61.96123,0
61.98123,0
62.00123,0
62.02123,0
62.04123,0
62.06123,0
62.08123,0
62.10123,0
62.12123,0
62.14123,0
62.16123,0
62.18123,0
62.20123,0
62.22123,0
62.24123,0
62.26123,0
62.28123,0
62.30124,0
62.32124,0
62.34124,0
62.36124,0
62.38124,0
62.40124,0
62.42124,0
62.44124,0
62.46124,0
62.48124,0
62.50124,0
62.52124,0
62.54124,0
62.56124,0
62.58124,0
62.60124,0
62.62124,0
62.64124,0
62.66124,0
62.68124,0
62.70124,0
62.72124,0
62.74125,0
62.76125,0
62.78125,0
62.80125,0
62.82125,0
62.84125,0
62.86125,0
62.88125,0
62.90125,0
62.92125,0
62.94125,0
62.96125,0
62.98125,0
63.00125,0
63.02125,0
63.04125,0
63.06125,0
63.08125,0
63.10125,0
63.12125,0
63.14125,0
63.16125,0
63.18126,0
63.20126,0
63.22126,0
63.24126,0
63.26126,0
63.28126,0
63.30126,0
63.32126,0
63.34126,0
63.36126,0
63.38126,0
63.40126,0
63.42126,0
63.44126,0
63.46126,0
63.48126,0
63.50126,0
63.52126,0
63.54126,0
63.56126,0
63.58126,0
63.60126,0
63.62127,0
63.64127,0
63.66127,0
63.68127,0
63.70127,0
63.72127,0
63.74127,0
63.76127,0
63.78127,0
63.80127,0
63.82127,0
63.84127,0
63.86127,0
63.88127,0
63.90127,0
63.92127,0
63.94127,0
63.96127,0
63.98127,0
64.00127,0
64.02127,0
64.04127,0
64.06126,0
64.08126,0
64.10126,0
64.12125,0
64.14125,0
64.16125,0
64.18124,0
64.20124,0
64.22124,0
64.24123,0
64.26123,0
64.28123,0
64.30122,0
64.32122,0
64.34122,0
64.36121,0
64.38121,0
64.40121,0
64.4212,0
64.4412,0
64.4612,0
64.48119,0
64.50119,0
64.52119,0
64.54118,0
64.56118,0
64.58118,0
64.60117,0
64.62117,0
64.64117,0
64.66116,0
64.68116,0
64.70116,0
64.72115,0
64.74115,0
64.76115,0
64.78114,0
64.80114,0
64.82114,0
64.84113,0
64.86113,0
64.88113,0
64.90112,0
64.92112,0
64.94112,0
64.96111,0
64.98111,0
65.00111,0
65.0211,0
65.0411,0
65.0611,0
65.08109,0
65.10109,0
65.12109,0
65.14108,0
65.16108,0
65.18108,0
65.20107,0
65.22107,0
65.24107,0
65.26106,0
65.28106,0
65.30106,0
65.32105,0
65.34105,0
65.36105,0
65.38104,0
65.40104,0
65.42104,0
65.44103,0
65.46103,0
65.48103,0
65.50102,0
65.52102,0
65.54102,0
65.56101,0
65.58101,0
65.60101,0
65.621,0
65.641,0
65.661,0
65.68099,0
65.70099,0
65.72099,0
65.74098,0
65.76098,0
65.78098,0
65.80097,0
65.82097,0
65.84097,0
65.86096,0
65.88096,0
65.90096,0
65.92095,0
65.94095,0
65.96095,0
65.98094,0
66.00094,0
66.02094,0
66.04093,0
66.06093,0
66.08092,0
66.10092,0
66.12092,0
66.14091,0
66.16091,0
66.18091,0
66.2009,0
66.2209,0
66.2409,0
66.26089,0
66.28089,0
66.30089,0
66.32088,0
66.34088,0
66.36088,0
66.38087,0
66.40087,0
66.42087,0
66.44086,0
66.46086,0
66.48086,0
66.50085,0
66.52085,0
66.54085,0
66.56084,0
66.58084,0
66.60084,0
66.62083,0
66.64083,0
66.66083,0
66.68082,0
66.70082,0
66.72082,0
66.74081,0
66.76081,0
66.78081,0
66.8008,0
66.8208,0
66.8408,0
66.86079,0
66.88079,0
66.90079,0
66.92078,0
66.94078,0
66.96078,0
66.98077,0
67.00077,0
67.02077,0
67.04076,0
67.06076,0
67.08076,0
67.10075,0
67.12075,0
67.14075,0
67.16074,0
67.18074,0
67.20074,0
67.22073,0
67.24073,0
67.26073,0
67.28072,0
67.30072,0
67.32072,0
67.34071,0
67.36071,0
67.38071,0
67.4007,0
67.4207,0
67.4407,0
67.46069,0
67.48069,0
67.50069,0
67.52068,0
67.54068,0
67.56068,0
67.58067,0
67.60067,0
67.62067,0
67.64066,0
67.66066,0
67.68066,0
67.70065,0
67.72065,0
67.74065,0
67.76064,0
67.78064,0
67.80064,0
67.82063,0
67.84063,0
67.86063,0
67.88062,0
67.90062,0
67.92062,0
67.94061,0
67.96061,0
67.98061,0
68.0006,0
68.0206,0
68.0406,0
68.06059,0
68.08059,0
68.10059,0
68.12058,0
68.14058,0
68.16058,0
68.18057,0
68.20057,0
68.22057,0
68.24056,0
68.26056,0
68.28056,0
68.30055,0
68.32055,0
68.34055,0
68.36054,0
68.38054,0
68.40054,0
68.42053,0
68.44053,0
68.46053,0
68.48052,0
68.50052,0
68.52052,0
68.54051,0
68.56051,0
68.58051,0
68.6005,0
68.6205,0
68.6405,0
68.66049,0
68.68049,0
68.70049,0
68.72048,0
68.74048,0
68.76048,0
68.78047,0
68.80047,0
68.82047,0
68.84046,0
68.86046,0
68.88046,0
68.90045,0
68.92045,0
68.94044,0
68.96044,0
68.98044,0
69.00043,0
69.02043,0
69.04043,0
69.06042,0
69.08042,0
69.10042,0
69.12041,0
69.14041,0
69.16041,0
69.1804,0
69.2004,0
69.2204,0
69.24039,0
69.26039,0
69.28039,0
69.30038,0
69.32038,0
69.34038,0
69.36037,0
69.38037,0
69.40037,0
69.42036,0
69.44036,0
69.46036,0
69.48035,0
69.50035,0
69.52035,0
69.54034,0
69.56034,0
69.58034,0
69.60033,0
69.62033,0
69.64033,0
69.66032,0
69.68032,0
69.70032,0
69.72031,0
69.74031,0
69.76031,0
69.7803,0
69.8003,0
69.8203,0
69.84029,0
69.86029,0
69.88029,0
69.90028,0
69.92028,0
69.94028,0
69.96027,0
69.98027,0
70.00027,0
70.02026,0
70.04026,0
70.06026,0
70.08025,0
70.10025,0
70.12025,0
70.14024,0
70.16024,0
70.18024,0
70.20023,0
70.22023,0
70.24023,0
70.26022,0
70.28022,0
70.30022,0
70.32021,0
70.34021,0
70.36021,0
70.3802,0
70.4002,0
70.4202,0
70.44019,0
70.46019,0
70.48019,0
70.50018,0
70.52018,0
70.54018,0
70.56017,0
70.58017,0
70.60017,0
70.62016,0
70.64016,0
70.66016,0
70.68015,0
70.70015,0
70.72015,0
70.74014,0
70.76014,0
70.78014,0
70.80013,0
70.82013,0
70.84013,0
70.86012,0
70.88012,0
70.90012,0
70.92011,0
70.94011,0
70.96011,0
70.9801,0
71.0001,0
71.0201,0
71.04009,0
71.06009,0
71.08009,0
71.10008,0
71.12008,0
71.14008,0
71.16007,0
71.18007,0
71.20007,0
71.22006,0
71.24006,0
71.26006,0
71.28005,0
71.30005,0
71.32005,0
71.34004,0
71.36004,0
71.38004,0
71.40003,0
71.42003,0
71.44003,0
71.46002,0
71.48002,0
71.50002,0
71.52001,0
71.54001,0
71.56001,0
71.58,0
71.6,0
71.62,0
71.63999,0
71.65999,0
71.67999,0
71.69998,0
71.71998,0
71.73997,0
71.75997,0
71.77997,0
71.79996,0
71.81996,0
71.83996,0
71.85995,0
71.87995,0
71.89995,0
71.91994,0
71.93994,0
71.95994,0
71.97993,0
71.99993,0
72.01993,0
72.03992,0
72.05992,0
72.07992,0
72.09991,0
72.11991,0
72.13991,0
72.1599,0
72.1799,0
72.1999,0
72.21989,0
72.23989,0
72.25989,0
72.27988,0
72.29988,0
72.31988,0
72.33987,0
72.35987,0
72.37987,0
72.39986,0
72.41986,0
72.43986,0
72.45985,0
72.47985,0
72.49985,0
72.51984,0
72.53984,0
72.55984,0
72.57983,0
72.59983,0
72.61983,0
72.63982,0
72.65982,0
72.67982,0
72.69981,0
72.71981,0
72.73981,0
72.7598,0
72.7798,0
72.7998,0
72.81979,0
72.83979,0
72.85979,0
72.87978,0
72.89978,0
72.91978,0
72.93977,0
72.95977,0
72.97977,0
72.99976,0
73.01976,0
73.03976,0
73.05975,0
73.07975,0
73.09975,0
73.11974,0
73.13974,0
73.15974,0
73.17973,0
73.19973,0
73.21973,0
73.23972,0
73.25972,0
73.27972,0
73.29971,0
73.31971,0
73.33971,0
73.3597,0
73.3797,0
73.3997,0
73.41969,0
73.43969,0
73.45969,0
73.47968,0
73.49968,0
73.51968,0
73.53967,0
73.55967,0
73.57967,0
73.59966,0
73.61966,0
73.63966,0
73.65965,0
73.67965,0
73.69965,0
73.71964,0
73.73964,0
73.75964,0
73.77963,0
73.79963,0
73.81963,0
73.83962,0
73.85962,0
73.87962,0
73.89961,0
73.91961,0
73.93961,0
73.9596,0
73.9796,0
73.9996,0
74.01959,0
74.03959,0
74.05959,0
74.07958,0
74.09958,0
74.11958,0
74.13957,0
74.15957,0
74.17957,0
74.19956,0
74.21956,0
74.23956,0
74.25955,0
74.27955,0
74.29955,0
74.31954,0
74.33954,0
74.35954,0
74.37953,0
74.39953,0
74.41953,0
74.43952,0
74.45952,0
74.47952,0
74.49951,0
74.51951,0
74.53951,0
74.5595,0
74.5795,0
74.59949,0
74.61949,0
74.63949,0
74.65948,0
74.67948,0
74.69948,0
74.71947,0
74.73947,0
74.75947,0
74.77946,0
74.79946,0
74.81946,0
74.83945,0
74.85945,0
74.87945,0
74.89944,0
74.91944,0
74.93944,0
74.95943,0
74.97943,0
74.99943,0
75.01942,0
75.03942,0
75.05942,0
75.07941,0
75.09941,0
75.11941,0
75.1394,0
75.1594,0
75.1794,0
75.19939,0
75.21939,0
75.23939,0
75.25938,0
75.27938,0
75.29938,0
75.31937,0
75.33937,0
75.35937,0
75.37936,0
75.39936,0
75.41936,0
75.43935,0
75.45935,0
75.47935,0
75.49934,0
75.51934,0
75.53934,0
75.55933,0
75.57933,0
75.59933,0
75.61932,0
75.63932,0
75.65932,0
75.67931,0
75.69931,0
75.71931,0
75.7393,0
75.7593,0
75.7793,0
75.79929,0
75.81929,0
75.83929,0
75.85928,0
75.87928,0
75.89928,0
75.91927,0
75.93927,0
75.95927,0
75.97926,0
75.99926,0
76.01926,0
76.03925,0
76.05925,0
76.07925,0
76.09924,0
76.11924,0
76.13924,0
76.15923,0
76.17923,0
76.19923,0
76.21922,0
76.23922,0
76.25922,0
76.27921,0
76.29921,0
76.31921,0
76.3392,0
76.3592,0
76.3792,0
76.39919,0
76.41919,0
76.43919,0
76.45918,0
76.47918,0
76.49918,0
76.51917,0
76.53917,0
76.55917,0
76.57916,0
76.59916,0
76.61916,0
76.63915,0
76.65915,0
76.67915,0
76.69914,0
76.71914,0
76.73914,0
76.75913,0
76.77913,0
76.79913,0
76.81912,0
76.83912,0
76.85912,0
76.87911,0
76.89911,0
76.91911,0
76.9391,0
76.9591,0
76.9791,0
76.99909,0
77.01909,0
77.03909,0
77.05908,0
77.07908,0
77.09908,0
77.11907,0
77.13907,0
77.15907,0
77.17906,0
77.19906,0
77.21906,0
77.23905,0
77.25905,0
77.27905,0
77.29904,0
77.31904,0
77.33904,0
77.35903,0
77.37903,0
77.39902,0
77.41902,0
77.43902,0
77.45901,0
77.47901,0
77.49901,0
77.519,0
77.539,0
77.559,0
77.57899,0
77.59899,0
77.61899,0
77.63898,0
77.65898,0
77.67898,0
77.69897,0
77.71897,0
77.73897,0
77.75896,0
77.77896,0
77.79896,0
77.81895,0
77.83895,0
77.85895,0
77.87894,0
77.89894,0
77.91894,0
77.93893,0
77.95893,0
77.97893,0
77.99892,0
78.01892,0
78.03892,0
78.05891,0
78.07891,0
78.09891,0
78.1189,0
78.1389,0
78.1589,0
78.17889,0
78.19889,0
78.21889,0
78.23888,0
78.25888,0
78.27888,0
78.29887,0
78.31887,0
78.33887,0
78.35886,0
78.37886,0
78.39886,0
78.41885,0
78.43885,0
78.45885,0
78.47884,0
78.49884,0
78.51884,0
78.53883,0
78.55883,0
78.57883,0
78.59882,0
78.61882,0
78.63882,0
78.65881,0
78.67881,0
78.69881,0
78.7188,0
78.7388,0
78.7588,0
78.77879,0
78.79879,0
78.81879,0
78.83878,0
78.85878,0
78.87878,0
78.89877,0
78.91877,0
78.93877,0
78.95876,0
78.97876,0
78.99876,0
79.01875,0
79.03875,0
79.05875,0
79.07874,0
79.09874,0
79.11874,0
79.13873,0
79.15873,0
79.17873,0
79.19872,0
79.21872,0
79.23872,0
79.25871,0
79.27871,0
79.29871,0
79.3187,0
79.3387,0
79.3587,0
79.37869,0
79.39869,0
79.41869,0
79.43868,0
79.45868,0
79.47868,0
79.49867,0
79.51867,0
79.53867,0
79.55866,0
79.57866,0
79.59866,0
79.61865,0
79.63865,0
79.65865,0
79.67864,0
79.69864,0
79.71864,0
79.73863,0
79.75863,0
79.77863,0
79.79862,0
79.81862,0
79.83862,0
79.85861,0
79.87861,0
79.89861,0
79.9186,0
79.9386,0
79.9586,0
79.97859,0
79.99859,0
80.01859,0
80.03858,0
80.05858,0
80.07858,0
80.09857,0
80.11857,0
80.13857,0
80.15856,0
80.17856,0
80.19855,0
80.21855,0
80.23855,0
80.25854,0
80.27854,0
80.29854,0
80.31853,0
80.33853,0
80.35853,0
80.37852,0
80.39852,0
80.41852,0
80.43851,0
80.45851,0
80.47851,0
80.4985,0
80.5185,0
80.5385,0
80.55849,0
80.57849,0
80.59849,0
80.61848,0
80.63848,0
80.65848,0
80.67847,0
80.69847,0
80.71847,0
80.73846,0
80.75846,0
80.77846,0
80.79845,0
80.81845,0
80.83845,0
80.85844,0
80.87844,0
80.89844,0
80.91843,0
80.93843,0
80.95843,0
80.97842,0
80.99842,0
81.01842,0
81.03841,0
81.05841,0
81.07841,0
81.0984,0
81.1184,0
81.1384,0
81.15839,0
81.17839,0
81.19839,0
81.21838,0
81.23838,0
81.25838,0
81.27837,0
81.29837,0
81.31837,0
81.33836,0
81.35836,0
81.37836,0
81.39835,0
81.41835,0
81.43835,0
81.45834,0
81.47834,0
81.49834,0
81.51833,0
81.53833,0
81.55833,0
81.57832,0
81.59832,0
81.61832,0
81.63831,0
81.65831,0
81.67831,0
81.6983,0
81.7183,0
81.7383,0
81.75829,0
81.77829,0
81.79829,0
81.81828,0
81.83828,0
81.85828,0
81.87827,0
81.89827,0
81.91827,0
81.93826,0
81.95826,0
81.97826,0
81.99825,0
82.01825,0
82.03825,0
82.05824,0
82.07824,0
82.09824,0
82.11823,0
82.13823,0
82.15823,0
82.17822,0
82.19822,0
82.21822,0
82.23821,0
82.25821,0
82.27821,0
82.2982,0
82.3182,0
82.3382,0
82.35819,0
82.37819,0
82.39819,0
82.41818,0
82.43818,0
82.45818,0
82.47817,0
82.49817,0
82.51817,0
82.53816,0
82.55816,0
82.57816,0
82.59815,0
82.61815,0
82.63815,0
82.65814,0
82.67814,0
82.69814,0
82.71813,0
82.73813,0
82.75813,0
82.77812,0
82.79812,0
82.81812,0
82.83811,0
82.85811,0
82.87811,0
82.8981,0
82.9181,0
82.9381,0
82.95809,0
82.97809,0
82.99809,0
83.01808,0
83.03808,0
83.05807,0
83.07807,0
83.09807,0
83.11806,0
83.13806,0
83.15806,0
83.17805,0
83.19805,0
83.21805,0
83.23804,0
83.25804,0
83.27804,0
83.29803,0
83.31803,0
83.33803,0
83.35802,0
83.37802,0
83.39802,0
83.41801,0
83.43801,0
83.45801,0
83.478,0
83.498,0
83.518,0
83.53799,0
83.55799,0
83.57799,0
83.59798,0
83.61798,0
83.63798,0
83.65797,0
83.67797,0
83.69797,0
83.71796,0
83.73796,0
83.75796,0
83.77795,0
83.79795,0
83.81795,0
83.83794,0
83.85794,0
83.87794,0
83.89793,0
83.91793,0
83.93793,0
83.95792,0
83.97792,0
83.99792,0
84.01791,0
84.03791,0
84.05791,0
84.0779,0
84.0979,0
84.1179,0
84.13789,0
84.15789,0
84.17789,0
84.19788,0
84.21788,0
84.23788,0
84.25787,0
84.27787,0
84.29787,0
84.31786,0
84.33786,0
84.35786,0
84.37785,0
84.39785,0
84.41785,0
84.43784,0
84.45784,0
84.47784,0
84.49783,0
84.51783,0
84.53783,0
84.55782,0
84.57782,0
84.59782,0
84.61781,0
84.63781,0
84.65781,0
84.6778,0
84.6978,0
84.7178,0
84.73779,0
84.75779,0
84.77779,0
84.79778,0
84.81778,0
84.83778,0
84.85777,0
84.87777,0
84.89777,0
84.91776,0
84.93776,0
84.95776,0
84.97775,0
84.99775,0
85.01775,0
85.03774,0
85.05774,0
85.07774,0
85.09773,0
85.11773,0
85.13773,0
85.15772,0
85.17772,0
85.19772,0
85.21771,0
85.23771,0
85.25771,0
85.2777,0
85.2977,0
85.3177,0
85.33769,0
85.35769,0
85.37769,0
85.39768,0
85.41768,0
85.43768,0
85.45767,0
85.47767,0
85.49767,0
85.51766,0
85.53766,0
85.55766,0
85.57765,0
85.59765,0
85.61765,0
85.63764,0
85.65764,0
85.67764,0
85.69763,0
85.71763,0
85.73763,0
85.75762,0
85.77762,0
85.79762,0
85.81761,0
85.83761,0
85.8576,0
85.8776,0
85.8976,0
85.91759,0
85.93759,0
85.95759,0
85.97758,0
85.99758,0
86.01758,0
86.03757,0
86.05757,0
86.07757,0
86.09756,0
86.11756,0
86.13756,0
86.15755,0
86.17755,0
86.19755,0
86.21754,0
86.23754,0
86.25754,0
86.27753,0
86.29753,0
86.31753,0
86.33752,0
86.35752,0
86.37752,0
86.39751,0
86.41751,0
86.43751,0
86.4575,0
86.4775,0
86.4975,0
86.51749,0
86.53749,0
86.55749,0
86.57748,0
86.59748,0
86.61748,0
86.63747,0
86.65747,0
86.67747,0
86.69746,0
86.71746,0
86.73746,0
86.75745,0
86.77745,0
86.79745,0
86.81744,0
86.83744,0
86.85744,0
86.87743,0
86.89743,0
86.91743,0
86.93742,0
86.95742,0
86.97742,0
86.99741,0
87.01741,0
87.03741,0
87.0574,0
87.0774,0
87.0974,0
87.11739,0
87.13739,0
87.15739,0
87.17738,0
87.19738,0
87.21738,0
87.23737,0
87.25737,0
87.27737,0
87.29736,0
87.31736,0
87.33736,0
87.35735,0
87.37735,0
87.39735,0
87.41734,0
87.43734,0
87.45734,0
87.47733,0
87.49733,0
87.51733,0
87.53732,0
87.55732,0
87.57732,0
87.59731,0
87.61731,0
87.63731,0
87.6573,0
87.6773,0
87.6973,0
87.71729,0
87.73729,0
87.75729,0
87.77728,0
87.79728,0
87.81728,0
87.83727,0
87.85727,0
87.87727,0
87.89726,0
87.91726,0
87.93726,0
87.95725,0
87.97725,0
87.99725,0
88.01724,0
88.03724,0
88.05724,0
88.07723,0
88.09723,0
88.11723,0
88.13722,0
88.15722,0
88.17722,0
88.19721,0
88.21721,0
88.23721,0
88.2572,0
88.2772,0
88.2972,0
88.31719,0
88.33719,0
88.35719,0
88.37718,0
88.39718,0
88.41718,0
88.43717,0
88.45717,0
88.47717,0
88.49716,0
88.51716,0
88.53716,0
88.55715,0
88.57715,0
88.59715,0
88.61714,0
88.63714,0
88.65714,0
88.67713,0
88.69713,0
88.71712,0
88.73712,0
88.75712,0
88.77711,0
88.79711,0
88.81711,0
88.8371,0
88.8571,0
88.8771,0
88.89709,0
88.91709,0
88.93709,0
88.95708,0
88.97708,0
88.99708,0
89.01707,0
89.03707,0
89.05707,0
89.07706,0
89.09706,0
89.11706,0
89.13705,0
89.15705,0
89.17705,0
89.19704,0
89.21704,0
89.23704,0
89.25703,0
89.27703,0
89.29703,0
89.31702,0
89.33702,0
89.35702,0
89.37701,0
89.39701,0
89.41701,0
89.437,0
89.457,0
89.477,0
89.49699,0
89.51699,0
89.53699,0
89.55698,0
89.57698,0
89.59698,0
89.61697,0
89.63697,0
89.65697,0
89.67696,0
89.69696,0
89.71696,0
89.73695,0
89.75695,0
89.77695,0
89.79694,0
89.81694,0
89.83694,0
89.85693,0
89.87693,0
89.89693,0
89.91692,0
89.93692,0
89.95692,0
89.97691,0
89.99691,0
90.01691,0
90.0369,0
90.0569,0
90.0769,0
90.09689,0
90.11689,0
90.13689,0
90.15688,0
90.17688,0
90.19688,0
90.21687,0
90.23687,0
90.25687,0
90.27686,0
90.29686,0
90.31686,0
90.33685,0
90.35685,0
90.37685,0
90.39684,0
90.41684,0
90.43684,0
90.45683,0
90.47683,0
90.49683,0
90.51682,0
90.53682,0
90.55682,0
90.57681,0
90.59681,0
90.61681,0
90.6368,0
90.6568,0
90.6768,0
90.69679,0
90.71679,0
90.73679,0
90.75678,0
90.77678,0
90.79678,0
90.81677,0
90.83677,0
90.85677,0
90.87676,0
90.89676,0
90.91676,0
90.93675,0
90.95675,0
90.97675,0
90.99674,0
91.01674,0
91.03674,0
91.05673,0
91.07673,0
91.09673,0
91.11672,0
91.13672,0
91.15672,0
91.17671,0
91.19671,0
91.21671,0
91.2367,0
91.2567,0
91.2767,0
91.29669,0
91.31669,0
91.33669,0
91.35668,0
91.37668,0
91.39668,0
91.41667,0
91.43667,0
91.45667,0
91.47666,0
91.49666,0
91.51665,0
91.53665,0
91.55665,0
91.57664,0
91.59664,0
91.61664,0
91.63663,0
91.65663,0
91.67663,0
91.69662,0
91.71662,0
91.73662,0
91.75661,0
91.77661,0
91.79661,0
91.8166,0
91.8366,0
91.8566,0
91.87659,0
91.89659,0
91.91659,0
91.93658,0
91.95658,0
91.97658,0
91.99657,0
92.01657,0
92.03657,0
92.05656,0
92.07656,0
92.09656,0
92.11655,0
92.13655,0
92.15655,0
92.17654,0
92.19654,0
92.21654,0
92.23653,0
92.25653,0
92.27653,0
92.29652,0
92.31652,0
92.33652,0
92.35651,0
92.37651,0
92.39651,0
92.4165,0
92.4365,0
92.4565,0
92.47649,0
92.49649,0
92.51649,0
92.53648,0
92.55648,0
92.57648,0
92.59647,0
92.61647,0
92.63647,0
92.65646,0
92.67646,0
92.69646,0
92.71645,0
92.73645,0
92.75645,0
92.77644,0
92.79644,0
92.81644,0
92.83643,0
92.85643,0
92.87643,0
92.89642,0
92.91642,0
92.93642,0
92.95641,0
92.97641,0
92.99641,0
93.0164,0
93.0364,0
93.0564,0
93.07639,0
93.09639,0
93.11639,0
93.13638,0
93.15638,0
93.17638,0
93.19637,0
93.21637,0
93.23637,0
93.25636,0
93.27636,0
93.29636,0
93.31635,0
93.33635,0
93.35635,0
93.37634,0
93.39634,0
93.41634,0
93.43633,0
93.45633,0
93.47633,0
93.49632,0
93.51632,0
93.53632,0
93.55631,0
93.57631,0
93.59631,0
93.6163,0
93.6363,0
93.6563,0
93.67629,0
93.69629,0
93.71629,0
93.73628,0
93.75628,0
93.77628,0
93.79627,0
93.81627,0
93.83627,0
93.85626,0
93.87626,0
93.89626,0
93.91625,0
93.93625,0
93.95625,0
93.97624,0
93.99624,0
94.01624,0
94.03623,0
94.05623,0
94.07623,0
94.09622,0
94.11622,0
94.13622,0
94.15621,0
94.17621,0
94.19621,0
94.2162,0
94.2362,0
94.2562,0
94.27619,0
94.29619,0
94.31618,0
94.33618,0
94.35618,0
94.37617,0
94.39617,0
94.41617,0
94.43616,0
94.45616,0
94.47616,0
94.49615,0
94.51615,0
94.53615,0
94.55614,0
94.57614,0
94.59614,0
94.61613,0
94.63613,0
94.65613,0
94.67612,0
94.69612,0
94.71612,0
94.73611,0
94.75611,0
94.77611,0
94.7961,0
94.8161,0
94.8361,0
94.85609,0
94.87609,0
94.89609,0
94.91608,0
94.93608,0
94.95608,0
94.97607,0
94.99607,0
95.01607,0
95.03606,0
95.05606,0
95.07606,0
95.09605,0
95.11605,0
95.13605,0
95.15604,0
95.17604,0
95.19604,0
95.21603,0
95.23603,0
95.25603,0
95.27602,0
95.29602,0
95.31602,0
95.33601,0
95.35601,0
95.37601,0
95.396,0
95.416,0
95.436,0
95.45599,0
95.47599,0
95.49599,0
95.51598,0
95.53598,0
95.55598,0
95.57597,0
95.59597,0
95.61597,0
95.63596,0
95.65596,0
95.67596,0
95.69595,0
95.71595,0
95.73595,0
95.75594,0
95.77594,0
95.79594,0
95.81593,0
95.83593,0
95.85593,0
95.87592,0
95.89592,0
95.91592,0
95.93591,0
95.95591,0
95.97591,0
95.9959,0
96.0159,0
96.0359,0
96.05589,0
96.07589,0
96.09589,0
96.11588,0
96.13588,0
96.15588,0
96.17587,0
96.19587,0
96.21587,0
96.23586,0
96.25586,0
96.27586,0
96.29585,0
96.31585,0
96.33585,0
96.35584,0
96.37584,0
96.39584,0
96.41583,0
96.43583,0
96.45583,0
96.47582,0
96.49582,0
96.51582,0
96.53581,0
96.55581,0
96.57581,0
96.5958,0
96.6158,0
96.6358,0
96.65579,0
96.67579,0
96.69579,0
96.71578,0
96.73578,0
96.75578,0
96.77577,0
96.79577,0
96.81577,0
96.83576,0
96.85576,0
96.87576,0
96.89575,0
96.91575,0
96.93575,0
96.95574,0
96.97574,0
96.99574,0
97.01573,0
97.03573,0
97.05573,0
97.07572,0
97.09572,0
97.11572,0
97.13571,0
97.15571,0
97.1757,0
97.1957,0
97.2157,0
97.23569,0
97.25569,0
97.27569,0
97.29568,0
97.31568,0
97.33568,0
97.35567,0
97.37567,0
97.39567,0
97.41566,0
97.43566,0
97.45566,0
97.47565,0
97.49565,0
97.51565,0
97.53564,0
97.55564,0
97.57564,0
97.59563,0
97.61563,0
97.63563,0
97.65562,0
97.67562,0
97.69562,0
97.71561,0
97.73561,0
97.75561,0
97.7756,0
97.7956,0
97.8156,0
97.83559,0
97.85559,0
97.87559,0
97.89558,0
97.91558,0
97.93558,0
97.95557,0
97.97557,0
97.99557,0
98.01556,0
98.03556,0
98.05556,0
98.07555,0
98.09555,0
98.11555,0
98.13554,0
98.15554,0
98.17554,0
98.19553,0
98.21553,0
98.23553,0
98.25552,0
98.27552,0
98.29552,0
98.31551,0
98.33551,0
98.35551,0
98.3755,0
98.3955,0
98.4155,0
98.43549,0
98.45549,0
98.47549,0
98.49548,0
98.51548,0
98.53548,0
98.55547,0
98.57547,0
98.59547,0
98.61546,0
98.63546,0
98.65546,0
98.67545,0
98.69545,0
98.71545,0
98.73544,0
98.75544,0
98.77544,0
98.79543,0
98.81543,0
98.83543,0
98.85542,0
98.87542,0
98.89542,0
98.91541,0
98.93541,0
98.95541,0
98.9754,0
98.9954,0
99.0154,0
99.03539,0
99.05539,0
99.07539,0
99.09538,0
99.11538,0
99.13538,0
99.15537,0
99.17537,0
99.19537,0
99.21536,0
99.23536,0
99.25536,0
99.27535,0
99.29535,0
99.31535,0
99.33534,0
99.35534,0
99.37534,0
99.39533,0
99.41533,0
99.43533,0
99.45532,0
99.47532,0
99.49532,0
99.51531,0
99.53531,0
99.55531,0
99.5753,0
99.5953,0
99.6153,0
99.63529,0
99.65529,0
99.67529,0
99.69528,0
99.71528,0
99.73528,0
99.75527,0
99.77527,0
99.79527,0
99.81526,0
99.83526,0
99.85526,0
99.87525,0
99.89525,0
99.91525,0
99.93524,0
99.95524,0
99.97523,0
99.99523,0
100.0152,0
100.0352,0
100.0552,0
100.0752,0
100.0952,0
100.1152,0
100.1352,0
100.1552,0
100.1752,0
100.1952,0
100.2152,0
100.2352,0
100.2552,0
100.2752,0
100.2952,0
100.3152,0
100.3352,0
100.3552,0
100.3752,0
100.3952,0
100.4152,0
100.4352,0
100.4552,0
100.4752,0
100.4951,0
100.5151,0
100.5351,0
100.5551,0
100.5751,0
100.5951,0
100.6151,0
100.6351,0
100.6551,0
100.6751,0
100.6951,0
100.7151,0
100.7351,0
100.7551,0
100.7751,0
100.7951,0
100.8151,0
100.8351,0
100.8551,0
100.8751,0
100.8951,0
100.9151,0
100.9351,0
100.9551,0
100.9751,0
100.9951,0
101.0151,0
101.0351,0
101.0551,0
101.0751,0
101.095,0
101.115,0
101.135,0
101.155,0
101.175,0
101.195,0
101.215,0
101.235,0
101.255,0
101.275,0
101.295,0
101.315,0
101.335,0
101.355,0
101.375,0
101.395,0
101.415,0
101.435,0
101.455,0
101.475,0
101.495,0
101.515,0
101.535,0
101.555,0
101.575,0
101.595,0
101.615,0
101.635,0
101.655,0
101.6749,0
101.6949,0
101.7149,0
101.7349,0
101.7549,0
101.7749,0
101.7949,0
101.8149,0
101.8349,0
101.8549,0
101.8749,0
101.8949,0
101.9149,0
101.9349,0
101.9549,0
101.9749,0
101.9949,0
102.0149,0
102.0349,0
102.0549,0
102.0749,0
102.0949,0
102.1149,0
102.1349,0
102.1549,0
102.1749,0
102.1949,0
102.2149,0
102.2349,0
102.2549,0
102.2748,0
102.2948,0
102.3148,0
102.3348,0
102.3548,0
102.3748,0
102.3948,0
102.4148,0
102.4348,0
102.4548,0
102.4748,0
102.4948,0
102.5148,0
102.5348,0
102.5548,0
102.5748,0
102.5948,0
102.6148,0
102.6348,0
102.6548,0
102.6748,0
102.6948,0
102.7148,0
102.7348,0
102.7548,0
102.7748,0
102.7948,0
102.8148,0
102.8348,0
102.8548,0
102.8747,0
102.8947,0
102.9147,0
102.9347,0
102.9547,0
102.9747,0
102.9947,0
103.0147,0
103.0347,0
103.0547,0
103.0747,0
103.0947,0
103.1147,0
103.1347,0
103.1547,0
103.1747,0
103.1947,0
103.2147,0
103.2347,0
103.2547,0
103.2747,0
103.2947,0
103.3147,0
103.3347,0
103.3547,0
103.3747,0
103.3947,0
103.4147,0
103.4347,0
103.4547,0
103.4746,0
103.4946,0
103.5146,0
103.5346,0
103.5546,0
103.5746,0
103.5946,0
103.6146,0
103.6346,0
103.6546,0
103.6746,0
103.6946,0
103.7146,0
103.7346,0
103.7546,0
103.7746,0
103.7946,0
103.8146,0
103.8346,0
103.8546,0
103.8746,0
103.8946,0
103.9146,0
103.9346,0
103.9546,0
103.9746,0
103.9946,0
104.0146,0
104.0346,0
104.0546,0
104.0745,0
104.0945,0
104.1145,0
104.1345,0
104.1545,0
104.1745,0
104.1945,0
104.2145,0
104.2345,0
104.2545,0
104.2745,0
104.2945,0
104.3145,0
104.3345,0
104.3545,0
104.3745,0
104.3945,0
104.4145,0
104.4345,0
104.4545,0
104.4745,0
104.4945,0
104.5145,0
104.5345,0
104.5545,0
104.5745,0
104.5945,0
104.6145,0
104.6345,0
104.6544,0
104.6744,0
104.6944,0
104.7144,0
104.7344,0
104.7544,0
104.7744,0
104.7944,0
104.8144,0
104.8344,0
104.8544,0
104.8744,0
104.8944,0
104.9144,0
104.9344,0
104.9544,0
104.9744,0
104.9944,0
105.0144,0
105.0344,0
105.0544,0
105.0744,0
105.0944,0
105.1144,0
105.1344,0
105.1544,0
105.1744,0
105.1944,0
105.2144,0
105.2344,0
105.2543,0
105.2743,0
105.2943,0
105.3143,0
105.3343,0
105.3543,0
105.3743,0
105.3943,0
105.4143,0
105.4343,0
105.4543,0
105.4743,0
105.4943,0
105.5143,0
105.5343,0
105.5543,0
105.5743,0
105.5943,0
105.6143,0
105.6343,0
105.6543,0
105.6743,0
105.6943,0
105.7143,0
105.7343,0
105.7543,0
105.7743,0
105.7943,0
105.8143,0
105.8343,0
105.8542,0
105.8742,0
105.8942,0
105.9142,0
105.9342,0
105.9542,0
105.9742,0
105.9942,0
106.0142,0
106.0342,0
106.0542,0
106.0742,0
106.0942,0
106.1142,0
106.1342,0
106.1542,0
106.1742,0
106.1942,0
106.2142,0
106.2342,0
106.2542,0
106.2742,0
106.2942,0
106.3142,0
106.3342,0
106.3542,0
106.3742,0
106.3942,0
106.4142,0
106.4342,0
106.4541,0
106.4741,0
106.4941,0
106.5141,0
106.5341,0
106.5541,0
106.5741,0
106.5941,0
106.6141,0
106.6341,0
106.6541,0
106.6741,0
106.6941,0
106.7141,0
106.7341,0
106.7541,0
106.7741,0
106.7941,0
106.8141,0
106.8341,0
106.8541,0
106.8741,0
106.8941,0
106.9141,0
106.9341,0
106.9541,0
106.9741,0
106.9941,0
107.0141,0
107.034,0
107.054,0
107.074,0
107.094,0
107.114,0
107.134,0
107.154,0
107.174,0
107.194,0
107.214,0
107.234,0
107.254,0
107.274,0
107.294,0
107.314,0
107.334,0
107.354,0
107.374,0
107.394,0
107.414,0
107.434,0
107.454,0
107.474,0
107.494,0
107.514,0
107.534,0
107.554,0
107.574,0
107.594,0
107.614,0
107.6339,0
107.6539,0
107.6739,0
107.6939,0
107.7139,0
107.7339,0
107.7539,0
107.7739,0
107.7939,0
107.8139,0
107.8339,0
107.8539,0
107.8739,0
107.8939,0
107.9139,0
107.9339,0
107.9539,0
107.9739,0
107.9939,0
108.0139,0
108.0339,0
108.0539,0
108.0739,0
108.0939,0
108.1139,0
108.1339,0
108.1539,0
108.1739,0
108.1939,0
108.2139,0
108.2338,0
108.2538,0
108.2738,0
108.2938,0
108.3138,0
108.3338,0
108.3538,0
108.3738,0
108.3938,0
108.4138,0
108.4338,0
108.4538,0
108.4738,0
108.4938,0
108.5138,0
108.5338,0
108.5538,0
108.5738,0
108.5938,0
108.6138,0
108.6338,0
108.6538,0
108.6738,0
108.6938,0
108.7138,0
108.7338,0
108.7538,0
108.7738,0
108.7938,0
108.8138,0
108.8337,0
108.8537,0
108.8737,0
108.8937,0
108.9137,0
108.9337,0
108.9537,0
108.9737,0
108.9937,0
109.0137,0
109.0337,0
109.0537,0
109.0737,0
109.0937,0
109.1137,0
109.1337,0
109.1537,0
109.1737,0
109.1937,0
109.2137,0
109.2337,0
109.2537,0
109.2737,0
109.2937,0
109.3137,0
109.3337,0
109.3537,0
109.3737,0
109.3937,0
109.4137,0
109.4336,0
109.4536,0
109.4736,0
109.4936,0
109.5136,0
109.5336,0
109.5536,0
109.5736,0
109.5936,0
109.6136,0
109.6336,0
109.6536,0
109.6736,0
109.6936,0
109.7136,0
109.7336,0
109.7536,0
109.7736,0
109.7936,0
109.8136,0
109.8336,0
109.8536,0
109.8736,0
109.8936,0
109.9136,0
109.9336,0
109.9536,0
109.9736,0
109.9936,0
110.0135,0
110.0335,0
110.0535,0
110.0735,0
110.0935,0
110.1135,0
110.1335,0
110.1535,0
110.1735,0
110.1935,0
110.2135,0
110.2335,0
110.2535,0
110.2735,0
110.2935,0
110.3135,0
110.3335,0
110.3535,0
110.3735,0
110.3935,0
110.4135,0
110.4335,0
110.4535,0
110.4735,0
110.4935,0
110.5135,0
110.5335,0
110.5535,0
110.5735,0
110.5935,0
110.6134,0
110.6334,0
110.6534,0
110.6734,0
110.6934,0
110.7134,0
110.7334,0
110.7534,0
110.7734,0
110.7934,0
110.8134,0
110.8334,0
110.8534,0
110.8734,0
110.8934,0
110.9134,0
110.9334,0
110.9534,0
110.9734,0
110.9934,0
111.0134,0
111.0334,0
111.0534,0
111.0734,0
111.0934,0
111.1134,0
111.1334,0
111.1534,0
111.1734,0
111.1934,0
111.2133,0
111.2333,0
111.2533,0
111.2733,0
111.2933,0
111.3133,0
111.3333,0
111.3533,0
111.3733,0
111.3933,0
111.4133,0
111.4333,0
111.4533,0
111.4733,0
111.4933,0
111.5133,0
111.5333,0
111.5533,0
111.5733,0
111.5933,0
111.6133,0
111.6333,0
111.6533,0
111.6733,0
111.6933,0
111.7133,0
111.7333,0
111.7533,0
111.7733,0
111.7933,0
111.8132,0
111.8332,0
111.8532,0
111.8732,0
111.8932,0
111.9132,0
111.9332,0
111.9532,0
111.9732,0
111.9932,0
112.0132,0
112.0332,0
112.0532,0
112.0732,0
112.0932,0
112.1132,0
112.1332,0
112.1532,0
112.1732,0
112.1932,0
112.2132,0
112.2332,0
112.2532,0
112.2732,0
112.2932,0
112.3132,0
112.3332,0
112.3532,0
112.3732,0
112.3932,0
112.4131,0
112.4331,0
112.4531,0
112.4731,0
112.4931,0
112.5131,0
112.5331,0
112.5531,0
112.5731,0
112.5931,0
112.6131,0
112.6331,0
112.6531,0
112.6731,0
112.6931,0
112.7131,0
112.7331,0
112.7531,0
112.7731,0
112.7931,0
112.8131,0
112.8331,0
112.8531,0
112.8731,0
112.8931,0
112.9131,0
112.9331,0
112.9531,0
112.9731,0
112.993,0
113.013,0
113.033,0
113.053,0
113.073,0
113.093,0
113.113,0
113.133,0
113.153,0
113.173,0
113.193,0
113.213,0
113.233,0
113.253,0
113.273,0
113.293,0
113.313,0
113.333,0
113.353,0
113.373,0
113.393,0
113.413,0
113.433,0
113.453,0
113.473,0
113.493,0
113.513,0
113.533,0
113.553,0
113.573,0
113.5929,0
113.6129,0
113.6329,0
113.6529,0
113.6729,0
113.6929,0
113.7129,0
113.7329,0
113.7529,0
113.7729,0
113.7929,0
113.8129,0
113.8329,0
113.8529,0
113.8729,0
113.8929,0
113.9129,0
113.9329,0
113.9529,0
113.9729,0
113.9929,0
114.0129,0
114.0329,0
114.0529,0
114.0729,0
114.0929,0
114.1129,0
114.1329,0
114.1529,0
114.1729,0
114.1928,0
114.2128,0
114.2328,0
114.2528,0
114.2728,0
114.2928,0
114.3128,0
114.3328,0
114.3528,0
114.3728,0
114.3928,0
114.4128,0
114.4328,0
114.4528,0
114.4728,0
114.4928,0
114.5128,0
114.5328,0
114.5528,0
114.5728,0
114.5928,0
114.6128,0
114.6328,0
114.6528,0
114.6728,0
114.6928,0
114.7128,0
114.7328,0
114.7528,0
114.7728,0
114.7927,0
114.8127,0
114.8327,0
114.8527,0
114.8727,0
114.8927,0
114.9127,0
114.9327,0
114.9527,0
114.9727,0
114.9927,0
115.0127,0
115.0327,0
115.0527,0
115.0727,0
115.0927,0
115.1127,0
115.1327,0
115.1527,0
115.1727,0
115.1927,0
115.2127,0
115.2327,0
115.2527,0
115.2727,0
115.2927,0
115.3127,0
115.3327,0
115.3527,0
115.3727,0
115.3926,0
115.4126,0
115.4326,0
115.4526,0
115.4726,0
115.4926,0
115.5126,0
115.5326,0
115.5526,0
115.5726,0
115.5926,0
115.6126,0
115.6326,0
115.6526,0
115.6726,0
115.6926,0
115.7126,0
115.7326,0
115.7526,0
115.7726,0
115.7926,0
115.8126,0
115.8326,0
115.8526,0
115.8726,0
115.8926,0
115.9126,0
115.9326,0
115.9526,0
115.9725,0
115.9925,0
116.0125,0
116.0325,0
116.0525,0
116.0725,0
116.0925,0
116.1125,0
116.1325,0
116.1525,0
116.1725,0
116.1925,0
116.2125,0
116.2325,0
116.2525,0
116.2725,0
116.2925,0
116.3125,0
116.3325,0
116.3525,0
116.3725,0
116.3925,0
116.4125,0
116.4325,0
116.4525,0
116.4725,0
116.4925,0
116.5125,0
116.5325,0
116.5525,0
116.5724,0
116.5924,0
116.6124,0
116.6324,0
116.6524,0
116.6724,0
116.6924,0
116.7124,0
116.7324,0
116.7524,0
116.7724,0
116.7924,0
116.8124,0
116.8324,0
116.8524,0
116.8724,0
116.8924,0
116.9124,0
116.9324,0
116.9524,0
116.9724,0
116.9924,0
117.0124,0
117.0324,0
117.0524,0
117.0724,0
117.0924,0
117.1124,0
117.1324,0
117.1524,0
117.1723,0
117.1923,0
117.2123,0
117.2323,0
117.2523,0
117.2723,0
117.2923,0
117.3123,0
117.3323,0
117.3523,0
117.3723,0
117.3923,0
117.4123,0
117.4323,0
117.4523,0
117.4723,0
117.4923,0
117.5123,0
117.5323,0
117.5523,0
117.5723,0
117.5923,0
117.6123,0
117.6323,0
117.6523,0
117.6723,0
117.6923,0
117.7123,0
117.7323,0
117.7523,0
117.7722,0
117.7922,0
117.8122,0
117.8322,0
117.8522,0
117.8722,0
117.8922,0
117.9122,0
117.9322,0
117.9522,0
117.9722,0
117.9922,0
118.0122,0
118.0322,0
118.0522,0
118.0722,0
118.0922,0
118.1122,0
118.1322,0
118.1522,0
118.1722,0
118.1922,0
118.2122,0
118.2322,0
118.2522,0
118.2722,0
118.2922,0
118.3122,0
118.3322,0
118.3521,0
118.3721,0
118.3921,0
118.4121,0
118.4321,0
118.4521,0
118.4721,0
118.4921,0
118.5121,0
118.5321,0
118.5521,0
118.5721,0
118.5921,0
118.6121,0
118.6321,0
118.6521,0
118.6721,0
118.6921,0
118.7121,0
118.7321,0
118.7521,0
118.7721,0
118.7921,0
118.8121,0
118.8321,0
118.8521,0
118.8721,0
118.8921,0
118.9121,0
118.9321,0
118.952,0
118.972,0
118.992,0
119.012,0
119.032,0
119.052,0
119.072,0
119.092,0
119.112,0
119.132,0
119.152,0
119.172,0
119.192,0
119.212,0
119.232,0
119.252,0
119.272,0
119.292,0
119.312,0
119.332,0
119.352,0
119.372,0
119.392,0
119.412,0
119.432,0
119.452,0
119.472,0
119.492,0
119.512,0
119.532,0
119.5519,0
119.5719,0
119.5919,0
119.6119,0
119.6319,0
119.6519,0
119.6719,0
119.6919,0
119.7119,0
119.7319,0
119.7519,0
119.7719,0
119.7919,0
119.8119,0
119.8319,0
119.8519,0
119.8719,0
119.8919,0
119.9119,0
119.9319,0
119.9519,0
119.9719,0
119.9919,0
120.0119,0
120.0319,0
120.0519,0
120.0719,0
120.0919,0
120.1119,0
120.1319,0
120.1518,0
120.1718,0
120.1918,0
120.2118,0
120.2318,0
120.2518,0
120.2718,0
120.2918,0
120.3118,0
120.3318,0
120.3518,0
120.3718,0
120.3918,0
120.4118,0
120.4318,0
120.4518,0
120.4718,0
120.4918,0
120.5118,0
120.5318,0
120.5518,0
120.5718,0
120.5918,0
120.6118,0
120.6318,0
120.6518,0
120.6718,0
120.6918,0
120.7118,0
120.7318,0
120.7517,0
120.7717,0
120.7917,0
120.8117,0
120.8317,0
120.8517,0
120.8717,0
120.8917,0
120.9117,0
120.9317,0
120.9517,0
120.9717,0
120.9917,0
121.0117,0
121.0317,0
121.0517,0
121.0717,0
121.0917,0
121.1117,0
121.1317,0
121.1517,0
121.1717,0
121.1917,0
121.2117,0
121.2317,0
121.2517,0
121.2717,0
121.2917,0
121.3117,0
121.3316,0
121.3516,0
121.3716,0
121.3916,0
121.4116,0
121.4316,0
121.4516,0
121.4716,0
121.4916,0
121.5116,0
121.5316,0
121.5516,0
121.5716,0
121.5916,0
121.6116,0
121.6316,0
121.6516,0
121.6716,0
121.6916,0
121.7116,0
121.7316,0
121.7516,0
121.7716,0
121.7916,0
121.8116,0
121.8316,0
121.8516,0
121.8716,0
121.8916,0
121.9116,0
121.9315,0
121.9515,0
121.9715,0
121.9915,0
122.0115,0
122.0315,0
122.0515,0
122.0715,0
122.0915,0
122.1115,0
122.1315,0
122.1515,0
122.1715,0
122.1915,0
122.2115,0
122.2315,0
122.2515,0
122.2715,0
122.2915,0
122.3115,0
122.3315,0
122.3515,0
122.3715,0
122.3915,0
122.4115,0
122.4315,0
122.4515,0
122.4715,0
122.4915,0
122.5115,0
122.5314,0
122.5514,0
122.5714,0
122.5914,0
122.6114,0
122.6314,0
122.6514,0
122.6714,0
122.6914,0
122.7114,0
122.7314,0
122.7514,0
122.7714,0
122.7914,0
122.8114,0
122.8314,0
122.8514,0
122.8714,0
122.8914,0
122.9114,0
122.9314,0
122.9514,0
122.9714,0
122.9914,0
123.0114,0
123.0314,0
123.0514,0
123.0714,0
123.0914,0
123.1114,0
123.1313,0
123.1513,0
123.1713,0
123.1913,0
123.2113,0
123.2313,0
123.2513,0
123.2713,0
123.2913,0
123.3113,0
123.3313,0
123.3513,0
123.3713,0
123.3913,0
123.4113,0
123.4313,0
123.4513,0
123.4713,0
123.4913,0
123.5113,0
123.5313,0
123.5513,0
123.5713,0
123.5913,0
123.6113,0
123.6313,0
123.6513,0
123.6713,0
123.6913,0
123.7113,0
123.7312,0
123.7512,0
123.7712,0
123.7912,0
123.8112,0
123.8312,0
123.8512,0
123.8712,0
123.8912,0
123.9112,0
123.9312,0
123.9512,0
123.9712,0
123.9912,0
124.0112,0
124.0312,0
124.0512,0
124.0712,0
124.0912,0
124.1112,0
124.1312,0
124.1512,0
124.1712,0
124.1912,0
124.2112,0
124.2312,0
124.2512,0
124.2712,0
124.2912,0
124.3111,0
124.3311,0
124.3511,0
124.3711,0
124.3911,0
124.4111,0
124.4311,0
124.4511,0
124.4711,0
124.4911,0
124.5111,0
124.5311,0
124.5511,0
124.5711,0
124.5911,0
124.6111,0
124.6311,0
124.6511,0
124.6711,0
124.6911,0
124.7111,0
124.7311,0
124.7511,0
124.7711,0
124.7911,0
124.8111,0
124.8311,0
124.8511,0
124.8711,0
124.8911,0
124.911,0
124.931,0
124.951,0
124.971,0
124.991,0
125.011,0
125.031,0
125.051,0
125.071,0
125.091,0
125.111,0
125.131,0
125.151,0
125.171,0
125.191,0
125.211,0
125.231,0
125.251,0
125.271,0
125.291,0
125.311,0
125.331,0
125.351,0
125.371,0
125.391,0
125.411,0
125.431,0
125.451,0
125.471,0
125.491,0
125.5109,0
125.5309,0
125.5509,0
125.5709,0
125.5909,0
125.6109,0
125.6309,0
125.6509,0
125.6709,0
125.6909,0
125.7109,0
125.7309,0
125.7509,0
125.7709,0
125.7909,0
125.8109,0
125.8309,0
125.8509,0
125.8709,0
125.8909,0
125.9109,0
125.9309,0
125.9509,0
125.9709,0
125.9909,0
126.0109,0
126.0309,0
126.0509,0
126.0709,0
126.0909,0
126.1108,0
126.1308,0
126.1508,0
126.1708,0
126.1908,0
126.2108,0
126.2308,0
126.2508,0
126.2708,0
126.2908,0
126.3108,0
126.3308,0
126.3508,0
126.3708,0
126.3908,0
126.4108,0
126.4308,0
126.4508,0
126.4708,0
126.4908,0
126.5108,0
126.5308,0
126.5508,0
126.5708,0
126.5908,0
126.6108,0
126.6308,0
126.6508,0
126.6708,0
126.6908,0
126.7107,0
126.7307,0
126.7507,0
126.7707,0
126.7907,0
126.8107,0
126.8307,0
126.8507,0
126.8707,0
126.8907,0
126.9107,0
126.9307,0
126.9507,0
126.9707,0
126.9907,0
127.0107,0
127.0307,0
127.0507,0
127.0707,0
127.0907,0
127.1107,0
127.1307,0
127.1507,0
127.1707,0
127.1907,0
127.2107,0
127.2307,0
127.2507,0
127.2707,0
127.2906,0
127.3106,0
127.3306,0
127.3506,0
127.3706,0
127.3906,0
127.4106,0
127.4306,0
127.4506,0
127.4706,0
127.4906,0
127.5106,0
127.5306,0
127.5506,0
127.5706,0
127.5906,0
127.6106,0
127.6306,0
127.6506,0
127.6706,0
127.6906,0
127.7106,0
127.7306,0
127.7506,0
127.7706,0
127.7906,0
127.8106,0
127.8306,0
127.8506,0
127.8706,0
127.8905,0
127.9105,0
127.9305,0
127.9505,0
127.9705,0
127.9905,0
128.0105,0
128.0305,0
128.0505,0
128.0705,0
128.0905,0
128.1105,0
128.1306,0
128.1506,0
128.1706,0
128.1906,0
128.2106,0
128.2306,0
128.2506,0
128.2706,0
128.2906,0
128.3106,0
128.3306,0
128.3506,0
128.3706,0
128.3906,0
128.4106,0
128.4306,0
128.4506,0
128.4706,0
128.4906,0
128.5106,0
128.5306,0
128.5506,0
128.5706,0
128.5907,0
128.6107,0
128.6307,0
128.6507,0
128.6707,0
128.6907,0
128.7107,0
128.7307,0
128.7507,0
128.7707,0
128.7907,0
128.8107,0
128.8307,0
128.8507,0
128.8707,0
128.8907,0
128.9107,0
128.9307,0
128.9507,0
128.9707,0
128.9907,0
129.0107,0
129.0307,0
129.0508,0
129.0708,0
129.0908,0
129.1108,0
129.1308,0
129.1508,0
129.1708,0
129.1908,0
129.2108,0
129.2308,0
129.2508,0
129.2708,0
129.2908,0
129.3108,0
129.3308,0
129.3508,0
129.3708,0
129.3908,0
129.4108,0
129.4308,0
129.4508,0
129.4708,0
129.4908,0
129.5108,0
129.5309,0
129.5509,0
129.5709,0
129.5909,0
129.6109,0
129.6309,0
129.6509,0
129.6709,0
129.6909,0
129.7109,0
129.7309,0
129.7509,0
129.7709,0
129.7909,0
129.8109,0
129.8309,0
129.8509,0
129.8709,0
129.8909,0
129.9109,0
129.9309,0
129.9509,0
129.9709,0
129.991,0
130.011,0
130.031,0
130.051,0
130.071,0
130.091,0
130.111,0
130.131,0
130.151,0
130.171,0
130.191,0
130.211,0
130.231,0
130.251,0
130.271,0
130.291,0
130.311,0
130.331,0
130.351,0
130.371,0
130.391,0
130.411,0
130.431,0
130.451,0
130.4711,0
130.4911,0
130.5111,0
130.5311,0
130.5511,0
130.5711,0
130.5911,0
130.6111,0
130.6311,0
130.6511,0
130.6711,0
130.6911,0
130.7111,0
130.7311,0
130.7511,0
130.7711,0
130.7911,0
130.8111,0
130.8311,0
130.8511,0
130.8711,0
130.8911,0
130.9111,0
130.9312,0
130.9512,0
130.9712,0
130.9912,0
131.0112,0
131.0312,0
131.0512,0
131.0712,0
131.0912,0
131.1112,0
131.1312,0
131.1512,0
131.1712,0
131.1912,0
131.2112,0
131.2312,0
131.2512,0
131.2712,0
131.2912,0
131.3112,0
131.3312,0
131.3512,0
131.3712,0
131.3913,0
131.4113,0
131.4313,0
131.4513,0
131.4713,0
131.4913,0
131.5113,0
131.5313,0
131.5513,0
131.5713,0
131.5913,0
131.6113,0
131.6313,0
131.6513,0
131.6713,0
131.6913,0
131.7113,0
131.7313,0
131.7513,0
131.7713,0
131.7913,0
131.8113,0
131.8313,0
131.8513,0
131.8714,0
131.8914,0
131.9114,0
131.9314,0
131.9514,0
131.9714,0
131.9914,0
132.0114,0
132.0314,0
132.0514,0
132.0714,0
132.0914,0
132.1114,0
132.1314,0
132.1514,0
132.1714,0
132.1914,0
132.2114,0
132.2314,0
132.2514,0
132.2714,0
132.2914,0
132.3114,0
132.3315,0
132.3515,0
132.3715,0
132.3915,0
132.4115,0
132.4315,0
132.4515,0
132.4715,0
132.4915,0
132.5115,0
132.5315,0
132.5515,0
132.5715,0
132.5915,0
132.6115,0
132.6315,0
132.6515,0
132.6715,0
132.6915,0
132.7115,0
132.7315,0
132.7515,0
132.7715,0
132.7915,0
132.8116,0
132.8316,0
132.8516,0
132.8716,0
132.8916,0
132.9116,0
132.9316,0
132.9516,0
132.9716,0
132.9916,0
133.0116,0
133.0316,0
133.0516,0
133.0716,0
133.0916,0
133.1116,0
133.1316,0
133.1516,0
133.1716,0
133.1916,0
133.2116,0
133.2316,0
133.2516,0
133.2717,0
133.2917,0
133.3117,0
133.3317,0
133.3517,0
133.3717,0
133.3917,0
133.4117,0
133.4317,0
133.4517,0
133.4717,0
133.4917,0
133.5117,0
133.5317,0
133.5517,0
133.5717,0
133.5917,0
133.6117,0
133.6317,0
133.6517,0
133.6717,0
133.6917,0
133.7117,0
133.7318,0
133.7518,0
133.7718,0
133.7918,0
133.8118,0
133.8318,0
133.8518,0
133.8718,0
133.8918,0
133.9118,0
133.9318,0
133.9518,0
133.9718,0
133.9918,0
134.0118,0
134.0318,0
134.0518,0
134.0718,0
134.0918,0
134.1118,0
134.1318,0
134.1518,0
134.1718,0
134.1918,0
134.2119,0
134.2319,0
134.2519,0
134.2719,0
134.2919,0
134.3119,0
134.3319,0
134.3519,0
134.3719,0
134.3919,0
134.4119,0
134.4319,0
134.4519,0
134.4719,0
134.4919,0
134.5119,0
134.5319,0
134.5519,0
134.5719,0
134.5919,0
134.6119,0
134.6319,0
134.6519,0
134.672,0
134.692,0
134.712,0
134.732,0
134.752,0
134.772,0
134.792,0
134.812,0
134.832,0
134.852,0
134.872,0
134.892,0
134.912,0
134.932,0
134.952,0
134.972,0
134.992,0
135.012,0
135.032,0
135.052,0
135.072,0
135.092,0
135.112,0
135.132,0
135.1521,0
135.1721,0
135.1921,0
135.2121,0
135.2321,0
135.2521,0
135.2721,0
135.2921,0
135.3121,0
135.3321,0
135.3521,0
135.3721,0
135.3921,0
135.4121,0
135.4321,0
135.4521,0
135.4721,0
135.4921,0
135.5121,0
135.5321,0
135.5521,0
135.5721,0
135.5921,0
135.6122,0
135.6322,0
135.6522,0
135.6722,0
135.6922,0
135.7122,0
135.7322,0
135.7522,0
135.7722,0
135.7922,0
135.8122,0
135.8322,0
135.8522,0
135.8722,0
135.8922,0
135.9122,0
135.9322,0
135.9522,0
135.9722,0
135.9922,0
136.0122,0
136.0322,0
136.0522,0
136.0723,0
136.0923,0
136.1123,0
136.1323,0
136.1523,0
136.1723,0
136.1923,0
136.2123,0
136.2323,0
136.2523,0
136.2723,0
136.2923,0
136.3123,0
136.3323,0
136.3523,0
136.3723,0
136.3923,0
136.4123,0
136.4323,0
136.4523,0
136.4723,0
136.4923,0
136.5123,0
136.5323,0
136.5524,0
136.5724,0
136.5924,0
136.6124,0
136.6324,0
136.6524,0
136.6724,0
136.6924,0
136.7124,0
136.7324,0
136.7524,0
136.7724,0
136.7924,0
136.8124,0
136.8324,0
136.8524,0
136.8724,0
136.8924,0
136.9124,0
136.9324,0
136.9524,0
136.9724,0
136.9924,0
137.0125,0
137.0325,0
137.0525,0
137.0725,0
137.0925,0
137.1125,0
137.1325,0
137.1525,0
137.1725,0
137.1925,0
137.2125,0
137.2325,0
137.2525,0
137.2725,0
137.2925,0
137.3125,0
137.3325,0
137.3525,0
137.3725,0
137.3925,0
137.4125,0
137.4325,0
137.4525,0
137.4725,0
137.4926,0
137.5126,0
137.5326,0
137.5526,0
137.5726,0
137.5926,0
137.6126,0
137.6326,0
137.6526,0
137.6726,0
137.6926,0
137.7126,0
137.7326,0
137.7526,0
137.7726,0
137.7926,0
137.8126,0
137.8326,0
137.8526,0
137.8726,0
137.8926,0
137.9126,0
137.9326,0
137.9527,0
137.9727,0
137.9927,0
138.0127,0
138.0327,0
138.0527,0
138.0727,0
138.0927,0
138.1127,0
138.1327,0
138.1527,0
138.1727,0
138.1927,0
138.2127,0
138.2327,0
138.2527,0
138.2727,0
138.2927,0
138.3127,0
138.3327,0
138.3527,0
138.3727,0
138.3927,0
138.4128,0
138.4328,0
138.4528,0
138.4728,0
138.4928,0
138.5128,0
138.5328,0
138.5528,0
138.5728,0
138.5928,0
138.6128,0
138.6328,0
138.6528,0
138.6728,0
138.6928,0
138.7128,0
138.7328,0
138.7528,0
138.7728,0
138.7928,0
138.8128,0
138.8328,0
138.8528,0
138.8728,0
138.8929,0
138.9129,0
138.9329,0
138.9529,0
138.9729,0
138.9929,0
139.0129,0
139.0329,0
139.0529,0
139.0729,0
139.0929,0
139.1129,0
139.1329,0
139.1529,0
139.1729,0
139.1929,0
139.2129,0
139.2329,0
139.2529,0
139.2729,0
139.2929,0
139.3129,0
139.3329,0
139.353,0
139.373,0
139.393,0
139.413,0
139.433,0
139.453,0
139.473,0
139.493,0
139.513,0
139.533,0
139.553,0
139.573,0
139.593,0
139.613,0
139.633,0
139.653,0
139.673,0
139.693,0
139.713,0
139.733,0
139.753,0
139.773,0
139.793,0
139.813,0
139.8331,0
139.8531,0
139.8731,0
139.8931,0
139.9131,0
139.9331,0
139.9531,0
139.9731,0
139.9931,0
140.0131,0
140.0331,0
140.0531,0
140.0731,0
140.0931,0
140.1131,0
140.1331,0
140.1531,0
140.1731,0
140.1931,0
140.2131,0
140.2331,0
140.2531,0
140.2731,0
140.2932,0
140.3132,0
140.3332,0
140.3532,0
140.3732,0
140.3932,0
140.4132,0
140.4332,0
140.4532,0
140.4732,0
140.4932,0
140.5132,0
140.5332,0
140.5532,0
140.5732,0
140.5932,0
140.6132,0
140.6332,0
140.6532,0
140.6732,0
140.6932,0
140.7132,0
140.7332,0
140.7533,0
140.7733,0
140.7933,0
140.8133,0
140.8333,0
140.8533,0
140.8733,0
140.8933,0
140.9133,0
140.9333,0
140.9533,0
140.9733,0
140.9933,0
141.0133,0
141.0333,0
141.0533,0
141.0733,0
141.0933,0
141.1133,0
141.1333,0
141.1533,0
141.1733,0
141.1933,0
141.2133,0
141.2334,0
141.2534,0
141.2734,0
141.2934,0
141.3134,0
141.3334,0
141.3534,0
141.3734,0
141.3934,0
141.4134,0
141.4334,0
141.4534,0
141.4734,0
141.4934,0
141.5134,0
141.5334,0
141.5534,0
141.5734,0
141.5934,0
141.6134,0
141.6334,0
141.6534,0
141.6734,0
141.6935,0
141.7135,0
141.7335,0
141.7535,0
141.7735,0
141.7935,0
141.8135,0
141.8335,0
141.8535,0
141.8735,0
141.8935,0
141.9135,0
141.9335,0
141.9535,0
141.9735,0
141.9935,0
142.0135,0
142.0335,0
142.0535,0
142.0735,0
142.0935,0
142.1135,0
142.1335,0
142.1535,0
142.1736,0
142.1936,0
142.2136,0
142.2336,0
142.2536,0
142.2736,0
142.2936,0
142.3136,0
142.3336,0
142.3536,0
142.3736,0
142.3936,0
142.4136,0
142.4336,0
142.4536,0
142.4736,0
142.4936,0
142.5136,0
142.5336,0
142.5536,0
142.5736,0
142.5936,0
142.6136,0
142.6337,0
142.6537,0
142.6737,0
142.6937,0
142.7137,0
142.7337,0
142.7537,0
142.7737,0
142.7937,0
142.8137,0
142.8337,0
142.8537,0
142.8737,0
142.8937,0
142.9137,0
142.9337,0
142.9537,0
142.9737,0
142.9937,0
143.0137,0
143.0337,0
143.0537,0
143.0737,0
143.0938,0
143.1138,0
143.1338,0
143.1538,0
143.1738,0
143.1938,0
143.2138,0
143.2338,0
143.2538,0
143.2738,0
143.2938,0
143.3138,0
143.3338,0
143.3538,0
143.3738,0
143.3938,0
143.4138,0
143.4338,0
143.4538,0
143.4738,0
143.4938,0
143.5138,0
143.5338,0
143.5538,0
143.5739,0
143.5939,0
143.6139,0
143.6339,0
143.6539,0
143.6739,0
143.6939,0
143.7139,0
143.7339,0
143.7539,0
143.7739,0
143.7939,0
143.8139,0
143.8339,0
143.8539,0
143.8739,0
143.8939,0
143.9139,0
143.9339,0
143.9539,0
143.9739,0
143.9939,0
144.0139,0
144.034,0
144.054,0
144.074,0
144.094,0
144.114,0
144.134,0
144.154,0
144.174,0
144.194,0
144.214,0
144.234,0
144.254,0
144.274,0
144.294,0
144.314,0
144.334,0
144.354,0
144.374,0
144.394,0
144.414,0
144.434,0
144.454,0
144.474,0
144.494,0
144.5141,0
144.5341,0
144.5541,0
144.5741,0
144.5941,0
144.6141,0
144.6341,0
144.6541,0
144.6741,0
144.6941,0
144.7141,0
144.7341,0
144.7541,0
144.7741,0
144.7941,0
144.8141,0
144.8341,0
144.8541,0
144.8741,0
144.8941,0
144.9141,0
144.9341,0
144.9541,0
144.9742,0
144.9942,0
145.0142,0
145.0342,0
145.0542,0
145.0742,0
145.0942,0
145.1142,0
145.1342,0
145.1542,0
145.1742,0
145.1942,0
145.2142,0
145.2342,0
145.2542,0
145.2742,0
145.2942,0
145.3142,0
145.3342,0
145.3542,0
145.3742,0
145.3942,0
145.4142,0
145.4342,0
145.4543,0
145.4743,0
145.4943,0
145.5143,0
145.5343,0
145.5543,0
145.5743,0
145.5943,0
145.6143,0
145.6343,0
145.6543,0
145.6743,0
145.6943,0
145.7143,0
145.7343,0
145.7543,0
145.7743,0
145.7943,0
145.8143,0
145.8343,0
145.8543,0
145.8743,0
145.8943,0
145.9144,0
145.9344,0
145.9544,0
145.9744,0
145.9944,0
146.0144,0
146.0344,0
146.0544,0
146.0744,0
146.0944,0
146.1144,0
146.1344,0
146.1544,0
146.1744,0
146.1944,0
146.2144,0
146.2344,0
146.2544,0
146.2744,0
146.2944,0
146.3144,0
146.3344,0
146.3544,0
146.3745,0
146.3945,0
146.4145,0
146.4345,0
146.4545,0
146.4745,0
146.4945,0
146.5145,0
146.5345,0
146.5545,0
146.5745,0
146.5945,0
146.6145,0
146.6345,0
146.6545,0
146.6745,0
146.6945,0
146.7145,0
146.7345,0
146.7545,0
146.7745,0
146.7945,0
146.8145,0
146.8345,0
146.8546,0
146.8746,0
146.8946,0
146.9146,0
146.9346,0
146.9546,0
146.9746,0
146.9946,0
147.0146,0
147.0346,0
147.0546,0
147.0746,0
147.0946,0
147.1146,0
147.1346,0
147.1546,0
147.1746,0
147.1946,0
147.2146,0
147.2346,0
147.2546,0
147.2746,0
147.2946,0
147.3147,0
147.3347,0
147.3547,0
147.3747,0
147.3947,0
147.4147,0
147.4347,0
147.4547,0
147.4747,0
147.4947,0
147.5147,0
147.5347,0
147.5547,0
147.5747,0
147.5947,0
147.6147,0
147.6347,0
147.6547,0
147.6747,0
147.6947,0
147.7147,0
147.7347,0
147.7547,0
147.7747,0
147.7948,0
147.8148,0
147.8348,0
147.8548,0
147.8748,0
147.8948,0
147.9148,0
147.9348,0
147.9548,0
147.9748,0
147.9948,0
148.0148,0
148.0348,0
148.0548,0
148.0748,0
148.0948,0
148.1148,0
148.1348,0
148.1548,0
148.1748,0
148.1948,0
148.2148,0
148.2348,0
148.2549,0
148.2749,0
148.2949,0
148.3149,0
148.3349,0
148.3549,0
148.3749,0
148.3949,0
148.4149,0
148.4349,0
148.4549,0
148.4749,0
148.4949,0
148.5149,0
148.5349,0
148.5549,0
148.5749,0
148.5949,0
148.6149,0
148.6349,0
148.6549,0
148.6749,0
148.6949,0
148.715,0
148.735,0
148.755,0
148.775,0
148.795,0
148.815,0
148.835,0
148.855,0
148.875,0
148.895,0
148.915,0
148.935,0
148.955,0
148.975,0
148.995,0
149.015,0
149.035,0
149.055,0
149.075,0
149.095,0
149.115,0
149.135,0
149.155,0
149.175,0
149.1951,0
149.2151,0
149.2351,0
149.2551,0
149.2751,0
149.2951,0
149.3151,0
149.3351,0
149.3551,0
149.3751,0
149.3951,0
149.4151,0
149.4351,0
149.4551,0
149.4751,0
149.4951,0
149.5151,0
149.5351,0
149.5551,0
149.5751,0
149.5951,0
149.6151,0
149.6351,0
149.6552,0
149.6752,0
149.6952,0
149.7152,0
149.7352,0
149.7552,0
149.7752,0
149.7952,0
149.8152,0
149.8352,0
149.8552,0
149.8752,0
149.8952,0
149.9152,0
149.9352,0
149.9552,0
149.9752,0
149.9952,0
150.0152,0
150.0352,0
150.0552,0
150.0752,0
150.0952,0
150.1152,0
150.1353,0
150.1553,0
150.1753,0
150.1953,0
150.2153,0
150.2353,0
150.2553,0
150.2753,0
150.2953,0
150.3153,0
150.3353,0
150.3553,0
150.3753,0
150.3953,0
150.4153,0
150.4353,0
150.4553,0
150.4753,0
150.4953,0
150.5153,0
150.5353,0
150.5553,0
150.5753,0
150.5954,0
150.6154,0
150.6354,0
150.6554,0
150.6754,0
150.6954,0
150.7154,0
150.7354,0
150.7554,0
150.7754,0
150.7954,0
150.8154,0
150.8354,0
150.8554,0
150.8754,0
150.8954,0
150.9154,0
150.9354,0
150.9554,0
150.9754,0
150.9954,0
151.0154,0
151.0354,0
151.0555,0
151.0755,0
151.0955,0
151.1155,0
151.1355,0
151.1555,0
151.1755,0
151.1955,0
151.2155,0
151.2355,0
151.2555,0
151.2755,0
151.2955,0
151.3155,0
151.3355,0
151.3555,0
151.3755,0
151.3955,0
151.4155,0
151.4355,0
151.4555,0
151.4755,0
151.4955,0
151.5155,0
151.5356,0
151.5556,0
151.5756,0
151.5956,0
151.6156,0
151.6356,0
151.6556,0
151.6756,0
151.6956,0
151.7156,0
151.7356,0
151.7556,0
151.7756,0
151.7956,0
151.8156,0
151.8356,0
151.8556,0
151.8756,0
151.8956,0
151.9156,0
151.9356,0
151.9556,0
151.9756,0
151.9957,0
152.0157,0
152.0357,0
152.0557,0
152.0757,0
152.0957,0
152.1157,0
152.1357,0
152.1557,0
152.1757,0
152.1957,0
152.2157,0
152.2357,0
152.2557,0
152.2757,0
152.2957,0
152.3157,0
152.3357,0
152.3557,0
152.3757,0
152.3957,0
152.4157,0
152.4357,0
152.4557,0
152.4758,0
152.4958,0
152.5158,0
152.5358,0
152.5558,0
152.5758,0
152.5958,0
152.6158,0
152.6358,0
152.6558,0
152.6758,0
152.6958,0
152.7158,0
152.7358,0
152.7558,0
152.7758,0
152.7958,0
152.8158,0
152.8358,0
152.8558,0
152.8758,0
152.8958,0
152.9158,0
152.9359,0
152.9559,0
152.9759,0
152.9959,0
153.0159,0
153.0359,0
153.0559,0
153.0759,0
153.0959,0
153.1159,0
153.1359,0
153.1559,0
153.1759,0
153.1959,0
153.2159,0
153.2359,0
153.2559,0
153.2759,0
153.2959,0
153.3159,0
153.3359,0
153.3559,0
153.3759,0
153.396,0
153.416,0
153.436,0
153.456,0
153.476,0
153.496,0
153.516,0
153.536,0
153.556,0
153.576,0
153.596,0
153.616,0
153.636,0
153.656,0
153.676,0
153.696,0
153.716,0
153.736,0
153.756,0
153.776,0
153.796,0
153.816,0
153.836,0
153.856,0
153.8761,0
153.8961,0
153.9161,0
153.9361,0
153.9561,0
153.9761,0
153.9961,0
154.0161,0
154.0361,0
154.0561,0
154.0761,0
154.0961,0
154.1161,0
154.1361,0
154.1561,0
154.1761,0
154.1961,0
154.2161,0
154.2361,0
154.2561,0
154.2761,0
154.2961,0
154.3161,0
154.3362,0
154.3562,0
154.3762,0
154.3962,0
154.4162,0
154.4362,0
154.4562,0
154.4762,0
154.4962,0
154.5162,0
154.5362,0
154.5562,0
154.5762,0
154.5962,0
154.6162,0
154.6362,0
154.6562,0
154.6762,0
154.6962,0
154.7162,0
154.7362,0
154.7562,0
154.7762,0
154.7962,0
154.8163,0
154.8363,0
154.8563,0
154.8763,0
154.8963,0
154.9163,0
154.9363,0
154.9563,0
154.9763,0
154.9963,0
155.0163,0
155.0363,0
155.0563,0
155.0763,0
155.0963,0
155.1163,0
155.1363,0
155.1563,0
155.1763,0
155.1963,0
155.2163,0
155.2363,0
155.2563,0
155.2764,0
155.2964,0
155.3164,0
155.3364,0
155.3564,0
155.3764,0
155.3964,0
155.4164,0
155.4364,0
155.4564,0
155.4764,0
155.4964,0
155.5164,0
155.5364,0
155.5564,0
155.5764,0
155.5964,0
155.6164,0
155.6364,0
155.6564,0
155.6764,0
155.6964,0
155.7164,0
155.7365,0
155.7565,0
155.7765,0
155.7965,0
155.8165,0
155.8365,0
155.8565,0
155.8765,0
155.8965,0
155.9165,0
155.9365,0
155.9565,0
155.9765,0
155.9965,0
156.0165,0
156.0365,0
156.0565,0
156.0765,0
156.0965,0
156.1165,0
156.1365,0
156.1565,0
156.1765,0
156.1965,0
156.2166,0
156.2366,0
156.2566,0
156.2766,0
156.2966,0
156.3166,0
156.3366,0
156.3566,0
156.3766,0
156.3966,0
156.4166,0
156.4366,0
156.4566,0
156.4766,0
156.4966,0
156.5166,0
156.5366,0
156.5566,0
156.5766,0
156.5966,0
156.6166,0
156.6366,0
156.6566,0
156.6767,0
156.6967,0
156.7167,0
156.7367,0
156.7567,0
156.7767,0
156.7967,0
156.8167,0
156.8367,0
156.8567,0
156.8767,0
156.8967,0
156.9167,0
156.9367,0
156.9567,0
156.9767,0
156.9967,0
157.0167,0
157.0367,0
157.0567,0
157.0767,0
157.0967,0
157.1167,0
157.1367,0
157.1568,0
157.1768,0
157.1968,0
157.2168,0
157.2368,0
157.2568,0
157.2768,0
157.2968,0
157.3168,0
157.3368,0
157.3568,0
157.3768,0
157.3968,0
157.4168,0
157.4368,0
157.4568,0
157.4768,0
157.4968,0
157.5168,0
157.5368,0
157.5568,0
157.5768,0
157.5968,0
157.6169,0
157.6369,0
157.6569,0
157.6769,0
157.6969,0
157.7169,0
157.7369,0
157.7569,0
157.7769,0
157.7969,0
157.8169,0
157.8369,0
157.8569,0
157.8769,0
157.8969,0
157.9169,0
157.9369,0
157.9569,0
157.9769,0
157.9969,0
158.0169,0
158.0369,0
158.0569,0
158.077,0
158.097,0
158.117,0
158.137,0
158.157,0
158.177,0
158.197,0
158.217,0
158.237,0
158.257,0
158.277,0
158.297,0
158.317,0
158.337,0
158.357,0
158.377,0
158.397,0
158.417,0
158.437,0
158.457,0
158.477,0
158.497,0
158.517,0
158.537,0
158.5571,0
158.5771,0
158.5971,0
158.6171,0
158.6371,0
158.6571,0
158.6771,0
158.6971,0
158.7171,0
158.7371,0
158.7571,0
158.7771,0
158.7971,0
158.8171,0
158.8371,0
158.8571,0
158.8771,0
158.8971,0
158.9171,0
158.9371,0
158.9571,0
158.9771,0
158.9971,0
159.0172,0
159.0372,0
159.0572,0
159.0772,0
159.0972,0
159.1172,0
159.1372,0
159.1572,0
159.1772,0
159.1972,0
159.2172,0
159.2372,0
159.2572,0
159.2772,0
159.2972,0
159.3172,0
159.3372,0
159.3572,0
159.3772,0
159.3972,0
159.4172,0
159.4372,0
159.4572,0
159.4772,0
159.4973,0
159.5173,0
159.5373,0
159.5573,0
159.5773,0
159.5973,0
159.6173,0
159.6373,0
159.6573,0
159.6773,0
159.6973,0
159.7173,0
159.7373,0
159.7573,0
159.7773,0
159.7973,0
159.8173,0
159.8373,0
159.8573,0
159.8773,0
159.8973,0
159.9173,0
159.9373,0
159.9574,0
159.9774,0
159.9974,0
160.0174,0
160.0374,0
160.0574,0
160.0774,0
160.0974,0
160.1174,0
160.1374,0
160.1574,0
160.1774,0
160.1974,0
160.2174,0
160.2374,0
160.2574,0
160.2774,0
160.2974,0
160.3174,0
160.3374,0
160.3574,0
160.3774,0
160.3974,0
160.4174,0
160.4375,0
160.4575,0
160.4775,0
160.4975,0
160.5175,0
160.5375,0
160.5575,0
160.5775,0
160.5975,0
160.6175,0
160.6375,0
160.6575,0
160.6775,0
160.6975,0
160.7175,0
160.7375,0
160.7575,0
160.7775,0
160.7975,0
160.8175,0
160.8375,0
160.8575,0
160.8775,0
160.8976,0
160.9176,0
160.9376,0
160.9576,0
160.9776,0
160.9976,0
161.0176,0
161.0376,0
161.0576,0
161.0776,0
161.0976,0
161.1176,0
161.1376,0
161.1576,0
161.1776,0
161.1976,0
161.2176,0
161.2376,0
161.2576,0
161.2776,0
161.2976,0
161.3176,0
161.3376,0
161.3577,0
161.3777,0
161.3977,0
161.4177,0
161.4377,0
161.4577,0
161.4777,0
161.4977,0
161.5177,0
161.5377,0
161.5577,0
161.5777,0
161.5977,0
161.6177,0
161.6377,0
161.6577,0
161.6777,0
161.6977,0
161.7177,0
161.7377,0
161.7577,0
161.7777,0
161.7977,0
161.8177,0
161.8378,0
161.8578,0
161.8778,0
161.8978,0
161.9178,0
161.9378,0
161.9578,0
161.9778,0
161.9978,0
162.0178,0
162.0378,0
162.0578,0
162.0778,0
162.0978,0
162.1178,0
162.1378,0
162.1578,0
162.1778,0
162.1978,0
162.2178,0
162.2378,0
162.2578,0
162.2778,0
162.2979,0
162.3179,0
162.3379,0
162.3579,0
162.3779,0
162.3979,0
162.4179,0
162.4379,0
162.4579,0
162.4779,0
162.4979,0
162.5179,0
162.5379,0
162.5579,0
162.5779,0
162.5979,0
162.6179,0
162.6379,0
162.6579,0
162.6779,0
162.6979,0
162.7179,0
162.7379,0
162.7579,0
162.778,0
162.798,0
162.818,0
162.838,0
162.858,0
162.878,0
162.898,0
162.918,0
162.938,0
162.958,0
162.978,0
162.998,0
163.018,0
163.038,0
163.058,0
163.078,0
163.098,0
163.118,0
163.138,0
163.158,0
163.178,0
163.198,0
163.218,0
163.2381,0
163.2581,0
163.2781,0
163.2981,0
163.3181,0
163.3381,0
163.3581,0
163.3781,0
163.3981,0
163.4181,0
163.4381,0
163.4581,0
163.4781,0
163.4981,0
163.5181,0
163.5381,0
163.5581,0
163.5781,0
163.5981,0
163.6181,0
163.6381,0
163.6581,0
163.6781,0
163.6982,0
163.7182,0
163.7382,0
163.7582,0
163.7782,0
163.7982,0
163.8182,0
163.8382,0
163.8582,0
163.8782,0
163.8982,0
163.9182,0
163.9382,0
163.9582,0
163.9782,0
163.9982,0
164.0182,0
164.0382,0
164.0582,0
164.0782,0
164.0982,0
164.1182,0
164.1382,0
164.1582,0
164.1783,0
164.1983,0
164.2183,0
164.2383,0
164.2583,0
164.2783,0
164.2983,0
164.3183,0
164.3383,0
164.3583,0
164.3783,0
164.3983,0
164.4183,0
164.4383,0
164.4583,0
164.4783,0
164.4983,0
164.5183,0
164.5383,0
164.5583,0
164.5783,0
164.5983,0
164.6183,0
164.6384,0
164.6584,0
164.6784,0
164.6984,0
164.7184,0
164.7384,0
164.7584,0
164.7784,0
164.7984,0
164.8184,0
164.8384,0
164.8584,0
164.8784,0
164.8984,0
164.9184,0
164.9384,0
164.9584,0
164.9784,0
164.9984,0
165.0184,0
165.0384,0
165.0584,0
165.0784,0
165.0984,0
165.1185,0
165.1385,0
165.1585,0
165.1785,0
165.1985,0
165.2185,0
165.2385,0
165.2585,0
165.2785,0
165.2985,0
165.3185,0
165.3385,0
165.3585,0
165.3785,0
165.3985,0
165.4185,0
165.4385,0
165.4585,0
165.4785,0
165.4985,0
165.5185,0
165.5385,0
165.5585,0
165.5786,0
165.5986,0
165.6186,0
165.6386,0
165.6586,0
165.6786,0
165.6986,0
165.7186,0
165.7386,0
165.7586,0
165.7786,0
165.7986,0
165.8186,0
165.8386,0
165.8586,0
165.8786,0
165.8986,0
165.9186,0
165.9386,0
165.9586,0
165.9786,0
165.9986,0
166.0186,0
166.0387,0
166.0587,0
166.0787,0
166.0987,0
166.1187,0
166.1387,0
166.1587,0
166.1787,0
166.1987,0
166.2187,0
166.2387,0
166.2587,0
166.2787,0
166.2987,0
166.3187,0
166.3387,0
166.3587,0
166.3787,0
166.3987,0
166.4187,0
166.4387,0
166.4587,0
166.4787,0
166.4987,0
166.5188,0
166.5388,0
166.5588,0
166.5788,0
166.5988,0
166.6188,0
166.6388,0
166.6588,0
166.6788,0
166.6988,0
166.7188,0
166.7388,0
166.7588,0
166.7788,0
166.7988,0
166.8188,0
166.8388,0
166.8588,0
166.8788,0
166.8988,0
166.9188,0
166.9388,0
166.9588,0
166.9789,0
166.9989,0
167.0189,0
167.0389,0
167.0589,0
167.0789,0
167.0989,0
167.1189,0
167.1389,0
167.1589,0
167.1789,0
167.1989,0
167.2189,0
167.2389,0
167.2589,0
167.2789,0
167.2989,0
167.3189,0
167.3389,0
167.3589,0
167.3789,0
167.3989,0
167.4189,0
167.4389,0
167.459,0
167.479,0
167.499,0
167.519,0
167.539,0
167.559,0
167.579,0
167.599,0
167.619,0
167.639,0
167.659,0
167.679,0
167.699,0
167.719,0
167.739,0
167.759,0
167.779,0
167.799,0
167.819,0
167.839,0
167.859,0
167.879,0
167.899,0
167.9191,0
167.9391,0
167.9591,0
167.9791,0
167.9991,0
168.0191,0
168.0391,0
168.0591,0
168.0791,0
168.0991,0
168.1191,0
168.1391,0
168.1591,0
168.1791,0
168.1991,0
168.2191,0
168.2391,0
168.2591,0
168.2791,0
168.2991,0
168.3191,0
168.3391,0
168.3591,0
168.3792,0
168.3992,0
168.4192,0
168.4392,0
168.4592,0
168.4792,0
168.4992,0
168.5192,0
168.5392,0
168.5592,0
168.5792,0
168.5992,0
168.6192,0
168.6392,0
168.6592,0
168.6792,0
168.6992,0
168.7192,0
168.7392,0
168.7592,0
168.7792,0
168.7992,0
168.8192,0
168.8392,0
168.8593,0
168.8793,0
168.8993,0
168.9193,0
168.9393,0
168.9593,0
168.9793,0
168.9993,0
169.0193,0
169.0393,0
169.0593,0
169.0793,0
169.0993,0
169.1193,0
169.1393,0
169.1593,0
169.1793,0
169.1993,0
169.2193,0
169.2393,0
169.2593,0
169.2793,0
169.2993,0
169.3194,0
169.3394,0
169.3594,0
169.3794,0
169.3994,0
169.4194,0
169.4394,0
169.4594,0
169.4794,0
169.4994,0
169.5194,0
169.5394,0
169.5594,0
169.5794,0
169.5994,0
169.6194,0
169.6394,0
169.6594,0
169.6794,0
169.6994,0
169.7194,0
169.7394,0
169.7594,0
169.7794,0
169.7995,0
169.8195,0
169.8395,0
169.8595,0
169.8795,0
169.8995,0
169.9195,0
169.9395,0
169.9595,0
169.9795,0
169.9995,0
170.0195,0
170.0395,0
170.0595,0
170.0795,0
170.0995,0
170.1195,0
170.1395,0
170.1595,0
170.1795,0
170.1995,0
170.2195,0
170.2395,0
170.2596,0
170.2796,0
170.2996,0
170.3196,0
170.3396,0
170.3596,0
170.3796,0
170.3996,0
170.4196,0
170.4396,0
170.4596,0
170.4796,0
170.4996,0
170.5196,0
170.5396,0
170.5596,0
170.5796,0
170.5996,0
170.6196,0
170.6396,0
170.6596,0
170.6796,0
170.6996,0
170.7197,0
170.7397,0
170.7597,0
170.7797,0
170.7997,0
170.8197,0
170.8397,0
170.8597,0
170.8797,0
170.8997,0
170.9197,0
170.9397,0
170.9597,0
170.9797,0
170.9997,0
171.0197,0
171.0397,0
171.0597,0
171.0797,0
171.0997,0
171.1197,0
171.1397,0
171.1597,0
171.1797,0
171.1998,0
171.2198,0
171.2398,0
171.2598,0
171.2798,0
171.2998,0
171.3198,0
171.3398,0
171.3598,0
171.3798,0
171.3998,0
171.4198,0
171.4398,0
171.4598,0
171.4798,0
171.4998,0
171.5198,0
171.5398,0
171.5598,0
171.5798,0
171.5998,0
171.6198,0
171.6398,0
171.6599,0
171.6799,0
171.6999,0
171.7199,0
171.7399,0
171.7599,0
171.7799,0
171.7999,0
171.8199,0
171.8399,0
171.8599,0
171.8799,0
171.8999,0
171.9199,0
171.9399,0
171.9599,0
171.9799,0
171.9999,0
172.0199,0
172.0399,0
172.0599,0
172.0799,0
172.0999,0
172.1199,0
172.14,0
172.16,0
172.18,0
172.2,0
172.22,0
172.24,0
172.26,0
172.28,0
172.3,0
172.32,0
172.34,0
172.36,0
172.38,0
172.4,0
172.42,0
172.44,0
172.46,0
172.48,0
172.5,0
172.52,0
172.54,0
172.56,0
172.58,0
172.6001,0
172.6201,0
172.6401,0
172.6601,0
172.6801,0
172.7001,0
172.7201,0
172.7401,0
172.7601,0
172.7801,0
172.8001,0
172.8201,0
172.8401,0
172.8601,0
172.8801,0
172.9001,0
172.9201,0
172.9401,0
172.9601,0
172.9801,0
173.0001,0
173.0201,0
173.0401,0
173.0602,0
173.0802,0
173.1002,0
173.1202,0
173.1402,0
173.1602,0
173.1802,0
173.2002,0
173.2202,0
173.2402,0
173.2602,0
173.2802,0
173.3002,0
173.3202,0
173.3402,0
173.3602,0
173.3802,0
173.4002,0
173.4202,0
173.4402,0
173.4602,0
173.4802,0
173.5002,0
173.5202,0
173.5403,0
173.5603,0
173.5803,0
173.6003,0
173.6203,0
173.6403,0
173.6603,0
173.6803,0
173.7003,0
173.7203,0
173.7403,0
173.7603,0
173.7803,0
173.8003,0
173.8203,0
173.8403,0
173.8603,0
173.8803,0
173.9003,0
173.9203,0
173.9403,0
173.9603,0
173.9803,0
174.0004,0
174.0204,0
174.0404,0
174.0604,0
174.0804,0
174.1004,0
174.1204,0
174.1404,0
174.1604,0
174.1804,0
174.2004,0
174.2204,0
174.2404,0
174.2604,0
174.2804,0
174.3004,0
174.3204,0
174.3404,0
174.3604,0
174.3804,0
174.4004,0
174.4204,0
174.4404,0
174.4604,0
174.4805,0
174.5005,0
174.5205,0
174.5405,0
174.5605,0
174.5805,0
174.6005,0
174.6205,0
174.6405,0
174.6605,0
174.6805,0
174.7005,0
174.7205,0
174.7405,0
174.7605,0
174.7805,0
174.8005,0
174.8205,0
174.8405,0
174.8605,0
174.8805,0
174.9005,0
174.9205,0
174.9406,0
174.9606,0
174.9806,0
175.0006,0
175.0206,0
175.0406,0
175.0606,0
175.0806,0
175.1006,0
175.1206,0
175.1406,0
175.1606,0
175.1806,0
175.2006,0
175.2206,0
175.2406,0
175.2606,0
175.2806,0
175.3006,0
175.3206,0
175.3406,0
175.3606,0
175.3806,0
175.4007,0
175.4207,0
175.4407,0
175.4607,0
175.4807,0
175.5007,0
175.5207,0
175.5407,0
175.5607,0
175.5807,0
175.6007,0
175.6207,0
175.6407,0
175.6607,0
175.6807,0
175.7007,0
175.7207,0
175.7407,0
175.7607,0
175.7807,0
175.8007,0
175.8207,0
175.8407,0
175.8607,0
175.8808,0
175.9008,0
175.9208,0
175.9408,0
175.9608,0
175.9808,0
176.0008,0
176.0208,0
176.0408,0
176.0608,0
176.0808,0
176.1008,0
176.1208,0
176.1408,0
176.1608,0
176.1808,0
176.2008,0
176.2208,0
176.2408,0
176.2608,0
176.2808,0
176.3008,0
176.3208,0
176.3409,0
176.3609,0
176.3809,0
176.4009,0
176.4209,0
176.4409,0
176.4609,0
176.4809,0
176.5009,0
176.5209,0
176.5409,0
176.5609,0
176.5809,0
176.6009,0
176.6209,0
176.6409,0
176.6609,0
176.6809,0
176.7009,0
176.7209,0
176.7409,0
176.7609,0
176.7809,0
176.8009,0
176.821,0
176.841,0
176.861,0
176.881,0
176.901,0
176.921,0
176.941,0
176.961,0
176.981,0
177.001,0
177.021,0
177.041,0
177.061,0
177.081,0
177.101,0
177.121,0
177.141,0
177.161,0
177.181,0
177.201,0
177.221,0
177.241,0
177.261,0
177.2811,0
177.3011,0
177.3211,0
177.3411,0
177.3611,0
177.3811,0
177.4011,0
177.4211,0
177.4411,0
177.4611,0
177.4811,0
177.5011,0
177.5211,0
177.5411,0
177.5611,0
177.5811,0
177.6011,0
177.6211,0
177.6411,0
177.6611,0
177.6811,0
177.7011,0
177.7211,0
177.7411,0
177.7612,0
177.7812,0
177.8012,0
177.8212,0
177.8412,0
177.8612,0
177.8812,0
177.9012,0
177.9212,0
177.9412,0
177.9612,0
177.9812,0
178.0012,0
178.0212,0
178.0412,0
178.0612,0
178.0812,0
178.1012,0
178.1212,0
178.1412,0
178.1612,0
178.1812,0
178.2012,0
178.2213,0
178.2413,0
178.2613,0
178.2813,0
178.3013,0
178.3213,0
178.3413,0
178.3613,0
178.3813,0
178.4013,0
178.4213,0
178.4413,0
178.4613,0
178.4813,0
178.5013,0
178.5213,0
178.5413,0
178.5613,0
178.5813,0
178.6013,0
178.6213,0
178.6413,0
178.6613,0
178.6814,0
178.7014,0
178.7214,0
178.7414,0
178.7614,0
178.7814,0
178.8014,0
178.8214,0
178.8414,0
178.8614,0
178.8814,0
178.9014,0
178.9214,0
178.9414,0
178.9614,0
178.9814,0
179.0014,0
179.0214,0
179.0414,0
179.0614,0
179.0814,0
179.1014,0
179.1214,0
179.1414,0
179.1615,0
179.1815,0
179.2015,0
179.2215,0
179.2415,0
179.2615,0
179.2815,0
179.3015,0
179.3215,0
179.3415,0
179.3615,0
179.3815,0
179.4015,0
179.4215,0
179.4415,0
179.4615,0
179.4815,0
179.5015,0
179.5215,0
179.5415,0
179.5615,0
179.5815,0
179.6015,0
179.6216,0
179.6416,0
179.6616,0
179.6816,0
179.7016,0
179.7216,0
179.7416,0
179.7616,0
179.7816,0
179.8016,0
179.8216,0
179.8416,0
179.8616,0
179.8816,0
179.9016,0
179.9216,0
179.9416,0
179.9616,0
179.9816,0
180.0016,0
180.0216,0
180.0416,0
180.0616,0
180.0816,0
180.1017,0
180.1217,0
180.1417,0
180.1617,0
180.1817,0
180.2017,0
180.2217,0
180.2417,0
180.2617,0
180.2817,0
180.3017,0
180.3217,0
180.3417,0
180.3617,0
180.3817,0
180.4017,0
180.4217,0
180.4417,0
180.4617,0
180.4817,0
180.5017,0
180.5217,0
180.5417,0
180.5618,0
180.5818,0
180.6018,0
180.6218,0
180.6418,0
180.6618,0
180.6818,0
180.7018,0
180.7218,0
180.7418,0
180.7618,0
180.7818,0
180.8018,0
180.8218,0
180.8418,0
180.8618,0
180.8818,0
180.9018,0
180.9218,0
180.9418,0
180.9618,0
180.9818,0
181.0018,0
181.0219,0
181.0419,0
181.0619,0
181.0819,0
181.1019,0
181.1219,0
181.1419,0
181.1619,0
181.1819,0
181.2019,0
181.2219,0
181.2419,0
181.2619,0
181.2819,0
181.3019,0
181.3219,0
181.3419,0
181.3619,0
181.3819,0
181.4019,0
181.4219,0
181.4419,0
181.4619,0
181.4819,0
181.502,0
181.522,0
181.542,0
181.562,0
181.582,0
181.602,0
181.622,0
181.642,0
181.662,0
181.682,0
181.702,0
181.722,0
181.742,0
181.762,0
181.782,0
181.802,0
181.822,0
181.842,0
181.862,0
181.882,0
181.902,0
181.922,0
181.942,0
181.9621,0
181.9821,0
182.0021,0
182.0221,0
182.0421,0
182.0621,0
182.0821,0
182.1021,0
182.1221,0
182.1421,0
182.1621,0
182.1821,0
182.2021,0
182.2221,0
182.2421,0
182.2621,0
182.2821,0
182.3021,0
182.3221,0
182.3421,0
182.3621,0
182.3821,0
182.4021,0
182.4221,0
182.4422,0
182.4622,0
182.4822,0
182.5022,0
182.5222,0
182.5422,0
182.5622,0
182.5822,0
182.6022,0
182.6222,0
182.6422,0
182.6622,0
182.6822,0
182.7022,0
182.7222,0
182.7422,0
182.7622,0
182.7822,0
182.8022,0
182.8222,0
182.8422,0
182.8622,0
182.8822,0
182.9023,0
182.9223,0
182.9423,0
182.9623,0
182.9823,0
183.0023,0
183.0223,0
183.0423,0
183.0623,0
183.0823,0
183.1023,0
183.1223,0
183.1423,0
183.1623,0
183.1823,0
183.2023,0
183.2223,0
183.2423,0
183.2623,0
183.2823,0
183.3023,0
183.3223,0
183.3423,0
183.3624,0
183.3824,0
183.4024,0
183.4224,0
183.4424,0
183.4624,0
183.4824,0
183.5024,0
183.5224,0
183.5424,0
183.5624,0
183.5824,0
183.6024,0
183.6224,0
183.6424,0
183.6624,0
183.6824,0
183.7024,0
183.7224,0
183.7424,0
183.7624,0
183.7824,0
183.8024,0
183.8224,0
183.8425,0
183.8625,0
183.8825,0
183.9025,0
183.9225,0
183.9425,0
183.9625,0
183.9825,0
184.0025,0
184.0225,0
184.0425,0
184.0625,0
184.0825,0
184.1025,0
184.1225,0
184.1425,0
184.1625,0
184.1825,0
184.2025,0
184.2225,0
184.2425,0
184.2625,0
184.2825,0
184.3026,0
184.3226,0
184.3426,0
184.3626,0
184.3826,0
184.4026,0
184.4226,0
184.4426,0
184.4626,0
184.4826,0
184.5026,0
184.5226,0
184.5426,0
184.5626,0
184.5826,0
184.6026,0
184.6226,0
184.6426,0
184.6626,0
184.6826,0
184.7026,0
184.7226,0
184.7426,0
184.7626,0
184.7827,0
184.8027,0
184.8227,0
184.8427,0
184.8627,0
184.8827,0
184.9027,0
184.9227,0
184.9427,0
184.9627,0
184.9827,0
185.0027,0.04
185.0227,0.04
185.0427,0.04
185.0627,0.04
185.0827,0.04
185.1027,0.04
185.1227,0.04
185.1427,0.04
185.1627,0.04
185.1827,0.04
185.2027,0.04
185.2227,0.04
185.2428,0.04
185.2628,0.04
185.2828,0.04
185.3028,0.04
185.3228,0.04
185.3428,0.06
185.3628,0.06
185.3828,0.06
185.4028,0.06
185.4228,0.06
185.4428,0.06
185.4628,0.06
185.4828,0.06
185.5028,0.06
185.5228,0.06
185.5428,0.06
185.5628,0.06
185.5828,0.06
185.6028,0.06
185.6228,0.06
185.6428,0.06
185.6628,0.06
185.6828,0.06
185.7029,0.06
185.7229,0.06
185.7429,0.06
185.7629,0.06
185.7829,0.06
185.8029,0.06
185.8229,0.06
185.8429,0.06
185.8629,0.06
185.8829,0.06
185.9029,0.06
185.9229,0.06
185.9429,0.06
185.9629,0.06
185.9829,0.06
186.0029,0.06
186.0229,0.06
186.0429,0.06
186.0629,0.06
186.0829,0.06
186.1029,0.06
186.1229,0.06
186.1429,0.06
186.1629,0.06
186.183,0.06
186.203,0.06
186.223,0.06
186.243,0.06
186.263,0.06
186.283,0.06
186.303,0.06
186.323,0.06
186.343,0.065
186.363,0.065
186.383,0.065
186.403,0.065
186.423,0.065
186.443,0.065
186.463,0.065
186.483,0.065
186.503,0.065
186.523,0.065
186.543,0.065
186.563,0.065
186.583,0.065
186.603,0.065
186.623,0.065
186.6431,0.065
186.6631,0.065
186.6831,0.065
186.7031,0.065
186.7231,0.065
186.7431,0.065
186.7631,0.065
186.7831,0.065
186.8031,0.065
186.8231,0.065
186.8431,0.065
186.8631,0.065
186.8831,0.065
186.9031,0.065
186.9231,0.065
186.9431,0.065
186.9631,0.065
186.9831,0.065
187.0031,0.065
187.0231,0.065
187.0431,0.065
187.0631,0.065
187.0831,0.065
187.1031,0.065
187.1232,0.065
187.1432,0.065
187.1632,0.065
187.1832,0.065
187.2032,0.065
187.2232,0.065
187.2432,0.065
187.2632,0.065
187.2832,0.065
187.3032,0.065
187.3232,0.065
187.3432,0.065
187.3632,0.065
187.3832,0.065
187.4032,0.065
187.4232,0.065
187.4432,0.065
187.4632,0.065
187.4832,0.065
187.5032,0.065
187.5232,0.065
187.5432,0.065
187.5632,0.065
187.5833,0.065
187.6033,0.065
187.6233,0.065
187.6433,0.065
187.6633,0.065
187.6833,0.065
187.7033,0.065
187.7233,0.065
187.7433,0.065
187.7633,0.065
187.7833,0.065
187.8033,0.065
187.8233,0.065
187.8433,0.065
187.8633,0.065
187.8833,0.065
187.9033,0.065
187.9233,0.065
187.9433,0.065
187.9633,0.065
187.9833,0.065
188.0033,0.065
188.0233,0.065
188.0434,0.065
188.0634,0.065
188.0834,0.065
188.1034,0.065
188.1234,0.065
188.1434,0.065
188.1634,0.065
188.1834,0.065
188.2034,0.065
188.2234,0.065
188.2434,0.065
188.2634,0.065
188.2834,0.065
188.3034,0.065
188.3234,0.065
188.3434,0.065
188.3634,0.065
188.3834,0.065
188.4034,0.065
188.4234,0.065
188.4434,0.065
188.4634,0.065
188.4834,0.065
188.5034,0.065
188.5235,0.065
188.5435,0.065
188.5635,0.065
188.5835,0.065
188.6035,0.065
188.6235,0.065
188.6435,0.065
188.6635,0.065
188.6835,0.065
188.7035,0.065
188.7235,0.065
188.7435,0.065
188.7635,0.065
188.7835,0.065
188.8035,0.065
188.8235,0.065
188.8435,0.065
188.8635,0.065
188.8835,0.065
188.9035,0.065
188.9235,0.065
188.9435,0.065
188.9635,0.065
188.9836,0.065
189.0036,0.065
189.0236,0.065
189.0436,0.065
189.0636,0.065
189.0836,0.065
189.1036,0.065
189.1236,0.065
189.1436,0.065
189.1636,0.065
189.1836,0.065
189.2036,0.065
189.2236,0.065
189.2436,0.065
189.2636,0.065
189.2836,0.065
189.3036,0.065
189.3236,0.065
189.3436,0.065
189.3636,0.065
189.3836,0.065
189.4036,0.065
189.4236,0.065
189.4436,0.065
189.4637,0.065
189.4837,0.065
189.5037,0.065
189.5237,0.065
189.5437,0.065
189.5637,0.065
189.5837,0.065
189.6037,0.065
189.6237,0.065
189.6437,0.065
189.6637,0.07
189.6837,0.07
189.7037,0.07
189.7237,0.07
189.7437,0.07
189.7637,0.07
189.7837,0.07
189.8037,0.07
189.8237,0.07
189.8437,0.07
189.8637,0.07
189.8837,0.07
189.9037,0.07
189.9238,0.07
189.9438,0.07
189.9638,0.07
189.9838,0.07
190.0038,0.07
190.0238,0.07
190.0438,0.07
190.0638,0.07
190.0838,0.07
190.1038,0.07
190.1238,0.07
190.1438,0.07
190.1638,0.07
190.1838,0.07
190.2038,0.07
190.2238,0.07
190.2438,0.07
190.2638,0.07
190.2838,0.07
190.3038,0.07
190.3238,0.07
190.3438,0.075
190.3638,0.075
190.3839,0.075
190.4039,0.075
190.4239,0.075
190.4439,0.075
190.4639,0.075
190.4839,0.075
190.5039,0.075
190.5239,0.075
190.5439,0.075
190.5639,0.075
190.5839,0.075
190.6039,0.075
190.6239,0.075
190.6439,0.075
190.6639,0.075
190.6839,0.075
190.7039,0.075
190.7239,0.075
190.7439,0.075
190.7639,0.075
190.7839,0.075
190.8039,0.075
190.8239,0.075
190.8439,0.075
190.864,0.075
190.884,0.075
190.904,0.075
190.924,0.075
190.944,0.075
190.964,0.075
190.984,0.075
191.004,0.075
191.024,0.075
191.044,0.075
191.064,0.075
191.084,0.075
191.104,0.075
191.124,0.075
191.144,0.075
191.164,0.075
191.184,0.075
191.204,0.075
191.224,0.075
191.244,0.075
191.264,0.075
191.284,0.075
191.304,0.075
191.3241,0.075
191.3441,0.075
191.3641,0.075
191.3841,0.075
191.4041,0.075
191.4241,0.075
191.4441,0.075
191.4641,0.075
191.4841,0.075
191.5041,0.075
191.5241,0.075
191.5441,0.075
191.5641,0.075
191.5841,0.075
191.6041,0.075
191.6241,0.075
191.6441,0.075
191.6641,0.075
191.6841,0.075
191.7041,0.075
191.7241,0.075
191.7441,0.075
191.7641,0.075
191.7841,0.075
191.8042,0.075
191.8242,0.075
191.8442,0.075
191.8642,0.075
191.8842,0.075
191.9042,0.075
191.9242,0.075
191.9442,0.075
191.9642,0.075
191.9842,0.075
192.0042,0.075
192.0242,0.075
192.0442,0.075
192.0642,0.075
192.0842,0.075
192.1042,0.075
192.1242,0.075
192.1442,0.075
192.1642,0.075
192.1842,0.075
192.2042,0.075
192.2242,0.075
192.2442,0.075
192.2643,0.075
192.2843,0.075
192.3043,0.075
192.3243,0.075
192.3443,0.075
192.3643,0.075
192.3843,0.075
192.4043,0.075
192.4243,0.075
192.4443,0.075
192.4643,0.075
192.4843,0.075
192.5043,0.075
192.5243,0.075
192.5443,0.075
192.5643,0.075
192.5843,0.075
192.6043,0.075
192.6243,0.075
192.6443,0.075
192.6643,0.075
192.6843,0.075
192.7043,0.075
192.7243,0.075
192.7444,0.075
192.7644,0.075
192.7844,0.075
192.8044,0.075
192.8244,0.075
192.8444,0.075
192.8644,0.075
192.8844,0.075
192.9044,0.075
192.9244,0.075
192.9444,0.075
192.9644,0.075
192.9844,0.075
193.0044,0.075
193.0244,0.075
193.0444,0.075
193.0644,0.075
193.0844,0.075
193.1044,0.075
193.1244,0.075
193.1444,0.075
193.1644,0.075
193.1844,0.075
193.2045,0.075
193.2245,0.075
193.2445,0.075
193.2645,0.075
193.2845,0.075
193.3045,0.075
193.3245,0.075
193.3445,0.075
193.3645,0.075
193.3845,0.075
193.4045,0.075
193.4245,0.075
193.4445,0.075
193.4645,0.075
193.4845,0.075
193.5045,0.075
193.5245,0.075
193.5445,0.075
193.5645,0.075
193.5845,0.075
193.6045,0.075
193.6245,0.075
193.6445,0.075
193.6646,0.08
193.6846,0.08
193.7046,0.08
193.7246,0.08
193.7446,0.08
193.7646,0.08
193.7846,0.08
193.8046,0.08
193.8246,0.08
193.8446,0.08
193.8646,0.08
193.8846,0.08
193.9046,0.08
193.9246,0.08
193.9446,0.08
193.9646,0.08
193.9846,0.08
194.0046,0.08
194.0246,0.08
194.0446,0.08
194.0646,0.08
194.0846,0.08
194.1046,0.08
194.1246,0.08
194.1447,0.08
194.1647,0.08
194.1847,0.08
194.2047,0.08
194.2247,0.08
194.2447,0.08
194.2647,0.08
194.2847,0.08
194.3047,0.08
194.3247,0.08
194.3447,0.08
194.3647,0.08
194.3847,0.08
194.4047,0.08
194.4247,0.08
194.4447,0.08
194.4647,0.08
194.4847,0.08
194.5047,0.08
194.5247,0.08
194.5447,0.08
194.5647,0.08
194.5847,0.08
194.6048,0.08
194.6248,0.08
194.6448,0.08
194.6648,0.085
194.6848,0.085
194.7048,0.085
194.7248,0.085
194.7448,0.085
194.7648,0.085
194.7848,0.085
194.8048,0.085
194.8248,0.085
194.8448,0.085
194.8648,0.085
194.8848,0.085
194.9048,0.085
194.9248,0.085
194.9448,0.085
194.9648,0.085
194.9848,0.085
195.0048,0.085
195.0248,0.085
195.0448,0.085
195.0648,0.085
195.0849,0.085
195.1049,0.085
195.1249,0.085
195.1449,0.085
195.1649,0.085
195.1849,0.085
195.2049,0.085
195.2249,0.085
195.2449,0.085
195.2649,0.085
195.2849,0.085
195.3049,0.085
195.3249,0.085
195.3449,0.085
195.3649,0.085
195.3849,0.085
195.4049,0.085
195.4249,0.085
195.4449,0.085
195.4649,0.085
195.4849,0.085
195.5049,0.085
195.5249,0.085
195.545,0.085
195.565,0.085
195.585,0.085
195.605,0.085
195.625,0.085
195.645,0.085
195.665,0.085
195.685,0.085
195.705,0.085
195.725,0.085
195.745,0.085
195.765,0.085
195.785,0.085
195.805,0.085
195.825,0.085
195.845,0.085
195.865,0.085
195.885,0.085
195.905,0.085
195.925,0.085
195.945,0.085
195.965,0.085
195.985,0.085
196.0051,0.085
196.0251,0.085
196.0451,0.085
196.0651,0.085
196.0851,0.085
196.1051,0.085
196.1251,0.085
196.1451,0.085
196.1651,0.085
196.1851,0.085
196.2051,0.085
196.2251,0.085
196.2451,0.085
196.2651,0.085
196.2851,0.085
196.3051,0.085
196.3251,0.085
196.3451,0.085
196.3651,0.085
196.3851,0.085
196.4051,0.085
196.4251,0.085
196.4451,0.085
196.4651,0.085
196.4852,0.085
196.5052,0.085
196.5252,0.085
196.5452,0.085
196.5652,0.085
196.5852,0.085
196.6052,0.085
196.6252,0.085
196.6452,0.085
196.6652,0.085
196.6852,0.085
196.7052,0.085
196.7252,0.085
196.7452,0.085
196.7652,0.085
196.7852,0.085
196.8052,0.085
196.8252,0.085
196.8452,0.085
196.8652,0.085
196.8852,0.085
196.9052,0.085
196.9252,0.085
196.9453,0.085
196.9653,0.085
196.9853,0.085
197.0053,0.085
197.0253,0.085
197.0453,0.085
197.0653,0.085
197.0853,0.085
197.1053,0.085
197.1253,0.085
197.1453,0.085
197.1653,0.085
197.1853,0.085
197.2053,0.085
197.2253,0.085
197.2453,0.085
197.2653,0.085
197.2853,0.085
197.3053,0.085
197.3253,0.085
197.3453,0.085
197.3653,0.085
197.3853,0.085
197.4053,0.085
197.4254,0.085
197.4454,0.085
197.4654,0.085
197.4854,0.085
197.5054,0.085
197.5254,0.085
197.5454,0.085
197.5654,0.085
197.5854,0.085
197.6054,0.085
197.6254,0.085
197.6454,0.085
197.6654,0.085
197.6854,0.085
197.7054,0.085
197.7254,0.085
197.7454,0.085
197.7654,0.085
197.7854,0.085
197.8054,0.085
197.8254,0.085
197.8454,0.085
197.8654,0.085
197.8855,0.085
197.9055,0.085
197.9255,0.085
197.9455,0.085
197.9655,0.085
197.9855,0.085
198.0055,0.085
198.0255,0.085
198.0455,0.085
198.0655,0.085
198.0855,0.085
198.1055,0.085
198.1255,0.085
198.1455,0.085
198.1655,0.085
198.1855,0.085
198.2055,0.085
198.2255,0.085
198.2455,0.085
198.2655,0.085
198.2855,0.085
198.3055,0.085
198.3255,0.085
198.3456,0.085
198.3656,0.085
198.3856,0.085
198.4056,0.085
198.4256,0.085
198.4456,0.085
198.4656,0.085
198.4856,0.085
198.5056,0.085
198.5256,0.085
198.5456,0.085
198.5656,0.085
198.5856,0.085
198.6056,0.085
198.6256,0.085
198.6456,0.085
198.6656,0.085
198.6856,0.085
198.7056,0.085
198.7256,0.085
198.7456,0.085
198.7656,0.085
198.7856,0.085
198.8056,0.085
198.8257,0.085
198.8457,0.085
198.8657,0.085
198.8857,0.085
198.9057,0.085
198.9257,0.085
198.9457,0.085
198.9657,0.085
198.9857,0.085
199.0057,0.085
199.0257,0.085
199.0457,0.085
199.0657,0.085
199.0857,0.085
199.1057,0.085
199.1257,0.085
199.1457,0.085
199.1657,0.085
199.1857,0.085
199.2057,0.085
199.2257,0.085
199.2457,0.085
199.2657,0.085
199.2858,0.085
199.3058,0.085
199.3258,0.085
199.3458,0.085
199.3658,0.085
199.3858,0.085
199.4058,0.085
199.4258,0.085
199.4458,0.085
199.4658,0.085
199.4858,0.085
199.5058,0.085
199.5258,0.085
199.5458,0.085
199.5658,0.085
199.5858,0.085
199.6058,0.085
199.6258,0.085
199.6458,0.085
199.6658,0.085
199.6858,0.085
199.7058,0.085
199.7258,0.085
199.7458,0.085
199.7659,0.085
199.7859,0.085
199.8059,0.085
199.8259,0.085
199.8459,0.085
199.8659,0.085
199.8859,0.085
199.9059,0.085
199.9259,0.085
199.9459,0.085
199.9659,0.085
199.9859,0.085
200.0059,0.085
200.0259,0.085
200.0459,0.085
200.0659,0.085
200.0859,0.085
200.1059,0.085
200.1259,0.085
200.1459,0.085
200.1659,0.085
200.1859,0.085
200.2059,0.085
200.226,0.085
200.246,0.085
200.266,0.085
200.286,0.085
200.306,0.085
200.326,0.085
200.346,0.085
200.366,0.085
200.386,0.085
200.406,0.085
200.426,0.085
200.446,0.085
200.466,0.085
200.486,0.085
200.506,0.085
200.526,0.085
200.546,0.085
200.566,0.085
200.586,0.085
200.606,0.085
200.626,0.085
200.646,0.085
200.666,0.085
200.6861,0.085
200.7061,0.085
200.7261,0.085
200.7461,0.085
200.7661,0.085
200.7861,0.085
200.8061,0.085
200.8261,0.085
200.8461,0.085
200.8661,0.085
200.8861,0.085
200.9061,0.085
200.9261,0.085
200.9461,0.085
200.9661,0.085
200.9861,0.085
201.0061,0.085
201.0261,0.085
201.0461,0.085
201.0661,0.085
201.0861,0.085
201.1061,0.085
201.1261,0.085
201.1461,0.085
201.1662,0.085
201.1862,0.085
201.2062,0.085
201.2262,0.085
201.2462,0.085
201.2662,0.085
201.2862,0.085
201.3062,0.085
201.3262,0.085
201.3462,0.085
201.3662,0.085
201.3862,0.085
201.4062,0.085
201.4262,0.085
201.4462,0.085
201.4662,0.085
201.4862,0.085
201.5062,0.085
201.5262,0.085
201.5462,0.085
201.5662,0.085
201.5862,0.085
201.6062,0.085
201.6263,0.085
201.6463,0.085
201.6663,0.085
201.6863,0.085
201.7063,0.085
201.7263,0.085
201.7463,0.085
201.7663,0.085
201.7863,0.085
201.8063,0.085
201.8263,0.085
201.8463,0.085
201.8663,0.085
201.8863,0.085
201.9063,0.085
201.9263,0.085
201.9463,0.085
201.9663,0.085
201.9863,0.085
202.0063,0.085
202.0263,0.085
202.0463,0.085
202.0663,0.085
202.0863,0.085
202.1064,0.085
202.1264,0.085
202.1464,0.085
202.1664,0.085
202.1864,0.085
202.2064,0.085
202.2264,0.085
202.2464,0.085
202.2664,0.085
202.2864,0.085
202.3064,0.085
202.3264,0.085
202.3464,0.085
202.3664,0.085
202.3864,0.085
202.4064,0.085
202.4264,0.085
202.4464,0.085
202.4664,0.085
202.4864,0.085
202.5064,0.085
202.5264,0.085
202.5464,0.085
202.5665,0.085
202.5865,0.085
202.6065,0.085
202.6265,0.085
202.6465,0.085
202.6665,0.085
202.6865,0.085
202.7065,0.085
202.7265,0.085
202.7465,0.085
202.7665,0.085
202.7865,0.085
202.8065,0.085
202.8265,0.085
202.8465,0.085
202.8665,0.085
202.8865,0.085
202.9065,0.085
202.9265,0.085
202.9465,0.085
202.9665,0.085
202.9865,0.085
203.0065,0.085
203.0266,0.085
203.0466,0.085
203.0666,0.085
203.0866,0.085
203.1066,0.085
203.1266,0.085
203.1466,0.085
203.1666,0.085
203.1866,0.085
203.2066,0.085
203.2266,0.085
203.2466,0.085
203.2666,0.085
203.2866,0.085
203.3066,0.085
203.3266,0.085
203.3466,0.085
203.3666,0.085
203.3866,0.085
203.4066,0.085
203.4266,0.085
203.4466,0.085
203.4666,0.085
203.4866,0.085
203.5067,0.085
203.5267,0.085
203.5467,0.085
203.5667,0.085
203.5867,0.085
203.6067,0.085
203.6267,0.085
203.6467,0.085
203.6667,0.085
203.6867,0.085
203.7067,0.085
203.7267,0.085
203.7467,0.085
203.7667,0.085
203.7867,0.085
203.8067,0.085
203.8267,0.085
203.8467,0.085
203.8667,0.085
203.8867,0.085
203.9067,0.085
203.9267,0.085
203.9467,0.085
203.9668,0.085
203.9868,0.085
204.0068,0.085
204.0268,0.085
204.0468,0.085
204.0668,0.085
204.0868,0.085
204.1068,0.085
204.1268,0.085
204.1468,0.085
204.1668,0.085
204.1868,0.085
204.2068,0.085
204.2268,0.085
204.2468,0.085
204.2668,0.085
204.2868,0.085
204.3068,0.085
204.3268,0.085
204.3468,0.085
204.3668,0.085
204.3868,0.085
204.4068,0.085
204.4268,0.085
204.4469,0.085
204.4669,0.085
204.4869,0.085
204.5069,0.085
204.5269,0.085
204.5469,0.085
204.5669,0.085
204.5869,0.085
204.6069,0.085
204.6269,0.085
204.6469,0.085
204.6669,0.085
204.6869,0.085
204.7069,0.085
204.7269,0.085
204.7469,0.085
204.7669,0.085
204.7869,0.085
204.8069,0.085
204.8269,0.085
204.8469,0.085
204.8669,0.085
204.8869,0.085
204.907,0.085
204.927,0.085
204.947,0.085
204.967,0.085
204.987,0.085
205.007,0.085
205.027,0.085
205.047,0.085
205.067,0.085
205.087,0.085
205.107,0.085
205.127,0.085
205.147,0.085
205.167,0.085
205.187,0.085
205.207,0.085
205.227,0.085
205.247,0.085
205.267,0.085
205.287,0.085
205.307,0.085
205.327,0.085
205.347,0.085
205.3671,0.085
205.3871,0.085
205.4071,0.085
205.4271,0.085
205.4471,0.085
205.4671,0.085
205.4871,0.085
205.5071,0.085
205.5271,0.085
205.5471,0.085
205.5671,0.085
205.5871,0.085
205.6071,0.085
205.6271,0.085
205.6471,0.085
205.6671,0.085
205.6871,0.085
205.7071,0.085
205.7271,0.085
205.7471,0.085
205.7671,0.085
205.7871,0.085
205.8071,0.085
205.8271,0.085
205.8472,0.085
205.8672,0.085
205.8872,0.085
205.9072,0.085
205.9272,0.085
205.9472,0.085
205.9672,0.085
205.9872,0.085
206.0072,0.085
206.0272,0.085
206.0472,0.085
206.0672,0.085
206.0872,0.085
206.1072,0.085
206.1272,0.085
206.1472,0.085
206.1672,0.085
206.1872,0.085
206.2072,0.085
206.2272,0.085
206.2472,0.085
206.2672,0.085
206.2872,0.085
206.3073,0.085
206.3273,0.085
206.3473,0.085
206.3673,0.085
206.3873,0.085
206.4073,0.085
206.4273,0.085
206.4473,0.085
206.4673,0.085
206.4873,0.085
206.5073,0.085
206.5273,0.085
206.5473,0.085
206.5673,0.085
206.5873,0.085
206.6073,0.085
206.6273,0.085
206.6473,0.085
206.6673,0.085
206.6873,0.085
206.7073,0.085
206.7273,0.085
206.7473,0.085
206.7673,0.085
206.7874,0.085
206.8074,0.085
206.8274,0.085
206.8474,0.085
206.8674,0.085
206.8874,0.085
206.9074,0.085
206.9274,0.085
206.9474,0.085
206.9674,0.085
206.9874,0.085
207.0074,0.085
207.0274,0.085
207.0474,0.085
207.0674,0.085
207.0874,0.085
207.1074,0.085
207.1274,0.085
207.1474,0.085
207.1674,0.085
207.1874,0.085
207.2074,0.085
207.2274,0.085
207.2475,0.085
207.2675,0.085
207.2875,0.085
207.3075,0.085
207.3275,0.085
207.3475,0.085
207.3675,0.085
207.3875,0.085
207.4075,0.085
207.4275,0.085
207.4475,0.085
207.4675,0.085
207.4875,0.085
207.5075,0.085
207.5275,0.085
207.5475,0.085
207.5675,0.085
207.5875,0.085
207.6075,0.085
207.6275,0.085
207.6475,0.085
207.6675,0.085
207.6875,0.085
207.7076,0.085
207.7276,0.085
207.7476,0.085
207.7676,0.085
207.7876,0.085
207.8076,0.085
207.8276,0.085
207.8476,0.085
207.8676,0.085
207.8876,0.085
207.9076,0.085
207.9276,0.085
207.9476,0.085
207.9676,0.085
207.9876,0.085
208.0076,0.085
208.0276,0.085
208.0476,0.085
208.0676,0.085
208.0876,0.085
208.1076,0.085
208.1276,0.085
208.1476,0.085
208.1676,0.085
208.1877,0.085
208.2077,0.085
208.2277,0.085
208.2477,0.085
208.2677,0.085
208.2877,0.085
208.3077,0.085
208.3277,0.085
208.3477,0.085
208.3677,0.085
208.3877,0.085
208.4077,0.085
208.4277,0.085
208.4477,0.085
208.4677,0.085
208.4877,0.085
208.5077,0.085
208.5277,0.085
208.5477,0.085
208.5677,0.085
208.5877,0.085
208.6077,0.085
208.6277,0.085
208.6478,0.085
208.6678,0.085
208.6878,0.085
208.7078,0.085
208.7278,0.085
208.7478,0.085
208.7678,0.085
208.7878,0.085
208.8078,0.085
208.8278,0.085
208.8478,0.085
208.8678,0.085
208.8878,0.085
208.9078,0.085
208.9278,0.085
208.9478,0.085
208.9678,0.085
208.9878,0.085
209.0078,0.085
209.0278,0.085
209.0478,0.085
209.0678,0.085
209.0878,0.085
209.1078,0.085
209.1279,0.085
209.1479,0.085
209.1679,0.085
209.1879,0.085
209.2079,0.085
209.2279,0.085
209.2479,0.085
209.2679,0.085
209.2879,0.085
209.3079,0.085
209.3279,0.085
209.3479,0.085
209.3679,0.085
209.3879,0.085
209.4079,0.085
209.4279,0.085
209.4479,0.085
209.4679,0.085
209.4879,0.085
209.5079,0.085
209.5279,0.085
209.5479,0.085
209.5679,0.085
209.588,0.085
209.608,0.085
209.628,0.085
209.648,0.085
209.668,0.085
209.688,0.085
209.708,0.085
209.728,0.085
209.748,0.085
209.768,0.085
209.788,0.085
209.808,0.085
209.828,0.085
209.848,0.085
209.868,0.085
209.888,0.085
209.908,0.085
209.928,0.085
209.948,0.085
209.968,0.085
209.988,0.085
210.008,0.085
210.028,0.085
210.048,0.085
210.0681,0.085
210.0881,0.085
210.1081,0.085
210.1281,0.085
210.1481,0.085
210.1681,0.085
210.1881,0.085
210.2081,0.085
210.2281,0.085
210.2481,0.085
210.2681,0.085
210.2881,0.085
210.3081,0.085
210.3281,0.085
210.3481,0.085
210.3681,0.085
210.3881,0.085
210.4081,0.085
210.4281,0.085
210.4481,0.085
210.4681,0.085
210.4881,0.085
210.5081,0.085
210.5282,0.085
210.5482,0.085
210.5682,0.085
210.5882,0.085
210.6082,0.085
210.6282,0.085
210.6482,0.085
210.6682,0.085
210.6882,0.085
210.7082,0.085
210.7282,0.085
210.7482,0.085
210.7682,0.085
210.7882,0.085
210.8082,0.085
210.8282,0.085
210.8482,0.085
210.8682,0.085
210.8882,0.085
210.9082,0.085
210.9282,0.085
210.9482,0.085
210.9682,0.085
210.9883,0.085
211.0083,0.085
211.0283,0.085
211.0483,0.085
211.0683,0.085
211.0883,0.085
211.1083,0.085
211.1283,0.085
211.1483,0.085
211.1683,0.085
211.1883,0.085
211.2083,0.085
211.2283,0.085
211.2483,0.085
211.2683,0.085
211.2883,0.085
211.3083,0.085
211.3283,0.085
211.3483,0.085
211.3683,0.085
211.3883,0.085
211.4083,0.085
211.4283,0.085
211.4483,0.085
211.4684,0.085
211.4884,0.085
211.5084,0.085
211.5284,0.085
211.5484,0.085
211.5684,0.085
211.5884,0.085
211.6084,0.085
211.6284,0.085
211.6484,0.085
211.6684,0.085
211.6884,0.085
211.7084,0.085
211.7284,0.085
211.7484,0.085
211.7684,0.085
211.7884,0.085
211.8084,0.085
211.8284,0.085
211.8484,0.085
211.8684,0.085
211.8884,0.085
211.9084,0.085
211.9285,0.085
211.9485,0.085
211.9685,0.085
211.9885,0.085
212.0085,0.085
212.0285,0.085
212.0485,0.085
212.0685,0.085
212.0885,0.085
212.1085,0.085
212.1285,0.085
212.1485,0.085
212.1685,0.085
212.1885,0.085
212.2085,0.085
212.2285,0.085
212.2485,0.085
212.2685,0.085
212.2885,0.085
212.3085,0.085
212.3285,0.085
212.3485,0.085
212.3685,0.085
212.3885,0.085
212.4086,0.085
212.4286,0.085
212.4486,0.085
212.4686,0.085
212.4886,0.085
212.5086,0.085
212.5286,0.085
212.5486,0.085
212.5686,0.085
212.5886,0.085
212.6086,0.085
212.6286,0.085
212.6486,0.085
212.6686,0.085
212.6886,0.085
212.7086,0.085
212.7286,0.085
212.7486,0.085
212.7686,0.085
212.7886,0.085
212.8086,0.085
212.8286,0.085
212.8486,0.085
212.8687,0.085
212.8887,0.085
212.9087,0.085
212.9287,0.085
212.9487,0.085
212.9687,0.085
212.9887,0.085
213.0087,0.085
213.0287,0.085
213.0487,0.085
213.0687,0.085
213.0887,0.085
213.1087,0.085
213.1287,0.085
213.1487,0.085
213.1687,0.085
213.1887,0.085
213.2087,0.085
213.2287,0.085
213.2487,0.085
213.2687,0.085
213.2887,0.085
213.3087,0.085
213.3288,0.085
213.3488,0.085
213.3688,0.085
213.3888,0.085
213.4088,0.085
213.4288,0.085
213.4488,0.085
213.4688,0.085
213.4888,0.085
213.5088,0.085
213.5288,0.085
213.5488,0.085
213.5688,0.085
213.5888,0.085
213.6088,0.085
213.6288,0.085
213.6488,0.085
213.6688,0.085
213.6888,0.085
213.7088,0.085
213.7288,0.085
213.7488,0.085
213.7688,0.085
213.7888,0.085
213.8089,0.085
213.8289,0.085
213.8489,0.085
213.8689,0.085
213.8889,0.085
213.9089,0.085
213.9289,0.085
213.9489,0.085
213.9689,0.085
213.9889,0.085
214.0089,0.085
214.0289,0.085
214.0489,0.085
214.0689,0.085
214.0889,0.085
214.1089,0.085
214.1289,0.085
214.1489,0.085
214.1689,0.085
214.1889,0.085
214.2089,0.085
214.2289,0.085
214.2489,0.085
214.269,0.085
214.289,0.085
214.309,0.085
214.329,0.085
214.349,0.085
214.369,0.085
214.389,0.085
214.409,0.085
214.429,0.085
214.449,0.085
214.469,0.085
214.489,0.085
214.509,0.085
214.529,0.085
214.549,0.085
214.569,0.085
214.589,0.085
214.609,0.085
214.629,0.085
214.649,0.085
214.669,0.085
214.689,0.085
214.709,0.085
214.729,0.085
214.7491,0.085
214.7691,0.085
214.7891,0.085
214.8091,0.085
214.8291,0.085
214.8491,0.085
214.8691,0.085
214.8891,0.085
214.9091,0.085
214.9291,0.085
214.9491,0.085
214.9691,0.085
214.9891,0.085
215.0091,0.085
215.0291,0.085
215.0491,0.085
215.0691,0.085
215.0891,0.085
215.1091,0.085
215.1291,0.085
215.1491,0.085
215.1691,0.085
215.1891,0.085
215.2092,0.085
215.2292,0.085
215.2492,0.085
215.2692,0.085
215.2892,0.085
215.3092,0.085
215.3292,0.085
215.3492,0.085
215.3692,0.085
215.3892,0.085
215.4092,0.085
215.4292,0.085
215.4492,0.085
215.4692,0.085
215.4892,0.085
215.5092,0.085
215.5292,0.085
215.5492,0.085
215.5692,0.085
215.5892,0.085
215.6092,0.085
215.6292,0.085
215.6492,0.085
215.6693,0.085
215.6893,0.085
215.7093,0.085
215.7293,0.085
215.7493,0.085
215.7693,0.085
215.7893,0.085
215.8093,0.085
215.8293,0.085
215.8493,0.085
215.8693,0.085
215.8893,0.085
215.9093,0.085
215.9293,0.085
215.9493,0.085
215.9693,0.085
215.9893,0.085
216.0093,0.085
216.0293,0.085
216.0493,0.085
216.0693,0.085
216.0893,0.085
216.1093,0.085
216.1293,0.085
216.1494,0.085
216.1694,0.085
216.1894,0.085
216.2094,0.085
216.2294,0.085
216.2494,0.085
216.2694,0.085
216.2894,0.085
216.3094,0.085
216.3294,0.085
216.3494,0.085
216.3694,0.085
216.3894,0.085
216.4094,0.085
216.4294,0.085
216.4494,0.085
216.4694,0.085
216.4894,0.085
216.5094,0.085
216.5294,0.085
216.5494,0.085
216.5694,0.085
216.5894,0.085
216.6095,0.085
216.6295,0.085
216.6495,0.085
216.6695,0.085
216.6895,0.085
216.7095,0.085
216.7295,0.085
216.7495,0.085
216.7695,0.085
216.7895,0.085
216.8095,0.085
216.8295,0.085
216.8495,0.085
216.8695,0.085
216.8895,0.085
216.9095,0.085
216.9295,0.085
216.9495,0.085
216.9695,0.085
216.9895,0.085
217.0095,0.085
217.0295,0.085
217.0495,0.085
217.0695,0.085
217.0896,0.085
217.1096,0.085
217.1296,0.085
217.1496,0.085
217.1696,0.085
217.1896,0.085
217.2096,0.085
217.2296,0.085
217.2496,0.085
217.2696,0.085
217.2896,0.085
217.3096,0.085
217.3296,0.085
217.3496,0.085
217.3696,0.085
217.3896,0.085
217.4096,0.085
217.4296,0.085
217.4496,0.085
217.4696,0.085
217.4896,0.085
217.5096,0.085
217.5296,0.085
217.5497,0.085
217.5697,0.085
217.5897,0.085
217.6097,0.085
217.6297,0.085
217.6497,0.085
217.6697,0.085
217.6897,0.085
217.7097,0.085
217.7297,0.085
217.7497,0.085
217.7697,0.085
217.7897,0.085
217.8097,0.085
217.8297,0.085
217.8497,0.085
217.8697,0.085
217.8897,0.085
217.9097,0.085
217.9297,0.085
217.9497,0.085
217.9697,0.085
217.9897,0.085
218.0098,0.085
218.0298,0.085
218.0498,0.085
218.0698,0.085
218.0898,0.085
218.1098,0.085
218.1298,0.085
218.1498,0.085
218.1698,0.085
218.1898,0.085
218.2098,0.085
218.2298,0.085
218.2498,0.085
218.2698,0.085
218.2898,0.085
218.3098,0.085
218.3298,0.085
218.3498,0.085
218.3698,0.085
218.3898,0.085
218.4098,0.085
218.4298,0.085
218.4498,0.085
218.4698,0.085
218.4899,0.085
218.5099,0.085
218.5299,0.085
218.5499,0.085
218.5699,0.085
218.5899,0.085
218.6099,0.085
218.6299,0.085
218.6499,0.085
218.6699,0.085
218.6899,0.085
218.7099,0.085
218.7299,0.085
218.7499,0.085
218.7699,0.085
218.7899,0.085
218.8099,0.085
218.8299,0.085
218.8499,0.085
218.8699,0.085
218.8899,0.085
218.9099,0.085
218.9299,0.085
218.95,0.085
218.97,0.085
218.99,0.085
219.01,0.085
219.03,0.085
219.05,0.085
219.07,0.085
219.09,0.085
219.11,0.085
219.13,0.085
219.15,0.085
219.17,0.085
219.19,0.085
219.21,0.085
219.23,0.085
219.25,0.085
219.27,0.085
219.29,0.085
219.31,0.085
219.33,0.085
219.35,0.085
219.37,0.085
219.39,0.085
219.41,0.085
219.4301,0.085
219.4501,0.085
219.4701,0.085
219.4901,0.085
219.5101,0.085
219.5301,0.085
219.5501,0.085
219.5701,0.085
219.5901,0.085
219.6101,0.085
219.6301,0.085
219.6501,0.085
219.6701,0.085
219.6901,0.085
219.7101,0.085
219.7301,0.085
219.7501,0.085
219.7701,0.085
219.7901,0.085
219.8101,0.085
219.8301,0.085
219.8501,0.085
219.8701,0.085
219.8902,0.085
219.9102,0.085
219.9302,0.085
219.9502,0.085
219.9702,0.085
219.9902,0.085
220.0102,0.085
220.0302,0.085
220.0502,0.085
220.0702,0.085
220.0902,0.085
220.1102,0.085
220.1302,0.085
220.1502,0.085
220.1702,0.085
220.1902,0.085
220.2102,0.085
220.2302,0.085
220.2502,0.085
220.2702,0.085
220.2902,0.085
220.3102,0.085
220.3302,0.085
220.3503,0.085
220.3703,0.085
220.3903,0.085
220.4103,0.085
220.4303,0.085
220.4503,0.085
220.4703,0.085
220.4903,0.085
220.5103,0.085
220.5303,0.085
220.5503,0.085
220.5703,0.085
220.5903,0.085
220.6103,0.085
220.6303,0.085
220.6503,0.085
220.6703,0.085
220.6903,0.085
220.7103,0.085
220.7303,0.085
220.7503,0.085
220.7703,0.085
220.7903,0.085
220.8103,0.085
220.8304,0.085
220.8504,0.085
220.8704,0.085
220.8904,0.085
220.9104,0.085
220.9304,0.085
220.9504,0.085
220.9704,0.085
220.9904,0.085
221.0104,0.085
221.0304,0.085
221.0504,0.085
221.0704,0.085
221.0904,0.085
221.1104,0.085
221.1304,0.085
221.1504,0.085
221.1704,0.085
221.1904,0.085
221.2104,0.085
221.2304,0.085
221.2504,0.085
221.2704,0.085
221.2905,0.085
221.3105,0.085
221.3305,0.085
221.3505,0.085
221.3705,0.085
221.3905,0.085
221.4105,0.085
221.4305,0.085
221.4505,0.085
221.4705,0.085
221.4905,0.085
221.5105,0.085
221.5305,0.085
221.5505,0.085
221.5705,0.085
221.5905,0.085
221.6105,0.085
221.6305,0.085
221.6505,0.085
221.6705,0.085
221.6905,0.085
221.7105,0.085
221.7305,0.085
221.7505,0.085
221.7706,0.085
221.7906,0.085
221.8106,0.085
221.8306,0.085
221.8506,0.085
221.8706,0.085
221.8906,0.085
221.9106,0.085
221.9306,0.085
221.9506,0.085
221.9706,0.085
221.9906,0.085
222.0106,0.085
222.0306,0.085
222.0506,0.085
222.0706,0.085
222.0906,0.085
222.1106,0.085
222.1306,0.085
222.1506,0.085
222.1706,0.085
222.1906,0.085
222.2106,0.085
222.2307,0.085
222.2507,0.085
222.2707,0.085
222.2907,0.085
222.3107,0.085
222.3307,0.085
222.3507,0.085
222.3707,0.085
222.3907,0.085
222.4107,0.085
222.4307,0.085
222.4507,0.085
222.4707,0.085
222.4907,0.085
222.5107,0.085
222.5307,0.085
222.5507,0.085
222.5707,0.085
222.5907,0.085
222.6107,0.085
222.6307,0.085
222.6507,0.085
222.6707,0.085
222.6908,0.085
222.7108,0.085
222.7308,0.085
222.7508,0.085
222.7708,0.085
222.7908,0.085
222.8108,0.085
222.8308,0.085
222.8508,0.085
222.8708,0.085
222.8908,0.085
222.9108,0.085
222.9308,0.085
222.9508,0.085
222.9708,0.085
222.9908,0.085
223.0108,0.085
223.0308,0.085
223.0508,0.085
223.0708,0.085
223.0908,0.085
223.1108,0.085
223.1308,0.085
223.1508,0.085
223.1709,0.085
223.1909,0.085
223.2109,0.085
223.2309,0.085
223.2509,0.085
223.2709,0.085
223.2909,0.085
223.3109,0.085
223.3309,0.085
223.3509,0.085
223.3709,0.085
223.3909,0.085
223.4109,0.085
223.4309,0.085
223.4509,0.085
223.4709,0.085
223.4909,0.085
223.5109,0.085
223.5309,0.085
223.5509,0.085
223.5709,0.085
223.5909,0.085
223.6109,0.085
223.631,0.085
223.651,0.085
223.671,0.085
223.691,0.085
223.711,0.085
223.731,0.085
223.751,0.085
223.771,0.085
223.791,0.085
223.811,0.085
223.831,0.085
223.851,0.085
223.871,0.085
223.891,0.085
223.911,0.085
223.931,0.085
223.951,0.085
223.971,0.085
223.991,0.085
224.011,0.085
224.031,0.085
224.051,0.085
224.071,0.085
224.091,0.085
224.1111,0.085
224.1311,0.085
224.1511,0.085
224.1711,0.085
224.1911,0.085
224.2111,0.085
224.2311,0.085
224.2511,0.085
224.2711,0.085
224.2911,0.085
224.3111,0.085
224.3311,0.085
224.3511,0.085
224.3711,0.085
224.3911,0.085
224.4111,0.085
224.4311,0.085
224.4511,0.085
224.4711,0.085
224.4911,0.085
224.5111,0.085
224.5311,0.085
224.5511,0.085
224.5712,0.085
224.5912,0.085
224.6112,0.085
224.6312,0.085
224.6512,0.085
224.6712,0.085
224.6912,0.085
224.7112,0.085
224.7312,0.085
224.7512,0.085
224.7712,0.085
224.7912,0.085
224.8112,0.085
224.8312,0.085
224.8512,0.085
224.8712,0.085
224.8912,0.085
224.9112,0.085
224.9312,0.085
224.9512,0.085
224.9712,0.085
224.9912,0.085
225.0112,0.085
225.0313,0.085
225.0513,0.085
225.0713,0.085
225.0913,0.085
225.1113,0.085
225.1313,0.085
225.1513,0.085
225.1713,0.085
225.1913,0.085
225.2113,0.085
225.2313,0.085
225.2513,0.085
225.2713,0.085
225.2913,0.085
225.3113,0.085
225.3313,0.085
225.3513,0.085
225.3713,0.085
225.3913,0.085
225.4113,0.085
225.4313,0.085
225.4513,0.085
225.4713,0.085
225.4913,0.085
225.5114,0.085
225.5314,0.085
225.5514,0.085
225.5714,0.085
225.5914,0.085
225.6114,0.085
225.6314,0.085
225.6514,0.085
225.6714,0.085
225.6914,0.085
225.7114,0.085
225.7314,0.085
225.7514,0.085
225.7714,0.085
225.7914,0.085
225.8114,0.085
225.8314,0.085
225.8514,0.085
225.8714,0.085
225.8914,0.085
225.9114,0.085
225.9314,0.085
225.9514,0.085
225.9715,0.085
225.9915,0.085
226.0115,0.085
226.0315,0.085
226.0515,0.085
226.0715,0.085
226.0915,0.085
226.1115,0.085
226.1315,0.085
226.1515,0.085
226.1715,0.085
226.1915,0.085
226.2115,0.085
226.2315,0.085
226.2515,0.085
226.2715,0.085
226.2915,0.085
226.3115,0.085
226.3315,0.085
226.3515,0.085
226.3715,0.085
226.3915,0.085
226.4115,0.085
226.4315,0.085
226.4516,0.085
226.4716,0.085
226.4916,0.085
226.5116,0.085
226.5316,0.085
226.5516,0.085
226.5716,0.085
226.5916,0.085
226.6116,0.085
226.6316,0.085
226.6516,0.085
226.6716,0.085
226.6916,0.085
226.7116,0.085
226.7316,0.085
226.7516,0.085
226.7716,0.085
226.7916,0.085
226.8116,0.085
226.8316,0.085
226.8516,0.085
226.8716,0.085
226.8916,0.085
226.9117,0.085
226.9317,0.085
226.9517,0.085
226.9717,0.085
226.9917,0.085
227.0117,0.085
227.0317,0.085
227.0517,0.085
227.0717,0.085
227.0917,0.085
227.1117,0.085
227.1317,0.085
227.1517,0.085
227.1717,0.085
227.1917,0.085
227.2117,0.085
227.2317,0.085
227.2517,0.085
227.2717,0.085
227.2917,0.085
227.3117,0.085
227.3317,0.085
227.3517,0.085
227.3717,0.085
227.3918,0.085
227.4118,0.085
227.4318,0.085
227.4518,0.085
227.4718,0.085
227.4918,0.085
227.5118,0.085
227.5318,0.085
227.5518,0.085
227.5718,0.085
227.5918,0.085
227.6118,0.085
227.6318,0.085
227.6518,0.085
227.6718,0.085
227.6918,0.085
227.7118,0.085
227.7318,0.085
227.7518,0.085
227.7718,0.085
227.7918,0.085
227.8118,0.085
227.8318,0.085
227.8519,0.085
227.8719,0.085
227.8919,0.085
227.9119,0.085
227.9319,0.085
227.9519,0.085
227.9719,0.085
227.9919,0.085
228.0119,0.085
228.0319,0.085
228.0519,0.085
228.0719,0.085
228.0919,0.085
228.1119,0.085
228.1319,0.085
228.1519,0.085
228.1719,0.085
228.1919,0.085
228.2119,0.085
228.2319,0.085
228.2519,0.085
228.2719,0.085
228.2919,0.085
228.312,0.085
228.332,0.085
228.352,0.085
228.372,0.085
228.392,0.085
228.412,0.085
228.432,0.085
228.452,0.085
228.472,0.085
228.492,0.085
228.512,0.085
228.532,0.085
228.552,0.085
228.572,0.085
228.592,0.085
228.612,0.085
228.632,0.085
228.652,0.085
228.672,0.085
228.692,0.085
228.712,0.085
228.732,0.085
228.752,0.085
228.772,0.085
228.7921,0.085
228.8121,0.085
228.8321,0.085
228.8521,0.085
228.8721,0.085
228.8921,0.085
228.9121,0.085
228.9321,0.085
228.9521,0.085
228.9721,0.085
228.9921,0.085
229.0121,0.085
229.0321,0.085
229.0521,0.085
229.0721,0.085
229.0921,0.085
229.1121,0.085
229.1321,0.085
229.1521,0.085
229.1721,0.085
229.1921,0.085
229.2121,0.085
229.2321,0.085
229.2522,0.085
229.2722,0.085
229.2922,0.085
229.3122,0.085
229.3322,0.085
229.3522,0.085
229.3722,0.085
229.3922,0.085
229.4122,0.085
229.4322,0.085
229.4522,0.085
229.4722,0.085
229.4922,0.085
229.5122,0.085
229.5322,0.085
229.5522,0.085
229.5722,0.085
229.5922,0.085
229.6122,0.085
229.6322,0.085
229.6522,0.085
229.6722,0.085
229.6922,0.085
229.7122,0.085
229.7323,0.085
229.7523,0.085
229.7723,0.085
229.7923,0.085
229.8123,0.085
229.8323,0.085
229.8523,0.085
229.8723,0.085
229.8923,0.085
229.9123,0.085
229.9323,0.085
229.9523,0.085
229.9723,0.085
229.9923,0.085
230.0123,0.085
230.0323,0.085
230.0523,0.085
230.0723,0.085
230.0923,0.085
230.1123,0.085
230.1323,0.085
230.1523,0.085
230.1723,0.085
230.1924,0.085
230.2124,0.085
230.2324,0.085
230.2524,0.085
230.2724,0.085
230.2924,0.085
230.3124,0.085
230.3324,0.085
230.3524,0.085
230.3724,0.085
230.3924,0.085
230.4124,0.085
230.4324,0.085
230.4524,0.085
230.4724,0.085
230.4924,0.085
230.5124,0.085
230.5324,0.085
230.5524,0.085
230.5724,0.085
230.5924,0.085
230.6124,0.085
230.6324,0.085
230.6525,0.085
230.6725,0.085
230.6925,0.085
230.7125,0.085
230.7325,0.085
230.7525,0.085
230.7725,0.085
230.7925,0.085
230.8125,0.085
230.8325,0.085
230.8525,0.085
230.8725,0.085
230.8925,0.085
230.9125,0.085
230.9325,0.085
230.9525,0.085
230.9725,0.085
230.9925,0.085
231.0125,0.085
231.0325,0.085
231.0525,0.085
231.0725,0.085
231.0925,0.085
231.1125,0.085
231.1326,0.085
231.1526,0.085
231.1726,0.085
231.1926,0.085
231.2126,0.085
231.2326,0.085
231.2526,0.085
231.2726,0.085
231.2926,0.085
231.3126,0.085
231.3326,0.085
231.3526,0.085
231.3726,0.085
231.3926,0.085
231.4126,0.085
231.4326,0.085
231.4526,0.085
231.4726,0.085
231.4926,0.085
231.5126,0.085
231.5326,0.085
231.5526,0.085
231.5726,0.085
231.5927,0.085
231.6127,0.085
231.6327,0.085
231.6527,0.085
231.6727,0.085
231.6927,0.085
231.7127,0.085
231.7327,0.085
231.7527,0.085
231.7727,0.085
231.7927,0.085
231.8127,0.085
231.8327,0.085
231.8527,0.085
231.8727,0.085
231.8927,0.085
231.9127,0.085
231.9327,0.085
231.9527,0.085
231.9727,0.085
231.9927,0.085
232.0127,0.085
232.0327,0.085
232.0527,0.085
232.0728,0.085
232.0928,0.085
232.1128,0.085
232.1328,0.085
232.1528,0.085
232.1728,0.085
232.1928,0.085
232.2128,0.085
232.2328,0.085
232.2528,0.085
232.2728,0.085
232.2928,0.085
232.3128,0.085
232.3328,0.085
232.3528,0.085
232.3728,0.085
232.3928,0.085
232.4128,0.085
232.4328,0.085
232.4528,0.085
232.4728,0.085
232.4928,0.085
232.5128,0.085
232.5329,0.085
232.5529,0.085
232.5729,0.085
232.5929,0.085
232.6129,0.085
232.6329,0.085
232.6529,0.085
232.6729,0.09
232.6929,0.09
232.7129,0.09
232.7329,0.09
232.7529,0.09
232.7729,0.09
232.7929,0.09
232.8129,0.09
232.8329,0.09
232.8529,0.09
232.8729,0.09
232.8929,0.09
232.9129,0.09
232.9329,0.09
232.9529,0.09
232.9729,0.09
232.993,0.09
233.013,0.09
233.033,0.09
233.053,0.09
233.073,0.09
233.093,0.09
233.113,0.09
233.133,0.09
233.153,0.09
233.173,0.09
233.193,0.09
233.213,0.09
233.233,0.09
233.253,0.09
233.273,0.09
233.293,0.09
233.313,0.09
233.333,0.09
233.353,0.095
233.373,0.095
233.393,0.095
233.413,0.095
233.433,0.095
233.453,0.095
233.4731,0.095
233.4931,0.095
233.5131,0.095
233.5331,0.095
233.5531,0.095
233.5731,0.095
233.5931,0.095
233.6131,0.095
233.6331,0.095
233.6531,0.095
233.6731,0.105
233.6931,0.105
233.7131,0.105
233.7331,0.105
233.7531,0.105
233.7731,0.105
233.7931,0.105
233.8131,0.105
233.8331,0.105
233.8531,0.105
233.8731,0.105
233.8931,0.105
233.9131,0.105
233.9332,0.105
233.9532,0.105
233.9732,0.105
233.9932,0.105
234.0132,0.135
234.0332,0.135
234.0532,0.135
234.0732,0.135
234.0932,0.135
234.1132,0.135
234.1332,0.135
234.1532,0.135
234.1732,0.135
234.1932,0.135
234.2132,0.135
234.2332,0.135
234.2532,0.135
234.2732,0.135
234.2932,0.135
234.3132,0.135
234.3332,0.135
234.3532,0.135
234.3732,0.135
234.3932,0.135
234.4133,0.135
234.4333,0.135
234.4533,0.135
234.4733,0.135
234.4933,0.135
234.5133,0.135
234.5333,0.135
234.5533,0.135
234.5733,0.135
234.5933,0.135
234.6133,0.135
234.6333,0.135
234.6533,0.135
234.6733,0.14
234.6933,0.14
234.7133,0.14
234.7333,0.14
234.7533,0.14
234.7733,0.14
234.7933,0.14
234.8133,0.14
234.8333,0.14
234.8533,0.14
234.8734,0.14
234.8934,0.14
234.9134,0.14
234.9334,0.14
234.9534,0.14
234.9734,0.14
234.9934,0.14
235.0134,0.145
235.0334,0.145
235.0534,0.145
235.0734,0.145
235.0934,0.145
235.1134,0.145
235.1334,0.145
235.1534,0.145
235.1734,0.145
235.1934,0.145
235.2134,0.145
235.2334,0.145
235.2534,0.145
235.2734,0.145
235.2934,0.145
235.3134,0.145
235.3335,0.145
235.3535,0.145
235.3735,0.145
235.3935,0.145
235.4135,0.145
235.4335,0.145
235.4535,0.145
235.4735,0.145
235.4935,0.145
235.5135,0.145
235.5335,0.145
235.5535,0.145
235.5735,0.145
235.5935,0.145
235.6135,0.145
235.6335,0.145
235.6535,0.145
235.6735,0.145
235.6935,0.145
235.7135,0.145
235.7335,0.145
235.7535,0.145
235.7735,0.145
235.7935,0.145
235.8136,0.145
235.8336,0.145
235.8536,0.145
235.8736,0.145
235.8936,0.145
235.9136,0.145
235.9336,0.145
235.9536,0.145
235.9736,0.145
235.9936,0.145
236.0136,0.145
236.0336,0.145
236.0536,0.145
236.0736,0.145
236.0936,0.145
236.1136,0.145
236.1336,0.145
236.1536,0.145
236.1736,0.145
236.1936,0.145
236.2136,0.145
236.2336,0.145
236.2536,0.145
236.2737,0.145
236.2937,0.145
236.3137,0.145
236.3337,0.145
236.3537,0.145
236.3737,0.145
236.3937,0.145
236.4137,0.145
236.4337,0.145
236.4537,0.145
236.4737,0.145
236.4937,0.145
236.5137,0.145
236.5337,0.145
236.5537,0.145
236.5737,0.145
236.5937,0.145
236.6137,0.145
236.6337,0.145
236.6537,0.145
236.6737,0.145
236.6937,0.145
236.7137,0.145
236.7337,0.145
236.7538,0.145
236.7738,0.145
236.7938,0.145
236.8138,0.145
236.8338,0.145
236.8538,0.145
236.8738,0.145
236.8938,0.145
236.9138,0.145
236.9338,0.145
236.9538,0.145
236.9738,0.145
236.9938,0.145
237.0138,0.145
237.0338,0.145
237.0538,0.145
237.0738,0.145
237.0938,0.145
237.1138,0.145
237.1338,0.145
237.1538,0.145
237.1738,0.145
237.1938,0.145
237.2139,0.145
237.2339,0.145
237.2539,0.145
237.2739,0.145
237.2939,0.145
237.3139,0.145
237.3339,0.145
237.3539,0.145
237.3739,0.145
237.3939,0.145
237.4139,0.145
237.4339,0.145
237.4539,0.145
237.4739,0.145
237.4939,0.145
237.5139,0.145
237.5339,0.145
237.5539,0.145
237.5739,0.145
237.5939,0.145
237.6139,0.145
237.6339,0.145
237.6539,0.145
237.674,0.15
237.694,0.15
237.714,0.15
237.734,0.15
237.754,0.15
237.774,0.15
237.794,0.15
237.814,0.15
237.834,0.15
237.854,0.15
237.874,0.15
237.894,0.15
237.914,0.15
237.934,0.15
237.954,0.15
237.974,0.15
237.994,0.15
238.014,0.155
238.034,0.155
238.054,0.155
238.074,0.155
238.094,0.155
238.114,0.155
238.134,0.155
238.1541,0.155
238.1741,0.155
238.1941,0.155
238.2141,0.155
238.2341,0.155
238.2541,0.155
238.2741,0.155
238.2941,0.155
238.3141,0.155
238.3341,0.155
238.3541,0.155
238.3741,0.155
238.3941,0.155
238.4141,0.155
238.4341,0.155
238.4541,0.155
238.4741,0.155
238.4941,0.155
238.5141,0.155
238.5341,0.155
238.5541,0.155
238.5741,0.155
238.5941,0.155
238.6142,0.155
238.6342,0.155
238.6542,0.155
238.6742,0.155
238.6942,0.155
238.7142,0.155
238.7342,0.155
238.7542,0.155
238.7742,0.155
238.7942,0.155
238.8142,0.155
238.8342,0.155
238.8542,0.155
238.8742,0.155
238.8942,0.155
238.9142,0.155
238.9342,0.155
238.9542,0.155
238.9742,0.155
238.9942,0.155
239.0142,0.155
239.0342,0.155
239.0542,0.155
239.0742,0.155
239.0943,0.155
239.1143,0.155
239.1343,0.155
239.1543,0.155
239.1743,0.155
239.1943,0.155
239.2143,0.155
239.2343,0.155
239.2543,0.155
239.2743,0.155
239.2943,0.155
239.3143,0.155
239.3343,0.155
239.3543,0.155
239.3743,0.155
239.3943,0.155
239.4143,0.155
239.4343,0.155
239.4543,0.155
239.4743,0.155
239.4943,0.155
239.5143,0.155
239.5343,0.155
239.5544,0.155
239.5744,0.155
239.5944,0.155
239.6144,0.155
239.6344,0.155
239.6544,0.155
239.6744,0.155
239.6944,0.155
239.7144,0.155
239.7344,0.155
239.7544,0.155
239.7744,0.155
239.7944,0.155
239.8144,0.155
239.8344,0.155
239.8544,0.155
239.8744,0.155
239.8944,0.155
239.9144,0.155
239.9344,0.155
239.9544,0.155
239.9744,0.155
239.9944,0.155
240.0145,0.155
240.0345,0.155
240.0545,0.155
240.0745,0.155
240.0945,0.155
240.1145,0.155
240.1345,0.155
240.1545,0.155
240.1745,0.155
240.1945,0.155
240.2145,0.155
240.2345,0.155
240.2545,0.155
240.2745,0.155
240.2945,0.155
240.3145,0.155
240.3345,0.155
240.3545,0.155
240.3745,0.155
240.3945,0.155
240.4145,0.155
240.4345,0.155
240.4545,0.155
240.4745,0.155
240.4946,0.155
240.5146,0.155
240.5346,0.155
240.5546,0.155
240.5746,0.155
240.5946,0.155
240.6146,0.155
240.6346,0.155
240.6546,0.155
240.6746,0.155
240.6946,0.155
240.7146,0.155
240.7346,0.155
240.7546,0.155
240.7746,0.155
240.7946,0.155
240.8146,0.155
240.8346,0.155
240.8546,0.155
240.8746,0.155
240.8946,0.155
240.9146,0.155
240.9346,0.155
240.9547,0.155
240.9747,0.155
240.9947,0.155
241.0147,0.155
241.0347,0.155
241.0547,0.155
241.0747,0.155
241.0947,0.155
241.1147,0.155
241.1347,0.155
241.1547,0.155
241.1747,0.155
241.1947,0.155
241.2147,0.155
241.2347,0.155
241.2547,0.155
241.2747,0.155
241.2947,0.155
241.3147,0.155
241.3347,0.155
241.3547,0.155
241.3747,0.155
241.3947,0.155
241.4147,0.155
241.4348,0.155
241.4548,0.155
241.4748,0.155
241.4948,0.155
241.5148,0.155
241.5348,0.155
241.5548,0.155
241.5748,0.155
241.5948,0.155
241.6148,0.155
241.6348,0.155
241.6548,0.155
241.6748,0.155
241.6948,0.155
241.7148,0.155
241.7348,0.155
241.7548,0.155
241.7748,0.155
241.7948,0.155
241.8148,0.155
241.8348,0.155
241.8548,0.155
241.8748,0.155
241.8949,0.155
241.9149,0.155
241.9349,0.155
241.9549,0.155
241.9749,0.155
241.9949,0.155
242.0149,0.155
242.0349,0.155
242.0549,0.155
242.0749,0.155
242.0949,0.155
242.1149,0.155
242.1349,0.155
242.1549,0.155
242.1749,0.155
242.1949,0.155
242.2149,0.155
242.2349,0.155
242.2549,0.155
242.2749,0.155
242.2949,0.155
242.3149,0.155
242.3349,0.155
242.3549,0.155
242.375,0.155
242.395,0.155
242.415,0.155
242.435,0.155
242.455,0.155
242.475,0.155
242.495,0.155
242.515,0.155
242.535,0.155
242.555,0.155
242.575,0.155
242.595,0.155
242.615,0.155
242.635,0.155
242.655,0.155
242.675,0.16
242.695,0.16
242.715,0.16
242.735,0.16
242.755,0.16
242.775,0.16
242.795,0.16
242.815,0.16
242.8351,0.16
242.8551,0.16
242.8751,0.16
242.8951,0.16
242.9151,0.16
242.9351,0.16
242.9551,0.16
242.9751,0.16
242.9951,0.16
243.0151,0.165
243.0351,0.165
243.0551,0.165
243.0751,0.165
243.0951,0.165
243.1151,0.165
243.1351,0.165
243.1551,0.165
243.1751,0.165
243.1951,0.165
243.2151,0.165
243.2351,0.165
243.2551,0.165
243.2751,0.165
243.2952,0.165
243.3152,0.165
243.3352,0.165
243.3552,0.165
243.3752,0.165
243.3952,0.165
243.4152,0.165
243.4352,0.165
243.4552,0.165
243.4752,0.165
243.4952,0.165
243.5152,0.165
243.5352,0.165
243.5552,0.165
243.5752,0.165
243.5952,0.165
243.6152,0.165
243.6352,0.165
243.6552,0.165
243.6752,0.17
243.6952,0.17
243.7152,0.17
243.7352,0.17
243.7552,0.17
243.7753,0.17
243.7953,0.17
243.8153,0.17
243.8353,0.17
243.8553,0.17
243.8753,0.17
243.8953,0.17
243.9153,0.17
243.9353,0.17
243.9553,0.17
243.9753,0.17
243.9953,0.17
244.0153,0.175
244.0353,0.175
244.0553,0.175
244.0753,0.175
244.0953,0.175
244.1153,0.175
244.1353,0.175
244.1553,0.175
244.1753,0.175
244.1953,0.175
244.2153,0.175
244.2354,0.175
244.2554,0.175
244.2754,0.175
244.2954,0.175
244.3154,0.175
244.3354,0.175
244.3554,0.175
244.3754,0.175
244.3954,0.175
244.4154,0.175
244.4354,0.175
244.4554,0.175
244.4754,0.175
244.4954,0.175
244.5154,0.175
244.5354,0.175
244.5554,0.175
244.5754,0.175
244.5954,0.175
244.6154,0.175
244.6354,0.175
244.6554,0.175
244.6754,0.175
244.6954,0.175
244.7155,0.175
244.7355,0.175
244.7555,0.175
244.7755,0.175
244.7955,0.175
244.8155,0.175
244.8355,0.175
244.8555,0.175
244.8755,0.175
244.8955,0.175
244.9155,0.175
244.9355,0.175
244.9555,0.175
244.9755,0.175
244.9955,0.175
245.0155,0.175
245.0355,0.175
245.0555,0.175
245.0755,0.175
245.0955,0.175
245.1155,0.175
245.1355,0.175
245.1555,0.175
245.1756,0.175
245.1956,0.175
245.2156,0.175
245.2356,0.175
245.2556,0.175
245.2756,0.175
245.2956,0.175
245.3156,0.175
245.3356,0.175
245.3556,0.18
245.3756,0.18
245.3956,0.18
245.4156,0.18
245.4356,0.18
245.4556,0.18
245.4756,0.18
245.4956,0.18
245.5156,0.18
245.5356,0.18
245.5556,0.18
245.5756,0.18
245.5956,0.18
245.6156,0.18
245.6357,0.18
245.6557,0.18
245.6757,0.18
245.6957,0.18
245.7157,0.18
245.7357,0.18
245.7557,0.18
245.7757,0.18
245.7957,0.18
245.8157,0.18
245.8357,0.18
245.8557,0.18
245.8757,0.18
245.8957,0.18
245.9157,0.18
245.9357,0.18
245.9557,0.18
245.9757,0.18
245.9957,0.18
246.0157,0.185
246.0357,0.185
246.0557,0.185
246.0757,0.185
246.0957,0.185
246.1158,0.185
246.1358,0.185
246.1558,0.185
246.1758,0.185
246.1958,0.185
246.2158,0.185
246.2358,0.185
246.2558,0.185
246.2758,0.185
246.2958,0.185
246.3158,0.185
246.3358,0.185
246.3558,0.185
246.3758,0.185
246.3958,0.185
246.4158,0.185
246.4358,0.185
246.4558,0.185
246.4758,0.185
246.4958,0.185
246.5158,0.185
246.5358,0.185
246.5558,0.185
246.5759,0.185
246.5959,0.185
246.6159,0.185
246.6359,0.185
246.6559,0.185
246.6759,0.185
246.6959,0.185
246.7159,0.185
246.7359,0.185
246.7559,0.185
246.7759,0.185
246.7959,0.185
246.8159,0.185
246.8359,0.185
246.8559,0.185
246.8759,0.185
246.8959,0.185
246.9159,0.185
246.9359,0.185
246.9559,0.185
246.9759,0.185
246.9959,0.185
247.0159,0.185
247.0359,0.185
247.056,0.185
247.076,0.185
247.096,0.185
247.116,0.185
247.136,0.185
247.156,0.185
247.176,0.185
247.196,0.185
247.216,0.185
247.236,0.185
247.256,0.185
247.276,0.185
247.296,0.185
247.316,0.185
247.336,0.185
247.356,0.185
247.376,0.185
247.396,0.185
247.416,0.185
247.436,0.185
247.456,0.185
247.476,0.185
247.496,0.185
247.5161,0.185
247.5361,0.185
247.5561,0.185
247.5761,0.185
247.5961,0.185
247.6161,0.185
247.6361,0.185
247.6561,0.185
247.6761,0.185
247.6961,0.185
247.7161,0.185
247.7361,0.185
247.7561,0.185
247.7761,0.185
247.7961,0.185
247.8161,0.185
247.8361,0.185
247.8561,0.185
247.8761,0.185
247.8961,0.185
247.9161,0.185
247.9361,0.185
247.9561,0.185
247.9762,0.185
247.9962,0.185
248.0162,0.185
248.0362,0.185
248.0562,0.185
248.0762,0.185
248.0962,0.185
248.1162,0.185
248.1362,0.185
248.1562,0.185
248.1762,0.185
248.1962,0.185
248.2162,0.185
248.2362,0.185
248.2562,0.185
248.2762,0.185
248.2962,0.185
248.3162,0.185
248.3362,0.185
248.3562,0.185
248.3762,0.185
248.3962,0.185
248.4162,0.185
248.4362,0.185
248.4563,0.185
248.4763,0.185
248.4963,0.185
248.5163,0.185
248.5363,0.185
248.5563,0.185
248.5763,0.185
248.5963,0.185
248.6163,0.185
248.6363,0.185
248.6563,0.185
248.6763,0.185
248.6963,0.185
248.7163,0.185
248.7363,0.185
248.7563,0.185
248.7763,0.185
248.7963,0.185
248.8163,0.185
248.8363,0.185
248.8563,0.185
248.8763,0.185
248.8963,0.185
248.9164,0.185
248.9364,0.185
248.9564,0.185
248.9764,0.185
248.9964,0.185
249.0164,0.185
249.0364,0.185
249.0564,0.185
249.0764,0.185
249.0964,0.185
249.1164,0.185
249.1364,0.185
249.1564,0.185
249.1764,0.185
249.1964,0.185
249.2164,0.185
249.2364,0.185
249.2564,0.185
249.2764,0.185
249.2964,0.185
249.3164,0.185
249.3364,0.185
249.3564,0.185
249.3764,0.185
249.3965,0.185
249.4165,0.185
249.4365,0.185
249.4565,0.185
249.4765,0.185
249.4965,0.185
249.5165,0.185
249.5365,0.185
249.5565,0.185
249.5765,0.185
249.5965,0.185
249.6165,0.185
249.6365,0.185
249.6565,0.185
249.6765,0.185
249.6965,0.185
249.7165,0.185
249.7365,0.185
249.7565,0.185
249.7765,0.185
249.7965,0.185
249.8165,0.185
249.8365,0.185
249.8566,0.185
249.8766,0.185
249.8966,0.185
249.9166,0.185
249.9366,0.185
249.9566,0.185
249.9766,0.185
249.9966,0.185
250.0166,0.185
250.0366,0.185
250.0566,0.185
250.0766,0.185
250.0966,0.185
250.1166,0.185
250.1366,0.185
250.1566,0.185
250.1766,0.185
250.1966,0.185
250.2166,0.185
250.2366,0.185
250.2566,0.185
250.2766,0.185
250.2966,0.185
250.3167,0.185
250.3367,0.185
250.3567,0.185
250.3767,0.185
250.3967,0.185
250.4167,0.185
250.4367,0.185
250.4567,0.185
250.4767,0.185
250.4967,0.185
250.5167,0.185
250.5367,0.185
250.5567,0.185
250.5767,0.185
250.5967,0.185
250.6167,0.185
250.6367,0.185
250.6567,0.185
250.6767,0.185
250.6967,0.185
250.7167,0.185
250.7367,0.185
250.7567,0.185
250.7767,0.185
250.7968,0.185
250.8168,0.185
250.8368,0.185
250.8568,0.185
250.8768,0.185
250.8968,0.185
250.9168,0.185
250.9368,0.185
250.9568,0.185
250.9768,0.185
250.9968,0.185
251.0168,0.185
251.0368,0.185
251.0568,0.185
251.0768,0.185
251.0968,0.185
251.1168,0.185
251.1368,0.185
251.1568,0.185
251.1768,0.185
251.1968,0.185
251.2168,0.185
251.2368,0.185
251.2569,0.185
251.2769,0.185
251.2969,0.185
251.3169,0.185
251.3369,0.185
251.3569,0.185
251.3769,0.185
251.3969,0.185
251.4169,0.185
251.4369,0.185
251.4569,0.185
251.4769,0.185
251.4969,0.185
251.5169,0.185
251.5369,0.185
251.5569,0.185
251.5769,0.185
251.5969,0.185
251.6169,0.185
251.6369,0.185
251.6569,0.185
251.6769,0.185
251.6969,0.185
251.7169,0.185
251.737,0.185
251.757,0.185
251.777,0.185
251.797,0.185
251.817,0.185
251.837,0.185
251.857,0.185
251.877,0.185
251.897,0.185
251.917,0.185
251.937,0.185
251.957,0.185
251.977,0.185
251.997,0.185
252.017,0.185
252.037,0.185
252.057,0.185
252.077,0.185
252.097,0.185
252.117,0.185
252.137,0.185
252.157,0.185
252.177,0.185
252.1971,0.185
252.2171,0.185
252.2371,0.185
252.2571,0.185
252.2771,0.185
252.2971,0.185
252.3171,0.185
252.3371,0.185
252.3571,0.185
252.3771,0.185
252.3971,0.185
252.4171,0.185
252.4371,0.185
252.4571,0.185
252.4771,0.185
252.4971,0.185
252.5171,0.185
252.5371,0.185
252.5571,0.185
252.5771,0.185
252.5971,0.185
252.6171,0.185
252.6371,0.185
252.6572,0.185
252.6772,0.185
252.6972,0.185
252.7172,0.185
252.7372,0.185
252.7572,0.185
252.7772,0.185
252.7972,0.185
252.8172,0.185
252.8372,0.185
252.8572,0.185
252.8772,0.185
252.8972,0.185
252.9172,0.185
252.9372,0.185
252.9572,0.185
252.9772,0.185
252.9972,0.185
253.0172,0.185
253.0372,0.185
253.0572,0.185
253.0772,0.185
253.0972,0.185
253.1172,0.185
253.1373,0.185
253.1573,0.185
253.1773,0.185
253.1973,0.185
253.2173,0.185
253.2373,0.185
253.2573,0.185
253.2773,0.185
253.2973,0.185
253.3173,0.185
253.3373,0.185
253.3573,0.185
253.3773,0.185
253.3973,0.185
253.4173,0.185
253.4373,0.185
253.4573,0.185
253.4773,0.185
253.4973,0.185
253.5173,0.185
253.5373,0.185
253.5573,0.185
253.5773,0.185
253.5974,0.185
253.6174,0.185
253.6374,0.185
253.6574,0.185
253.6774,0.185
253.6974,0.185
253.7174,0.185
253.7374,0.185
253.7574,0.185
253.7774,0.185
253.7974,0.185
253.8174,0.185
253.8374,0.185
253.8574,0.185
253.8774,0.185
253.8974,0.185
253.9174,0.185
253.9374,0.185
253.9574,0.185
253.9774,0.185
253.9974,0.185
254.0174,0.185
254.0374,0.185
254.0574,0.185
254.0775,0.185
254.0975,0.185
254.1175,0.185
254.1375,0.185
254.1575,0.185
254.1775,0.185
254.1975,0.185
254.2175,0.185
254.2375,0.185
254.2575,0.185
254.2775,0.185
254.2975,0.185
254.3175,0.185
254.3375,0.185
254.3575,0.185
254.3775,0.185
254.3975,0.185
254.4175,0.185
254.4375,0.185
254.4575,0.185
254.4775,0.185
254.4975,0.185
254.5175,0.185
254.5376,0.185
254.5576,0.185
254.5776,0.185
254.5976,0.185
254.6176,0.185
254.6376,0.185
254.6576,0.185
254.6776,0.185
254.6976,0.185
254.7176,0.185
254.7376,0.185
254.7576,0.185
254.7776,0.185
254.7976,0.185
254.8176,0.185
254.8376,0.185
254.8576,0.185
254.8776,0.185
254.8976,0.185
254.9176,0.185
254.9376,0.185
254.9576,0.185
254.9776,0.185
254.9977,0.185
255.0177,0.185
255.0377,0.185
255.0577,0.185
255.0777,0.185
255.0977,0.185
255.1177,0.185
255.1377,0.185
255.1577,0.185
255.1777,0.185
255.1977,0.185
255.2177,0.185
255.2377,0.185
255.2577,0.185
255.2777,0.185
255.2977,0.185
255.3177,0.185
255.3377,0.185
255.3577,0.185
255.3777,0.185
255.3977,0.185
255.4177,0.185
255.4377,0.185
255.4577,0.185
255.4778,0.185
255.4978,0.185
255.5178,0.185
255.5378,0.185
255.5578,0.185
255.5778,0.185
255.5978,0.185
255.6178,0.185
255.6378,0.185
255.6578,0.185
255.6778,0.185
255.6978,0.185
255.7178,0.185
255.7378,0.185
255.7578,0.185
255.7778,0.185
255.7978,0.185
255.8178,0.185
255.8378,0.185
255.8578,0.185
255.8778,0.185
255.8978,0.185
255.9178,0.185
255.9379,0.185
255.9579,0.185
255.9779,0.185
255.9979,0.185
256.0179,0.185
256.0378,0.185
256.0578,0.185
256.0778,0.185
256.0978,0.185
256.1178,0.185
256.1378,0.185
256.1578,0.185
256.1778,0.185
256.1978,0.185
256.2177,0.185
256.2377,0.185
256.2577,0.185
256.2777,0.185
256.2977,0.185
256.3177,0.185
256.3377,0.185
256.3577,0.185
256.3777,0.185
256.3976,0.185
256.4176,0.185
256.4376,0.185
256.4576,0.185
256.4776,0.185
256.4976,0.185
256.5176,0.185
256.5376,0.185
256.5576,0.185
256.5775,0.185
256.5975,0.185
256.6175,0.185
256.6375,0.185
256.6575,0.185
256.6775,0.185
256.6975,0.185
256.7175,0.185
256.7375,0.185
256.7574,0.185
256.7774,0.185
256.7974,0.185
256.8174,0.185
256.8374,0.185
256.8574,0.185
256.8774,0.185
256.8974,0.185
256.9174,0.185
256.9373,0.185
256.9573,0.185
256.9773,0.185
256.9973,0.185
257.0173,0.185
257.0373,0.185
257.0573,0.185
257.0773,0.185
257.0973,0.185
257.1172,0.185
257.1372,0.185
257.1572,0.185
257.1772,0.185
257.1972,0.185
257.2172,0.185
257.2372,0.185
257.2572,0.185
257.2772,0.185
257.2971,0.185
257.3171,0.185
257.3371,0.185
257.3571,0.185
257.3771,0.185
257.3971,0.185
257.4171,0.185
257.4371,0.185
257.4571,0.185
257.4771,0.185
257.497,0.185
257.517,0.185
257.537,0.185
257.557,0.185
257.577,0.185
257.597,0.185
257.617,0.185
257.637,0.185
257.657,0.185
257.6769,0.185
257.6969,0.185
257.7169,0.185
257.7369,0.185
257.7569,0.185
257.7769,0.185
257.7969,0.185
257.8169,0.185
257.8369,0.185
257.8568,0.185
257.8768,0.185
257.8968,0.185
257.9168,0.185
257.9368,0.185
257.9568,0.185
257.9768,0.185
257.9968,0.185
258.0168,0.185
258.0367,0.185
258.0567,0.185
258.0767,0.185
258.0967,0.185
258.1167,0.185
258.1367,0.185
258.1567,0.185
258.1767,0.185
258.1967,0.185
258.2166,0.185
258.2366,0.185
258.2566,0.185
258.2766,0.185
258.2966,0.185
258.3166,0.185
258.3366,0.185
258.3566,0.185
258.3766,0.185
258.3965,0.185
258.4165,0.185
258.4365,0.185
258.4565,0.185
258.4765,0.185
258.4965,0.185
258.5165,0.185
258.5365,0.185
258.5565,0.185
258.5764,0.185
258.5964,0.185
258.6164,0.185
258.6364,0.185
258.6564,0.185
258.6764,0.185
258.6964,0.185
258.7164,0.185
258.7364,0.185
258.7563,0.185
258.7763,0.185
258.7963,0.185
258.8163,0.185
258.8363,0.185
258.8563,0.185
258.8763,0.185
258.8963,0.185
258.9163,0.185
258.9362,0.185
258.9562,0.185
258.9762,0.185
258.9962,0.185
259.0162,0.185
259.0362,0.185
259.0562,0.185
259.0762,0.185
259.0962,0.185
259.1161,0.185
259.1361,0.185
259.1561,0.185
259.1761,0.185
259.1961,0.185
259.2161,0.185
259.2361,0.185
259.2561,0.185
259.2761,0.185
259.2961,0.185
259.316,0.185
259.336,0.185
259.356,0.185
259.376,0.185
259.396,0.185
259.416,0.185
259.436,0.185
259.456,0.185
259.476,0.185
259.4959,0.185
259.5159,0.185
259.5359,0.185
259.5559,0.185
259.5759,0.185
259.5959,0.185
259.6159,0.185
259.6359,0.185
259.6559,0.185
259.6758,0.185
259.6958,0.185
259.7158,0.185
259.7358,0.185
259.7558,0.185
259.7758,0.185
259.7958,0.185
259.8158,0.185
259.8358,0.185
259.8557,0.185
259.8757,0.185
259.8957,0.185
259.9157,0.185
259.9357,0.185
259.9557,0.185
259.9757,0.185
259.9957,0.185
260.0157,0.185
260.0356,0.185
260.0556,0.185
260.0756,0.185
260.0956,0.185
260.1156,0.185
260.1356,0.185
260.1556,0.185
260.1756,0.185
260.1956,0.185
260.2155,0.185
260.2355,0.185
260.2555,0.185
260.2755,0.185
260.2955,0.185
260.3155,0.185
260.3355,0.185
260.3555,0.185
260.3755,0.185
260.3954,0.185
260.4154,0.185
260.4354,0.185
260.4554,0.185
260.4754,0.185
260.4954,0.185
260.5154,0.185
260.5354,0.185
260.5554,0.185
260.5753,0.185
260.5953,0.185
260.6153,0.185
260.6353,0.185
260.6553,0.185
260.6753,0.185
260.6953,0.185
260.7153,0.185
260.7353,0.185
260.7552,0.185
260.7752,0.185
260.7952,0.185
260.8152,0.185
260.8352,0.185
260.8552,0.185
260.8752,0.185
260.8952,0.185
260.9152,0.185
260.9352,0.185
260.9551,0.185
260.9751,0.185
260.9951,0.185
261.0151,0.185
261.0351,0.185
261.0551,0.185
261.0751,0.185
261.0951,0.185
261.1151,0.185
261.135,0.185
261.155,0.185
261.175,0.185
261.195,0.185
261.215,0.185
261.235,0.185
261.255,0.185
261.275,0.185
261.295,0.185
261.3149,0.185
261.3349,0.185
261.3549,0.185
261.3749,0.185
261.3949,0.185
261.4149,0.185
261.4349,0.185
261.4549,0.185
261.4749,0.185
261.4948,0.185
261.5148,0.185
261.5348,0.185
261.5548,0.185
261.5748,0.185
261.5948,0.185
261.6148,0.185
261.6348,0.185
261.6548,0.185
261.6747,0.185
261.6947,0.185
261.7147,0.185
261.7347,0.185
261.7547,0.185
261.7747,0.185
261.7947,0.185
261.8147,0.185
261.8347,0.185
261.8546,0.185
261.8746,0.185
261.8946,0.185
261.9146,0.185
261.9346,0.185
261.9546,0.185
261.9746,0.185
261.9946,0.185
262.0146,0.185
262.0345,0.185
262.0545,0.185
262.0745,0.185
262.0945,0.185
262.1145,0.185
262.1345,0.185
262.1545,0.185
262.1745,0.185
262.1945,0.185
262.2144,0.185
262.2344,0.185
262.2544,0.185
262.2744,0.185
262.2944,0.185
262.3144,0.185
262.3344,0.185
262.3544,0.185
262.3744,0.185
262.3943,0.185
262.4143,0.185
262.4343,0.185
262.4543,0.185
262.4743,0.185
262.4943,0.185
262.5143,0.185
262.5343,0.185
262.5543,0.185
262.5742,0.185
262.5942,0.185
262.6142,0.185
262.6342,0.185
262.6542,0.185
262.6742,0.185
262.6942,0.185
262.7142,0.185
262.7342,0.185
262.7542,0.185
262.7741,0.185
262.7941,0.185
262.8141,0.185
262.8341,0.185
262.8541,0.185
262.8741,0.185
262.8941,0.185
262.9141,0.185
262.9341,0.185
262.954,0.185
262.974,0.185
262.994,0.185
263.014,0.185
263.034,0.185
263.054,0.185
263.074,0.185
263.094,0.185
263.114,0.185
263.1339,0.185
263.1539,0.185
263.1739,0.185
263.1939,0.185
263.2139,0.185
263.2339,0.185
263.2539,0.185
263.2739,0.185
263.2939,0.185
263.3138,0.185
263.3338,0.185
263.3538,0.185
263.3738,0.185
263.3938,0.185
263.4138,0.185
263.4338,0.185
263.4538,0.185
263.4738,0.185
263.4937,0.185
263.5137,0.185
263.5337,0.185
263.5537,0.185
263.5737,0.185
263.5937,0.185
263.6137,0.185
263.6337,0.185
263.6537,0.185
263.6736,0.185
263.6936,0.185
263.7136,0.185
263.7336,0.185
263.7536,0.185
263.7736,0.185
263.7936,0.185
263.8136,0.185
263.8336,0.185
263.8535,0.185
263.8735,0.185
263.8935,0.185
263.9135,0.185
263.9335,0.185
263.9535,0.185
263.9735,0.185
263.9935,0.185
264.0135,0.185
264.0334,0.185
264.0534,0.185
264.0734,0.185
264.0934,0.185
264.1134,0.185
264.1334,0.185
264.1534,0.185
264.1734,0.185
264.1934,0.185
264.2133,0.185
264.2333,0.185
264.2533,0.185
264.2733,0.185
264.2933,0.185
264.3133,0.185
264.3333,0.185
264.3533,0.185
264.3733,0.185
264.3932,0.185
264.4132,0.185
264.4332,0.185
264.4532,0.185
264.4732,0.185
264.4932,0.185
264.5132,0.185
264.5332,0.185
264.5532,0.185
264.5732,0.185
264.5931,0.185
264.6131,0.185
264.6331,0.185
264.6531,0.185
264.6731,0.185
264.6931,0.185
264.7131,0.185
264.7331,0.185
264.7531,0.185
264.773,0.185
264.793,0.185
264.813,0.185
264.833,0.185
264.853,0.185
264.873,0.185
264.893,0.185
264.913,0.185
264.933,0.185
264.9529,0.185
264.9729,0.185
264.9929,0.185
265.0129,0.185
265.0329,0.185
265.0529,0.185
265.0729,0.185
265.0929,0.185
265.1129,0.185
265.1328,0.185
265.1528,0.185
265.1728,0.185
265.1928,0.185
265.2128,0.185
265.2328,0.185
265.2528,0.185
265.2728,0.185
265.2928,0.185
265.3127,0.185
265.3327,0.185
265.3527,0.185
265.3727,0.185
265.3927,0.185
265.4127,0.185
265.4327,0.185
265.4527,0.185
265.4727,0.185
265.4926,0.185
265.5126,0.185
265.5326,0.185
265.5526,0.185
265.5726,0.185
265.5926,0.185
265.6126,0.185
265.6326,0.185
265.6526,0.185
265.6725,0.185
265.6925,0.185
265.7125,0.185
265.7325,0.185
265.7525,0.185
265.7725,0.185
265.7925,0.185
265.8125,0.185
265.8325,0.185
265.8524,0.185
265.8724,0.185
265.8924,0.185
265.9124,0.185
265.9324,0.185
265.9524,0.185
265.9724,0.185
265.9924,0.185
266.0124,0.185
266.0323,0.185
266.0523,0.185
266.0723,0.185
266.0923,0.185
266.1123,0.185
266.1323,0.185
266.1523,0.185
266.1723,0.185
266.1923,0.185
266.2122,0.185
266.2322,0.185
266.2522,0.185
266.2722,0.185
266.2922,0.185
266.3122,0.185
266.3322,0.185
266.3522,0.19
266.3722,0.19
266.3922,0.19
266.4121,0.19
266.4321,0.19
266.4521,0.19
266.4721,0.19
266.4921,0.19
266.5121,0.19
266.5321,0.19
266.5521,0.19
266.5721,0.19
266.592,0.19
266.612,0.19
266.632,0.19
266.652,0.19
266.672,0.19
266.692,0.19
266.712,0.19
266.732,0.19
266.752,0.19
266.7719,0.19
266.7919,0.19
266.8119,0.19
266.8319,0.19
266.8519,0.19
266.8719,0.19
266.8919,0.19
266.9119,0.19
266.9319,0.19
266.9518,0.19
266.9718,0.19
266.9918,0.19
267.0118,0.19
267.0318,0.19
267.0518,0.19
267.0718,0.19
267.0918,0.19
267.1118,0.19
267.1317,0.19
267.1517,0.19
267.1717,0.19
267.1917,0.19
267.2117,0.19
267.2317,0.19
267.2517,0.19
267.2717,0.19
267.2917,0.19
267.3116,0.19
267.3316,0.19
267.3516,0.19
267.3716,0.19
267.3916,0.19
267.4116,0.19
267.4316,0.19
267.4516,0.19
267.4716,0.19
267.4915,0.19
267.5115,0.19
267.5315,0.19
267.5515,0.19
267.5715,0.19
267.5915,0.19
267.6115,0.19
267.6315,0.19
267.6515,0.19
267.6714,0.19
267.6914,0.19
267.7114,0.19
267.7314,0.19
267.7514,0.19
267.7714,0.19
267.7914,0.19
267.8114,0.19
267.8314,0.19
267.8513,0.19
267.8713,0.19
267.8913,0.19
267.9113,0.19
267.9313,0.19
267.9513,0.19
267.9713,0.19
267.9913,0.19
268.0113,0.19
268.0313,0.19
268.0512,0.19
268.0712,0.19
268.0912,0.19
268.1112,0.19
268.1312,0.19
268.1512,0.19
268.1712,0.19
268.1912,0.19
268.2112,0.19
268.2311,0.19
268.2511,0.19
268.2711,0.19
268.2911,0.19
268.3111,0.19
268.3311,0.19
268.3511,0.19
268.3711,0.19
268.3911,0.19
268.411,0.19
268.431,0.19
268.451,0.19
268.471,0.19
268.491,0.19
268.511,0.19
268.531,0.19
268.551,0.19
268.571,0.19
268.5909,0.19
268.6109,0.19
268.6309,0.19
268.6509,0.19
268.6709,0.19
268.6909,0.19
268.7109,0.19
268.7309,0.19
268.7509,0.19
268.7708,0.19
268.7908,0.19
268.8108,0.19
268.8308,0.19
268.8508,0.19
268.8708,0.19
268.8908,0.19
268.9108,0.19
268.9308,0.19
268.9507,0.19
268.9707,0.19
268.9907,0.19
269.0107,0.19
269.0307,0.19
269.0507,0.19
269.0707,0.19
269.0907,0.19
269.1107,0.19
269.1306,0.19
269.1506,0.19
269.1706,0.19
269.1906,0.19
269.2106,0.19
269.2306,0.19
269.2506,0.19
269.2706,0.19
269.2906,0.19
269.3105,0.19
269.3305,0.19
269.3505,0.195
269.3705,0.195
269.3905,0.195
269.4105,0.195
269.4305,0.195
269.4505,0.195
269.4705,0.195
269.4904,0.195
269.5104,0.195
269.5304,0.195
269.5504,0.195
269.5704,0.195
269.5904,0.195
269.6104,0.195
269.6304,0.195
269.6504,0.195
269.6703,0.195
269.6903,0.195
269.7103,0.195
269.7303,0.195
269.7503,0.195
269.7703,0.195
269.7903,0.195
269.8103,0.195
269.8303,0.195
269.8503,0.195
269.8702,0.195
269.8902,0.195
269.9102,0.195
269.9302,0.195
269.9502,0.195
269.9702,0.195
269.9902,0.195
270.0102,0.195
270.0302,0.195
270.0501,0.195
270.0701,0.195
270.0901,0.195
270.1101,0.195
270.1301,0.195
270.1501,0.195
270.1701,0.195
270.1901,0.195
270.2101,0.195
270.23,0.195
270.25,0.195
270.27,0.195
270.29,0.195
270.31,0.195
270.33,0.195
270.35,0.2
270.37,0.2
270.39,0.2
270.4099,0.2
270.4299,0.2
270.4499,0.2
270.4699,0.2
270.4899,0.2
270.5099,0.2
270.5299,0.2
270.5499,0.2
270.5699,0.2
270.5898,0.2
270.6098,0.2
270.6298,0.2
270.6498,0.2
270.6698,0.2
270.6898,0.2
270.7098,0.2
270.7298,0.2
270.7498,0.2
270.7697,0.2
270.7897,0.2
270.8097,0.2
270.8297,0.2
270.8497,0.2
270.8697,0.2
270.8897,0.2
270.9097,0.2
270.9297,0.2
270.9496,0.2
270.9696,0.2
270.9896,0.2
271.0096,0.205
271.0296,0.205
271.0496,0.205
271.0696,0.205
271.0896,0.205
271.1096,0.205
271.1295,0.205
271.1495,0.205
271.1695,0.205
271.1895,0.205
271.2095,0.205
271.2295,0.205
271.2495,0.205
271.2695,0.205
271.2895,0.205
271.3094,0.205
271.3294,0.205
271.3494,0.205
271.3694,0.205
271.3894,0.205
271.4094,0.205
271.4294,0.205
271.4494,0.205
271.4694,0.205
271.4893,0.205
271.5093,0.205
271.5293,0.205
271.5493,0.205
271.5693,0.205
271.5893,0.205
271.6093,0.205
271.6293,0.205
271.6493,0.205
271.6693,0.205
271.6892,0.205
271.7092,0.205
271.7292,0.205
271.7492,0.205
271.7692,0.205
271.7892,0.205
271.8092,0.205
271.8292,0.205
271.8492,0.205
271.8691,0.205
271.8891,0.205
271.9091,0.205
271.9291,0.205
271.9491,0.205
271.9691,0.205
271.9891,0.205
272.0091,0.205
272.0291,0.205
272.049,0.205
272.069,0.205
272.089,0.205
272.109,0.205
272.129,0.205
272.149,0.205
272.169,0.205
272.189,0.205
272.209,0.205
272.2289,0.205
272.2489,0.205
272.2689,0.205
272.2889,0.205
272.3089,0.205
272.3289,0.205
272.3489,0.205
272.3689,0.205
272.3889,0.205
272.4088,0.205
272.4288,0.205
272.4488,0.205
272.4688,0.205
272.4888,0.205
272.5088,0.205
272.5288,0.205
272.5488,0.205
272.5688,0.205
272.5887,0.205
272.6087,0.205
272.6287,0.205
272.6487,0.205
272.6687,0.205
272.6887,0.205
272.7087,0.205
272.7287,0.205
272.7487,0.205
272.7686,0.205
272.7886,0.205
272.8086,0.205
272.8286,0.205
272.8486,0.205
272.8686,0.205
272.8886,0.205
272.9086,0.205
272.9286,0.205
272.9485,0.205
272.9685,0.205
272.9885,0.205
273.0085,0.205
273.0285,0.205
273.0485,0.205
273.0685,0.205
273.0885,0.205
273.1085,0.205
273.1284,0.205
273.1484,0.205
273.1684,0.205
273.1884,0.205
273.2084,0.205
273.2284,0.205
273.2484,0.205
273.2684,0.205
273.2884,0.205
273.3083,0.205
273.3283,0.205
273.3483,0.21
273.3683,0.21
273.3883,0.21
273.4083,0.21
273.4283,0.21
273.4483,0.21
273.4683,0.21
273.4883,0.21
273.5082,0.21
273.5282,0.21
273.5482,0.21
273.5682,0.21
273.5882,0.21
273.6082,0.21
273.6282,0.21
273.6482,0.21
273.6682,0.21
273.6881,0.21
273.7081,0.21
273.7281,0.21
273.7481,0.21
273.7681,0.21
273.7881,0.21
273.8081,0.21
273.8281,0.21
273.8481,0.21
273.868,0.21
273.888,0.21
273.908,0.21
273.928,0.21
273.948,0.21
273.968,0.21
273.988,0.21
274.008,0.215
274.028,0.215
274.0479,0.215
274.0679,0.215
274.0879,0.215
274.1079,0.215
274.1279,0.215
274.1479,0.215
274.1679,0.215
274.1879,0.215
274.2079,0.215
274.2278,0.215
274.2478,0.215
274.2678,0.215
274.2878,0.215
274.3078,0.215
274.3278,0.215
274.3478,0.22
274.3678,0.22
274.3878,0.22
274.4077,0.22
274.4277,0.22
274.4477,0.22
274.4677,0.22
274.4877,0.22
274.5077,0.22
274.5277,0.22
274.5477,0.22
274.5677,0.22
274.5876,0.22
274.6076,0.22
274.6276,0.22
274.6476,0.22
274.6676,0.22
274.6876,0.22
274.7076,0.22
274.7276,0.22
274.7476,0.22
274.7675,0.22
274.7875,0.22
274.8075,0.22
274.8275,0.22
274.8475,0.22
274.8675,0.22
274.8875,0.22
274.9075,0.22
274.9275,0.22
274.9474,0.22
274.9674,0.22
274.9874,0.22
275.0074,0.22
275.0274,0.22
275.0474,0.22
275.0674,0.22
275.0874,0.22
275.1074,0.22
275.1273,0.22
275.1473,0.22
275.1673,0.22
275.1873,0.22
275.2073,0.22
275.2273,0.22
275.2473,0.22
275.2673,0.22
275.2873,0.22
275.3073,0.22
275.3272,0.22
275.3472,0.225
275.3672,0.225
275.3872,0.225
275.4072,0.225
275.4272,0.225
275.4472,0.225
275.4672,0.225
275.4872,0.225
275.5071,0.225
275.5271,0.225
275.5471,0.225
275.5671,0.225
275.5871,0.225
275.6071,0.225
275.6271,0.225
275.6471,0.225
275.6671,0.23
275.687,0.23
275.707,0.23
275.727,0.23
275.747,0.23
275.767,0.23
275.787,0.23
275.807,0.23
275.827,0.23
275.847,0.23
275.8669,0.23
275.8869,0.23
275.9069,0.23
275.9269,0.23
275.9469,0.23
275.9669,0.23
275.9869,0.23
276.0069,0.24
276.0269,0.24
276.0468,0.24
276.0668,0.24
276.0868,0.24
276.1068,0.24
276.1268,0.24
276.1468,0.24
276.1668,0.24
276.1868,0.24
276.2068,0.24
276.2267,0.24
276.2467,0.24
276.2667,0.24
276.2867,0.24
276.3067,0.24
276.3267,0.24
276.3467,0.24
276.3667,0.24
276.3867,0.24
276.4066,0.24
276.4266,0.24
276.4466,0.24
276.4666,0.24
276.4866,0.24
276.5066,0.24
276.5266,0.24
276.5466,0.24
276.5666,0.24
276.5865,0.24
276.6065,0.24
276.6265,0.24
276.6465,0.24
276.6665,0.24
276.6865,0.24
276.7065,0.24
276.7265,0.24
276.7465,0.24
276.7664,0.24
276.7864,0.24
276.8064,0.24
276.8264,0.24
276.8464,0.24
276.8664,0.24
276.8864,0.24
276.9064,0.24
276.9264,0.24
276.9464,0.24
276.9663,0.24
276.9863,0.24
277.0063,0.25
277.0263,0.25
277.0463,0.25
277.0663,0.25
277.0863,0.25
277.1063,0.25
277.1263,0.25
277.1462,0.25
277.1662,0.25
277.1862,0.25
277.2062,0.25
277.2262,0.25
277.2462,0.25
277.2662,0.25
277.2862,0.25
277.3062,0.25
277.3261,0.25
277.3461,0.25
277.3661,0.25
277.3861,0.25
277.4061,0.25
277.4261,0.25
277.4461,0.25
277.4661,0.25
277.4861,0.25
277.506,0.25
277.526,0.25
277.546,0.25
277.566,0.25
277.586,0.25
277.606,0.25
277.626,0.25
277.646,0.25
277.666,0.25
277.6859,0.25
277.7059,0.25
277.7259,0.25
277.7459,0.25
277.7659,0.25
277.7859,0.25
277.8059,0.25
277.8259,0.25
277.8459,0.25
277.8658,0.25
277.8858,0.25
277.9058,0.25
277.9258,0.25
277.9458,0.25
277.9658,0.25
277.9858,0.25
278.0058,0.255
278.0258,0.255
278.0457,0.255
278.0657,0.255
278.0857,0.255
278.1057,0.255
278.1257,0.255
278.1457,0.255
278.1657,0.255
278.1857,0.255
278.2057,0.255
278.2256,0.255
278.2456,0.255
278.2656,0.255
278.2856,0.255
278.3056,0.255
278.3256,0.255
278.3456,0.255
278.3656,0.255
278.3856,0.255
278.4055,0.255
278.4255,0.255
278.4455,0.255
278.4655,0.255
278.4855,0.255
278.5055,0.255
278.5255,0.255
278.5455,0.255
278.5655,0.255
278.5854,0.255
278.6054,0.255
278.6254,0.255
278.6454,0.255
278.6654,0.26
278.6854,0.26
278.7054,0.26
278.7254,0.26
278.7454,0.26
278.7654,0.26
278.7853,0.26
278.8053,0.26
278.8253,0.26
278.8453,0.26
278.8653,0.26
278.8853,0.26
278.9053,0.26
278.9253,0.26
278.9453,0.26
278.9652,0.26
278.9852,0.26
279.0052,0.26
279.0252,0.26
279.0452,0.26
279.0652,0.26
279.0852,0.26
279.1052,0.26
279.1252,0.26
279.1451,0.26
279.1651,0.26
279.1851,0.26
279.2051,0.26
279.2251,0.26
279.2451,0.26
279.2651,0.26
279.2851,0.26
279.3051,0.26
279.325,0.26
279.345,0.26
279.365,0.26
279.385,0.26
279.405,0.26
279.425,0.26
279.445,0.26
279.465,0.26
279.485,0.26
279.5049,0.26
279.5249,0.26
279.5449,0.26
279.5649,0.26
279.5849,0.26
279.6049,0.26
279.6249,0.26
279.6449,0.26
279.6649,0.26
279.6848,0.26
279.7048,0.26
279.7248,0.26
279.7448,0.26
279.7648,0.26
279.7848,0.26
279.8048,0.26
279.8248,0.26
279.8448,0.26
279.8647,0.26
279.8847,0.26
279.9047,0.26
279.9247,0.26
279.9447,0.26
279.9647,0.26
279.9847,0.26
280.0047,0.26
280.0247,0.26
280.0446,0.26
280.0646,0.26
280.0846,0.26
280.1046,0.26
280.1246,0.26
280.1446,0.26
280.1646,0.26
280.1846,0.26
280.2046,0.26
280.2245,0.26
280.2445,0.26
280.2645,0.26
280.2845,0.26
280.3045,0.26
280.3245,0.26
280.3445,0.26
280.3645,0.26
280.3845,0.26
280.4044,0.26
280.4244,0.26
280.4444,0.26
280.4644,0.26
280.4844,0.26
280.5044,0.26
280.5244,0.26
280.5444,0.26
280.5644,0.26
280.5844,0.26
280.6043,0.26
280.6243,0.26
280.6443,0.26
280.6643,0.26
280.6843,0.26
280.7043,0.26
280.7243,0.26
280.7443,0.26
280.7643,0.26
280.7842,0.26
280.8042,0.26
280.8242,0.26
280.8442,0.26
280.8642,0.26
280.8842,0.26
280.9042,0.26
280.9242,0.26
280.9442,0.26
280.9641,0.26
280.9841,0.26
281.0041,0.3
281.0241,0.3
281.0441,0.3
281.0641,0.3
281.0841,0.3
281.1041,0.3
281.1241,0.3
281.144,0.3
281.164,0.3
281.184,0.3
281.204,0.3
281.224,0.3
281.244,0.3
281.264,0.3
281.284,0.3
281.304,0.3
281.3239,0.3
281.3439,0.31
281.3639,0.31
281.3839,0.31
281.4039,0.31
281.4239,0.31
281.4439,0.31
281.4639,0.31
281.4839,0.31
281.5038,0.31
281.5238,0.31
281.5438,0.31
281.5638,0.31
281.5838,0.31
281.6038,0.31
281.6238,0.31
281.6438,0.31
281.6638,0.315
281.6837,0.315
281.7037,0.315
281.7237,0.315
281.7437,0.315
281.7637,0.315
281.7837,0.315
281.8037,0.315
281.8237,0.315
281.8437,0.315
281.8636,0.315
281.8836,0.315
281.9036,0.315
281.9236,0.315
281.9436,0.315
281.9636,0.315
281.9836,0.315
282.0036,0.315
282.0236,0.315
282.0435,0.315
282.0635,0.315
282.0835,0.315
282.1035,0.315
282.1235,0.315
282.1435,0.315
282.1635,0.315
282.1835,0.315
282.2035,0.315
282.2234,0.315
282.2434,0.315
282.2634,0.315
282.2834,0.315
282.3034,0.315
282.3234,0.315
282.3434,0.315
282.3634,0.315
282.3834,0.315
282.4034,0.315
282.4233,0.315
282.4433,0.315
282.4633,0.315
282.4833,0.315
282.5033,0.315
282.5233,0.315
282.5433,0.315
282.5633,0.315
282.5833,0.315
282.6032,0.315
282.6232,0.315
282.6432,0.315
282.6632,0.315
282.6832,0.315
282.7032,0.315
282.7232,0.315
282.7432,0.315
282.7632,0.315
282.7831,0.315
282.8031,0.315
282.8231,0.315
282.8431,0.315
282.8631,0.315
282.8831,0.315
282.9031,0.315
282.9231,0.315
282.9431,0.315
282.963,0.315
282.983,0.315
283.003,0.32
283.023,0.32
283.043,0.32
283.063,0.32
283.083,0.32
283.103,0.32
283.123,0.32
283.1429,0.32
283.1629,0.32
283.1829,0.32
283.2029,0.32
283.2229,0.32
283.2429,0.32
283.2629,0.32
283.2829,0.32
283.3029,0.32
283.3228,0.32
283.3428,0.32
283.3628,0.32
283.3828,0.32
283.4028,0.32
283.4228,0.32
283.4428,0.32
283.4628,0.32
283.4828,0.32
283.5027,0.32
283.5227,0.32
283.5427,0.32
283.5627,0.32
283.5827,0.32
283.6027,0.32
283.6227,0.32
283.6427,0.32
283.6627,0.32
283.6826,0.32
283.7026,0.32
283.7226,0.32
283.7426,0.32
283.7626,0.32
283.7826,0.32
283.8026,0.32
283.8226,0.32
283.8426,0.32
283.8625,0.32
283.8825,0.32
283.9025,0.32
283.9225,0.32
283.9425,0.32
283.9625,0.32
283.9825,0.32
284.0025,0.32
284.0225,0.32
284.0424,0.32
284.0624,0.32
284.0824,0.32
284.1024,0.32
284.1224,0.32
284.1424,0.32
284.1624,0.32
284.1824,0.32
284.2024,0.32
284.2224,0.32
284.2423,0.32
284.2623,0.32
284.2823,0.32
284.3023,0.32
284.3223,0.32
284.3423,0.32
284.3623,0.32
284.3823,0.32
284.4023,0.32
284.4222,0.32
284.4422,0.32
284.4622,0.32
284.4822,0.32
284.5022,0.32
284.5222,0.32
284.5422,0.32
284.5622,0.32
284.5822,0.32
284.6021,0.32
284.6221,0.32
284.6421,0.32
284.6621,0.32
284.6821,0.32
284.7021,0.32
284.7221,0.32
284.7421,0.32
284.7621,0.32
284.782,0.32
284.802,0.32
284.822,0.32
284.842,0.32
284.862,0.32
284.882,0.32
284.902,0.32
284.922,0.32
284.942,0.32
284.9619,0.32
284.9819,0.32
285.0019,0.325
285.0219,0.325
285.0419,0.325
285.0619,0.325
285.0819,0.325
285.1019,0.325
285.1219,0.325
285.1418,0.325
285.1618,0.325
285.1818,0.325
285.2018,0.325
285.2218,0.325
285.2418,0.325
285.2618,0.325
285.2818,0.325
285.3018,0.325
285.3217,0.325
285.3417,0.325
285.3617,0.325
285.3817,0.325
285.4017,0.325
285.4217,0.325
285.4417,0.325
285.4617,0.325
285.4817,0.325
285.5016,0.325
285.5216,0.325
285.5416,0.325
285.5616,0.325
285.5816,0.325
285.6016,0.325
285.6216,0.325
285.6416,0.325
285.6616,0.325
285.6815,0.325
285.7015,0.325
285.7215,0.325
285.7415,0.325
285.7615,0.325
285.7815,0.325
285.8015,0.325
285.8215,0.325
285.8415,0.325
285.8615,0.325
285.8814,0.325
285.9014,0.325
285.9214,0.325
285.9414,0.325
285.9614,0.325
285.9814,0.325
286.0014,0.335
286.0214,0.335
286.0414,0.335
286.0613,0.335
286.0813,0.335
286.1013,0.335
286.1213,0.335
286.1413,0.335
286.1613,0.335
286.1813,0.335
286.2013,0.335
286.2213,0.335
286.2412,0.335
286.2612,0.335
286.2812,0.335
286.3012,0.335
286.3212,0.335
286.3412,0.335
286.3612,0.335
286.3812,0.335
286.4012,0.335
286.4211,0.335
286.4411,0.335
286.4611,0.335
286.4811,0.335
286.5011,0.335
286.5211,0.335
286.5411,0.335
286.5611,0.335
286.5811,0.335
286.601,0.335
286.621,0.335
286.641,0.335
286.661,0.335
286.681,0.335
286.701,0.335
286.721,0.335
286.741,0.335
286.761,0.335
286.7809,0.335
286.8009,0.335
286.8209,0.335
286.8409,0.335
286.8609,0.335
286.8809,0.335
286.9009,0.335
286.9209,0.335
286.9409,0.335
286.9608,0.335
286.9808,0.335
287.0008,0.335
287.0208,0.335
287.0408,0.335
287.0608,0.335
287.0808,0.335
287.1008,0.335
287.1208,0.335
287.1407,0.335
287.1607,0.335
287.1807,0.335
287.2007,0.335
287.2207,0.335
287.2407,0.335
287.2607,0.335
287.2807,0.335
287.3007,0.335
287.3206,0.335
287.3406,0.335
287.3606,0.335
287.3806,0.335
287.4006,0.335
287.4206,0.335
287.4406,0.335
287.4606,0.335
287.4806,0.335
287.5005,0.335
287.5205,0.335
287.5405,0.335
287.5605,0.335
287.5805,0.335
287.6005,0.335
287.6205,0.335
287.6405,0.335
287.6605,0.335
287.6805,0.335
287.7004,0.335
287.7204,0.335
287.7404,0.335
287.7604,0.335
287.7804,0.335
287.8004,0.335
287.8204,0.335
287.8404,0.335
287.8604,0.335
287.8803,0.335
287.9003,0.335
287.9203,0.335
287.9403,0.335
287.9603,0.335
287.9803,0.335
288.0003,0.335
288.0203,0.335
288.0403,0.335
288.0602,0.335
288.0802,0.335
288.1002,0.335
288.1202,0.335
288.1402,0.335
288.1602,0.335
288.1802,0.335
288.2002,0.335
288.2202,0.335
288.2401,0.335
288.2601,0.335
288.2801,0.335
288.3001,0.335
288.3201,0.335
288.3401,0.335
288.3601,0.335
288.3801,0.335
288.4001,0.335
288.42,0.335
288.44,0.335
288.46,0.335
288.48,0.335
288.5,0.335
288.52,0.335
288.54,0.335
288.56,0.335
288.58,0.335
288.5999,0.335
288.6199,0.335
288.6399,0.335
288.6599,0.335
288.6799,0.335
288.6999,0.335
288.7199,0.335
288.7399,0.335
288.7599,0.335
288.7798,0.335
288.7998,0.335
288.8198,0.335
288.8398,0.335
288.8598,0.335
288.8798,0.335
288.8998,0.335
288.9198,0.335
288.9398,0.335
288.9597,0.335
288.9797,0.335
288.9997,0.335
289.0197,0.335
289.0397,0.335
289.0597,0.335
289.0797,0.335
289.0997,0.335
289.1197,0.335
289.1396,0.335
289.1596,0.335
289.1796,0.335
289.1996,0.335
289.2196,0.335
289.2396,0.335
289.2596,0.335
289.2796,0.335
289.2996,0.335
289.3195,0.335
289.3395,0.335
289.3595,0.335
289.3795,0.335
289.3995,0.335
289.4195,0.335
289.4395,0.335
289.4595,0.335
289.4795,0.335
289.4995,0.335
289.5194,0.335
289.5394,0.335
289.5594,0.335
289.5794,0.335
289.5994,0.335
289.6194,0.335
289.6394,0.335
289.6594,0.335
289.6794,0.335
289.6993,0.335
289.7193,0.335
289.7393,0.335
289.7593,0.335
289.7793,0.335
289.7993,0.335
289.8193,0.335
289.8393,0.335
289.8593,0.335
289.8792,0.335
289.8992,0.335
289.9192,0.335
289.9392,0.335
289.9592,0.335
289.9792,0.335
289.9992,0.335
290.0192,0.335
290.0392,0.335
290.0591,0.335
290.0791,0.335
290.0991,0.335
290.1191,0.335
290.1391,0.335
290.1591,0.335
290.1791,0.335
290.1991,0.335
290.2191,0.335
290.239,0.335
290.259,0.335
290.279,0.335
290.299,0.335
290.319,0.335
290.339,0.335
290.359,0.335
290.379,0.335
290.399,0.335
290.4189,0.335
290.4389,0.335
290.4589,0.335
290.4789,0.335
290.4989,0.335
290.5189,0.335
290.5389,0.335
290.5589,0.335
290.5789,0.335
290.5988,0.335
290.6188,0.335
290.6388,0.335
290.6588,0.335
290.6788,0.335
290.6988,0.335
290.7188,0.335
290.7388,0.335
290.7588,0.335
290.7787,0.335
290.7987,0.335
290.8187,0.335
290.8387,0.335
290.8587,0.335
290.8787,0.335
290.8987,0.335
290.9187,0.335
290.9387,0.335
290.9586,0.335
290.9786,0.335
290.9986,0.34
291.0186,0.34
291.0386,0.34
291.0586,0.34
291.0786,0.34
291.0986,0.34
291.1186,0.34
291.1385,0.34
291.1585,0.34
291.1785,0.34
291.1985,0.34
291.2185,0.34
291.2385,0.34
291.2585,0.34
291.2785,0.34
291.2985,0.34
291.3185,0.34
291.3384,0.34
291.3584,0.34
291.3784,0.34
291.3984,0.34
291.4184,0.34
291.4384,0.34
291.4584,0.34
291.4784,0.34
291.4984,0.34
291.5183,0.34
291.5383,0.34
291.5583,0.34
291.5783,0.34
291.5983,0.34
291.6183,0.34
291.6383,0.34
291.6583,0.34
291.6783,0.34
291.6982,0.34
291.7182,0.34
291.7382,0.34
291.7582,0.34
291.7782,0.34
291.7982,0.34
291.8182,0.34
291.8382,0.34
291.8582,0.34
291.8781,0.34
291.8981,0.34
291.9181,0.34
291.9381,0.34
291.9581,0.34
291.9781,0.34
291.9981,0.34
292.0181,0.34
292.0381,0.34
292.058,0.34
292.078,0.34
292.098,0.34
292.118,0.34
292.138,0.34
292.158,0.34
292.178,0.34
292.198,0.34
292.218,0.34
292.2379,0.34
292.2579,0.34
292.2779,0.34
292.2979,0.34
292.3179,0.34
292.3379,0.34
292.3579,0.34
292.3779,0.34
292.3979,0.34
292.4178,0.34
292.4378,0.34
292.4578,0.34
292.4778,0.34
292.4978,0.34
292.5178,0.34
292.5378,0.34
292.5578,0.34
292.5778,0.34
292.5977,0.34
292.6177,0.34
292.6377,0.34
292.6577,0.34
292.6777,0.34
292.6977,0.34
292.7177,0.34
292.7377,0.34
292.7577,0.34
292.7776,0.34
292.7976,0.34
292.8176,0.34
292.8376,0.34
292.8576,0.34
292.8776,0.34
292.8976,0.34
292.9176,0.34
292.9376,0.34
292.9576,0.34
292.9775,0.34
292.9975,0.34
293.0175,0.34
293.0375,0.34
293.0575,0.34
293.0775,0.34
293.0975,0.34
293.1175,0.34
293.1375,0.34
293.1574,0.34
293.1774,0.34
293.1974,0.34
293.2174,0.34
293.2374,0.34
293.2574,0.34
293.2774,0.34
293.2974,0.34
293.3174,0.34
293.3373,0.34
293.3573,0.34
293.3773,0.34
293.3973,0.34
293.4173,0.34
293.4373,0.34
293.4573,0.34
293.4773,0.34
293.4973,0.34
293.5172,0.34
293.5372,0.34
293.5572,0.34
293.5772,0.34
293.5972,0.34
293.6172,0.34
293.6372,0.34
293.6572,0.34
293.6772,0.34
293.6971,0.34
293.7171,0.34
293.7371,0.34
293.7571,0.34
293.7771,0.34
293.7971,0.34
293.8171,0.34
293.8371,0.34
293.8571,0.34
293.877,0.34
293.897,0.34
293.917,0.34
293.937,0.34
293.957,0.34
293.977,0.34
293.997,0.34
294.017,0.34
294.037,0.34
294.0569,0.34
294.0769,0.34
294.0969,0.34
294.1169,0.34
294.1369,0.34
294.1569,0.34
294.1769,0.34
294.1969,0.34
294.2169,0.34
294.2368,0.34
294.2568,0.34
294.2768,0.34
294.2968,0.34
294.3168,0.34
294.3368,0.34
294.3568,0.34
294.3768,0.34
294.3968,0.34
294.4167,0.34
294.4367,0.34
294.4567,0.34
294.4767,0.34
294.4967,0.34
294.5167,0.34
294.5367,0.34
294.5567,0.34
294.5767,0.34
294.5966,0.34
294.6166,0.34
294.6366,0.34
294.6566,0.34
294.6766,0.34
294.6966,0.34
294.7166,0.34
294.7366,0.34
294.7566,0.34
294.7766,0.34
294.7965,0.34
294.8165,0.34
294.8365,0.34
294.8565,0.34
294.8765,0.34
294.8965,0.34
294.9165,0.34
294.9365,0.34
294.9565,0.34
294.9764,0.34
294.9964,0.34
295.0164,0.34
295.0364,0.34
295.0564,0.34
295.0764,0.34
295.0964,0.34
295.1164,0.34
295.1364,0.34
295.1563,0.34
295.1763,0.34
295.1963,0.34
295.2163,0.34
295.2363,0.34
295.2563,0.34
295.2763,0.34
295.2963,0.34
295.3163,0.34
295.3362,0.34
295.3562,0.34
295.3762,0.34
295.3962,0.34
295.4162,0.34
295.4362,0.34
295.4562,0.34
295.4762,0.34
295.4962,0.34
295.5161,0.34
295.5361,0.34
295.5561,0.34
295.5761,0.34
295.5961,0.34
295.6161,0.34
295.6361,0.34
295.6561,0.34
295.6761,0.34
295.696,0.34
295.716,0.34
295.736,0.34
295.756,0.34
295.776,0.34
295.796,0.34
295.816,0.34
295.836,0.34
295.856,0.34
295.8759,0.34
295.8959,0.34
295.9159,0.34
295.9359,0.34
295.9559,0.34
295.9759,0.34
295.9959,0.34
296.0159,0.34
296.0359,0.34
296.0558,0.34
296.0758,0.34
296.0958,0.34
296.1158,0.34
296.1358,0.34
296.1558,0.34
296.1758,0.34
296.1958,0.34
296.2158,0.34
296.2357,0.34
296.2557,0.34
296.2757,0.34
296.2957,0.34
296.3157,0.34
296.3357,0.34
296.3557,0.34
296.3757,0.34
296.3957,0.34
296.4156,0.34
296.4356,0.34
296.4556,0.34
296.4756,0.34
296.4956,0.34
296.5156,0.34
296.5356,0.34
296.5556,0.34
296.5756,0.34
296.5956,0.34
296.6155,0.34
296.6355,0.34
296.6555,0.34
296.6755,0.34
296.6955,0.34
296.7155,0.34
296.7355,0.34
296.7555,0.34
296.7755,0.34
296.7954,0.34
296.8154,0.34
296.8354,0.34
296.8554,0.34
296.8754,0.34
296.8954,0.34
296.9154,0.34
296.9354,0.34
296.9554,0.34
296.9753,0.34
296.9953,0.34
297.0153,0.34
297.0353,0.34
297.0553,0.34
297.0753,0.34
297.0953,0.34
297.1153,0.34
297.1353,0.34
297.1552,0.34
297.1752,0.34
297.1952,0.34
297.2152,0.34
297.2352,0.34
297.2552,0.34
297.2752,0.34
297.2952,0.34
297.3152,0.34
297.3351,0.34
297.3551,0.34
297.3751,0.34
297.3951,0.34
297.4151,0.34
297.4351,0.34
297.4551,0.34
297.4751,0.34
297.4951,0.34
297.515,0.34
297.535,0.34
297.555,0.34
297.575,0.34
297.595,0.34
297.615,0.34
297.635,0.34
297.655,0.34
297.675,0.34
297.6949,0.34
297.7149,0.34
297.7349,0.34
297.7549,0.34
297.7749,0.34
297.7949,0.34
297.8149,0.34
297.8349,0.34
297.8549,0.34
297.8748,0.34
297.8948,0.34
297.9148,0.34
297.9348,0.34
297.9548,0.34
297.9748,0.34
297.9948,0.34
298.0148,0.34
298.0348,0.34
298.0547,0.34
298.0747,0.34
298.0947,0.34
298.1147,0.34
298.1347,0.34
298.1547,0.34
298.1747,0.34
298.1947,0.34
298.2147,0.34
298.2346,0.34
298.2546,0.34
298.2746,0.34
298.2946,0.34
298.3146,0.34
298.3346,0.34
298.3546,0.34
298.3746,0.34
298.3946,0.34
298.4146,0.34
298.4345,0.34
298.4545,0.34
298.4745,0.34
298.4945,0.34
298.5145,0.34
298.5345,0.34
298.5545,0.34
298.5745,0.34
298.5945,0.34
298.6144,0.34
298.6344,0.34
298.6544,0.34
298.6744,0.34
298.6944,0.34
298.7144,0.34
298.7344,0.34
298.7544,0.34
298.7744,0.34
298.7943,0.34
298.8143,0.34
298.8343,0.34
298.8543,0.34
298.8743,0.34
298.8943,0.34
298.9143,0.34
298.9343,0.34
298.9543,0.34
298.9742,0.34
298.9942,0.34
299.0142,0.34
299.0342,0.34
299.0542,0.34
299.0742,0.34
299.0942,0.34
299.1142,0.34
299.1342,0.34
299.1541,0.34
299.1741,0.34
299.1941,0.34
299.2141,0.34
299.2341,0.34
299.2541,0.34
299.2741,0.34
299.2941,0.34
299.3141,0.34
299.334,0.34
299.354,0.34
299.374,0.34
299.394,0.34
299.414,0.34
299.434,0.34
299.454,0.34
299.474,0.34
299.494,0.34
299.5139,0.34
299.5339,0.34
299.5539,0.34
299.5739,0.34
299.5939,0.34
299.6139,0.34
299.6339,0.34
299.6539,0.34
299.6739,0.34
299.6938,0.34
299.7138,0.34
299.7338,0.34
299.7538,0.34
299.7738,0.34
299.7938,0.34
299.8138,0.34
299.8338,0.34
299.8538,0.34
299.8737,0.34
299.8937,0.34
299.9137,0.34
299.9337,0.34
299.9537,0.34
299.9737,0.34
299.9937,0.34
300.0137,0.34
300.0337,0.34
300.0536,0.34
300.0736,0.34
300.0936,0.34
300.1136,0.34
300.1336,0.34
300.1536,0.34
300.1736,0.34
300.1936,0.34
300.2136,0.34
300.2336,0.34
300.2535,0.34
300.2735,0.34
300.2935,0.34
300.3135,0.34
300.3335,0.34
300.3535,0.34
300.3735,0.34
300.3935,0.34
300.4135,0.34
300.4334,0.34
300.4534,0.34
300.4734,0.34
300.4934,0.34
300.5134,0.34
300.5334,0.34
300.5534,0.34
300.5734,0.34
300.5934,0.34
300.6133,0.34
300.6333,0.34
300.6533,0.34
300.6733,0.34
300.6933,0.34
300.7133,0.34
300.7333,0.34
300.7533,0.34
300.7733,0.34
300.7932,0.34
300.8132,0.34
300.8332,0.34
300.8532,0.34
300.8732,0.34
300.8932,0.34
300.9132,0.34
300.9332,0.34
300.9532,0.34
300.9731,0.34
300.9931,0.34
301.0131,0.34
301.0331,0.34
301.0531,0.34
301.0731,0.34
301.0931,0.34
301.1131,0.34
301.1331,0.34
301.153,0.34
301.173,0.34
301.193,0.34
301.213,0.34
301.233,0.34
301.253,0.34
301.273,0.34
301.293,0.34
301.313,0.34
301.3329,0.34
301.3529,0.34
301.3729,0.34
301.3929,0.34
301.4129,0.34
301.4329,0.34
301.4529,0.34
301.4729,0.34
301.4929,0.34
301.5128,0.34
301.5328,0.34
301.5528,0.34
301.5728,0.34
301.5928,0.34
301.6128,0.34
301.6328,0.34
301.6528,0.34
301.6728,0.34
301.6927,0.34
301.7127,0.34
301.7327,0.34
301.7527,0.34
301.7727,0.34
301.7927,0.34
301.8127,0.34
301.8327,0.34
301.8527,0.34
301.8727,0.34
301.8926,0.34
301.9126,0.34
301.9326,0.34
301.9526,0.34
301.9726,0.34
301.9926,0.34
302.0126,0.34
302.0326,0.34
302.0526,0.34
302.0725,0.34
302.0925,0.34
302.1125,0.34
302.1325,0.34
302.1525,0.34
302.1725,0.34
302.1925,0.34
302.2125,0.34
302.2325,0.34
302.2524,0.34
302.2724,0.34
302.2924,0.34
302.3124,0.34
302.3324,0.34
302.3524,0.34
302.3724,0.34
302.3924,0.34
302.4124,0.34
302.4323,0.34
302.4523,0.34
302.4723,0.34
302.4923,0.34
302.5123,0.34
302.5323,0.34
302.5523,0.34
302.5723,0.34
302.5923,0.34
302.6122,0.34
302.6322,0.34
302.6522,0.34
302.6722,0.34
302.6922,0.34
302.7122,0.34
302.7322,0.34
302.7522,0.34
302.7722,0.34
302.7921,0.34
302.8121,0.34
302.8321,0.34
302.8521,0.34
302.8721,0.34
302.8921,0.34
302.9121,0.34
302.9321,0.34
302.9521,0.34
302.972,0.34
302.992,0.34
303.012,0.34
303.032,0.34
303.052,0.34
303.072,0.34
303.092,0.34
303.112,0.34
303.132,0.34
303.1519,0.34
303.1719,0.34
303.1919,0.34
303.2119,0.34
303.2319,0.34
303.2519,0.34
303.2719,0.34
303.2919,0.34
303.3119,0.34
303.3318,0.34
303.3518,0.34
303.3718,0.34
303.3918,0.34
303.4118,0.34
303.4318,0.34
303.4518,0.34
303.4718,0.34
303.4918,0.34
303.5117,0.34
303.5317,0.34
303.5517,0.34
303.5717,0.34
303.5917,0.34
303.6117,0.34
303.6317,0.34
303.6517,0.34
303.6717,0.34
303.6917,0.34
303.7116,0.34
303.7316,0.34
303.7516,0.34
303.7716,0.34
303.7916,0.34
303.8116,0.34
303.8316,0.34
303.8516,0.34
303.8716,0.34
303.8915,0.34
303.9115,0.34
303.9315,0.34
303.9515,0.34
303.9715,0.34
303.9915,0.34
304.0115,0.34
304.0315,0.34
304.0515,0.34
304.0714,0.34
304.0914,0.34
304.1114,0.34
304.1314,0.34
304.1514,0.34
304.1714,0.34
304.1914,0.34
304.2114,0.34
304.2314,0.34
304.2513,0.34
304.2713,0.34
304.2913,0.34
304.3113,0.34
304.3313,0.34
304.3513,0.34
304.3713,0.34
304.3913,0.34
304.4113,0.34
304.4312,0.34
304.4512,0.34
304.4712,0.34
304.4912,0.34
304.5112,0.34
304.5312,0.34
304.5512,0.34
304.5712,0.34
304.5912,0.34
304.6111,0.34
304.6311,0.34
304.6511,0.34
304.6711,0.34
304.6911,0.34
304.7111,0.34
304.7311,0.34
304.7511,0.34
304.7711,0.34
304.791,0.34
304.811,0.34
304.831,0.34
304.851,0.34
304.871,0.34
304.891,0.34
304.911,0.34
304.931,0.34
304.951,0.34
304.9709,0.34
304.9909,0.34
305.0109,0.34
305.0309,0.34
305.0509,0.34
305.0709,0.34
305.0909,0.34
305.1109,0.34
305.1309,0.34
305.1508,0.34
305.1708,0.34
305.1908,0.34
305.2108,0.34
305.2308,0.34
305.2508,0.34
305.2708,0.34
305.2908,0.34
305.3108,0.34
305.3307,0.34
305.3507,0.34
305.3707,0.34
305.3907,0.34
305.4107,0.34
305.4307,0.34
305.4507,0.34
305.4707,0.34
305.4907,0.34
305.5107,0.34
305.5306,0.34
305.5506,0.34
305.5706,0.34
305.5906,0.34
305.6106,0.34
305.6306,0.34
305.6506,0.34
305.6706,0.34
305.6906,0.34
305.7105,0.34
305.7305,0.34
305.7505,0.34
305.7705,0.34
305.7905,0.34
305.8105,0.34
305.8305,0.34
305.8505,0.34
305.8705,0.34
305.8904,0.34
305.9104,0.34
305.9304,0.34
305.9504,0.34
305.9704,0.34
305.9904,0.34
306.0104,0.34
306.0304,0.34
306.0504,0.34
306.0703,0.34
306.0903,0.34
306.1103,0.34
306.1303,0.34
306.1503,0.34
306.1703,0.34
306.1903,0.34
306.2103,0.34
306.2303,0.34
306.2502,0.34
306.2702,0.34
306.2902,0.34
306.3102,0.34
306.3302,0.34
306.3502,0.34
306.3702,0.34
306.3902,0.34
306.4102,0.34
306.4301,0.34
306.4501,0.34
306.4701,0.34
306.4901,0.34
306.5101,0.34
306.5301,0.34
306.5501,0.34
306.5701,0.34
306.5901,0.34
306.61,0.34
306.63,0.34
306.65,0.34
306.67,0.34
306.69,0.34
306.71,0.34
306.73,0.34
306.75,0.34
306.77,0.34
306.7899,0.34
306.8099,0.34
306.8299,0.34
306.8499,0.34
306.8699,0.34
306.8899,0.34
306.9099,0.34
306.9299,0.34
306.9499,0.34
306.9698,0.34
306.9898,0.345
307.0098,0.345
307.0298,0.345
307.0498,0.345
307.0698,0.345
307.0898,0.345
307.1098,0.345
307.1298,0.345
307.1497,0.345
307.1697,0.345
307.1897,0.345
307.2097,0.345
307.2297,0.345
307.2497,0.345
307.2697,0.345
307.2897,0.345
307.3097,0.345
307.3297,0.345
307.3496,0.345
307.3696,0.345
307.3896,0.345
307.4096,0.345
307.4296,0.345
307.4496,0.345
307.4696,0.345
307.4896,0.345
307.5096,0.345
307.5295,0.345
307.5495,0.345
307.5695,0.345
307.5895,0.345
307.6095,0.345
307.6295,0.345
307.6495,0.355
307.6695,0.355
307.6895,0.355
307.7094,0.355
307.7294,0.355
307.7494,0.355
307.7694,0.355
307.7894,0.355
307.8094,0.355
307.8294,0.355
307.8494,0.355
307.8694,0.355
307.8893,0.355
307.9093,0.355
307.9293,0.355
307.9493,0.355
307.9693,0.355
307.9893,0.36
308.0093,0.36
308.0293,0.36
308.0493,0.36
308.0692,0.36
308.0892,0.36
308.1092,0.36
308.1292,0.36
308.1492,0.36
308.1692,0.36
308.1892,0.36
308.2092,0.36
308.2292,0.36
308.2491,0.36
308.2691,0.36
308.2891,0.36
308.3091,0.36
308.3291,0.36
308.3491,0.36
308.3691,0.36
308.3891,0.36
308.4091,0.36
308.429,0.36
308.449,0.36
308.469,0.36
308.489,0.36
308.509,0.36
308.529,0.36
308.549,0.36
308.569,0.36
308.589,0.36
308.6089,0.36
308.6289,0.36
308.6489,0.36
308.6689,0.36
308.6889,0.36
308.7089,0.36
308.7289,0.36
308.7489,0.36
308.7689,0.36
308.7888,0.36
308.8088,0.36
308.8288,0.36
308.8488,0.36
308.8688,0.36
308.8888,0.36
308.9088,0.36
308.9288,0.36
308.9488,0.36
308.9688,0.36
308.9887,0.36
309.0087,0.36
309.0287,0.36
309.0487,0.36
309.0687,0.36
309.0887,0.36
309.1087,0.36
309.1287,0.36
309.1487,0.36
309.1686,0.36
309.1886,0.36
309.2086,0.36
309.2286,0.36
309.2486,0.36
309.2686,0.36
309.2886,0.36
309.3086,0.36
309.3286,0.36
309.3485,0.36
309.3685,0.36
309.3885,0.36
309.4085,0.36
309.4285,0.36
309.4485,0.36
309.4685,0.36
309.4885,0.36
309.5085,0.36
309.5284,0.36
309.5484,0.36
309.5684,0.36
309.5884,0.36
309.6084,0.36
309.6284,0.36
309.6484,0.37
309.6684,0.37
309.6884,0.37
309.7083,0.37
309.7283,0.37
309.7483,0.37
309.7683,0.37
309.7883,0.37
309.8083,0.37
309.8283,0.37
309.8483,0.37
309.8683,0.37
309.8882,0.37
309.9082,0.37
309.9282,0.37
309.9482,0.37
309.9682,0.37
309.9882,0.375
310.0082,0.375
310.0282,0.375
310.0482,0.375
310.0681,0.375
310.0881,0.375
310.1081,0.375
310.1281,0.375
310.1481,0.375
310.1681,0.375
310.1881,0.375
310.2081,0.375
310.2281,0.375
310.248,0.375
310.268,0.375
310.288,0.375
310.308,0.375
310.328,0.385
310.348,0.385
310.368,0.385
310.388,0.385
310.408,0.385
310.4279,0.385
310.4479,0.385
310.4679,0.385
310.4879,0.385
310.5079,0.385
310.5279,0.385
310.5479,0.385
310.5679,0.385
310.5879,0.385
310.6078,0.385
310.6278,0.385
310.6478,0.395
310.6678,0.395
310.6878,0.395
310.7078,0.395
310.7278,0.395
310.7478,0.395
310.7678,0.395
310.7878,0.395
310.8077,0.395
310.8277,0.395
310.8477,0.395
310.8677,0.395
310.8877,0.395
310.9077,0.395
310.9277,0.395
310.9477,0.395
310.9677,0.395
310.9876,0.395
311.0076,0.395
311.0276,0.395
311.0476,0.395
311.0676,0.395
311.0876,0.395
311.1076,0.395
311.1276,0.395
311.1476,0.395
311.1675,0.395
311.1875,0.395
311.2075,0.395
311.2275,0.395
311.2475,0.395
311.2675,0.395
311.2875,0.395
311.3075,0.395
311.3275,0.405
311.3474,0.405
311.3674,0.405
311.3874,0.405
311.4074,0.405
311.4274,0.405
311.4474,0.405
311.4674,0.405
311.4874,0.405
311.5074,0.405
311.5273,0.405
311.5473,0.405
311.5673,0.405
311.5873,0.405
311.6073,0.405
311.6273,0.405
311.6473,0.415
311.6673,0.415
311.6873,0.415
311.7072,0.415
311.7272,0.415
311.7472,0.415
311.7672,0.415
311.7872,0.415
311.8072,0.415
311.8272,0.415
311.8472,0.415
311.8672,0.415
311.8871,0.415
311.9071,0.415
311.9271,0.415
311.9471,0.415
311.9671,0.415
311.9871,0.42
312.0071,0.42
312.0271,0.42
312.0471,0.42
312.067,0.42
312.087,0.42
312.107,0.42
312.127,0.42
312.147,0.42
312.167,0.42
312.187,0.42
312.207,0.42
312.227,0.42
312.2469,0.42
312.2669,0.42
312.2869,0.42
312.3069,0.42
312.3269,0.435
312.3469,0.435
312.3669,0.435
312.3869,0.435
312.4069,0.435
312.4268,0.435
312.4468,0.435
312.4668,0.435
312.4868,0.435
312.5068,0.435
312.5268,0.435
312.5468,0.435
312.5668,0.435
312.5868,0.435
312.6068,0.435
312.6267,0.435
312.6467,0.44
312.6667,0.44
312.6867,0.44
312.7067,0.44
312.7267,0.44
312.7467,0.44
312.7667,0.44
312.7867,0.44
312.8066,0.44
312.8266,0.44
312.8466,0.44
312.8666,0.44
312.8866,0.44
312.9066,0.44
312.9266,0.44
312.9466,0.44
312.9666,0.44
312.9865,0.445
313.0065,0.445
313.0265,0.445
313.0465,0.445
313.0665,0.445
313.0865,0.445
313.1065,0.445
313.1265,0.445
313.1465,0.445
313.1664,0.445
313.1864,0.445
313.2064,0.445
313.2264,0.445
313.2464,0.445
313.2664,0.445
313.2864,0.445
313.3064,0.445
313.3264,0.45
313.3463,0.45
313.3663,0.45
313.3863,0.45
313.4063,0.45
313.4263,0.45
313.4463,0.45
313.4663,0.45
313.4863,0.45
313.5063,0.45
313.5262,0.45
313.5462,0.45
313.5662,0.45
313.5862,0.45
313.6062,0.45
313.6262,0.45
313.6462,0.455
313.6662,0.455
313.6862,0.455
313.7061,0.455
313.7261,0.455
313.7461,0.455
313.7661,0.455
313.7861,0.455
313.8061,0.455
313.8261,0.455
313.8461,0.455
313.8661,0.455
313.886,0.455
313.906,0.455
313.926,0.455
313.946,0.455
313.966,0.455
313.986,0.455
314.006,0.455
314.026,0.455
314.046,0.455
314.0659,0.455
314.0859,0.455
314.1059,0.455
314.1259,0.455
314.1459,0.455
314.1659,0.455
314.1859,0.455
314.2059,0.455
314.2259,0.455
314.2458,0.455
314.2658,0.455
314.2858,0.455
314.3058,0.455
314.3258,0.465
314.3458,0.465
314.3658,0.465
314.3858,0.465
314.4058,0.465
314.4258,0.465
314.4457,0.465
314.4657,0.465
314.4857,0.465
314.5057,0.465
314.5257,0.465
314.5457,0.465
314.5657,0.465
314.5857,0.465
314.6057,0.465
314.6256,0.465
314.6456,0.475
314.6656,0.475
314.6856,0.475
314.7056,0.475
314.7256,0.475
314.7456,0.475
314.7656,0.475
314.7856,0.475
314.8055,0.475
314.8255,0.475
314.8455,0.475
314.8655,0.475
314.8855,0.475
314.9055,0.475
314.9255,0.475
314.9455,0.475
314.9655,0.475
314.9854,0.49
315.0054,0.49
315.0254,0.49
315.0454,0.49
315.0654,0.49
315.0854,0.49
315.1054,0.49
315.1254,0.49
315.1454,0.49
315.1653,0.49
315.1853,0.49
315.2053,0.49
315.2253,0.49
315.2453,0.49
315.2653,0.49
315.2853,0.49
315.3053,0.49
315.3253,0.49
315.3452,0.49
315.3652,0.49
315.3852,0.49
315.4052,0.49
315.4252,0.49
315.4452,0.49
315.4652,0.49
315.4852,0.49
315.5052,0.49
315.5251,0.49
315.5451,0.49
315.5651,0.49
315.5851,0.49
315.6051,0.49
315.6251,0.49
315.6451,0.495
315.6651,0.495
315.6851,0.495
315.705,0.495
315.725,0.495
315.745,0.495
315.765,0.495
315.785,0.495
315.805,0.495
315.825,0.495
315.845,0.495
315.865,0.495
315.8849,0.495
315.9049,0.495
315.9249,0.495
315.9449,0.495
315.9649,0.495
315.9849,0.5
316.0049,0.5
316.0249,0.5
316.0449,0.5
316.0648,0.5
316.0848,0.5
316.1048,0.5
316.1248,0.5
316.1448,0.5
316.1648,0.5
316.1848,0.5
316.2048,0.5
316.2248,0.5
316.2448,0.5
316.2647,0.5
316.2847,0.5
316.3047,0.5
316.3247,0.5
316.3447,0.5
316.3647,0.5
316.3847,0.5
316.4047,0.5
316.4247,0.5
316.4446,0.5
316.4646,0.5
316.4846,0.5
316.5046,0.5
316.5246,0.5
316.5446,0.5
316.5646,0.5
316.5846,0.5
316.6046,0.5
316.6245,0.5
316.6445,0.5
316.6645,0.5
316.6845,0.5
316.7045,0.5
316.7245,0.5
316.7445,0.5
316.7645,0.5
316.7845,0.5
316.8044,0.5
316.8244,0.5
316.8444,0.5
316.8644,0.5
316.8844,0.5
316.9044,0.5
316.9244,0.5
316.9444,0.5
316.9644,0.5
316.9843,0.5
317.0043,0.5
317.0243,0.5
317.0443,0.5
317.0643,0.5
317.0843,0.5
317.1043,0.5
317.1243,0.5
317.1443,0.5
317.1642,0.5
317.1842,0.5
317.2042,0.5
317.2242,0.5
317.2442,0.5
317.2642,0.5
317.2842,0.5
317.3042,0.5
317.3242,0.5
317.3441,0.5
317.3641,0.5
317.3841,0.5
317.4041,0.5
317.4241,0.5
317.4441,0.5
317.4641,0.5
317.4841,0.5
317.5041,0.5
317.524,0.5
317.544,0.5
317.564,0.5
317.584,0.5
317.604,0.5
317.624,0.5
317.644,0.5
317.664,0.5
317.684,0.5
317.7039,0.5
317.7239,0.5
317.7439,0.5
317.7639,0.5
317.7839,0.5
317.8039,0.5
317.8239,0.5
317.8439,0.5
317.8639,0.5
317.8839,0.5
317.9038,0.5
317.9238,0.5
317.9438,0.5
317.9638,0.5
317.9838,0.5
318.0038,0.5
318.0238,0.5
318.0438,0.5
318.0638,0.5
318.0837,0.5
318.1037,0.5
318.1237,0.5
318.1437,0.5
318.1637,0.5
318.1837,0.5
318.2037,0.5
318.2237,0.5
318.2437,0.5
318.2636,0.5
318.2836,0.5
318.3036,0.5
318.3236,0.5
318.3436,0.5
318.3636,0.5
318.3836,0.5
318.4036,0.5
318.4236,0.5
318.4435,0.5
318.4635,0.5
318.4835,0.5
318.5035,0.5
318.5235,0.5
318.5435,0.5
318.5635,0.5
318.5835,0.5
318.6035,0.5
318.6234,0.5
318.6434,0.5
318.6634,0.5
318.6834,0.5
318.7034,0.5
318.7234,0.5
318.7434,0.5
318.7634,0.5
318.7834,0.5
318.8033,0.5
318.8233,0.5
318.8433,0.5
318.8633,0.5
318.8833,0.5
318.9033,0.5
318.9233,0.5
318.9433,0.5
318.9633,0.5
318.9832,0.5
319.0032,0.5
319.0232,0.5
319.0432,0.5
319.0632,0.5
319.0832,0.5
319.1032,0.5
319.1232,0.5
319.1432,0.5
319.1631,0.5
319.1831,0.5
319.2031,0.5
319.2231,0.5
319.2431,0.5
319.2631,0.5
319.2831,0.5
319.3031,0.5
319.3231,0.5
319.343,0.5
319.363,0.5
319.383,0.5
319.403,0.5
319.423,0.5
319.443,0.5
319.463,0.5
319.483,0.5
319.503,0.5
319.5229,0.5
319.5429,0.5
319.5629,0.5
319.5829,0.5
319.6029,0.5
319.6229,0.5
319.6429,0.5
319.6629,0.5
319.6829,0.5
319.7029,0.5
319.7228,0.5
319.7428,0.5
319.7628,0.5
319.7828,0.5
319.8028,0.5
319.8228,0.5
319.8428,0.5
319.8628,0.5
319.8828,0.5
319.9027,0.5
319.9227,0.5
319.9427,0.5
319.9627,0.5
319.9827,0.5
320.0027,0.5
320.0227,0.5
320.0427,0.5
320.0627,0.5
320.0826,0.5
320.1026,0.5
320.1226,0.5
320.1426,0.5
320.1626,0.5
320.1826,0.5
320.2026,0.5
320.2226,0.5
320.2426,0.5
320.2625,0.5
320.2825,0.5
320.3025,0.5
320.3225,0.5
320.3425,0.5
320.3625,0.5
320.3825,0.5
320.4025,0.5
320.4225,0.5
320.4424,0.5
320.4624,0.5
320.4824,0.5
320.5024,0.5
320.5224,0.5
320.5424,0.5
320.5624,0.5
320.5824,0.5
320.6024,0.5
320.6223,0.5
320.6423,0.5
320.6623,0.5
320.6823,0.5
320.7023,0.5
320.7223,0.5
320.7423,0.5
320.7623,0.5
320.7823,0.5
320.8022,0.5
320.8222,0.5
320.8422,0.5
320.8622,0.5
320.8822,0.5
320.9022,0.5
320.9222,0.5
320.9422,0.5
320.9622,0.5
320.9821,0.5
321.0021,0.5
321.0221,0.5
321.0421,0.5
321.0621,0.5
321.0821,0.5
321.1021,0.5
321.1221,0.5
321.1421,0.5
321.162,0.5
321.182,0.5
321.202,0.5
321.222,0.5
321.242,0.5
321.262,0.5
321.282,0.5
321.302,0.5
321.322,0.5
321.3419,0.5
321.3619,0.5
321.3819,0.5
321.4019,0.5
321.4219,0.5
321.4419,0.5
321.4619,0.5
321.4819,0.5
321.5019,0.5
321.5219,0.5
321.5418,0.5
321.5618,0.5
321.5818,0.5
321.6018,0.5
321.6218,0.5
321.6418,0.5
321.6618,0.5
321.6818,0.5
321.7018,0.5
321.7217,0.5
321.7417,0.5
321.7617,0.5
321.7817,0.5
321.8017,0.5
321.8217,0.5
321.8417,0.5
321.8617,0.5
321.8817,0.5
321.9016,0.5
321.9216,0.5
321.9416,0.5
321.9616,0.5
321.9816,0.5
322.0016,0.5
322.0216,0.5
322.0416,0.5
322.0616,0.5
322.0815,0.5
322.1015,0.5
322.1215,0.5
322.1415,0.5
322.1615,0.5
322.1815,0.5
322.2015,0.5
322.2215,0.5
322.2415,0.5
322.2614,0.5
322.2814,0.5
322.3014,0.5
322.3214,0.5
322.3414,0.5
322.3614,0.5
322.3814,0.5
322.4014,0.5
322.4214,0.5
322.4413,0.5
322.4613,0.5
322.4813,0.5
322.5013,0.5
322.5213,0.5
322.5413,0.5
322.5613,0.5
322.5813,0.5
322.6013,0.5
322.6212,0.5
322.6412,0.5
322.6612,0.5
322.6812,0.5
322.7012,0.5
322.7212,0.5
322.7412,0.5
322.7612,0.5
322.7812,0.5
322.8011,0.5
322.8211,0.5
322.8411,0.5
322.8611,0.5
322.8811,0.5
322.9011,0.5
322.9211,0.5
322.9411,0.5
322.9611,0.5
322.981,0.5
323.001,0.5
323.021,0.5
323.041,0.5
323.061,0.5
323.081,0.5
323.101,0.5
323.121,0.5
323.141,0.5
323.1609,0.5
323.1809,0.5
323.2009,0.5
323.2209,0.5
323.2409,0.5
323.2609,0.5
323.2809,0.5
323.3009,0.5
323.3209,0.5
323.3409,0.5
323.3608,0.5
323.3808,0.5
323.4008,0.5
323.4208,0.5
323.4408,0.5
323.4608,0.5
323.4808,0.5
323.5008,0.5
323.5208,0.5
323.5407,0.5
323.5607,0.5
323.5807,0.5
323.6007,0.5
323.6207,0.5
323.6407,0.5
323.6607,0.5
323.6807,0.5
323.7007,0.5
323.7206,0.5
323.7406,0.5
323.7606,0.5
323.7806,0.5
323.8006,0.5
323.8206,0.5
323.8406,0.5
323.8606,0.5
323.8806,0.5
323.9005,0.5
323.9205,0.5
323.9405,0.5
323.9605,0.5
323.9805,0.5
324.0005,0.5
324.0205,0.5
324.0405,0.5
324.0605,0.5
324.0804,0.5
324.1004,0.5
324.1204,0.5
324.1404,0.5
324.1604,0.5
324.1804,0.5
324.2004,0.5
324.2204,0.5
324.2404,0.5
324.2603,0.5
324.2803,0.5
324.3003,0.5
324.3203,0.5
324.3403,0.5
324.3603,0.5
324.3803,0.5
324.4003,0.5
324.4203,0.5
324.4402,0.5
324.4602,0.5
324.4802,0.5
324.5002,0.5
324.5202,0.5
324.5402,0.5
324.5602,0.5
324.5802,0.5
324.6002,0.5
324.6201,0.5
324.6401,0.5
324.6601,0.5
324.6801,0.5
324.7001,0.5
324.7201,0.5
324.7401,0.5
324.7601,0.5
324.7801,0.5
324.8,0.5
324.82,0.5
324.84,0.5
324.86,0.5
324.88,0.5
324.9,0.5
324.92,0.5
324.94,0.5
324.96,0.5
324.9799,0.5
324.9999,0.5
325.0199,0.5
325.0399,0.5
325.0599,0.5
325.0799,0.5
325.0999,0.5
325.1199,0.5
325.1399,0.5
325.1599,0.5
325.1798,0.5
325.1998,0.5
325.2198,0.5
325.2398,0.5
325.2598,0.5
325.2798,0.5
325.2998,0.5
325.3198,0.5
325.3398,0.5
325.3597,0.5
325.3797,0.5
325.3997,0.5
325.4197,0.5
325.4397,0.5
325.4597,0.5
325.4797,0.5
325.4997,0.5
325.5197,0.5
325.5396,0.5
325.5596,0.5
325.5796,0.5
325.5996,0.5
325.6196,0.5
325.6396,0.5
325.6596,0.5
325.6796,0.5
325.6996,0.5
325.7195,0.5
325.7395,0.5
325.7595,0.5
325.7795,0.5
325.7995,0.5
325.8195,0.5
325.8395,0.5
325.8595,0.5
325.8795,0.5
325.8994,0.5
325.9194,0.5
325.9394,0.5
325.9594,0.5
325.9794,0.5
325.9994,0.5
326.0194,0.5
326.0394,0.5
326.0594,0.5
326.0793,0.5
326.0993,0.5
326.1193,0.5
326.1393,0.5
326.1593,0.5
326.1793,0.5
326.1993,0.5
326.2193,0.5
326.2393,0.5
326.2592,0.5
326.2792,0.5
326.2992,0.5
326.3192,0.5
326.3392,0.5
326.3592,0.5
326.3792,0.5
326.3992,0.5
326.4192,0.5
326.4391,0.5
326.4591,0.5
326.4791,0.5
326.4991,0.5
326.5191,0.5
326.5391,0.5
326.5591,0.5
326.5791,0.5
326.5991,0.5
326.619,0.5
326.639,0.5
326.659,0.5
326.679,0.5
326.699,0.5
326.719,0.5
326.739,0.5
326.759,0.5
326.779,0.5
326.799,0.5
326.8189,0.5
326.8389,0.5
326.8589,0.5
326.8789,0.5
326.8989,0.5
326.9189,0.5
326.9389,0.5
326.9589,0.5
326.9789,0.5
326.9988,0.5
327.0188,0.5
327.0388,0.5
327.0588,0.5
327.0788,0.5
327.0988,0.5
327.1188,0.5
327.1388,0.5
327.1588,0.5
327.1787,0.5
327.1987,0.5
327.2187,0.5
327.2387,0.5
327.2587,0.5
327.2787,0.5
327.2987,0.5
327.3187,0.5
327.3387,0.5
327.3586,0.5
327.3786,0.5
327.3986,0.5
327.4186,0.5
327.4386,0.5
327.4586,0.5
327.4786,0.5
327.4986,0.5
327.5186,0.5
327.5385,0.5
327.5585,0.5
327.5785,0.5
327.5985,0.5
327.6185,0.5
327.6385,0.5
327.6585,0.5
327.6785,0.5
327.6985,0.5
327.7184,0.5
327.7384,0.5
327.7584,0.5
327.7784,0.5
327.7984,0.5
327.8184,0.5
327.8384,0.5
327.8584,0.5
327.8784,0.5
327.8983,0.5
327.9183,0.5
327.9383,0.5
327.9583,0.5
327.9783,0.5
327.9983,0.5
328.0183,0.5
328.0383,0.5
328.0583,0.5
328.0782,0.5
328.0982,0.5
328.1182,0.5
328.1382,0.5
328.1582,0.5
328.1782,0.5
328.1982,0.5
328.2182,0.5
328.2382,0.5
328.2581,0.5
328.2781,0.5
328.2981,0.5
328.3181,0.5
328.3381,0.5
328.3581,0.5
328.3781,0.5
328.3981,0.5
328.4181,0.5
328.438,0.5
328.458,0.5
328.478,0.5
328.498,0.5
328.518,0.5
328.538,0.5
328.558,0.5
328.578,0.5
328.598,0.5
328.618,0.5
328.6379,0.5
328.6579,0.5
328.6779,0.5
328.6979,0.5
328.7179,0.5
328.7379,0.5
328.7579,0.5
328.7779,0.5
328.7979,0.5
328.8178,0.5
328.8378,0.5
328.8578,0.5
328.8778,0.5
328.8978,0.5
328.9178,0.5
328.9378,0.5
328.9578,0.5
328.9778,0.5
328.9977,0.5
329.0177,0.5
329.0377,0.5
329.0577,0.5
329.0777,0.5
329.0977,0.5
329.1177,0.5
329.1377,0.5
329.1577,0.5
329.1776,0.5
329.1976,0.5
329.2176,0.5
329.2376,0.5
329.2576,0.5
329.2776,0.5
329.2976,0.5
329.3176,0.5
329.3376,0.5
329.3575,0.5
329.3775,0.5
329.3975,0.5
329.4175,0.5
329.4375,0.5
329.4575,0.5
329.4775,0.5
329.4975,0.5
329.5175,0.5
329.5374,0.5
329.5574,0.5
329.5774,0.5
329.5974,0.5
329.6174,0.5
329.6374,0.5
329.6574,0.5
329.6774,0.5
329.6974,0.5
329.7173,0.5
329.7373,0.5
329.7573,0.5
329.7773,0.5
329.7973,0.5
329.8173,0.5
329.8373,0.5
329.8573,0.5
329.8773,0.5
329.8972,0.5
329.9172,0.5
329.9372,0.5
329.9572,0.5
329.9772,0.5
329.9972,0.5
330.0172,0.5
330.0372,0.5
330.0572,0.5
330.0771,0.5
330.0971,0.5
330.1171,0.5
330.1371,0.5
330.1571,0.5
330.1771,0.5
330.1971,0.5
330.2171,0.5
330.2371,0.5
330.257,0.5
330.277,0.5
330.297,0.5
330.317,0.5
330.337,0.5
330.357,0.5
330.377,0.5
330.397,0.5
330.417,0.5
330.437,0.5
330.4569,0.5
330.4769,0.5
330.4969,0.5
330.5169,0.5
330.5369,0.5
330.5569,0.5
330.5769,0.5
330.5969,0.5
330.6169,0.5
330.6368,0.5
330.6568,0.5
330.6768,0.5
330.6968,0.5
330.7168,0.5
330.7368,0.5
330.7568,0.5
330.7768,0.5
330.7968,0.5
330.8167,0.5
330.8367,0.5
330.8567,0.5
330.8767,0.5
330.8967,0.5
330.9167,0.5
330.9367,0.5
330.9567,0.5
330.9767,0.5
330.9966,0.5
331.0166,0.5
331.0366,0.5
331.0566,0.5
331.0766,0.5
331.0966,0.5
331.1166,0.5
331.1366,0.5
331.1566,0.5
331.1765,0.5
331.1965,0.5
331.2165,0.5
331.2365,0.5
331.2565,0.5
331.2765,0.5
331.2965,0.5
331.3165,0.5
331.3365,0.5
331.3564,0.5
331.3764,0.5
331.3964,0.5
331.4164,0.5
331.4364,0.5
331.4564,0.5
331.4764,0.5
331.4964,0.5
331.5164,0.5
331.5363,0.5
331.5563,0.5
331.5763,0.5
331.5963,0.5
331.6163,0.5
331.6363,0.5
331.6563,0.5
331.6763,0.5
331.6963,0.5
331.7162,0.5
331.7362,0.5
331.7562,0.5
331.7762,0.5
331.7962,0.5
331.8162,0.5
331.8362,0.5
331.8562,0.5
331.8762,0.5
331.8961,0.5
331.9161,0.5
331.9361,0.5
331.9561,0.5
331.9761,0.5
331.9961,0.5
332.0161,0.5
332.0361,0.5
332.0561,0.5
332.076,0.5
332.096,0.5
332.116,0.5
332.136,0.5
332.156,0.5
332.176,0.5
332.196,0.5
332.216,0.5
332.236,0.5
332.256,0.5
332.2759,0.5
332.2959,0.5
332.3159,0.5
332.3359,0.5
332.3559,0.5
332.3759,0.5
332.3959,0.5
332.4159,0.5
332.4359,0.5
332.4558,0.5
332.4758,0.5
332.4958,0.5
332.5158,0.5
332.5358,0.5
332.5558,0.5
332.5758,0.5
332.5958,0.5
332.6158,0.5
332.6357,0.5
332.6557,0.5
332.6757,0.5
332.6957,0.5
332.7157,0.5
332.7357,0.5
332.7557,0.5
332.7757,0.5
332.7957,0.5
332.8156,0.5
332.8356,0.5
332.8556,0.5
332.8756,0.5
332.8956,0.5
332.9156,0.5
332.9356,0.5
332.9556,0.5
332.9756,0.5
332.9955,0.5
333.0155,0.5
333.0355,0.5
333.0555,0.5
333.0755,0.5
333.0955,0.5
333.1155,0.5
333.1355,0.5
333.1555,0.5
333.1754,0.5
333.1954,0.5
333.2154,0.5
333.2354,0.5
333.2554,0.5
333.2754,0.5
333.2954,0.5
333.3154,0.5
333.3354,0.5
333.3553,0.5
333.3753,0.5
333.3953,0.5
333.4153,0.5
333.4353,0.5
333.4553,0.5
333.4753,0.5
333.4953,0.5
333.5153,0.5
333.5352,0.5
333.5552,0.5
333.5752,0.5
333.5952,0.5
333.6152,0.5
333.6352,0.5
333.6552,0.5
333.6752,0.5
333.6952,0.5
333.7151,0.5
333.7351,0.5
333.7551,0.5
333.7751,0.5
333.7951,0.5
333.8151,0.5
333.8351,0.5
333.8551,0.5
333.8751,0.5
333.8951,0.5
333.915,0.5
333.935,0.5
333.955,0.5
333.975,0.5
333.995,0.5
334.015,0.5
334.035,0.5
334.055,0.5
334.075,0.5
334.0949,0.5
334.1149,0.5
334.1349,0.5
334.1549,0.5
334.1749,0.5
334.1949,0.5
334.2149,0.5
334.2349,0.5
334.2549,0.5
334.2748,0.5
334.2948,0.5
334.3148,0.5
334.3348,0.5
334.3548,0.5
334.3748,0.5
334.3948,0.5
334.4148,0.5
334.4348,0.5
334.4547,0.5
334.4747,0.5
334.4947,0.5
334.5147,0.5
334.5347,0.5
334.5547,0.5
334.5747,0.5
334.5947,0.5
334.6147,0.5
334.6346,0.5
334.6546,0.5
334.6746,0.5
334.6946,0.5
334.7146,0.5
334.7346,0.5
334.7546,0.5
334.7746,0.5
334.7946,0.5
334.8145,0.5
334.8345,0.5
334.8545,0.5
334.8745,0.5
334.8945,0.5
334.9145,0.5
334.9345,0.5
334.9545,0.5
334.9745,0.5
334.9944,0.5
335.0144,0.5
335.0344,0.5
335.0544,0.5
335.0744,0.5
335.0944,0.5
335.1144,0.5
335.1344,0.5
335.1544,0.5
335.1743,0.5
335.1943,0.5
335.2143,0.5
335.2343,0.5
335.2543,0.5
335.2743,0.5
335.2943,0.5
335.3143,0.5
335.3343,0.5
335.3542,0.5
335.3742,0.5
335.3942,0.5
335.4142,0.5
335.4342,0.5
335.4542,0.5
335.4742,0.5
335.4942,0.5
335.5142,0.5
335.5341,0.5
335.5541,0.5
335.5741,0.5
335.5941,0.5
335.6141,0.5
335.6341,0.5
335.6541,0.5
335.6741,0.5
335.6941,0.5
335.7141,0.5
335.734,0.5
335.754,0.5
335.774,0.5
335.794,0.5
335.814,0.5
335.834,0.5
335.854,0.5
335.874,0.5
335.894,0.5
335.9139,0.5
335.9339,0.5
335.9539,0.5
335.9739,0.5
335.9939,0.5
336.0139,0.5
336.0339,0.5
336.0539,0.5
336.0739,0.5
336.0938,0.5
336.1138,0.5
336.1338,0.5
336.1538,0.5
336.1738,0.5
336.1938,0.5
336.2138,0.5
336.2338,0.5
336.2538,0.5
336.2737,0.5
336.2937,0.5
336.3137,0.5
336.3337,0.5
336.3537,0.5
336.3737,0.5
336.3937,0.5
336.4137,0.5
336.4337,0.5
336.4536,0.5
336.4736,0.5
336.4936,0.5
336.5136,0.5
336.5336,0.5
336.5536,0.5
336.5736,0.5
336.5936,0.5
336.6136,0.5
336.6335,0.5
336.6535,0.5
336.6735,0.5
336.6935,0.5
336.7135,0.5
336.7335,0.5
336.7535,0.5
336.7735,0.5
336.7935,0.5
336.8134,0.5
336.8334,0.5
336.8534,0.5
336.8734,0.5
336.8934,0.5
336.9134,0.5
336.9334,0.5
336.9534,0.5
336.9734,0.5
336.9933,0.5
337.0133,0.5
337.0333,0.5
337.0533,0.5
337.0733,0.5
337.0933,0.5
337.1133,0.5
337.1333,0.5
337.1533,0.5
337.1732,0.5
337.1932,0.5
337.2132,0.5
337.2332,0.5
337.2532,0.5
337.2732,0.5
337.2932,0.5
337.3132,0.5
337.3332,0.5
337.3531,0.5
337.3731,0.5
337.3931,0.5
337.4131,0.5
337.4331,0.5
337.4531,0.5
337.4731,0.5
337.4931,0.5
337.5131,0.5
337.5331,0.5
337.553,0.5
337.573,0.5
337.593,0.5
337.613,0.5
337.633,0.5
337.653,0.5
337.673,0.5
337.693,0.5
337.713,0.5
337.7329,0.5
337.7529,0.5
337.7729,0.5
337.7929,0.5
337.8129,0.5
337.8329,0.5
337.8529,0.5
337.8729,0.5
337.8929,0.5
337.9128,0.5
337.9328,0.5
337.9528,0.5
337.9728,0.5
337.9928,0.5
338.0128,0.5
338.0328,0.5
338.0528,0.5
338.0728,0.5
338.0927,0.5
338.1127,0.5
338.1327,0.5
338.1527,0.5
338.1727,0.5
338.1927,0.5
338.2127,0.5
338.2327,0.5
338.2527,0.5
338.2726,0.5
338.2926,0.5
338.3126,0.5
338.3326,0.5
338.3526,0.5
338.3726,0.5
338.3926,0.5
338.4126,0.5
338.4326,0.5
338.4525,0.5
338.4725,0.5
338.4925,0.5
338.5125,0.5
338.5325,0.5
338.5525,0.5
338.5725,0.5
338.5925,0.5
338.6125,0.5
338.6324,0.5
338.6524,0.5
338.6724,0.5
338.6924,0.5
338.7124,0.5
338.7324,0.5
338.7524,0.5
338.7724,0.5
338.7924,0.5
338.8123,0.5
338.8323,0.5
338.8523,0.5
338.8723,0.5
338.8923,0.5
338.9123,0.5
338.9323,0.5
338.9523,0.5
338.9723,0.5
338.9922,0.5
339.0122,0.5
339.0322,0.5
339.0522,0.5
339.0722,0.5
339.0922,0.5
339.1122,0.5
339.1322,0.5
339.1522,0.5
339.1721,0.5
339.1921,0.5
339.2121,0.5
339.2321,0.5
339.2521,0.5
339.2721,0.5
339.2921,0.5
339.3121,0.5
339.3321,0.5
339.3521,0.5
339.372,0.5
339.392,0.5
339.412,0.5
339.432,0.5
339.452,0.5
339.472,0.5
339.492,0.5
339.512,0.5
339.532,0.5
339.5519,0.5
339.5719,0.5
339.5919,0.5
339.6119,0.5
339.6319,0.5
339.6519,0.5
339.6719,0.5
339.6919,0.5
339.7119,0.5
339.7318,0.5
339.7518,0.5
339.7718,0.5
339.7918,0.5
339.8118,0.5
339.8318,0.5
339.8518,0.5
339.8718,0.5
339.8918,0.5
339.9117,0.5
339.9317,0.5
339.9517,0.5
339.9717,0.5
339.9917,0.5
340.0117,0.5
340.0317,0.5
340.0517,0.5
340.0717,0.5
340.0916,0.5
340.1116,0.5
340.1316,0.5
340.1516,0.5
340.1716,0.5
340.1916,0.5
340.2116,0.5
340.2316,0.5
340.2516,0.5
340.2715,0.5
340.2915,0.5
340.3115,0.5
340.3315,0.5
340.3515,0.5
340.3715,0.5
340.3915,0.5
340.4115,0.5
340.4315,0.5
340.4514,0.5
340.4714,0.5
340.4914,0.5
340.5114,0.5
340.5314,0.5
340.5514,0.5
340.5714,0.5
340.5914,0.5
340.6114,0.5
340.6313,0.5
340.6513,0.5
340.6713,0.5
340.6913,0.5
340.7113,0.5
340.7313,0.5
340.7513,0.5
340.7713,0.5
340.7913,0.5
340.8112,0.5
340.8312,0.5
340.8512,0.5
340.8712,0.5
340.8912,0.5
340.9112,0.5
340.9312,0.5
340.9512,0.5
340.9712,0.5
340.9911,0.5
341.0111,0.5
341.0311,0.5
341.0511,0.5
341.0711,0.5
341.0911,0.5
341.1111,0.5
341.1311,0.5
341.1511,0.5
341.1711,0.5
341.191,0.5
341.211,0.5
341.231,0.5
341.251,0.5
341.271,0.5
341.291,0.5
341.311,0.5
341.331,0.5
341.351,0.5
341.3709,0.5
341.3909,0.5
341.4109,0.5
341.4309,0.5
341.4509,0.5
341.4709,0.5
341.4909,0.5
341.5109,0.5
341.5309,0.5
341.5508,0.5
341.5708,0.5
341.5908,0.5
341.6108,0.5
341.6308,0.5
341.6508,0.5
341.6708,0.5
341.6908,0.5
341.7108,0.5
341.7307,0.5
341.7507,0.5
341.7707,0.5
341.7907,0.5
341.8107,0.5
341.8307,0.5
341.8507,0.5
341.8707,0.5
341.8907,0.5
341.9106,0.5
341.9306,0.5
341.9506,0.5
341.9706,0.5
341.9906,0.5
342.0106,0.5
342.0306,0.5
342.0506,0.5
342.0706,0.5
342.0905,0.5
342.1105,0.5
342.1305,0.5
342.1505,0.5
342.1705,0.5
342.1905,0.5
342.2105,0.5
342.2305,0.5
342.2505,0.5
342.2704,0.5
342.2904,0.5
342.3104,0.5
342.3304,0.5
342.3504,0.5
342.3704,0.5
342.3904,0.5
342.4104,0.5
342.4304,0.5
342.4503,0.5
342.4703,0.5
342.4903,0.5
342.5103,0.5
342.5303,0.5
342.5503,0.5
342.5703,0.5
342.5903,0.5
342.6103,0.5
342.6302,0.5
342.6502,0.5
342.6702,0.5
342.6902,0.5
342.7102,0.5
342.7302,0.5
342.7502,0.5
342.7702,0.5
342.7902,0.5
342.8102,0.5
342.8301,0.5
342.8501,0.5
342.8701,0.5
342.8901,0.5
342.9101,0.5
342.9301,0.5
342.9501,0.5
342.9701,0.5
342.9901,0.5
343.01,0.5
343.03,0.5
343.05,0.5
343.07,0.5
343.09,0.5
343.11,0.5
343.13,0.5
343.15,0.5
343.17,0.5
343.1899,0.5
343.2099,0.5
343.2299,0.5
343.2499,0.5
343.2699,0.5
343.2899,0.5
343.3099,0.5
343.3299,0.5
343.3499,0.5
343.3698,0.5
343.3898,0.5
343.4098,0.5
343.4298,0.5
343.4498,0.5
343.4698,0.5
343.4898,0.5
343.5098,0.5
343.5298,0.5
343.5497,0.5
343.5697,0.5
343.5897,0.5
343.6097,0.5
343.6297,0.5
343.6497,0.5
343.6697,0.5
343.6897,0.5
343.7097,0.5
343.7296,0.5
343.7496,0.5
343.7696,0.5
343.7896,0.5
343.8096,0.5
343.8296,0.5
343.8496,0.5
343.8696,0.5
343.8896,0.5
343.9095,0.5
343.9295,0.5
343.9495,0.5
343.9695,0.5
343.9895,0.5
344.0095,0.5
344.0295,0.5
344.0495,0.5
344.0695,0.5
344.0894,0.5
344.1094,0.5
344.1294,0.5
344.1494,0.5
344.1694,0.5
344.1894,0.5
344.2094,0.5
344.2294,0.5
344.2494,0.5
344.2693,0.5
344.2893,0.5
344.3093,0.5
344.3293,0.5
344.3493,0.5
344.3693,0.5
344.3893,0.5
344.4093,0.5
344.4293,0.5
344.4492,0.5
344.4692,0.5
344.4892,0.5
344.5092,0.5
344.5292,0.5
344.5492,0.5
344.5692,0.5
344.5892,0.5
344.6092,0.5
344.6292,0.5
344.6491,0.5
344.6691,0.5
344.6891,0.5
344.7091,0.5
344.7291,0.5
344.7491,0.5
344.7691,0.5
344.7891,0.5
344.8091,0.5
344.829,0.5
344.849,0.5
344.869,0.5
344.889,0.5
344.909,0.5
344.929,0.5
344.949,0.5
344.969,0.5
344.989,0.5
345.0089,0.5
345.0289,0.5
345.0489,0.5
345.0689,0.5
345.0889,0.5
345.1089,0.5
345.1289,0.5
345.1489,0.5
345.1689,0.5
345.1888,0.5
345.2088,0.5
345.2288,0.5
345.2488,0.5
345.2688,0.5
345.2888,0.5
345.3088,0.5
345.3288,0.5
345.3488,0.5
345.3687,0.5
345.3887,0.5
345.4087,0.5
345.4287,0.5
345.4487,0.5
345.4687,0.5
345.4887,0.5
345.5087,0.5
345.5287,0.5
345.5486,0.5
345.5686,0.5
345.5886,0.5
345.6086,0.5
345.6286,0.5
345.6486,0.5
345.6686,0.5
345.6886,0.5
345.7086,0.5
345.7285,0.5
345.7485,0.5
345.7685,0.5
345.7885,0.5
345.8085,0.5
345.8285,0.5
345.8485,0.5
345.8685,0.5
345.8885,0.5
345.9084,0.5
345.9284,0.5
345.9484,0.5
345.9684,0.5
345.9884,0.5
346.0084,0.5
346.0284,0.5
346.0484,0.5
346.0684,0.5
346.0883,0.5
346.1083,0.5
346.1283,0.5
346.1483,0.5
346.1683,0.5
346.1883,0.5
346.2083,0.5
346.2283,0.5
346.2483,0.5
346.2682,0.5
346.2882,0.5
346.3082,0.5
346.3282,0.5
346.3482,0.5
346.3682,0.5
346.3882,0.5
346.4082,0.5
346.4282,0.5
346.4482,0.5
346.4681,0.5
346.4881,0.5
346.5081,0.5
346.5281,0.5
346.5481,0.5
346.5681,0.5
346.5881,0.5
346.6081,0.5
346.6281,0.5
346.648,0.5
346.668,0.5
346.688,0.5
346.708,0.5
346.728,0.5
346.748,0.5
346.768,0.5
346.788,0.5
346.808,0.5
346.8279,0.5
346.8479,0.5
346.8679,0.5
346.8879,0.5
346.9079,0.5
346.9279,0.5
346.9479,0.5
346.9679,0.5
346.9879,0.5
347.0078,0.5
347.0278,0.5
347.0478,0.5
347.0678,0.5
347.0878,0.5
347.1078,0.5
347.1278,0.5
347.1478,0.5
347.1678,0.5
347.1877,0.5
347.2077,0.5
347.2277,0.5
347.2477,0.5
347.2677,0.5
347.2877,0.5
347.3077,0.5
347.3277,0.5
347.3477,0.5
347.3676,0.5
347.3876,0.5
347.4076,0.5
347.4276,0.5
347.4476,0.5
347.4676,0.5
347.4876,0.5
347.5076,0.5
347.5276,0.5
347.5475,0.5
347.5675,0.5
347.5875,0.5
347.6075,0.5
347.6275,0.5
347.6475,0.5
347.6675,0.5
347.6875,0.5
347.7075,0.5
347.7274,0.5
347.7474,0.5
347.7674,0.5
347.7874,0.5
347.8074,0.5
347.8274,0.5
347.8474,0.5
347.8674,0.5
347.8874,0.5
347.9073,0.5
347.9273,0.5
347.9473,0.5
347.9673,0.5
347.9873,0.5
348.0073,0.5
348.0273,0.5
348.0473,0.5
348.0673,0.5
348.0872,0.5
348.1072,0.5
348.1272,0.5
348.1472,0.5
348.1672,0.5
348.1872,0.5
348.2072,0.5
348.2272,0.5
348.2472,0.5
348.2672,0.5
348.2871,0.5
348.3071,0.5
348.3271,0.5
348.3471,0.5
348.3671,0.5
348.3871,0.5
348.4071,0.5
348.4271,0.5
348.4471,0.5
348.467,0.5
348.487,0.5
348.507,0.5
348.527,0.5
348.547,0.5
348.567,0.5
348.587,0.5
348.607,0.5
348.627,0.5
348.6469,0.5
348.6669,0.5
348.6869,0.5
348.7069,0.5
348.7269,0.5
348.7469,0.5
348.7669,0.5
348.7869,0.5
348.8069,0.5
348.8268,0.5
348.8468,0.5
348.8668,0.5
348.8868,0.5
348.9068,0.5
348.9268,0.5
348.9468,0.5
348.9668,0.5
348.9868,0.5
349.0067,0.5
349.0267,0.5
349.0467,0.5
349.0667,0.5
349.0867,0.5
349.1067,0.5
349.1267,0.5
349.1467,0.5
349.1667,0.5
349.1866,0.5
349.2066,0.5
349.2266,0.5
349.2466,0.5
349.2666,0.5
349.2866,0.5
349.3066,0.5
349.3266,0.5
349.3466,0.5
349.3665,0.5
349.3865,0.5
349.4065,0.5
349.4265,0.5
349.4465,0.5
349.4665,0.5
349.4865,0.5
349.5065,0.5
349.5265,0.5
349.5464,0.5
349.5664,0.5
349.5864,0.5
349.6064,0.5
349.6264,0.5
349.6464,0.5
349.6664,0.5
349.6864,0.5
349.7064,0.5
349.7263,0.5
349.7463,0.5
349.7663,0.5
349.7863,0.5
349.8063,0.5
349.8263,0.5
349.8463,0.5
349.8663,0.5
349.8863,0.5
349.9063,0.5
349.9262,0.5
349.9462,0.5
349.9662,0.5
349.9862,0.5
350.0062,0.5
350.0262,0.5
350.0462,0.5
350.0662,0.5
350.0862,0.5
350.1061,0.5
350.1261,0.5
350.1461,0.5
350.1661,0.5
350.1861,0.5
350.2061,0.5
350.2261,0.5
350.2461,0.5
350.2661,0.5
350.286,0.5
350.306,0.5
350.326,0.5
350.346,0.5
350.366,0.5
350.386,0.5
350.406,0.5
350.426,0.5
350.446,0.5
350.4659,0.5
350.4859,0.5
350.5059,0.5
350.5259,0.5
350.5459,0.5
350.5659,0.5
350.5859,0.5
350.6059,0.5
350.6259,0.5
350.6458,0.5
350.6658,0.5
350.6858,0.5
350.7058,0.5
350.7258,0.5
350.7458,0.5
350.7658,0.5
350.7858,0.5
350.8058,0.5
350.8257,0.5
350.8457,0.5
350.8657,0.5
350.8857,0.5
350.9057,0.5
350.9257,0.5
350.9457,0.5
350.9657,0.5
350.9857,0.5
351.0056,0.5
351.0256,0.5
351.0456,0.5
351.0656,0.5
351.0856,0.5
351.1056,0.5
351.1256,0.5
351.1456,0.5
351.1656,0.5
351.1855,0.5
351.2055,0.5
351.2255,0.5
351.2455,0.5
351.2655,0.5
351.2855,0.5
351.3055,0.5
351.3255,0.5
351.3455,0.5
351.3654,0.5
351.3854,0.5
351.4054,0.5
351.4254,0.5
351.4454,0.5
351.4654,0.5
351.4854,0.5
351.5054,0.5
351.5254,0.5
351.5453,0.5
351.5653,0.5
351.5853,0.5
351.6053,0.5
351.6253,0.5
351.6453,0.5
351.6653,0.5
351.6853,0.5
351.7053,0.5
351.7253,0.5
351.7452,0.5
351.7652,0.5
351.7852,0.5
351.8052,0.5
351.8252,0.5
351.8452,0.5
351.8652,0.5
351.8852,0.5
351.9052,0.5
351.9251,0.5
351.9451,0.5
351.9651,0.5
351.9851,0.5
352.0051,0.5
352.0251,0.5
352.0451,0.5
352.0651,0.5
352.0851,0.5
352.105,0.5
352.125,0.5
352.145,0.5
352.165,0.5
352.185,0.5
352.205,0.5
352.225,0.5
352.245,0.5
352.265,0.5
352.2849,0.5
352.3049,0.5
352.3249,0.5
352.3449,0.5
352.3649,0.5
352.3849,0.5
352.4049,0.5
352.4249,0.5
352.4449,0.5
352.4648,0.5
352.4848,0.5
352.5048,0.5
352.5248,0.5
352.5448,0.5
352.5648,0.5
352.5848,0.5
352.6048,0.5
352.6248,0.5
352.6447,0.5
352.6647,0.5
352.6847,0.5
352.7047,0.5
352.7247,0.5
352.7447,0.5
352.7647,0.5
352.7847,0.5
352.8047,0.5
352.8246,0.5
352.8446,0.5
352.8646,0.5
352.8846,0.5
352.9046,0.5
352.9246,0.5
352.9446,0.5
352.9646,0.5
352.9846,0.5
353.0045,0.5
353.0245,0.5
353.0445,0.5
353.0645,0.5
353.0845,0.5
353.1045,0.5
353.1245,0.5
353.1445,0.5
353.1645,0.5
353.1844,0.5
353.2044,0.5
353.2244,0.5
353.2444,0.5
353.2644,0.5
353.2844,0.5
353.3044,0.5
353.3244,0.5
353.3444,0.5
353.3643,0.5
353.3843,0.5
353.4043,0.5
353.4243,0.5
353.4443,0.5
353.4643,0.5
353.4843,0.5
353.5043,0.5
353.5243,0.5
353.5443,0.5
353.5642,0.5
353.5842,0.5
353.6042,0.5
353.6242,0.5
353.6442,0.5
353.6642,0.5
353.6842,0.5
353.7042,0.5
353.7242,0.5
353.7441,0.5
353.7641,0.5
353.7841,0.5
353.8041,0.5
353.8241,0.5
353.8441,0.5
353.8641,0.5
353.8841,0.5
353.9041,0.5
353.924,0.5
353.944,0.5
353.964,0.5
353.984,0.5
354.004,0.5
354.024,0.5
354.044,0.5
354.064,0.5
354.084,0.5
354.1039,0.5
354.1239,0.5
354.1439,0.5
354.1639,0.5
354.1839,0.5
354.2039,0.5
354.2239,0.5
354.2439,0.5
354.2639,0.5
354.2838,0.5
354.3038,0.5
354.3238,0.5
354.3438,0.5
354.3638,0.5
354.3838,0.5
354.4038,0.5
354.4238,0.5
354.4438,0.5
354.4637,0.5
354.4837,0.5
354.5037,0.5
354.5237,0.5
354.5437,0.5
354.5637,0.5
354.5837,0.5
354.6037,0.5
354.6237,0.5
354.6436,0.5
354.6636,0.5
354.6836,0.5
354.7036,0.5
354.7236,0.5
354.7436,0.5
354.7636,0.5
354.7836,0.5
354.8036,0.5
354.8235,0.5
354.8435,0.5
354.8635,0.5
354.8835,0.5
354.9035,0.5
354.9235,0.5
354.9435,0.5
354.9635,0.5
354.9835,0.5
355.0034,0.5
355.0234,0.5
355.0434,0.5
355.0634,0.5
355.0834,0.5
355.1034,0.5
355.1234,0.5
355.1434,0.5
355.1634,0.5
355.1833,0.5
355.2033,0.5
355.2233,0.5
355.2433,0.5
355.2633,0.5
355.2833,0.5
355.3033,0.5
355.3233,0.5
355.3433,0.5
355.3633,0.5
355.3832,0.5
355.4032,0.5
355.4232,0.5
355.4432,0.5
355.4632,0.5
355.4832,0.5
355.5032,0.5
355.5232,0.5
355.5432,0.5
355.5631,0.5
355.5831,0.5
355.6031,0.5
355.6231,0.5
355.6431,0.5
355.6631,0.5
355.6831,0.5
355.7031,0.5
355.7231,0.5
355.743,0.5
355.763,0.5
355.783,0.5
355.803,0.5
355.823,0.5
355.843,0.5
355.863,0.5
355.883,0.5
355.903,0.5
355.9229,0.5
355.9429,0.5
355.9629,0.5
355.9829,0.5
356.0029,0.5
356.0229,0.5
356.0429,0.5
356.0629,0.5
356.0829,0.5
356.1028,0.5
356.1228,0.5
356.1428,0.5
356.1628,0.5
356.1828,0.5
356.2028,0.5
356.2228,0.5
356.2428,0.5
356.2628,0.5
356.2827,0.5
356.3027,0.5
356.3227,0.5
356.3427,0.5
356.3627,0.5
356.3827,0.5
356.4027,0.5
356.4227,0.5
356.4427,0.5
356.4626,0.5
356.4826,0.5
356.5026,0.5
356.5226,0.5
356.5426,0.5
356.5626,0.5
356.5826,0.5
356.6026,0.5
356.6226,0.5
356.6425,0.5
356.6625,0.5
356.6825,0.5
356.7025,0.5
356.7225,0.5
356.7425,0.5
356.7625,0.5
356.7825,0.5
356.8025,0.5
356.8224,0.5
356.8424,0.5
356.8624,0.5
356.8824,0.5
356.9024,0.5
356.9224,0.5
356.9424,0.5
356.9624,0.5
356.9824,0.5
357.0023,0.5
357.0223,0.5
357.0423,0.5
357.0623,0.5
357.0823,0.5
357.1023,0.5
357.1223,0.5
357.1423,0.5
357.1623,0.5
357.1823,0.5
357.2022,0.5
357.2222,0.5
357.2422,0.5
357.2622,0.5
357.2822,0.5
357.3022,0.5
357.3222,0.5
357.3422,0.5
357.3622,0.5
357.3821,0.5
357.4021,0.5
357.4221,0.5
357.4421,0.5
357.4621,0.5
357.4821,0.5
357.5021,0.5
357.5221,0.5
357.5421,0.5
357.562,0.5
357.582,0.5
357.602,0.5
357.622,0.5
357.642,0.5
357.662,0.5
357.682,0.5
357.702,0.5
357.722,0.5
357.7419,0.5
357.7619,0.5
357.7819,0.5
357.8019,0.5
357.8219,0.5
357.8419,0.5
357.8619,0.5
357.8819,0.5
357.9019,0.5
357.9218,0.5
357.9418,0.5
357.9618,0.5
357.9818,0.5
358.0018,0.5
358.0218,0.5
358.0418,0.5
358.0618,0.5
358.0818,0.5
358.1017,0.5
358.1217,0.5
358.1417,0.5
358.1617,0.5
358.1817,0.5
358.2017,0.5
358.2217,0.5
358.2417,0.5
358.2617,0.5
358.2816,0.5
358.3016,0.5
358.3216,0.5
358.3416,0.5
358.3616,0.5
358.3816,0.5
358.4016,0.5
358.4216,0.5
358.4416,0.5
358.4615,0.5
358.4815,0.5
358.5015,0.5
358.5215,0.5
358.5415,0.5
358.5615,0.5
358.5815,0.5
358.6015,0.5
358.6215,0.5
358.6414,0.5
358.6614,0.5
358.6814,0.5
358.7014,0.5
358.7214,0.5
358.7414,0.5
358.7614,0.5
358.7814,0.5
358.8014,0.5
358.8214,0.5
358.8413,0.5
358.8613,0.5
358.8813,0.5
358.9013,0.5
358.9213,0.5
358.9413,0.5
358.9613,0.5
358.9813,0.5
359.0013,0.5
359.0212,0.5
359.0412,0.5
359.0612,0.5
359.0812,0.5
359.1012,0.5
359.1212,0.5
359.1412,0.5
359.1612,0.5
359.1812,0.5
359.2011,0.5
359.2211,0.5
359.2411,0.5
359.2611,0.5
359.2811,0.5
359.3011,0.5
359.3211,0.5
359.3411,0.5
359.3611,0.5
359.381,0.5
359.401,0.5
359.421,0.5
359.441,0.5
359.461,0.5
359.481,0.5
359.501,0.5
359.521,0.5
359.541,0.5
359.5609,0.5
359.5809,0.5
359.6009,0.5
359.6209,0.5
359.6409,0.5
359.6609,0.5
359.6809,0.5
359.7009,0.5
359.7209,0.5
359.7408,0.5
359.7608,0.5
359.7808,0.5
359.8008,0.5
359.8208,0.5
359.8408,0.5
359.8608,0.5
359.8808,0.5
359.9008,0.5
359.9207,0.5
359.9407,0.5
359.9607,0.5
359.9807,0.5
360.0007,0.5
360.0207,0.5
360.0407,0.5
360.0607,0.5
360.0807,0.5
360.1006,0.5
360.1206,0.5
360.1406,0.5
360.1606,0.5
360.1806,0.5
360.2006,0.5
360.2206,0.5
360.2406,0.5
360.2606,0.5
360.2805,0.5
360.3005,0.5
360.3205,0.5
360.3405,0.5
360.3605,0.5
360.3805,0.5
360.4005,0.5
360.4205,0.5
360.4405,0.5
360.4604,0.5
360.4804,0.5
360.5004,0.5
360.5204,0.5
360.5404,0.5
360.5604,0.5
360.5804,0.5
360.6004,0.5
360.6204,0.5
360.6404,0.5
360.6603,0.5
360.6803,0.5
360.7003,0.5
360.7203,0.5
360.7403,0.5
360.7603,0.5
360.7803,0.5
360.8003,0.5
360.8203,0.5
360.8402,0.5
360.8602,0.5
360.8802,0.5
360.9002,0.5
360.9202,0.5
360.9402,0.5
360.9602,0.5
360.9802,0.5
361.0002,0.5
361.0201,0.5
361.0401,0.5
361.0601,0.5
361.0801,0.5
361.1001,0.5
361.1201,0.5
361.1401,0.5
361.1601,0.5
361.1801,0.5
361.2,0.5
361.22,0.5
361.24,0.5
361.26,0.5
361.28,0.5
361.3,0.5
361.32,0.5
361.34,0.5
361.36,0.5
361.3799,0.5
361.3999,0.5
361.4199,0.5
361.4399,0.5
361.4599,0.5
361.4799,0.5
361.4999,0.5
361.5199,0.5
361.5399,0.5
361.5598,0.5
361.5798,0.5
361.5998,0.5
361.6198,0.5
361.6398,0.5
361.6598,0.5
361.6798,0.5
361.6998,0.5
361.7198,0.5
361.7397,0.5
361.7597,0.5
361.7797,0.5
361.7997,0.5
361.8197,0.5
361.8397,0.5
361.8597,0.5
361.8797,0.5
361.8997,0.5
361.9196,0.5
361.9396,0.5
361.9596,0.5
361.9796,0.5
361.9996,0.5
362.0196,0.5
362.0396,0.5
362.0596,0.5
362.0796,0.5
362.0995,0.5
362.1195,0.5
362.1395,0.5
362.1595,0.5
362.1795,0.5
362.1995,0.5
362.2195,0.5
362.2395,0.5
362.2595,0.5
362.2794,0.5
362.2994,0.5
362.3194,0.5
362.3394,0.5
362.3594,0.5
362.3794,0.5
362.3994,0.5
362.4194,0.5
362.4394,0.5
362.4594,0.5
362.4793,0.5
362.4993,0.5
362.5193,0.5
362.5393,0.5
362.5593,0.5
362.5793,0.5
362.5993,0.5
362.6193,0.5
362.6393,0.5
362.6592,0.5
362.6792,0.5
362.6992,0.5
362.7192,0.5
362.7392,0.5
362.7592,0.5
362.7792,0.5
362.7992,0.5
362.8192,0.5
362.8391,0.5
362.8591,0.5
362.8791,0.5
362.8991,0.5
362.9191,0.5
362.9391,0.5
362.9591,0.5
362.9791,0.5
362.9991,0.5
363.019,0.5
363.039,0.5
363.059,0.5
363.079,0.5
363.099,0.5
363.119,0.5
363.139,0.5
363.159,0.5
363.179,0.5
363.1989,0.5
363.2189,0.5
363.2389,0.5
363.2589,0.5
363.2789,0.5
363.2989,0.5
363.3189,0.5
363.3389,0.5
363.3589,0.5
363.3788,0.5
363.3988,0.5
363.4188,0.5
363.4388,0.5
363.4588,0.5
363.4788,0.5
363.4988,0.5
363.5188,0.5
363.5388,0.5
363.5587,0.5
363.5787,0.5
363.5987,0.5
363.6187,0.5
363.6387,0.5
363.6587,0.5
363.6787,0.5
363.6987,0.5
363.7187,0.5
363.7386,0.5
363.7586,0.5
363.7786,0.5
363.7986,0.5
363.8186,0.5
363.8386,0.5
363.8586,0.5
363.8786,0.5
363.8986,0.5
363.9185,0.5
363.9385,0.5
363.9585,0.5
363.9785,0.5
363.9985,0.5
364.0185,0.5
364.0385,0.5
364.0585,0.5
364.0785,0.5
364.0984,0.5
364.1184,0.5
364.1384,0.5
364.1584,0.5
364.1784,0.5
364.1984,0.5
364.2184,0.5
364.2384,0.5
364.2584,0.5
364.2784,0.5
364.2983,0.5
364.3183,0.5
364.3383,0.5
364.3583,0.5
364.3783,0.5
364.3983,0.5
364.4183,0.5
364.4383,0.5
364.4583,0.5
364.4782,0.5
364.4982,0.5
364.5182,0.5
364.5382,0.5
364.5582,0.5
364.5782,0.5
364.5982,0.5
364.6182,0.5
364.6382,0.5
364.6581,0.5
364.6781,0.5
364.6981,0.5
364.7181,0.5
364.7381,0.5
364.7581,0.5
364.7781,0.5
364.7981,0.5
364.8181,0.5
364.838,0.5
364.858,0.5
364.878,0.5
364.898,0.5
364.918,0.5
364.938,0.5
364.958,0.5
364.978,0.5
364.998,0.5
365.0179,0.5
365.0379,0.5
365.0579,0.5
365.0779,0.5
365.0979,0.5
365.1179,0.5
365.1379,0.5
365.1579,0.5
365.1779,0.5
365.1978,0.5
365.2178,0.5
365.2378,0.5
365.2578,0.5
365.2778,0.5
365.2978,0.5
365.3178,0.5
365.3378,0.5
365.3578,0.5
365.3777,0.5
365.3977,0.5
365.4177,0.5
365.4377,0.5
365.4577,0.5
365.4777,0.5
365.4977,0.5
365.5177,0.5
365.5377,0.5
365.5576,0.5
365.5776,0.5
365.5976,0.5
365.6176,0.5
365.6376,0.5
365.6576,0.5
365.6776,0.5
365.6976,0.5
365.7176,0.5
365.7375,0.5
365.7575,0.5
365.7775,0.5
365.7975,0.5
365.8175,0.5
365.8375,0.5
365.8575,0.5
365.8775,0.5
365.8975,0.5
365.9174,0.5
365.9374,0.5
365.9574,0.5
365.9774,0.5
365.9974,0.5
366.0174,0.5
366.0374,0.5
366.0574,0.5
366.0774,0.5
366.0974,0.5
366.1173,0.5
366.1373,0.5
366.1573,0.5
366.1773,0.5
366.1973,0.5
366.2173,0.5
366.2373,0.5
366.2573,0.5
366.2773,0.5
366.2972,0.5
366.3172,0.5
366.3372,0.5
366.3572,0.5
366.3772,0.5
366.3972,0.5
366.4172,0.5
366.4372,0.5
366.4572,0.5
366.4771,0.5
366.4971,0.5
366.5171,0.5
366.5371,0.5
366.5571,0.5
366.5771,0.5
366.5971,0.5
366.6171,0.5
366.6371,0.5
366.657,0.5
366.677,0.5
366.697,0.5
366.717,0.5
366.737,0.5
366.757,0.5
366.777,0.5
366.797,0.5
366.817,0.5
366.8369,0.5
366.8569,0.5
366.8769,0.5
366.8969,0.5
366.9169,0.5
366.9369,0.5
366.9569,0.5
366.9769,0.5
366.9969,0.5
367.0168,0.5
367.0368,0.5
367.0568,0.5
367.0768,0.5
367.0968,0.5
367.1168,0.5
367.1368,0.5
367.1568,0.5
367.1768,0.5
367.1967,0.5
367.2167,0.5
367.2367,0.5
367.2567,0.5
367.2767,0.5
367.2967,0.5
367.3167,0.5
367.3367,0.5
367.3567,0.5
367.3766,0.5
367.3966,0.5
367.4166,0.5
367.4366,0.5
367.4566,0.5
367.4766,0.5
367.4966,0.5
367.5166,0.5
367.5366,0.5
367.5565,0.5
367.5765,0.5
367.5965,0.5
367.6165,0.5
367.6365,0.5
367.6565,0.5
367.6765,0.5
367.6965,0.5
367.7165,0.5
367.7365,0.5
367.7564,0.5
367.7764,0.5
367.7964,0.5
367.8164,0.5
367.8364,0.5
367.8564,0.5
367.8764,0.5
367.8964,0.5
367.9164,0.5
367.9363,0.5
367.9563,0.5
367.9763,0.5
367.9963,0.5
368.0163,0.5
368.0363,0.5
368.0563,0.5
368.0763,0.5
368.0963,0.5
368.1162,0.5
368.1362,0.5
368.1562,0.5
368.1762,0.5
368.1962,0.5
368.2162,0.5
368.2362,0.5
368.2562,0.5
368.2762,0.5
368.2961,0.5
368.3161,0.5
368.3361,0.5
368.3561,0.5
368.3761,0.5
368.3961,0.5
368.4161,0.5
368.4361,0.5
368.4561,0.5
368.476,0.5
368.496,0.5
368.516,0.5
368.536,0.5
368.556,0.5
368.576,0.5
368.596,0.5
368.616,0.5
368.636,0.5
368.6559,0.5
368.6759,0.5
368.6959,0.5
368.7159,0.5
368.7359,0.5
368.7559,0.5
368.7759,0.5
368.7959,0.5
368.8159,0.5
368.8358,0.5
368.8558,0.5
368.8758,0.5
368.8958,0.5
368.9158,0.5
368.9358,0.5
368.9558,0.5
368.9758,0.5
368.9958,0.5
369.0157,0.5
369.0357,0.5
369.0557,0.5
369.0757,0.5
369.0957,0.5
369.1157,0.5
369.1357,0.5
369.1557,0.5
369.1757,0.5
369.1956,0.5
369.2156,0.5
369.2356,0.5
369.2556,0.5
369.2756,0.5
369.2956,0.5
369.3156,0.5
369.3356,0.5
369.3556,0.5
369.3755,0.5
369.3955,0.5
369.4155,0.5
369.4355,0.5
369.4555,0.5
369.4755,0.5
369.4955,0.5
369.5155,0.5
369.5355,0.5
369.5555,0.5
369.5754,0.5
369.5954,0.5
369.6154,0.5
369.6354,0.5
369.6554,0.5
369.6754,0.5
369.6954,0.5
369.7154,0.5
369.7354,0.5
369.7553,0.5
369.7753,0.5
369.7953,0.5
369.8153,0.5
369.8353,0.5
369.8553,0.5
369.8753,0.5
369.8953,0.5
369.9153,0.5
369.9352,0.5
369.9552,0.5
369.9752,0.5
369.9952,0.5
370.0152,0.5
370.0352,0.5
370.0552,0.5
370.0752,0.5
370.0952,0.5
370.1151,0.5
370.1351,0.5
370.1551,0.5
370.1751,0.5
370.1951,0.5
370.2151,0.5
370.2351,0.5
370.2551,0.5
370.2751,0.5
370.295,0.5
370.315,0.5
370.335,0.5
370.355,0.5
370.375,0.5
370.395,0.5
370.415,0.5
370.435,0.5
370.455,0.5
370.4749,0.5
370.4949,0.5
370.5149,0.5
370.5349,0.5
370.5549,0.5
370.5749,0.5
370.5949,0.5
370.6149,0.5
370.6349,0.5
370.6548,0.5
370.6748,0.5
370.6948,0.5
370.7148,0.5
370.7348,0.5
370.7548,0.5
370.7748,0.5
370.7948,0.5
370.8148,0.5
370.8347,0.5
370.8547,0.5
370.8747,0.5
370.8947,0.5
370.9147,0.5
370.9347,0.5
370.9547,0.5
370.9747,0.5
370.9947,0.5
371.0146,0.5
371.0346,0.5
371.0546,0.5
371.0746,0.5
371.0946,0.5
371.1146,0.5
371.1346,0.5
371.1546,0.5
371.1746,0.5
371.1945,0.5
371.2145,0.5
371.2345,0.5
371.2545,0.5
371.2745,0.5
371.2945,0.5
371.3145,0.5
371.3345,0.5
371.3545,0.5
371.3745,0.5
371.3944,0.5
371.4144,0.5
371.4344,0.5
371.4544,0.5
371.4744,0.5
371.4944,0.5
371.5144,0.5
371.5344,0.5
371.5544,0.5
371.5743,0.5
371.5943,0.5
371.6143,0.5
371.6343,0.5
371.6543,0.5
371.6743,0.5
371.6943,0.5
371.7143,0.5
371.7343,0.5
371.7542,0.5
371.7742,0.5
371.7942,0.5
371.8142,0.5
371.8342,0.5
371.8542,0.5
371.8742,0.5
371.8942,0.5
371.9142,0.5
371.9341,0.5
371.9541,0.5
371.9741,0.5
371.9941,0.5
372.0141,0.5
372.0341,0.5
372.0541,0.5
372.0741,0.5
372.0941,0.5
372.114,0.5
372.134,0.5
372.154,0.5
372.174,0.5
372.194,0.5
372.214,0.5
372.234,0.5
372.254,0.5
372.274,0.5
372.2939,0.5
372.3139,0.5
372.3339,0.5
372.3539,0.5
372.3739,0.5
372.3939,0.5
372.4139,0.5
372.4339,0.5
372.4539,0.5
372.4738,0.5
372.4938,0.5
372.5138,0.5
372.5338,0.5
372.5538,0.5
372.5738,0.5
372.5938,0.5
372.6138,0.5
372.6338,0.5
372.6537,0.5
372.6737,0.5
372.6937,0.5
372.7137,0.5
372.7337,0.5
372.7537,0.5
372.7737,0.5
372.7937,0.5
372.8137,0.5
372.8336,0.5
372.8536,0.5
372.8736,0.5
372.8936,0.5
372.9136,0.5
372.9336,0.5
372.9536,0.5
372.9736,0.5
372.9936,0.5
373.0135,0.5
373.0335,0.5
373.0535,0.5
373.0735,0.5
373.0935,0.5
373.1135,0.5
373.1335,0.5
373.1535,0.5
373.1735,0.5
373.1935,0.5
373.2134,0.5
373.2334,0.5
373.2534,0.5
373.2734,0.5
373.2934,0.5
373.3134,0.5
373.3334,0.5
373.3534,0.5
373.3734,0.5
373.3933,0.5
373.4133,0.5
373.4333,0.5
373.4533,0.5
373.4733,0.5
373.4933,0.5
373.5133,0.5
373.5333,0.5
373.5533,0.5
373.5732,0.5
373.5932,0.5
373.6132,0.5
373.6332,0.5
373.6532,0.5
373.6732,0.5
373.6932,0.5
373.7132,0.5
373.7332,0.5
373.7531,0.5
373.7731,0.5
373.7931,0.5
373.8131,0.5
373.8331,0.5
373.8531,0.5
373.8731,0.5
373.8931,0.5
373.9131,0.5
373.933,0.5
373.953,0.5
373.973,0.5
373.993,0.5
374.013,0.5
374.033,0.5
374.053,0.5
374.073,0.5
374.093,0.5
374.1129,0.5
374.1329,0.5
374.1529,0.5
374.1729,0.5
374.1929,0.5
374.2129,0.5
374.2329,0.5
374.2529,0.5
374.2729,0.5
374.2928,0.5
374.3128,0.5
374.3328,0.5
374.3528,0.5
374.3728,0.5
374.3928,0.5
374.4128,0.5
374.4328,0.5
374.4528,0.5
374.4727,0.5
374.4927,0.5
374.5127,0.5
374.5327,0.5
374.5527,0.5
374.5727,0.5
374.5927,0.5
374.6127,0.5
374.6327,0.5
374.6526,0.5
374.6726,0.5
374.6926,0.5
374.7126,0.5
374.7326,0.5
374.7526,0.5
374.7726,0.5
374.7926,0.5
374.8126,0.5
374.8326,0.5
374.8525,0.5
374.8725,0.5
374.8925,0.5
374.9125,0.5
374.9325,0.5
374.9525,0.5
374.9725,0.5
374.9925,0.5
375.0125,0.5
375.0324,0.5
375.0524,0.5
375.0724,0.5
375.0924,0.5
375.1124,0.5
375.1324,0.5
375.1524,0.5
375.1724,0.5
375.1924,0.5
375.2123,0.5
375.2323,0.5
375.2523,0.5
375.2723,0.5
375.2923,0.5
375.3123,0.5
375.3323,0.5
375.3523,0.5
375.3723,0.5
375.3922,0.5
375.4122,0.5
375.4322,0.5
375.4522,0.5
375.4722,0.5
375.4922,0.5
375.5122,0.5
375.5322,0.5
375.5522,0.5
375.5721,0.5
375.5921,0.5
375.6121,0.5
375.6321,0.5
375.6521,0.5
375.6721,0.5
375.6921,0.5
375.7121,0.5
375.7321,0.5
375.752,0.5
375.772,0.5
375.792,0.5
375.812,0.5
375.832,0.5
375.852,0.5
375.872,0.5
375.892,0.5
375.912,0.5
375.9319,0.5
375.9519,0.5
375.9719,0.5
375.9919,0.5
376.0119,0.5
376.0319,0.5
376.0519,0.5
376.0719,0.5
376.0919,0.5
376.1118,0.5
376.1318,0.5
376.1518,0.5
376.1718,0.5
376.1918,0.5
376.2118,0.5
376.2318,0.5
376.2518,0.5
376.2718,0.5
376.2917,0.5
376.3117,0.5
376.3317,0.5
376.3517,0.5
376.3717,0.5
376.3917,0.5
376.4117,0.5
376.4317,0.5
376.4517,0.5
376.4716,0.5
376.4916,0.5
376.5116,0.5
376.5316,0.5
376.5516,0.5
376.5716,0.5
376.5916,0.5
376.6116,0.5
376.6316,0.5
376.6516,0.5
376.6715,0.5
376.6915,0.5
376.7115,0.5
376.7315,0.5
376.7515,0.5
376.7715,0.5
376.7915,0.5
376.8115,0.5
376.8315,0.5
376.8514,0.5
376.8714,0.5
376.8914,0.5
376.9114,0.5
376.9314,0.5
376.9514,0.5
376.9714,0.5
376.9914,0.5
377.0114,0.5
377.0313,0.5
377.0513,0.5
377.0713,0.5
377.0913,0.5
377.1113,0.5
377.1313,0.5
377.1513,0.5
377.1713,0.5
377.1913,0.5
377.2112,0.5
377.2312,0.5
377.2512,0.5
377.2712,0.5
377.2912,0.5
377.3112,0.5
377.3312,0.5
377.3512,0.5
377.3712,0.5
377.3911,0.5
377.4111,0.5
377.4311,0.5
377.4511,0.5
377.4711,0.5
377.4911,0.5
377.5111,0.5
377.5311,0.5
377.5511,0.5
377.571,0.5
377.591,0.5
377.611,0.5
377.631,0.5
377.651,0.5
377.671,0.5
377.691,0.5
377.711,0.5
377.731,0.5
377.7509,0.5
377.7709,0.5
377.7909,0.5
377.8109,0.5
377.8309,0.5
377.8509,0.5
377.8709,0.5
377.8909,0.5
377.9109,0.5
377.9308,0.5
377.9508,0.5
377.9708,0.5
377.9908,0.5
378.0108,0.5
378.0308,0.5
378.0508,0.5
378.0708,0.5
378.0908,0.5
378.1107,0.5
378.1307,0.5
378.1507,0.5
378.1707,0.5
378.1907,0.5
378.2107,0.5
378.2307,0.5
378.2507,0.5
378.2707,0.5
378.2906,0.5
378.3106,0.5
378.3306,0.5
378.3506,0.5
378.3706,0.5
378.3906,0.5
378.4106,0.5
378.4306,0.5
378.4506,0.5
378.4706,0.5
378.4905,0.5
378.5105,0.5
378.5305,0.5
378.5505,0.5
378.5705,0.5
378.5905,0.5
378.6105,0.5
378.6305,0.5
378.6505,0.5
378.6704,0.5
378.6904,0.5
378.7104,0.5
378.7304,0.5
378.7504,0.5
378.7704,0.5
378.7904,0.5
378.8104,0.5
378.8304,0.5
378.8503,0.5
378.8703,0.5
378.8903,0.5
378.9103,0.5
378.9303,0.5
378.9503,0.5
378.9703,0.5
378.9903,0.5
379.0103,0.5
379.0302,0.5
379.0502,0.5
379.0702,0.5
379.0902,0.5
379.1102,0.5
379.1302,0.5
379.1502,0.5
379.1702,0.5
379.1902,0.5
379.2101,0.5
379.2301,0.5
379.2501,0.5
379.2701,0.5
379.2901,0.5
379.3101,0.5
379.3301,0.5
379.3501,0.5
379.3701,0.5
379.39,0.5
379.41,0.5
379.43,0.5
379.45,0.5
379.47,0.5
379.49,0.5
379.51,0.5
379.53,0.5
379.55,0.5
379.5699,0.5
379.5899,0.5
379.6099,0.5
379.6299,0.5
379.6499,0.5
379.6699,0.5
379.6899,0.5
379.7099,0.5
379.7299,0.5
379.7498,0.5
379.7698,0.5
379.7898,0.5
379.8098,0.5
379.8298,0.5
379.8498,0.5
379.8698,0.5
379.8898,0.5
379.9098,0.5
379.9297,0.5
379.9497,0.5
379.9697,0.5
379.9897,0.5
380.0097,0.5
380.0297,0.5
380.0497,0.5
380.0697,0.5
380.0897,0.5
380.1096,0.5
380.1296,0.5
380.1496,0.5
380.1696,0.5
380.1896,0.5
380.2096,0.5
380.2296,0.5
380.2496,0.5
380.2696,0.5
380.2896,0.5
380.3095,0.5
380.3295,0.5
380.3495,0.5
380.3695,0.5
380.3895,0.5
380.4095,0.5
380.4295,0.5
380.4495,0.5
380.4695,0.5
380.4894,0.5
380.5094,0.5
380.5294,0.5
380.5494,0.5
380.5694,0.5
380.5894,0.5
380.6094,0.5
380.6294,0.5
380.6494,0.5
380.6693,0.5
380.6893,0.5
380.7093,0.5
380.7293,0.5
380.7493,0.5
380.7693,0.5
380.7893,0.5
380.8093,0.5
380.8293,0.5
380.8492,0.5
380.8692,0.5
380.8892,0.5
380.9092,0.5
380.9292,0.5
380.9492,0.5
380.9692,0.5
380.9892,0.5
381.0092,0.5
381.0291,0.5
381.0491,0.5
381.0691,0.5
381.0891,0.5
381.1091,0.5
381.1291,0.5
381.1491,0.5
381.1691,0.5
381.1891,0.5
381.209,0.5
381.229,0.5
381.249,0.5
381.269,0.5
381.289,0.5
381.309,0.5
381.329,0.5
381.349,0.5
381.369,0.5
381.3889,0.5
381.4089,0.5
381.4289,0.5
381.4489,0.5
381.4689,0.5
381.4889,0.5
381.5089,0.5
381.5289,0.5
381.5489,0.5
381.5688,0.5
381.5888,0.5
381.6088,0.5
381.6288,0.5
381.6488,0.5
381.6688,0.5
381.6888,0.5
381.7088,0.5
381.7288,0.5
381.7487,0.5
381.7687,0.5
381.7887,0.5
381.8087,0.5
381.8287,0.5
381.8487,0.5
381.8687,0.5
381.8887,0.5
381.9087,0.5
381.9286,0.5
381.9486,0.5
381.9686,0.5
381.9886,0.5
382.0086,0.5
382.0286,0.5
382.0486,0.5
382.0686,0.5
382.0886,0.5
382.1086,0.5
382.1285,0.5
382.1485,0.5
382.1685,0.5
382.1885,0.5
382.2085,0.5
382.2285,0.5
382.2485,0.5
382.2685,0.5
382.2885,0.5
382.3084,0.5
382.3284,0.5
382.3484,0.5
382.3684,0.5
382.3884,0.5
382.4084,0.5
382.4284,0.5
382.4484,0.5
382.4684,0.5
382.4883,0.5
382.5083,0.5
382.5283,0.5
382.5483,0.5
382.5683,0.5
382.5883,0.5
382.6083,0.5
382.6283,0.5
382.6483,0.5
382.6682,0.5
382.6882,0.5
382.7082,0.5
382.7282,0.5
382.7482,0.5
382.7682,0.5
382.7882,0.5
382.8082,0.5
382.8282,0.5
382.8481,0.5
382.8681,0.5
382.8881,0.5
382.9081,0.5
382.9281,0.5
382.9481,0.5
382.9681,0.5
382.9881,0.5
383.0081,0.5
383.028,0.5
383.048,0.5
383.068,0.5
383.088,0.5
383.108,0.5
383.128,0.5
383.148,0.5
383.168,0.5
383.188,0.5
383.2079,0.5
383.2279,0.5
383.2479,0.5
383.2679,0.5
383.2879,0.5
383.3079,0.5
383.3279,0.5
383.3479,0.5
383.3679,0.5
383.3878,0.5
383.4078,0.5
383.4278,0.5
383.4478,0.5
383.4678,0.5
383.4878,0.5
383.5078,0.5
383.5278,0.5
383.5478,0.5
383.5677,0.5
383.5877,0.5
383.6077,0.5
383.6277,0.5
383.6477,0.5
383.6677,0.5
383.6877,0.5
383.7077,0.5
383.7277,0.5
383.7477,0.5
383.7676,0.5
383.7876,0.5
383.8076,0.5
383.8276,0.5
383.8476,0.5
383.8676,0.5
383.8876,0.5
383.9076,0.5
383.9276,0.5
383.9475,0.5
383.9675,0.5
383.9875,0.5
384.0075,0.5
384.0275,0.5
384.0475,0.5
384.0675,0.5
384.0875,0.5
384.1075,0.5
384.1274,0.5
384.1474,0.5
384.1674,0.5
384.1874,0.5
384.2074,0.5
384.2274,0.5
384.2474,0.5
384.2674,0.5
384.2874,0.5
384.3073,0.5
384.3273,0.5
384.3473,0.5
384.3673,0.5
384.3873,0.5
384.4073,0.5
384.4273,0.5
384.4473,0.5
384.4673,0.5
384.4872,0.5
384.5072,0.5
384.5272,0.5
384.5472,0.5
384.5672,0.5
384.5872,0.5
384.6072,0.5
384.6272,0.5
384.6472,0.5
384.6671,0.5
384.6871,0.5
384.7071,0.5
384.7271,0.5
384.7471,0.5
384.7671,0.5
384.7871,0.5
384.8071,0.5
384.8271,0.5
384.847,0.5
384.867,0.5
384.887,0.5
384.907,0.5
384.927,0.5
384.947,0.5
384.967,0.5
384.987,0.5
385.007,0.5
385.0269,0.5
385.0469,0.5
385.0669,0.5
385.0869,0.5
385.1069,0.5
385.1269,0.5
385.1469,0.5
385.1669,0.5
385.1869,0.5
385.2068,0.5
385.2268,0.5
385.2468,0.5
385.2668,0.5
385.2868,0.5
385.3068,0.5
385.3268,0.5
385.3468,0.5
385.3668,0.5
385.3867,0.5
385.4067,0.5
385.4267,0.5
385.4467,0.5
385.4667,0.5
385.4867,0.5
385.5067,0.5
385.5267,0.5
385.5467,0.5
385.5667,0.5
385.5866,0.5
385.6066,0.5
385.6266,0.5
385.6466,0.5
385.6666,0.5
385.6866,0.5
385.7066,0.5
385.7266,0.5
385.7466,0.5
385.7665,0.5
385.7865,0.5
385.8065,0.5
385.8265,0.5
385.8465,0.5
385.8665,0.5
385.8865,0.5
385.9065,0.5
385.9265,0.5
385.9464,0.5
385.9664,0.5
385.9864,0.5
386.0064,0.5
386.0264,0.5
386.0464,0.5
386.0664,0.5
386.0864,0.5
386.1064,0.5
386.1263,0.5
386.1463,0.5
386.1663,0.5
386.1863,0.5
386.2063,0.5
386.2263,0.5
386.2463,0.5
386.2663,0.5
386.2863,0.5
386.3062,0.5
386.3262,0.5
386.3462,0.5
386.3662,0.5
386.3862,0.5
386.4062,0.5
386.4262,0.5
386.4462,0.5
386.4662,0.5
386.4861,0.5
386.5061,0.5
386.5261,0.5
386.5461,0.5
386.5661,0.5
386.5861,0.5
386.6061,0.5
386.6261,0.5
386.6461,0.5
386.666,0.5
386.686,0.5
386.706,0.5
386.726,0.5
386.746,0.5
386.766,0.5
386.786,0.5
386.806,0.5
386.826,0.5
386.8459,0.5
386.8659,0.5
386.8859,0.5
386.9059,0.5
386.9259,0.5
386.9459,0.5
386.9659,0.5
386.9859,0.5
387.0059,0.5
387.0258,0.5
387.0458,0.5
387.0658,0.5
387.0858,0.5
387.1058,0.5
387.1258,0.5
387.1458,0.5
387.1658,0.5
387.1858,0.5
387.2057,0.5
387.2257,0.5
387.2457,0.5
387.2657,0.5
387.2857,0.5
387.3057,0.5
387.3257,0.5
387.3457,0.5
387.3657,0.5
387.3857,0.5
387.4056,0.5
387.4256,0.5
387.4456,0.5
387.4656,0.5
387.4856,0.5
387.5056,0.5
387.5256,0.5
387.5456,0.5
387.5656,0.5
387.5855,0.5
387.6055,0.5
387.6255,0.5
387.6455,0.5
387.6655,0.5
387.6855,0.5
387.7055,0.5
387.7255,0.5
387.7455,0.5
387.7654,0.5
387.7854,0.5
387.8054,0.5
387.8254,0.5
387.8454,0.5
387.8654,0.5
387.8854,0.5
387.9054,0.5
387.9254,0.5
387.9453,0.5
387.9653,0.5
387.9853,0.5
388.0053,0.5
388.0253,0.5
388.0453,0.5
388.0653,0.5
388.0853,0.5
388.1053,0.5
388.1252,0.5
388.1452,0.5
388.1652,0.5
388.1852,0.5
388.2052,0.5
388.2252,0.5
388.2452,0.5
388.2652,0.5
388.2852,0.5
388.3051,0.5
388.3251,0.5
388.3451,0.5
388.3651,0.5
388.3851,0.5
388.4051,0.5
388.4251,0.5
388.4451,0.5
388.4651,0.5
388.485,0.5
388.505,0.5
388.525,0.5
388.545,0.5
388.565,0.5
388.585,0.5
388.605,0.5
388.625,0.5
388.645,0.5
388.6649,0.5
388.6849,0.5
388.7049,0.5
388.7249,0.5
388.7449,0.5
388.7649,0.5
388.7849,0.5
388.8049,0.5
388.8249,0.5
388.8448,0.5
388.8648,0.5
388.8848,0.5
388.9048,0.5
388.9248,0.5
388.9448,0.5
388.9648,0.5
388.9848,0.5
389.0048,0.5
389.0247,0.5
389.0447,0.5
389.0647,0.5
389.0847,0.5
389.1047,0.5
389.1247,0.5
389.1447,0.5
389.1647,0.5
389.1847,0.5
389.2047,0.5
389.2246,0.5
389.2446,0.5
389.2646,0.5
389.2846,0.5
389.3046,0.5
389.3246,0.5
389.3446,0.5
389.3646,0.5
389.3846,0.5
389.4045,0.5
389.4245,0.5
389.4445,0.5
389.4645,0.5
389.4845,0.5
389.5045,0.5
389.5245,0.5
389.5445,0.5
389.5645,0.5
389.5844,0.5
389.6044,0.5
389.6244,0.5
389.6444,0.5
389.6644,0.5
389.6844,0.5
389.7044,0.5
389.7244,0.5
389.7444,0.5
389.7643,0.5
389.7843,0.5
389.8043,0.5
389.8243,0.5
389.8443,0.5
389.8643,0.5
389.8843,0.5
389.9043,0.5
389.9243,0.5
389.9442,0.5
389.9642,0.5
389.9842,0.5
390.0042,0.5
390.0242,0.5
390.0442,0.5
390.0642,0.5
390.0842,0.5
390.1042,0.5
390.1241,0.5
390.1441,0.5
390.1641,0.5
390.1841,0.5
390.2041,0.5
390.2241,0.5
390.2441,0.5
390.2641,0.5
390.2841,0.5
390.304,0.5
390.324,0.5
390.344,0.5
390.364,0.5
390.384,0.5
390.404,0.5
390.424,0.5
390.444,0.5
390.464,0.5
390.4839,0.5
390.5039,0.5
390.5239,0.5
390.5439,0.5
390.5639,0.5
390.5839,0.5
390.6039,0.5
390.6239,0.5
390.6439,0.5
390.6638,0.5
390.6838,0.5
390.7038,0.5
390.7238,0.5
390.7438,0.5
390.7638,0.5
390.7838,0.5
390.8038,0.5
390.8238,0.5
390.8438,0.5
390.8637,0.5
390.8837,0.5
390.9037,0.5
390.9237,0.5
390.9437,0.5
390.9637,0.5
390.9837,0.5
391.0037,0.5
391.0237,0.5
391.0436,0.5
391.0636,0.5
391.0836,0.5
391.1036,0.5
391.1236,0.5
391.1436,0.5
391.1636,0.5
391.1836,0.5
391.2036,0.5
391.2235,0.5
391.2435,0.5
391.2635,0.5
391.2835,0.5
391.3035,0.5
391.3235,0.5
391.3435,0.5
391.3635,0.5
391.3835,0.5
391.4034,0.5
391.4234,0.5
391.4434,0.5
391.4634,0.5
391.4834,0.5
391.5034,0.5
391.5234,0.5
391.5434,0.5
391.5634,0.5
391.5833,0.5
391.6033,0.5
391.6233,0.5
391.6433,0.5
391.6633,0.5
391.6833,0.5
391.7033,0.5
391.7233,0.5
391.7433,0.5
391.7632,0.5
391.7832,0.5
391.8032,0.5
391.8232,0.5
391.8432,0.5
391.8632,0.5
391.8832,0.5
391.9032,0.5
391.9232,0.5
391.9431,0.5
391.9631,0.5
391.9831,0.5
392.0031,0.5
392.0231,0.5
392.0431,0.5
392.0631,0.5
392.0831,0.5
392.1031,0.5
392.123,0.5
392.143,0.5
392.163,0.5
392.183,0.5
392.203,0.5
392.223,0.5
392.243,0.5
392.263,0.5
392.283,0.5
392.3029,0.5
392.3229,0.5
392.3429,0.5
392.3629,0.5
392.3829,0.5
392.4029,0.5
392.4229,0.5
392.4429,0.5
392.4629,0.5
392.4828,0.5
392.5028,0.5
392.5228,0.5
392.5428,0.5
392.5628,0.5
392.5828,0.5
392.6028,0.5
392.6228,0.5
392.6428,0.5
392.6628,0.5
392.6827,0.5
392.7027,0.5
392.7227,0.5
392.7427,0.5
392.7627,0.5
392.7827,0.5
392.8027,0.5
392.8227,0.5
392.8427,0.5
392.8626,0.5
392.8826,0.5
392.9026,0.5
392.9226,0.5
392.9426,0.5
392.9626,0.5
392.9826,0.5
393.0026,0.5
393.0226,0.5
393.0425,0.5
393.0625,0.5
393.0825,0.5
393.1025,0.5
393.1225,0.5
393.1425,0.5
393.1625,0.5
393.1825,0.5
393.2025,0.5
393.2224,0.5
393.2424,0.5
393.2624,0.5
393.2824,0.5
393.3024,0.5
393.3224,0.5
393.3424,0.5
393.3624,0.5
393.3824,0.5
393.4023,0.5
393.4223,0.5
393.4423,0.5
393.4623,0.5
393.4823,0.5
393.5023,0.5
393.5223,0.5
393.5423,0.5
393.5623,0.5
393.5822,0.5
393.6022,0.5
393.6222,0.5
393.6422,0.5
393.6622,0.5
393.6822,0.5
393.7022,0.5
393.7222,0.5
393.7422,0.5
393.7621,0.5
393.7821,0.5
393.8021,0.5
393.8221,0.5
393.8421,0.5
393.8621,0.5
393.8821,0.5
393.9021,0.5
393.9221,0.5
393.942,0.5
393.962,0.5
393.982,0.5
394.002,0.5
394.022,0.5
394.042,0.5
394.062,0.5
394.082,0.5
394.102,0.5
394.1219,0.5
394.1419,0.5
394.1619,0.5
394.1819,0.5
394.2019,0.5
394.2219,0.5
394.2419,0.5
394.2619,0.5
394.2819,0.5
394.3018,0.5
394.3218,0.5
394.3418,0.5
394.3618,0.5
394.3818,0.5
394.4018,0.5
394.4218,0.5
394.4418,0.5
394.4618,0.5
394.4818,0.5
394.5017,0.5
394.5217,0.5
394.5417,0.5
394.5617,0.5
394.5817,0.5
394.6017,0.5
394.6217,0.5
394.6417,0.5
394.6617,0.5
394.6816,0.5
394.7016,0.5
394.7216,0.5
394.7416,0.5
394.7616,0.5
394.7816,0.5
394.8016,0.5
394.8216,0.5
394.8416,0.5
394.8615,0.5
394.8815,0.5
394.9015,0.5
394.9215,0.5
394.9415,0.5
394.9615,0.5
394.9815,0.5
395.0015,0.5
395.0215,0.5
395.0414,0.5
395.0614,0.5
395.0814,0.5
395.1014,0.5
395.1214,0.5
395.1414,0.5
395.1614,0.5
395.1814,0.5
395.2014,0.5
395.2213,0.5
395.2413,0.5
395.2613,0.5
395.2813,0.5
395.3013,0.5
395.3213,0.5
395.3413,0.5
395.3613,0.5
395.3813,0.5
395.4012,0.5
395.4212,0.5
395.4412,0.5
395.4612,0.5
395.4812,0.5
395.5012,0.5
395.5212,0.5
395.5412,0.5
395.5612,0.5
395.5811,0.5
395.6011,0.5
395.6211,0.5
395.6411,0.5
395.6611,0.5
395.6811,0.5
395.7011,0.5
395.7211,0.5
395.7411,0.5
395.761,0.5
395.781,0.5
395.801,0.5
395.821,0.5
395.841,0.5
395.861,0.5
395.881,0.5
395.901,0.5
395.921,0.5
395.9409,0.5
395.9609,0.5
395.9809,0.5
396.0009,0.5
396.0209,0.5
396.0409,0.5
396.0609,0.5
396.0809,0.5
396.1009,0.5
396.1208,0.5
396.1408,0.5
396.1608,0.5
396.1808,0.5
396.2008,0.5
396.2208,0.5
396.2408,0.5
396.2608,0.5
396.2808,0.5
396.3008,0.5
396.3207,0.5
396.3407,0.5
396.3607,0.5
396.3807,0.5
396.4007,0.5
396.4207,0.5
396.4407,0.5
396.4607,0.5
396.4807,0.5
396.5006,0.5
396.5206,0.5
396.5406,0.5
396.5606,0.5
396.5806,0.5
396.6006,0.5
396.6206,0.5
396.6406,0.5
396.6606,0.5
396.6805,0.5
396.7005,0.5
396.7205,0.5
396.7405,0.5
396.7605,0.5
396.7805,0.5
396.8005,0.5
396.8205,0.5
396.8405,0.5
396.8604,0.5
396.8804,0.5
396.9004,0.5
396.9204,0.5
396.9404,0.5
396.9604,0.5
396.9804,0.5
397.0004,0.5
397.0204,0.5
397.0403,0.5
397.0603,0.5
397.0803,0.5
397.1003,0.5
397.1203,0.5
397.1403,0.5
397.1603,0.5
397.1803,0.5
397.2003,0.5
397.2202,0.5
397.2402,0.5
397.2602,0.5
397.2802,0.5
397.3002,0.5
397.3202,0.5
397.3402,0.5
397.3602,0.5
397.3802,0.5
397.4001,0.5
397.4201,0.5
397.4401,0.5
397.4601,0.5
397.4801,0.5
397.5001,0.5
397.5201,0.5
397.5401,0.5
397.5601,0.5
397.58,0.5
397.6,0.5
397.62,0.5
397.64,0.5
397.66,0.5
397.68,0.5
397.7,0.5
397.72,0.5
397.74,0.5
397.7599,0.5
397.7799,0.5
397.7999,0.5
397.8199,0.5
397.8399,0.5
397.8599,0.5
397.8799,0.5
397.8999,0.5
397.9199,0.5
397.9398,0.5
397.9598,0.5
397.9798,0.5
397.9998,0.5
398.0198,0.5
398.0398,0.5
398.0598,0.5
398.0798,0.5
398.0998,0.5
398.1198,0.5
398.1397,0.5
398.1597,0.5
398.1797,0.5
398.1997,0.5
398.2197,0.5
398.2397,0.5
398.2597,0.5
398.2797,0.5
398.2997,0.5
398.3196,0.5
398.3396,0.5
398.3596,0.5
398.3796,0.5
398.3996,0.5
398.4196,0.5
398.4396,0.5
398.4596,0.5
398.4796,0.5
398.4995,0.5
398.5195,0.5
398.5395,0.5
398.5595,0.5
398.5795,0.5
398.5995,0.5
398.6195,0.5
398.6395,0.5
398.6595,0.5
398.6794,0.5
398.6994,0.5
398.7194,0.5
398.7394,0.5
398.7594,0.5
398.7794,0.5
398.7994,0.5
398.8194,0.5
398.8394,0.5
398.8593,0.5
398.8793,0.5
398.8993,0.5
398.9193,0.5
398.9393,0.5
398.9593,0.5
398.9793,0.5
398.9993,0.5
399.0193,0.5
399.0392,0.5
399.0592,0.5
399.0792,0.5
399.0992,0.5
399.1192,0.5
399.1392,0.5
399.1592,0.5
399.1792,0.5
399.1992,0.5
399.2191,0.5
399.2391,0.5
399.2591,0.5
399.2791,0.5
399.2991,0.5
399.3191,0.5
399.3391,0.5
399.3591,0.5
399.3791,0.5
399.399,0.5
399.419,0.5
399.439,0.5
399.459,0.5
399.479,0.5
399.499,0.5
399.519,0.5
399.539,0.5
399.559,0.5
399.5789,0.5
399.5989,0.5
399.6189,0.5
399.6389,0.5
399.6589,0.5
399.6789,0.5
399.6989,0.5
399.7189,0.5
399.7389,0.5
399.7589,0.5
399.7788,0.5
399.7988,0.5
399.8188,0.5
399.8388,0.5
399.8588,0.5
399.8788,0.5
399.8988,0.5
399.9188,0.5
399.9388,0.5
399.9587,0.5
399.9787,0.5
399.9987,0.5
400.0187,0.5
400.0387,0.5
400.0587,0.5
400.0787,0.5
400.0987,0.5
400.1187,0.5
400.1386,0.5
400.1586,0.5
400.1786,0.5
400.1986,0.5
400.2186,0.5
400.2386,0.5
400.2586,0.5
400.2786,0.5
400.2986,0.5
400.3185,0.5
400.3385,0.5
400.3585,0.5
400.3785,0.5
400.3985,0.5
400.4185,0.5
400.4385,0.5
400.4585,0.5
400.4785,0.5
400.4984,0.5
400.5184,0.5
400.5384,0.5
400.5584,0.5
400.5784,0.5
400.5984,0.5
400.6184,0.5
400.6384,0.5
400.6584,0.5
400.6783,0.5
400.6983,0.5
400.7183,0.5
400.7383,0.5
400.7583,0.5
400.7783,0.5
400.7983,0.5
400.8183,0.5
400.8383,0.5
400.8582,0.5
400.8782,0.5
400.8982,0.5
400.9182,0.5
400.9382,0.5
400.9582,0.5
400.9782,0.5
400.9982,0.5
401.0182,0.5
401.0381,0.5
401.0581,0.5
401.0781,0.5
401.0981,0.5
401.1181,0.5
401.1381,0.5
401.1581,0.5
401.1781,0.5
401.1981,0.5
401.218,0.5
401.238,0.5
401.258,0.5
401.278,0.5
401.298,0.5
401.318,0.5
401.338,0.5
401.358,0.5
401.378,0.5
401.3979,0.5
401.4179,0.5
401.4379,0.5
401.4579,0.5
401.4779,0.5
401.4979,0.5
401.5179,0.5
401.5379,0.5
401.5579,0.5
401.5779,0.5
401.5978,0.5
401.6178,0.5
401.6378,0.5
401.6578,0.5
401.6778,0.5
401.6978,0.5
401.7178,0.5
401.7378,0.5
401.7578,0.5
401.7777,0.5
401.7977,0.5
401.8177,0.5
401.8377,0.5
401.8577,0.5
401.8777,0.5
401.8977,0.5
401.9177,0.5
401.9377,0.5
401.9576,0.5
401.9776,0.5
401.9976,0.5
402.0176,0.5
402.0376,0.5
402.0576,0.5
402.0776,0.5
402.0976,0.5
402.1176,0.5
402.1375,0.5
402.1575,0.5
402.1775,0.5
402.1975,0.5
402.2175,0.5
402.2375,0.5
402.2575,0.5
402.2775,0.5
402.2975,0.5
402.3174,0.5
402.3374,0.5
402.3574,0.5
402.3774,0.5
402.3974,0.5
402.4174,0.5
402.4374,0.5
402.4574,0.5
402.4774,0.5
402.4973,0.5
402.5173,0.5
402.5373,0.5
402.5573,0.5
402.5773,0.5
402.5973,0.5
402.6173,0.5
402.6373,0.5
402.6573,0.5
402.6772,0.5
402.6972,0.5
402.7172,0.5
402.7372,0.5
402.7572,0.5
402.7772,0.5
402.7972,0.5
402.8172,0.5
402.8372,0.5
402.8571,0.5
402.8771,0.5
402.8971,0.5
402.9171,0.5
402.9371,0.5
402.9571,0.5
402.9771,0.5
402.9971,0.5
403.0171,0.5
403.037,0.5
403.057,0.5
403.077,0.5
403.097,0.5
403.117,0.5
403.137,0.5
403.157,0.5
403.177,0.5
403.197,0.5
403.2169,0.5
403.2369,0.5
403.2569,0.5
403.2769,0.5
403.2969,0.5
403.3169,0.5
403.3369,0.5
403.3569,0.5
403.3769,0.5
403.3969,0.5
403.4168,0.5
403.4368,0.5
403.4568,0.5
403.4768,0.5
403.4968,0.5
403.5168,0.5
403.5368,0.5
403.5568,0.5
403.5768,0.5
403.5967,0.5
403.6167,0.5
403.6367,0.5
403.6567,0.5
403.6767,0.5
403.6967,0.5
403.7167,0.5
403.7367,0.5
403.7567,0.5
403.7766,0.5
403.7966,0.5
403.8166,0.5
403.8366,0.5
403.8566,0.5
403.8766,0.5
403.8966,0.5
403.9166,0.5
403.9366,0.5
403.9565,0.5
403.9765,0.5
403.9965,0.5
404.0165,0.5
404.0365,0.5
404.0565,0.5
404.0765,0.5
404.0965,0.5
404.1165,0.5
404.1364,0.5
404.1564,0.5
404.1764,0.5
404.1964,0.5
404.2164,0.5
404.2364,0.5
404.2564,0.5
404.2764,0.5
404.2964,0.5
404.3163,0.5
404.3363,0.5
404.3563,0.5
404.3763,0.5
404.3963,0.5
404.4163,0.5
404.4363,0.5
404.4563,0.5
404.4763,0.5
404.4962,0.5
404.5162,0.5
404.5362,0.5
404.5562,0.5
404.5762,0.5
404.5962,0.5
404.6162,0.5
404.6362,0.5
404.6562,0.5
404.6761,0.5
404.6961,0.5
404.7161,0.5
404.7361,0.5
404.7561,0.5
404.7761,0.5
404.7961,0.5
404.8161,0.5
404.8361,0.5
404.856,0.5
404.876,0.5
404.896,0.5
404.916,0.5
404.936,0.5
404.956,0.5
404.976,0.5
404.996,0.5
405.016,0.5
405.0359,0.5
405.0559,0.5
405.0759,0.5
405.0959,0.5
405.1159,0.5
405.1359,0.5
405.1559,0.5
405.1759,0.5
405.1959,0.5
405.2159,0.5
405.2358,0.5
405.2558,0.5
405.2758,0.5
405.2958,0.5
405.3158,0.5
405.3358,0.5
405.3558,0.5
405.3758,0.5
405.3958,0.5
405.4157,0.5
405.4357,0.5
405.4557,0.5
405.4757,0.5
405.4957,0.5
405.5157,0.5
405.5357,0.5
405.5557,0.5
405.5757,0.5
405.5956,0.5
405.6156,0.5
405.6356,0.5
405.6556,0.5
405.6756,0.5
405.6956,0.5
405.7156,0.5
405.7356,0.5
405.7556,0.5
405.7755,0.5
405.7955,0.5
405.8155,0.5
405.8355,0.5
405.8555,0.5
405.8755,0.5
405.8955,0.5
405.9155,0.5
405.9355,0.5
405.9554,0.5
405.9754,0.5
405.9954,0.5
406.0154,0.5
406.0354,0.5
406.0554,0.5
406.0754,0.5
406.0954,0.5
406.1154,0.5
406.1353,0.5
406.1553,0.5
406.1753,0.5
406.1953,0.5
406.2153,0.5
406.2353,0.5
406.2553,0.5
406.2753,0.5
406.2953,0.5
406.3152,0.5
406.3352,0.5
406.3552,0.5
406.3752,0.5
406.3952,0.5
406.4152,0.5
406.4352,0.5
406.4552,0.5
406.4752,0.5
406.4951,0.5
406.5151,0.5
406.5351,0.5
406.5551,0.5
406.5751,0.5
406.5951,0.5
406.6151,0.5
406.6351,0.5
406.6551,0.5
406.675,0.5
406.695,0.5
406.715,0.5
406.735,0.5
406.755,0.5
406.775,0.5
406.795,0.5
406.815,0.5
406.835,0.5
406.8549,0.5
406.8749,0.5
406.8949,0.5
406.9149,0.5
406.9349,0.5
406.9549,0.5
406.9749,0.5
406.9949,0.5
407.0149,0.5
407.0349,0.5
407.0548,0.5
407.0748,0.5
407.0948,0.5
407.1148,0.5
407.1348,0.5
407.1548,0.5
407.1748,0.5
407.1948,0.5
407.2148,0.5
407.2347,0.5
407.2547,0.5
407.2747,0.5
407.2947,0.5
407.3147,0.5
407.3347,0.5
407.3547,0.5
407.3747,0.5
407.3947,0.5
407.4146,0.5
407.4346,0.5
407.4546,0.5
407.4746,0.5
407.4946,0.5
407.5146,0.5
407.5346,0.5
407.5546,0.5
407.5746,0.5
407.5945,0.5
407.6145,0.5
407.6345,0.5
407.6545,0.5
407.6745,0.5
407.6945,0.5
407.7145,0.5
407.7345,0.5
407.7545,0.5
407.7744,0.5
407.7944,0.5
407.8144,0.5
407.8344,0.5
407.8544,0.5
407.8744,0.5
407.8944,0.5
407.9144,0.5
407.9344,0.5
407.9543,0.5
407.9743,0.5
407.9943,0.5
408.0143,0.5
408.0343,0.5
408.0543,0.5
408.0743,0.5
408.0943,0.5
408.1143,0.5
408.1342,0.5
408.1542,0.5
408.1742,0.5
408.1942,0.5
408.2142,0.5
408.2342,0.5
408.2542,0.5
408.2742,0.5
408.2942,0.5
408.3141,0.5
408.3341,0.5
408.3541,0.5
408.3741,0.5
408.3941,0.5
408.4141,0.5
408.4341,0.5
408.4541,0.5
408.4741,0.5
408.494,0.5
408.514,0.5
408.534,0.5
408.554,0.5
408.574,0.5
408.594,0.5
408.614,0.5
408.634,0.5
408.654,0.5
408.674,0.5
408.6939,0.5
408.7139,0.5
408.7339,0.5
408.7539,0.5
408.7739,0.5
408.7939,0.5
408.8139,0.5
408.8339,0.5
408.8539,0.5
408.8738,0.5
408.8938,0.5
408.9138,0.5
408.9338,0.5
408.9538,0.5
408.9738,0.5
408.9938,0.5
409.0138,0.5
409.0338,0.5
409.0537,0.5
409.0737,0.5
409.0937,0.5
409.1137,0.5
409.1337,0.5
409.1537,0.5
409.1737,0.5
409.1937,0.5
409.2137,0.5
409.2336,0.5
409.2536,0.5
409.2736,0.5
409.2936,0.5
409.3136,0.5
409.3336,0.5
409.3536,0.5
409.3736,0.5
409.3936,0.5
409.4135,0.5
409.4335,0.5
409.4535,0.5
409.4735,0.5
409.4935,0.5
409.5135,0.5
409.5335,0.5
409.5535,0.5
409.5735,0.5
409.5934,0.5
409.6134,0.5
409.6334,0.5
409.6534,0.5
409.6734,0.5
409.6934,0.5
409.7134,0.5
409.7334,0.5
409.7534,0.5
409.7733,0.5
409.7933,0.5
409.8133,0.5
409.8333,0.5
409.8533,0.5
409.8733,0.5
409.8933,0.5
409.9133,0.5
409.9333,0.5
409.9532,0.5
409.9732,0.5
409.9932,0.5
410.0132,0.5
410.0332,0.5
410.0532,0.5
410.0732,0.5
410.0932,0.5
410.1132,0.5
410.1331,0.5
410.1531,0.5
410.1731,0.5
410.1931,0.5
410.2131,0.5
410.2331,0.5
410.2531,0.5
410.2731,0.5
410.2931,0.5
410.313,0.5
410.333,0.5
410.353,0.5
410.373,0.5
410.393,0.5
410.413,0.5
410.433,0.5
410.453,0.5
410.473,0.5
410.493,0.5
410.5129,0.5
410.5329,0.5
410.5529,0.5
410.5729,0.5
410.5929,0.5
410.6129,0.5
410.6329,0.5
410.6529,0.5
410.6729,0.5
410.6928,0.5
410.7128,0.5
410.7328,0.5
410.7528,0.5
410.7728,0.5
410.7928,0.5
410.8128,0.5
410.8328,0.5
410.8528,0.5
410.8727,0.5
410.8927,0.5
410.9127,0.5
410.9327,0.5
410.9527,0.5
410.9727,0.5
410.9927,0.5
411.0127,0.5
411.0327,0.5
411.0526,0.5
411.0726,0.5
411.0926,0.5
411.1126,0.5
411.1326,0.5
411.1526,0.5
411.1726,0.5
411.1926,0.5
411.2126,0.5
411.2325,0.5
411.2525,0.5
411.2725,0.5
411.2925,0.5
411.3125,0.5
411.3325,0.5
411.3525,0.5
411.3725,0.5
411.3925,0.5
411.4124,0.5
411.4324,0.5
411.4524,0.5
411.4724,0.5
411.4924,0.5
411.5124,0.5
411.5324,0.5
411.5524,0.5
411.5724,0.5
411.5923,0.5
411.6123,0.5
411.6323,0.5
411.6523,0.5
411.6723,0.5
411.6923,0.5
411.7123,0.5
411.7323,0.5
411.7523,0.5
411.7722,0.5
411.7922,0.5
411.8122,0.5
411.8322,0.5
411.8522,0.5
411.8722,0.5
411.8922,0.5
411.9122,0.5
411.9322,0.5
411.9521,0.5
411.9721,0.5
411.9921,0.5
412.0121,0.5
412.0321,0.5
412.0521,0.5
412.0721,0.5
412.0921,0.5
412.1121,0.5
412.132,0.5
412.152,0.5
412.172,0.5
412.192,0.5
412.212,0.5
412.232,0.5
412.252,0.5
412.272,0.5
412.292,0.5
412.312,0.5
412.3319,0.5
412.3519,0.5
412.3719,0.5
412.3919,0.5
412.4119,0.5
412.4319,0.5
412.4519,0.5
412.4719,0.5
412.4919,0.5
412.5118,0.5
412.5318,0.5
412.5518,0.5
412.5718,0.5
412.5918,0.5
412.6118,0.5
412.6318,0.5
412.6518,0.5
412.6718,0.5
412.6917,0.5
412.7117,0.5
412.7317,0.5
412.7517,0.5
412.7717,0.5
412.7917,0.5
412.8117,0.5
412.8317,0.5
412.8517,0.5
412.8716,0.5
412.8916,0.5
412.9116,0.5
412.9316,0.5
412.9516,0.5
412.9716,0.5
412.9916,0.5
413.0116,0.5
413.0316,0.5
413.0515,0.5
413.0715,0.5
413.0915,0.5
413.1115,0.5
413.1315,0.5
413.1515,0.5
413.1715,0.5
413.1915,0.5
413.2115,0.5
413.2314,0.5
413.2514,0.5
413.2714,0.5
413.2914,0.5
413.3114,0.5
413.3314,0.5
413.3514,0.5
413.3714,0.5
413.3914,0.5
413.4113,0.5
413.4313,0.5
413.4513,0.5
413.4713,0.5
413.4913,0.5
413.5113,0.5
413.5313,0.5
413.5513,0.5
413.5713,0.5
413.5912,0.5
413.6112,0.5
413.6312,0.5
413.6512,0.5
413.6712,0.5
413.6912,0.5
413.7112,0.5
413.7312,0.5
413.7512,0.5
413.7711,0.5
413.7911,0.5
413.8111,0.5
413.8311,0.5
413.8511,0.5
413.8711,0.5
413.8911,0.5
413.9111,0.5
413.9311,0.5
413.951,0.5
413.971,0.5
413.991,0.5
414.011,0.5
414.031,0.5
414.051,0.5
414.071,0.5
414.091,0.5
414.111,0.5
414.131,0.5
414.1509,0.5
414.1709,0.5
414.1909,0.5
414.2109,0.5
414.2309,0.5
414.2509,0.5
414.2709,0.5
414.2909,0.5
414.3109,0.5
414.3308,0.5
414.3508,0.5
414.3708,0.5
414.3908,0.5
414.4108,0.5
414.4308,0.5
414.4508,0.5
414.4708,0.5
414.4908,0.5
414.5107,0.5
414.5307,0.5
414.5507,0.5
414.5707,0.5
414.5907,0.5
414.6107,0.5
414.6307,0.5
414.6507,0.5
414.6707,0.5
414.6906,0.5
414.7106,0.5
414.7306,0.5
414.7506,0.5
414.7706,0.5
414.7906,0.5
414.8106,0.5
414.8306,0.5
414.8506,0.5
414.8705,0.5
414.8905,0.5
414.9105,0.5
414.9305,0.5
414.9505,0.5
414.9705,0.5
414.9905,0.5
415.0105,0.5
415.0305,0.5
415.0504,0.5
415.0704,0.5
415.0904,0.5
415.1104,0.5
415.1304,0.5
415.1504,0.5
415.1704,0.5
415.1904,0.5
415.2104,0.5
415.2303,0.5
415.2503,0.5
415.2703,0.5
415.2903,0.5
415.3103,0.5
415.3303,0.5
415.3503,0.5
415.3703,0.5
415.3903,0.5
415.4102,0.5
415.4302,0.5
415.4502,0.5
415.4702,0.5
415.4902,0.5
415.5102,0.5
415.5302,0.5
415.5502,0.5
415.5702,0.5
415.5901,0.5
415.6101,0.5
415.6301,0.5
415.6501,0.5
415.6701,0.5
415.6901,0.5
415.7101,0.5
415.7301,0.5
415.7501,0.5
415.7701,0.5
415.79,0.5
415.81,0.5
415.83,0.5
415.85,0.5
415.87,0.5
415.89,0.5
415.91,0.5
415.93,0.5
415.95,0.5
415.9699,0.5
415.9899,0.5
416.0099,0.5
416.0299,0.5
416.0499,0.5
416.0699,0.5
416.0899,0.5
416.1099,0.5
416.1299,0.5
416.1498,0.5
416.1698,0.5
416.1898,0.5
416.2098,0.5
416.2298,0.5
416.2498,0.5
416.2698,0.5
416.2898,0.5
416.3098,0.5
416.3297,0.5
416.3497,0.5
416.3697,0.5
416.3897,0.5
416.4097,0.5
416.4297,0.5
416.4497,0.5
416.4697,0.5
416.4897,0.5
416.5096,0.5
416.5296,0.5
416.5496,0.5
416.5696,0.5
416.5896,0.5
416.6096,0.5
416.6296,0.5
416.6496,0.5
416.6696,0.5
416.6895,0.5
416.7095,0.5
416.7295,0.5
416.7495,0.5
416.7695,0.5
416.7895,0.5
416.8095,0.5
416.8295,0.5
416.8495,0.5
416.8694,0.5
416.8894,0.5
416.9094,0.5
416.9294,0.5
416.9494,0.5
416.9694,0.5
416.9894,0.5
417.0094,0.5
417.0294,0.5
417.0493,0.5
417.0693,0.5
417.0893,0.5
417.1093,0.5
417.1293,0.5
417.1493,0.5
417.1693,0.5
417.1893,0.5
417.2093,0.5
417.2292,0.5
417.2492,0.5
417.2692,0.5
417.2892,0.5
417.3092,0.5
417.3292,0.5
417.3492,0.5
417.3692,0.5
417.3892,0.5
417.4091,0.5
417.4291,0.5
417.4491,0.5
417.4691,0.5
417.4891,0.5
417.5091,0.5
417.5291,0.5
417.5491,0.5
417.5691,0.5
417.5891,0.5
417.609,0.5
417.629,0.5
417.649,0.5
417.669,0.5
417.689,0.5
417.709,0.5
417.729,0.5
417.749,0.5
417.769,0.5
417.7889,0.5
417.8089,0.5
417.8289,0.5
417.8489,0.5
417.8689,0.5
417.8889,0.5
417.9089,0.5
417.9289,0.5
417.9489,0.5
417.9688,0.5
417.9888,0.5
418.0088,0.5
418.0288,0.5
418.0488,0.5
418.0688,0.5
418.0888,0.5
418.1088,0.5
418.1288,0.5
418.1487,0.5
418.1687,0.5
418.1887,0.5
418.2087,0.5
418.2287,0.5
418.2487,0.5
418.2687,0.5
418.2887,0.5
418.3087,0.5
418.3286,0.5
418.3486,0.5
418.3686,0.5
418.3886,0.5
418.4086,0.5
418.4286,0.5
418.4486,0.5
418.4686,0.5
418.4886,0.5
418.5085,0.5
418.5285,0.5
418.5485,0.5
418.5685,0.5
418.5885,0.5
418.6085,0.5
418.6285,0.5
418.6485,0.5
418.6685,0.5
418.6884,0.5
418.7084,0.5
418.7284,0.5
418.7484,0.5
418.7684,0.5
418.7884,0.5
418.8084,0.5
418.8284,0.5
418.8484,0.5
418.8683,0.5
418.8883,0.5
418.9083,0.5
418.9283,0.5
418.9483,0.5
418.9683,0.5
418.9883,0.5
419.0083,0.5
419.0283,0.5
419.0482,0.5
419.0682,0.5
419.0882,0.5
419.1082,0.5
419.1282,0.5
419.1482,0.5
419.1682,0.5
419.1882,0.5
419.2082,0.5
419.2281,0.5
419.2481,0.5
419.2681,0.5
419.2881,0.5
419.3081,0.5
419.3281,0.5
419.3481,0.5
419.3681,0.5
419.3881,0.5
419.4081,0.5
419.428,0.5
419.448,0.5
419.468,0.5
419.488,0.5
419.508,0.5
419.528,0.5
419.548,0.5
419.568,0.5
419.588,0.5
419.6079,0.5
419.6279,0.5
419.6479,0.5
419.6679,0.5
419.6879,0.5
419.7079,0.5
419.7279,0.5
419.7479,0.5
419.7679,0.5
419.7878,0.5
419.8078,0.5
419.8278,0.5
419.8478,0.5
419.8678,0.5
419.8878,0.5
419.9078,0.5
419.9278,0.5
419.9478,0.5
419.9677,0.5
419.9877,0.5
420.0077,0.5
420.0277,0.5
420.0477,0.5
420.0677,0.5
420.0877,0.5
420.1077,0.5
420.1277,0.5
420.1476,0.5
420.1676,0.5
420.1876,0.5
420.2076,0.5
420.2276,0.5
420.2476,0.5
420.2676,0.5
420.2876,0.5
420.3076,0.5
420.3275,0.5
420.3475,0.5
420.3675,0.5
420.3875,0.5
420.4075,0.5
420.4275,0.5
420.4475,0.5
420.4675,0.5
420.4875,0.5
420.5074,0.5
420.5274,0.5
420.5474,0.5
420.5674,0.5
420.5874,0.5
420.6074,0.5
420.6274,0.5
420.6474,0.5
420.6674,0.5
420.6873,0.5
420.7073,0.5
420.7273,0.5
420.7473,0.5
420.7673,0.5
420.7873,0.5
420.8073,0.5
420.8273,0.5
420.8473,0.5
420.8672,0.5
420.8872,0.5
420.9072,0.5
420.9272,0.5
420.9472,0.5
420.9672,0.5
420.9872,0.5
421.0072,0.5
421.0272,0.5
421.0471,0.5
421.0671,0.5
421.0871,0.5
421.1071,0.5
421.1271,0.5
421.1471,0.5
421.1671,0.5
421.1871,0.5
421.2071,0.5
421.2271,0.5
421.247,0.5
421.267,0.5
421.287,0.5
421.307,0.5
421.327,0.5
421.347,0.5
421.367,0.5
421.387,0.5
421.407,0.5
421.4269,0.5
421.4469,0.5
421.4669,0.5
421.4869,0.5
421.5069,0.5
421.5269,0.5
421.5469,0.5
421.5669,0.5
421.5869,0.5
421.6068,0.5
421.6268,0.5
421.6468,0.5
421.6668,0.5
421.6868,0.5
421.7068,0.5
421.7268,0.5
421.7468,0.5
421.7668,0.5
421.7867,0.5
421.8067,0.5
421.8267,0.5
421.8467,0.5
421.8667,0.5
421.8867,0.5
421.9067,0.5
421.9267,0.5
421.9467,0.5
421.9666,0.5
421.9866,0.5
422.0066,0.5
422.0266,0.5
422.0466,0.5
422.0666,0.5
422.0866,0.5
422.1066,0.5
422.1266,0.5
422.1465,0.5
422.1665,0.5
422.1865,0.5
422.2065,0.5
422.2265,0.5
422.2465,0.5
422.2665,0.5
422.2865,0.5
422.3065,0.5
422.3264,0.5
422.3464,0.5
422.3664,0.5
422.3864,0.5
422.4064,0.5
422.4264,0.5
422.4464,0.5
422.4664,0.5
422.4864,0.5
422.5063,0.5
422.5263,0.5
422.5463,0.5
422.5663,0.5
422.5863,0.5
422.6063,0.5
422.6263,0.5
422.6463,0.5
422.6663,0.5
422.6862,0.5
422.7062,0.5
422.7262,0.5
422.7462,0.5
422.7662,0.5
422.7862,0.5
422.8062,0.5
422.8262,0.5
422.8462,0.5
422.8661,0.5
422.8861,0.5
422.9061,0.5
422.9261,0.5
422.9461,0.5
422.9661,0.5
422.9861,0.5
423.0061,0.5
423.0261,0.5
423.0461,0.5
423.066,0.5
423.086,0.5
423.106,0.5
423.126,0.5
423.146,0.5
423.166,0.5
423.186,0.5
423.206,0.5
423.226,0.5
423.2459,0.5
423.2659,0.5
423.2859,0.5
423.3059,0.5
423.3259,0.5
423.3459,0.5
423.3659,0.5
423.3859,0.5
423.4059,0.5
423.4258,0.5
423.4458,0.5
423.4658,0.5
423.4858,0.5
423.5058,0.5
423.5258,0.5
423.5458,0.5
423.5658,0.5
423.5858,0.5
423.6057,0.5
423.6257,0.5
423.6457,0.5
423.6657,0.5
423.6857,0.5
423.7057,0.5
423.7257,0.5
423.7457,0.5
423.7657,0.5
423.7856,0.5
423.8056,0.5
423.8256,0.5
423.8456,0.5
423.8656,0.5
423.8856,0.5
423.9056,0.5
423.9256,0.5
423.9456,0.5
423.9655,0.5
423.9855,0.5
424.0055,0.5
424.0255,0.5
424.0455,0.5
424.0655,0.5
424.0855,0.5
424.1055,0.5
424.1255,0.5
424.1454,0.5
424.1654,0.5
424.1854,0.5
424.2054,0.5
424.2254,0.5
424.2454,0.5
424.2654,0.5
424.2854,0.5
424.3054,0.5
424.3253,0.5
424.3453,0.5
424.3653,0.5
424.3853,0.5
424.4053,0.5
424.4253,0.5
424.4453,0.5
424.4653,0.5
424.4853,0.5
424.5052,0.5
424.5252,0.5
424.5452,0.5
424.5652,0.5
424.5852,0.5
424.6052,0.5
424.6252,0.5
424.6452,0.5
424.6652,0.5
424.6852,0.5
424.7051,0.5
424.7251,0.5
424.7451,0.5
424.7651,0.5
424.7851,0.5
424.8051,0.5
424.8251,0.5
424.8451,0.5
424.8651,0.5
424.885,0.5
424.905,0.5
424.925,0.5
424.945,0.5
424.965,0.5
424.985,0.5
425.005,0.5
425.025,0.5
425.045,0.5
425.0649,0.5
425.0849,0.5
425.1049,0.5
425.1249,0.5
425.1449,0.5
425.1649,0.5
425.1849,0.5
425.2049,0.5
425.2249,0.5
425.2448,0.5
425.2648,0.5
425.2848,0.5
425.3048,0.5
425.3248,0.5
425.3448,0.5
425.3648,0.5
425.3848,0.5
425.4048,0.5
425.4247,0.5
425.4447,0.5
425.4647,0.5
425.4847,0.5
425.5047,0.5
425.5247,0.5
425.5447,0.5
425.5647,0.5
425.5847,0.5
425.6046,0.5
425.6246,0.5
425.6446,0.5
425.6646,0.5
425.6846,0.5
425.7046,0.5
425.7246,0.5
425.7446,0.5
425.7646,0.5
425.7845,0.5
425.8045,0.5
425.8245,0.5
425.8445,0.5
425.8645,0.5
425.8845,0.5
425.9045,0.5
425.9245,0.5
425.9445,0.5
425.9644,0.5
425.9844,0.5
426.0044,0.5
426.0244,0.5
426.0444,0.5
426.0644,0.5
426.0844,0.5
426.1044,0.5
426.1244,0.5
426.1443,0.5
426.1643,0.5
426.1843,0.5
426.2043,0.5
426.2243,0.5
426.2443,0.5
426.2643,0.5
426.2843,0.5
426.3043,0.5
426.3242,0.5
426.3442,0.5
426.3642,0.5
426.3842,0.5
426.4042,0.5
426.4242,0.5
426.4442,0.5
426.4642,0.5
426.4842,0.5
426.5042,0.5
426.5241,0.5
426.5441,0.5
426.5641,0.5
426.5841,0.5
426.6041,0.5
426.6241,0.5
426.6441,0.5
426.6641,0.5
426.6841,0.5
426.704,0.5
426.724,0.5
426.744,0.5
426.764,0.5
426.784,0.5
426.804,0.5
426.824,0.5
426.844,0.5
426.864,0.5
426.8839,0.5
426.9039,0.5
426.9239,0.5
426.9439,0.5
426.9639,0.5
426.9839,0.5
427.0039,0.5
427.0239,0.5
427.0439,0.5
427.0638,0.5
427.0838,0.5
427.1038,0.5
427.1238,0.5
427.1438,0.5
427.1638,0.5
427.1838,0.5
427.2038,0.5
427.2238,0.5
427.2437,0.5
427.2637,0.5
427.2837,0.5
427.3037,0.5
427.3237,0.5
427.3437,0.5
427.3637,0.5
427.3837,0.5
427.4037,0.5
427.4236,0.5
427.4436,0.5
427.4636,0.5
427.4836,0.5
427.5036,0.5
427.5236,0.5
427.5436,0.5
427.5636,0.5
427.5836,0.5
427.6035,0.5
427.6235,0.5
427.6435,0.5
427.6635,0.5
427.6835,0.5
427.7035,0.5
427.7235,0.5
427.7435,0.5
427.7635,0.5
427.7834,0.5
427.8034,0.5
427.8234,0.5
427.8434,0.5
427.8634,0.5
427.8834,0.5
427.9034,0.5
427.9234,0.5
427.9434,0.5
427.9633,0.5
427.9833,0.5
428.0033,0.5
428.0233,0.5
428.0433,0.5
428.0633,0.5
428.0833,0.5
428.1033,0.5
428.1233,0.5
428.1432,0.5
428.1632,0.5
428.1832,0.5
428.2032,0.5
428.2232,0.5
428.2432,0.5
428.2632,0.5
428.2832,0.5
428.3032,0.5
428.3232,0.5
428.3431,0.5
428.3631,0.5
428.3831,0.5
428.4031,0.5
428.4231,0.5
428.4431,0.5
428.4631,0.5
428.4831,0.5
428.5031,0.5
428.523,0.5
428.543,0.5
428.563,0.5
428.583,0.5
428.603,0.5
428.623,0.5
428.643,0.5
428.663,0.5
428.683,0.5
428.7029,0.5
428.7229,0.5
428.7429,0.5
428.7629,0.5
428.7829,0.5
428.8029,0.5
428.8229,0.5
428.8429,0.5
428.8629,0.5
428.8828,0.5
428.9028,0.5
428.9228,0.5
428.9428,0.5
428.9628,0.5
428.9828,0.5
429.0028,0.5
429.0228,0.5
429.0428,0.5
429.0627,0.5
429.0827,0.5
429.1027,0.5
429.1227,0.5
429.1427,0.5
429.1627,0.5
429.1827,0.5
429.2027,0.5
429.2227,0.5
429.2426,0.5
429.2626,0.5
429.2826,0.5
429.3026,0.5
429.3226,0.5
429.3426,0.5
429.3626,0.5
429.3826,0.5
429.4026,0.5
429.4225,0.5
429.4425,0.5
429.4625,0.5
429.4825,0.5
429.5025,0.5
429.5225,0.5
429.5425,0.5
429.5625,0.5
429.5825,0.5
429.6024,0.5
429.6224,0.5
429.6424,0.5
429.6624,0.5
429.6824,0.5
429.7024,0.5
429.7224,0.5
429.7424,0.5
429.7624,0.5
429.7823,0.5
429.8023,0.5
429.8223,0.5
429.8423,0.5
429.8623,0.5
429.8823,0.5
429.9023,0.5
429.9223,0.5
429.9423,0.5
429.9622,0.5
429.9822,0.5
430.0022,0.5
430.0222,0.5
430.0422,0.5
430.0622,0.5
430.0822,0.5
430.1022,0.5
430.1222,0.5
430.1422,0.5
430.1621,0.5
430.1821,0.5
430.2021,0.5
430.2221,0.5
430.2421,0.5
430.2621,0.5
430.2821,0.5
430.3021,0.5
430.3221,0.5
430.342,0.5
430.362,0.5
430.382,0.5
430.402,0.5
430.422,0.5
430.442,0.5
430.462,0.5
430.482,0.5
430.502,0.5
430.5219,0.5
430.5419,0.5
430.5619,0.5
430.5819,0.5
430.6019,0.5
430.6219,0.5
430.6419,0.5
430.6619,0.5
430.6819,0.5
430.7018,0.5
430.7218,0.5
430.7418,0.5
430.7618,0.5
430.7818,0.5
430.8018,0.5
430.8218,0.5
430.8418,0.5
430.8618,0.5
430.8817,0.5
430.9017,0.5
430.9217,0.5
430.9417,0.5
430.9617,0.5
430.9817,0.5
431.0017,0.5
431.0217,0.5
431.0417,0.5
431.0616,0.5
431.0816,0.5
431.1016,0.5
431.1216,0.5
431.1416,0.5
431.1616,0.5
431.1816,0.5
431.2016,0.5
431.2216,0.5
431.2415,0.5
431.2615,0.5
431.2815,0.5
431.3015,0.5
431.3215,0.5
431.3415,0.5
431.3615,0.5
431.3815,0.5
431.4015,0.5
431.4214,0.5
431.4414,0.5
431.4614,0.5
431.4814,0.5
431.5014,0.5
431.5214,0.5
431.5414,0.5
431.5614,0.5
431.5814,0.5
431.6013,0.5
431.6213,0.5
431.6413,0.5
431.6613,0.5
431.6813,0.5
431.7013,0.5
431.7213,0.5
431.7413,0.5
431.7613,0.5
431.7813,0.5
431.8012,0.5
431.8212,0.5
431.8412,0.5
431.8612,0.5
431.8812,0.5
431.9012,0.5
431.9212,0.5
431.9412,0.5
431.9612,0.5
431.9811,0.5
432.0011,0.5
432.0211,0.5
432.0411,0.5
432.0611,0.5
432.0811,0.5
432.1011,0.5
432.1211,0.5
432.1411,0.5
432.161,0.5
432.181,0.5
432.201,0.5
432.221,0.5
432.241,0.5
432.261,0.5
432.281,0.5
432.301,0.5
432.321,0.5
432.3409,0.5
432.3609,0.5
432.3809,0.5
432.4009,0.5
432.4209,0.5
432.4409,0.5
432.4609,0.5
432.4809,0.5
432.5009,0.5
432.5208,0.5
432.5408,0.5
432.5608,0.5
432.5808,0.5
432.6008,0.5
432.6208,0.5
432.6408,0.5
432.6608,0.5
432.6808,0.5
432.7007,0.5
432.7207,0.5
432.7407,0.5
432.7607,0.5
432.7807,0.5
432.8007,0.5
432.8207,0.5
432.8407,0.5
432.8607,0.5
432.8806,0.5
432.9006,0.5
432.9206,0.5
432.9406,0.5
432.9606,0.5
432.9806,0.5
433.0006,0.5
433.0206,0.5
433.0406,0.5
433.0605,0.5
433.0805,0.5
433.1005,0.5
433.1205,0.5
433.1405,0.5
433.1605,0.5
433.1805,0.5
433.2005,0.5
433.2205,0.5
433.2404,0.5
433.2604,0.5
433.2804,0.5
433.3004,0.5
433.3204,0.5
433.3404,0.5
433.3604,0.5
433.3804,0.5
433.4004,0.5
433.4203,0.5
433.4403,0.5
433.4603,0.5
433.4803,0.5
433.5003,0.5
433.5203,0.5
433.5403,0.5
433.5603,0.5
433.5803,0.5
433.6003,0.5
433.6202,0.5
433.6402,0.5
433.6602,0.5
433.6802,0.5
433.7002,0.5
433.7202,0.5
433.7402,0.5
433.7602,0.5
433.7802,0.5
433.8001,0.5
433.8201,0.5
433.8401,0.5
433.8601,0.5
433.8801,0.5
433.9001,0.5
433.9201,0.5
433.9401,0.5
433.9601,0.5
433.98,0.5
434,0.5
434.02,0.5
434.04,0.5
434.06,0.5
434.08,0.5
434.1,0.5
434.12,0.5
434.14,0.5
434.1599,0.5
434.1799,0.5
434.1999,0.5
434.2199,0.5
434.2399,0.5
434.2599,0.5
434.2799,0.5
434.2999,0.5
434.3199,0.5
434.3398,0.5
434.3598,0.5
434.3798,0.5
434.3998,0.5
434.4198,0.5
434.4398,0.5
434.4598,0.5
434.4798,0.5
434.4998,0.5
434.5197,0.5
434.5397,0.5
434.5597,0.5
434.5797,0.5
434.5997,0.5
434.6197,0.5
434.6397,0.5
434.6597,0.5
434.6797,0.5
434.6996,0.5
434.7196,0.5
434.7396,0.5
434.7596,0.5
434.7796,0.5
434.7996,0.5
434.8196,0.5
434.8396,0.5
434.8596,0.5
434.8795,0.5
434.8995,0.5
434.9195,0.5
434.9395,0.5
434.9595,0.5
434.9795,0.5
434.9995,0.5
435.0195,0.5
435.0395,0.5
435.0594,0.5
435.0794,0.5
435.0994,0.5
435.1194,0.5
435.1394,0.5
435.1594,0.5
435.1794,0.5
435.1994,0.5
435.2194,0.5
435.2393,0.5
435.2593,0.5
435.2793,0.5
435.2993,0.5
435.3193,0.5
435.3393,0.5
435.3593,0.5
435.3793,0.5
435.3993,0.5
435.4193,0.5
435.4392,0.5
435.4592,0.5
435.4792,0.5
435.4992,0.5
435.5192,0.5
435.5392,0.5
435.5592,0.5
435.5792,0.5
435.5992,0.5
435.6191,0.5
435.6391,0.5
435.6591,0.5
435.6791,0.5
435.6991,0.5
435.7191,0.5
435.7391,0.5
435.7591,0.5
435.7791,0.5
435.799,0.5
435.819,0.5
435.839,0.5
435.859,0.5
435.879,0.5
435.899,0.5
435.919,0.5
435.939,0.5
435.959,0.5
435.9789,0.5
435.9989,0.5
436.0189,0.5
436.0389,0.5
436.0589,0.5
436.0789,0.5
436.0989,0.5
436.1189,0.5
436.1389,0.5
436.1588,0.5
436.1788,0.5
436.1988,0.5
436.2188,0.5
436.2388,0.5
436.2588,0.5
436.2788,0.5
436.2988,0.5
436.3188,0.5
436.3387,0.5
436.3587,0.5
436.3787,0.5
436.3987,0.5
436.4187,0.5
436.4387,0.5
436.4587,0.5
436.4787,0.5
436.4987,0.5
436.5186,0.5
436.5386,0.5
436.5586,0.5
436.5786,0.5
436.5986,0.5
436.6186,0.5
436.6386,0.5
436.6586,0.5
436.6786,0.5
436.6985,0.5
436.7185,0.5
436.7385,0.5
436.7585,0.5
436.7785,0.5
436.7985,0.5
436.8185,0.5
436.8385,0.5
436.8585,0.5
436.8784,0.5
436.8984,0.5
436.9184,0.5
436.9384,0.5
436.9584,0.5
436.9784,0.5
436.9984,0.5
437.0184,0.5
437.0384,0.5
437.0583,0.5
437.0783,0.5
437.0983,0.5
437.1183,0.5
437.1383,0.5
437.1583,0.5
437.1783,0.5
437.1983,0.5
437.2183,0.5
437.2383,0.5
437.2582,0.5
437.2782,0.5
437.2982,0.5
437.3182,0.5
437.3382,0.5
437.3582,0.5
437.3782,0.5
437.3982,0.5
437.4182,0.5
437.4381,0.5
437.4581,0.5
437.4781,0.5
437.4981,0.5
437.5181,0.5
437.5381,0.5
437.5581,0.5
437.5781,0.5
437.5981,0.5
437.618,0.5
437.638,0.5
437.658,0.5
437.678,0.5
437.698,0.5
437.718,0.5
437.738,0.5
437.758,0.5
437.778,0.5
437.7979,0.5
437.8179,0.5
437.8379,0.5
437.8579,0.5
437.8779,0.5
437.8979,0.5
437.9179,0.5
437.9379,0.5
437.9579,0.5
437.9778,0.5
437.9978,0.5
438.0178,0.5
438.0378,0.5
438.0578,0.5
438.0778,0.5
438.0978,0.5
438.1178,0.5
438.1378,0.5
438.1577,0.5
438.1777,0.5
438.1977,0.5
438.2177,0.5
438.2377,0.5
438.2577,0.5
438.2777,0.5
438.2977,0.5
438.3177,0.5
438.3376,0.5
438.3576,0.5
438.3776,0.5
438.3976,0.5
438.4176,0.5
438.4376,0.5
438.4576,0.5
438.4776,0.5
438.4976,0.5
438.5175,0.5
438.5375,0.5
438.5575,0.5
438.5775,0.5
438.5975,0.5
438.6175,0.5
438.6375,0.5
438.6575,0.5
438.6775,0.5
438.6974,0.5
438.7174,0.5
438.7374,0.5
438.7574,0.5
438.7774,0.5
438.7974,0.5
438.8174,0.5
438.8374,0.5
438.8574,0.5
438.8773,0.5
438.8973,0.5
438.9173,0.5
438.9373,0.5
438.9573,0.5
438.9773,0.5
438.9973,0.5
439.0173,0.5
439.0373,0.5
439.0573,0.5
439.0772,0.5
439.0972,0.5
439.1172,0.5
439.1372,0.5
439.1572,0.5
439.1772,0.5
439.1972,0.5
439.2172,0.5
439.2372,0.5
439.2571,0.5
439.2771,0.5
439.2971,0.5
439.3171,0.5
439.3371,0.5
439.3571,0.5
439.3771,0.5
439.3971,0.5
439.4171,0.5
439.437,0.5
439.457,0.5
439.477,0.5
439.497,0.5
439.517,0.5
439.537,0.5
439.557,0.5
439.577,0.5
439.597,0.5
439.6169,0.5
439.6369,0.5
439.6569,0.5
439.6769,0.5
439.6969,0.5
439.7169,0.5
439.7369,0.5
439.7569,0.5
439.7769,0.5
439.7968,0.5
439.8168,0.5
439.8368,0.5
439.8568,0.5
439.8768,0.5
439.8968,0.5
439.9168,0.5
439.9368,0.5
439.9568,0.5
439.9767,0.5
439.9967,0.5
440.0167,0.5
440.0367,0.5
440.0567,0.5
440.0767,0.5
440.0967,0.5
440.1167,0.5
440.1367,0.5
440.1566,0.5
440.1766,0.5
440.1966,0.5
440.2166,0.5
440.2366,0.5
440.2566,0.5
440.2766,0.5
440.2966,0.5
440.3166,0.5
440.3365,0.5
440.3565,0.5
440.3765,0.5
440.3965,0.5
440.4165,0.5
440.4365,0.5
440.4565,0.5
440.4765,0.5
440.4965,0.5
440.5164,0.5
440.5364,0.5
440.5564,0.5
440.5764,0.5
440.5964,0.5
440.6164,0.5
440.6364,0.5
440.6564,0.5
440.6764,0.5
440.6964,0.5
440.7163,0.5
440.7363,0.5
440.7563,0.5
440.7763,0.5
440.7963,0.5
440.8163,0.5
440.8363,0.5
440.8563,0.5
440.8763,0.5
440.8962,0.5
440.9162,0.5
440.9362,0.5
440.9562,0.5
440.9762,0.5
440.9962,0.5
441.0162,0.5
441.0362,0.5
441.0562,0.5
441.0761,0.5
441.0961,0.5
441.1161,0.5
441.1361,0.5
441.1561,0.5
441.1761,0.5
441.1961,0.5
441.2161,0.5
441.2361,0.5
441.256,0.5
441.276,0.5
441.296,0.5
441.316,0.5
441.336,0.5
441.356,0.5
441.376,0.5
441.396,0.5
441.416,0.5
441.4359,0.5
441.4559,0.5
441.4759,0.5
441.4959,0.5
441.5159,0.5
441.5359,0.5
441.5559,0.5
441.5759,0.5
441.5959,0.5
441.6158,0.5
441.6358,0.5
441.6558,0.5
441.6758,0.5
441.6958,0.5
441.7158,0.5
441.7358,0.5
441.7558,0.5
441.7758,0.5
441.7957,0.5
441.8157,0.5
441.8357,0.5
441.8557,0.5
441.8757,0.5
441.8957,0.5
441.9157,0.5
441.9357,0.5
441.9557,0.5
441.9756,0.5
441.9956,0.5
442.0156,0.5
442.0356,0.5
442.0556,0.5
442.0756,0.5
442.0956,0.5
442.1156,0.5
442.1356,0.5
442.1555,0.5
442.1755,0.5
442.1955,0.5
442.2155,0.5
442.2355,0.5
442.2555,0.5
442.2755,0.5
442.2955,0.5
442.3155,0.5
442.3354,0.5
442.3554,0.5
442.3754,0.5
442.3954,0.5
442.4154,0.5
442.4354,0.5
442.4554,0.5
442.4754,0.5
442.4954,0.5
442.5154,0.5
442.5353,0.5
442.5553,0.5
442.5753,0.5
442.5953,0.5
442.6153,0.5
442.6353,0.5
442.6553,0.5
442.6753,0.5
442.6953,0.5
442.7152,0.5
442.7352,0.5
442.7552,0.5
442.7752,0.5
442.7952,0.5
442.8152,0.5
442.8352,0.5
442.8552,0.5
442.8752,0.5
442.8951,0.5
442.9151,0.5
442.9351,0.5
442.9551,0.5
442.9751,0.5
442.9951,0.5
443.0151,0.5
443.0351,0.5
443.0551,0.5
443.075,0.5
443.095,0.5
443.115,0.5
443.135,0.5
443.155,0.5
443.175,0.5
443.195,0.5
443.215,0.5
443.235,0.5
443.2549,0.5
443.2749,0.5
443.2949,0.5
443.3149,0.5
443.3349,0.5
443.3549,0.5
443.3749,0.5
443.3949,0.5
443.4149,0.5
443.4348,0.5
443.4548,0.5
443.4748,0.5
443.4948,0.5
443.5148,0.5
443.5348,0.5
443.5548,0.5
443.5748,0.5
443.5948,0.5
443.6147,0.5
443.6347,0.5
443.6547,0.5
443.6747,0.5
443.6947,0.5
443.7147,0.5
443.7347,0.5
443.7547,0.5
443.7747,0.5
443.7946,0.5
443.8146,0.5
443.8346,0.5
443.8546,0.5
443.8746,0.5
443.8946,0.5
443.9146,0.5
443.9346,0.5
443.9546,0.5
443.9745,0.5
443.9945,0.5
444.0145,0.5
444.0345,0.5
444.0545,0.5
444.0745,0.5
444.0945,0.5
444.1145,0.5
444.1345,0.5
444.1544,0.5
444.1744,0.5
444.1944,0.5
444.2144,0.5
444.2344,0.5
444.2544,0.5
444.2744,0.5
444.2944,0.5
444.3144,0.5
444.3344,0.5
444.3543,0.5
444.3743,0.5
444.3943,0.5
444.4143,0.5
444.4343,0.5
444.4543,0.5
444.4743,0.5
444.4943,0.5
444.5143,0.5
444.5342,0.5
444.5542,0.5
444.5742,0.5
444.5942,0.5
444.6142,0.5
444.6342,0.5
444.6542,0.5
444.6742,0.5
444.6942,0.5
444.7141,0.5
444.7341,0.5
444.7541,0.5
444.7741,0.5
444.7941,0.5
444.8141,0.5
444.8341,0.5
444.8541,0.5
444.8741,0.5
444.894,0.5
444.914,0.5
444.934,0.5
444.954,0.5
444.974,0.5
444.994,0.5
445.014,0.5
445.034,0.5
445.054,0.5
445.0739,0.5
445.0939,0.5
445.1139,0.5
445.1339,0.5
445.1539,0.5
445.1739,0.5
445.1939,0.5
445.2139,0.5
445.2339,0.5
445.2538,0.5
445.2738,0.5
445.2938,0.5
445.3138,0.5
445.3338,0.5
445.3538,0.5
445.3738,0.5
445.3938,0.5
445.4138,0.5
445.4337,0.5
445.4537,0.5
445.4737,0.5
445.4937,0.5
445.5137,0.5
445.5337,0.5
445.5537,0.5
445.5737,0.5
445.5937,0.5
445.6136,0.5
445.6336,0.5
445.6536,0.5
445.6736,0.5
445.6936,0.5
445.7136,0.5
445.7336,0.5
445.7536,0.5
445.7736,0.5
445.7935,0.5
445.8135,0.5
445.8335,0.5
445.8535,0.5
445.8735,0.5
445.8935,0.5
445.9135,0.5
445.9335,0.5
445.9535,0.5
445.9734,0.5
445.9934,0.5
446.0134,0.5
446.0334,0.5
446.0534,0.5
446.0734,0.5
446.0934,0.5
446.1134,0.5
446.1334,0.5
446.1534,0.5
446.1733,0.5
446.1933,0.5
446.2133,0.5
446.2333,0.5
446.2533,0.5
446.2733,0.5
446.2933,0.5
446.3133,0.5
446.3333,0.5
446.3532,0.5
446.3732,0.5
446.3932,0.5
446.4132,0.5
446.4332,0.5
446.4532,0.5
446.4732,0.5
446.4932,0.5
446.5132,0.5
446.5331,0.5
446.5531,0.5
446.5731,0.5
446.5931,0.5
446.6131,0.5
446.6331,0.5
446.6531,0.5
446.6731,0.5
446.6931,0.5
446.713,0.5
446.733,0.5
446.753,0.5
446.773,0.5
446.793,0.5
446.813,0.5
446.833,0.5
446.853,0.5
446.873,0.5
446.8929,0.5
446.9129,0.5
446.9329,0.5
446.9529,0.5
446.9729,0.5
446.9929,0.5
447.0129,0.5
447.0329,0.5
447.0529,0.5
447.0728,0.5
447.0928,0.5
447.1128,0.5
447.1328,0.5
447.1528,0.5
447.1728,0.5
447.1928,0.5
447.2128,0.5
447.2328,0.5
447.2527,0.5
447.2727,0.5
447.2927,0.5
447.3127,0.5
447.3327,0.5
447.3527,0.5
447.3727,0.5
447.3927,0.5
447.4127,0.5
447.4326,0.5
447.4526,0.5
447.4726,0.5
447.4926,0.5
447.5126,0.5
447.5326,0.5
447.5526,0.5
447.5726,0.5
447.5926,0.5
447.6125,0.5
447.6325,0.5
447.6525,0.5
447.6725,0.5
447.6925,0.5
447.7125,0.5
447.7325,0.5
447.7525,0.5
447.7725,0.5
447.7924,0.5
447.8124,0.5
447.8324,0.5
447.8524,0.5
447.8724,0.5
447.8924,0.5
447.9124,0.5
447.9324,0.5
447.9524,0.5
447.9724,0.5
447.9923,0.5
448.0123,0.5
448.0323,0.5
448.0523,0.5
448.0723,0.5
448.0923,0.5
448.1123,0.5
448.1323,0.5
448.1523,0.5
448.1722,0.5
448.1922,0.5
448.2122,0.5
448.2322,0.5
448.2522,0.5
448.2722,0.5
448.2922,0.5
448.3122,0.5
448.3322,0.5
448.3521,0.5
448.3721,0.5
448.3921,0.5
448.4121,0.5
448.4321,0.5
448.4521,0.5
448.4721,0.5
448.4921,0.5
448.5121,0.5
448.532,0.5
448.552,0.5
448.572,0.5
448.592,0.5
448.612,0.5
448.632,0.5
448.652,0.5
448.672,0.5
448.692,0.5
448.7119,0.5
448.7319,0.5
448.7519,0.5
448.7719,0.5
448.7919,0.5
448.8119,0.5
448.8319,0.5
448.8519,0.5
448.8719,0.5
448.8918,0.5
448.9118,0.5
448.9318,0.5
448.9518,0.5
448.9718,0.5
448.9918,0.5
449.0118,0.5
449.0318,0.5
449.0518,0.5
449.0717,0.5
449.0917,0.5
449.1117,0.5
449.1317,0.5
449.1517,0.5
449.1717,0.5
449.1917,0.5
449.2117,0.5
449.2317,0.5
449.2516,0.5
449.2716,0.5
449.2916,0.5
449.3116,0.5
449.3316,0.5
449.3516,0.5
449.3716,0.5
449.3916,0.5
449.4116,0.5
449.4315,0.5
449.4515,0.5
449.4715,0.5
449.4915,0.5
449.5115,0.5
449.5315,0.5
449.5515,0.5
449.5715,0.5
449.5915,0.5
449.6115,0.5
449.6314,0.5
449.6514,0.5
449.6714,0.5
449.6914,0.5
449.7114,0.5
449.7314,0.5
449.7514,0.5
449.7714,0.5
449.7914,0.5
449.8113,0.5
449.8313,0.5
449.8513,0.5
449.8713,0.5
449.8913,0.5
449.9113,0.5
449.9313,0.5
449.9513,0.5
449.9713,0.5
449.9912,0.5
450.0112,0.5
450.0312,0.5
450.0512,0.5
450.0712,0.5
450.0912,0.5
450.1112,0.5
450.1312,0.5
450.1512,0.5
450.1711,0.5
450.1911,0.5
450.2111,0.5
450.2311,0.5
450.2511,0.5
450.2711,0.5
450.2911,0.5
450.3111,0.5
450.3311,0.5
450.351,0.5
450.371,0.5
450.391,0.5
450.411,0.5
450.431,0.5
450.451,0.5
450.471,0.5
450.491,0.5
450.511,0.5
450.5309,0.5
450.5509,0.5
450.5709,0.5
450.5909,0.5
450.6109,0.5
450.6309,0.5
450.6509,0.5
450.6709,0.5
450.6909,0.5
450.7108,0.5
450.7308,0.5
450.7508,0.5
450.7708,0.5
450.7908,0.5
450.8108,0.5
450.8308,0.5
450.8508,0.5
450.8708,0.5
450.8907,0.5
450.9107,0.5
450.9307,0.5
450.9507,0.5
450.9707,0.5
450.9907,0.5
451.0107,0.5
451.0307,0.5
451.0507,0.5
451.0706,0.5
451.0906,0.5
451.1106,0.5
451.1306,0.5
451.1506,0.5
451.1706,0.5
451.1906,0.5
451.2106,0.5
451.2306,0.5
451.2505,0.5
451.2705,0.5
451.2905,0.5
451.3105,0.5
451.3305,0.5
451.3505,0.5
451.3705,0.5
451.3905,0.5
451.4105,0.5
451.4305,0.5
451.4504,0.5
451.4704,0.5
451.4904,0.5
451.5104,0.5
451.5304,0.5
451.5504,0.5
451.5704,0.5
451.5904,0.5
451.6104,0.5
451.6303,0.5
451.6503,0.5
451.6703,0.5
451.6903,0.5
451.7103,0.5
451.7303,0.5
451.7503,0.5
451.7703,0.5
451.7903,0.5
451.8102,0.5
451.8302,0.5
451.8502,0.5
451.8702,0.5
451.8902,0.5
451.9102,0.5
451.9302,0.5
451.9502,0.5
451.9702,0.5
451.9901,0.5
452.0101,0.5
452.0301,0.5
452.0501,0.5
452.0701,0.5
452.0901,0.5
452.1101,0.5
452.1301,0.5
452.1501,0.5
452.17,0.5
452.19,0.5
452.21,0.5
452.23,0.5
452.25,0.5
452.27,0.5
452.29,0.5
452.31,0.5
452.33,0.5
452.3499,0.5
452.3699,0.5
452.3899,0.5
452.4099,0.5
452.4299,0.5
452.4499,0.5
452.4699,0.5
452.4899,0.5
452.5099,0.5
452.5298,0.5
452.5498,0.5
452.5698,0.5
452.5898,0.5
452.6098,0.5
452.6298,0.5
452.6498,0.5
452.6698,0.5
452.6898,0.5
452.7097,0.5
452.7297,0.5
452.7497,0.5
452.7697,0.5
452.7897,0.5
452.8097,0.5
452.8297,0.5
452.8497,0.5
452.8697,0.5
452.8896,0.5
452.9096,0.5
452.9296,0.5
452.9496,0.5
452.9696,0.5
452.9896,0.5
453.0096,0.5
453.0296,0.5
453.0496,0.5
453.0695,0.5
453.0895,0.5
453.1095,0.5
453.1295,0.5
453.1495,0.5
453.1695,0.5
453.1895,0.5
453.2095,0.5
453.2295,0.5
453.2495,0.5
453.2694,0.5
453.2894,0.5
453.3094,0.5
453.3294,0.5
453.3494,0.5
453.3694,0.5
453.3894,0.5
453.4094,0.5
453.4294,0.5
453.4493,0.5
453.4693,0.5
453.4893,0.5
453.5093,0.5
453.5293,0.5
453.5493,0.5
453.5693,0.5
453.5893,0.5
453.6093,0.5
453.6292,0.5
453.6492,0.5
453.6692,0.5
453.6892,0.5
453.7092,0.5
453.7292,0.5
453.7492,0.5
453.7692,0.5
453.7892,0.5
453.8091,0.5
453.8291,0.5
453.8491,0.5
453.8691,0.5
453.8891,0.5
453.9091,0.5
453.9291,0.5
453.9491,0.5
453.9691,0.5
453.989,0.5
454.009,0.5
454.029,0.5
454.049,0.5
454.069,0.5
454.089,0.5
454.109,0.5
454.129,0.5
454.149,0.5
454.1689,0.5
454.1889,0.5
454.2089,0.5
454.2289,0.5
454.2489,0.5
454.2689,0.5
454.2889,0.5
454.3089,0.5
454.3289,0.5
454.3488,0.5
454.3688,0.5
454.3888,0.5
454.4088,0.5
454.4288,0.5
454.4488,0.5
454.4688,0.5
454.4888,0.5
454.5088,0.5
454.5287,0.5
454.5487,0.5
454.5687,0.5
454.5887,0.5
454.6087,0.5
454.6287,0.5
454.6487,0.5
454.6687,0.5
454.6887,0.5
454.7086,0.5
454.7286,0.5
454.7486,0.5
454.7686,0.5
454.7886,0.5
454.8086,0.5
454.8286,0.5
454.8486,0.5
454.8686,0.5
454.8885,0.5
454.9085,0.5
454.9285,0.5
454.9485,0.5
454.9685,0.5
454.9885,0.5
455.0085,0.5
455.0285,0.5
455.0485,0.5
455.0685,0.5
455.0884,0.5
455.1084,0.5
455.1284,0.5
455.1484,0.5
455.1684,0.5
455.1884,0.5
455.2084,0.5
455.2284,0.5
455.2484,0.5
455.2683,0.5
455.2883,0.5
455.3083,0.5
455.3283,0.5
455.3483,0.5
455.3683,0.5
455.3883,0.5
455.4083,0.5
455.4283,0.5
455.4482,0.5
455.4682,0.5
455.4882,0.5
455.5082,0.5
455.5282,0.5
455.5482,0.5
455.5682,0.5
455.5882,0.5
455.6082,0.5
455.6281,0.5
455.6481,0.5
455.6681,0.5
455.6881,0.5
455.7081,0.5
455.7281,0.5
455.7481,0.5
455.7681,0.5
455.7881,0.5
455.808,0.5
455.828,0.5
455.848,0.5
455.868,0.5
455.888,0.5
455.908,0.5
455.928,0.5
455.948,0.5
455.968,0.5
455.9879,0.5
456.0079,0.5
456.0279,0.5
456.0479,0.5
456.0679,0.5
456.0879,0.5
456.1079,0.5
456.1279,0.5
456.1479,0.5
456.1678,0.5
456.1878,0.5
456.2078,0.5
456.2278,0.5
456.2478,0.5
456.2678,0.5
456.2878,0.5
456.3078,0.5
456.3278,0.5
456.3477,0.5
456.3677,0.5
456.3877,0.5
456.4077,0.5
456.4277,0.5
456.4477,0.5
456.4677,0.5
456.4877,0.5
456.5077,0.5
456.5276,0.5
456.5476,0.5
456.5676,0.5
456.5876,0.5
456.6076,0.5
456.6276,0.5
456.6476,0.5
456.6676,0.5
456.6876,0.5
456.7076,0.5
456.7275,0.5
456.7475,0.5
456.7675,0.5
456.7875,0.5
456.8075,0.5
456.8275,0.5
456.8475,0.5
456.8675,0.5
456.8875,0.5
456.9074,0.5
456.9274,0.5
456.9474,0.5
456.9674,0.5
456.9874,0.5
457.0074,0.5
457.0274,0.5
457.0474,0.5
457.0674,0.5
457.0873,0.5
457.1073,0.5
457.1273,0.5
457.1473,0.5
457.1673,0.5
457.1873,0.5
457.2073,0.5
457.2273,0.5
457.2473,0.5
457.2672,0.5
457.2872,0.5
457.3072,0.5
457.3272,0.5
457.3472,0.5
457.3672,0.5
457.3872,0.5
457.4072,0.5
457.4272,0.5
457.4471,0.5
457.4671,0.5
457.4871,0.5
457.5071,0.5
457.5271,0.5
457.5471,0.5
457.5671,0.5
457.5871,0.5
457.6071,0.5
457.627,0.5
457.647,0.5
457.667,0.5
457.687,0.5
457.707,0.5
457.727,0.5
457.747,0.5
457.767,0.5
457.787,0.5
457.8069,0.5
457.8269,0.5
457.8469,0.5
457.8669,0.5
457.8869,0.5
457.9069,0.5
457.9269,0.5
457.9469,0.5
457.9669,0.5
457.9868,0.5
458.0068,0.5
458.0268,0.5
458.0468,0.5
458.0668,0.5
458.0868,0.5
458.1068,0.5
458.1268,0.5
458.1468,0.5
458.1667,0.5
458.1867,0.5
458.2067,0.5
458.2267,0.5
458.2467,0.5
458.2667,0.5
458.2867,0.5
458.3067,0.5
458.3267,0.5
458.3466,0.5
458.3666,0.5
458.3866,0.5
458.4066,0.5
458.4266,0.5
458.4466,0.5
458.4666,0.5
458.4866,0.5
458.5066,0.5
458.5266,0.5
458.5465,0.5
458.5665,0.5
458.5865,0.5
458.6065,0.5
458.6265,0.5
458.6465,0.5
458.6665,0.5
458.6865,0.5
458.7065,0.5
458.7264,0.5
458.7464,0.5
458.7664,0.5
458.7864,0.5
458.8064,0.5
458.8264,0.5
458.8464,0.5
458.8664,0.5
458.8864,0.5
458.9063,0.5
458.9263,0.5
458.9463,0.5
458.9663,0.5
458.9863,0.5
459.0063,0.5
459.0263,0.5
459.0463,0.5
459.0663,0.5
459.0862,0.5
459.1062,0.5
459.1262,0.5
459.1462,0.5
459.1662,0.5
459.1862,0.5
459.2062,0.5
459.2262,0.5
459.2462,0.5
459.2661,0.5
459.2861,0.5
459.3061,0.5
459.3261,0.5
459.3461,0.5
459.3661,0.5
459.3861,0.5
459.4061,0.5
459.4261,0.5
459.446,0.5
459.466,0.5
459.486,0.5
459.506,0.5
459.526,0.5
459.546,0.5
459.566,0.5
459.586,0.5
459.606,0.5
459.6259,0.5
459.6459,0.5
459.6659,0.5
459.6859,0.5
459.7059,0.5
459.7259,0.5
459.7459,0.5
459.7659,0.5
459.7859,0.5
459.8058,0.5
459.8258,0.5
459.8458,0.5
459.8658,0.5
459.8858,0.5
459.9058,0.5
459.9258,0.5
459.9458,0.5
459.9658,0.5
459.9857,0.5
460.0057,0.5
460.0257,0.5
460.0457,0.5
460.0657,0.5
460.0857,0.5
460.1057,0.5
460.1257,0.5
460.1457,0.5
460.1656,0.5
460.1856,0.5
460.2056,0.5
460.2256,0.5
460.2456,0.5
460.2656,0.5
460.2856,0.5
460.3056,0.5
460.3256,0.5
460.3456,0.5
460.3655,0.5
460.3855,0.5
460.4055,0.5
460.4255,0.5
460.4455,0.5
460.4655,0.5
460.4855,0.5
460.5055,0.5
460.5255,0.5
460.5454,0.5
460.5654,0.5
460.5854,0.5
460.6054,0.5
460.6254,0.5
460.6454,0.5
460.6654,0.5
460.6854,0.5
460.7054,0.5
460.7253,0.5
460.7453,0.5
460.7653,0.5
460.7853,0.5
460.8053,0.5
460.8253,0.5
460.8453,0.5
460.8653,0.5
460.8853,0.5
460.9052,0.5
460.9252,0.5
460.9452,0.5
460.9652,0.5
460.9852,0.5
461.0052,0.5
461.0252,0.5
461.0452,0.5
461.0652,0.5
461.0851,0.5
461.1051,0.5
461.1251,0.5
461.1451,0.5
461.1651,0.5
461.1851,0.5
461.2051,0.5
461.2251,0.5
461.2451,0.5
461.265,0.5
461.285,0.5
461.305,0.5
461.325,0.5
461.345,0.5
461.365,0.5
461.385,0.5
461.405,0.5
461.425,0.5
461.4449,0.5
461.4649,0.5
461.4849,0.5
461.5049,0.5
461.5249,0.5
461.5449,0.5
461.5649,0.5
461.5849,0.5
461.6049,0.5
461.6248,0.5
461.6448,0.5
461.6648,0.5
461.6848,0.5
461.7048,0.5
461.7248,0.5
461.7448,0.5
461.7648,0.5
461.7848,0.5
461.8047,0.5
461.8247,0.5
461.8447,0.5
461.8647,0.5
461.8847,0.5
461.9047,0.5
461.9247,0.5
461.9447,0.5
461.9647,0.5
461.9846,0.5
462.0046,0.5
462.0246,0.5
462.0446,0.5
462.0646,0.5
462.0846,0.5
462.1046,0.5
462.1246,0.5
462.1446,0.5
462.1646,0.5
462.1845,0.5
462.2045,0.5
462.2245,0.5
462.2445,0.5
462.2645,0.5
462.2845,0.5
462.3045,0.5
462.3245,0.5
462.3445,0.5
462.3644,0.5
462.3844,0.5
462.4044,0.5
462.4244,0.5
462.4444,0.5
462.4644,0.5
462.4844,0.5
462.5044,0.5
462.5244,0.5
462.5443,0.5
462.5643,0.5
462.5843,0.5
462.6043,0.5
462.6243,0.5
462.6443,0.5
462.6643,0.5
462.6843,0.5
462.7043,0.5
462.7242,0.5
462.7442,0.5
462.7642,0.5
462.7842,0.5
462.8042,0.5
462.8242,0.5
462.8442,0.5
462.8642,0.5
462.8842,0.5
462.9041,0.5
462.9241,0.5
462.9441,0.5
462.9641,0.5
462.9841,0.5
463.0041,0.5
463.0241,0.5
463.0441,0.5
463.0641,0.5
463.084,0.5
463.104,0.5
463.124,0.5
463.144,0.5
463.164,0.5
463.184,0.5
463.204,0.5
463.224,0.5
463.244,0.5
463.2639,0.5
463.2839,0.5
463.3039,0.5
463.3239,0.5
463.3439,0.5
463.3639,0.5
463.3839,0.5
463.4039,0.5
463.4239,0.5
463.4438,0.5
463.4638,0.5
463.4838,0.5
463.5038,0.5
463.5238,0.5
463.5438,0.5
463.5638,0.5
463.5838,0.5
463.6038,0.5
463.6237,0.5
463.6437,0.5
463.6637,0.5
463.6837,0.5
463.7037,0.5
463.7237,0.5
463.7437,0.5
463.7637,0.5
463.7837,0.5
463.8036,0.5
463.8236,0.5
463.8436,0.5
463.8636,0.5
463.8836,0.5
463.9036,0.5
463.9236,0.5
463.9436,0.5
463.9636,0.5
463.9836,0.5
464.0035,0.5
464.0235,0.5
464.0435,0.5
464.0635,0.5
464.0835,0.5
464.1035,0.5
464.1235,0.5
464.1435,0.5
464.1635,0.5
464.1834,0.5
464.2034,0.5
464.2234,0.5
464.2434,0.5
464.2634,0.5
464.2834,0.5
464.3034,0.5
464.3234,0.5
464.3434,0.5
464.3633,0.5
464.3833,0.5
464.4033,0.5
464.4233,0.5
464.4433,0.5
464.4633,0.5
464.4833,0.5
464.5033,0.5
464.5233,0.5
464.5432,0.5
464.5632,0.5
464.5832,0.5
464.6032,0.5
464.6232,0.5
464.6432,0.5
464.6632,0.5
464.6832,0.5
464.7032,0.5
464.7231,0.5
464.7431,0.5
464.7631,0.5
464.7831,0.5
464.8031,0.5
464.8231,0.5
464.8431,0.5
464.8631,0.5
464.8831,0.5
464.903,0.5
464.923,0.5
464.943,0.5
464.963,0.5
464.983,0.5
465.003,0.5
465.023,0.5
465.043,0.5
465.063,0.5
465.0829,0.5
465.1029,0.5
465.1229,0.5
465.1429,0.5
465.1629,0.5
465.1829,0.5
465.2029,0.5
465.2229,0.5
465.2429,0.5
465.2628,0.5
465.2828,0.5
465.3028,0.5
465.3228,0.5
465.3428,0.5
465.3628,0.5
465.3828,0.5
465.4028,0.5
465.4228,0.5
465.4427,0.5
465.4627,0.5
465.4827,0.5
465.5027,0.5
465.5227,0.5
465.5427,0.5
465.5627,0.5
465.5827,0.5
465.6027,0.5
465.6227,0.5
465.6426,0.5
465.6626,0.5
465.6826,0.5
465.7026,0.5
465.7226,0.5
465.7426,0.5
465.7626,0.5
465.7826,0.5
465.8026,0.5
465.8225,0.5
465.8425,0.5
465.8625,0.5
465.8825,0.5
465.9025,0.5
465.9225,0.5
465.9425,0.5
465.9625,0.5
465.9825,0.5
466.0024,0.5
466.0224,0.5
466.0424,0.5
466.0624,0.5
466.0824,0.5
466.1024,0.5
466.1224,0.5
466.1424,0.5
466.1624,0.5
466.1823,0.5
466.2023,0.5
466.2223,0.5
466.2423,0.5
466.2623,0.5
466.2823,0.5
466.3023,0.5
466.3223,0.5
466.3423,0.5
466.3622,0.5
466.3822,0.5
466.4022,0.5
466.4222,0.5
466.4422,0.5
466.4622,0.5
466.4822,0.5
466.5022,0.5
466.5222,0.5
466.5421,0.5
466.5621,0.5
466.5821,0.5
466.6021,0.5
466.6221,0.5
466.6421,0.5
466.6621,0.5
466.6821,0.5
466.7021,0.5
466.722,0.5
466.742,0.5
466.762,0.5
466.782,0.5
466.802,0.5
466.822,0.5
466.842,0.5
466.862,0.5
466.882,0.5
466.9019,0.5
466.9219,0.5
466.9419,0.5
466.9619,0.5
466.9819,0.5
467.0019,0.5
467.0219,0.5
467.0419,0.5
467.0619,0.5
467.0818,0.5
467.1018,0.5
467.1218,0.5
467.1418,0.5
467.1618,0.5
467.1818,0.5
467.2018,0.5
467.2218,0.5
467.2418,0.5
467.2617,0.5
467.2817,0.5
467.3017,0.5
467.3217,0.5
467.3417,0.5
467.3617,0.5
467.3817,0.5
467.4017,0.5
467.4217,0.5
467.4417,0.5
467.4616,0.5
467.4816,0.5
467.5016,0.5
467.5216,0.5
467.5416,0.5
467.5616,0.5
467.5816,0.5
467.6016,0.5
467.6216,0.5
467.6415,0.5
467.6615,0.5
467.6815,0.5
467.7015,0.5
467.7215,0.5
467.7415,0.5
467.7615,0.5
467.7815,0.5
467.8015,0.5
467.8214,0.5
467.8414,0.5
467.8614,0.5
467.8814,0.5
467.9014,0.5
467.9214,0.5
467.9414,0.5
467.9614,0.5
467.9814,0.5
468.0013,0.5
468.0213,0.5
468.0413,0.5
468.0613,0.5
468.0813,0.5
468.1013,0.5
468.1213,0.5
468.1413,0.5
468.1613,0.5
468.1812,0.5
468.2012,0.5
468.2212,0.5
468.2412,0.5
468.2612,0.5
468.2812,0.5
468.3012,0.5
468.3212,0.5
468.3412,0.5
468.3611,0.5
468.3811,0.5
468.4011,0.5
468.4211,0.5
468.4411,0.5
468.4611,0.5
468.4811,0.5
468.5011,0.5
468.5211,0.5
468.541,0.5
468.561,0.5
468.581,0.5
468.601,0.5
468.621,0.5
468.641,0.5
468.661,0.5
468.681,0.5
468.701,0.5
468.7209,0.5
468.7409,0.5
468.7609,0.5
468.7809,0.5
468.8009,0.5
468.8209,0.5
468.8409,0.5
468.8609,0.5
468.8809,0.5
468.9008,0.5
468.9208,0.5
468.9408,0.5
468.9608,0.5
468.9808,0.5
469.0008,0.5
469.0208,0.5
469.0408,0.5
469.0608,0.5
469.0807,0.5
469.1007,0.5
469.1207,0.5
469.1407,0.5
469.1607,0.5
469.1807,0.5
469.2007,0.5
469.2207,0.5
469.2407,0.5
469.2607,0.5
469.2806,0.5
469.3006,0.5
469.3206,0.5
469.3406,0.5
469.3606,0.5
469.3806,0.5
469.4006,0.5
469.4206,0.5
469.4406,0.5
469.4605,0.5
469.4805,0.5
469.5005,0.5
469.5205,0.5
469.5405,0.5
469.5605,0.5
469.5805,0.5
469.6005,0.5
469.6205,0.5
469.6404,0.5
469.6604,0.5
469.6804,0.5
469.7004,0.5
469.7204,0.5
469.7404,0.5
469.7604,0.5
469.7804,0.5
469.8004,0.5
469.8203,0.5
469.8403,0.5
469.8603,0.5
469.8803,0.5
469.9003,0.5
469.9203,0.5
469.9403,0.5
469.9603,0.5
469.9803,0.5
470.0002,0.5
470.0202,0.5
470.0402,0.5
470.0602,0.5
470.0802,0.5
470.1002,0.5
470.1202,0.5
470.1402,0.5
470.1602,0.5
470.1801,0.5
470.2001,0.5
470.2201,0.5
470.2401,0.5
470.2601,0.5
470.2801,0.5
470.3001,0.5
470.3201,0.5
470.3401,0.5
470.36,0.5
470.38,0.5
470.4,0.5
470.42,0.5
470.44,0.5
470.46,0.5
470.48,0.5
470.5,0.5
470.52,0.5
470.5399,0.5
470.5599,0.5
470.5799,0.5
470.5999,0.5
470.6199,0.5
470.6399,0.5
470.6599,0.5
470.6799,0.5
470.6999,0.5
470.7198,0.5
470.7398,0.5
470.7598,0.5
470.7798,0.5
470.7998,0.5
470.8198,0.5
470.8398,0.5
470.8598,0.5
470.8798,0.5
470.8997,0.5
470.9197,0.5
470.9397,0.5
470.9597,0.5
470.9797,0.5
470.9997,0.5
471.0197,0.5
471.0397,0.5
471.0597,0.5
471.0797,0.5
471.0996,0.5
471.1196,0.5
471.1396,0.5
471.1596,0.5
471.1796,0.5
471.1996,0.5
471.2196,0.5
471.2396,0.5
471.2596,0.5
471.2795,0.5
471.2995,0.5
471.3195,0.5
471.3395,0.5
471.3595,0.5
471.3795,0.5
471.3995,0.5
471.4195,0.5
471.4395,0.5
471.4594,0.5
471.4794,0.5
471.4994,0.5
471.5194,0.5
471.5394,0.5
471.5594,0.5
471.5794,0.5
471.5994,0.5
471.6194,0.5
471.6393,0.5
471.6593,0.5
471.6793,0.5
471.6993,0.5
471.7193,0.5
471.7393,0.5
471.7593,0.5
471.7793,0.5
471.7993,0.5
471.8192,0.5
471.8392,0.5
471.8592,0.5
471.8792,0.5
471.8992,0.5
471.9192,0.5
471.9392,0.5
471.9592,0.5
471.9792,0.5
471.9991,0.5
472.0191,0.5
472.0391,0.5
472.0591,0.5
472.0791,0.5
472.0991,0.5
472.1191,0.5
472.1391,0.5
472.1591,0.5
472.179,0.5
472.199,0.5
472.219,0.5
472.239,0.5
472.259,0.5
472.279,0.5
472.299,0.5
472.319,0.5
472.339,0.5
472.3589,0.5
472.3789,0.5
472.3989,0.5
472.4189,0.5
472.4389,0.5
472.4589,0.5
472.4789,0.5
472.4989,0.5
472.5189,0.5
472.5388,0.5
472.5588,0.5
472.5788,0.5
472.5988,0.5
472.6188,0.5
472.6388,0.5
472.6588,0.5
472.6788,0.5
472.6988,0.5
472.7188,0.5
472.7387,0.5
472.7587,0.5
472.7787,0.5
472.7987,0.5
472.8187,0.5
472.8387,0.5
472.8587,0.5
472.8787,0.5
472.8987,0.5
472.9186,0.5
472.9386,0.5
472.9586,0.5
472.9786,0.5
472.9986,0.5
473.0186,0.5
473.0386,0.5
473.0586,0.5
473.0786,0.5
473.0985,0.5
473.1185,0.5
473.1385,0.5
473.1585,0.5
473.1785,0.5
473.1985,0.5
473.2185,0.5
473.2385,0.5
473.2585,0.5
473.2784,0.5
473.2984,0.5
473.3184,0.5
473.3384,0.5
473.3584,0.5
473.3784,0.5
473.3984,0.5
473.4184,0.5
473.4384,0.5
473.4583,0.5
473.4783,0.5
473.4983,0.5
473.5183,0.5
473.5383,0.5
473.5583,0.5
473.5783,0.5
473.5983,0.5
473.6183,0.5
473.6382,0.5
473.6582,0.5
473.6782,0.5
473.6982,0.5
473.7182,0.5
473.7382,0.5
473.7582,0.5
473.7782,0.5
473.7982,0.5
473.8181,0.5
473.8381,0.5
473.8581,0.5
473.8781,0.5
473.8981,0.5
473.9181,0.5
473.9381,0.5
473.9581,0.5
473.9781,0.5
473.998,0.5
474.018,0.5
474.038,0.5
474.058,0.5
474.078,0.5
474.098,0.5
474.118,0.5
474.138,0.5
474.158,0.5
474.1779,0.5
474.1979,0.5
474.2179,0.5
474.2379,0.5
474.2579,0.5
474.2779,0.5
474.2979,0.5
474.3179,0.5
474.3379,0.5
474.3578,0.5
474.3778,0.5
474.3978,0.5
474.4178,0.5
474.4378,0.5
474.4578,0.5
474.4778,0.5
474.4978,0.5
474.5178,0.5
474.5378,0.5
474.5577,0.5
474.5777,0.5
474.5977,0.5
474.6177,0.5
474.6377,0.5
474.6577,0.5
474.6777,0.5
474.6977,0.5
474.7177,0.5
474.7376,0.5
474.7576,0.5
474.7776,0.5
474.7976,0.5
474.8176,0.5
474.8376,0.5
474.8576,0.5
474.8776,0.5
474.8976,0.5
474.9175,0.5
474.9375,0.5
474.9575,0.5
474.9775,0.5
474.9975,0.5
475.0175,0.5
475.0375,0.5
475.0575,0.5
475.0775,0.5
475.0974,0.5
475.1174,0.5
475.1374,0.5
475.1574,0.5
475.1774,0.5
475.1974,0.5
475.2174,0.5
475.2374,0.5
475.2574,0.5
475.2773,0.5
475.2973,0.5
475.3173,0.5
475.3373,0.5
475.3573,0.5
475.3773,0.5
475.3973,0.5
475.4173,0.5
475.4373,0.5
475.4572,0.5
475.4772,0.5
475.4972,0.5
475.5172,0.5
475.5372,0.5
475.5572,0.5
475.5772,0.5
475.5972,0.5
475.6172,0.5
475.6371,0.5
475.6571,0.5
475.6771,0.5
475.6971,0.5
475.7171,0.5
475.7371,0.5
475.7571,0.5
475.7771,0.5
475.7971,0.5
475.817,0.5
475.837,0.5
475.857,0.5
475.877,0.5
475.897,0.5
475.917,0.5
475.937,0.5
475.957,0.5
475.977,0.5
475.9969,0.5
476.0169,0.5
476.0369,0.5
476.0569,0.5
476.0769,0.5
476.0969,0.5
476.1169,0.5
476.1369,0.5
476.1569,0.5
476.1768,0.5
476.1968,0.5
476.2168,0.5
476.2368,0.5
476.2568,0.5
476.2768,0.5
476.2968,0.5
476.3168,0.5
476.3368,0.5
476.3568,0.5
476.3767,0.5
476.3967,0.5
476.4167,0.5
476.4367,0.5
476.4567,0.5
476.4767,0.5
476.4967,0.5
476.5167,0.5
476.5367,0.5
476.5566,0.5
476.5766,0.5
476.5966,0.5
476.6166,0.5
476.6366,0.5
476.6566,0.5
476.6766,0.5
476.6966,0.5
476.7166,0.5
476.7365,0.5
476.7565,0.5
476.7765,0.5
476.7965,0.5
476.8165,0.5
476.8365,0.5
476.8565,0.5
476.8765,0.5
476.8965,0.5
476.9164,0.5
476.9364,0.5
476.9564,0.5
476.9764,0.5
476.9964,0.5
477.0164,0.5
477.0364,0.5
477.0564,0.5
477.0764,0.5
477.0963,0.5
477.1163,0.5
477.1363,0.5
477.1563,0.5
477.1763,0.5
477.1963,0.5
477.2163,0.5
477.2363,0.5
477.2563,0.5
477.2762,0.5
477.2962,0.5
477.3162,0.5
477.3362,0.5
477.3562,0.5
477.3762,0.5
477.3962,0.5
477.4162,0.5
477.4362,0.5
477.4561,0.5
477.4761,0.5
477.4961,0.5
477.5161,0.5
477.5361,0.5
477.5561,0.5
477.5761,0.5
477.5961,0.5
477.6161,0.5
477.636,0.5
477.656,0.5
477.676,0.5
477.696,0.5
477.716,0.5
477.736,0.5
477.756,0.5
477.776,0.5
477.796,0.5
477.8159,0.5
477.8359,0.5
477.8559,0.5
477.8759,0.5
477.8959,0.5
477.9159,0.5
477.9359,0.5
477.9559,0.5
477.9759,0.5
477.9958,0.5
478.0158,0.5
478.0358,0.5
478.0558,0.5
478.0758,0.5
478.0958,0.5
478.1158,0.5
478.1358,0.5
478.1558,0.5
478.1758,0.5
478.1957,0.5
478.2157,0.5
478.2357,0.5
478.2557,0.5
478.2757,0.5
478.2957,0.5
478.3157,0.5
478.3357,0.5
478.3557,0.5
478.3756,0.5
478.3956,0.5
478.4156,0.5
478.4356,0.5
478.4556,0.5
478.4756,0.5
478.4956,0.5
478.5156,0.5
478.5356,0.5
478.5555,0.5
478.5755,0.5
478.5955,0.5
478.6155,0.5
478.6355,0.5
478.6555,0.5
478.6755,0.5
478.6955,0.5
478.7155,0.5
478.7354,0.5
478.7554,0.5
478.7754,0.5
478.7954,0.5
478.8154,0.5
478.8354,0.5
478.8554,0.5
478.8754,0.5
478.8954,0.5
478.9153,0.5
478.9353,0.5
478.9553,0.5
478.9753,0.5
478.9953,0.5
479.0153,0.5
479.0353,0.5
479.0553,0.5
479.0753,0.5
479.0952,0.5
479.1152,0.5
479.1352,0.5
479.1552,0.5
479.1752,0.5
479.1952,0.5
479.2152,0.5
479.2352,0.5
479.2552,0.5
479.2751,0.5
479.2951,0.5
479.3151,0.5
479.3351,0.5
479.3551,0.5
479.3751,0.5
479.3951,0.5
479.4151,0.5
479.4351,0.5
479.455,0.5
479.475,0.5
479.495,0.5
479.515,0.5
479.535,0.5
479.555,0.5
479.575,0.5
479.595,0.5
479.615,0.5
479.6349,0.5
479.6549,0.5
479.6749,0.5
479.6949,0.5
479.7149,0.5
479.7349,0.5
479.7549,0.5
479.7749,0.5
479.7949,0.5
479.8148,0.5
479.8348,0.5
479.8548,0.5
479.8748,0.5
479.8948,0.5
479.9148,0.5
479.9348,0.5
479.9548,0.5
479.9748,0.5
479.9948,0.5
480.0147,0.5
480.0347,0.5
480.0547,0.5
480.0747,0.5
480.0947,0.5
480.1147,0.5
480.1347,0.5
480.1547,0.5
480.1747,0.5
480.1946,0.5
480.2146,0.5
480.2346,0.5
480.2546,0.5
480.2746,0.5
480.2946,0.5
480.3146,0.5
480.3346,0.5
480.3546,0.5
480.3745,0.5
480.3945,0.5
480.4145,0.5
480.4345,0.5
480.4545,0.5
480.4745,0.5
480.4945,0.5
480.5145,0.5
480.5345,0.5
480.5544,0.5
480.5744,0.5
480.5944,0.5
480.6144,0.5
480.6344,0.5
480.6544,0.5
480.6744,0.5
480.6944,0.5
480.7144,0.5
480.7343,0.5
480.7543,0.5
480.7743,0.5
480.7943,0.5
480.8143,0.5
480.8343,0.5
480.8543,0.5
480.8743,0.5
480.8943,0.5
480.9142,0.5
480.9342,0.5
480.9542,0.5
480.9742,0.5
480.9942,0.5
481.0142,0.5
481.0342,0.5
481.0542,0.5
481.0742,0.5
481.0941,0.5
481.1141,0.5
481.1341,0.5
481.1541,0.5
481.1741,0.5
481.1941,0.5
481.2141,0.5
481.2341,0.5
481.2541,0.5
481.274,0.5
481.294,0.5
481.314,0.5
481.334,0.5
481.354,0.5
481.374,0.5
481.394,0.5
481.414,0.5
481.434,0.5
481.4539,0.5
481.4739,0.5
481.4939,0.5
481.5139,0.5
481.5339,0.5
481.5539,0.5
481.5739,0.5
481.5939,0.5
481.6139,0.5
481.6339,0.5
481.6538,0.5
481.6738,0.5
481.6938,0.5
481.7138,0.5
481.7338,0.5
481.7538,0.5
481.7738,0.5
481.7938,0.5
481.8138,0.5
481.8337,0.5
481.8537,0.5
481.8737,0.5
481.8937,0.5
481.9137,0.5
481.9337,0.5
481.9537,0.5
481.9737,0.5
481.9937,0.5
482.0136,0.5
482.0336,0.5
482.0536,0.5
482.0736,0.5
482.0936,0.5
482.1136,0.5
482.1336,0.5
482.1536,0.5
482.1736,0.5
482.1935,0.5
482.2135,0.5
482.2335,0.5
482.2535,0.5
482.2735,0.5
482.2935,0.5
482.3135,0.5
482.3335,0.5
482.3535,0.5
482.3734,0.5
482.3934,0.5
482.4134,0.5
482.4334,0.5
482.4534,0.5
482.4734,0.5
482.4934,0.5
482.5134,0.5
482.5334,0.5
482.5533,0.5
482.5733,0.5
482.5933,0.5
482.6133,0.5
482.6333,0.5
482.6533,0.5
482.6733,0.5
482.6933,0.5
482.7133,0.5
482.7332,0.5
482.7532,0.5
482.7732,0.5
482.7932,0.5
482.8132,0.5
482.8332,0.5
482.8532,0.5
482.8732,0.5
482.8932,0.5
482.9131,0.5
482.9331,0.5
482.9531,0.5
482.9731,0.5
482.9931,0.5
483.0131,0.5
483.0331,0.5
483.0531,0.5
483.0731,0.5
483.093,0.5
483.113,0.5
483.133,0.5
483.153,0.5
483.173,0.5
483.193,0.5
483.213,0.5
483.233,0.5
483.253,0.5
483.2729,0.5
483.2929,0.5
483.3129,0.5
483.3329,0.5
483.3529,0.5
483.3729,0.5
483.3929,0.5
483.4129,0.5
483.4329,0.5
483.4529,0.5
483.4728,0.5
483.4928,0.5
483.5128,0.5
483.5328,0.5
483.5528,0.5
483.5728,0.5
483.5928,0.5
483.6128,0.5
483.6328,0.5
483.6527,0.5
483.6727,0.5
483.6927,0.5
483.7127,0.5
483.7327,0.5
483.7527,0.5
483.7727,0.5
483.7927,0.5
483.8127,0.5
483.8326,0.5
483.8526,0.5
483.8726,0.5
483.8926,0.5
483.9126,0.5
483.9326,0.5
483.9526,0.5
483.9726,0.5
483.9926,0.5
484.0125,0.5
484.0325,0.5
484.0525,0.5
484.0725,0.5
484.0925,0.5
484.1125,0.5
484.1325,0.5
484.1525,0.5
484.1725,0.5
484.1924,0.5
484.2124,0.5
484.2324,0.5
484.2524,0.5
484.2724,0.5
484.2924,0.5
484.3124,0.5
484.3324,0.5
484.3524,0.5
484.3723,0.5
484.3923,0.5
484.4123,0.5
484.4323,0.5
484.4523,0.5
484.4723,0.5
484.4923,0.5
484.5123,0.5
484.5323,0.5
484.5522,0.5
484.5722,0.5
484.5922,0.5
484.6122,0.5
484.6322,0.5
484.6522,0.5
484.6722,0.5
484.6922,0.5
484.7122,0.5
484.7321,0.5
484.7521,0.5
484.7721,0.5
484.7921,0.5
484.8121,0.5
484.8321,0.5
484.8521,0.5
484.8721,0.5
484.8921,0.5
484.912,0.5
484.932,0.5
484.952,0.5
484.972,0.5
484.992,0.5
485.012,0.5
485.032,0.5
485.052,0.5
485.072,0.5
485.0919,0.5
485.1119,0.5
485.1319,0.5
485.1519,0.5
485.1719,0.5
485.1919,0.5
485.2119,0.5
485.2319,0.5
485.2519,0.5
485.2719,0.5
485.2918,0.5
485.3118,0.5
485.3318,0.5
485.3518,0.5
485.3718,0.5
485.3918,0.5
485.4118,0.5
485.4318,0.5
485.4518,0.5
485.4717,0.5
485.4917,0.5
485.5117,0.5
485.5317,0.5
485.5517,0.5
485.5717,0.5
485.5917,0.5
485.6117,0.5
485.6317,0.5
485.6516,0.5
485.6716,0.5
485.6916,0.5
485.7116,0.5
485.7316,0.5
485.7516,0.5
485.7716,0.5
485.7916,0.5
485.8116,0.5
485.8315,0.5
485.8515,0.5
485.8715,0.5
485.8915,0.5
485.9115,0.5
485.9315,0.5
485.9515,0.5
485.9715,0.5
485.9915,0.5
486.0114,0.5
486.0314,0.5
486.0514,0.5
486.0714,0.5
486.0914,0.5
486.1114,0.5
486.1314,0.5
486.1514,0.5
486.1714,0.5
486.1913,0.5
486.2113,0.5
486.2313,0.5
486.2513,0.5
486.2713,0.5
486.2913,0.5
486.3113,0.5
486.3313,0.5
486.3513,0.5
486.3712,0.5
486.3912,0.5
486.4112,0.5
486.4312,0.5
486.4512,0.5
486.4712,0.5
486.4912,0.5
486.5112,0.5
486.5312,0.5
486.5511,0.5
486.5711,0.5
486.5911,0.5
486.6111,0.5
486.6311,0.5
486.6511,0.5
486.6711,0.5
486.6911,0.5
486.7111,0.5
486.731,0.5
486.751,0.5
486.771,0.5
486.791,0.5
486.811,0.5
486.831,0.5
486.851,0.5
486.871,0.5
486.891,0.5
486.9109,0.5
486.9309,0.5
486.9509,0.5
486.9709,0.5
486.9909,0.5
487.0109,0.5
487.0309,0.5
487.0509,0.5
487.0709,0.5
487.0909,0.5
487.1108,0.5
487.1308,0.5
487.1508,0.5
487.1708,0.5
487.1908,0.5
487.2108,0.5
487.2308,0.5
487.2508,0.5
487.2708,0.5
487.2907,0.5
487.3107,0.5
487.3307,0.5
487.3507,0.5
487.3707,0.5
487.3907,0.5
487.4107,0.5
487.4307,0.5
487.4507,0.5
487.4706,0.5
487.4906,0.5
487.5106,0.5
487.5306,0.5
487.5506,0.5
487.5706,0.5
487.5906,0.5
487.6106,0.5
487.6306,0.5
487.6505,0.5
487.6705,0.5
487.6905,0.5
487.7105,0.5
487.7305,0.5
487.7505,0.5
487.7705,0.5
487.7905,0.5
487.8105,0.5
487.8304,0.5
487.8504,0.5
487.8704,0.5
487.8904,0.5
487.9104,0.5
487.9304,0.5
487.9504,0.5
487.9704,0.5
487.9904,0.5
488.0103,0.5
488.0303,0.5
488.0503,0.5
488.0703,0.5
488.0903,0.5
488.1103,0.5
488.1303,0.5
488.1503,0.5
488.1703,0.5
488.1902,0.5
488.2102,0.5
488.2302,0.5
488.2502,0.5
488.2702,0.5
488.2902,0.5
488.3102,0.5
488.3302,0.5
488.3502,0.5
488.3701,0.5
488.3901,0.5
488.4101,0.5
488.4301,0.5
488.4501,0.5
488.4701,0.5
488.4901,0.5
488.5101,0.5
488.5301,0.5
488.55,0.5
488.57,0.5
488.59,0.5
488.61,0.5
488.63,0.5
488.65,0.5
488.67,0.5
488.69,0.5
488.71,0.5
488.7299,0.5
488.7499,0.5
488.7699,0.5
488.7899,0.5
488.8099,0.5
488.8299,0.5
488.8499,0.5
488.8699,0.5
488.8899,0.5
488.9099,0.5
488.9298,0.5
488.9498,0.5
488.9698,0.5
488.9898,0.5
489.0098,0.5
489.0298,0.5
489.0498,0.5
489.0698,0.5
489.0898,0.5
489.1097,0.5
489.1297,0.5
489.1497,0.5
489.1697,0.5
489.1897,0.5
489.2097,0.5
489.2297,0.5
489.2497,0.5
489.2697,0.5
489.2896,0.5
489.3096,0.5
489.3296,0.5
489.3496,0.5
489.3696,0.5
489.3896,0.5
489.4096,0.5
489.4296,0.5
489.4496,0.5
489.4695,0.5
489.4895,0.5
489.5095,0.5
489.5295,0.5
489.5495,0.5
489.5695,0.5
489.5895,0.5
489.6095,0.5
489.6295,0.5
489.6494,0.5
489.6694,0.5
489.6894,0.5
489.7094,0.5
489.7294,0.5
489.7494,0.5
489.7694,0.5
489.7894,0.5
489.8094,0.5
489.8293,0.5
489.8493,0.5
489.8693,0.5
489.8893,0.5
489.9093,0.5
489.9293,0.5
489.9493,0.5
489.9693,0.5
489.9893,0.5
490.0092,0.5
490.0292,0.5
490.0492,0.5
490.0692,0.5
490.0892,0.5
490.1092,0.5
490.1292,0.5
490.1492,0.5
490.1692,0.5
490.1891,0.5
490.2091,0.5
490.2291,0.5
490.2491,0.5
490.2691,0.5
490.2891,0.5
490.3091,0.5
490.3291,0.5
490.3491,0.5
490.369,0.5
490.389,0.5
490.409,0.5
490.429,0.5
490.449,0.5
490.469,0.5
490.489,0.5
490.509,0.5
490.529,0.5
490.549,0.5
490.5689,0.5
490.5889,0.5
490.6089,0.5
490.6289,0.5
490.6489,0.5
490.6689,0.5
490.6889,0.5
490.7089,0.5
490.7289,0.5
490.7488,0.5
490.7688,0.5
490.7888,0.5
490.8088,0.5
490.8288,0.5
490.8488,0.5
490.8688,0.5
490.8888,0.5
490.9088,0.5
490.9287,0.5
490.9487,0.5
490.9687,0.5
490.9887,0.5
491.0087,0.5
491.0287,0.5
491.0487,0.5
491.0687,0.5
491.0887,0.5
491.1086,0.5
491.1286,0.5
491.1486,0.5
491.1686,0.5
491.1886,0.5
491.2086,0.5
491.2286,0.5
491.2486,0.5
491.2686,0.5
491.2885,0.5
491.3085,0.5
491.3285,0.5
491.3485,0.5
491.3685,0.5
491.3885,0.5
491.4085,0.5
491.4285,0.5
491.4485,0.5
491.4684,0.5
491.4884,0.5
491.5084,0.5
491.5284,0.5
491.5484,0.5
491.5684,0.5
491.5884,0.5
491.6084,0.5
491.6284,0.5
491.6483,0.5
491.6683,0.5
491.6883,0.5
491.7083,0.5
491.7283,0.5
491.7483,0.5
491.7683,0.5
491.7883,0.5
491.8083,0.5
491.8282,0.5
491.8482,0.5
491.8682,0.5
491.8882,0.5
491.9082,0.5
491.9282,0.5
491.9482,0.5
491.9682,0.5
491.9882,0.5
492.0081,0.5
492.0281,0.5
492.0481,0.5
492.0681,0.5
492.0881,0.5
492.1081,0.5
492.1281,0.5
492.1481,0.5
492.1681,0.5
492.188,0.5
492.208,0.5
492.228,0.5
492.248,0.5
492.268,0.5
492.288,0.5
492.308,0.5
492.328,0.5
492.348,0.5
492.368,0.5
492.3879,0.5
492.4079,0.5
492.4279,0.5
492.4479,0.5
492.4679,0.5
492.4879,0.5
492.5079,0.5
492.5279,0.5
492.5479,0.5
492.5678,0.5
492.5878,0.5
492.6078,0.5
492.6278,0.5
492.6478,0.5
492.6678,0.5
492.6878,0.5
492.7078,0.5
492.7278,0.5
492.7477,0.5
492.7677,0.5
492.7877,0.5
492.8077,0.5
492.8277,0.5
492.8477,0.5
492.8677,0.5
492.8877,0.5
492.9077,0.5
492.9276,0.5
492.9476,0.5
492.9676,0.5
492.9876,0.5
493.0076,0.5
493.0276,0.5
493.0476,0.5
493.0676,0.5
493.0876,0.5
493.1075,0.5
493.1275,0.5
493.1475,0.5
493.1675,0.5
493.1875,0.5
493.2075,0.5
493.2275,0.5
493.2475,0.5
493.2675,0.5
493.2874,0.5
493.3074,0.5
493.3274,0.5
493.3474,0.5
493.3674,0.5
493.3874,0.5
493.4074,0.5
493.4274,0.5
493.4474,0.5
493.4673,0.5
493.4873,0.5
493.5073,0.5
493.5273,0.5
493.5473,0.5
493.5673,0.5
493.5873,0.5
493.6073,0.5
493.6273,0.5
493.6472,0.5
493.6672,0.5
493.6872,0.5
493.7072,0.5
493.7272,0.5
493.7472,0.5
493.7672,0.5
493.7872,0.5
493.8072,0.5
493.8271,0.5
493.8471,0.5
493.8671,0.5
493.8871,0.5
493.9071,0.5
493.9271,0.5
493.9471,0.5
493.9671,0.5
493.9871,0.5
494.007,0.5
494.027,0.5
494.047,0.5
494.067,0.5
494.087,0.5
494.107,0.5
494.127,0.5
494.147,0.5
494.167,0.5
494.187,0.5
494.2069,0.5
494.2269,0.5
494.2469,0.5
494.2669,0.5
494.2869,0.5
494.3069,0.5
494.3269,0.5
494.3469,0.5
494.3669,0.5
494.3868,0.5
494.4068,0.5
494.4268,0.5
494.4468,0.5
494.4668,0.5
494.4868,0.5
494.5068,0.5
494.5268,0.5
494.5468,0.5
494.5667,0.5
494.5867,0.5
494.6067,0.5
494.6267,0.5
494.6467,0.5
494.6667,0.5
494.6867,0.5
494.7067,0.5
494.7267,0.5
494.7466,0.5
494.7666,0.5
494.7866,0.5
494.8066,0.5
494.8266,0.5
494.8466,0.5
494.8666,0.5
494.8866,0.5
494.9066,0.5
494.9265,0.5
494.9465,0.5
494.9665,0.5
494.9865,0.5
495.0065,0.5
495.0265,0.5
495.0465,0.5
495.0665,0.5
495.0865,0.5
495.1064,0.5
495.1264,0.5
495.1464,0.5
495.1664,0.5
495.1864,0.5
495.2064,0.5
495.2264,0.5
495.2464,0.5
495.2664,0.5
495.2863,0.5
495.3063,0.5
495.3263,0.5
495.3463,0.5
495.3663,0.5
495.3863,0.5
495.4063,0.5
495.4263,0.5
495.4463,0.5
495.4662,0.5
495.4862,0.5
495.5062,0.5
495.5262,0.5
495.5462,0.5
495.5662,0.5
495.5862,0.5
495.6062,0.5
495.6262,0.5
495.6461,0.5
495.6661,0.5
495.6861,0.5
495.7061,0.5
495.7261,0.5
495.7461,0.5
495.7661,0.5
495.7861,0.5
495.8061,0.5
495.826,0.5
495.846,0.5
495.866,0.5
495.886,0.5
495.906,0.5
495.926,0.5
495.946,0.5
495.966,0.5
495.986,0.5
496.006,0.5
496.0259,0.5
496.0459,0.5
496.0659,0.5
496.0859,0.5
496.1059,0.5
496.1259,0.5
496.1459,0.5
496.1659,0.5
496.1859,0.5
496.2058,0.5
496.2258,0.5
496.2458,0.5
496.2658,0.5
496.2858,0.5
496.3058,0.5
496.3258,0.5
496.3458,0.5
496.3658,0.5
496.3857,0.5
496.4057,0.5
496.4257,0.5
496.4457,0.5
496.4657,0.5
496.4857,0.5
496.5057,0.5
496.5257,0.5
496.5457,0.5
496.5656,0.5
496.5856,0.5
496.6056,0.5
496.6256,0.5
496.6456,0.5
496.6656,0.5
496.6856,0.5
496.7056,0.5
496.7256,0.5
496.7455,0.5
496.7655,0.5
496.7855,0.5
496.8055,0.5
496.8255,0.5
496.8455,0.5
496.8655,0.5
496.8855,0.5
496.9055,0.5
496.9254,0.5
496.9454,0.5
496.9654,0.5
496.9854,0.5
497.0054,0.5
497.0254,0.5
497.0454,0.5
497.0654,0.5
497.0854,0.5
497.1053,0.5
497.1253,0.5
497.1453,0.5
497.1653,0.5
497.1853,0.5
497.2053,0.5
497.2253,0.5
497.2453,0.5
497.2653,0.5
497.2852,0.5
497.3052,0.5
497.3252,0.5
497.3452,0.5
497.3652,0.5
497.3852,0.5
497.4052,0.5
497.4252,0.5
497.4452,0.5
497.4651,0.5
497.4851,0.5
497.5051,0.5
497.5251,0.5
497.5451,0.5
497.5651,0.5
497.5851,0.5
497.6051,0.5
497.6251,0.5
497.6451,0.5
497.665,0.5
497.685,0.5
497.705,0.5
497.725,0.5
497.745,0.5
497.765,0.5
497.785,0.5
497.805,0.5
497.825,0.5
497.8449,0.5
497.8649,0.5
497.8849,0.5
497.9049,0.5
497.9249,0.5
497.9449,0.5
497.9649,0.5
497.9849,0.5
498.0049,0.5
498.0248,0.5
498.0448,0.5
498.0648,0.5
498.0848,0.5
498.1048,0.5
498.1248,0.5
498.1448,0.5
498.1648,0.5
498.1848,0.5
498.2047,0.5
498.2247,0.5
498.2447,0.5
498.2647,0.5
498.2847,0.5
498.3047,0.5
498.3247,0.5
498.3447,0.5
498.3647,0.5
498.3846,0.5
498.4046,0.5
498.4246,0.5
498.4446,0.5
498.4646,0.5
498.4846,0.5
498.5046,0.5
498.5246,0.5
498.5446,0.5
498.5645,0.5
498.5845,0.5
498.6045,0.5
498.6245,0.5
498.6445,0.5
498.6645,0.5
498.6845,0.5
498.7045,0.5
498.7245,0.5
498.7444,0.5
498.7644,0.5
498.7844,0.5
498.8044,0.5
498.8244,0.5
498.8444,0.5
498.8644,0.5
498.8844,0.5
498.9044,0.5
498.9243,0.5
498.9443,0.5
498.9643,0.5
498.9843,0.5
499.0043,0.5
499.0243,0.5
499.0443,0.5
499.0643,0.5
499.0843,0.5
499.1042,0.5
499.1242,0.5
499.1442,0.5
499.1642,0.5
499.1842,0.5
499.2042,0.5
499.2242,0.5
499.2442,0.5
499.2642,0.5
499.2841,0.5
499.3041,0.5
499.3241,0.5
499.3441,0.5
499.3641,0.5
499.3841,0.5
499.4041,0.5
499.4241,0.5
499.4441,0.5
499.4641,0.5
499.484,0.5
499.504,0.5
499.524,0.5
499.544,0.5
499.564,0.5
499.584,0.5
499.604,0.5
499.624,0.5
499.644,0.5
499.6639,0.5
499.6839,0.5
499.7039,0.5
499.7239,0.5
499.7439,0.5
499.7639,0.5
499.7839,0.5
499.8039,0.5
499.8239,0.5
499.8438,0.5
499.8638,0.5
499.8838,0.5
499.9038,0.5
499.9238,0.5
499.9438,0.5
499.9638,0.5
499.9838,0.5
500.0038,0.5
500.0237,0.5
500.0437,0.5
500.0637,0.5
500.0837,0.5
500.1037,0.5
500.1237,0.5
500.1437,0.5
500.1637,0.5
500.1837,0.5
500.2036,0.5
500.2236,0.5
500.2436,0.5
500.2636,0.5
500.2836,0.5
500.3036,0.5
500.3236,0.5
500.3436,0.5
500.3636,0.5
500.3835,0.5
500.4035,0.5
500.4235,0.5
500.4435,0.5
500.4635,0.5
500.4835,0.5
500.5035,0.5
500.5235,0.5
500.5435,0.5
500.5634,0.5
500.5834,0.5
500.6034,0.5
500.6234,0.5
500.6434,0.5
500.6634,0.5
500.6834,0.5
500.7034,0.5
500.7234,0.5
500.7433,0.5
500.7633,0.5
500.7833,0.5
500.8033,0.5
500.8233,0.5
500.8433,0.5
500.8633,0.5
500.8833,0.5
500.9033,0.5
500.9232,0.5
500.9432,0.5
500.9632,0.5
500.9832,0.5
501.0032,0.5
501.0232,0.5
501.0432,0.5
501.0632,0.5
501.0832,0.5
501.1031,0.5
501.1231,0.5
501.1431,0.5
501.1631,0.5
501.1831,0.5
501.2031,0.5
501.2231,0.5
501.2431,0.5
501.2631,0.5
501.2831,0.5
501.303,0.5
501.323,0.5
501.343,0.5
501.363,0.5
501.383,0.5
501.403,0.5
501.423,0.5
501.443,0.5
501.463,0.5
501.4829,0.5
501.5029,0.5
501.5229,0.5
501.5429,0.5
501.5629,0.5
501.5829,0.5
501.6029,0.5
501.6229,0.5
501.6429,0.5
501.6628,0.5
501.6828,0.5
501.7028,0.5
501.7228,0.5
501.7428,0.5
501.7628,0.5
501.7828,0.5
501.8028,0.5
501.8228,0.5
501.8427,0.5
501.8627,0.5
501.8827,0.5
501.9027,0.5
501.9227,0.5
501.9427,0.5
501.9627,0.5
501.9827,0.5
502.0027,0.5
502.0226,0.5
502.0426,0.5
502.0626,0.5
502.0826,0.5
502.1026,0.5
502.1226,0.5
502.1426,0.5
502.1626,0.5
502.1826,0.5
502.2025,0.5
502.2225,0.5
502.2425,0.5
502.2625,0.5
502.2825,0.5
502.3025,0.5
502.3225,0.5
502.3425,0.5
502.3625,0.5
502.3824,0.5
502.4024,0.5
502.4224,0.5
502.4424,0.5
502.4624,0.5
502.4824,0.5
502.5024,0.5
502.5224,0.5
502.5424,0.5
502.5623,0.5
502.5823,0.5
502.6023,0.5
502.6223,0.5
502.6423,0.5
502.6623,0.5
502.6823,0.5
502.7023,0.5
502.7223,0.5
502.7422,0.5
502.7622,0.5
502.7822,0.5
502.8022,0.5
502.8222,0.5
502.8422,0.5
502.8622,0.5
502.8822,0.5
502.9022,0.5
502.9221,0.5
502.9421,0.5
502.9621,0.5
502.9821,0.5
503.0021,0.5
503.0221,0.5
503.0421,0.5
503.0621,0.5
503.0821,0.5
503.1021,0.5
503.122,0.5
503.142,0.5
503.162,0.5
503.182,0.5
503.202,0.5
503.222,0.5
503.242,0.5
503.262,0.5
503.282,0.5
503.3019,0.5
503.3219,0.5
503.3419,0.5
503.3619,0.5
503.3819,0.5
503.4019,0.5
503.4219,0.5
503.4419,0.5
503.4619,0.5
503.4818,0.5
503.5018,0.5
503.5218,0.5
503.5418,0.5
503.5618,0.5
503.5818,0.5
503.6018,0.5
503.6218,0.5
503.6418,0.5
503.6617,0.5
503.6817,0.5
503.7017,0.5
503.7217,0.5
503.7417,0.5
503.7617,0.5
503.7817,0.5
503.8017,0.5
503.8217,0.5
503.8416,0.5
503.8616,0.5
503.8816,0.5
503.9016,0.5
503.9216,0.5
503.9416,0.5
503.9616,0.5
503.9816,0.5
504.0016,0.5
504.0215,0.5
504.0415,0.5
504.0615,0.5
504.0815,0.5
504.1015,0.5
504.1215,0.5
504.1415,0.5
504.1615,0.5
504.1815,0.5
504.2014,0.5
504.2214,0.5
504.2414,0.5
504.2614,0.5
504.2814,0.5
504.3014,0.5
504.3214,0.5
504.3414,0.5
504.3614,0.5
504.3813,0.5
504.4013,0.5
504.4213,0.5
504.4413,0.5
504.4613,0.5
504.4813,0.5
504.5013,0.5
504.5213,0.5
504.5413,0.5
504.5612,0.5
504.5812,0.5
504.6012,0.5
504.6212,0.5
504.6412,0.5
504.6612,0.5
504.6812,0.5
504.7012,0.5
504.7212,0.5
504.7411,0.5
504.7611,0.5
504.7811,0.5
504.8011,0.5
504.8211,0.5
504.8411,0.5
504.8611,0.5
504.8811,0.5
504.9011,0.5
504.9211,0.5
504.941,0.5
504.961,0.5
504.981,0.5
505.001,0.5
505.021,0.5
505.041,0.5
505.061,0.5
505.081,0.5
505.101,0.5
505.1209,0.5
505.1409,0.5
505.1609,0.5
505.1809,0.5
505.2009,0.5
505.2209,0.5
505.2409,0.5
505.2609,0.5
505.2809,0.5
505.3008,0.5
505.3208,0.5
505.3408,0.5
505.3608,0.5
505.3808,0.5
505.4008,0.5
505.4208,0.5
505.4408,0.5
505.4608,0.5
505.4807,0.5
505.5007,0.5
505.5207,0.5
505.5407,0.5
505.5607,0.5
505.5807,0.5
505.6007,0.5
505.6207,0.5
505.6407,0.5
505.6606,0.5
505.6806,0.5
505.7006,0.5
505.7206,0.5
505.7406,0.5
505.7606,0.5
505.7806,0.5
505.8006,0.5
505.8206,0.5
505.8405,0.5
505.8605,0.5
505.8805,0.5
505.9005,0.5
505.9205,0.5
505.9405,0.5
505.9605,0.5
505.9805,0.5
506.0005,0.5
506.0204,0.5
506.0404,0.5
506.0604,0.5
506.0804,0.5
506.1004,0.5
506.1204,0.5
506.1404,0.5
506.1604,0.5
506.1804,0.5
506.2003,0.5
506.2203,0.5
506.2403,0.5
506.2603,0.5
506.2803,0.5
506.3003,0.5
506.3203,0.5
506.3403,0.5
506.3603,0.5
506.3802,0.5
506.4002,0.5
506.4202,0.5
506.4402,0.5
506.4602,0.5
506.4802,0.5
506.5002,0.5
506.5202,0.5
506.5402,0.5
506.5602,0.5
506.5801,0.5
506.6001,0.5
506.6201,0.5
506.6401,0.5
506.6601,0.5
506.6801,0.5
506.7001,0.5
506.7201,0.5
506.7401,0.5
506.76,0.5
506.78,0.5
506.8,0.5
506.82,0.5
506.84,0.5
506.86,0.5
506.88,0.5
506.9,0.5
506.92,0.5
506.9399,0.5
506.9599,0.5
506.9799,0.5
506.9999,0.5
507.0199,0.5
507.0399,0.5
507.0599,0.5
507.0799,0.5
507.0999,0.5
507.1198,0.5
507.1398,0.5
507.1598,0.5
507.1798,0.5
507.1998,0.5
507.2198,0.5
507.2398,0.5
507.2598,0.5
507.2798,0.5
507.2997,0.5
507.3197,0.5
507.3397,0.5
507.3597,0.5
507.3797,0.5
507.3997,0.5
507.4197,0.5
507.4397,0.5
507.4597,0.5
507.4796,0.5
507.4996,0.5
507.5196,0.5
507.5396,0.5
507.5596,0.5
507.5796,0.5
507.5996,0.5
507.6196,0.5
507.6396,0.5
507.6595,0.5
507.6795,0.5
507.6995,0.5
507.7195,0.5
507.7395,0.5
507.7595,0.5
507.7795,0.5
507.7995,0.5
507.8195,0.5
507.8394,0.5
507.8594,0.5
507.8794,0.5
507.8994,0.5
507.9194,0.5
507.9394,0.5
507.9594,0.5
507.9794,0.5
507.9994,0.5
508.0193,0.5
508.0393,0.5
508.0593,0.5
508.0793,0.5
508.0993,0.5
508.1193,0.5
508.1393,0.5
508.1593,0.5
508.1793,0.5
508.1992,0.5
508.2192,0.5
508.2392,0.5
508.2592,0.5
508.2792,0.5
508.2992,0.5
508.3192,0.5
508.3392,0.5
508.3592,0.5
508.3792,0.5
508.3991,0.5
508.4191,0.5
508.4391,0.5
508.4591,0.5
508.4791,0.5
508.4991,0.5
508.5191,0.5
508.5391,0.5
508.5591,0.5
508.579,0.5
508.599,0.5
508.619,0.5
508.639,0.5
508.659,0.5
508.679,0.5
508.699,0.5
508.719,0.5
508.739,0.5
508.7589,0.5
508.7789,0.5
508.7989,0.5
508.8189,0.5
508.8389,0.5
508.8589,0.5
508.8789,0.5
508.8989,0.5
508.9189,0.5
508.9388,0.5
508.9588,0.5
508.9788,0.5
508.9988,0.5
509.0188,0.5
509.0388,0.5
509.0588,0.5
509.0788,0.5
509.0988,0.5
509.1187,0.5
509.1387,0.5
509.1587,0.5
509.1787,0.5
509.1987,0.5
509.2187,0.5
509.2387,0.5
509.2587,0.5
509.2787,0.5
509.2986,0.5
509.3186,0.5
509.3386,0.5
509.3586,0.5
509.3786,0.5
509.3986,0.5
509.4186,0.5
509.4386,0.5
509.4586,0.5
509.4785,0.5
509.4985,0.5
509.5185,0.5
509.5385,0.5
509.5585,0.5
509.5785,0.5
509.5985,0.5
509.6185,0.5
509.6385,0.5
509.6584,0.5
509.6784,0.5
509.6984,0.5
509.7184,0.5
509.7384,0.5
509.7584,0.5
509.7784,0.5
509.7984,0.5
509.8184,0.5
509.8383,0.5
509.8583,0.5
509.8783,0.5
509.8983,0.5
509.9183,0.5
509.9383,0.5
509.9583,0.5
509.9783,0.5
509.9983,0.5
510.0182,0.5
510.0382,0.5
510.0582,0.5
510.0782,0.5
510.0982,0.5
510.1182,0.5
510.1382,0.5
510.1582,0.5
510.1782,0.5
510.1982,0.5
510.2181,0.5
510.2381,0.5
510.2581,0.5
510.2781,0.5
510.2981,0.5
510.3181,0.5
510.3381,0.5
510.3581,0.5
510.3781,0.5
510.398,0.5
510.418,0.5
510.438,0.5
510.458,0.5
510.478,0.5
510.498,0.5
510.518,0.5
510.538,0.5
510.558,0.5
510.5779,0.5
510.5979,0.5
510.6179,0.5
510.6379,0.5
510.6579,0.5
510.6779,0.5
510.6979,0.5
510.7179,0.5
510.7379,0.5
510.7578,0.5
510.7778,0.5
510.7978,0.5
510.8178,0.5
510.8378,0.5
510.8578,0.5
510.8778,0.5
510.8978,0.5
510.9178,0.5
510.9377,0.5
510.9577,0.5
510.9777,0.5
510.9977,0.5
511.0177,0.5
511.0377,0.5
511.0577,0.5
511.0777,0.5
511.0977,0.5
511.1176,0.5
511.1376,0.5
511.1576,0.5
511.1776,0.5
511.1976,0.5
511.2176,0.5
511.2376,0.5
511.2576,0.5
511.2776,0.5
511.2975,0.5
511.3175,0.5
511.3375,0.5
511.3575,0.5
511.3775,0.5
511.3975,0.5
511.4175,0.5
511.4375,0.5
511.4575,0.5
511.4774,0.5
511.4974,0.5
511.5174,0.5
511.5374,0.5
511.5574,0.5
511.5774,0.5
511.5974,0.5
511.6174,0.5
511.6374,0.5
511.6573,0.5
511.6773,0.5
511.6973,0.5
511.7173,0.5
511.7373,0.5
511.7573,0.5
511.7773,0.5
511.7973,0.5
511.8173,0.5
511.8372,0.5
511.8572,0.5
511.8772,0.5
511.8972,0.5
511.9172,0.5
511.9372,0.5
511.9572,0.5
511.9772,0.5
511.9972,0.5
512.0172,0.5
512.0372,0.5
512.0572,0.5
512.0772,0.5
512.0972,0.5
512.1172,0.5
512.1373,0.5
512.1573,0.5
512.1773,0.5
512.1973,0.5
512.2173,0.5
512.2374,0.5
512.2574,0.5
512.2774,0.5
512.2974,0.5
512.3174,0.5
512.3375,0.5
512.3575,0.5
512.3775,0.5
512.3975,0.5
512.4175,0.5
512.4376,0.5
512.4576,0.5
512.4776,0.5
512.4976,0.5
512.5176,0.5
512.5377,0.5
512.5577,0.5
512.5777,0.5
512.5977,0.5
512.6177,0.5
512.6378,0.5
512.6578,0.5
512.6778,0.5
512.6978,0.5
512.7178,0.5
512.7379,0.5
512.7579,0.5
512.7779,0.5
512.7979,0.5
512.8179,0.5
512.838,0.5
512.858,0.5
512.878,0.5
512.898,0.5
512.918,0.5
512.938,0.5
512.9581,0.5
512.9781,0.5
512.9981,0.5
513.0181,0.5
513.0381,0.5
513.0582,0.5
513.0782,0.5
513.0982,0.5
513.1182,0.5
513.1382,0.5
513.1583,0.5
513.1783,0.5
513.1983,0.5
513.2183,0.5
513.2383,0.5
513.2584,0.5
513.2784,0.5
513.2984,0.5
513.3184,0.5
513.3384,0.5
513.3585,0.5
513.3785,0.5
513.3985,0.5
513.4185,0.5
513.4385,0.5
513.4586,0.5
513.4786,0.5
513.4986,0.5
513.5186,0.5
513.5386,0.5
513.5587,0.5
513.5787,0.5
513.5987,0.5
513.6187,0.5
513.6387,0.5
513.6588,0.5
513.6788,0.5
513.6988,0.5
513.7188,0.5
513.7388,0.5
513.7589,0.5
513.7789,0.5
513.7989,0.5
513.8189,0.5
513.8389,0.5
513.8589,0.5
513.879,0.5
513.899,0.5
513.919,0.5
513.939,0.5
513.959,0.5
513.9791,0.5
513.9991,0.5
514.0191,0.5
514.0391,0.5
514.0591,0.5
514.0792,0.5
514.0992,0.5
514.1192,0.5
514.1392,0.5
514.1592,0.5
514.1793,0.5
514.1993,0.5
514.2193,0.5
514.2393,0.5
514.2593,0.5
514.2794,0.5
514.2994,0.5
514.3194,0.5
514.3394,0.5
514.3594,0.5
514.3795,0.5
514.3995,0.5
514.4195,0.5
514.4395,0.5
514.4595,0.5
514.4796,0.5
514.4996,0.5
514.5196,0.5
514.5396,0.5
514.5596,0.5
514.5797,0.5
514.5997,0.5
514.6197,0.5
514.6397,0.5
514.6597,0.5
514.6797,0.5
514.6998,0.5
514.7198,0.5
514.7398,0.5
514.7598,0.5
514.7798,0.5
514.7999,0.5
514.8199,0.5
514.8399,0.5
514.8599,0.5
514.8799,0.5
514.9,0.5
514.92,0.5
514.94,0.5
514.96,0.5
514.98,0.5
515.0001,0.5
515.0201,0.5
515.0401,0.5
515.0601,0.5
515.0801,0.5
515.1002,0.5
515.1202,0.5
515.1402,0.5
515.1602,0.5
515.1802,0.5
515.2003,0.5
515.2203,0.5
515.2403,0.5
515.2603,0.5
515.2803,0.5
515.3004,0.5
515.3204,0.5
515.3404,0.5
515.3604,0.5
515.3804,0.5
515.4005,0.5
515.4205,0.5
515.4405,0.5
515.4605,0.5
515.4805,0.5
515.5005,0.5
515.5206,0.5
515.5406,0.5
515.5606,0.5
515.5806,0.5
515.6006,0.5
515.6207,0.5
515.6407,0.5
515.6607,0.5
515.6807,0.5
515.7007,0.5
515.7208,0.5
515.7408,0.5
515.7608,0.5
515.7808,0.5
515.8008,0.5
515.8209,0.5
515.8409,0.5
515.8609,0.5
515.8809,0.5
515.9009,0.5
515.921,0.5
515.941,0.5
515.961,0.5
515.981,0.5
516.001,0.5
516.0211,0.5
516.0411,0.5
516.0611,0.5
516.0811,0.5
516.1011,0.5
516.1212,0.5
516.1412,0.5
516.1612,0.5
516.1812,0.5
516.2012,0.5
516.2213,0.5
516.2413,0.5
516.2613,0.5
516.2813,0.5
516.3013,0.5
516.3214,0.5
516.3414,0.5
516.3614,0.5
516.3814,0.5
516.4014,0.5
516.4214,0.5
516.4415,0.5
516.4615,0.5
516.4815,0.5
516.5015,0.5
516.5215,0.5
516.5416,0.5
516.5616,0.5
516.5816,0.5
516.6016,0.5
516.6216,0.5
516.6417,0.5
516.6617,0.5
516.6817,0.5
516.7017,0.5
516.7217,0.5
516.7418,0.5
516.7618,0.5
516.7818,0.5
516.8018,0.5
516.8218,0.5
516.8419,0.5
516.8619,0.5
516.8819,0.5
516.9019,0.5
516.9219,0.5
516.942,0.5
516.962,0.5
516.982,0.5
517.002,0.5
517.022,0.5
517.0421,0.5
517.0621,0.5
517.0821,0.5
517.1021,0.5
517.1221,0.5
517.1422,0.5
517.1622,0.5
517.1822,0.5
517.2022,0.5
517.2222,0.5
517.2422,0.5
517.2623,0.5
517.2823,0.5
517.3023,0.5
517.3223,0.5
517.3423,0.5
517.3624,0.5
517.3824,0.5
517.4024,0.5
517.4224,0.5
517.4424,0.5
517.4625,0.5
517.4825,0.5
517.5025,0.5
517.5225,0.5
517.5425,0.5
517.5626,0.5
517.5826,0.5
517.6026,0.5
517.6226,0.5
517.6426,0.5
517.6627,0.5
517.6827,0.5
517.7027,0.5
517.7227,0.5
517.7427,0.5
517.7628,0.5
517.7828,0.5
517.8028,0.5
517.8228,0.5
517.8428,0.5
517.8629,0.5
517.8829,0.5
517.9029,0.5
517.9229,0.5
517.9429,0.5
517.963,0.5
517.983,0.5
518.003,0.5
518.023,0.5
518.043,0.5
518.063,0.5
518.0831,0.5
518.1031,0.5
518.1231,0.5
518.1431,0.5
518.1631,0.5
518.1832,0.5
518.2032,0.5
518.2232,0.5
518.2432,0.5
518.2632,0.5
518.2833,0.5
518.3033,0.5
518.3233,0.5
518.3433,0.5
518.3633,0.5
518.3834,0.5
518.4034,0.5
518.4234,0.5
518.4434,0.5
518.4634,0.5
518.4835,0.5
518.5035,0.5
518.5235,0.5
518.5435,0.5
518.5635,0.5
518.5836,0.5
518.6036,0.5
518.6236,0.5
518.6436,0.5
518.6636,0.5
518.6837,0.5
518.7037,0.5
518.7237,0.5
518.7437,0.5
518.7637,0.5
518.7838,0.5
518.8038,0.5
518.8238,0.5
518.8438,0.5
518.8638,0.5
518.8839,0.5
518.9039,0.5
518.9239,0.5
518.9439,0.5
518.9639,0.5
518.9839,0.5
519.004,0.5
519.024,0.5
519.044,0.5
519.064,0.5
519.084,0.5
519.1041,0.5
519.1241,0.5
519.1441,0.5
519.1641,0.5
519.1841,0.5
519.2042,0.5
519.2242,0.5
519.2442,0.5
519.2642,0.5
519.2842,0.5
519.3043,0.5
519.3243,0.5
519.3443,0.5
519.3643,0.5
519.3843,0.5
519.4044,0.5
519.4244,0.5
519.4444,0.5
519.4644,0.5
519.4844,0.5
519.5045,0.5
519.5245,0.5
519.5445,0.5
519.5645,0.5
519.5845,0.5
519.6046,0.5
519.6246,0.5
519.6446,0.5
519.6646,0.5
519.6846,0.5
519.7047,0.5
519.7247,0.5
519.7447,0.5
519.7647,0.5
519.7847,0.5
519.8047,0.5
519.8248,0.5
519.8448,0.5
519.8648,0.5
519.8848,0.5
519.9048,0.5
519.9249,0.5
519.9449,0.5
519.9649,0.5
519.9849,0.5
520.0049,0.5
520.025,0.5
520.045,0.5
520.065,0.5
520.085,0.5
520.105,0.5
520.1251,0.5
520.1451,0.5
520.1651,0.5
520.1851,0.5
520.2051,0.5
520.2252,0.5
520.2452,0.5
520.2652,0.5
520.2852,0.5
520.3052,0.5
520.3253,0.5
520.3453,0.5
520.3653,0.5
520.3853,0.5
520.4053,0.5
520.4254,0.5
520.4454,0.5
520.4654,0.5
520.4854,0.5
520.5054,0.5
520.5255,0.5
520.5455,0.5
520.5655,0.5
520.5855,0.5
520.6055,0.5
520.6255,0.5
520.6456,0.5
520.6656,0.5
520.6856,0.5
520.7056,0.5
520.7256,0.5
520.7457,0.5
520.7657,0.5
520.7857,0.5
520.8057,0.5
520.8257,0.5
520.8458,0.5
520.8658,0.5
520.8858,0.5
520.9058,0.5
520.9258,0.5
520.9459,0.5
520.9659,0.5
520.9859,0.5
521.0059,0.5
521.0259,0.5
521.046,0.5
521.066,0.5
521.086,0.5
521.106,0.5
521.126,0.5
521.1461,0.5
521.1661,0.5
521.1861,0.5
521.2061,0.5
521.2261,0.5
521.2462,0.5
521.2662,0.5
521.2862,0.5
521.3062,0.5
521.3262,0.5
521.3463,0.5
521.3663,0.5
521.3863,0.5
521.4063,0.5
521.4263,0.5
521.4464,0.5
521.4664,0.5
521.4864,0.5
521.5064,0.5
521.5264,0.5
521.5464,0.5
521.5665,0.5
521.5865,0.5
521.6065,0.5
521.6265,0.5
521.6465,0.5
521.6666,0.5
521.6866,0.5
521.7066,0.5
521.7266,0.5
521.7466,0.5
521.7667,0.5
521.7867,0.5
521.8067,0.5
521.8267,0.5
521.8467,0.5
521.8668,0.5
521.8868,0.5
521.9068,0.5
521.9268,0.5
521.9468,0.5
521.9669,0.5
521.9869,0.5
522.0069,0.5
522.0269,0.5
522.0469,0.5
522.067,0.5
522.087,0.5
522.107,0.5
522.127,0.5
522.147,0.5
522.1671,0.5
522.1871,0.5
522.2071,0.5
522.2271,0.5
522.2471,0.5
522.2672,0.5
522.2872,0.5
522.3072,0.5
522.3272,0.5
522.3472,0.5
522.3672,0.5
522.3873,0.5
522.4073,0.5
522.4273,0.5
522.4473,0.5
522.4673,0.5
522.4874,0.5
522.5074,0.5
522.5274,0.5
522.5474,0.5
522.5674,0.5
522.5875,0.5
522.6075,0.5
522.6275,0.5
522.6475,0.5
522.6675,0.5
522.6876,0.5
522.7076,0.5
522.7276,0.5
522.7476,0.5
522.7676,0.5
522.7877,0.5
522.8077,0.5
522.8277,0.5
522.8477,0.5
522.8677,0.5
522.8878,0.5
522.9078,0.5
522.9278,0.5
522.9478,0.5
522.9678,0.5
522.9879,0.5
523.0079,0.5
523.0279,0.5
523.0479,0.5
523.0679,0.5
523.088,0.5
523.108,0.5
523.128,0.5
523.148,0.5
523.168,0.5
523.188,0.5
523.2081,0.5
523.2281,0.5
523.2481,0.5
523.2681,0.5
523.2881,0.5
523.3082,0.5
523.3282,0.5
523.3482,0.5
523.3682,0.5
523.3882,0.5
523.4083,0.5
523.4283,0.5
523.4483,0.5
523.4683,0.5
523.4883,0.5
523.5084,0.5
523.5284,0.5
523.5484,0.5
523.5684,0.5
523.5884,0.5
523.6085,0.5
523.6285,0.5
523.6485,0.5
523.6685,0.5
523.6885,0.5
523.7086,0.5
523.7286,0.5
523.7486,0.5
523.7686,0.5
523.7886,0.5
523.8087,0.5
523.8287,0.5
523.8487,0.5
523.8687,0.5
523.8887,0.5
523.9088,0.5
523.9288,0.5
523.9488,0.5
523.9688,0.5
523.9888,0.5
524.0089,0.5
524.0289,0.5
524.0489,0.5
524.0689,0.5
524.0889,0.5
524.1089,0.5
524.129,0.5
524.149,0.5
524.169,0.5
524.189,0.5
524.209,0.5
524.2291,0.5
524.2491,0.5
524.2691,0.5
524.2891,0.5
524.3091,0.5
524.3292,0.5
524.3492,0.5
524.3692,0.5
524.3892,0.5
524.4092,0.5
524.4293,0.5
524.4493,0.5
524.4693,0.5
524.4893,0.5
524.5093,0.5
524.5294,0.5
524.5494,0.5
524.5694,0.5
524.5894,0.5
524.6094,0.5
524.6295,0.5
524.6495,0.5
524.6695,0.5
524.6895,0.5
524.7095,0.5
524.7296,0.5
524.7496,0.5
524.7696,0.5
524.7896,0.5
524.8096,0.5
524.8297,0.5
524.8497,0.5
524.8697,0.5
524.8897,0.5
524.9097,0.5
524.9297,0.5
524.9498,0.5
524.9698,0.5
524.9898,0.5
525.0098,0.5
525.0298,0.5
525.0499,0.5
525.0699,0.5
525.0899,0.5
525.1099,0.5
525.1299,0.5
525.15,0.5
525.17,0.5
525.19,0.5
525.21,0.5
525.23,0.5
525.2501,0.5
525.2701,0.5
525.2901,0.5
525.3101,0.5
525.3301,0.5
525.3502,0.5
525.3702,0.5
525.3902,0.5
525.4102,0.5
525.4302,0.5
525.4503,0.5
525.4703,0.5
525.4903,0.5
525.5103,0.5
525.5303,0.5
525.5504,0.5
525.5704,0.5
525.5904,0.5
525.6104,0.5
525.6304,0.5
525.6505,0.5
525.6705,0.5
525.6905,0.5
525.7105,0.5
525.7305,0.5
525.7505,0.5
525.7706,0.5
525.7906,0.5
525.8106,0.5
525.8306,0.5
525.8506,0.5
525.8707,0.5
525.8907,0.5
525.9107,0.5
525.9307,0.5
525.9507,0.5
525.9708,0.5
525.9908,0.5
526.0108,0.5
526.0308,0.5
526.0508,0.5
526.0709,0.5
526.0909,0.5
526.1109,0.5
526.1309,0.5
526.1509,0.5
526.171,0.5
526.191,0.5
526.211,0.5
526.231,0.5
526.251,0.5
526.2711,0.5
526.2911,0.5
526.3111,0.5
526.3311,0.5
526.3511,0.5
526.3712,0.5
526.3912,0.5
526.4112,0.5
526.4312,0.5
526.4512,0.5
526.4713,0.5
526.4913,0.5
526.5113,0.5
526.5313,0.5
526.5513,0.5
526.5714,0.5
526.5914,0.5
526.6114,0.5
526.6314,0.5
526.6514,0.5
526.6714,0.5
526.6915,0.5
526.7115,0.5
526.7315,0.5
526.7515,0.5
526.7715,0.5
526.7916,0.5
526.8116,0.5
526.8316,0.5
526.8516,0.5
526.8716,0.5
526.8917,0.5
526.9117,0.5
526.9317,0.5
526.9517,0.5
526.9717,0.5
526.9918,0.5
527.0118,0.5
527.0318,0.5
527.0518,0.5
527.0718,0.5
527.0919,0.5
527.1119,0.5
527.1319,0.5
527.1519,0.5
527.1719,0.5
527.192,0.5
527.212,0.5
527.232,0.5
527.252,0.5
527.272,0.5
527.2921,0.5
527.3121,0.5
527.3321,0.5
527.3521,0.5
527.3721,0.5
527.3922,0.5
527.4122,0.5
527.4322,0.5
527.4522,0.5
527.4722,0.5
527.4922,0.5
527.5123,0.5
527.5323,0.5
527.5523,0.5
527.5723,0.5
527.5923,0.5
527.6124,0.5
527.6324,0.5
527.6524,0.5
527.6724,0.5
527.6924,0.5
527.7125,0.5
527.7325,0.5
527.7525,0.5
527.7725,0.5
527.7925,0.5
527.8126,0.5
527.8326,0.5
527.8526,0.5
527.8726,0.5
527.8926,0.5
527.9127,0.5
527.9327,0.5
527.9527,0.5
527.9727,0.5
527.9927,0.5
528.0128,0.5
528.0328,0.5
528.0528,0.5
528.0728,0.5
528.0928,0.5
528.1129,0.5
528.1329,0.5
528.1529,0.5
528.1729,0.5
528.1929,0.5
528.213,0.5
528.233,0.5
528.253,0.5
528.273,0.5
528.293,0.5
528.313,0.5
528.3331,0.5
528.3531,0.5
528.3731,0.5
528.3931,0.5
528.4131,0.5
528.4332,0.5
528.4532,0.5
528.4732,0.5
528.4932,0.5
528.5132,0.5
528.5333,0.5
528.5533,0.5
528.5733,0.5
528.5933,0.5
528.6133,0.5
528.6334,0.5
528.6534,0.5
528.6734,0.5
528.6934,0.5
528.7134,0.5
528.7335,0.5
528.7535,0.5
528.7735,0.5
528.7935,0.5
528.8135,0.5
528.8336,0.5
528.8536,0.5
528.8736,0.5
528.8936,0.5
528.9136,0.5
528.9337,0.5
528.9537,0.5
528.9737,0.5
528.9937,0.5
529.0137,0.5
529.0338,0.5
529.0538,0.5
529.0738,0.5
529.0938,0.5
529.1138,0.5
529.1339,0.5
529.1539,0.5
529.1739,0.5
529.1939,0.5
529.2139,0.5
529.2339,0.5
529.254,0.5
529.274,0.5
529.294,0.5
529.314,0.5
529.334,0.5
529.3541,0.5
529.3741,0.5
529.3941,0.5
529.4141,0.5
529.4341,0.5
529.4542,0.5
529.4742,0.5
529.4942,0.5
529.5142,0.5
529.5342,0.5
529.5543,0.5
529.5743,0.5
529.5943,0.5
529.6143,0.5
529.6343,0.5
529.6544,0.5
529.6744,0.5
529.6944,0.5
529.7144,0.5
529.7344,0.5
529.7545,0.5
529.7745,0.5
529.7945,0.5
529.8145,0.5
529.8345,0.5
529.8546,0.5
529.8746,0.5
529.8946,0.5
529.9146,0.5
529.9346,0.5
529.9547,0.5
529.9747,0.5
529.9947,0.5
530.0147,0.5
530.0347,0.5
530.0547,0.5
530.0748,0.5
530.0948,0.5
530.1148,0.5
530.1348,0.5
530.1548,0.5
530.1749,0.5
530.1949,0.5
530.2149,0.5
530.2349,0.5
530.2549,0.5
530.275,0.5
530.295,0.5
530.315,0.5
530.335,0.5
530.355,0.5
530.3751,0.5
530.3951,0.5
530.4151,0.5
530.4351,0.5
530.4551,0.5
530.4752,0.5
530.4952,0.5
530.5152,0.5
530.5352,0.5
530.5552,0.5
530.5753,0.5
530.5953,0.5
530.6153,0.5
530.6353,0.5
530.6553,0.5
530.6754,0.5
530.6954,0.5
530.7154,0.5
530.7354,0.5
530.7554,0.5
530.7755,0.5
530.7955,0.5
530.8155,0.5
530.8355,0.5
530.8555,0.5
530.8755,0.5
530.8956,0.5
530.9156,0.5
530.9356,0.5
530.9556,0.5
530.9756,0.5
530.9957,0.5
531.0157,0.5
531.0357,0.5
531.0557,0.5
531.0757,0.5
531.0958,0.5
531.1158,0.5
531.1358,0.5
531.1558,0.5
531.1758,0.5
531.1959,0.5
531.2159,0.5
531.2359,0.5
531.2559,0.5
531.2759,0.5
531.296,0.5
531.316,0.5
531.336,0.5
531.356,0.5
531.376,0.5
531.3961,0.5
531.4161,0.5
531.4361,0.5
531.4561,0.5
531.4761,0.5
531.4962,0.5
531.5162,0.5
531.5362,0.5
531.5562,0.5
531.5762,0.5
531.5963,0.5
531.6163,0.5
531.6363,0.5
531.6563,0.5
531.6763,0.5
531.6964,0.5
531.7164,0.5
531.7364,0.5
531.7564,0.5
531.7764,0.5
531.7964,0.5
531.8165,0.5
531.8365,0.5
531.8565,0.5
531.8765,0.5
531.8965,0.5
531.9166,0.5
531.9366,0.5
531.9566,0.5
531.9766,0.5
531.9966,0.5
532.0167,0.5
532.0367,0.5
532.0567,0.5
532.0767,0.5
532.0967,0.5
532.1168,0.5
532.1368,0.5
532.1568,0.5
532.1768,0.5
532.1968,0.5
532.2169,0.5
532.2369,0.5
532.2569,0.5
532.2769,0.5
532.2969,0.5
532.317,0.5
532.337,0.5
532.357,0.5
532.377,0.5
532.397,0.5
532.4171,0.5
532.4371,0.5
532.4571,0.5
532.4771,0.5
532.4971,0.5
532.5172,0.5
532.5372,0.5
532.5572,0.5
532.5772,0.5
532.5972,0.5
532.6172,0.5
532.6373,0.5
532.6573,0.5
532.6773,0.5
532.6973,0.5
532.7173,0.5
532.7374,0.5
532.7574,0.5
532.7774,0.5
532.7974,0.5
532.8174,0.5
532.8375,0.5
532.8575,0.5
532.8775,0.5
532.8975,0.5
532.9175,0.5
532.9376,0.5
532.9576,0.5
532.9776,0.5
532.9976,0.5
533.0176,0.5
533.0377,0.5
533.0577,0.5
533.0777,0.5
533.0977,0.5
533.1177,0.5
533.1378,0.5
533.1578,0.5
533.1778,0.5
533.1978,0.5
533.2178,0.5
533.2379,0.5
533.2579,0.5
533.2779,0.5
533.2979,0.5
533.3179,0.5
533.338,0.5
533.358,0.5
533.378,0.5
533.398,0.5
533.418,0.5
533.438,0.5
533.4581,0.5
533.4781,0.5
533.4981,0.5
533.5181,0.5
533.5381,0.5
533.5582,0.5
533.5782,0.5
533.5982,0.5
533.6182,0.5
533.6382,0.5
533.6583,0.5
533.6783,0.5
533.6983,0.5
533.7183,0.5
533.7383,0.5
533.7584,0.5
533.7784,0.5
533.7984,0.5
533.8184,0.5
533.8384,0.5
533.8585,0.5
533.8785,0.5
533.8985,0.5
533.9185,0.5
533.9385,0.5
533.9586,0.5
533.9786,0.5
533.9986,0.5
534.0186,0.5
534.0386,0.5
534.0587,0.5
534.0787,0.5
534.0987,0.5
534.1187,0.5
534.1387,0.5
534.1588,0.5
534.1788,0.5
534.1988,0.5
534.2188,0.5
534.2388,0.5
534.2589,0.5
534.2789,0.5
534.2989,0.5
534.3189,0.5
534.3389,0.5
534.3589,0.5
534.379,0.5
534.399,0.5
534.419,0.5
534.439,0.5
534.459,0.5
534.4791,0.5
534.4991,0.5
534.5191,0.5
534.5391,0.5
534.5591,0.5
534.5792,0.5
534.5992,0.5
534.6192,0.5
534.6392,0.5
534.6592,0.5
534.6793,0.5
534.6993,0.5
534.7193,0.5
534.7393,0.5
534.7593,0.5
534.7794,0.5
534.7994,0.5
534.8194,0.5
534.8394,0.5
534.8594,0.5
534.8795,0.5
534.8995,0.5
534.9195,0.5
534.9395,0.5
534.9595,0.5
534.9796,0.5
534.9996,0.5
535.0196,0.5
535.0396,0.5
535.0596,0.5
535.0797,0.5
535.0997,0.5
535.1197,0.5
535.1397,0.5
535.1597,0.5
535.1797,0.5
535.1998,0.5
535.2198,0.5
535.2398,0.5
535.2598,0.5
535.2798,0.5
535.2999,0.5
535.3199,0.5
535.3399,0.5
535.3599,0.5
535.3799,0.5
535.4,0.5
535.42,0.5
535.44,0.5
535.46,0.5
535.48,0.5
535.5001,0.5
535.5201,0.5
535.5401,0.5
535.5601,0.5
535.5801,0.5
535.6002,0.5
535.6202,0.5
535.6402,0.5
535.6602,0.5
535.6802,0.5
535.7003,0.5
535.7203,0.5
535.7403,0.5
535.7603,0.5
535.7803,0.5
535.8004,0.5
535.8204,0.5
535.8404,0.5
535.8604,0.5
535.8804,0.5
535.9005,0.5
535.9205,0.5
535.9405,0.5
535.9605,0.5
535.9805,0.5
536.0005,0.5
536.0206,0.5
536.0406,0.5
536.0606,0.5
536.0806,0.5
536.1006,0.5
536.1207,0.5
536.1407,0.5
536.1607,0.5
536.1807,0.5
536.2007,0.5
536.2208,0.5
536.2408,0.5
536.2608,0.5
536.2808,0.5
536.3008,0.5
536.3209,0.5
536.3409,0.5
536.3609,0.5
536.3809,0.5
536.4009,0.5
536.421,0.5
536.441,0.5
536.461,0.5
536.481,0.5
536.501,0.5
536.5211,0.5
536.5411,0.5
536.5611,0.5
536.5811,0.5
536.6011,0.5
536.6212,0.5
536.6412,0.5
536.6612,0.5
536.6812,0.5
536.7012,0.5
536.7213,0.5
536.7413,0.5
536.7613,0.5
536.7813,0.5
536.8013,0.5
536.8214,0.5
536.8414,0.5
536.8614,0.5
536.8814,0.5
536.9014,0.5
536.9214,0.5
536.9415,0.5
536.9615,0.5
536.9815,0.5
537.0015,0.5
537.0215,0.5
537.0416,0.5
537.0616,0.5
537.0816,0.5
537.1016,0.5
537.1216,0.5
537.1417,0.5
537.1617,0.5
537.1817,0.5
537.2017,0.5
537.2217,0.5
537.2418,0.5
537.2618,0.5
537.2818,0.5
537.3018,0.5
537.3218,0.5
537.3419,0.5
537.3619,0.5
537.3819,0.5
537.4019,0.5
537.4219,0.5
537.442,0.5
537.462,0.5
537.482,0.5
537.502,0.5
537.522,0.5
537.5421,0.5
537.5621,0.5
537.5821,0.5
537.6021,0.5
537.6221,0.5
537.6422,0.5
537.6622,0.5
537.6822,0.5
537.7022,0.5
537.7222,0.5
537.7422,0.5
537.7623,0.5
537.7823,0.5
537.8023,0.5
537.8223,0.5
537.8423,0.5
537.8624,0.5
537.8824,0.5
537.9024,0.5
537.9224,0.5
537.9424,0.5
537.9625,0.5
537.9825,0.5
538.0025,0.5
538.0225,0.5
538.0425,0.5
538.0626,0.5
538.0826,0.5
538.1026,0.5
538.1226,0.5
538.1426,0.5
538.1627,0.5
538.1827,0.5
538.2027,0.5
538.2227,0.5
538.2427,0.5
538.2628,0.5
538.2828,0.5
538.3028,0.5
538.3228,0.5
538.3428,0.5
538.3629,0.5
538.3829,0.5
538.4029,0.5
538.4229,0.5
538.4429,0.5
538.463,0.5
538.483,0.5
538.503,0.5
538.523,0.5
538.543,0.5
538.563,0.5
538.5831,0.5
538.6031,0.5
538.6231,0.5
538.6431,0.5
538.6631,0.5
538.6832,0.5
538.7032,0.5
538.7232,0.5
538.7432,0.5
538.7632,0.5
538.7833,0.5
538.8033,0.5
538.8233,0.5
538.8433,0.5
538.8633,0.5
538.8834,0.5
538.9034,0.5
538.9234,0.5
538.9434,0.5
538.9634,0.5
538.9835,0.5
539.0035,0.5
539.0235,0.5
539.0435,0.5
539.0635,0.5
539.0836,0.5
539.1036,0.5
539.1236,0.5
539.1436,0.5
539.1636,0.5
539.1837,0.5
539.2037,0.5
539.2237,0.5
539.2437,0.5
539.2637,0.5
539.2838,0.5
539.3038,0.5
539.3238,0.5
539.3438,0.5
539.3638,0.5
539.3839,0.5
539.4039,0.5
539.4239,0.5
539.4439,0.5
539.4639,0.5
539.4839,0.5
539.504,0.5
539.524,0.5
539.544,0.5
539.564,0.5
539.584,0.5
539.6041,0.5
539.6241,0.5
539.6441,0.5
539.6641,0.5
539.6841,0.5
539.7042,0.5
539.7242,0.5
539.7442,0.5
539.7642,0.5
539.7842,0.5
539.8043,0.5
539.8243,0.5
539.8443,0.5
539.8643,0.5
539.8843,0.5
539.9044,0.5
539.9244,0.5
539.9444,0.5
539.9644,0.5
539.9844,0.5
540.0045,0.5
540.0245,0.5
540.0445,0.5
540.0645,0.5
540.0845,0.5
540.1046,0.5
540.1246,0.5
540.1446,0.5
540.1646,0.5
540.1846,0.5
540.2047,0.5
540.2247,0.5
540.2447,0.5
540.2647,0.5
540.2847,0.5
540.3047,0.5
540.3248,0.5
540.3448,0.5
540.3648,0.5
540.3848,0.5
540.4048,0.5
540.4249,0.5
540.4449,0.5
540.4649,0.5
540.4849,0.5
540.5049,0.5
540.525,0.5
540.545,0.5
540.565,0.5
540.585,0.5
540.605,0.5
540.6251,0.5
540.6451,0.5
540.6651,0.5
540.6851,0.5
540.7051,0.5
540.7252,0.5
540.7452,0.5
540.7652,0.5
540.7852,0.5
540.8052,0.5
540.8253,0.5
540.8453,0.5
540.8653,0.5
540.8853,0.5
540.9053,0.5
540.9254,0.5
540.9454,0.5
540.9654,0.5
540.9854,0.5
541.0054,0.5
541.0255,0.5
541.0455,0.5
541.0655,0.5
541.0855,0.5
541.1055,0.5
541.1255,0.5
541.1456,0.5
541.1656,0.5
541.1856,0.5
541.2056,0.5
541.2256,0.5
541.2457,0.5
541.2657,0.5
541.2857,0.5
541.3057,0.5
541.3257,0.5
541.3458,0.5
541.3658,0.5
541.3858,0.5
541.4058,0.5
541.4258,0.5
541.4459,0.5
541.4659,0.5
541.4859,0.5
541.5059,0.5
541.5259,0.5
541.546,0.5
541.566,0.5
541.586,0.5
541.606,0.5
541.626,0.5
541.6461,0.5
541.6661,0.5
541.6861,0.5
541.7061,0.5
541.7261,0.5
541.7462,0.5
541.7662,0.5
541.7862,0.5
541.8062,0.5
541.8262,0.5
541.8463,0.5
541.8663,0.5
541.8863,0.5
541.9063,0.5
541.9263,0.5
541.9464,0.5
541.9664,0.5
541.9864,0.5
542.0064,0.5
542.0264,0.5
542.0464,0.5
542.0665,0.5
542.0865,0.5
542.1065,0.5
542.1265,0.5
542.1465,0.5
542.1666,0.5
542.1866,0.5
542.2066,0.5
542.2266,0.5
542.2466,0.5
542.2667,0.5
542.2867,0.5
542.3067,0.5
542.3267,0.5
542.3467,0.5
542.3668,0.5
542.3868,0.5
542.4068,0.5
542.4268,0.5
542.4468,0.5
542.4669,0.5
542.4869,0.5
542.5069,0.5
542.5269,0.5
542.5469,0.5
542.567,0.5
542.587,0.5
542.607,0.5
542.627,0.5
542.647,0.5
542.6671,0.5
542.6871,0.5
542.7071,0.5
542.7271,0.5
542.7471,0.5
542.7672,0.5
542.7872,0.5
542.8072,0.5
542.8272,0.5
542.8472,0.5
542.8672,0.5
542.8873,0.5
542.9073,0.5
542.9273,0.5
542.9473,0.5
542.9673,0.5
542.9874,0.5
543.0074,0.5
543.0274,0.5
543.0474,0.5
543.0674,0.5
543.0875,0.5
543.1075,0.5
543.1275,0.5
543.1475,0.5
543.1675,0.5
543.1876,0.5
543.2076,0.5
543.2276,0.5
543.2476,0.5
543.2676,0.5
543.2877,0.5
543.3077,0.5
543.3277,0.5
543.3477,0.5
543.3677,0.5
543.3878,0.5
543.4078,0.5
543.4278,0.5
543.4478,0.5
543.4678,0.5
543.4879,0.5
543.5079,0.5
543.5279,0.5
543.5479,0.5
543.5679,0.5
543.588,0.5
543.608,0.5
543.628,0.5
543.648,0.5
543.668,0.5
543.688,0.5
543.7081,0.5
543.7281,0.5
543.7481,0.5
543.7681,0.5
543.7881,0.5
543.8082,0.5
543.8282,0.5
543.8482,0.5
543.8682,0.5
543.8882,0.5
543.9083,0.5
543.9283,0.5
543.9483,0.5
543.9683,0.5
543.9883,0.5
544.0084,0.5
544.0284,0.5
544.0484,0.5
544.0684,0.5
544.0884,0.5
544.1085,0.5
544.1285,0.5
544.1485,0.5
544.1685,0.5
544.1885,0.5
544.2086,0.5
544.2286,0.5
544.2486,0.5
544.2686,0.5
544.2886,0.5
544.3087,0.5
544.3287,0.5
544.3487,0.5
544.3687,0.5
544.3887,0.5
544.4088,0.5
544.4288,0.5
544.4488,0.5
544.4688,0.5
544.4888,0.5
544.5089,0.5
544.5289,0.5
544.5489,0.5
544.5689,0.5
544.5889,0.5
544.6089,0.5
544.629,0.5
544.649,0.5
544.669,0.5
544.689,0.5
544.709,0.5
544.7291,0.5
544.7491,0.5
544.7691,0.5
544.7891,0.5
544.8091,0.5
544.8292,0.5
544.8492,0.5
544.8692,0.5
544.8892,0.5
544.9092,0.5
544.9293,0.5
544.9493,0.5
544.9693,0.5
544.9893,0.5
545.0093,0.5
545.0294,0.5
545.0494,0.5
545.0694,0.5
545.0894,0.5
545.1094,0.5
545.1295,0.5
545.1495,0.5
545.1695,0.5
545.1895,0.5
545.2095,0.5
545.2296,0.5
545.2496,0.5
545.2696,0.5
545.2896,0.5
545.3096,0.5
545.3297,0.5
545.3497,0.5
545.3697,0.5
545.3897,0.5
545.4097,0.5
545.4297,0.5
545.4498,0.5
545.4698,0.5
545.4898,0.5
545.5098,0.5
545.5298,0.5
545.5499,0.5
545.5699,0.5
545.5899,0.5
545.6099,0.5
545.6299,0.5
545.65,0.5
545.67,0.5
545.69,0.5
545.71,0.5
545.73,0.5
545.7501,0.5
545.7701,0.5
545.7901,0.5
545.8101,0.5
545.8301,0.5
545.8502,0.5
545.8702,0.5
545.8902,0.5
545.9102,0.5
545.9302,0.5
545.9503,0.5
545.9703,0.5
545.9903,0.5
546.0103,0.5
546.0303,0.5
546.0504,0.5
546.0704,0.5
546.0904,0.5
546.1104,0.5
546.1304,0.5
546.1505,0.5
546.1705,0.5
546.1905,0.5
546.2105,0.5
546.2305,0.5
546.2505,0.5
546.2706,0.5
546.2906,0.5
546.3106,0.5
546.3306,0.5
546.3506,0.5
546.3707,0.5
546.3907,0.5
546.4107,0.5
546.4307,0.5
546.4507,0.5
546.4708,0.5
546.4908,0.5
546.5108,0.5
546.5308,0.5
546.5508,0.5
546.5709,0.5
546.5909,0.5
546.6109,0.5
546.6309,0.5
546.6509,0.5
546.671,0.5
546.691,0.5
546.711,0.5
546.731,0.5
546.751,0.5
546.7711,0.5
546.7911,0.5
546.8111,0.5
546.8311,0.5
546.8511,0.5
546.8712,0.5
546.8912,0.5
546.9112,0.5
546.9312,0.5
546.9512,0.5
546.9713,0.5
546.9913,0.5
547.0113,0.5
547.0313,0.5
547.0513,0.5
547.0714,0.5
547.0914,0.5
547.1114,0.5
547.1314,0.5
547.1514,0.5
547.1714,0.5
547.1915,0.5
547.2115,0.5
547.2315,0.5
547.2515,0.5
547.2715,0.5
547.2916,0.5
547.3116,0.5
547.3316,0.5
547.3516,0.5
547.3716,0.5
547.3917,0.5
547.4117,0.5
547.4317,0.5
547.4517,0.5
547.4717,0.5
547.4918,0.5
547.5118,0.5
547.5318,0.5
547.5518,0.5
547.5718,0.5
547.5919,0.5
547.6119,0.5
547.6319,0.5
547.6519,0.5
547.6719,0.5
547.692,0.5
547.712,0.5
547.732,0.5
547.752,0.5
547.772,0.5
547.7921,0.5
547.8121,0.5
547.8321,0.5
547.8521,0.5
547.8721,0.5
547.8922,0.5
547.9122,0.5
547.9322,0.5
547.9522,0.5
547.9722,0.5
547.9922,0.5
548.0123,0.5
548.0323,0.5
548.0523,0.5
548.0723,0.5
548.0923,0.5
548.1124,0.5
548.1324,0.5
548.1524,0.5
548.1724,0.5
548.1924,0.5
548.2125,0.5
548.2325,0.5
548.2525,0.5
548.2725,0.5
548.2925,0.5
548.3126,0.5
548.3326,0.5
548.3526,0.5
548.3726,0.5
548.3926,0.5
548.4127,0.5
548.4327,0.5
548.4527,0.5
548.4727,0.5
548.4927,0.5
548.5128,0.5
548.5328,0.5
548.5528,0.5
548.5728,0.5
548.5928,0.5
548.6129,0.5
548.6329,0.5
548.6529,0.5
548.6729,0.5
548.6929,0.5
548.713,0.5
548.733,0.5
548.753,0.5
548.773,0.5
548.793,0.5
548.813,0.5
548.8331,0.5
548.8531,0.5
548.8731,0.5
548.8931,0.5
548.9131,0.5
548.9332,0.5
548.9532,0.5
548.9732,0.5
548.9932,0.5
549.0132,0.5
549.0333,0.5
549.0533,0.5
549.0733,0.5
549.0933,0.5
549.1133,0.5
549.1334,0.5
549.1534,0.5
549.1734,0.5
549.1934,0.5
549.2134,0.5
549.2335,0.5
549.2535,0.5
549.2735,0.5
549.2935,0.5
549.3135,0.5
549.3336,0.5
549.3536,0.5
549.3736,0.5
549.3936,0.5
549.4136,0.5
549.4337,0.5
549.4537,0.5
549.4737,0.5
549.4937,0.5
549.5137,0.5
549.5338,0.5
549.5538,0.5
549.5738,0.5
549.5938,0.5
549.6138,0.5
549.6339,0.5
549.6539,0.5
549.6739,0.5
549.6939,0.5
549.7139,0.5
549.7339,0.5
549.754,0.5
549.774,0.5
549.794,0.5
549.814,0.5
549.834,0.5
549.8541,0.5
549.8741,0.5
549.8941,0.5
549.9141,0.5
549.9341,0.5
549.9542,0.5
549.9742,0.5
549.9942,0.5
550.0142,0.5
550.0342,0.5
550.0543,0.5
550.0743,0.5
550.0943,0.5
550.1143,0.5
550.1343,0.5
550.1544,0.5
550.1744,0.5
550.1944,0.5
550.2144,0.5
550.2344,0.5
550.2545,0.5
550.2745,0.5
550.2945,0.5
550.3145,0.5
550.3345,0.5
550.3546,0.5
550.3746,0.5
550.3946,0.5
550.4146,0.5
550.4346,0.5
550.4547,0.5
550.4747,0.5
550.4947,0.5
550.5147,0.5
550.5347,0.5
550.5547,0.5
550.5748,0.5
550.5948,0.5
550.6148,0.5
550.6348,0.5
550.6548,0.5
550.6749,0.5
550.6949,0.5
550.7149,0.5
550.7349,0.5
550.7549,0.5
550.775,0.5
550.795,0.5
550.815,0.5
550.835,0.5
550.855,0.5
550.8751,0.5
550.8951,0.5
550.9151,0.5
550.9351,0.5
550.9551,0.5
550.9752,0.5
550.9952,0.5
551.0152,0.5
551.0352,0.5
551.0552,0.5
551.0753,0.5
551.0953,0.5
551.1153,0.5
551.1353,0.5
551.1553,0.5
551.1754,0.5
551.1954,0.5
551.2154,0.5
551.2354,0.5
551.2554,0.5
551.2755,0.5
551.2955,0.5
551.3155,0.5
551.3355,0.5
551.3555,0.5
551.3755,0.5
551.3956,0.5
551.4156,0.5
551.4356,0.5
551.4556,0.5
551.4756,0.5
551.4957,0.5
551.5157,0.5
551.5357,0.5
551.5557,0.5
551.5757,0.5
551.5958,0.5
551.6158,0.5
551.6358,0.5
551.6558,0.5
551.6758,0.5
551.6959,0.5
551.7159,0.5
551.7359,0.5
551.7559,0.5
551.7759,0.5
551.796,0.5
551.816,0.5
551.836,0.5
551.856,0.5
551.876,0.5
551.8961,0.5
551.9161,0.5
551.9361,0.5
551.9561,0.5
551.9761,0.5
551.9962,0.5
552.0162,0.5
552.0362,0.5
552.0562,0.5
552.0762,0.5
552.0963,0.5
552.1163,0.5
552.1363,0.5
552.1563,0.5
552.1763,0.5
552.1964,0.5
552.2164,0.5
552.2364,0.5
552.2564,0.5
552.2764,0.5
552.2964,0.5
552.3165,0.5
552.3365,0.5
552.3565,0.5
552.3765,0.5
552.3965,0.5
552.4166,0.5
552.4366,0.5
552.4566,0.5
552.4766,0.5
552.4966,0.5
552.5167,0.5
552.5367,0.5
552.5567,0.5
552.5767,0.5
552.5967,0.5
552.6168,0.5
552.6368,0.5
552.6568,0.5
552.6768,0.5
552.6968,0.5
552.7169,0.5
552.7369,0.5
552.7569,0.5
552.7769,0.5
552.7969,0.5
552.817,0.5
552.837,0.5
552.857,0.5
552.877,0.5
552.897,0.5
552.9171,0.5
552.9371,0.5
552.9571,0.5
552.9771,0.5
552.9971,0.5
553.0172,0.5
553.0372,0.5
553.0572,0.5
553.0772,0.5
553.0972,0.5
553.1172,0.5
553.1373,0.5
553.1573,0.5
553.1773,0.5
553.1973,0.5
553.2173,0.5
553.2374,0.5
553.2574,0.5
553.2774,0.5
553.2974,0.5
553.3174,0.5
553.3375,0.5
553.3575,0.5
553.3775,0.5
553.3975,0.5
553.4175,0.5
553.4376,0.5
553.4576,0.5
553.4776,0.5
553.4976,0.5
553.5176,0.5
553.5377,0.5
553.5577,0.5
553.5777,0.5
553.5977,0.5
553.6177,0.5
553.6378,0.5
553.6578,0.5
553.6778,0.5
553.6978,0.5
553.7178,0.5
553.7379,0.5
553.7579,0.5
553.7779,0.5
553.7979,0.5
553.8179,0.5
553.838,0.5
553.858,0.5
553.878,0.5
553.898,0.5
553.918,0.5
553.938,0.5
553.9581,0.5
553.9781,0.5
553.9981,0.5
554.0181,0.5
554.0381,0.5
554.0582,0.5
554.0782,0.5
554.0982,0.5
554.1182,0.5
554.1382,0.5
554.1583,0.5
554.1783,0.5
554.1983,0.5
554.2183,0.5
554.2383,0.5
554.2584,0.5
554.2784,0.5
554.2984,0.5
554.3184,0.5
554.3384,0.5
554.3585,0.5
554.3785,0.5
554.3985,0.5
554.4185,0.5
554.4385,0.5
554.4586,0.5
554.4786,0.5
554.4986,0.5
554.5186,0.5
554.5386,0.5
554.5587,0.5
554.5787,0.5
554.5987,0.5
554.6187,0.5
554.6387,0.5
554.6588,0.5
554.6788,0.5
554.6988,0.5
554.7188,0.5
554.7388,0.5
554.7589,0.5
554.7789,0.5
554.7989,0.5
554.8189,0.5
554.8389,0.5
554.8589,0.5
554.879,0.5
554.899,0.5
554.919,0.5
554.939,0.5
554.959,0.5
554.9791,0.5
554.9991,0.5
555.0191,0.5
555.0391,0.5
555.0591,0.5
555.0792,0.5
555.0992,0.5
555.1192,0.5
555.1392,0.5
555.1592,0.5
555.1793,0.5
555.1993,0.5
555.2193,0.5
555.2393,0.5
555.2593,0.5
555.2794,0.5
555.2994,0.5
555.3194,0.5
555.3394,0.5
555.3594,0.5
555.3795,0.5
555.3995,0.5
555.4195,0.5
555.4395,0.5
555.4595,0.5
555.4796,0.5
555.4996,0.5
555.5196,0.5
555.5396,0.5
555.5596,0.5
555.5797,0.5
555.5997,0.5
555.6197,0.5
555.6397,0.5
555.6597,0.5
555.6797,0.5
555.6998,0.5
555.7198,0.5
555.7398,0.5
555.7598,0.5
555.7798,0.5
555.7999,0.5
555.8199,0.5
555.8399,0.5
555.8599,0.5
555.8799,0.5
555.9,0.5
555.92,0.5
555.94,0.5
555.96,0.5
555.98,0.5
556.0001,0.5
556.0201,0.5
556.0401,0.5
556.0601,0.5
556.0801,0.5
556.1002,0.5
556.1202,0.5
556.1402,0.5
556.1602,0.5
556.1802,0.5
556.2003,0.5
556.2203,0.5
556.2403,0.5
556.2603,0.5
556.2803,0.5
556.3004,0.5
556.3204,0.5
556.3404,0.5
556.3604,0.5
556.3804,0.5
556.4005,0.5
556.4205,0.5
556.4405,0.5
556.4605,0.5
556.4805,0.5
556.5005,0.5
556.5206,0.5
556.5406,0.5
556.5606,0.5
556.5806,0.5
556.6006,0.5
556.6207,0.5
556.6407,0.5
556.6607,0.5
556.6807,0.5
556.7007,0.5
556.7208,0.5
556.7408,0.5
556.7608,0.5
556.7808,0.5
556.8008,0.5
556.8209,0.5
556.8409,0.5
556.8609,0.5
556.8809,0.5
556.9009,0.5
556.921,0.5
556.941,0.5
556.961,0.5
556.981,0.5
557.001,0.5
557.0211,0.5
557.0411,0.5
557.0611,0.5
557.0811,0.5
557.1011,0.5
557.1212,0.5
557.1412,0.5
557.1612,0.5
557.1812,0.5
557.2012,0.5
557.2213,0.5
557.2413,0.5
557.2613,0.5
557.2813,0.5
557.3013,0.5
557.3214,0.5
557.3414,0.5
557.3614,0.5
557.3814,0.5
557.4014,0.5
557.4214,0.5
557.4415,0.5
557.4615,0.5
557.4815,0.5
557.5015,0.5
557.5215,0.5
557.5416,0.5
557.5616,0.5
557.5816,0.5
557.6016,0.5
557.6216,0.5
557.6417,0.5
557.6617,0.5
557.6817,0.5
557.7017,0.5
557.7217,0.5
557.7418,0.5
557.7618,0.5
557.7818,0.5
557.8018,0.5
557.8218,0.5
557.8419,0.5
557.8619,0.5
557.8819,0.5
557.9019,0.5
557.9219,0.5
557.942,0.5
557.962,0.5
557.982,0.5
558.002,0.5
558.022,0.5
558.0421,0.5
558.0621,0.5
558.0821,0.5
558.1021,0.5
558.1221,0.5
558.1422,0.5
558.1622,0.5
558.1822,0.5
558.2022,0.5
558.2222,0.5
558.2422,0.5
558.2623,0.5
558.2823,0.5
558.3023,0.5
558.3223,0.5
558.3423,0.5
558.3624,0.5
558.3824,0.5
558.4024,0.5
558.4224,0.5
558.4424,0.5
558.4625,0.5
558.4825,0.5
558.5025,0.5
558.5225,0.5
558.5425,0.5
558.5626,0.5
558.5826,0.5
558.6026,0.5
558.6226,0.5
558.6426,0.5
558.6627,0.5
558.6827,0.5
558.7027,0.5
558.7227,0.5
558.7427,0.5
558.7628,0.5
558.7828,0.5
558.8028,0.5
558.8228,0.5
558.8428,0.5
558.8629,0.5
558.8829,0.5
558.9029,0.5
558.9229,0.5
558.9429,0.5
558.963,0.5
558.983,0.5
559.003,0.5
559.023,0.5
559.043,0.5
559.063,0.5
559.0831,0.5
559.1031,0.5
559.1231,0.5
559.1431,0.5
559.1631,0.5
559.1832,0.5
559.2032,0.5
559.2232,0.5
559.2432,0.5
559.2632,0.5
559.2833,0.5
559.3033,0.5
559.3233,0.5
559.3433,0.5
559.3633,0.5
559.3834,0.5
559.4034,0.5
559.4234,0.5
559.4434,0.5
559.4634,0.5
559.4835,0.5
559.5035,0.5
559.5235,0.5
559.5435,0.5
559.5635,0.5
559.5836,0.5
559.6036,0.5
559.6236,0.5
559.6436,0.5
559.6636,0.5
559.6837,0.5
559.7037,0.5
559.7237,0.5
559.7437,0.5
559.7637,0.5
559.7838,0.5
559.8038,0.5
559.8238,0.5
559.8438,0.5
559.8638,0.5
559.8839,0.5
559.9039,0.5
559.9239,0.5
559.9439,0.5
559.9639,0.5
559.9839,0.5
560.004,0.5
560.024,0.5
560.044,0.5
560.064,0.5
560.084,0.5
560.1041,0.5
560.1241,0.5
560.1441,0.5
560.1641,0.5
560.1841,0.5
560.2042,0.5
560.2242,0.5
560.2442,0.5
560.2642,0.5
560.2842,0.5
560.3043,0.5
560.3243,0.5
560.3443,0.5
560.3643,0.5
560.3843,0.5
560.4044,0.5
560.4244,0.5
560.4444,0.5
560.4644,0.5
560.4844,0.5
560.5045,0.5
560.5245,0.5
560.5445,0.5
560.5645,0.5
560.5845,0.5
560.6046,0.5
560.6246,0.5
560.6446,0.5
560.6646,0.5
560.6846,0.5
560.7047,0.5
560.7247,0.5
560.7447,0.5
560.7647,0.5
560.7847,0.5
560.8047,0.5
560.8248,0.5
560.8448,0.5
560.8648,0.5
560.8848,0.5
560.9048,0.5
560.9249,0.5
560.9449,0.5
560.9649,0.5
560.9849,0.5
561.0049,0.5
561.025,0.5
561.045,0.5
561.065,0.5
561.085,0.5
561.105,0.5
561.1251,0.5
561.1451,0.5
561.1651,0.5
561.1851,0.5
561.2051,0.5
561.2252,0.5
561.2452,0.5
561.2652,0.5
561.2852,0.5
561.3052,0.5
561.3253,0.5
561.3453,0.5
561.3653,0.5
561.3853,0.5
561.4053,0.5
561.4254,0.5
561.4454,0.5
561.4654,0.5
561.4854,0.5
561.5054,0.5
561.5255,0.5
561.5455,0.5
561.5655,0.5
561.5855,0.5
561.6055,0.5
561.6255,0.5
561.6456,0.5
561.6656,0.5
561.6856,0.5
561.7056,0.5
561.7256,0.5
561.7457,0.5
561.7657,0.5
561.7857,0.5
561.8057,0.5
561.8257,0.5
561.8458,0.5
561.8658,0.5
561.8858,0.5
561.9058,0.5
561.9258,0.5
561.9459,0.5
561.9659,0.5
561.9859,0.5
562.0059,0.5
562.0259,0.5
562.046,0.5
562.066,0.5
562.086,0.5
562.106,0.5
562.126,0.5
562.1461,0.5
562.1661,0.5
562.1861,0.5
562.2061,0.5
562.2261,0.5
562.2462,0.5
562.2662,0.5
562.2862,0.5
562.3062,0.5
562.3262,0.5
562.3463,0.5
562.3663,0.5
562.3863,0.5
562.4063,0.5
562.4263,0.5
562.4464,0.5
562.4664,0.5
562.4864,0.5
562.5064,0.5
562.5264,0.5
562.5464,0.5
562.5665,0.5
562.5865,0.5
562.6065,0.5
562.6265,0.5
562.6465,0.5
562.6666,0.5
562.6866,0.5
562.7066,0.5
562.7266,0.5
562.7466,0.5
562.7667,0.5
562.7867,0.5
562.8067,0.5
562.8267,0.5
562.8467,0.5
562.8668,0.5
562.8868,0.5
562.9068,0.5
562.9268,0.5
562.9468,0.5
562.9669,0.5
562.9869,0.5
563.0069,0.5
563.0269,0.5
563.0469,0.5
563.067,0.5
563.087,0.5
563.107,0.5
563.127,0.5
563.147,0.5
563.1671,0.5
563.1871,0.5
563.2071,0.5
563.2271,0.5
563.2471,0.5
563.2672,0.5
563.2872,0.5
563.3072,0.5
563.3272,0.5
563.3472,0.5
563.3672,0.5
563.3873,0.5
563.4073,0.5
563.4273,0.5
563.4473,0.5
563.4673,0.5
563.4874,0.5
563.5074,0.5
563.5274,0.5
563.5474,0.5
563.5674,0.5
563.5875,0.5
563.6075,0.5
563.6275,0.5
563.6475,0.5
563.6675,0.5
563.6876,0.5
563.7076,0.5
563.7276,0.5
563.7476,0.5
563.7676,0.5
563.7877,0.5
563.8077,0.5
563.8277,0.5
563.8477,0.5
563.8677,0.5
563.8878,0.5
563.9078,0.5
563.9278,0.5
563.9478,0.5
563.9678,0.5
563.9879,0.5
564.0079,0.5
564.0279,0.5
564.0479,0.5
564.0679,0.5
564.088,0.5
564.108,0.5
564.128,0.5
564.148,0.5
564.168,0.5
564.188,0.5
564.2081,0.5
564.2281,0.5
564.2481,0.5
564.2681,0.5
564.2881,0.5
564.3082,0.5
564.3282,0.5
564.3482,0.5
564.3682,0.5
564.3882,0.5
564.4083,0.5
564.4283,0.5
564.4483,0.5
564.4683,0.5
564.4883,0.5
564.5084,0.5
564.5284,0.5
564.5484,0.5
564.5684,0.5
564.5884,0.5
564.6085,0.5
564.6285,0.5
564.6485,0.5
564.6685,0.5
564.6885,0.5
564.7086,0.5
564.7286,0.5
564.7486,0.5
564.7686,0.5
564.7886,0.5
564.8087,0.5
564.8287,0.5
564.8487,0.5
564.8687,0.5
564.8887,0.5
564.9088,0.5
564.9288,0.5
564.9488,0.5
564.9688,0.5
564.9888,0.5
565.0089,0.5
565.0289,0.5
565.0489,0.5
565.0689,0.5
565.0889,0.5
565.1089,0.5
565.129,0.5
565.149,0.5
565.169,0.5
565.189,0.5
565.209,0.5
565.2291,0.5
565.2491,0.5
565.2691,0.5
565.2891,0.5
565.3091,0.5
565.3292,0.5
565.3492,0.5
565.3692,0.5
565.3892,0.5
565.4092,0.5
565.4293,0.5
565.4493,0.5
565.4693,0.5
565.4893,0.5
565.5093,0.5
565.5294,0.5
565.5494,0.5
565.5694,0.5
565.5894,0.5
565.6094,0.5
565.6295,0.5
565.6495,0.5
565.6695,0.5
565.6895,0.5
565.7095,0.5
565.7296,0.5
565.7496,0.5
565.7696,0.5
565.7896,0.5
565.8096,0.5
565.8297,0.5
565.8497,0.5
565.8697,0.5
565.8897,0.5
565.9097,0.5
565.9297,0.5
565.9498,0.5
565.9698,0.5
565.9898,0.5
566.0098,0.5
566.0298,0.5
566.0499,0.5
566.0699,0.5
566.0899,0.5
566.1099,0.5
566.1299,0.5
566.15,0.5
566.17,0.5
566.19,0.5
566.21,0.5
566.23,0.5
566.2501,0.5
566.2701,0.5
566.2901,0.5
566.3101,0.5
566.3301,0.5
566.3502,0.5
566.3702,0.5
566.3902,0.5
566.4102,0.5
566.4302,0.5
566.4503,0.5
566.4703,0.5
566.4903,0.5
566.5103,0.5
566.5303,0.5
566.5504,0.5
566.5704,0.5
566.5904,0.5
566.6104,0.5
566.6304,0.5
566.6505,0.5
566.6705,0.5
566.6905,0.5
566.7105,0.5
566.7305,0.5
566.7505,0.5
566.7706,0.5
566.7906,0.5
566.8106,0.5
566.8306,0.5
566.8506,0.5
566.8707,0.5
566.8907,0.5
566.9107,0.5
566.9307,0.5
566.9507,0.5
566.9708,0.5
566.9908,0.5
567.0108,0.5
567.0308,0.5
567.0508,0.5
567.0709,0.5
567.0909,0.5
567.1109,0.5
567.1309,0.5
567.1509,0.5
567.171,0.5
567.191,0.5
567.211,0.5
567.231,0.5
567.251,0.5
567.2711,0.5
567.2911,0.5
567.3111,0.5
567.3311,0.5
567.3511,0.5
567.3712,0.5
567.3912,0.5
567.4112,0.5
567.4312,0.5
567.4512,0.5
567.4713,0.5
567.4913,0.5
567.5113,0.5
567.5313,0.5
567.5513,0.5
567.5714,0.5
567.5914,0.5
567.6114,0.5
567.6314,0.5
567.6514,0.5
567.6714,0.5
567.6915,0.5
567.7115,0.5
567.7315,0.5
567.7515,0.5
567.7715,0.5
567.7916,0.5
567.8116,0.5
567.8316,0.5
567.8516,0.5
567.8716,0.5
567.8917,0.5
567.9117,0.5
567.9317,0.5
567.9517,0.5
567.9717,0.5
567.9918,0.5
568.0118,0.5
568.0318,0.5
568.0518,0.5
568.0718,0.5
568.0919,0.5
568.1119,0.5
568.1319,0.5
568.1519,0.5
568.1719,0.5
568.192,0.5
568.212,0.5
568.232,0.5
568.252,0.5
568.272,0.5
568.2921,0.5
568.3121,0.5
568.3321,0.5
568.3521,0.5
568.3721,0.5
568.3922,0.5
568.4122,0.5
568.4322,0.5
568.4522,0.5
568.4722,0.5
568.4922,0.5
568.5123,0.5
568.5323,0.5
568.5523,0.5
568.5723,0.5
568.5923,0.5
568.6124,0.5
568.6324,0.5
568.6524,0.5
568.6724,0.5
568.6924,0.5
568.7125,0.5
568.7325,0.5
568.7525,0.5
568.7725,0.5
568.7925,0.5
568.8126,0.5
568.8326,0.5
568.8526,0.5
568.8726,0.5
568.8926,0.5
568.9127,0.5
568.9327,0.5
568.9527,0.5
568.9727,0.5
568.9927,0.5
569.0128,0.5
569.0328,0.5
569.0528,0.5
569.0728,0.5
569.0928,0.5
569.1129,0.5
569.1329,0.5
569.1529,0.5
569.1729,0.5
569.1929,0.5
569.213,0.5
569.233,0.5
569.253,0.5
569.273,0.5
569.293,0.5
569.313,0.5
569.3331,0.5
569.3531,0.5
569.3731,0.5
569.3931,0.5
569.4131,0.5
569.4332,0.5
569.4532,0.5
569.4732,0.5
569.4932,0.5
569.5132,0.5
569.5333,0.5
569.5533,0.5
569.5733,0.5
569.5933,0.5
569.6133,0.5
569.6334,0.5
569.6534,0.5
569.6734,0.5
569.6934,0.5
569.7134,0.5
569.7335,0.5
569.7535,0.5
569.7735,0.5
569.7935,0.5
569.8135,0.5
569.8336,0.5
569.8536,0.5
569.8736,0.5
569.8936,0.5
569.9136,0.5
569.9337,0.5
569.9537,0.5
569.9737,0.5
569.9937,0.5
570.0137,0.5
570.0338,0.5
570.0538,0.5
570.0738,0.5
570.0938,0.5
570.1138,0.5
570.1339,0.5
570.1539,0.5
570.1739,0.5
570.1939,0.5
570.2139,0.5
570.2339,0.5
570.254,0.5
570.274,0.5
570.294,0.5
570.314,0.5
570.334,0.5
570.3541,0.5
570.3741,0.5
570.3941,0.5
570.4141,0.5
570.4341,0.5
570.4542,0.5
570.4742,0.5
570.4942,0.5
570.5142,0.5
570.5342,0.5
570.5543,0.5
570.5743,0.5
570.5943,0.5
570.6143,0.5
570.6343,0.5
570.6544,0.5
570.6744,0.5
570.6944,0.5
570.7144,0.5
570.7344,0.5
570.7545,0.5
570.7745,0.5
570.7945,0.5
570.8145,0.5
570.8345,0.5
570.8546,0.5
570.8746,0.5
570.8946,0.5
570.9146,0.5
570.9346,0.5
570.9547,0.5
570.9747,0.5
570.9947,0.5
571.0147,0.5
571.0347,0.5
571.0547,0.5
571.0748,0.5
571.0948,0.5
571.1148,0.5
571.1348,0.5
571.1548,0.5
571.1749,0.5
571.1949,0.5
571.2149,0.5
571.2349,0.5
571.2549,0.5
571.275,0.5
571.295,0.5
571.315,0.5
571.335,0.5
571.355,0.5
571.3751,0.5
571.3951,0.5
571.4151,0.5
571.4351,0.5
571.4551,0.5
571.4752,0.5
571.4952,0.5
571.5152,0.5
571.5352,0.5
571.5552,0.5
571.5753,0.5
571.5953,0.5
571.6153,0.5
571.6353,0.5
571.6553,0.5
571.6754,0.5
571.6954,0.5
571.7154,0.5
571.7354,0.5
571.7554,0.5
571.7755,0.5
571.7955,0.5
571.8155,0.5
571.8355,0.5
571.8555,0.5
571.8755,0.5
571.8956,0.5
571.9156,0.5
571.9356,0.5
571.9556,0.5
571.9756,0.5
571.9957,0.5
572.0157,0.5
572.0357,0.5
572.0557,0.5
572.0757,0.5
572.0958,0.5
572.1158,0.5
572.1358,0.5
572.1558,0.5
572.1758,0.5
572.1959,0.5
572.2159,0.5
572.2359,0.5
572.2559,0.5
572.2759,0.5
572.296,0.5
572.316,0.5
572.336,0.5
572.356,0.5
572.376,0.5
572.3961,0.5
572.4161,0.5
572.4361,0.5
572.4561,0.5
572.4761,0.5
572.4962,0.5
572.5162,0.5
572.5362,0.5
572.5562,0.5
572.5762,0.5
572.5963,0.5
572.6163,0.5
572.6363,0.5
572.6563,0.5
572.6763,0.5
572.6964,0.5
572.7164,0.5
572.7364,0.5
572.7564,0.5
572.7764,0.5
572.7964,0.5
572.8165,0.5
572.8365,0.5
572.8565,0.5
572.8765,0.5
572.8965,0.5
572.9166,0.5
572.9366,0.5
572.9566,0.5
572.9766,0.5
572.9966,0.5
573.0167,0.5
573.0367,0.5
573.0567,0.5
573.0767,0.5
573.0967,0.5
573.1168,0.5
573.1368,0.5
573.1568,0.5
573.1768,0.5
573.1968,0.5
573.2169,0.5
573.2369,0.5
573.2569,0.5
573.2769,0.5
573.2969,0.5
573.317,0.5
573.337,0.5
573.357,0.5
573.377,0.5
573.397,0.5
573.4171,0.5
573.4371,0.5
573.4571,0.5
573.4771,0.5
573.4971,0.5
573.5172,0.5
573.5372,0.5
573.5572,0.5
573.5772,0.5
573.5972,0.5
573.6172,0.5
573.6373,0.5
573.6573,0.5
573.6773,0.5
573.6973,0.5
573.7173,0.5
573.7374,0.5
573.7574,0.5
573.7774,0.5
573.7974,0.5
573.8174,0.5
573.8375,0.5
573.8575,0.5
573.8775,0.5
573.8975,0.5
573.9175,0.5
573.9376,0.5
573.9576,0.5
573.9776,0.5
573.9976,0.5
574.0176,0.5
574.0377,0.5
574.0577,0.5
574.0777,0.5
574.0977,0.5
574.1177,0.5
574.1378,0.5
574.1578,0.5
574.1778,0.5
574.1978,0.5
574.2178,0.5
574.2379,0.5
574.2579,0.5
574.2779,0.5
574.2979,0.5
574.3179,0.5
574.338,0.5
574.358,0.5
574.378,0.5
574.398,0.5
574.418,0.5
574.438,0.5
574.4581,0.5
574.4781,0.5
574.4981,0.5
574.5181,0.5
574.5381,0.5
574.5582,0.5
574.5782,0.5
574.5982,0.5
574.6182,0.5
574.6382,0.5
574.6583,0.5
574.6783,0.5
574.6983,0.5
574.7183,0.5
574.7383,0.5
574.7584,0.5
574.7784,0.5
574.7984,0.5
574.8184,0.5
574.8384,0.5
574.8585,0.5
574.8785,0.5
574.8985,0.5
574.9185,0.5
574.9385,0.5
574.9586,0.5
574.9786,0.5
574.9986,0.5
575.0186,0.5
575.0386,0.5
575.0587,0.5
575.0787,0.5
575.0987,0.5
575.1187,0.5
575.1387,0.5
575.1588,0.5
575.1788,0.5
575.1988,0.5
575.2188,0.5
575.2388,0.5
575.2589,0.5
575.2789,0.5
575.2989,0.5
575.3189,0.5
575.3389,0.5
575.3589,0.5
575.379,0.5
575.399,0.5
575.419,0.5
575.439,0.5
575.459,0.5
575.4791,0.5
575.4991,0.5
575.5191,0.5
575.5391,0.5
575.5591,0.5
575.5792,0.5
575.5992,0.5
575.6192,0.5
575.6392,0.5
575.6592,0.5
575.6793,0.5
575.6993,0.5
575.7193,0.5
575.7393,0.5
575.7593,0.5
575.7794,0.5
575.7994,0.5
575.8194,0.5
575.8394,0.5
575.8594,0.5
575.8795,0.5
575.8995,0.5
575.9195,0.5
575.9395,0.5
575.9595,0.5
575.9796,0.5
575.9996,0.5
576.0196,0.5
576.0396,0.5
576.0596,0.5
576.0797,0.5
576.0997,0.5
576.1197,0.5
576.1397,0.5
576.1597,0.5
576.1797,0.5
576.1998,0.5
576.2198,0.5
576.2398,0.5
576.2598,0.5
576.2798,0.5
576.2999,0.5
576.3199,0.5
576.3399,0.5
576.3599,0.5
576.3799,0.5
576.4,0.5
576.42,0.5
576.44,0.5
576.46,0.5
576.48,0.5
576.5001,0.5
576.5201,0.5
576.5401,0.5
576.5601,0.5
576.5801,0.5
576.6002,0.5
576.6202,0.5
576.6402,0.5
576.6602,0.5
576.6802,0.5
576.7003,0.5
576.7203,0.5
576.7403,0.5
576.7603,0.5
576.7803,0.5
576.8004,0.5
576.8204,0.5
576.8404,0.5
576.8604,0.5
576.8804,0.5
576.9005,0.5
576.9205,0.5
576.9405,0.5
576.9605,0.5
576.9805,0.5
577.0005,0.5
577.0206,0.5
577.0406,0.5
577.0606,0.5
577.0806,0.5
577.1006,0.5
577.1207,0.5
577.1407,0.5
577.1607,0.5
577.1807,0.5
577.2007,0.5
577.2208,0.5
577.2408,0.5
577.2608,0.5
577.2808,0.5
577.3008,0.5
577.3209,0.5
577.3409,0.5
577.3609,0.5
577.3809,0.5
577.4009,0.5
577.421,0.5
577.441,0.5
577.461,0.5
577.481,0.5
577.501,0.5
577.5211,0.5
577.5411,0.5
577.5611,0.5
577.5811,0.5
577.6011,0.5
577.6212,0.5
577.6412,0.5
577.6612,0.5
577.6812,0.5
577.7012,0.5
577.7213,0.5
577.7413,0.5
577.7613,0.5
577.7813,0.5
577.8013,0.5
577.8214,0.5
577.8414,0.5
577.8614,0.5
577.8814,0.5
577.9014,0.5
577.9214,0.5
577.9415,0.5
577.9615,0.5
577.9815,0.5
578.0015,0.5
578.0215,0.5
578.0416,0.5
578.0616,0.5
578.0816,0.5
578.1016,0.5
578.1216,0.5
578.1417,0.5
578.1617,0.5
578.1817,0.5
578.2017,0.5
578.2217,0.5
578.2418,0.5
578.2618,0.5
578.2818,0.5
578.3018,0.5
578.3218,0.5
578.3419,0.5
578.3619,0.5
578.3819,0.5
578.4019,0.5
578.4219,0.5
578.442,0.5
578.462,0.5
578.482,0.5
578.502,0.5
578.522,0.5
578.5421,0.5
578.5621,0.5
578.5821,0.5
578.6021,0.5
578.6221,0.5
578.6422,0.5
578.6622,0.5
578.6822,0.5
578.7022,0.5
578.7222,0.5
578.7422,0.5
578.7623,0.5
578.7823,0.5
578.8023,0.5
578.8223,0.5
578.8423,0.5
578.8624,0.5
578.8824,0.5
578.9024,0.5
578.9224,0.5
578.9424,0.5
578.9625,0.5
578.9825,0.5
579.0025,0.5
579.0225,0.5
579.0425,0.5
579.0626,0.5
579.0826,0.5
579.1026,0.5
579.1226,0.5
579.1426,0.5
579.1627,0.5
579.1827,0.5
579.2027,0.5
579.2227,0.5
579.2427,0.5
579.2628,0.5
579.2828,0.5
579.3028,0.5
579.3228,0.5
579.3428,0.5
579.3629,0.5
579.3829,0.5
579.4029,0.5
579.4229,0.5
579.4429,0.5
579.463,0.5
579.483,0.5
579.503,0.5
579.523,0.5
579.543,0.5
579.563,0.5
579.5831,0.5
579.6031,0.5
579.6231,0.5
579.6431,0.5
579.6631,0.5
579.6832,0.5
579.7032,0.5
579.7232,0.5
579.7432,0.5
579.7632,0.5
579.7833,0.5
579.8033,0.5
579.8233,0.5
579.8433,0.5
579.8633,0.5
579.8834,0.5
579.9034,0.5
579.9234,0.5
579.9434,0.5
579.9634,0.5
579.9835,0.5
580.0035,0.5
580.0235,0.5
580.0435,0.5
580.0635,0.5
580.0836,0.5
580.1036,0.5
580.1236,0.5
580.1436,0.5
580.1636,0.5
580.1837,0.5
580.2037,0.5
580.2237,0.5
580.2437,0.5
580.2637,0.5
580.2838,0.5
580.3038,0.5
580.3238,0.5
580.3438,0.5
580.3638,0.5
580.3839,0.5
580.4039,0.5
580.4239,0.5
580.4439,0.5
580.4639,0.5
580.4839,0.5
580.504,0.5
580.524,0.5
580.544,0.5
580.564,0.5
580.584,0.5
580.6041,0.5
580.6241,0.5
580.6441,0.5
580.6641,0.5
580.6841,0.5
580.7042,0.5
580.7242,0.5
580.7442,0.5
580.7642,0.5
580.7842,0.5
580.8043,0.5
580.8243,0.5
580.8443,0.5
580.8643,0.5
580.8843,0.5
580.9044,0.5
580.9244,0.5
580.9444,0.5
580.9644,0.5
580.9844,0.5
581.0045,0.5
581.0245,0.5
581.0445,0.5
581.0645,0.5
581.0845,0.5
581.1046,0.5
581.1246,0.5
581.1446,0.5
581.1646,0.5
581.1846,0.5
581.2047,0.5
581.2247,0.5
581.2447,0.5
581.2647,0.5
581.2847,0.5
581.3047,0.5
581.3248,0.5
581.3448,0.5
581.3648,0.5
581.3848,0.5
581.4048,0.5
581.4249,0.5
581.4449,0.5
581.4649,0.5
581.4849,0.5
581.5049,0.5
581.525,0.5
581.545,0.5
581.565,0.5
581.585,0.5
581.605,0.5
581.6251,0.5
581.6451,0.5
581.6651,0.5
581.6851,0.5
581.7051,0.5
581.7252,0.5
581.7452,0.5
581.7652,0.5
581.7852,0.5
581.8052,0.5
581.8253,0.5
581.8453,0.5
581.8653,0.5
581.8853,0.5
581.9053,0.5
581.9254,0.5
581.9454,0.5
581.9654,0.5
581.9854,0.5
582.0054,0.5
582.0255,0.5
582.0455,0.5
582.0655,0.5
582.0855,0.5
582.1055,0.5
582.1255,0.5
582.1456,0.5
582.1656,0.5
582.1856,0.5
582.2056,0.5
582.2256,0.5
582.2457,0.5
582.2657,0.5
582.2857,0.5
582.3057,0.5
582.3257,0.5
582.3458,0.5
582.3658,0.5
582.3858,0.5
582.4058,0.5
582.4258,0.5
582.4459,0.5
582.4659,0.5
582.4859,0.5
582.5059,0.5
582.5259,0.5
582.546,0.5
582.566,0.5
582.586,0.5
582.606,0.5
582.626,0.5
582.6461,0.5
582.6661,0.5
582.6861,0.5
582.7061,0.5
582.7261,0.5
582.7462,0.5
582.7662,0.5
582.7862,0.5
582.8062,0.5
582.8262,0.5
582.8463,0.5
582.8663,0.5
582.8863,0.5
582.9063,0.5
582.9263,0.5
582.9464,0.5
582.9664,0.5
582.9864,0.5
583.0064,0.5
583.0264,0.5
583.0464,0.5
583.0665,0.5
583.0865,0.5
583.1065,0.5
583.1265,0.5
583.1465,0.5
583.1666,0.5
583.1866,0.5
583.2066,0.5
583.2266,0.5
583.2466,0.5
583.2667,0.5
583.2867,0.5
583.3067,0.5
583.3267,0.5
583.3467,0.5
583.3668,0.5
583.3868,0.5
583.4068,0.5
583.4268,0.5
583.4468,0.5
583.4669,0.5
583.4869,0.5
583.5069,0.5
583.5269,0.5
583.5469,0.5
583.567,0.5
583.587,0.5
583.607,0.5
583.627,0.5
583.647,0.5
583.6671,0.5
583.6871,0.5
583.7071,0.5
583.7271,0.5
583.7471,0.5
583.7672,0.5
583.7872,0.5
583.8072,0.5
583.8272,0.5
583.8472,0.5
583.8672,0.5
583.8873,0.5
583.9073,0.5
583.9273,0.5
583.9473,0.5
583.9673,0.5
583.9874,0.5
584.0074,0.5
584.0274,0.5
584.0474,0.5
584.0674,0.5
584.0875,0.5
584.1075,0.5
584.1275,0.5
584.1475,0.5
584.1675,0.5
584.1876,0.5
584.2076,0.5
584.2276,0.5
584.2476,0.5
584.2676,0.5
584.2877,0.5
584.3077,0.5
584.3277,0.5
584.3477,0.5
584.3677,0.5
584.3878,0.5
584.4078,0.5
584.4278,0.5
584.4478,0.5
584.4678,0.5
584.4879,0.5
584.5079,0.5
584.5279,0.5
584.5479,0.5
584.5679,0.5
584.588,0.5
584.608,0.5
584.628,0.5
584.648,0.5
584.668,0.5
584.688,0.5
584.7081,0.5
584.7281,0.5
584.7481,0.5
584.7681,0.5
584.7881,0.5
584.8082,0.5
584.8282,0.5
584.8482,0.5
584.8682,0.5
584.8882,0.5
584.9083,0.5
584.9283,0.5
584.9483,0.5
584.9683,0.5
584.9883,0.5
585.0084,0.5
585.0284,0.5
585.0484,0.5
585.0684,0.5
585.0884,0.5
585.1085,0.5
585.1285,0.5
585.1485,0.5
585.1685,0.5
585.1885,0.5
585.2086,0.5
585.2286,0.5
585.2486,0.5
585.2686,0.5
585.2886,0.5
585.3087,0.5
585.3287,0.5
585.3487,0.5
585.3687,0.5
585.3887,0.5
585.4088,0.5
585.4288,0.5
585.4488,0.5
585.4688,0.5
585.4888,0.5
585.5089,0.5
585.5289,0.5
585.5489,0.5
585.5689,0.5
585.5889,0.5
585.6089,0.5
585.629,0.5
585.649,0.5
585.669,0.5
585.689,0.5
585.709,0.5
585.7291,0.5
585.7491,0.5
585.7691,0.5
585.7891,0.5
585.8091,0.5
585.8292,0.5
585.8492,0.5
585.8692,0.5
585.8892,0.5
585.9092,0.5
585.9293,0.5
585.9493,0.5
585.9693,0.5
585.9893,0.5
586.0093,0.5
586.0294,0.5
586.0494,0.5
586.0694,0.5
586.0894,0.5
586.1094,0.5
586.1295,0.5
586.1495,0.5
586.1695,0.5
586.1895,0.5
586.2095,0.5
586.2296,0.5
586.2496,0.5
586.2696,0.5
586.2896,0.5
586.3096,0.5
586.3297,0.5
586.3497,0.5
586.3697,0.5
586.3897,0.5
586.4097,0.5
586.4297,0.5
586.4498,0.5
586.4698,0.5
586.4898,0.5
586.5098,0.5
586.5298,0.5
586.5499,0.5
586.5699,0.5
586.5899,0.5
586.6099,0.5
586.6299,0.5
586.65,0.5
586.67,0.5
586.69,0.5
586.71,0.5
586.73,0.5
586.7501,0.5
586.7701,0.5
586.7901,0.5
586.8101,0.5
586.8301,0.5
586.8502,0.5
586.8702,0.5
586.8902,0.5
586.9102,0.5
586.9302,0.5
586.9503,0.5
586.9703,0.5
586.9903,0.5
587.0103,0.5
587.0303,0.5
587.0504,0.5
587.0704,0.5
587.0904,0.5
587.1104,0.5
587.1304,0.5
587.1505,0.5
587.1705,0.5
587.1905,0.5
587.2105,0.5
587.2305,0.5
587.2505,0.5
587.2706,0.5
587.2906,0.5
587.3106,0.5
587.3306,0.5
587.3506,0.5
587.3707,0.5
587.3907,0.5
587.4107,0.5
587.4307,0.5
587.4507,0.5
587.4708,0.5
587.4908,0.5
587.5108,0.5
587.5308,0.5
587.5508,0.5
587.5709,0.5
587.5909,0.5
587.6109,0.5
587.6309,0.5
587.6509,0.5
587.671,0.5
587.691,0.5
587.711,0.5
587.731,0.5
587.751,0.5
587.7711,0.5
587.7911,0.5
587.8111,0.5
587.8311,0.5
587.8511,0.5
587.8712,0.5
587.8912,0.5
587.9112,0.5
587.9312,0.5
587.9512,0.5
587.9713,0.5
587.9913,0.5
588.0113,0.5
588.0313,0.5
588.0513,0.5
588.0714,0.5
588.0914,0.5
588.1114,0.5
588.1314,0.5
588.1514,0.5
588.1714,0.5
588.1915,0.5
588.2115,0.5
588.2315,0.5
588.2515,0.5
588.2715,0.5
588.2916,0.5
588.3116,0.5
588.3316,0.5
588.3516,0.5
588.3716,0.5
588.3917,0.5
588.4117,0.5
588.4317,0.5
588.4517,0.5
588.4717,0.5
588.4918,0.5
588.5118,0.5
588.5318,0.5
588.5518,0.5
588.5718,0.5
588.5919,0.5
588.6119,0.5
588.6319,0.5
588.6519,0.5
588.6719,0.5
588.692,0.5
588.712,0.5
588.732,0.5
588.752,0.5
588.772,0.5
588.7921,0.5
588.8121,0.5
588.8321,0.5
588.8521,0.5
588.8721,0.5
588.8922,0.5
588.9122,0.5
588.9322,0.5
588.9522,0.5
588.9722,0.5
588.9922,0.5
589.0123,0.5
589.0323,0.5
589.0523,0.5
589.0723,0.5
589.0923,0.5
589.1124,0.5
589.1324,0.5
589.1524,0.5
589.1724,0.5
589.1924,0.5
589.2125,0.5
589.2325,0.5
589.2525,0.5
589.2725,0.5
589.2925,0.5
589.3126,0.5
589.3326,0.5
589.3526,0.5
589.3726,0.5
589.3926,0.5
589.4127,0.5
589.4327,0.5
589.4527,0.5
589.4727,0.5
589.4927,0.5
589.5128,0.5
589.5328,0.5
589.5528,0.5
589.5728,0.5
589.5928,0.5
589.6129,0.5
589.6329,0.5
589.6529,0.5
589.6729,0.5
589.6929,0.5
589.713,0.5
589.733,0.5
589.753,0.5
589.773,0.5
589.793,0.5
589.813,0.5
589.8331,0.5
589.8531,0.5
589.8731,0.5
589.8931,0.5
589.9131,0.5
589.9332,0.5
589.9532,0.5
589.9732,0.5
589.9932,0.5
590.0132,0.5
590.0333,0.5
590.0533,0.5
590.0733,0.5
590.0933,0.5
590.1133,0.5
590.1334,0.5
590.1534,0.5
590.1734,0.5
590.1934,0.5
590.2134,0.5
590.2335,0.5
590.2535,0.5
590.2735,0.5
590.2935,0.5
590.3135,0.5
590.3336,0.5
590.3536,0.5
590.3736,0.5
590.3936,0.5
590.4136,0.5
590.4337,0.5
590.4537,0.5
590.4737,0.5
590.4937,0.5
590.5137,0.5
590.5338,0.5
590.5538,0.5
590.5738,0.5
590.5938,0.5
590.6138,0.5
590.6339,0.5
590.6539,0.5
590.6739,0.5
590.6939,0.5
590.7139,0.5
590.7339,0.5
590.754,0.5
590.774,0.5
590.794,0.5
590.814,0.5
590.834,0.5
590.8541,0.5
590.8741,0.5
590.8941,0.5
590.9141,0.5
590.9341,0.5
590.9542,0.5
590.9742,0.5
590.9942,0.5
591.0142,0.5
591.0342,0.5
591.0543,0.5
591.0743,0.5
591.0943,0.5
591.1143,0.5
591.1343,0.5
591.1544,0.5
591.1744,0.5
591.1944,0.5
591.2144,0.5
591.2344,0.5
591.2545,0.5
591.2745,0.5
591.2945,0.5
591.3145,0.5
591.3345,0.5
591.3546,0.5
591.3746,0.5
591.3946,0.5
591.4146,0.5
591.4346,0.5
591.4547,0.5
591.4747,0.5
591.4947,0.5
591.5147,0.5
591.5347,0.5
591.5547,0.5
591.5748,0.5
591.5948,0.5
591.6148,0.5
591.6348,0.5
591.6548,0.5
591.6749,0.5
591.6949,0.5
591.7149,0.5
591.7349,0.5
591.7549,0.5
591.775,0.5
591.795,0.5
591.815,0.5
591.835,0.5
591.855,0.5
591.8751,0.5
591.8951,0.5
591.9151,0.5
591.9351,0.5
591.9551,0.5
591.9752,0.5
591.9952,0.5
592.0152,0.5
592.0352,0.5
592.0552,0.5
592.0753,0.5
592.0953,0.5
592.1153,0.5
592.1353,0.5
592.1553,0.5
592.1754,0.5
592.1954,0.5
592.2154,0.5
592.2354,0.5
592.2554,0.5
592.2755,0.5
592.2955,0.5
592.3155,0.5
592.3355,0.5
592.3555,0.5
592.3755,0.5
592.3956,0.5
592.4156,0.5
592.4356,0.5
592.4556,0.5
592.4756,0.5
592.4957,0.5
592.5157,0.5
592.5357,0.5
592.5557,0.5
592.5757,0.5
592.5958,0.5
592.6158,0.5
592.6358,0.5
592.6558,0.5
592.6758,0.5
592.6959,0.5
592.7159,0.5
592.7359,0.5
592.7559,0.5
592.7759,0.5
592.796,0.5
592.816,0.5
592.836,0.5
592.856,0.5
592.876,0.5
592.8961,0.5
592.9161,0.5
592.9361,0.5
592.9561,0.5
592.9761,0.5
592.9962,0.5
593.0162,0.5
593.0362,0.5
593.0562,0.5
593.0762,0.5
593.0963,0.5
593.1163,0.5
593.1363,0.5
593.1563,0.5
593.1763,0.5
593.1964,0.5
593.2164,0.5
593.2364,0.5
593.2564,0.5
593.2764,0.5
593.2964,0.5
593.3165,0.5
593.3365,0.5
593.3565,0.5
593.3765,0.5
593.3965,0.5
593.4166,0.5
593.4366,0.5
593.4566,0.5
593.4766,0.5
593.4966,0.5
593.5167,0.5
593.5367,0.5
593.5567,0.5
593.5767,0.5
593.5967,0.5
593.6168,0.5
593.6368,0.5
593.6568,0.5
593.6768,0.5
593.6968,0.5
593.7169,0.5
593.7369,0.5
593.7569,0.5
593.7769,0.5
593.7969,0.5
593.817,0.5
593.837,0.5
593.857,0.5
593.877,0.5
593.897,0.5
593.9171,0.5
593.9371,0.5
593.9571,0.5
593.9771,0.5
593.9971,0.5
594.0172,0.5
594.0372,0.5
594.0572,0.5
594.0772,0.5
594.0972,0.5
594.1172,0.5
594.1373,0.5
594.1573,0.5
594.1773,0.5
594.1973,0.5
594.2173,0.5
594.2374,0.5
594.2574,0.5
594.2774,0.5
594.2974,0.5
594.3174,0.5
594.3375,0.5
594.3575,0.5
594.3775,0.5
594.3975,0.5
594.4175,0.5
594.4376,0.5
594.4576,0.5
594.4776,0.5
594.4976,0.5
594.5176,0.5
594.5377,0.5
594.5577,0.5
594.5777,0.5
594.5977,0.5
594.6177,0.5
594.6378,0.5
594.6578,0.5
594.6778,0.5
594.6978,0.5
594.7178,0.5
594.7379,0.5
594.7579,0.5
594.7779,0.5
594.7979,0.5
594.8179,0.5
594.838,0.5
594.858,0.5
594.878,0.5
594.898,0.5
594.918,0.5
594.938,0.5
594.9581,0.5
594.9781,0.5
594.9981,0.5
595.0181,0.5
595.0381,0.5
595.0582,0.5
595.0782,0.5
595.0982,0.5
595.1182,0.5
595.1382,0.5
595.1583,0.5
595.1783,0.5
595.1983,0.5
595.2183,0.5
595.2383,0.5
595.2584,0.5
595.2784,0.5
595.2984,0.5
595.3184,0.5
595.3384,0.5
595.3585,0.5
595.3785,0.5
595.3985,0.5
595.4185,0.5
595.4385,0.5
595.4586,0.5
595.4786,0.5
595.4986,0.5
595.5186,0.5
595.5386,0.5
595.5587,0.5
595.5787,0.5
595.5987,0.5
595.6187,0.5
595.6387,0.5
595.6588,0.5
595.6788,0.5
595.6988,0.5
595.7188,0.5
595.7388,0.5
595.7589,0.5
595.7789,0.5
595.7989,0.5
595.8189,0.5
595.8389,0.5
595.8589,0.5
595.879,0.5
595.899,0.5
595.919,0.5
595.939,0.5
595.959,0.5
595.9791,0.5
595.9991,0.5
596.0191,0.5
596.0391,0.5
596.0591,0.5
596.0792,0.5
596.0992,0.5
596.1192,0.5
596.1392,0.5
596.1592,0.5
596.1793,0.5
596.1993,0.5
596.2193,0.5
596.2393,0.5
596.2593,0.5
596.2794,0.5
596.2994,0.5
596.3194,0.5
596.3394,0.5
596.3594,0.5
596.3795,0.5
596.3995,0.5
596.4195,0.5
596.4395,0.5
596.4595,0.5
596.4796,0.5
596.4996,0.5
596.5196,0.5
596.5396,0.5
596.5596,0.5
596.5797,0.5
596.5997,0.5
596.6197,0.5
596.6397,0.5
596.6597,0.5
596.6797,0.5
596.6998,0.5
596.7198,0.5
596.7398,0.5
596.7598,0.5
596.7798,0.5
596.7999,0.5
596.8199,0.5
596.8399,0.5
596.8599,0.5
596.8799,0.5
596.9,0.5
596.92,0.5
596.94,0.5
596.96,0.5
596.98,0.5
597.0001,0.5
597.0201,0.5
597.0401,0.5
597.0601,0.5
597.0801,0.5
597.1002,0.5
597.1202,0.5
597.1402,0.5
597.1602,0.5
597.1802,0.5
597.2003,0.5
597.2203,0.5
597.2403,0.5
597.2603,0.5
597.2803,0.5
597.3004,0.5
597.3204,0.5
597.3404,0.5
597.3604,0.5
597.3804,0.5
597.4005,0.5
597.4205,0.5
597.4405,0.5
597.4605,0.5
597.4805,0.5
597.5005,0.5
597.5206,0.5
597.5406,0.5
597.5606,0.5
597.5806,0.5
597.6006,0.5
597.6207,0.5
597.6407,0.5
597.6607,0.5
597.6807,0.5
597.7007,0.5
597.7208,0.5
597.7408,0.5
597.7608,0.5
597.7808,0.5
597.8008,0.5
597.8209,0.5
597.8409,0.5
597.8609,0.5
597.8809,0.5
597.9009,0.5
597.921,0.5
597.941,0.5
597.961,0.5
597.981,0.5
598.001,0.5
598.0211,0.5
598.0411,0.5
598.0611,0.5
598.0811,0.5
598.1011,0.5
598.1212,0.5
598.1412,0.5
598.1612,0.5
598.1812,0.5
598.2012,0.5
598.2213,0.5
598.2413,0.5
598.2613,0.5
598.2813,0.5
598.3013,0.5
598.3214,0.5
598.3414,0.5
598.3614,0.5
598.3814,0.5
598.4014,0.5
598.4214,0.5
598.4415,0.5
598.4615,0.5
598.4815,0.5
598.5015,0.5
598.5215,0.5
598.5416,0.5
598.5616,0.5
598.5816,0.5
598.6016,0.5
598.6216,0.5
598.6417,0.5
598.6617,0.5
598.6817,0.5
598.7017,0.5
598.7217,0.5
598.7418,0.5
598.7618,0.5
598.7818,0.5
598.8018,0.5
598.8218,0.5
598.8419,0.5
598.8619,0.5
598.8819,0.5
598.9019,0.5
598.9219,0.5
598.942,0.5
598.962,0.5
598.982,0.5
599.002,0.5
599.022,0.5
599.0421,0.5
599.0621,0.5
599.0821,0.5
599.1021,0.5
599.1221,0.5
599.1422,0.5
599.1622,0.5
599.1822,0.5
599.2022,0.5
599.2222,0.5
599.2422,0.5
599.2623,0.5
599.2823,0.5
599.3023,0.5
599.3223,0.5
599.3423,0.5
599.3624,0.5
599.3824,0.5
599.4024,0.5
599.4224,0.5
599.4424,0.5
599.4625,0.5
599.4825,0.5
599.5025,0.5
599.5225,0.5
599.5425,0.5
599.5626,0.5
599.5826,0.5
599.6026,0.5
599.6226,0.5
599.6426,0.5
599.6627,0.5
599.6827,0.5
599.7027,0.5
599.7227,0.5
599.7427,0.5
599.7628,0.5
599.7828,0.5
599.8028,0.5
599.8228,0.5
599.8428,0.5
599.8629,0.5
599.8829,0.5
599.9029,0.5
599.9229,0.5
599.9429,0.5
599.963,0.5
599.983,0.5
600.003,0.5
600.023,0.5
600.043,0.5
600.063,0.5
600.0831,0.5
600.1031,0.5
600.1231,0.5
600.1431,0.5
600.1631,0.5
600.1832,0.5
600.2032,0.5
600.2232,0.5
600.2432,0.5
600.2632,0.5
600.2833,0.5
600.3033,0.5
600.3233,0.5
600.3433,0.5
600.3633,0.5
600.3834,0.5
600.4034,0.5
600.4234,0.5
600.4434,0.5
600.4634,0.5
600.4835,0.5
600.5035,0.5
600.5235,0.5
600.5435,0.5
600.5635,0.5
600.5836,0.5
600.6036,0.5
600.6236,0.5
600.6436,0.5
600.6636,0.5
600.6837,0.5
600.7037,0.5
600.7237,0.5
600.7437,0.5
600.7637,0.5
600.7838,0.5
600.8038,0.5
600.8238,0.5
600.8438,0.5
600.8638,0.5
600.8839,0.5
600.9039,0.5
600.9239,0.5
600.9439,0.5
600.9639,0.5
600.9839,0.5
601.004,0.5
601.024,0.5
601.044,0.5
601.064,0.5
601.084,0.5
601.1041,0.5
601.1241,0.5
601.1441,0.5
601.1641,0.5
601.1841,0.5
601.2042,0.5
601.2242,0.5
601.2442,0.5
601.2642,0.5
601.2842,0.5
601.3043,0.5
601.3243,0.5
601.3443,0.5
601.3643,0.5
601.3843,0.5
601.4044,0.5
601.4244,0.5
601.4444,0.5
601.4644,0.5
601.4844,0.5
601.5045,0.5
601.5245,0.5
601.5445,0.5
601.5645,0.5
601.5845,0.5
601.6046,0.5
601.6246,0.5
601.6446,0.5
601.6646,0.5
601.6846,0.5
601.7047,0.5
601.7247,0.5
601.7447,0.5
601.7647,0.5
601.7847,0.5
601.8047,0.5
601.8248,0.5
601.8448,0.5
601.8648,0.5
601.8848,0.5
601.9048,0.5
601.9249,0.5
601.9449,0.5
601.9649,0.5
601.9849,0.5
602.0049,0.5
602.025,0.5
602.045,0.5
602.065,0.5
602.085,0.5
602.105,0.5
602.1251,0.5
602.1451,0.5
602.1651,0.5
602.1851,0.5
602.2051,0.5
602.2252,0.5
602.2452,0.5
602.2652,0.5
602.2852,0.5
602.3052,0.5
602.3253,0.5
602.3453,0.5
602.3653,0.5
602.3853,0.5
602.4053,0.5
602.4254,0.5
602.4454,0.5
602.4654,0.5
602.4854,0.5
602.5054,0.5
602.5255,0.5
602.5455,0.5
602.5655,0.5
602.5855,0.5
602.6055,0.5
602.6255,0.5
602.6456,0.5
602.6656,0.5
602.6856,0.5
602.7056,0.5
602.7256,0.5
602.7457,0.5
602.7657,0.5
602.7857,0.5
602.8057,0.5
602.8257,0.5
602.8458,0.5
602.8658,0.5
602.8858,0.5
602.9058,0.5
602.9258,0.5
602.9459,0.5
602.9659,0.5
602.9859,0.5
603.0059,0.5
603.0259,0.5
603.046,0.5
603.066,0.5
603.086,0.5
603.106,0.5
603.126,0.5
603.1461,0.5
603.1661,0.5
603.1861,0.5
603.2061,0.5
603.2261,0.5
603.2462,0.5
603.2662,0.5
603.2862,0.5
603.3062,0.5
603.3262,0.5
603.3463,0.5
603.3663,0.5
603.3863,0.5
603.4063,0.5
603.4263,0.5
603.4464,0.5
603.4664,0.5
603.4864,0.5
603.5064,0.5
603.5264,0.5
603.5464,0.5
603.5665,0.5
603.5865,0.5
603.6065,0.5
603.6265,0.5
603.6465,0.5
603.6666,0.5
603.6866,0.5
603.7066,0.5
603.7266,0.5
603.7466,0.5
603.7667,0.5
603.7867,0.5
603.8067,0.5
603.8267,0.5
603.8467,0.5
603.8668,0.5
603.8868,0.5
603.9068,0.5
603.9268,0.5
603.9468,0.5
603.9669,0.5
603.9869,0.5
604.0069,0.5
604.0269,0.5
604.0469,0.5
604.067,0.5
604.087,0.5
604.107,0.5
604.127,0.5
604.147,0.5
604.1671,0.5
604.1871,0.5
604.2071,0.5
604.2271,0.5
604.2471,0.5
604.2672,0.5
604.2872,0.5
604.3072,0.5
604.3272,0.5
604.3472,0.5
604.3672,0.5
604.3873,0.5
604.4073,0.5
604.4273,0.5
604.4473,0.5
604.4673,0.5
604.4874,0.5
604.5074,0.5
604.5274,0.5
604.5474,0.5
604.5674,0.5
604.5875,0.5
604.6075,0.5
604.6275,0.5
604.6475,0.5
604.6675,0.5
604.6876,0.5
604.7076,0.5
604.7276,0.5
604.7476,0.5
604.7676,0.5
604.7877,0.5
604.8077,0.5
604.8277,0.5
604.8477,0.5
604.8677,0.5
604.8878,0.5
604.9078,0.5
604.9278,0.5
604.9478,0.5
604.9678,0.5
604.9879,0.5
605.0079,0.5
605.0279,0.5
605.0479,0.5
605.0679,0.5
605.088,0.5
605.108,0.5
605.128,0.5
605.148,0.5
605.168,0.5
605.188,0.5
605.2081,0.5
605.2281,0.5
605.2481,0.5
605.2681,0.5
605.2881,0.5
605.3082,0.5
605.3282,0.5
605.3482,0.5
605.3682,0.5
605.3882,0.5
605.4083,0.5
605.4283,0.5
605.4483,0.5
605.4683,0.5
605.4883,0.5
605.5084,0.5
605.5284,0.5
605.5484,0.5
605.5684,0.5
605.5884,0.5
605.6085,0.5
605.6285,0.5
605.6485,0.5
605.6685,0.5
605.6885,0.5
605.7086,0.5
605.7286,0.5
605.7486,0.5
605.7686,0.5
605.7886,0.5
605.8087,0.5
605.8287,0.5
605.8487,0.5
605.8687,0.5
605.8887,0.5
605.9088,0.5
605.9288,0.5
605.9488,0.5
605.9688,0.5
605.9888,0.5
606.0089,0.5
606.0289,0.5
606.0489,0.5
606.0689,0.5
606.0889,0.5
606.1089,0.5
606.129,0.5
606.149,0.5
606.169,0.5
606.189,0.5
606.209,0.5
606.2291,0.5
606.2491,0.5
606.2691,0.5
606.2891,0.5
606.3091,0.5
606.3292,0.5
606.3492,0.5
606.3692,0.5
606.3892,0.5
606.4092,0.5
606.4293,0.5
606.4493,0.5
606.4693,0.5
606.4893,0.5
606.5093,0.5
606.5294,0.5
606.5494,0.5
606.5694,0.5
606.5894,0.5
606.6094,0.5
606.6295,0.5
606.6495,0.5
606.6695,0.5
606.6895,0.5
606.7095,0.5
606.7296,0.5
606.7496,0.5
606.7696,0.5
606.7896,0.5
606.8096,0.5
606.8297,0.5
606.8497,0.5
606.8697,0.5
606.8897,0.5
606.9097,0.5
606.9297,0.5
606.9498,0.5
606.9698,0.5
606.9898,0.5
607.0098,0.5
607.0298,0.5
607.0499,0.5
607.0699,0.5
607.0899,0.5
607.1099,0.5
607.1299,0.5
607.15,0.5
607.17,0.5
607.19,0.5
607.21,0.5
607.23,0.5
607.2501,0.5
607.2701,0.5
607.2901,0.5
607.3101,0.5
607.3301,0.5
607.3502,0.5
607.3702,0.5
607.3902,0.5
607.4102,0.5
607.4302,0.5
607.4503,0.5
607.4703,0.5
607.4903,0.5
607.5103,0.5
607.5303,0.5
607.5504,0.5
607.5704,0.5
607.5904,0.5
607.6104,0.5
607.6304,0.5
607.6505,0.5
607.6705,0.5
607.6905,0.5
607.7105,0.5
607.7305,0.5
607.7505,0.5
607.7706,0.5
607.7906,0.5
607.8106,0.5
607.8306,0.5
607.8506,0.5
607.8707,0.5
607.8907,0.5
607.9107,0.5
607.9307,0.5
607.9507,0.5
607.9708,0.5
607.9908,0.5
608.0108,0.5
608.0308,0.5
608.0508,0.5
608.0709,0.5
608.0909,0.5
608.1109,0.5
608.1309,0.5
608.1509,0.5
608.171,0.5
608.191,0.5
608.211,0.5
608.231,0.5
608.251,0.5
608.2711,0.5
608.2911,0.5
608.3111,0.5
608.3311,0.5
608.3511,0.5
608.3712,0.5
608.3912,0.5
608.4112,0.5
608.4312,0.5
608.4512,0.5
608.4713,0.5
608.4913,0.5
608.5113,0.5
608.5313,0.5
608.5513,0.5
608.5714,0.5
608.5914,0.5
608.6114,0.5
608.6314,0.5
608.6514,0.5
608.6714,0.5
608.6915,0.5
608.7115,0.5
608.7315,0.5
608.7515,0.5
608.7715,0.5
608.7916,0.5
608.8116,0.5
608.8316,0.5
608.8516,0.5
608.8716,0.5
608.8917,0.5
608.9117,0.5
608.9317,0.5
608.9517,0.5
608.9717,0.5
608.9918,0.5
609.0118,0.5
609.0318,0.5
609.0518,0.5
609.0718,0.5
609.0919,0.5
609.1119,0.5
609.1319,0.5
609.1519,0.5
609.1719,0.5
609.192,0.5
609.212,0.5
609.232,0.5
609.252,0.5
609.272,0.5
609.2921,0.5
609.3121,0.5
609.3321,0.5
609.3521,0.5
609.3721,0.5
609.3922,0.5
609.4122,0.5
609.4322,0.5
609.4522,0.5
609.4722,0.5
609.4922,0.5
609.5123,0.5
609.5323,0.5
609.5523,0.5
609.5723,0.5
609.5923,0.5
609.6124,0.5
609.6324,0.5
609.6524,0.5
609.6724,0.5
609.6924,0.5
609.7125,0.5
609.7325,0.5
609.7525,0.5
609.7725,0.5
609.7925,0.5
609.8126,0.5
609.8326,0.5
609.8526,0.5
609.8726,0.5
609.8926,0.5
609.9127,0.5
609.9327,0.5
609.9527,0.5
609.9727,0.5
609.9927,0.5
610.0128,0.5
610.0328,0.5
610.0528,0.5
610.0728,0.5
610.0928,0.5
610.1129,0.5
610.1329,0.5
610.1529,0.5
610.1729,0.5
610.1929,0.5
610.213,0.5
610.233,0.5
610.253,0.5
610.273,0.5
610.293,0.5
610.313,0.5
610.3331,0.5
610.3531,0.5
610.3731,0.5
610.3931,0.5
610.4131,0.5
610.4332,0.5
610.4532,0.5
610.4732,0.5
610.4932,0.5
610.5132,0.5
610.5333,0.5
610.5533,0.5
610.5733,0.5
610.5933,0.5
610.6133,0.5
610.6334,0.5
610.6534,0.5
610.6734,0.5
610.6934,0.5
610.7134,0.5
610.7335,0.5
610.7535,0.5
610.7735,0.5
610.7935,0.5
610.8135,0.5
610.8336,0.5
610.8536,0.5
610.8736,0.5
610.8936,0.5
610.9136,0.5
610.9337,0.5
610.9537,0.5
610.9737,0.5
610.9937,0.5
611.0137,0.5
611.0338,0.5
611.0538,0.5
611.0738,0.5
611.0938,0.5
611.1138,0.5
611.1339,0.5
611.1539,0.5
611.1739,0.5
611.1939,0.5
611.2139,0.5
611.2339,0.5
611.254,0.5
611.274,0.5
611.294,0.5
611.314,0.5
611.334,0.5
611.3541,0.5
611.3741,0.5
611.3941,0.5
611.4141,0.5
611.4341,0.5
611.4542,0.5
611.4742,0.5
611.4942,0.5
611.5142,0.5
611.5342,0.5
611.5543,0.5
611.5743,0.5
611.5943,0.5
611.6143,0.5
611.6343,0.5
611.6544,0.5
611.6744,0.5
611.6944,0.5
611.7144,0.5
611.7344,0.5
611.7545,0.5
611.7745,0.5
611.7945,0.5
611.8145,0.5
611.8345,0.5
611.8546,0.5
611.8746,0.5
611.8946,0.5
611.9146,0.5
611.9346,0.5
611.9547,0.5
611.9747,0.5
611.9947,0.5
612.0147,0.5
612.0347,0.5
612.0547,0.5
612.0748,0.5
612.0948,0.5
612.1148,0.5
612.1348,0.5
612.1548,0.5
612.1749,0.5
612.1949,0.5
612.2149,0.5
612.2349,0.5
612.2549,0.5
612.275,0.5
612.295,0.5
612.315,0.5
612.335,0.5
612.355,0.5
612.3751,0.5
612.3951,0.5
612.4151,0.5
612.4351,0.5
612.4551,0.5
612.4752,0.5
612.4952,0.5
612.5152,0.5
612.5352,0.5
612.5552,0.5
612.5753,0.5
612.5953,0.5
612.6153,0.5
612.6353,0.5
612.6553,0.5
612.6754,0.5
612.6954,0.5
612.7154,0.5
612.7354,0.5
612.7554,0.5
612.7755,0.5
612.7955,0.5
612.8155,0.5
612.8355,0.5
612.8555,0.5
612.8755,0.5
612.8956,0.5
612.9156,0.5
612.9356,0.5
612.9556,0.5
612.9756,0.5
612.9957,0.5
613.0157,0.5
613.0357,0.5
613.0557,0.5
613.0757,0.5
613.0958,0.5
613.1158,0.5
613.1358,0.5
613.1558,0.5
613.1758,0.5
613.1959,0.5
613.2159,0.5
613.2359,0.5
613.2559,0.5
613.2759,0.5
613.296,0.5
613.316,0.5
613.336,0.5
613.356,0.5
613.376,0.5
613.3961,0.5
613.4161,0.5
613.4361,0.5
613.4561,0.5
613.4761,0.5
613.4962,0.5
613.5162,0.5
613.5362,0.5
613.5562,0.5
613.5762,0.5
613.5963,0.5
613.6163,0.5
613.6363,0.5
613.6563,0.5
613.6763,0.5
613.6964,0.5
613.7164,0.5
613.7364,0.5
613.7564,0.5
613.7764,0.5
613.7964,0.5
613.8165,0.5
613.8365,0.5
613.8565,0.5
613.8765,0.5
613.8965,0.5
613.9166,0.5
613.9366,0.5
613.9566,0.5
613.9766,0.5
613.9966,0.5
614.0167,0.5
614.0367,0.5
614.0567,0.5
614.0767,0.5
614.0967,0.5
614.1168,0.5
614.1368,0.5
614.1568,0.5
614.1768,0.5
614.1968,0.5
614.2169,0.5
614.2369,0.5
614.2569,0.5
614.2769,0.5
614.2969,0.5
614.317,0.5
614.337,0.5
614.357,0.5
614.377,0.5
614.397,0.5
614.4171,0.5
614.4371,0.5
614.4571,0.5
614.4771,0.5
614.4971,0.5
614.5172,0.5
614.5372,0.5
614.5572,0.5
614.5772,0.5
614.5972,0.5
614.6172,0.5
614.6373,0.5
614.6573,0.5
614.6773,0.5
614.6973,0.5
614.7173,0.5
614.7374,0.5
614.7574,0.5
614.7774,0.5
614.7974,0.5
614.8174,0.5
614.8375,0.5
614.8575,0.5
614.8775,0.5
614.8975,0.5
614.9175,0.5
614.9376,0.5
614.9576,0.5
614.9776,0.5
614.9976,0.5
615.0176,0.5
615.0377,0.5
615.0577,0.5
615.0777,0.5
615.0977,0.5
615.1177,0.5
615.1378,0.5
615.1578,0.5
615.1778,0.5
615.1978,0.5
615.2178,0.5
615.2379,0.5
615.2579,0.5
615.2779,0.5
615.2979,0.5
615.3179,0.5
615.338,0.5
615.358,0.5
615.378,0.5
615.398,0.5
615.418,0.5
615.438,0.5
615.4581,0.5
615.4781,0.5
615.4981,0.5
615.5181,0.5
615.5381,0.5
615.5582,0.5
615.5782,0.5
615.5982,0.5
615.6182,0.5
615.6382,0.5
615.6583,0.5
615.6783,0.5
615.6983,0.5
615.7183,0.5
615.7383,0.5
615.7584,0.5
615.7784,0.5
615.7984,0.5
615.8184,0.5
615.8384,0.5
615.8585,0.5
615.8785,0.5
615.8985,0.5
615.9185,0.5
615.9385,0.5
615.9586,0.5
615.9786,0.5
615.9986,0.5
616.0186,0.5
616.0386,0.5
616.0587,0.5
616.0787,0.5
616.0987,0.5
616.1187,0.5
616.1387,0.5
616.1588,0.5
616.1788,0.5
616.1988,0.5
616.2188,0.5
616.2388,0.5
616.2589,0.5
616.2789,0.5
616.2989,0.5
616.3189,0.5
616.3389,0.5
616.3589,0.5
616.379,0.5
616.399,0.5
616.419,0.5
616.439,0.5
616.459,0.5
616.4791,0.5
616.4991,0.5
616.5191,0.5
616.5391,0.5
616.5591,0.5
616.5792,0.5
616.5992,0.5
616.6192,0.5
616.6392,0.5
616.6592,0.5
616.6793,0.5
616.6993,0.5
616.7193,0.5
616.7393,0.5
616.7593,0.5
616.7794,0.5
616.7994,0.5
616.8194,0.5
616.8394,0.5
616.8594,0.5
616.8795,0.5
616.8995,0.5
616.9195,0.5
616.9395,0.5
616.9595,0.5
616.9796,0.5
616.9996,0.5
617.0196,0.5
617.0396,0.5
617.0596,0.5
617.0797,0.5
617.0997,0.5
617.1197,0.5
617.1397,0.5
617.1597,0.5
617.1797,0.5
617.1998,0.5
617.2198,0.5
617.2398,0.5
617.2598,0.5
617.2798,0.5
617.2999,0.5
617.3199,0.5
617.3399,0.5
617.3599,0.5
617.3799,0.5
617.4,0.5
617.42,0.5
617.44,0.5
617.46,0.5
617.48,0.5
617.5001,0.5
617.5201,0.5
617.5401,0.5
617.5601,0.5
617.5801,0.5
617.6002,0.5
617.6202,0.5
617.6402,0.5
617.6602,0.5
617.6802,0.5
617.7003,0.5
617.7203,0.5
617.7403,0.5
617.7603,0.5
617.7803,0.5
617.8004,0.5
617.8204,0.5
617.8404,0.5
617.8604,0.5
617.8804,0.5
617.9005,0.5
617.9205,0.5
617.9405,0.5
617.9605,0.5
617.9805,0.5
618.0005,0.5
618.0206,0.5
618.0406,0.5
618.0606,0.5
618.0806,0.5
618.1006,0.5
618.1207,0.5
618.1407,0.5
618.1607,0.5
618.1807,0.5
618.2007,0.5
618.2208,0.5
618.2408,0.5
618.2608,0.5
618.2808,0.5
618.3008,0.5
618.3209,0.5
618.3409,0.5
618.3609,0.5
618.3809,0.5
618.4009,0.5
618.421,0.5
618.441,0.5
618.461,0.5
618.481,0.5
618.501,0.5
618.5211,0.5
618.5411,0.5
618.5611,0.5
618.5811,0.5
618.6011,0.5
618.6212,0.5
618.6412,0.5
618.6612,0.5
618.6812,0.5
618.7012,0.5
618.7213,0.5
618.7413,0.5
618.7613,0.5
618.7813,0.5
618.8013,0.5
618.8214,0.5
618.8414,0.5
618.8614,0.5
618.8814,0.5
618.9014,0.5
618.9214,0.5
618.9415,0.5
618.9615,0.5
618.9815,0.5
619.0015,0.5
619.0215,0.5
619.0416,0.5
619.0616,0.5
619.0816,0.5
619.1016,0.5
619.1216,0.5
619.1417,0.5
619.1617,0.5
619.1817,0.5
619.2017,0.5
619.2217,0.5
619.2418,0.5
619.2618,0.5
619.2818,0.5
619.3018,0.5
619.3218,0.5
619.3419,0.5
619.3619,0.5
619.3819,0.5
619.4019,0.5
619.4219,0.5
619.442,0.5
619.462,0.5
619.482,0.5
619.502,0.5
619.522,0.5
619.5421,0.5
619.5621,0.5
619.5821,0.5
619.6021,0.5
619.6221,0.5
619.6422,0.5
619.6622,0.5
619.6822,0.5
619.7022,0.5
619.7222,0.5
619.7422,0.5
619.7623,0.5
619.7823,0.5
619.8023,0.5
619.8223,0.5
619.8423,0.5
619.8624,0.5
619.8824,0.5
619.9024,0.5
619.9224,0.5
619.9424,0.5
619.9625,0.5
619.9825,0.5
620.0025,0.5
620.0225,0.5
620.0425,0.5
620.0626,0.5
620.0826,0.5
620.1026,0.5
620.1226,0.5
620.1426,0.5
620.1627,0.5
620.1827,0.5
620.2027,0.5
620.2227,0.5
620.2427,0.5
620.2628,0.5
620.2828,0.5
620.3028,0.5
620.3228,0.5
620.3428,0.5
620.3629,0.5
620.3829,0.5
620.4029,0.5
620.4229,0.5
620.4429,0.5
620.463,0.5
620.483,0.5
620.503,0.5
620.523,0.5
620.543,0.5
620.563,0.5
620.5831,0.5
620.6031,0.5
620.6231,0.5
620.6431,0.5
620.6631,0.5
620.6832,0.5
620.7032,0.5
620.7232,0.5
620.7432,0.5
620.7632,0.5
620.7833,0.5
620.8033,0.5
620.8233,0.5
620.8433,0.5
620.8633,0.5
620.8834,0.5
620.9034,0.5
620.9234,0.5
620.9434,0.5
620.9634,0.5
620.9835,0.5
621.0035,0.5
621.0235,0.5
621.0435,0.5
621.0635,0.5
621.0836,0.5
621.1036,0.5
621.1236,0.5
621.1436,0.5
621.1636,0.5
621.1837,0.5
621.2037,0.5
621.2237,0.5
621.2437,0.5
621.2637,0.5
621.2838,0.5
621.3038,0.5
621.3238,0.5
621.3438,0.5
621.3638,0.5
621.3839,0.5
621.4039,0.5
621.4239,0.5
621.4439,0.5
621.4639,0.5
621.4839,0.5
621.504,0.5
621.524,0.5
621.544,0.5
621.564,0.5
621.584,0.5
621.6041,0.5
621.6241,0.5
621.6441,0.5
621.6641,0.5
621.6841,0.5
621.7042,0.5
621.7242,0.5
621.7442,0.5
621.7642,0.5
621.7842,0.5
621.8043,0.5
621.8243,0.5
621.8443,0.5
621.8643,0.5
621.8843,0.5
621.9044,0.5
621.9244,0.5
621.9444,0.5
621.9644,0.5
621.9844,0.5
622.0045,0.5
622.0245,0.5
622.0445,0.5
622.0645,0.5
622.0845,0.5
622.1046,0.5
622.1246,0.5
622.1446,0.5
622.1646,0.5
622.1846,0.5
622.2047,0.5
622.2247,0.5
622.2447,0.5
622.2647,0.5
622.2847,0.5
622.3047,0.5
622.3248,0.5
622.3448,0.5
622.3648,0.5
622.3848,0.5
622.4048,0.5
622.4249,0.5
622.4449,0.5
622.4649,0.5
622.4849,0.5
622.5049,0.5
622.525,0.5
622.545,0.5
622.565,0.5
622.585,0.5
622.605,0.5
622.6251,0.5
622.6451,0.5
622.6651,0.5
622.6851,0.5
622.7051,0.5
622.7252,0.5
622.7452,0.5
622.7652,0.5
622.7852,0.5
622.8052,0.5
622.8253,0.5
622.8453,0.5
622.8653,0.5
622.8853,0.5
622.9053,0.5
622.9254,0.5
622.9454,0.5
622.9654,0.5
622.9854,0.5
623.0054,0.5
623.0255,0.5
623.0455,0.5
623.0655,0.5
623.0855,0.5
623.1055,0.5
623.1255,0.5
623.1456,0.5
623.1656,0.5
623.1856,0.5
623.2056,0.5
623.2256,0.5
623.2457,0.5
623.2657,0.5
623.2857,0.5
623.3057,0.5
623.3257,0.5
623.3458,0.5
623.3658,0.5
623.3858,0.5
623.4058,0.5
623.4258,0.5
623.4459,0.5
623.4659,0.5
623.4859,0.5
623.5059,0.5
623.5259,0.5
623.546,0.5
623.566,0.5
623.586,0.5
623.606,0.5
623.626,0.5
623.6461,0.5
623.6661,0.5
623.6861,0.5
623.7061,0.5
623.7261,0.5
623.7462,0.5
623.7662,0.5
623.7862,0.5
623.8062,0.5
623.8262,0.5
623.8463,0.5
623.8663,0.5
623.8863,0.5
623.9063,0.5
623.9263,0.5
623.9464,0.5
623.9664,0.5
623.9864,0.5
624.0064,0.5
624.0264,0.5
624.0464,0.5
624.0665,0.5
624.0865,0.5
624.1065,0.5
624.1265,0.5
624.1465,0.5
624.1666,0.5
624.1866,0.5
624.2066,0.5
624.2266,0.5
624.2466,0.5
624.2667,0.5
624.2867,0.5
624.3067,0.5
624.3267,0.5
624.3467,0.5
624.3668,0.5
624.3868,0.5
624.4068,0.5
624.4268,0.5
624.4468,0.5
624.4669,0.5
624.4869,0.5
624.5069,0.5
624.5269,0.5
624.5469,0.5
624.567,0.5
624.587,0.5
624.607,0.5
624.627,0.5
624.647,0.5
624.6671,0.5
624.6871,0.5
624.7071,0.5
624.7271,0.5
624.7471,0.5
624.7672,0.5
624.7872,0.5
624.8072,0.5
624.8272,0.5
624.8472,0.5
624.8672,0.5
624.8873,0.5
624.9073,0.5
624.9273,0.5
624.9473,0.5
624.9673,0.5
624.9874,0.5
625.0074,0.5
625.0274,0.5
625.0474,0.5
625.0674,0.5
625.0875,0.5
625.1075,0.5
625.1275,0.5
625.1475,0.5
625.1675,0.5
625.1876,0.5
625.2076,0.5
625.2276,0.5
625.2476,0.5
625.2676,0.5
625.2877,0.5
625.3077,0.5
625.3277,0.5
625.3477,0.5
625.3677,0.5
625.3878,0.5
625.4078,0.5
625.4278,0.5
625.4478,0.5
625.4678,0.5
625.4879,0.5
625.5079,0.5
625.5279,0.5
625.5479,0.5
625.5679,0.5
625.588,0.5
625.608,0.5
625.628,0.5
625.648,0.5
625.668,0.5
625.688,0.5
625.7081,0.5
625.7281,0.5
625.7481,0.5
625.7681,0.5
625.7881,0.5
625.8082,0.5
625.8282,0.5
625.8482,0.5
625.8682,0.5
625.8882,0.5
625.9083,0.5
625.9283,0.5
625.9483,0.5
625.9683,0.5
625.9883,0.5
626.0084,0.5
626.0284,0.5
626.0484,0.5
626.0684,0.5
626.0884,0.5
626.1085,0.5
626.1285,0.5
626.1485,0.5
626.1685,0.5
626.1885,0.5
626.2086,0.5
626.2286,0.5
626.2486,0.5
626.2686,0.5
626.2886,0.5
626.3087,0.5
626.3287,0.5
626.3487,0.5
626.3687,0.5
626.3887,0.5
626.4088,0.5
626.4288,0.5
626.4488,0.5
626.4688,0.5
626.4888,0.5
626.5089,0.5
626.5289,0.5
626.5489,0.5
626.5689,0.5
626.5889,0.5
626.6089,0.5
626.629,0.5
626.649,0.5
626.669,0.5
626.689,0.5
626.709,0.5
626.7291,0.5
626.7491,0.5
626.7691,0.5
626.7891,0.5
626.8091,0.5
626.8292,0.5
626.8492,0.5
626.8692,0.5
626.8892,0.5
626.9092,0.5
626.9293,0.5
626.9493,0.5
626.9693,0.5
626.9893,0.5
627.0093,0.5
627.0294,0.5
627.0494,0.5
627.0694,0.5
627.0894,0.5
627.1094,0.5
627.1295,0.5
627.1495,0.5
627.1695,0.5
627.1895,0.5
627.2095,0.5
627.2296,0.5
627.2496,0.5
627.2696,0.5
627.2896,0.5
627.3096,0.5
627.3297,0.5
627.3497,0.5
627.3697,0.5
627.3897,0.5
627.4097,0.5
627.4297,0.5
627.4498,0.5
627.4698,0.5
627.4898,0.5
627.5098,0.5
627.5298,0.5
627.5499,0.5
627.5699,0.5
627.5899,0.5
627.6099,0.5
627.6299,0.5
627.65,0.5
627.67,0.5
627.69,0.5
627.71,0.5
627.73,0.5
627.7501,0.5
627.7701,0.5
627.7901,0.5
627.8101,0.5
627.8301,0.5
627.8502,0.5
627.8702,0.5
627.8902,0.5
627.9102,0.5
627.9302,0.5
627.9503,0.5
627.9703,0.5
627.9903,0.5
628.0103,0.5
628.0303,0.5
628.0504,0.5
628.0704,0.5
628.0904,0.5
628.1104,0.5
628.1304,0.5
628.1505,0.5
628.1705,0.5
628.1905,0.5
628.2105,0.5
628.2305,0.5
628.2505,0.5
628.2706,0.5
628.2906,0.5
628.3106,0.5
628.3306,0.5
628.3506,0.5
628.3707,0.5
628.3907,0.5
628.4107,0.5
628.4307,0.5
628.4507,0.5
628.4708,0.5
628.4908,0.5
628.5108,0.5
628.5308,0.5
628.5508,0.5
628.5709,0.5
628.5909,0.5
628.6109,0.5
628.6309,0.5
628.6509,0.5
628.671,0.5
628.691,0.5
628.711,0.5
628.731,0.5
628.751,0.5
628.7711,0.5
628.7911,0.5
628.8111,0.5
628.8311,0.5
628.8511,0.5
628.8712,0.5
628.8912,0.5
628.9112,0.5
628.9312,0.5
628.9512,0.5
628.9713,0.5
628.9913,0.5
629.0113,0.5
629.0313,0.5
629.0513,0.5
629.0714,0.5
629.0914,0.5
629.1114,0.5
629.1314,0.5
629.1514,0.5
629.1714,0.5
629.1915,0.5
629.2115,0.5
629.2315,0.5
629.2515,0.5
629.2715,0.5
629.2916,0.5
629.3116,0.5
629.3316,0.5
629.3516,0.5
629.3716,0.5
629.3917,0.5
629.4117,0.5
629.4317,0.5
629.4517,0.5
629.4717,0.5
629.4918,0.5
629.5118,0.5
629.5318,0.5
629.5518,0.5
629.5718,0.5
629.5919,0.5
629.6119,0.5
629.6319,0.5
629.6519,0.5
629.6719,0.5
629.692,0.5
629.712,0.5
629.732,0.5
629.752,0.5
629.772,0.5
629.7921,0.5
629.8121,0.5
629.8321,0.5
629.8521,0.5
629.8721,0.5
629.8922,0.5
629.9122,0.5
629.9322,0.5
629.9522,0.5
629.9722,0.5
629.9922,0.5
630.0123,0.5
630.0323,0.5
630.0523,0.5
630.0723,0.5
630.0923,0.5
630.1124,0.5
630.1324,0.5
630.1524,0.5
630.1724,0.5
630.1924,0.5
630.2125,0.5
630.2325,0.5
630.2525,0.5
630.2725,0.5
630.2925,0.5
630.3126,0.5
630.3326,0.5
630.3526,0.5
630.3726,0.5
630.3926,0.5
630.4127,0.5
630.4327,0.5
630.4527,0.5
630.4727,0.5
630.4927,0.5
630.5128,0.5
630.5328,0.5
630.5528,0.5
630.5728,0.5
630.5928,0.5
630.6129,0.5
630.6329,0.5
630.6529,0.5
630.6729,0.5
630.6929,0.5
630.713,0.5
630.733,0.5
630.753,0.5
630.773,0.5
630.793,0.5
630.813,0.5
630.8331,0.5
630.8531,0.5
630.8731,0.5
630.8931,0.5
630.9131,0.5
630.9332,0.5
630.9532,0.5
630.9732,0.5
630.9932,0.5
631.0132,0.5
631.0333,0.5
631.0533,0.5
631.0733,0.5
631.0933,0.5
631.1133,0.5
631.1334,0.5
631.1534,0.5
631.1734,0.5
631.1934,0.5
631.2134,0.5
631.2335,0.5
631.2535,0.5
631.2735,0.5
631.2935,0.5
631.3135,0.5
631.3336,0.5
631.3536,0.5
631.3736,0.5
631.3936,0.5
631.4136,0.5
631.4337,0.5
631.4537,0.5
631.4737,0.5
631.4937,0.5
631.5137,0.5
631.5338,0.5
631.5538,0.5
631.5738,0.5
631.5938,0.5
631.6138,0.5
631.6339,0.5
631.6539,0.5
631.6739,0.5
631.6939,0.5
631.7139,0.5
631.7339,0.5
631.754,0.5
631.774,0.5
631.794,0.5
631.814,0.5
631.834,0.5
631.8541,0.5
631.8741,0.5
631.8941,0.5
631.9141,0.5
631.9341,0.5
631.9542,0.5
631.9742,0.5
631.9942,0.5
632.0142,0.5
632.0342,0.5
632.0543,0.5
632.0743,0.5
632.0943,0.5
632.1143,0.5
632.1343,0.5
632.1544,0.5
632.1744,0.5
632.1944,0.5
632.2144,0.5
632.2344,0.5
632.2545,0.5
632.2745,0.5
632.2945,0.5
632.3145,0.5
632.3345,0.5
632.3546,0.5
632.3746,0.5
632.3946,0.5
632.4146,0.5
632.4346,0.5
632.4547,0.5
632.4747,0.5
632.4947,0.5
632.5147,0.5
632.5347,0.5
632.5547,0.5
632.5748,0.5
632.5948,0.5
632.6148,0.5
632.6348,0.5
632.6548,0.5
632.6749,0.5
632.6949,0.5
632.7149,0.5
632.7349,0.5
632.7549,0.5
632.775,0.5
632.795,0.5
632.815,0.5
632.835,0.5
632.855,0.5
632.8751,0.5
632.8951,0.5
632.9151,0.5
632.9351,0.5
632.9551,0.5
632.9752,0.5
632.9952,0.5
633.0152,0.5
633.0352,0.5
633.0552,0.5
633.0753,0.5
633.0953,0.5
633.1153,0.5
633.1353,0.5
633.1553,0.5
633.1754,0.5
633.1954,0.5
633.2154,0.5
633.2354,0.5
633.2554,0.5
633.2755,0.5
633.2955,0.5
633.3155,0.5
633.3355,0.5
633.3555,0.5
633.3755,0.5
633.3956,0.5
633.4156,0.5
633.4356,0.5
633.4556,0.5
633.4756,0.5
633.4957,0.5
633.5157,0.5
633.5357,0.5
633.5557,0.5
633.5757,0.5
633.5958,0.5
633.6158,0.5
633.6358,0.5
633.6558,0.5
633.6758,0.5
633.6959,0.5
633.7159,0.5
633.7359,0.5
633.7559,0.5
633.7759,0.5
633.796,0.5
633.816,0.5
633.836,0.5
633.856,0.5
633.876,0.5
633.8961,0.5
633.9161,0.5
633.9361,0.5
633.9561,0.5
633.9761,0.5
633.9962,0.5
634.0162,0.5
634.0362,0.5
634.0562,0.5
634.0762,0.5
634.0963,0.5
634.1163,0.5
634.1363,0.5
634.1563,0.5
634.1763,0.5
634.1964,0.5
634.2164,0.5
634.2364,0.5
634.2564,0.5
634.2764,0.5
634.2964,0.5
634.3165,0.5
634.3365,0.5
634.3565,0.5
634.3765,0.5
634.3965,0.5
634.4166,0.5
634.4366,0.5
634.4566,0.5
634.4766,0.5
634.4966,0.5
634.5167,0.5
634.5367,0.5
634.5567,0.5
634.5767,0.5
634.5967,0.5
634.6168,0.5
634.6368,0.5
634.6568,0.5
634.6768,0.5
634.6968,0.5
634.7169,0.5
634.7369,0.5
634.7569,0.5
634.7769,0.5
634.7969,0.5
634.817,0.5
634.837,0.5
634.857,0.5
634.877,0.5
634.897,0.5
634.9171,0.5
634.9371,0.5
634.9571,0.5
634.9771,0.5
634.9971,0.5
635.0172,0.5
635.0372,0.5
635.0572,0.5
635.0772,0.5
635.0972,0.5
635.1172,0.5
635.1373,0.5
635.1573,0.5
635.1773,0.5
635.1973,0.5
635.2173,0.5
635.2374,0.5
635.2574,0.5
635.2774,0.5
635.2974,0.5
635.3174,0.5
635.3375,0.5
635.3575,0.5
635.3775,0.5
635.3975,0.5
635.4175,0.5
635.4376,0.5
635.4576,0.5
635.4776,0.5
635.4976,0.5
635.5176,0.5
635.5377,0.5
635.5577,0.5
635.5777,0.5
635.5977,0.5
635.6177,0.5
635.6378,0.5
635.6578,0.5
635.6778,0.5
635.6978,0.5
635.7178,0.5
635.7379,0.5
635.7579,0.5
635.7779,0.5
635.7979,0.5
635.8179,0.5
635.838,0.5
635.858,0.5
635.878,0.5
635.898,0.5
635.918,0.5
635.938,0.5
635.9581,0.5
635.9781,0.5
635.9981,0.5
636.0181,0.5
636.0381,0.5
636.0582,0.5
636.0782,0.5
636.0982,0.5
636.1182,0.5
636.1382,0.5
636.1583,0.5
636.1783,0.5
636.1983,0.5
636.2183,0.5
636.2383,0.5
636.2584,0.5
636.2784,0.5
636.2984,0.5
636.3184,0.5
636.3384,0.5
636.3585,0.5
636.3785,0.5
636.3985,0.5
636.4185,0.5
636.4385,0.5
636.4586,0.5
636.4786,0.5
636.4986,0.5
636.5186,0.5
636.5386,0.5
636.5587,0.5
636.5787,0.5
636.5987,0.5
636.6187,0.5
636.6387,0.5
636.6588,0.5
636.6788,0.5
636.6988,0.5
636.7188,0.5
636.7388,0.5
636.7589,0.5
636.7789,0.5
636.7989,0.5
636.8189,0.5
636.8389,0.5
636.8589,0.5
636.879,0.5
636.899,0.5
636.919,0.5
636.939,0.5
636.959,0.5
636.9791,0.5
636.9991,0.5
637.0191,0.5
637.0391,0.5
637.0591,0.5
637.0792,0.5
637.0992,0.5
637.1192,0.5
637.1392,0.5
637.1592,0.5
637.1793,0.5
637.1993,0.5
637.2193,0.5
637.2393,0.5
637.2593,0.5
637.2794,0.5
637.2994,0.5
637.3194,0.5
637.3394,0.5
637.3594,0.5
637.3795,0.5
637.3995,0.5
637.4195,0.5
637.4395,0.5
637.4595,0.5
637.4796,0.5
637.4996,0.5
637.5196,0.5
637.5396,0.5
637.5596,0.5
637.5797,0.5
637.5997,0.5
637.6197,0.5
637.6397,0.5
637.6597,0.5
637.6797,0.5
637.6998,0.5
637.7198,0.5
637.7398,0.5
637.7598,0.5
637.7798,0.5
637.7999,0.5
637.8199,0.5
637.8399,0.5
637.8599,0.5
637.8799,0.5
637.9,0.5
637.92,0.5
637.94,0.5
637.96,0.5
637.98,0.5
638.0001,0.5
638.0201,0.5
638.0401,0.5
638.0601,0.5
638.0801,0.5
638.1002,0.5
638.1202,0.5
638.1402,0.5
638.1602,0.5
638.1802,0.5
638.2003,0.5
638.2203,0.5
638.2403,0.5
638.2603,0.5
638.2803,0.5
638.3004,0.5
638.3204,0.5
638.3404,0.5
638.3604,0.5
638.3804,0.5
638.4005,0.5
638.4205,0.5
638.4405,0.5
638.4605,0.5
638.4805,0.5
638.5005,0.5
638.5206,0.5
638.5406,0.5
638.5606,0.5
638.5806,0.5
638.6006,0.5
638.6207,0.5
638.6407,0.5
638.6607,0.5
638.6807,0.5
638.7007,0.5
638.7208,0.5
638.7408,0.5
638.7608,0.5
638.7808,0.5
638.8008,0.5
638.8209,0.5
638.8409,0.5
638.8609,0.5
638.8809,0.5
638.9009,0.5
638.921,0.5
638.941,0.5
638.961,0.5
638.981,0.5
639.001,0.5
639.0211,0.5
639.0411,0.5
639.0611,0.5
639.0811,0.5
639.1011,0.5
639.1212,0.5
639.1412,0.5
639.1612,0.5
639.1812,0.5
639.2012,0.5
639.2213,0.5
639.2413,0.5
639.2613,0.5
639.2813,0.5
639.3013,0.5
639.3214,0.5
639.3414,0.5
639.3614,0.5
639.3814,0.5
639.4014,0.5
639.4214,0.5
639.4415,0.5
639.4615,0.5
639.4815,0.5
639.5015,0.5
639.5215,0.5
639.5416,0.5
639.5616,0.5
639.5816,0.5
639.6016,0.5
639.6216,0.5
639.6417,0.5
639.6617,0.5
639.6817,0.5
639.7017,0.5
639.7217,0.5
639.7418,0.5
639.7618,0.5
639.7818,0.5
639.8018,0.5
639.8218,0.5
639.8419,0.5
639.8619,0.5
639.8819,0.5
639.9019,0.5
639.9219,0.5
639.942,0.5
639.962,0.5
639.982,0.5
640.002,0.5
640.022,0.5
640.0421,0.5
640.0621,0.5
640.0821,0.5
640.1021,0.5
640.1221,0.5
640.1422,0.5
640.1622,0.5
640.1822,0.5
640.2022,0.5
640.2222,0.5
640.2422,0.5
640.2623,0.5
640.2823,0.5
640.3023,0.5
640.3223,0.5
640.3423,0.5
640.3624,0.5
640.3824,0.5
640.4024,0.5
640.4224,0.5
640.4424,0.5
640.4625,0.5
640.4825,0.5
640.5025,0.5
640.5225,0.5
640.5425,0.5
640.5626,0.5
640.5826,0.5
640.6026,0.5
640.6226,0.5
640.6426,0.5
640.6627,0.5
640.6827,0.5
640.7027,0.5
640.7227,0.5
640.7427,0.5
640.7628,0.5
640.7828,0.5
640.8028,0.5
640.8228,0.5
640.8428,0.5
640.8629,0.5
640.8829,0.5
640.9029,0.5
640.9229,0.5
640.9429,0.5
640.963,0.5
640.983,0.5
641.003,0.5
641.023,0.5
641.043,0.5
641.063,0.5
641.0831,0.5
641.1031,0.5
641.1231,0.5
641.1431,0.5
641.1631,0.5
641.1832,0.5
641.2032,0.5
641.2232,0.5
641.2432,0.5
641.2632,0.5
641.2833,0.5
641.3033,0.5
641.3233,0.5
641.3433,0.5
641.3633,0.5
641.3834,0.5
641.4034,0.5
641.4234,0.5
641.4434,0.5
641.4634,0.5
641.4835,0.5
641.5035,0.5
641.5235,0.5
641.5435,0.5
641.5635,0.5
641.5836,0.5
641.6036,0.5
641.6236,0.5
641.6436,0.5
641.6636,0.5
641.6837,0.5
641.7037,0.5
641.7237,0.5
641.7437,0.5
641.7637,0.5
641.7838,0.5
641.8038,0.5
641.8238,0.5
641.8438,0.5
641.8638,0.5
641.8839,0.5
641.9039,0.5
641.9239,0.5
641.9439,0.5
641.9639,0.5
641.9839,0.5
642.004,0.5
642.024,0.5
642.044,0.5
642.064,0.5
642.084,0.5
642.1041,0.5
642.1241,0.5
642.1441,0.5
642.1641,0.5
642.1841,0.5
642.2042,0.5
642.2242,0.5
642.2442,0.5
642.2642,0.5
642.2842,0.5
642.3043,0.5
642.3243,0.5
642.3443,0.5
642.3643,0.5
642.3843,0.5
642.4044,0.5
642.4244,0.5
642.4444,0.5
642.4644,0.5
642.4844,0.5
642.5045,0.5
642.5245,0.5
642.5445,0.5
642.5645,0.5
642.5845,0.5
642.6046,0.5
642.6246,0.5
642.6446,0.5
642.6646,0.5
642.6846,0.5
642.7047,0.5
642.7247,0.5
642.7447,0.5
642.7647,0.5
642.7847,0.5
642.8047,0.5
642.8248,0.5
642.8448,0.5
642.8648,0.5
642.8848,0.5
642.9048,0.5
642.9249,0.5
642.9449,0.5
642.9649,0.5
642.9849,0.5
643.0049,0.5
643.025,0.5
643.045,0.5
643.065,0.5
643.085,0.5
643.105,0.5
643.1251,0.5
643.1451,0.5
643.1651,0.5
643.1851,0.5
643.2051,0.5
643.2252,0.5
643.2452,0.5
643.2652,0.5
643.2852,0.5
643.3052,0.5
643.3253,0.5
643.3453,0.5
643.3653,0.5
643.3853,0.5
643.4053,0.5
643.4254,0.5
643.4454,0.5
643.4654,0.5
643.4854,0.5
643.5054,0.5
643.5255,0.5
643.5455,0.5
643.5655,0.5
643.5855,0.5
643.6055,0.5
643.6255,0.5
643.6456,0.5
643.6656,0.5
643.6856,0.5
643.7056,0.5
643.7256,0.5
643.7457,0.5
643.7657,0.5
643.7857,0.5
643.8057,0.5
643.8257,0.5
643.8458,0.5
643.8658,0.5
643.8858,0.5
643.9058,0.5
643.9258,0.5
643.9459,0.5
643.9659,0.5
643.9859,0.5
644.0059,0.5
644.0259,0.5
644.046,0.5
644.066,0.5
644.086,0.5
644.106,0.5
644.126,0.5
644.1461,0.5
644.1661,0.5
644.1861,0.5
644.2061,0.5
644.2261,0.5
644.2462,0.5
644.2662,0.5
644.2862,0.5
644.3062,0.5
644.3262,0.5
644.3463,0.5
644.3663,0.5
644.3863,0.5
644.4063,0.5
644.4263,0.5
644.4464,0.5
644.4664,0.5
644.4864,0.5
644.5064,0.5
644.5264,0.5
644.5464,0.5
644.5665,0.5
644.5865,0.5
644.6065,0.5
644.6265,0.5
644.6465,0.5
644.6666,0.5
644.6866,0.5
644.7066,0.5
644.7266,0.5
644.7466,0.5
644.7667,0.5
644.7867,0.5
644.8067,0.5
644.8267,0.5
644.8467,0.5
644.8668,0.5
644.8868,0.5
644.9068,0.5
644.9268,0.5
644.9468,0.5
644.9669,0.5
644.9869,0.5
645.0069,0.5
645.0269,0.5
645.0469,0.5
645.067,0.5
645.087,0.5
645.107,0.5
645.127,0.5
645.147,0.5
645.1671,0.5
645.1871,0.5
645.2071,0.5
645.2271,0.5
645.2471,0.5
645.2672,0.5
645.2872,0.5
645.3072,0.5
645.3272,0.5
645.3472,0.5
645.3672,0.5
645.3873,0.5
645.4073,0.5
645.4273,0.5
645.4473,0.5
645.4673,0.5
645.4874,0.5
645.5074,0.5
645.5274,0.5
645.5474,0.5
645.5674,0.5
645.5875,0.5
645.6075,0.5
645.6275,0.5
645.6475,0.5
645.6675,0.5
645.6876,0.5
645.7076,0.5
645.7276,0.5
645.7476,0.5
645.7676,0.5
645.7877,0.5
645.8077,0.5
645.8277,0.5
645.8477,0.5
645.8677,0.5
645.8878,0.5
645.9078,0.5
645.9278,0.5
645.9478,0.5
645.9678,0.5
645.9879,0.5
646.0079,0.5
646.0279,0.5
646.0479,0.5
646.0679,0.5
646.088,0.5
646.108,0.5
646.128,0.5
646.148,0.5
646.168,0.5
646.188,0.5
646.2081,0.5
646.2281,0.5
646.2481,0.5
646.2681,0.5
646.2881,0.5
646.3082,0.5
646.3282,0.5
646.3482,0.5
646.3682,0.5
646.3882,0.5
646.4083,0.5
646.4283,0.5
646.4483,0.5
646.4683,0.5
646.4883,0.5
646.5084,0.5
646.5284,0.5
646.5484,0.5
646.5684,0.5
646.5884,0.5
646.6085,0.5
646.6285,0.5
646.6485,0.5
646.6685,0.5
646.6885,0.5
646.7086,0.5
646.7286,0.5
646.7486,0.5
646.7686,0.5
646.7886,0.5
646.8087,0.5
646.8287,0.5
646.8487,0.5
646.8687,0.5
646.8887,0.5
646.9088,0.5
646.9288,0.5
646.9488,0.5
646.9688,0.5
646.9888,0.5
647.0089,0.5
647.0289,0.5
647.0489,0.5
647.0689,0.5
647.0889,0.5
647.1089,0.5
647.129,0.5
647.149,0.5
647.169,0.5
647.189,0.5
647.209,0.5
647.2291,0.5
647.2491,0.5
647.2691,0.5
647.2891,0.5
647.3091,0.5
647.3292,0.5
647.3492,0.5
647.3692,0.5
647.3892,0.5
647.4092,0.5
647.4293,0.5
647.4493,0.5
647.4693,0.5
647.4893,0.5
647.5093,0.5
647.5294,0.5
647.5494,0.5
647.5694,0.5
647.5894,0.5
647.6094,0.5
647.6295,0.5
647.6495,0.5
647.6695,0.5
647.6895,0.5
647.7095,0.5
647.7296,0.5
647.7496,0.5
647.7696,0.5
647.7896,0.5
647.8096,0.5
647.8297,0.5
647.8497,0.5
647.8697,0.5
647.8897,0.5
647.9097,0.5
647.9297,0.5
647.9498,0.5
647.9698,0.5
647.9898,0.5
648.0098,0.5
648.0298,0.5
648.0499,0.5
648.0699,0.5
648.0899,0.5
648.1099,0.5
648.1299,0.5
648.15,0.5
648.17,0.5
648.19,0.5
648.21,0.5
648.23,0.5
648.2501,0.5
648.2701,0.5
648.2901,0.5
648.3101,0.5
648.3301,0.5
648.3502,0.5
648.3702,0.5
648.3902,0.5
648.4102,0.5
648.4302,0.5
648.4503,0.5
648.4703,0.5
648.4903,0.5
648.5103,0.5
648.5303,0.5
648.5504,0.5
648.5704,0.5
648.5904,0.5
648.6104,0.5
648.6304,0.5
648.6505,0.5
648.6705,0.5
648.6905,0.5
648.7105,0.5
648.7305,0.5
648.7505,0.5
648.7706,0.5
648.7906,0.5
648.8106,0.5
648.8306,0.5
648.8506,0.5
648.8707,0.5
648.8907,0.5
648.9107,0.5
648.9307,0.5
648.9507,0.5
648.9708,0.5
648.9908,0.5
649.0108,0.5
649.0308,0.5
649.0508,0.5
649.0709,0.5
649.0909,0.5
649.1109,0.5
649.1309,0.5
649.1509,0.5
649.171,0.5
649.191,0.5
649.211,0.5
649.231,0.5
649.251,0.5
649.2711,0.5
649.2911,0.5
649.3111,0.5
649.3311,0.5
649.3511,0.5
649.3712,0.5
649.3912,0.5
649.4112,0.5
649.4312,0.5
649.4512,0.5
649.4713,0.5
649.4913,0.5
649.5113,0.5
649.5313,0.5
649.5513,0.5
649.5714,0.5
649.5914,0.5
649.6114,0.5
649.6314,0.5
649.6514,0.5
649.6714,0.5
649.6915,0.5
649.7115,0.5
649.7315,0.5
649.7515,0.5
649.7715,0.5
649.7916,0.5
649.8116,0.5
649.8316,0.5
649.8516,0.5
649.8716,0.5
649.8917,0.5
649.9117,0.5
649.9317,0.5
649.9517,0.5
649.9717,0.5
649.9918,0.5
650.0118,0.5
650.0318,0.5
650.0518,0.5
650.0718,0.5
650.0919,0.5
650.1119,0.5
650.1319,0.5
650.1519,0.5
650.1719,0.5
650.192,0.5
650.212,0.5
650.232,0.5
650.252,0.5
650.272,0.5
650.2921,0.5
650.3121,0.5
650.3321,0.5
650.3521,0.5
650.3721,0.5
650.3922,0.5
650.4122,0.5
650.4322,0.5
650.4522,0.5
650.4722,0.5
650.4922,0.5
650.5123,0.5
650.5323,0.5
650.5523,0.5
650.5723,0.5
650.5923,0.5
650.6124,0.5
650.6324,0.5
650.6524,0.5
650.6724,0.5
650.6924,0.5
650.7125,0.5
650.7325,0.5
650.7525,0.5
650.7725,0.5
650.7925,0.5
650.8126,0.5
650.8326,0.5
650.8526,0.5
650.8726,0.5
650.8926,0.5
650.9127,0.5
650.9327,0.5
650.9527,0.5
650.9727,0.5
650.9927,0.5
651.0128,0.5
651.0328,0.5
651.0528,0.5
651.0728,0.5
651.0928,0.5
651.1129,0.5
651.1329,0.5
651.1529,0.5
651.1729,0.5
651.1929,0.5
651.213,0.5
651.233,0.5
651.253,0.5
651.273,0.5
651.293,0.5
651.313,0.5
651.3331,0.5
651.3531,0.5
651.3731,0.5
651.3931,0.5
651.4131,0.5
651.4332,0.5
651.4532,0.5
651.4732,0.5
651.4932,0.5
651.5132,0.5
651.5333,0.5
651.5533,0.5
651.5733,0.5
651.5933,0.5
651.6133,0.5
651.6334,0.5
651.6534,0.5
651.6734,0.5
651.6934,0.5
651.7134,0.5
651.7335,0.5
651.7535,0.5
651.7735,0.5
651.7935,0.5
651.8135,0.5
651.8336,0.5
651.8536,0.5
651.8736,0.5
651.8936,0.5
651.9136,0.5
651.9337,0.5
651.9537,0.5
651.9737,0.5
651.9937,0.5
652.0137,0.5
652.0338,0.5
652.0538,0.5
652.0738,0.5
652.0938,0.5
652.1138,0.5
652.1339,0.5
652.1539,0.5
652.1739,0.5
652.1939,0.5
652.2139,0.5
652.2339,0.5
652.254,0.5
652.274,0.5
652.294,0.5
652.314,0.5
652.334,0.5
652.3541,0.5
652.3741,0.5
652.3941,0.5
652.4141,0.5
652.4341,0.5
652.4542,0.5
652.4742,0.5
652.4942,0.5
652.5142,0.5
652.5342,0.5
652.5543,0.5
652.5743,0.5
652.5943,0.5
652.6143,0.5
652.6343,0.5
652.6544,0.5
652.6744,0.5
652.6944,0.5
652.7144,0.5
652.7344,0.5
652.7545,0.5
652.7745,0.5
652.7945,0.5
652.8145,0.5
652.8345,0.5
652.8546,0.5
652.8746,0.5
652.8946,0.5
652.9146,0.5
652.9346,0.5
652.9547,0.5
652.9747,0.5
652.9947,0.5
653.0147,0.5
653.0347,0.5
653.0547,0.5
653.0748,0.5
653.0948,0.5
653.1148,0.5
653.1348,0.5
653.1548,0.5
653.1749,0.5
653.1949,0.5
653.2149,0.5
653.2349,0.5
653.2549,0.5
653.275,0.5
653.295,0.5
653.315,0.5
653.335,0.5
653.355,0.5
653.3751,0.5
653.3951,0.5
653.4151,0.5
653.4351,0.5
653.4551,0.5
653.4752,0.5
653.4952,0.5
653.5152,0.5
653.5352,0.5
653.5552,0.5
653.5753,0.5
653.5953,0.5
653.6153,0.5
653.6353,0.5
653.6553,0.5
653.6754,0.5
653.6954,0.5
653.7154,0.5
653.7354,0.5
653.7554,0.5
653.7755,0.5
653.7955,0.5
653.8155,0.5
653.8355,0.5
653.8555,0.5
653.8755,0.5
653.8956,0.5
653.9156,0.5
653.9356,0.5
653.9556,0.5
653.9756,0.5
653.9957,0.5
654.0157,0.5
654.0357,0.5
654.0557,0.5
654.0757,0.5
654.0958,0.5
654.1158,0.5
654.1358,0.5
654.1558,0.5
654.1758,0.5
654.1959,0.5
654.2159,0.5
654.2359,0.5
654.2559,0.5
654.2759,0.5
654.296,0.5
654.316,0.5
654.336,0.5
654.356,0.5
654.376,0.5
654.3961,0.5
654.4161,0.5
654.4361,0.5
654.4561,0.5
654.4761,0.5
654.4962,0.5
654.5162,0.5
654.5362,0.5
654.5562,0.5
654.5762,0.5
654.5963,0.5
654.6163,0.5
654.6363,0.5
654.6563,0.5
654.6763,0.5
654.6964,0.5
654.7164,0.5
654.7364,0.5
654.7564,0.5
654.7764,0.5
654.7964,0.5
654.8165,0.5
654.8365,0.5
654.8565,0.5
654.8765,0.5
654.8965,0.5
654.9166,0.5
654.9366,0.5
654.9566,0.5
654.9766,0.5
654.9966,0.5
655.0167,0.5
655.0367,0.5
655.0567,0.5
655.0767,0.5
655.0967,0.5
655.1168,0.5
655.1368,0.5
655.1568,0.5
655.1768,0.5
655.1968,0.5
655.2169,0.5
655.2369,0.5
655.2569,0.5
655.2769,0.5
655.2969,0.5
655.317,0.5
655.337,0.5
655.357,0.5
655.377,0.5
655.397,0.5
655.4171,0.5
655.4371,0.5
655.4571,0.5
655.4771,0.5
655.4971,0.5
655.5172,0.5
655.5372,0.5
655.5572,0.5
655.5772,0.5
655.5972,0.5
655.6172,0.5
655.6373,0.5
655.6573,0.5
655.6773,0.5
655.6973,0.5
655.7173,0.5
655.7374,0.5
655.7574,0.5
655.7774,0.5
655.7974,0.5
655.8174,0.5
655.8375,0.5
655.8575,0.5
655.8775,0.5
655.8975,0.5
655.9175,0.5
655.9376,0.5
655.9576,0.5
655.9776,0.5
655.9976,0.5
656.0176,0.5
656.0377,0.5
656.0577,0.5
656.0777,0.5
656.0977,0.5
656.1177,0.5
656.1378,0.5
656.1578,0.5
656.1778,0.5
656.1978,0.5
656.2178,0.5
656.2379,0.5
656.2579,0.5
656.2779,0.5
656.2979,0.5
656.3179,0.5
656.338,0.5
656.358,0.5
656.378,0.5
656.398,0.5
656.418,0.5
656.438,0.5
656.4581,0.5
656.4781,0.5
656.4981,0.5
656.5181,0.5
656.5381,0.5
656.5582,0.5
656.5782,0.5
656.5982,0.5
656.6182,0.5
656.6382,0.5
656.6583,0.5
656.6783,0.5
656.6983,0.5
656.7183,0.5
656.7383,0.5
656.7584,0.5
656.7784,0.5
656.7984,0.5
656.8184,0.5
656.8384,0.5
656.8585,0.5
656.8785,0.5
656.8985,0.5
656.9185,0.5
656.9385,0.5
656.9586,0.5
656.9786,0.5
656.9986,0.5
657.0186,0.5
657.0386,0.5
657.0587,0.5
657.0787,0.5
657.0987,0.5
657.1187,0.5
657.1387,0.5
657.1588,0.5
657.1788,0.5
657.1988,0.5
657.2188,0.5
657.2388,0.5
657.2589,0.5
657.2789,0.5
657.2989,0.5
657.3189,0.5
657.3389,0.5
657.3589,0.5
657.379,0.5
657.399,0.5
657.419,0.5
657.439,0.5
657.459,0.5
657.4791,0.5
657.4991,0.5
657.5191,0.5
657.5391,0.5
657.5591,0.5
657.5792,0.5
657.5992,0.5
657.6192,0.5
657.6392,0.5
657.6592,0.5
657.6793,0.5
657.6993,0.5
657.7193,0.5
657.7393,0.5
657.7593,0.5
657.7794,0.5
657.7994,0.5
657.8194,0.5
657.8394,0.5
657.8594,0.5
657.8795,0.5
657.8995,0.5
657.9195,0.5
657.9395,0.5
657.9595,0.5
657.9796,0.5
657.9996,0.5
658.0196,0.5
658.0396,0.5
658.0596,0.5
658.0797,0.5
658.0997,0.5
658.1197,0.5
658.1397,0.5
658.1597,0.5
658.1797,0.5
658.1998,0.5
658.2198,0.5
658.2398,0.5
658.2598,0.5
658.2798,0.5
658.2999,0.5
658.3199,0.5
658.3399,0.5
658.3599,0.5
658.3799,0.5
658.4,0.5
658.42,0.5
658.44,0.5
658.46,0.5
658.48,0.5
658.5001,0.5
658.5201,0.5
658.5401,0.5
658.5601,0.5
658.5801,0.5
658.6002,0.5
658.6202,0.5
658.6402,0.5
658.6602,0.5
658.6802,0.5
658.7003,0.5
658.7203,0.5
658.7403,0.5
658.7603,0.5
658.7803,0.5
658.8004,0.5
658.8204,0.5
658.8404,0.5
658.8604,0.5
658.8804,0.5
658.9005,0.5
658.9205,0.5
658.9405,0.5
658.9605,0.5
658.9805,0.5
659.0005,0.5
659.0206,0.5
659.0406,0.5
659.0606,0.5
659.0806,0.5
659.1006,0.5
659.1207,0.5
659.1407,0.5
659.1607,0.5
659.1807,0.5
659.2007,0.5
659.2208,0.5
659.2408,0.5
659.2608,0.5
659.2808,0.5
659.3008,0.5
659.3209,0.5
659.3409,0.5
659.3609,0.5
659.3809,0.5
659.4009,0.5
659.421,0.5
659.441,0.5
659.461,0.5
659.481,0.5
659.501,0.5
659.5211,0.5
659.5411,0.5
659.5611,0.5
659.5811,0.5
659.6011,0.5
659.6212,0.5
659.6412,0.5
659.6612,0.5
659.6812,0.5
659.7012,0.5
659.7213,0.5
659.7413,0.5
659.7613,0.5
659.7813,0.5
659.8013,0.5
659.8214,0.5
659.8414,0.5
659.8614,0.5
659.8814,0.5
659.9014,0.5
659.9214,0.5
659.9415,0.5
659.9615,0.5
659.9815,0.5
660.0015,0.5
660.0215,0.5
660.0416,0.5
660.0616,0.5
660.0816,0.5
660.1016,0.5
660.1216,0.5
660.1417,0.5
660.1617,0.5
660.1817,0.5
660.2017,0.5
660.2217,0.5
660.2418,0.5
660.2618,0.5
660.2818,0.5
660.3018,0.5
660.3218,0.5
660.3419,0.5
660.3619,0.5
660.3819,0.5
660.4019,0.5
660.4219,0.5
660.442,0.5
660.462,0.5
660.482,0.5
660.502,0.5
660.522,0.5
660.5421,0.5
660.5621,0.5
660.5821,0.5
660.6021,0.5
660.6221,0.5
660.6422,0.5
660.6622,0.5
660.6822,0.5
660.7022,0.5
660.7222,0.5
660.7422,0.5
660.7623,0.5
660.7823,0.5
660.8023,0.5
660.8223,0.5
660.8423,0.5
660.8624,0.5
660.8824,0.5
660.9024,0.5
660.9224,0.5
660.9424,0.5
660.9625,0.5
660.9825,0.5
661.0025,0.5
661.0225,0.5
661.0425,0.5
661.0626,0.5
661.0826,0.5
661.1026,0.5
661.1226,0.5
661.1426,0.5
661.1627,0.5
661.1827,0.5
661.2027,0.5
661.2227,0.5
661.2427,0.5
661.2628,0.5
661.2828,0.5
661.3028,0.5
661.3228,0.5
661.3428,0.5
661.3629,0.5
661.3829,0.5
661.4029,0.5
661.4229,0.5
661.4429,0.5
661.463,0.5
661.483,0.5
661.503,0.5
661.523,0.5
661.543,0.5
661.563,0.5
661.5831,0.5
661.6031,0.5
661.6231,0.5
661.6431,0.5
661.6631,0.5
661.6832,0.5
661.7032,0.5
661.7232,0.5
661.7432,0.5
661.7632,0.5
661.7833,0.5
661.8033,0.5
661.8233,0.5
661.8433,0.5
661.8633,0.5
661.8834,0.5
661.9034,0.5
661.9234,0.5
661.9434,0.5
661.9634,0.5
661.9835,0.5
662.0035,0.5
662.0235,0.5
662.0435,0.5
662.0635,0.5
662.0836,0.5
662.1036,0.5
662.1236,0.5
662.1436,0.5
662.1636,0.5
662.1837,0.5
662.2037,0.5
662.2237,0.5
662.2437,0.5
662.2637,0.5
662.2838,0.5
662.3038,0.5
662.3238,0.5
662.3438,0.5
662.3638,0.5
662.3839,0.5
662.4039,0.5
662.4239,0.5
662.4439,0.5
662.4639,0.5
662.4839,0.5
662.504,0.5
662.524,0.5
662.544,0.5
662.564,0.5
662.584,0.5
662.6041,0.5
662.6241,0.5
662.6441,0.5
662.6641,0.5
662.6841,0.5
662.7042,0.5
662.7242,0.5
662.7442,0.5
662.7642,0.5
662.7842,0.5
662.8043,0.5
662.8243,0.5
662.8443,0.5
662.8643,0.5
662.8843,0.5
662.9044,0.5
662.9244,0.5
662.9444,0.5
662.9644,0.5
662.9844,0.5
663.0045,0.5
663.0245,0.5
663.0445,0.5
663.0645,0.5
663.0845,0.5
663.1046,0.5
663.1246,0.5
663.1446,0.5
663.1646,0.5
663.1846,0.5
663.2047,0.5
663.2247,0.5
663.2447,0.5
663.2647,0.5
663.2847,0.5
663.3047,0.5
663.3248,0.5
663.3448,0.5
663.3648,0.505
663.3848,0.505
663.4048,0.505
663.4249,0.505
663.4449,0.505
663.4649,0.505
663.4849,0.505
663.5049,0.505
663.525,0.505
663.545,0.505
663.565,0.505
663.585,0.505
663.605,0.505
663.6251,0.505
663.6451,0.505
663.6651,0.505
663.6851,0.505
663.7051,0.505
663.7252,0.505
663.7452,0.505
663.7652,0.505
663.7852,0.505
663.8052,0.505
663.8253,0.505
663.8453,0.505
663.8653,0.505
663.8853,0.505
663.9053,0.505
663.9254,0.505
663.9454,0.505
663.9654,0.505
663.9854,0.505
664.0054,0.505
664.0255,0.505
664.0455,0.505
664.0655,0.505
664.0855,0.505
664.1055,0.505
664.1255,0.505
664.1456,0.505
664.1656,0.505
664.1856,0.505
664.2056,0.505
664.2256,0.505
664.2457,0.505
664.2657,0.505
664.2857,0.505
664.3057,0.505
664.3257,0.505
664.3458,0.505
664.3658,0.505
664.3858,0.505
664.4058,0.505
664.4258,0.505
664.4459,0.505
664.4659,0.505
664.4859,0.505
664.5059,0.505
664.5259,0.505
664.546,0.505
664.566,0.505
664.586,0.505
664.606,0.505
664.626,0.505
664.6461,0.505
664.6661,0.505
664.6861,0.505
664.7061,0.505
664.7261,0.505
664.7462,0.505
664.7662,0.505
664.7862,0.505
664.8062,0.505
664.8262,0.505
664.8463,0.505
664.8663,0.505
664.8863,0.505
664.9063,0.505
664.9263,0.505
664.9464,0.505
664.9664,0.505
664.9864,0.505
665.0064,0.505
665.0264,0.505
665.0464,0.505
665.0665,0.505
665.0865,0.505
665.1065,0.505
665.1265,0.505
665.1465,0.505
665.1666,0.505
665.1866,0.505
665.2066,0.505
665.2266,0.505
665.2466,0.505
665.2667,0.505
665.2867,0.505
665.3067,0.505
665.3267,0.505
665.3467,0.505
665.3668,0.505
665.3868,0.505
665.4068,0.505
665.4268,0.505
665.4468,0.505
665.4669,0.505
665.4869,0.505
665.5069,0.505
665.5269,0.505
665.5469,0.505
665.567,0.505
665.587,0.505
665.607,0.505
665.627,0.505
665.647,0.505
665.6671,0.505
665.6871,0.505
665.7071,0.505
665.7271,0.505
665.7471,0.505
665.7672,0.505
665.7872,0.505
665.8072,0.505
665.8272,0.505
665.8472,0.505
665.8672,0.505
665.8873,0.505
665.9073,0.505
665.9273,0.505
665.9473,0.505
665.9673,0.505
665.9874,0.505
666.0074,0.505
666.0274,0.505
666.0474,0.505
666.0674,0.505
666.0875,0.505
666.1075,0.505
666.1275,0.505
666.1475,0.505
666.1675,0.505
666.1876,0.505
666.2076,0.505
666.2276,0.505
666.2476,0.505
666.2676,0.505
666.2877,0.505
666.3077,0.505
666.3277,0.505
666.3477,0.505
666.3677,0.505
666.3878,0.505
666.4078,0.505
666.4278,0.505
666.4478,0.505
666.4678,0.505
666.4879,0.505
666.5079,0.505
666.5279,0.505
666.5479,0.505
666.5679,0.505
666.588,0.505
666.608,0.505
666.628,0.505
666.648,0.505
666.668,0.505
666.688,0.505
666.7081,0.505
666.7281,0.505
666.7481,0.505
666.7681,0.505
666.7881,0.505
666.8082,0.505
666.8282,0.505
666.8482,0.505
666.8682,0.505
666.8882,0.505
666.9083,0.505
666.9283,0.505
666.9483,0.505
666.9683,0.505
666.9883,0.505
667.0084,0.505
667.0284,0.505
667.0484,0.505
667.0684,0.505
667.0884,0.505
667.1085,0.505
667.1285,0.505
667.1485,0.505
667.1685,0.505
667.1885,0.505
667.2086,0.505
667.2286,0.505
667.2486,0.505
667.2686,0.505
667.2886,0.505
667.3087,0.505
667.3287,0.505
667.3487,0.505
667.3687,0.505
667.3887,0.505
667.4088,0.505
667.4288,0.505
667.4488,0.505
667.4688,0.505
667.4888,0.505
667.5089,0.505
667.5289,0.505
667.5489,0.505
667.5689,0.505
667.5889,0.505
667.6089,0.505
667.629,0.505
667.649,0.505
667.669,0.505
667.689,0.505
667.709,0.505
667.7291,0.505
667.7491,0.505
667.7691,0.505
667.7891,0.505
667.8091,0.505
667.8292,0.505
667.8492,0.505
667.8692,0.505
667.8892,0.505
667.9092,0.505
667.9293,0.505
667.9493,0.505
667.9693,0.505
667.9893,0.505
668.0093,0.505
668.0294,0.505
668.0494,0.505
668.0694,0.505
668.0894,0.505
668.1094,0.505
668.1295,0.505
668.1495,0.505
668.1695,0.505
668.1895,0.505
668.2095,0.505
668.2296,0.505
668.2496,0.505
668.2696,0.505
668.2896,0.505
668.3096,0.505
668.3297,0.505
668.3497,0.505
668.3697,0.505
668.3897,0.505
668.4097,0.505
668.4297,0.505
668.4498,0.505
668.4698,0.505
668.4898,0.505
668.5098,0.505
668.5298,0.505
668.5499,0.505
668.5699,0.505
668.5899,0.505
668.6099,0.505
668.6299,0.505
668.65,0.505
668.67,0.505
668.69,0.505
668.71,0.505
668.73,0.505
668.7501,0.505
668.7701,0.505
668.7901,0.505
668.8101,0.505
668.8301,0.505
668.8502,0.505
668.8702,0.505
668.8902,0.505
668.9102,0.505
668.9302,0.505
668.9503,0.505
668.9703,0.505
668.9903,0.505
669.0103,0.505
669.0303,0.505
669.0504,0.505
669.0704,0.505
669.0904,0.505
669.1104,0.505
669.1304,0.505
669.1505,0.505
669.1705,0.505
669.1905,0.505
669.2105,0.505
669.2305,0.505
669.2505,0.505
669.2706,0.505
669.2906,0.505
669.3106,0.505
669.3306,0.505
669.3506,0.505
669.3707,0.505
669.3907,0.505
669.4107,0.505
669.4307,0.505
669.4507,0.505
669.4708,0.505
669.4908,0.505
669.5108,0.505
669.5308,0.505
669.5508,0.505
669.5709,0.505
669.5909,0.505
669.6109,0.505
669.6309,0.505
669.6509,0.505
669.671,0.505
669.691,0.505
669.711,0.505
669.731,0.505
669.751,0.505
669.7711,0.505
669.7911,0.505
669.8111,0.505
669.8311,0.505
669.8511,0.505
669.8712,0.505
669.8912,0.505
669.9112,0.505
669.9312,0.505
669.9512,0.505
669.9713,0.505
669.9913,0.505
670.0113,0.505
670.0313,0.505
670.0513,0.505
670.0714,0.505
670.0914,0.505
670.1114,0.505
670.1314,0.505
670.1514,0.505
670.1714,0.505
670.1915,0.505
670.2115,0.505
670.2315,0.505
670.2515,0.505
670.2715,0.505
670.2916,0.505
670.3116,0.505
670.3316,0.505
670.3516,0.505
670.3716,0.505
670.3917,0.505
670.4117,0.505
670.4317,0.505
670.4517,0.505
670.4717,0.505
670.4918,0.505
670.5118,0.505
670.5318,0.505
670.5518,0.505
670.5718,0.505
670.5919,0.505
670.6119,0.505
670.6319,0.505
670.6519,0.505
670.6719,0.505
670.692,0.505
670.712,0.505
670.732,0.505
670.752,0.505
670.772,0.505
670.7921,0.505
670.8121,0.505
670.8321,0.505
670.8521,0.505
670.8721,0.505
670.8922,0.505
670.9122,0.505
670.9322,0.505
670.9522,0.505
670.9722,0.505
670.9922,0.505
671.0123,0.505
671.0323,0.505
671.0523,0.505
671.0723,0.505
671.0923,0.505
671.1124,0.505
671.1324,0.505
671.1524,0.505
671.1724,0.505
671.1924,0.505
671.2125,0.505
671.2325,0.505
671.2525,0.505
671.2725,0.505
671.2925,0.505
671.3126,0.505
671.3326,0.505
671.3526,0.505
671.3726,0.505
671.3926,0.505
671.4127,0.505
671.4327,0.505
671.4527,0.505
671.4727,0.505
671.4927,0.505
671.5128,0.505
671.5328,0.505
671.5528,0.505
671.5728,0.505
671.5928,0.505
671.6129,0.505
671.6329,0.505
671.6529,0.505
671.6729,0.505
671.6929,0.505
671.713,0.505
671.733,0.505
671.753,0.505
671.773,0.505
671.793,0.505
671.813,0.505
671.8331,0.505
671.8531,0.505
671.8731,0.505
671.8931,0.505
671.9131,0.505
671.9332,0.505
671.9532,0.505
671.9732,0.505
671.9932,0.505
672.0132,0.505
672.0333,0.505
672.0533,0.505
672.0733,0.505
672.0933,0.505
672.1133,0.505
672.1334,0.505
672.1534,0.505
672.1734,0.505
672.1934,0.505
672.2134,0.505
672.2335,0.505
672.2535,0.505
672.2735,0.505
672.2935,0.505
672.3135,0.505
672.3336,0.505
672.3536,0.505
672.3736,0.505
672.3936,0.505
672.4136,0.505
672.4337,0.505
672.4537,0.505
672.4737,0.505
672.4937,0.505
672.5137,0.505
672.5338,0.505
672.5538,0.505
672.5738,0.505
672.5938,0.505
672.6138,0.505
672.6339,0.505
672.6539,0.505
672.6739,0.505
672.6939,0.505
672.7139,0.505
672.7339,0.505
672.754,0.505
672.774,0.505
672.794,0.505
672.814,0.505
672.834,0.505
672.8541,0.505
672.8741,0.505
672.8941,0.505
672.9141,0.505
672.9341,0.505
672.9542,0.505
672.9742,0.505
672.9942,0.505
673.0142,0.505
673.0342,0.505
673.0543,0.505
673.0743,0.505
673.0943,0.505
673.1143,0.505
673.1343,0.505
673.1544,0.505
673.1744,0.505
673.1944,0.505
673.2144,0.505
673.2344,0.505
673.2545,0.505
673.2745,0.505
673.2945,0.505
673.3145,0.505
673.3345,0.505
673.3546,0.505
673.3746,0.505
673.3946,0.505
673.4146,0.505
673.4346,0.505
673.4547,0.505
673.4747,0.505
673.4947,0.505
673.5147,0.505
673.5347,0.505
673.5547,0.505
673.5748,0.505
673.5948,0.505
673.6148,0.505
673.6348,0.505
673.6548,0.505
673.6749,0.505
673.6949,0.505
673.7149,0.505
673.7349,0.505
673.7549,0.505
673.775,0.505
673.795,0.505
673.815,0.505
673.835,0.505
673.855,0.505
673.8751,0.505
673.8951,0.505
673.9151,0.505
673.9351,0.505
673.9551,0.505
673.9752,0.505
673.9952,0.505
674.0152,0.505
674.0352,0.505
674.0552,0.505
674.0753,0.505
674.0953,0.505
674.1153,0.505
674.1353,0.505
674.1553,0.505
674.1754,0.505
674.1954,0.505
674.2154,0.505
674.2354,0.505
674.2554,0.505
674.2755,0.505
674.2955,0.505
674.3155,0.505
674.3355,0.505
674.3555,0.505
674.3755,0.505
674.3956,0.505
674.4156,0.505
674.4356,0.505
674.4556,0.505
674.4756,0.505
674.4957,0.505
674.5157,0.505
674.5357,0.505
674.5557,0.505
674.5757,0.505
674.5958,0.505
674.6158,0.505
674.6358,0.505
674.6558,0.505
674.6758,0.505
674.6959,0.505
674.7159,0.505
674.7359,0.505
674.7559,0.505
674.7759,0.505
674.796,0.505
674.816,0.505
674.836,0.505
674.856,0.505
674.876,0.505
674.8961,0.505
674.9161,0.505
674.9361,0.505
674.9561,0.505
674.9761,0.505
674.9962,0.505
675.0162,0.505
675.0362,0.505
675.0562,0.505
675.0762,0.505
675.0963,0.505
675.1163,0.505
675.1363,0.505
675.1563,0.505
675.1763,0.505
675.1964,0.505
675.2164,0.505
675.2364,0.505
675.2564,0.505
675.2764,0.505
675.2964,0.505
675.3165,0.505
675.3365,0.505
675.3565,0.505
675.3765,0.505
675.3965,0.505
675.4166,0.505
675.4366,0.505
675.4566,0.505
675.4766,0.505
675.4966,0.505
675.5167,0.505
675.5367,0.505
675.5567,0.505
675.5767,0.505
675.5967,0.505
675.6168,0.505
675.6368,0.505
675.6568,0.505
675.6768,0.505
675.6968,0.505
675.7169,0.505
675.7369,0.505
675.7569,0.505
675.7769,0.505
675.7969,0.505
675.817,0.505
675.837,0.505
675.857,0.505
675.877,0.505
675.897,0.505
675.9171,0.505
675.9371,0.505
675.9571,0.505
675.9771,0.505
675.9971,0.505
676.0172,0.505
676.0372,0.505
676.0572,0.505
676.0772,0.505
676.0972,0.505
676.1172,0.505
676.1373,0.505
676.1573,0.505
676.1773,0.505
676.1973,0.505
676.2173,0.505
676.2374,0.505
676.2574,0.505
676.2774,0.505
676.2974,0.505
676.3174,0.505
676.3375,0.505
676.3575,0.505
676.3775,0.505
676.3975,0.505
676.4175,0.505
676.4376,0.505
676.4576,0.505
676.4776,0.505
676.4976,0.505
676.5176,0.505
676.5377,0.505
676.5577,0.505
676.5777,0.505
676.5977,0.505
676.6177,0.505
676.6378,0.505
676.6578,0.505
676.6778,0.505
676.6978,0.505
676.7178,0.505
676.7379,0.505
676.7579,0.505
676.7779,0.505
676.7979,0.505
676.8179,0.505
676.838,0.505
676.858,0.505
676.878,0.505
676.898,0.505
676.918,0.505
676.938,0.505
676.9581,0.505
676.9781,0.505
676.9981,0.505
677.0181,0.505
677.0381,0.505
677.0582,0.505
677.0782,0.505
677.0982,0.505
677.1182,0.505
677.1382,0.505
677.1583,0.505
677.1783,0.505
677.1983,0.505
677.2183,0.505
677.2383,0.505
677.2584,0.505
677.2784,0.505
677.2984,0.505
677.3184,0.505
677.3384,0.505
677.3585,0.505
677.3785,0.505
677.3985,0.505
677.4185,0.505
677.4385,0.505
677.4586,0.505
677.4786,0.505
677.4986,0.505
677.5186,0.505
677.5386,0.505
677.5587,0.505
677.5787,0.505
677.5987,0.505
677.6187,0.505
677.6387,0.505
677.6588,0.505
677.6788,0.505
677.6988,0.505
677.7188,0.505
677.7388,0.505
677.7589,0.505
677.7789,0.505
677.7989,0.505
677.8189,0.505
677.8389,0.505
677.8589,0.505
677.879,0.505
677.899,0.505
677.919,0.505
677.939,0.505
677.959,0.505
677.9791,0.505
677.9991,0.505
678.0191,0.505
678.0391,0.505
678.0591,0.505
678.0792,0.505
678.0992,0.505
678.1192,0.505
678.1392,0.505
678.1592,0.505
678.1793,0.505
678.1993,0.505
678.2193,0.505
678.2393,0.505
678.2593,0.505
678.2794,0.505
678.2994,0.505
678.3194,0.505
678.3394,0.505
678.3594,0.505
678.3795,0.505
678.3995,0.505
678.4195,0.505
678.4395,0.505
678.4595,0.505
678.4796,0.505
678.4996,0.505
678.5196,0.505
678.5396,0.505
678.5596,0.505
678.5797,0.505
678.5997,0.505
678.6197,0.505
678.6397,0.505
678.6597,0.505
678.6797,0.505
678.6998,0.505
678.7198,0.505
678.7398,0.505
678.7598,0.505
678.7798,0.505
678.7999,0.505
678.8199,0.505
678.8399,0.505
678.8599,0.505
678.8799,0.505
678.9,0.505
678.92,0.505
678.94,0.505
678.96,0.505
678.98,0.505
679.0001,0.505
679.0201,0.505
679.0401,0.505
679.0601,0.505
679.0801,0.505
679.1002,0.505
679.1202,0.505
679.1402,0.505
679.1602,0.505
679.1802,0.505
679.2003,0.505
679.2203,0.505
679.2403,0.505
679.2603,0.505
679.2803,0.505
679.3004,0.505
679.3204,0.505
679.3404,0.505
679.3604,0.505
679.3804,0.505
679.4005,0.505
679.4205,0.505
679.4405,0.505
679.4605,0.505
679.4805,0.505
679.5005,0.505
679.5206,0.505
679.5406,0.505
679.5606,0.505
679.5806,0.505
679.6006,0.505
679.6207,0.505
679.6407,0.505
679.6607,0.505
679.6807,0.505
679.7007,0.51
679.7208,0.51
679.7408,0.51
679.7608,0.51
679.7808,0.51
679.8008,0.51
679.8209,0.51
679.8409,0.51
679.8609,0.51
679.8809,0.51
679.9009,0.51
679.921,0.51
679.941,0.51
679.961,0.51
679.981,0.51
680.001,0.51
680.0211,0.51
680.0411,0.51
680.0611,0.51
680.0811,0.51
680.1011,0.51
680.1212,0.51
680.1412,0.51
680.1612,0.51
680.1812,0.51
680.2012,0.51
680.2213,0.51
680.2413,0.51
680.2613,0.51
680.2813,0.51
680.3013,0.51
680.3214,0.51
680.3414,0.51
680.3614,0.51
680.3814,0.51
680.4014,0.51
680.4214,0.51
680.4415,0.51
680.4615,0.51
680.4815,0.51
680.5015,0.51
680.5215,0.51
680.5416,0.51
680.5616,0.51
680.5816,0.51
680.6016,0.51
680.6216,0.51
680.6417,0.51
680.6617,0.51
680.6817,0.51
680.7017,0.51
680.7217,0.51
680.7418,0.51
680.7618,0.51
680.7818,0.51
680.8018,0.51
680.8218,0.51
680.8419,0.51
680.8619,0.51
680.8819,0.51
680.9019,0.51
680.9219,0.51
680.942,0.51
680.962,0.51
680.982,0.51
681.002,0.51
681.022,0.51
681.0421,0.51
681.0621,0.51
681.0821,0.51
681.1021,0.51
681.1221,0.51
681.1422,0.51
681.1622,0.51
681.1822,0.51
681.2022,0.51
681.2222,0.51
681.2422,0.51
681.2623,0.51
681.2823,0.51
681.3023,0.51
681.3223,0.51
681.3423,0.51
681.3624,0.51
681.3824,0.51
681.4024,0.51
681.4224,0.51
681.4424,0.51
681.4625,0.51
681.4825,0.51
681.5025,0.51
681.5225,0.51
681.5425,0.51
681.5626,0.51
681.5826,0.51
681.6026,0.51
681.6226,0.51
681.6426,0.51
681.6627,0.51
681.6827,0.51
681.7027,0.51
681.7227,0.51
681.7427,0.51
681.7628,0.51
681.7828,0.51
681.8028,0.51
681.8228,0.51
681.8428,0.51
681.8629,0.51
681.8829,0.51
681.9029,0.51
681.9229,0.51
681.9429,0.51
681.963,0.51
681.983,0.51
682.003,0.51
682.023,0.51
682.043,0.51
682.063,0.51
682.0831,0.51
682.1031,0.51
682.1231,0.51
682.1431,0.51
682.1631,0.51
682.1832,0.51
682.2032,0.51
682.2232,0.51
682.2432,0.51
682.2632,0.51
682.2833,0.51
682.3033,0.51
682.3233,0.51
682.3433,0.51
682.3633,0.51
682.3834,0.51
682.4034,0.51
682.4234,0.51
682.4434,0.51
682.4634,0.51
682.4835,0.51
682.5035,0.51
682.5235,0.51
682.5435,0.51
682.5635,0.51
682.5836,0.51
682.6036,0.51
682.6236,0.51
682.6436,0.51
682.6636,0.51
682.6837,0.51
682.7037,0.51
682.7237,0.51
682.7437,0.51
682.7637,0.51
682.7838,0.51
682.8038,0.51
682.8238,0.51
682.8438,0.51
682.8638,0.51
682.8839,0.51
682.9039,0.51
682.9239,0.51
682.9439,0.51
682.9639,0.51
682.9839,0.51
683.004,0.51
683.024,0.51
683.044,0.51
683.064,0.51
683.084,0.51
683.1041,0.51
683.1241,0.51
683.1441,0.51
683.1641,0.51
683.1841,0.51
683.2042,0.51
683.2242,0.51
683.2442,0.51
683.2642,0.51
683.2842,0.51
683.3043,0.51
683.3243,0.51
683.3443,0.51
683.3643,0.51
683.3843,0.51
683.4044,0.51
683.4244,0.51
683.4444,0.51
683.4644,0.51
683.4844,0.51
683.5045,0.51
683.5245,0.51
683.5445,0.51
683.5645,0.51
683.5845,0.51
683.6046,0.51
683.6246,0.51
683.6446,0.51
683.6646,0.51
683.6846,0.51
683.7047,0.51
683.7247,0.51
683.7447,0.51
683.7647,0.51
683.7847,0.51
683.8047,0.51
683.8248,0.51
683.8448,0.51
683.8648,0.51
683.8848,0.51
683.9048,0.51
683.9249,0.51
683.9449,0.51
683.9649,0.51
683.9849,0.51
684.0049,0.51
684.025,0.51
684.045,0.51
684.065,0.51
684.085,0.51
684.105,0.51
684.1251,0.51
684.1451,0.51
684.1651,0.51
684.1851,0.51
684.2051,0.51
684.2252,0.51
684.2452,0.51
684.2652,0.51
684.2852,0.51
684.3052,0.51
684.3253,0.51
684.3453,0.51
684.3653,0.51
684.3853,0.51
684.4053,0.51
684.4254,0.51
684.4454,0.51
684.4654,0.51
684.4854,0.51
684.5054,0.51
684.5255,0.51
684.5455,0.51
684.5655,0.51
684.5855,0.51
684.6055,0.51
684.6255,0.51
684.6456,0.51
684.6656,0.51
684.6856,0.51
684.7056,0.51
684.7256,0.51
684.7457,0.51
684.7657,0.51
684.7857,0.51
684.8057,0.51
684.8257,0.51
684.8458,0.51
684.8658,0.51
684.8858,0.51
684.9058,0.51
684.9258,0.51
684.9459,0.51
684.9659,0.51
684.9859,0.51
685.0059,0.51
685.0259,0.51
685.046,0.51
685.066,0.51
685.086,0.51
685.106,0.51
685.126,0.51
685.1461,0.51
685.1661,0.51
685.1861,0.51
685.2061,0.51
685.2261,0.51
685.2462,0.51
685.2662,0.51
685.2862,0.51
685.3062,0.51
685.3262,0.51
685.3463,0.51
685.3663,0.51
685.3863,0.51
685.4063,0.51
685.4263,0.51
685.4464,0.51
685.4664,0.51
685.4864,0.51
685.5064,0.51
685.5264,0.51
685.5464,0.51
685.5665,0.51
685.5865,0.51
685.6065,0.51
685.6265,0.51
685.6465,0.51
685.6666,0.51
685.6866,0.51
685.7066,0.51
685.7266,0.51
685.7466,0.51
685.7667,0.51
685.7867,0.51
685.8067,0.51
685.8267,0.51
685.8467,0.51
685.8668,0.51
685.8868,0.51
685.9068,0.51
685.9268,0.51
685.9468,0.51
685.9669,0.51
685.9869,0.51
686.0069,0.51
686.0269,0.51
686.0469,0.51
686.067,0.51
686.087,0.51
686.107,0.51
686.127,0.51
686.147,0.51
686.1671,0.51
686.1871,0.51
686.2071,0.51
686.2271,0.51
686.2471,0.51
686.2672,0.51
686.2872,0.51
686.3072,0.51
686.3272,0.51
686.3472,0.51
686.3672,0.51
686.3873,0.51
686.4073,0.51
686.4273,0.51
686.4473,0.51
686.4673,0.51
686.4874,0.51
686.5074,0.51
686.5274,0.51
686.5474,0.51
686.5674,0.51
686.5875,0.51
686.6075,0.51
686.6275,0.51
686.6475,0.51
686.6675,0.51
686.6876,0.51
686.7076,0.51
686.7276,0.51
686.7476,0.51
686.7676,0.51
686.7877,0.51
686.8077,0.51
686.8277,0.51
686.8477,0.51
686.8677,0.51
686.8878,0.51
686.9078,0.51
686.9278,0.51
686.9478,0.51
686.9678,0.51
686.9879,0.51
687.0079,0.51
687.0279,0.51
687.0479,0.515
687.0679,0.515
687.088,0.515
687.108,0.515
687.128,0.515
687.148,0.515
687.168,0.515
687.188,0.515
687.2081,0.515
687.2281,0.515
687.2481,0.515
687.2681,0.515
687.2881,0.515
687.3082,0.515
687.3282,0.515
687.3482,0.515
687.3682,0.515
687.3882,0.515
687.4083,0.515
687.4283,0.515
687.4483,0.515
687.4683,0.515
687.4883,0.515
687.5084,0.515
687.5284,0.515
687.5484,0.515
687.5684,0.515
687.5884,0.515
687.6085,0.515
687.6285,0.515
687.6485,0.515
687.6685,0.515
687.6885,0.515
687.7086,0.515
687.7286,0.515
687.7486,0.515
687.7686,0.515
687.7886,0.515
687.8087,0.515
687.8287,0.515
687.8487,0.515
687.8687,0.515
687.8887,0.515
687.9088,0.515
687.9288,0.515
687.9488,0.515
687.9688,0.515
687.9888,0.515
688.0089,0.515
688.0289,0.515
688.0489,0.515
688.0689,0.515
688.0889,0.515
688.1089,0.515
688.129,0.515
688.149,0.515
688.169,0.515
688.189,0.515
688.209,0.515
688.2291,0.515
688.2491,0.515
688.2691,0.515
688.2891,0.515
688.3091,0.515
688.3292,0.515
688.3492,0.515
688.3692,0.515
688.3892,0.515
688.4092,0.515
688.4293,0.515
688.4493,0.515
688.4693,0.515
688.4893,0.515
688.5093,0.515
688.5294,0.515
688.5494,0.515
688.5694,0.515
688.5894,0.515
688.6094,0.515
688.6295,0.515
688.6495,0.515
688.6695,0.515
688.6895,0.515
688.7095,0.515
688.7296,0.515
688.7496,0.515
688.7696,0.515
688.7896,0.515
688.8096,0.515
688.8297,0.515
688.8497,0.515
688.8697,0.515
688.8897,0.515
688.9097,0.515
688.9297,0.515
688.9498,0.515
688.9698,0.515
688.9898,0.515
689.0098,0.515
689.0298,0.515
689.0499,0.515
689.0699,0.515
689.0899,0.515
689.1099,0.515
689.1299,0.515
689.15,0.515
689.17,0.515
689.19,0.515
689.21,0.515
689.23,0.515
689.2501,0.515
689.2701,0.515
689.2901,0.515
689.3101,0.515
689.3301,0.515
689.3502,0.515
689.3702,0.515
689.3902,0.515
689.4102,0.515
689.4302,0.515
689.4503,0.515
689.4703,0.515
689.4903,0.515
689.5103,0.515
689.5303,0.515
689.5504,0.515
689.5704,0.515
689.5904,0.515
689.6104,0.515
689.6304,0.515
689.6505,0.515
689.6705,0.515
689.6905,0.515
689.7105,0.515
689.7305,0.515
689.7505,0.515
689.7706,0.515
689.7906,0.515
689.8106,0.515
689.8306,0.515
689.8506,0.515
689.8707,0.515
689.8907,0.515
689.9107,0.515
689.9307,0.515
689.9507,0.515
689.9708,0.515
689.9908,0.515
690.0108,0.515
690.0308,0.515
690.0508,0.515
690.0709,0.515
690.0909,0.515
690.1109,0.515
690.1309,0.515
690.1509,0.515
690.171,0.515
690.191,0.515
690.211,0.515
690.231,0.515
690.251,0.515
690.2711,0.515
690.2911,0.515
690.3111,0.515
690.3311,0.515
690.3511,0.515
690.3712,0.515
690.3912,0.515
690.4112,0.515
690.4312,0.515
690.4512,0.515
690.4713,0.515
690.4913,0.515
690.5113,0.515
690.5313,0.515
690.5513,0.515
690.5714,0.515
690.5914,0.515
690.6114,0.515
690.6314,0.515
690.6514,0.515
690.6714,0.515
690.6915,0.515
690.7115,0.515
690.7315,0.515
690.7515,0.515
690.7715,0.515
690.7916,0.515
690.8116,0.515
690.8316,0.515
690.8516,0.515
690.8716,0.515
690.8917,0.515
690.9117,0.515
690.9317,0.515
690.9517,0.515
690.9717,0.515
690.9918,0.515
691.0118,0.515
691.0318,0.515
691.0518,0.515
691.0718,0.515
691.0919,0.515
691.1119,0.515
691.1319,0.515
691.1519,0.515
691.1719,0.515
691.192,0.515
691.212,0.515
691.232,0.515
691.252,0.515
691.272,0.515
691.2921,0.515
691.3121,0.515
691.3321,0.515
691.3521,0.515
691.3721,0.515
691.3922,0.515
691.4122,0.515
691.4322,0.515
691.4522,0.515
691.4722,0.515
691.4922,0.515
691.5123,0.515
691.5323,0.515
691.5523,0.515
691.5723,0.515
691.5923,0.515
691.6124,0.515
691.6324,0.515
691.6524,0.515
691.6724,0.515
691.6924,0.515
691.7125,0.52
691.7325,0.52
691.7525,0.52
691.7725,0.52
691.7925,0.52
691.8126,0.52
691.8326,0.52
691.8526,0.52
691.8726,0.52
691.8926,0.52
691.9127,0.52
691.9327,0.52
691.9527,0.52
691.9727,0.52
691.9927,0.52
692.0128,0.52
692.0328,0.52
692.0528,0.52
692.0728,0.52
692.0928,0.52
692.1129,0.52
692.1329,0.52
692.1529,0.52
692.1729,0.52
692.1929,0.52
692.213,0.52
692.233,0.52
692.253,0.52
692.273,0.52
692.293,0.52
692.313,0.52
692.3331,0.52
692.3531,0.52
692.3731,0.52
692.3931,0.52
692.4131,0.52
692.4332,0.52
692.4532,0.52
692.4732,0.52
692.4932,0.52
692.5132,0.52
692.5333,0.52
692.5533,0.52
692.5733,0.52
692.5933,0.52
692.6133,0.52
692.6334,0.52
692.6534,0.52
692.6734,0.52
692.6934,0.52
692.7134,0.52
692.7335,0.52
692.7535,0.52
692.7735,0.52
692.7935,0.52
692.8135,0.52
692.8336,0.52
692.8536,0.52
692.8736,0.52
692.8936,0.52
692.9136,0.52
692.9337,0.52
692.9537,0.52
692.9737,0.52
692.9937,0.52
693.0137,0.52
693.0338,0.52
693.0538,0.52
693.0738,0.52
693.0938,0.52
693.1138,0.52
693.1339,0.52
693.1539,0.52
693.1739,0.52
693.1939,0.52
693.2139,0.52
693.2339,0.52
693.254,0.52
693.274,0.52
693.294,0.52
693.314,0.52
693.334,0.52
693.3541,0.52
693.3741,0.52
693.3941,0.52
693.4141,0.52
693.4341,0.52
693.4542,0.52
693.4742,0.52
693.4942,0.52
693.5142,0.52
693.5342,0.52
693.5543,0.52
693.5743,0.52
693.5943,0.52
693.6143,0.52
693.6343,0.52
693.6544,0.52
693.6744,0.52
693.6944,0.52
693.7144,0.52
693.7344,0.52
693.7545,0.52
693.7745,0.52
693.7945,0.52
693.8145,0.52
693.8345,0.52
693.8546,0.52
693.8746,0.52
693.8946,0.52
693.9146,0.52
693.9346,0.52
693.9547,0.52
693.9747,0.52
693.9947,0.52
694.0147,0.52
694.0347,0.52
694.0547,0.52
694.0748,0.52
694.0948,0.52
694.1148,0.52
694.1348,0.52
694.1548,0.52
694.1749,0.52
694.1949,0.52
694.2149,0.52
694.2349,0.52
694.2549,0.52
694.275,0.52
694.295,0.52
694.315,0.52
694.335,0.52
694.355,0.52
694.3751,0.52
694.3951,0.52
694.4151,0.52
694.4351,0.52
694.4551,0.52
694.4752,0.52
694.4952,0.52
694.5152,0.52
694.5352,0.52
694.5552,0.52
694.5753,0.52
694.5953,0.52
694.6153,0.52
694.6353,0.52
694.6553,0.52
694.6754,0.52
694.6954,0.52
694.7154,0.52
694.7354,0.52
694.7554,0.52
694.7755,0.52
694.7955,0.52
694.8155,0.52
694.8355,0.52
694.8555,0.52
694.8755,0.52
694.8956,0.52
694.9156,0.52
694.9356,0.52
694.9556,0.52
694.9756,0.52
694.9957,0.52
695.0157,0.52
695.0357,0.52
695.0557,0.52
695.0757,0.52
695.0958,0.52
695.1158,0.52
695.1358,0.52
695.1558,0.52
695.1758,0.52
695.1959,0.52
695.2159,0.52
695.2359,0.52
695.2559,0.52
695.2759,0.52
695.296,0.52
695.316,0.52
695.336,0.52
695.356,0.52
695.376,0.52
695.3961,0.52
695.4161,0.52
695.4361,0.52
695.4561,0.52
695.4761,0.52
695.4962,0.52
695.5162,0.52
695.5362,0.52
695.5562,0.52
695.5762,0.52
695.5963,0.52
695.6163,0.52
695.6363,0.52
695.6563,0.52
695.6763,0.52
695.6964,0.52
695.7164,0.52
695.7364,0.52
695.7564,0.52
695.7764,0.52
695.7964,0.52
695.8165,0.52
695.8365,0.52
695.8565,0.52
695.8765,0.52
695.8965,0.52
695.9166,0.52
695.9366,0.52
695.9566,0.52
695.9766,0.52
695.9966,0.52
696.0167,0.52
696.0367,0.52
696.0567,0.52
696.0767,0.52
696.0967,0.52
696.1168,0.52
696.1368,0.52
696.1568,0.52
696.1768,0.52
696.1968,0.52
696.2169,0.52
696.2369,0.52
696.2569,0.52
696.2769,0.52
696.2969,0.52
696.317,0.52
696.337,0.52
696.357,0.52
696.377,0.52
696.397,0.52
696.4171,0.52
696.4371,0.52
696.4571,0.52
696.4771,0.52
696.4971,0.52
696.5172,0.52
696.5372,0.52
696.5572,0.52
696.5772,0.52
696.5972,0.52
696.6172,0.52
696.6373,0.52
696.6573,0.52
696.6773,0.52
696.6973,0.52
696.7173,0.52
696.7374,0.52
696.7574,0.52
696.7774,0.52
696.7974,0.52
696.8174,0.52
696.8375,0.52
696.8575,0.52
696.8775,0.52
696.8975,0.52
696.9175,0.52
696.9376,0.52
696.9576,0.52
696.9776,0.52
696.9976,0.52
697.0176,0.52
697.0377,0.52
697.0577,0.52
697.0777,0.52
697.0977,0.52
697.1177,0.52
697.1378,0.52
697.1578,0.52
697.1778,0.52
697.1978,0.52
697.2178,0.52
697.2379,0.52
697.2579,0.52
697.2779,0.52
697.2979,0.52
697.3179,0.52
697.338,0.52
697.358,0.52
697.378,0.52
697.398,0.52
697.418,0.52
697.438,0.52
697.4581,0.52
697.4781,0.52
697.4981,0.52
697.5181,0.52
697.5381,0.52
697.5582,0.52
697.5782,0.52
697.5982,0.52
697.6182,0.52
697.6382,0.52
697.6583,0.52
697.6783,0.52
697.6983,0.52
697.7183,0.52
697.7383,0.52
697.7584,0.52
697.7784,0.52
697.7984,0.52
697.8184,0.52
697.8384,0.52
697.8585,0.52
697.8785,0.52
697.8985,0.52
697.9185,0.52
697.9385,0.52
697.9586,0.52
697.9786,0.52
697.9986,0.52
698.0186,0.52
698.0386,0.52
698.0587,0.52
698.0787,0.52
698.0987,0.52
698.1187,0.52
698.1387,0.52
698.1588,0.52
698.1788,0.52
698.1988,0.52
698.2188,0.52
698.2388,0.52
698.2589,0.52
698.2789,0.52
698.2989,0.52
698.3189,0.52
698.3389,0.52
698.3589,0.52
698.379,0.52
698.399,0.52
698.419,0.52
698.439,0.52
698.459,0.52
698.4791,0.52
698.4991,0.52
698.5191,0.52
698.5391,0.52
698.5591,0.52
698.5792,0.52
698.5992,0.52
698.6192,0.52
698.6392,0.52
698.6592,0.52
698.6793,0.52
698.6993,0.52
698.7193,0.525
698.7393,0.525
698.7593,0.525
698.7794,0.525
698.7994,0.525
698.8194,0.525
698.8394,0.525
698.8594,0.525
698.8795,0.525
698.8995,0.525
698.9195,0.525
698.9395,0.525
698.9595,0.525
698.9796,0.525
698.9996,0.525
699.0196,0.525
699.0396,0.525
699.0596,0.525
699.0797,0.525
699.0997,0.525
699.1197,0.525
699.1397,0.525
699.1597,0.525
699.1797,0.525
699.1998,0.525
699.2198,0.525
699.2398,0.525
699.2598,0.525
699.2798,0.525
699.2999,0.525
699.3199,0.525
699.3399,0.525
699.3599,0.525
699.3799,0.525
699.4,0.525
699.42,0.525
699.44,0.525
699.46,0.525
699.48,0.525
699.5001,0.525
699.5201,0.525
699.5401,0.525
699.5601,0.525
699.5801,0.525
699.6002,0.525
699.6202,0.525
699.6402,0.525
699.6602,0.525
699.6802,0.525
699.7003,0.525
699.7203,0.525
699.7403,0.525
699.7603,0.525
699.7803,0.525
699.8004,0.525
699.8204,0.525
699.8404,0.525
699.8604,0.525
699.8804,0.525
699.9005,0.525
699.9205,0.525
699.9405,0.525
699.9605,0.525
699.9805,0.525
700.0005,0.525
700.0206,0.525
700.0406,0.525
700.0606,0.525
700.0806,0.525
700.1006,0.525
700.1207,0.525
700.1407,0.525
700.1607,0.525
700.1807,0.525
700.2007,0.525
700.2208,0.525
700.2408,0.525
700.2608,0.525
700.2808,0.525
700.3008,0.525
700.3209,0.525
700.3409,0.525
700.3609,0.525
700.3809,0.525
700.4009,0.525
700.421,0.525
700.441,0.525
700.461,0.525
700.481,0.525
700.501,0.525
700.5211,0.525
700.5411,0.525
700.5611,0.525
700.5811,0.525
700.6011,0.525
700.6212,0.525
700.6412,0.525
700.6612,0.525
700.6812,0.525
700.7012,0.525
700.7213,0.525
700.7413,0.525
700.7613,0.525
700.7813,0.525
700.8013,0.525
700.8214,0.525
700.8414,0.525
700.8614,0.525
700.8814,0.525
700.9014,0.525
700.9214,0.525
700.9415,0.525
700.9615,0.525
700.9815,0.525
701.0015,0.525
701.0215,0.525
701.0416,0.525
701.0616,0.525
701.0816,0.525
701.1016,0.525
701.1216,0.525
701.1417,0.525
701.1617,0.525
701.1817,0.525
701.2017,0.525
701.2217,0.525
701.2418,0.525
701.2618,0.525
701.2818,0.525
701.3018,0.525
701.3218,0.525
701.3419,0.525
701.3619,0.525
701.3819,0.525
701.4019,0.525
701.4219,0.525
701.442,0.525
701.462,0.525
701.482,0.525
701.502,0.525
701.522,0.525
701.5421,0.525
701.5621,0.525
701.5821,0.525
701.6021,0.525
701.6221,0.525
701.6422,0.525
701.6622,0.525
701.6822,0.525
701.7022,0.525
701.7222,0.525
701.7422,0.525
701.7623,0.525
701.7823,0.525
701.8023,0.525
701.8223,0.525
701.8423,0.525
701.8624,0.525
701.8824,0.525
701.9024,0.525
701.9224,0.525
701.9424,0.525
701.9625,0.525
701.9825,0.525
702.0025,0.525
702.0225,0.525
702.0425,0.525
702.0626,0.525
702.0826,0.525
702.1026,0.525
702.1226,0.525
702.1426,0.525
702.1627,0.525
702.1827,0.525
702.2027,0.525
702.2227,0.525
702.2427,0.525
702.2628,0.525
702.2828,0.525
702.3028,0.525
702.3228,0.525
702.3428,0.525
702.3629,0.525
702.3829,0.525
702.4029,0.525
702.4229,0.525
702.4429,0.525
702.463,0.525
702.483,0.525
702.503,0.525
702.523,0.525
702.543,0.525
702.563,0.525
702.5831,0.525
702.6031,0.525
702.6231,0.525
702.6431,0.525
702.6631,0.525
702.6832,0.525
702.7032,0.525
702.7232,0.525
702.7432,0.525
702.7632,0.525
702.7833,0.525
702.8033,0.525
702.8233,0.525
702.8433,0.525
702.8633,0.525
702.8834,0.525
702.9034,0.525
702.9234,0.525
702.9434,0.525
702.9634,0.525
702.9835,0.525
703.0035,0.525
703.0235,0.525
703.0435,0.525
703.0635,0.525
703.0836,0.525
703.1036,0.525
703.1236,0.525
703.1436,0.525
703.1636,0.525
703.1837,0.525
703.2037,0.525
703.2237,0.525
703.2437,0.525
703.2637,0.525
703.2838,0.525
703.3038,0.525
703.3238,0.525
703.3438,0.525
703.3638,0.525
703.3839,0.525
703.4039,0.525
703.4239,0.525
703.4439,0.525
703.4639,0.525
703.4839,0.525
703.504,0.525
703.524,0.525
703.544,0.525
703.564,0.525
703.584,0.525
703.6041,0.525
703.6241,0.525
703.6441,0.525
703.6641,0.525
703.6841,0.525
703.7042,0.525
703.7242,0.525
703.7442,0.525
703.7642,0.525
703.7842,0.525
703.8043,0.525
703.8243,0.525
703.8443,0.525
703.8643,0.525
703.8843,0.525
703.9044,0.525
703.9244,0.525
703.9444,0.525
703.9644,0.525
703.9844,0.525
704.0045,0.525
704.0245,0.525
704.0445,0.525
704.0645,0.525
704.0845,0.525
704.1046,0.525
704.1246,0.525
704.1446,0.525
704.1646,0.525
704.1846,0.525
704.2047,0.525
704.2247,0.525
704.2447,0.525
704.2647,0.525
704.2847,0.525
704.3047,0.525
704.3248,0.525
704.3448,0.525
704.3648,0.525
704.3848,0.525
704.4048,0.525
704.4249,0.525
704.4449,0.525
704.4649,0.525
704.4849,0.525
704.5049,0.525
704.525,0.525
704.545,0.525
704.565,0.525
704.585,0.525
704.605,0.525
704.6251,0.525
704.6451,0.525
704.6651,0.525
704.6851,0.525
704.7051,0.525
704.7252,0.525
704.7452,0.525
704.7652,0.525
704.7852,0.525
704.8052,0.525
704.8253,0.525
704.8453,0.525
704.8653,0.525
704.8853,0.525
704.9053,0.525
704.9254,0.525
704.9454,0.525
704.9654,0.525
704.9854,0.525
705.0054,0.525
705.0255,0.525
705.0455,0.525
705.0655,0.525
705.0855,0.525
705.1055,0.525
705.1255,0.525
705.1456,0.525
705.1656,0.525
705.1856,0.525
705.2056,0.525
705.2256,0.525
705.2457,0.525
705.2657,0.525
705.2857,0.525
705.3057,0.525
705.3257,0.525
705.3458,0.525
705.3658,0.525
705.3858,0.525
705.4058,0.525
705.4258,0.525
705.4459,0.525
705.4659,0.525
705.4859,0.525
705.5059,0.525
705.5259,0.525
705.546,0.525
705.566,0.525
705.586,0.525
705.606,0.525
705.626,0.525
705.6461,0.525
705.6661,0.525
705.6861,0.525
705.7061,0.525
705.7261,0.525
705.7462,0.525
705.7662,0.525
705.7862,0.525
705.8062,0.525
705.8262,0.525
705.8463,0.525
705.8663,0.525
705.8863,0.525
705.9063,0.525
705.9263,0.525
705.9464,0.525
705.9664,0.525
705.9864,0.525
706.0064,0.525
706.0264,0.525
706.0464,0.525
706.0665,0.525
706.0865,0.525
706.1065,0.525
706.1265,0.525
706.1465,0.525
706.1666,0.525
706.1866,0.525
706.2066,0.525
706.2266,0.525
706.2466,0.525
706.2667,0.525
706.2867,0.525
706.3067,0.525
706.3267,0.525
706.3467,0.525
706.3668,0.525
706.3868,0.525
706.4068,0.525
706.4268,0.525
706.4468,0.525
706.4669,0.525
706.4869,0.525
706.5069,0.525
706.5269,0.525
706.5469,0.525
706.567,0.525
706.587,0.525
706.607,0.525
706.627,0.525
706.647,0.525
706.6671,0.525
706.6871,0.525
706.7071,0.525
706.7271,0.525
706.7471,0.525
706.7672,0.525
706.7872,0.525
706.8072,0.525
706.8272,0.525
706.8472,0.525
706.8672,0.525
706.8873,0.525
706.9073,0.525
706.9273,0.525
706.9473,0.525
706.9673,0.525
706.9874,0.525
707.0074,0.525
707.0274,0.525
707.0474,0.525
707.0674,0.525
707.0875,0.525
707.1075,0.525
707.1275,0.525
707.1475,0.525
707.1675,0.525
707.1876,0.525
707.2076,0.525
707.2276,0.525
707.2476,0.525
707.2676,0.525
707.2877,0.525
707.3077,0.525
707.3277,0.525
707.3477,0.525
707.3677,0.525
707.3878,0.525
707.4078,0.525
707.4278,0.525
707.4478,0.525
707.4678,0.525
707.4879,0.525
707.5079,0.525
707.5279,0.525
707.5479,0.525
707.5679,0.525
707.588,0.525
707.608,0.525
707.628,0.525
707.648,0.525
707.668,0.525
707.688,0.525
707.7081,0.525
707.7281,0.525
707.7481,0.525
707.7681,0.525
707.7881,0.525
707.8082,0.525
707.8282,0.525
707.8482,0.525
707.8682,0.525
707.8882,0.525
707.9083,0.525
707.9283,0.525
707.9483,0.525
707.9683,0.525
707.9883,0.525
708.0084,0.525
708.0284,0.525
708.0484,0.525
708.0684,0.525
708.0884,0.525
708.1085,0.525
708.1285,0.525
708.1485,0.525
708.1685,0.525
708.1885,0.525
708.2086,0.525
708.2286,0.525
708.2486,0.525
708.2686,0.525
708.2886,0.525
708.3087,0.525
708.3287,0.525
708.3487,0.525
708.3687,0.525
708.3887,0.525
708.4088,0.525
708.4288,0.525
708.4488,0.525
708.4688,0.525
708.4888,0.525
708.5089,0.525
708.5289,0.525
708.5489,0.525
708.5689,0.525
708.5889,0.525
708.6089,0.525
708.629,0.525
708.649,0.525
708.669,0.525
708.689,0.525
708.709,0.525
708.7291,0.525
708.7491,0.525
708.7691,0.525
708.7891,0.525
708.8091,0.525
708.8292,0.525
708.8492,0.525
708.8692,0.525
708.8892,0.525
708.9092,0.525
708.9293,0.525
708.9493,0.525
708.9693,0.525
708.9893,0.525
709.0093,0.525
709.0294,0.525
709.0494,0.525
709.0694,0.525
709.0894,0.525
709.1094,0.525
709.1295,0.525
709.1495,0.525
709.1695,0.525
709.1895,0.525
709.2095,0.525
709.2296,0.525
709.2496,0.525
709.2696,0.525
709.2896,0.525
709.3096,0.525
709.3297,0.525
709.3497,0.525
709.3697,0.525
709.3897,0.525
709.4097,0.525
709.4297,0.525
709.4498,0.525
709.4698,0.525
709.4898,0.525
709.5098,0.525
709.5298,0.525
709.5499,0.525
709.5699,0.525
709.5899,0.525
709.6099,0.525
709.6299,0.525
709.65,0.525
709.67,0.525
709.69,0.525
709.71,0.525
709.73,0.525
709.7501,0.525
709.7701,0.525
709.7901,0.525
709.8101,0.525
709.8301,0.525
709.8502,0.525
709.8702,0.525
709.8902,0.525
709.9102,0.525
709.9302,0.525
709.9503,0.525
709.9703,0.525
709.9903,0.525
710.0103,0.525
710.0303,0.525
710.0504,0.525
710.0704,0.525
710.0904,0.525
710.1104,0.525
710.1304,0.525
710.1505,0.525
710.1705,0.525
710.1905,0.525
710.2105,0.525
710.2305,0.525
710.2505,0.525
710.2706,0.525
710.2906,0.525
710.3106,0.525
710.3306,0.525
710.3506,0.525
710.3707,0.525
710.3907,0.525
710.4107,0.535
710.4307,0.535
710.4507,0.535
710.4708,0.535
710.4908,0.535
710.5108,0.535
710.5308,0.535
710.5508,0.535
710.5709,0.535
710.5909,0.535
710.6109,0.535
710.6309,0.535
710.6509,0.535
710.671,0.535
710.691,0.535
710.711,0.535
710.731,0.535
710.751,0.535
710.7711,0.535
710.7911,0.535
710.8111,0.535
710.8311,0.535
710.8511,0.535
710.8712,0.535
710.8912,0.535
710.9112,0.535
710.9312,0.535
710.9512,0.535
710.9713,0.535
710.9913,0.535
711.0113,0.535
711.0313,0.535
711.0513,0.535
711.0714,0.535
711.0914,0.535
711.1114,0.535
711.1314,0.535
711.1514,0.535
711.1714,0.535
711.1915,0.535
711.2115,0.535
711.2315,0.535
711.2515,0.535
711.2715,0.535
711.2916,0.535
711.3116,0.535
711.3316,0.535
711.3516,0.535
711.3716,0.535
711.3917,0.535
711.4117,0.535
711.4317,0.535
711.4517,0.535
711.4717,0.535
711.4918,0.535
711.5118,0.535
711.5318,0.535
711.5518,0.535
711.5718,0.535
711.5919,0.535
711.6119,0.535
711.6319,0.535
711.6519,0.535
711.6719,0.535
711.692,0.535
711.712,0.535
711.732,0.535
711.752,0.535
711.772,0.535
711.7921,0.535
711.8121,0.535
711.8321,0.535
711.8521,0.535
711.8721,0.535
711.8922,0.535
711.9122,0.535
711.9322,0.535
711.9522,0.535
711.9722,0.535
711.9922,0.535
712.0123,0.535
712.0323,0.535
712.0523,0.535
712.0723,0.535
712.0923,0.535
712.1124,0.535
712.1324,0.535
712.1524,0.535
712.1724,0.535
712.1924,0.535
712.2125,0.535
712.2325,0.535
712.2525,0.535
712.2725,0.535
712.2925,0.535
712.3126,0.535
712.3326,0.535
712.3526,0.535
712.3726,0.535
712.3926,0.535
712.4127,0.535
712.4327,0.535
712.4527,0.535
712.4727,0.535
712.4927,0.535
712.5128,0.535
712.5328,0.535
712.5528,0.535
712.5728,0.535
712.5928,0.535
712.6129,0.535
712.6329,0.535
712.6529,0.535
712.6729,0.535
712.6929,0.535
712.713,0.535
712.733,0.54
712.753,0.54
712.773,0.54
712.793,0.54
712.813,0.54
712.8331,0.54
712.8531,0.54
712.8731,0.54
712.8931,0.54
712.9131,0.54
712.9332,0.54
712.9532,0.54
712.9732,0.54
712.9932,0.54
713.0132,0.54
713.0333,0.54
713.0533,0.54
713.0733,0.545
713.0933,0.545
713.1133,0.545
713.1334,0.545
713.1534,0.545
713.1734,0.545
713.1934,0.545
713.2134,0.545
713.2335,0.545
713.2535,0.545
713.2735,0.545
713.2935,0.545
713.3135,0.545
713.3336,0.545
713.3536,0.545
713.3736,0.545
713.3936,0.545
713.4136,0.545
713.4337,0.545
713.4537,0.545
713.4737,0.545
713.4937,0.545
713.5137,0.545
713.5338,0.545
713.5538,0.545
713.5738,0.545
713.5938,0.545
713.6138,0.545
713.6339,0.545
713.6539,0.545
713.6739,0.545
713.6939,0.545
713.7139,0.545
713.7339,0.545
713.754,0.545
713.774,0.545
713.794,0.545
713.814,0.545
713.834,0.545
713.8541,0.545
713.8741,0.545
713.8941,0.545
713.9141,0.545
713.9341,0.545
713.9542,0.545
713.9742,0.545
713.9942,0.545
714.0142,0.545
714.0342,0.545
714.0543,0.545
714.0743,0.545
714.0943,0.545
714.1143,0.545
714.1343,0.545
714.1544,0.545
714.1744,0.545
714.1944,0.545
714.2144,0.545
714.2344,0.545
714.2545,0.545
714.2745,0.545
714.2945,0.545
714.3145,0.545
714.3345,0.545
714.3546,0.545
714.3746,0.545
714.3946,0.545
714.4146,0.545
714.4346,0.545
714.4547,0.545
714.4747,0.545
714.4947,0.545
714.5147,0.545
714.5347,0.545
714.5547,0.545
714.5748,0.545
714.5948,0.545
714.6148,0.545
714.6348,0.545
714.6548,0.545
714.6749,0.545
714.6949,0.545
714.7149,0.545
714.7349,0.545
714.7549,0.545
714.775,0.545
714.795,0.545
714.815,0.545
714.835,0.545
714.855,0.545
714.8751,0.545
714.8951,0.545
714.9151,0.545
714.9351,0.545
714.9551,0.545
714.9752,0.545
714.9952,0.545
715.0152,0.545
715.0352,0.545
715.0552,0.545
715.0753,0.545
715.0953,0.545
715.1153,0.545
715.1353,0.545
715.1553,0.545
715.1754,0.545
715.1954,0.545
715.2154,0.545
715.2354,0.545
715.2554,0.545
715.2755,0.545
715.2955,0.545
715.3155,0.545
715.3355,0.545
715.3555,0.545
715.3755,0.545
715.3956,0.545
715.4156,0.55
715.4356,0.55
715.4556,0.55
715.4756,0.55
715.4957,0.55
715.5157,0.55
715.5357,0.55
715.5557,0.55
715.5757,0.55
715.5958,0.55
715.6158,0.55
715.6358,0.55
715.6558,0.55
715.6758,0.55
715.6959,0.55
715.7159,0.55
715.7359,0.55
715.7559,0.55
715.7759,0.55
715.796,0.55
715.816,0.55
715.836,0.55
715.856,0.55
715.876,0.55
715.8961,0.55
715.9161,0.55
715.9361,0.55
715.9561,0.55
715.9761,0.55
715.9962,0.55
716.0162,0.55
716.0362,0.55
716.0562,0.55
716.0762,0.55
716.0963,0.55
716.1163,0.55
716.1363,0.55
716.1563,0.55
716.1763,0.55
716.1964,0.55
716.2164,0.55
716.2364,0.55
716.2564,0.55
716.2764,0.55
716.2964,0.55
716.3165,0.55
716.3365,0.55
716.3565,0.55
716.3765,0.55
716.3965,0.55
716.4166,0.55
716.4366,0.55
716.4566,0.55
716.4766,0.55
716.4966,0.55
716.5167,0.55
716.5367,0.55
716.5567,0.55
716.5767,0.55
716.5967,0.55
716.6168,0.55
716.6368,0.55
716.6568,0.55
716.6768,0.55
716.6968,0.55
716.7169,0.55
716.7369,0.55
716.7569,0.55
716.7769,0.55
716.7969,0.55
716.817,0.55
716.837,0.55
716.857,0.55
716.877,0.55
716.897,0.55
716.9171,0.55
716.9371,0.55
716.9571,0.55
716.9771,0.55
716.9971,0.55
717.0172,0.55
717.0372,0.55
717.0572,0.55
717.0772,0.55
717.0972,0.55
717.1172,0.55
717.1373,0.55
717.1573,0.55
717.1773,0.55
717.1973,0.55
717.2173,0.55
717.2374,0.55
717.2574,0.55
717.2774,0.55
717.2974,0.55
717.3174,0.55
717.3375,0.55
717.3575,0.55
717.3775,0.55
717.3975,0.55
717.4175,0.555
717.4376,0.555
717.4576,0.555
717.4776,0.555
717.4976,0.555
717.5176,0.555
717.5377,0.555
717.5577,0.555
717.5777,0.555
717.5977,0.555
717.6177,0.555
717.6378,0.555
717.6578,0.555
717.6778,0.555
717.6978,0.555
717.7178,0.555
717.7379,0.555
717.7579,0.555
717.7779,0.555
717.7979,0.555
717.8179,0.555
717.838,0.555
717.858,0.555
717.878,0.555
717.898,0.555
717.918,0.555
717.938,0.555
717.9581,0.555
717.9781,0.555
717.9981,0.555
718.0181,0.555
718.0381,0.555
718.0582,0.555
718.0782,0.555
718.0982,0.555
718.1182,0.555
718.1382,0.555
718.1583,0.555
718.1783,0.555
718.1983,0.555
718.2183,0.555
718.2383,0.555
718.2584,0.555
718.2784,0.555
718.2984,0.555
718.3184,0.555
718.3384,0.555
718.3585,0.555
718.3785,0.555
718.3985,0.555
718.4185,0.555
718.4385,0.555
718.4586,0.555
718.4786,0.555
718.4986,0.555
718.5186,0.555
718.5386,0.555
718.5587,0.555
718.5787,0.555
718.5987,0.555
718.6187,0.555
718.6387,0.555
718.6588,0.555
718.6788,0.555
718.6988,0.555
718.7188,0.555
718.7388,0.555
718.7589,0.555
718.7789,0.555
718.7989,0.555
718.8189,0.555
718.8389,0.555
718.8589,0.555
718.879,0.555
718.899,0.555
718.919,0.555
718.939,0.555
718.959,0.555
718.9791,0.555
718.9991,0.555
719.0191,0.555
719.0391,0.555
719.0591,0.555
719.0792,0.555
719.0992,0.555
719.1192,0.555
719.1392,0.555
719.1592,0.555
719.1793,0.555
719.1993,0.555
719.2193,0.555
719.2393,0.555
719.2593,0.555
719.2794,0.555
719.2994,0.555
719.3194,0.555
719.3394,0.555
719.3594,0.555
719.3795,0.555
719.3995,0.555
719.4195,0.555
719.4395,0.555
719.4595,0.555
719.4796,0.555
719.4996,0.555
719.5196,0.555
719.5396,0.555
719.5596,0.555
719.5797,0.555
719.5997,0.555
719.6197,0.555
719.6397,0.555
719.6597,0.555
719.6797,0.555
719.6998,0.555
719.7198,0.555
719.7398,0.56
719.7598,0.56
719.7798,0.56
719.7999,0.56
719.8199,0.56
719.8399,0.56
719.8599,0.56
719.8799,0.56
719.9,0.56
719.92,0.56
719.94,0.56
719.96,0.56
719.98,0.56
720.0001,0.56
720.0201,0.56
720.0401,0.56
720.0601,0.56
720.0801,0.56
720.1002,0.56
720.1202,0.56
720.1402,0.56
720.1602,0.56
720.1802,0.56
720.2003,0.56
720.2203,0.56
720.2403,0.56
720.2603,0.56
720.2803,0.56
720.3004,0.56
720.3204,0.56
720.3404,0.56
720.3604,0.56
720.3804,0.56
720.4005,0.56
720.4205,0.56
720.4405,0.56
720.4605,0.56
720.4805,0.56
720.5005,0.56
720.5206,0.56
720.5406,0.56
720.5606,0.56
720.5806,0.56
720.6006,0.56
720.6207,0.56
720.6407,0.56
720.6607,0.56
720.6807,0.56
720.7007,0.56
720.7208,0.56
720.7408,0.56
720.7608,0.56
720.7808,0.56
720.8008,0.56
720.8209,0.56
720.8409,0.56
720.8609,0.56
720.8809,0.56
720.9009,0.56
720.921,0.56
720.941,0.56
720.961,0.56
720.981,0.56
721.001,0.56
721.0211,0.56
721.0411,0.56
721.0611,0.56
721.0811,0.56
721.1011,0.56
721.1212,0.56
721.1412,0.56
721.1612,0.56
721.1812,0.56
721.2012,0.56
721.2213,0.56
721.2413,0.56
721.2613,0.56
721.2813,0.56
721.3013,0.56
721.3214,0.56
721.3414,0.56
721.3614,0.56
721.3814,0.56
721.4014,0.56
721.4214,0.56
721.4415,0.56
721.4615,0.56
721.4815,0.56
721.5015,0.56
721.5215,0.56
721.5416,0.56
721.5616,0.56
721.5816,0.56
721.6016,0.56
721.6216,0.56
721.6417,0.56
721.6617,0.56
721.6817,0.56
721.7017,0.56
721.7217,0.56
721.7418,0.56
721.7618,0.56
721.7818,0.56
721.8018,0.56
721.8218,0.56
721.8419,0.56
721.8619,0.56
721.8819,0.56
721.9019,0.56
721.9219,0.56
721.942,0.56
721.962,0.56
721.982,0.56
722.002,0.56
722.022,0.56
722.0421,0.56
722.0621,0.56
722.0821,0.56
722.1021,0.56
722.1221,0.56
722.1422,0.56
722.1622,0.56
722.1822,0.56
722.2022,0.56
722.2222,0.56
722.2422,0.56
722.2623,0.56
722.2823,0.56
722.3023,0.56
722.3223,0.56
722.3423,0.56
722.3624,0.56
722.3824,0.56
722.4024,0.56
722.4224,0.56
722.4424,0.56
722.4625,0.56
722.4825,0.56
722.5025,0.56
722.5225,0.56
722.5425,0.56
722.5626,0.56
722.5826,0.56
722.6026,0.56
722.6226,0.56
722.6426,0.56
722.6627,0.56
722.6827,0.56
722.7027,0.56
722.7227,0.56
722.7427,0.56
722.7628,0.56
722.7828,0.56
722.8028,0.56
722.8228,0.56
722.8428,0.56
722.8629,0.56
722.8829,0.56
722.9029,0.56
722.9229,0.56
722.9429,0.56
722.963,0.56
722.983,0.56
723.003,0.56
723.023,0.56
723.043,0.56
723.063,0.56
723.0831,0.56
723.1031,0.56
723.1231,0.56
723.1431,0.56
723.1631,0.56
723.1832,0.56
723.2032,0.56
723.2232,0.56
723.2432,0.56
723.2632,0.56
723.2833,0.56
723.3033,0.56
723.3233,0.56
723.3433,0.56
723.3633,0.56
723.3834,0.56
723.4034,0.56
723.4234,0.56
723.4434,0.56
723.4634,0.56
723.4835,0.56
723.5035,0.56
723.5235,0.56
723.5435,0.56
723.5635,0.56
723.5836,0.56
723.6036,0.56
723.6236,0.56
723.6436,0.56
723.6636,0.56
723.6837,0.56
723.7037,0.56
723.7237,0.56
723.7437,0.565
723.7637,0.565
723.7838,0.565
723.8038,0.565
723.8238,0.565
723.8438,0.565
723.8638,0.565
723.8839,0.565
723.9039,0.565
723.9239,0.565
723.9439,0.565
723.9639,0.565
723.9839,0.565
724.004,0.565
724.024,0.565
724.044,0.565
724.064,0.565
724.084,0.57
724.1041,0.57
724.1241,0.57
724.1441,0.57
724.1641,0.57
724.1841,0.57
724.2042,0.57
724.2242,0.57
724.2442,0.57
724.2642,0.57
724.2842,0.57
724.3043,0.57
724.3243,0.57
724.3443,0.57
724.3643,0.57
724.3843,0.57
724.4044,0.57
724.4244,0.57
724.4444,0.57
724.4644,0.57
724.4844,0.57
724.5045,0.57
724.5245,0.57
724.5445,0.57
724.5645,0.57
724.5845,0.57
724.6046,0.57
724.6246,0.57
724.6446,0.57
724.6646,0.57
724.6846,0.57
724.7047,0.57
724.7247,0.57
724.7447,0.57
724.7647,0.57
724.7847,0.57
724.8047,0.57
724.8248,0.57
724.8448,0.57
724.8648,0.57
724.8848,0.57
724.9048,0.57
724.9249,0.57
724.9449,0.57
724.9649,0.57
724.9849,0.57
725.0049,0.57
725.025,0.57
725.045,0.57
725.065,0.57
725.085,0.57
725.105,0.57
725.1251,0.57
725.1451,0.57
725.1651,0.57
725.1851,0.57
725.2051,0.57
725.2252,0.57
725.2452,0.57
725.2652,0.57
725.2852,0.57
725.3052,0.57
725.3253,0.57
725.3453,0.57
725.3653,0.57
725.3853,0.57
725.4053,0.57
725.4254,0.57
725.4454,0.57
725.4654,0.57
725.4854,0.57
725.5054,0.57
725.5255,0.57
725.5455,0.57
725.5655,0.57
725.5855,0.57
725.6055,0.57
725.6255,0.57
725.6456,0.57
725.6656,0.57
725.6856,0.57
725.7056,0.57
725.7256,0.57
725.7457,0.57
725.7657,0.57
725.7857,0.57
725.8057,0.57
725.8257,0.57
725.8458,0.57
725.8658,0.57
725.8858,0.57
725.9058,0.57
725.9258,0.57
725.9459,0.57
725.9659,0.57
725.9859,0.57
726.0059,0.57
726.0259,0.57
726.046,0.57
726.066,0.57
726.086,0.57
726.106,0.57
726.126,0.57
726.1461,0.57
726.1661,0.57
726.1861,0.57
726.2061,0.57
726.2261,0.57
726.2462,0.57
726.2662,0.57
726.2862,0.57
726.3062,0.57
726.3262,0.57
726.3463,0.57
726.3663,0.57
726.3863,0.57
726.4063,0.57
726.4263,0.57
726.4464,0.57
726.4664,0.57
726.4864,0.57
726.5064,0.57
726.5264,0.57
726.5464,0.57
726.5665,0.57
726.5865,0.57
726.6065,0.57
726.6265,0.57
726.6465,0.57
726.6666,0.57
726.6866,0.57
726.7066,0.57
726.7266,0.57
726.7466,0.57
726.7667,0.57
726.7867,0.57
726.8067,0.57
726.8267,0.57
726.8467,0.57
726.8668,0.57
726.8868,0.57
726.9068,0.57
726.9268,0.57
726.9468,0.57
726.9669,0.57
726.9869,0.57
727.0069,0.57
727.0269,0.57
727.0469,0.57
727.067,0.57
727.087,0.57
727.107,0.57
727.127,0.57
727.147,0.57
727.1671,0.57
727.1871,0.57
727.2071,0.57
727.2271,0.57
727.2471,0.57
727.2672,0.57
727.2872,0.57
727.3072,0.57
727.3272,0.57
727.3472,0.57
727.3672,0.57
727.3873,0.57
727.4073,0.57
727.4273,0.57
727.4473,0.57
727.4673,0.57
727.4874,0.57
727.5074,0.57
727.5274,0.57
727.5474,0.57
727.5674,0.57
727.5875,0.57
727.6075,0.57
727.6275,0.57
727.6475,0.57
727.6675,0.57
727.6876,0.57
727.7076,0.57
727.7276,0.57
727.7476,0.57
727.7676,0.57
727.7877,0.57
727.8077,0.57
727.8277,0.57
727.8477,0.57
727.8677,0.57
727.8878,0.57
727.9078,0.57
727.9278,0.57
727.9478,0.57
727.9678,0.57
727.9879,0.57
728.0079,0.57
728.0279,0.57
728.0479,0.57
728.0679,0.57
728.088,0.57
728.108,0.57
728.128,0.57
728.148,0.57
728.168,0.57
728.188,0.57
728.2081,0.57
728.2281,0.57
728.2481,0.57
728.2681,0.57
728.2881,0.57
728.3082,0.57
728.3282,0.57
728.3482,0.57
728.3682,0.57
728.3882,0.57
728.4083,0.57
728.4283,0.57
728.4483,0.57
728.4683,0.57
728.4883,0.57
728.5084,0.57
728.5284,0.57
728.5484,0.57
728.5684,0.57
728.5884,0.57
728.6085,0.57
728.6285,0.57
728.6485,0.57
728.6685,0.57
728.6885,0.57
728.7086,0.57
728.7286,0.57
728.7486,0.57
728.7686,0.57
728.7886,0.57
728.8087,0.57
728.8287,0.57
728.8487,0.57
728.8687,0.57
728.8887,0.57
728.9088,0.57
728.9288,0.57
728.9488,0.57
728.9688,0.57
728.9888,0.57
729.0089,0.57
729.0289,0.57
729.0489,0.57
729.0689,0.57
729.0889,0.57
729.1089,0.57
729.129,0.57
729.149,0.57
729.169,0.57
729.189,0.57
729.209,0.57
729.2291,0.57
729.2491,0.57
729.2691,0.57
729.2891,0.57
729.3091,0.57
729.3292,0.57
729.3492,0.57
729.3692,0.57
729.3892,0.57
729.4092,0.57
729.4293,0.57
729.4493,0.57
729.4693,0.57
729.4893,0.57
729.5093,0.57
729.5294,0.57
729.5494,0.57
729.5694,0.57
729.5894,0.57
729.6094,0.57
729.6295,0.57
729.6495,0.57
729.6695,0.57
729.6895,0.57
729.7095,0.57
729.7296,0.57
729.7496,0.57
729.7696,0.57
729.7896,0.57
729.8096,0.57
729.8297,0.57
729.8497,0.57
729.8697,0.57
729.8897,0.57
729.9097,0.57
729.9297,0.57
729.9498,0.57
729.9698,0.57
729.9898,0.57
730.0098,0.57
730.0298,0.57
730.0499,0.57
730.0699,0.57
730.0899,0.57
730.1099,0.57
730.1299,0.57
730.15,0.57
730.17,0.57
730.19,0.57
730.21,0.57
730.23,0.57
730.2501,0.57
730.2701,0.57
730.2901,0.57
730.3101,0.57
730.3301,0.57
730.3502,0.57
730.3702,0.57
730.3902,0.57
730.4102,0.57
730.4302,0.57
730.4503,0.57
730.4703,0.57
730.4903,0.57
730.5103,0.57
730.5303,0.57
730.5504,0.57
730.5704,0.57
730.5904,0.57
730.6104,0.57
730.6304,0.57
730.6505,0.57
730.6705,0.57
730.6905,0.57
730.7105,0.57
730.7305,0.57
730.7505,0.57
730.7706,0.57
730.7906,0.57
730.8106,0.57
730.8306,0.57
730.8506,0.57
730.8707,0.57
730.8907,0.57
730.9107,0.57
730.9307,0.57
730.9507,0.57
730.9708,0.57
730.9908,0.57
731.0108,0.57
731.0308,0.57
731.0508,0.57
731.0709,0.57
731.0909,0.57
731.1109,0.57
731.1309,0.57
731.1509,0.57
731.171,0.57
731.191,0.57
731.211,0.57
731.231,0.57
731.251,0.57
731.2711,0.57
731.2911,0.57
731.3111,0.57
731.3311,0.57
731.3511,0.57
731.3712,0.57
731.3912,0.57
731.4112,0.57
731.4312,0.57
731.4512,0.57
731.4713,0.57
731.4913,0.57
731.5113,0.57
731.5313,0.57
731.5513,0.57
731.5714,0.57
731.5914,0.57
731.6114,0.57
731.6314,0.57
731.6514,0.57
731.6714,0.57
731.6915,0.57
731.7115,0.57
731.7315,0.57
731.7515,0.57
731.7715,0.57
731.7916,0.57
731.8116,0.57
731.8316,0.57
731.8516,0.57
731.8716,0.57
731.8917,0.57
731.9117,0.57
731.9317,0.57
731.9517,0.57
731.9717,0.57
731.9918,0.57
732.0118,0.57
732.0318,0.57
732.0518,0.57
732.0718,0.57
732.0919,0.575
732.1119,0.575
732.1319,0.575
732.1519,0.575
732.1719,0.575
732.192,0.575
732.212,0.575
732.232,0.575
732.252,0.575
732.272,0.575
732.2921,0.575
732.3121,0.575
732.3321,0.575
732.3521,0.575
732.3721,0.575
732.3922,0.575
732.4122,0.575
732.4322,0.575
732.4522,0.575
732.4722,0.575
732.4922,0.575
732.5123,0.575
732.5323,0.575
732.5523,0.575
732.5723,0.575
732.5923,0.575
732.6124,0.575
732.6324,0.575
732.6524,0.575
732.6724,0.575
732.6924,0.575
732.7125,0.575
732.7325,0.575
732.7525,0.575
732.7725,0.575
732.7925,0.575
732.8126,0.575
732.8326,0.575
732.8526,0.575
732.8726,0.575
732.8926,0.575
732.9127,0.575
732.9327,0.575
732.9527,0.575
732.9727,0.575
732.9927,0.575
733.0128,0.575
733.0328,0.575
733.0528,0.575
733.0728,0.575
733.0928,0.575
733.1129,0.575
733.1329,0.575
733.1529,0.575
733.1729,0.575
733.1929,0.575
733.213,0.575
733.233,0.575
733.253,0.575
733.273,0.575
733.293,0.575
733.313,0.575
733.3331,0.575
733.3531,0.575
733.3731,0.575
733.3931,0.575
733.4131,0.575
733.4332,0.58
733.4532,0.58
733.4732,0.58
733.4932,0.58
733.5132,0.58
733.5333,0.58
733.5533,0.58
733.5733,0.58
733.5933,0.58
733.6133,0.58
733.6334,0.58
733.6534,0.58
733.6734,0.58
733.6934,0.58
733.7134,0.58
733.7335,0.58
733.7535,0.58
733.7735,0.58
733.7935,0.58
733.8135,0.58
733.8336,0.58
733.8536,0.58
733.8736,0.58
733.8936,0.58
733.9136,0.58
733.9337,0.58
733.9537,0.58
733.9737,0.58
733.9937,0.58
734.0137,0.58
734.0338,0.58
734.0538,0.58
734.0738,0.58
734.0938,0.58
734.1138,0.58
734.1339,0.58
734.1539,0.58
734.1739,0.58
734.1939,0.58
734.2139,0.58
734.2339,0.58
734.254,0.58
734.274,0.58
734.294,0.58
734.314,0.58
734.334,0.58
734.3541,0.58
734.3741,0.58
734.3941,0.58
734.4141,0.58
734.4341,0.58
734.4542,0.58
734.4742,0.58
734.4942,0.58
734.5142,0.58
734.5342,0.58
734.5543,0.58
734.5743,0.58
734.5943,0.58
734.6143,0.58
734.6343,0.58
734.6544,0.58
734.6744,0.58
734.6944,0.58
734.7144,0.58
734.7344,0.58
734.7545,0.58
734.7745,0.58
734.7945,0.58
734.8145,0.58
734.8345,0.58
734.8546,0.58
734.8746,0.58
734.8946,0.58
734.9146,0.58
734.9346,0.58
734.9547,0.58
734.9747,0.58
734.9947,0.58
735.0147,0.58
735.0347,0.58
735.0547,0.58
735.0748,0.58
735.0948,0.58
735.1148,0.58
735.1348,0.58
735.1548,0.58
735.1749,0.58
735.1949,0.58
735.2149,0.58
735.2349,0.58
735.2549,0.58
735.275,0.58
735.295,0.58
735.315,0.58
735.335,0.58
735.355,0.58
735.3751,0.58
735.3951,0.58
735.4151,0.58
735.4351,0.58
735.4551,0.58
735.4752,0.58
735.4952,0.58
735.5152,0.58
735.5352,0.58
735.5552,0.58
735.5753,0.58
735.5953,0.58
735.6153,0.58
735.6353,0.58
735.6553,0.58
735.6754,0.58
735.6954,0.58
735.7154,0.58
735.7354,0.58
735.7554,0.58
735.7755,0.58
735.7955,0.58
735.8155,0.58
735.8355,0.58
735.8555,0.58
735.8755,0.58
735.8956,0.58
735.9156,0.58
735.9356,0.58
735.9556,0.58
735.9756,0.58
735.9957,0.58
736.0157,0.58
736.0357,0.58
736.0557,0.58
736.0757,0.58
736.0958,0.58
736.1158,0.58
736.1358,0.58
736.1558,0.58
736.1758,0.58
736.1959,0.58
736.2159,0.58
736.2359,0.58
736.2559,0.58
736.2759,0.58
736.296,0.58
736.316,0.58
736.336,0.58
736.356,0.58
736.376,0.58
736.3961,0.58
736.4161,0.58
736.4361,0.585
736.4561,0.585
736.4761,0.585
736.4962,0.585
736.5162,0.585
736.5362,0.585
736.5562,0.585
736.5762,0.585
736.5963,0.585
736.6163,0.585
736.6363,0.585
736.6563,0.585
736.6763,0.585
736.6964,0.585
736.7164,0.585
736.7364,0.585
736.7564,0.585
736.7764,0.585
736.7964,0.585
736.8165,0.585
736.8365,0.585
736.8565,0.585
736.8765,0.585
736.8965,0.585
736.9166,0.585
736.9366,0.585
736.9566,0.585
736.9766,0.585
736.9966,0.585
737.0167,0.585
737.0367,0.585
737.0567,0.585
737.0767,0.585
737.0967,0.585
737.1168,0.585
737.1368,0.585
737.1568,0.585
737.1768,0.585
737.1968,0.585
737.2169,0.585
737.2369,0.585
737.2569,0.585
737.2769,0.585
737.2969,0.585
737.317,0.585
737.337,0.585
737.357,0.585
737.377,0.585
737.397,0.585
737.4171,0.585
737.4371,0.585
737.4571,0.585
737.4771,0.585
737.4971,0.585
737.5172,0.585
737.5372,0.585
737.5572,0.585
737.5772,0.585
737.5972,0.585
737.6172,0.585
737.6373,0.585
737.6573,0.585
737.6773,0.585
737.6973,0.585
737.7173,0.585
737.7374,0.585
737.7574,0.585
737.7774,0.585
737.7974,0.585
737.8174,0.585
737.8375,0.585
737.8575,0.585
737.8775,0.585
737.8975,0.585
737.9175,0.585
737.9376,0.585
737.9576,0.585
737.9776,0.585
737.9976,0.585
738.0176,0.585
738.0377,0.585
738.0577,0.585
738.0777,0.585
738.0977,0.585
738.1177,0.585
738.1378,0.585
738.1578,0.585
738.1778,0.585
738.1978,0.585
738.2178,0.585
738.2379,0.585
738.2579,0.585
738.2779,0.585
738.2979,0.585
738.3179,0.585
738.338,0.585
738.358,0.585
738.378,0.585
738.398,0.585
738.418,0.585
738.438,0.585
738.4581,0.585
738.4781,0.585
738.4981,0.585
738.5181,0.585
738.5381,0.585
738.5582,0.585
738.5782,0.585
738.5982,0.585
738.6182,0.585
738.6382,0.585
738.6583,0.585
738.6783,0.585
738.6983,0.585
738.7183,0.585
738.7383,0.585
738.7584,0.585
738.7784,0.585
738.7984,0.585
738.8184,0.585
738.8384,0.585
738.8585,0.585
738.8785,0.585
738.8985,0.585
738.9185,0.585
738.9385,0.585
738.9586,0.585
738.9786,0.585
738.9986,0.585
739.0186,0.585
739.0386,0.585
739.0587,0.585
739.0787,0.585
739.0987,0.585
739.1187,0.585
739.1387,0.585
739.1588,0.585
739.1788,0.585
739.1988,0.585
739.2188,0.585
739.2388,0.585
739.2589,0.585
739.2789,0.585
739.2989,0.585
739.3189,0.585
739.3389,0.585
739.3589,0.585
739.379,0.585
739.399,0.585
739.419,0.585
739.439,0.585
739.459,0.585
739.4791,0.585
739.4991,0.585
739.5191,0.585
739.5391,0.585
739.5591,0.585
739.5792,0.585
739.5992,0.585
739.6192,0.585
739.6392,0.585
739.6592,0.585
739.6793,0.585
739.6993,0.585
739.7193,0.585
739.7393,0.585
739.7593,0.585
739.7794,0.585
739.7994,0.585
739.8194,0.585
739.8394,0.585
739.8594,0.585
739.8795,0.585
739.8995,0.585
739.9195,0.585
739.9395,0.585
739.9595,0.585
739.9796,0.585
739.9996,0.585
740.0196,0.585
740.0396,0.585
740.0596,0.585
740.0797,0.585
740.0997,0.585
740.1197,0.585
740.1397,0.585
740.1597,0.585
740.1797,0.585
740.1998,0.585
740.2198,0.585
740.2398,0.585
740.2598,0.585
740.2798,0.585
740.2999,0.585
740.3199,0.585
740.3399,0.585
740.3599,0.585
740.3799,0.585
740.4,0.585
740.42,0.585
740.44,0.585
740.46,0.585
740.48,0.585
740.5001,0.585
740.5201,0.585
740.5401,0.585
740.5601,0.585
740.5801,0.585
740.6002,0.585
740.6202,0.585
740.6402,0.585
740.6602,0.585
740.6802,0.585
740.7003,0.585
740.7203,0.585
740.7403,0.585
740.7603,0.585
740.7803,0.585
740.8004,0.585
740.8204,0.585
740.8404,0.585
740.8604,0.585
740.8804,0.585
740.9005,0.585
740.9205,0.585
740.9405,0.585
740.9605,0.585
740.9805,0.585
741.0005,0.585
741.0206,0.585
741.0406,0.585
741.0606,0.585
741.0806,0.585
741.1006,0.585
741.1207,0.585
741.1407,0.585
741.1607,0.585
741.1807,0.585
741.2007,0.585
741.2208,0.585
741.2408,0.585
741.2608,0.585
741.2808,0.585
741.3008,0.585
741.3209,0.585
741.3409,0.585
741.3609,0.585
741.3809,0.585
741.4009,0.585
741.421,0.585
741.441,0.585
741.461,0.585
741.481,0.585
741.501,0.585
741.5211,0.585
741.5411,0.585
741.5611,0.585
741.5811,0.585
741.6011,0.585
741.6212,0.585
741.6412,0.585
741.6612,0.585
741.6812,0.585
741.7012,0.585
741.7213,0.585
741.7413,0.585
741.7613,0.585
741.7813,0.585
741.8013,0.585
741.8214,0.585
741.8414,0.585
741.8614,0.585
741.8814,0.585
741.9014,0.585
741.9214,0.585
741.9415,0.585
741.9615,0.585
741.9815,0.585
742.0015,0.585
742.0215,0.585
742.0416,0.585
742.0616,0.585
742.0816,0.585
742.1016,0.585
742.1216,0.585
742.1417,0.585
742.1617,0.585
742.1817,0.585
742.2017,0.585
742.2217,0.585
742.2418,0.585
742.2618,0.585
742.2818,0.585
742.3018,0.585
742.3218,0.585
742.3419,0.585
742.3619,0.585
742.3819,0.585
742.4019,0.585
742.4219,0.585
742.442,0.585
742.462,0.585
742.482,0.585
742.502,0.585
742.522,0.585
742.5421,0.585
742.5621,0.585
742.5821,0.585
742.6021,0.585
742.6221,0.585
742.6422,0.585
742.6622,0.585
742.6822,0.585
742.7022,0.585
742.7222,0.585
742.7422,0.585
742.7623,0.59
742.7823,0.59
742.8023,0.59
742.8223,0.59
742.8423,0.59
742.8624,0.59
742.8824,0.59
742.9024,0.59
742.9224,0.59
742.9424,0.59
742.9625,0.59
742.9825,0.59
743.0025,0.59
743.0225,0.59
743.0425,0.59
743.0626,0.59
743.0826,0.59
743.1026,0.59
743.1226,0.59
743.1426,0.59
743.1627,0.59
743.1827,0.59
743.2027,0.59
743.2227,0.59
743.2427,0.59
743.2628,0.59
743.2828,0.59
743.3028,0.59
743.3228,0.59
743.3428,0.59
743.3629,0.59
743.3829,0.59
743.4029,0.59
743.4229,0.59
743.4429,0.59
743.463,0.59
743.483,0.59
743.503,0.59
743.523,0.59
743.543,0.59
743.563,0.59
743.5831,0.59
743.6031,0.59
743.6231,0.59
743.6431,0.59
743.6631,0.59
743.6832,0.59
743.7032,0.59
743.7232,0.59
743.7432,0.59
743.7632,0.59
743.7833,0.59
743.8033,0.59
743.8233,0.59
743.8433,0.59
743.8633,0.59
743.8834,0.59
743.9034,0.59
743.9234,0.59
743.9434,0.59
743.9634,0.59
743.9835,0.59
744.0035,0.59
744.0235,0.59
744.0435,0.59
744.0635,0.59
744.0836,0.59
744.1036,0.59
744.1236,0.59
744.1436,0.59
744.1636,0.59
744.1837,0.59
744.2037,0.59
744.2237,0.59
744.2437,0.59
744.2637,0.59
744.2838,0.59
744.3038,0.59
744.3238,0.59
744.3438,0.59
744.3638,0.59
744.3839,0.59
744.4039,0.59
744.4239,0.59
744.4439,0.59
744.4639,0.59
744.4839,0.59
744.504,0.59
744.524,0.59
744.544,0.59
744.564,0.59
744.584,0.59
744.6041,0.59
744.6241,0.59
744.6441,0.59
744.6641,0.59
744.6841,0.59
744.7042,0.59
744.7242,0.59
744.7442,0.59
744.7642,0.59
744.7842,0.59
744.8043,0.59
744.8243,0.59
744.8443,0.59
744.8643,0.59
744.8843,0.59
744.9044,0.59
744.9244,0.59
744.9444,0.59
744.9644,0.59
744.9844,0.59
745.0045,0.59
745.0245,0.59
745.0445,0.59
745.0645,0.59
745.0845,0.59
745.1046,0.59
745.1246,0.59
745.1446,0.59
745.1646,0.59
745.1846,0.59
745.2047,0.59
745.2247,0.59
745.2447,0.59
745.2647,0.59
745.2847,0.59
745.3047,0.59
745.3248,0.59
745.3448,0.59
745.3648,0.59
745.3848,0.59
745.4048,0.59
745.4249,0.59
745.4449,0.59
745.4649,0.59
745.4849,0.59
745.5049,0.59
745.525,0.59
745.545,0.59
745.565,0.59
745.585,0.59
745.605,0.59
745.6251,0.59
745.6451,0.59
745.6651,0.59
745.6851,0.59
745.7051,0.59
745.7252,0.59
745.7452,0.59
745.7652,0.59
745.7852,0.59
745.8052,0.59
745.8253,0.59
745.8453,0.59
745.8653,0.59
745.8853,0.59
745.9053,0.59
745.9254,0.59
745.9454,0.59
745.9654,0.59
745.9854,0.59
746.0054,0.59
746.0255,0.59
746.0455,0.59
746.0655,0.59
746.0855,0.59
746.1055,0.59
746.1255,0.59
746.1456,0.59
746.1656,0.59
746.1856,0.59
746.2056,0.59
746.2256,0.59
746.2457,0.59
746.2657,0.59
746.2857,0.59
746.3057,0.59
746.3257,0.59
746.3458,0.59
746.3658,0.59
746.3858,0.59
746.4058,0.59
746.4258,0.59
746.4459,0.595
746.4659,0.595
746.4859,0.595
746.5059,0.595
746.5259,0.595
746.546,0.595
746.566,0.595
746.586,0.595
746.606,0.595
746.626,0.595
746.6461,0.595
746.6661,0.595
746.6861,0.595
746.7061,0.595
746.7261,0.595
746.7462,0.595
746.7662,0.595
746.7862,0.595
746.8062,0.595
746.8262,0.595
746.8463,0.595
746.8663,0.595
746.8863,0.595
746.9063,0.595
746.9263,0.595
746.9464,0.595
746.9664,0.595
746.9864,0.595
747.0064,0.595
747.0264,0.595
747.0464,0.595
747.0665,0.595
747.0865,0.595
747.1065,0.595
747.1265,0.595
747.1465,0.595
747.1666,0.595
747.1866,0.595
747.2066,0.595
747.2266,0.595
747.2466,0.595
747.2667,0.595
747.2867,0.595
747.3067,0.595
747.3267,0.595
747.3467,0.595
747.3668,0.595
747.3868,0.595
747.4068,0.595
747.4268,0.595
747.4468,0.595
747.4669,0.595
747.4869,0.595
747.5069,0.595
747.5269,0.595
747.5469,0.595
747.567,0.595
747.587,0.595
747.607,0.595
747.627,0.595
747.647,0.595
747.6671,0.595
747.6871,0.595
747.7071,0.595
747.7271,0.595
747.7471,0.595
747.7672,0.595
747.7872,0.595
747.8072,0.595
747.8272,0.595
747.8472,0.595
747.8672,0.595
747.8873,0.595
747.9073,0.595
747.9273,0.595
747.9473,0.595
747.9673,0.595
747.9874,0.595
748.0074,0.595
748.0274,0.595
748.0474,0.595
748.0674,0.595
748.0875,0.595
748.1075,0.595
748.1275,0.595
748.1475,0.595
748.1675,0.595
748.1876,0.595
748.2076,0.595
748.2276,0.595
748.2476,0.595
748.2676,0.595
748.2877,0.595
748.3077,0.595
748.3277,0.595
748.3477,0.595
748.3677,0.595
748.3878,0.595
748.4078,0.595
748.4278,0.595
748.4478,0.595
748.4678,0.595
748.4879,0.595
748.5079,0.595
748.5279,0.595
748.5479,0.595
748.5679,0.595
748.588,0.595
748.608,0.595
748.628,0.595
748.648,0.595
748.668,0.595
748.688,0.595
748.7081,0.595
748.7281,0.595
748.7481,0.595
748.7681,0.595
748.7881,0.595
748.8082,0.595
748.8282,0.595
748.8482,0.595
748.8682,0.595
748.8882,0.595
748.9083,0.595
748.9283,0.595
748.9483,0.595
748.9683,0.595
748.9883,0.595
749.0084,0.595
749.0284,0.595
749.0484,0.595
749.0684,0.595
749.0884,0.595
749.1085,0.595
749.1285,0.595
749.1485,0.595
749.1685,0.595
749.1885,0.595
749.2086,0.595
749.2286,0.595
749.2486,0.595
749.2686,0.595
749.2886,0.595
749.3087,0.595
749.3287,0.595
749.3487,0.595
749.3687,0.595
749.3887,0.595
749.4088,0.595
749.4288,0.595
749.4488,0.595
749.4688,0.595
749.4888,0.595
749.5089,0.595
749.5289,0.595
749.5489,0.595
749.5689,0.595
749.5889,0.595
749.6089,0.595
749.629,0.595
749.649,0.595
749.669,0.595
749.689,0.595
749.709,0.595
749.7291,0.595
749.7491,0.595
749.7691,0.595
749.7891,0.595
749.8091,0.595
749.8292,0.595
749.8492,0.595
749.8692,0.595
749.8892,0.595
749.9092,0.595
749.9293,0.595
749.9493,0.595
749.9693,0.595
749.9893,0.595
750.0093,0.595
750.0294,0.595
750.0494,0.595
750.0694,0.595
750.0894,0.595
750.1094,0.595
750.1295,0.595
750.1495,0.595
750.1695,0.595
750.1895,0.595
750.2095,0.595
750.2296,0.595
750.2496,0.595
750.2696,0.595
750.2896,0.595
750.3096,0.595
750.3297,0.595
750.3497,0.595
750.3697,0.595
750.3897,0.595
750.4097,0.595
750.4297,0.595
750.4498,0.595
750.4698,0.595
750.4898,0.595
750.5098,0.595
750.5298,0.595
750.5499,0.595
750.5699,0.595
750.5899,0.595
750.6099,0.595
750.6299,0.595
750.65,0.595
750.67,0.595
750.69,0.595
750.71,0.595
750.73,0.595
750.7501,0.595
750.7701,0.595
750.7901,0.595
750.8101,0.595
750.8301,0.595
750.8502,0.595
750.8702,0.595
750.8902,0.595
750.9102,0.595
750.9302,0.595
750.9503,0.595
750.9703,0.595
750.9903,0.595
751.0103,0.595
751.0303,0.595
751.0504,0.595
751.0704,0.595
751.0904,0.595
751.1104,0.595
751.1304,0.595
751.1505,0.595
751.1705,0.595
751.1905,0.595
751.2105,0.595
751.2305,0.595
751.2505,0.595
751.2706,0.595
751.2906,0.595
751.3106,0.595
751.3306,0.595
751.3506,0.595
751.3707,0.595
751.3907,0.595
751.4107,0.595
751.4307,0.595
751.4507,0.595
751.4708,0.595
751.4908,0.595
751.5108,0.595
751.5308,0.595
751.5508,0.595
751.5709,0.595
751.5909,0.595
751.6109,0.595
751.6309,0.595
751.6509,0.595
751.671,0.595
751.691,0.595
751.711,0.595
751.731,0.595
751.751,0.595
751.7711,0.595
751.7911,0.595
751.8111,0.595
751.8311,0.595
751.8511,0.595
751.8712,0.595
751.8912,0.595
751.9112,0.595
751.9312,0.595
751.9512,0.595
751.9713,0.595
751.9913,0.595
752.0113,0.595
752.0313,0.595
752.0513,0.595
752.0714,0.595
752.0914,0.595
752.1114,0.595
752.1314,0.595
752.1514,0.595
752.1714,0.595
752.1915,0.595
752.2115,0.595
752.2315,0.595
752.2515,0.595
752.2715,0.595
752.2916,0.595
752.3116,0.595
752.3316,0.595
752.3516,0.595
752.3716,0.595
752.3917,0.595
752.4117,0.595
752.4317,0.595
752.4517,0.595
752.4717,0.595
752.4918,0.595
752.5118,0.595
752.5318,0.595
752.5518,0.595
752.5718,0.595
752.5919,0.595
752.6119,0.595
752.6319,0.595
752.6519,0.595
752.6719,0.595
752.692,0.595
752.712,0.595
752.732,0.595
752.752,0.595
752.772,0.595
752.7921,0.595
752.8121,0.595
752.8321,0.595
752.8521,0.595
752.8721,0.595
752.8922,0.595
752.9122,0.595
752.9322,0.595
752.9522,0.595
752.9722,0.595
752.9922,0.595
753.0123,0.595
753.0323,0.595
753.0523,0.595
753.0723,0.595
753.0923,0.595
753.1124,0.6
753.1324,0.6
753.1524,0.6
753.1724,0.6
753.1924,0.6
753.2125,0.6
753.2325,0.6
753.2525,0.6
753.2725,0.6
753.2925,0.6
753.3126,0.6
753.3326,0.6
753.3526,0.6
753.3726,0.6
753.3926,0.6
753.4127,0.6
753.4327,0.6
753.4527,0.6
753.4727,0.6
753.4927,0.6
753.5128,0.6
753.5328,0.6
753.5528,0.6
753.5728,0.6
753.5928,0.6
753.6129,0.6
753.6329,0.6
753.6529,0.6
753.6729,0.6
753.6929,0.6
753.713,0.6
753.733,0.6
753.753,0.6
753.773,0.6
753.793,0.6
753.813,0.6
753.8331,0.6
753.8531,0.6
753.8731,0.6
753.8931,0.6
753.9131,0.6
753.9332,0.6
753.9532,0.6
753.9732,0.6
753.9932,0.6
754.0132,0.6
754.0333,0.6
754.0533,0.6
754.0733,0.6
754.0933,0.6
754.1133,0.605
754.1334,0.605
754.1534,0.605
754.1734,0.605
754.1934,0.605
754.2134,0.605
754.2335,0.605
754.2535,0.605
754.2735,0.605
754.2935,0.605
754.3135,0.605
754.3336,0.605
754.3536,0.605
754.3736,0.605
754.3936,0.605
754.4136,0.605
754.4337,0.605
754.4537,0.605
754.4737,0.605
754.4937,0.605
754.5137,0.605
754.5338,0.605
754.5538,0.605
754.5738,0.605
754.5938,0.605
754.6138,0.605
754.6339,0.605
754.6539,0.605
754.6739,0.605
754.6939,0.605
754.7139,0.605
754.7339,0.605
754.754,0.605
754.774,0.605
754.794,0.605
754.814,0.605
754.834,0.605
754.8541,0.605
754.8741,0.605
754.8941,0.605
754.9141,0.605
754.9341,0.605
754.9542,0.605
754.9742,0.605
754.9942,0.605
755.0142,0.605
755.0342,0.605
755.0543,0.605
755.0743,0.605
755.0943,0.605
755.1143,0.605
755.1343,0.605
755.1544,0.605
755.1744,0.605
755.1944,0.605
755.2144,0.605
755.2344,0.605
755.2545,0.605
755.2745,0.605
755.2945,0.605
755.3145,0.605
755.3345,0.605
755.3546,0.605
755.3746,0.605
755.3946,0.605
755.4146,0.605
755.4346,0.605
755.4547,0.605
755.4747,0.605
755.4947,0.605
755.5147,0.605
755.5347,0.605
755.5547,0.605
755.5748,0.605
755.5948,0.605
755.6148,0.605
755.6348,0.605
755.6548,0.605
755.6749,0.605
755.6949,0.605
755.7149,0.605
755.7349,0.605
755.7549,0.605
755.775,0.605
755.795,0.605
755.815,0.605
755.835,0.605
755.855,0.605
755.8751,0.605
755.8951,0.605
755.9151,0.605
755.9351,0.605
755.9551,0.605
755.9752,0.605
755.9952,0.605
756.0152,0.605
756.0352,0.605
756.0552,0.605
756.0753,0.605
756.0953,0.605
756.1153,0.605
756.1353,0.605
756.1553,0.605
756.1754,0.605
756.1954,0.605
756.2154,0.605
756.2354,0.605
756.2554,0.605
756.2755,0.605
756.2955,0.605
756.3155,0.605
756.3355,0.605
756.3555,0.605
756.3755,0.605
756.3956,0.605
756.4156,0.605
756.4356,0.605
756.4556,0.605
756.4756,0.605
756.4957,0.605
756.5157,0.605
756.5357,0.605
756.5557,0.605
756.5757,0.605
756.5958,0.605
756.6158,0.605
756.6358,0.605
756.6558,0.605
756.6758,0.605
756.6959,0.605
756.7159,0.605
756.7359,0.605
756.7559,0.605
756.7759,0.605
756.796,0.605
756.816,0.605
756.836,0.605
756.856,0.605
756.876,0.605
756.8961,0.605
756.9161,0.605
756.9361,0.605
756.9561,0.605
756.9761,0.605
756.9962,0.605
757.0162,0.605
757.0362,0.605
757.0562,0.605
757.0762,0.605
757.0963,0.605
757.1163,0.605
757.1363,0.605
757.1563,0.605
757.1763,0.605
757.1964,0.605
757.2164,0.605
757.2364,0.605
757.2564,0.605
757.2764,0.605
757.2964,0.605
757.3165,0.605
757.3365,0.605
757.3565,0.605
757.3765,0.605
757.3965,0.605
757.4166,0.605
757.4366,0.605
757.4566,0.605
757.4766,0.605
757.4966,0.605
757.5167,0.605
757.5367,0.605
757.5567,0.605
757.5767,0.605
757.5967,0.605
757.6168,0.605
757.6368,0.605
757.6568,0.605
757.6768,0.605
757.6968,0.605
757.7169,0.605
757.7369,0.605
757.7569,0.605
757.7769,0.605
757.7969,0.605
757.817,0.605
757.837,0.605
757.857,0.605
757.877,0.605
757.897,0.605
757.9171,0.605
757.9371,0.605
757.9571,0.605
757.9771,0.605
757.9971,0.605
758.0172,0.605
758.0372,0.605
758.0572,0.605
758.0772,0.605
758.0972,0.605
758.1172,0.605
758.1373,0.605
758.1573,0.605
758.1773,0.605
758.1973,0.605
758.2173,0.605
758.2374,0.605
758.2574,0.605
758.2774,0.605
758.2974,0.605
758.3174,0.605
758.3375,0.605
758.3575,0.605
758.3775,0.605
758.3975,0.605
758.4175,0.605
758.4376,0.605
758.4576,0.605
758.4776,0.605
758.4976,0.605
758.5176,0.605
758.5377,0.605
758.5577,0.605
758.5777,0.605
758.5977,0.605
758.6177,0.605
758.6378,0.605
758.6578,0.605
758.6778,0.605
758.6978,0.605
758.7178,0.605
758.7379,0.605
758.7579,0.605
758.7779,0.605
758.7979,0.605
758.8179,0.605
758.838,0.605
758.858,0.605
758.878,0.605
758.898,0.605
758.918,0.605
758.938,0.605
758.9581,0.605
758.9781,0.605
758.9981,0.605
759.0181,0.605
759.0381,0.605
759.0582,0.605
759.0782,0.605
759.0982,0.605
759.1182,0.605
759.1382,0.605
759.1583,0.605
759.1783,0.605
759.1983,0.605
759.2183,0.605
759.2383,0.605
759.2584,0.605
759.2784,0.605
759.2984,0.605
759.3184,0.605
759.3384,0.605
759.3585,0.605
759.3785,0.605
759.3985,0.605
759.4185,0.605
759.4385,0.605
759.4586,0.605
759.4786,0.605
759.4986,0.605
759.5186,0.605
759.5386,0.605
759.5587,0.605
759.5787,0.605
759.5987,0.605
759.6187,0.605
759.6387,0.605
759.6588,0.605
759.6788,0.605
759.6988,0.605
759.7188,0.605
759.7388,0.605
759.7589,0.605
759.7789,0.61
759.7989,0.61
759.8189,0.61
759.8389,0.61
759.8589,0.61
759.879,0.61
759.899,0.61
759.919,0.61
759.939,0.61
759.959,0.61
759.9791,0.61
759.9991,0.61
760.0191,0.61
760.0391,0.61
760.0591,0.61
760.0792,0.61
760.0992,0.61
760.1192,0.61
760.1392,0.61
760.1592,0.61
760.1793,0.61
760.1993,0.61
760.2193,0.61
760.2393,0.61
760.2593,0.61
760.2794,0.61
760.2994,0.61
760.3194,0.61
760.3394,0.61
760.3594,0.61
760.3795,0.61
760.3995,0.61
760.4195,0.61
760.4395,0.61
760.4595,0.61
760.4796,0.61
760.4996,0.61
760.5196,0.61
760.5396,0.61
760.5596,0.61
760.5797,0.61
760.5997,0.61
760.6197,0.61
760.6397,0.61
760.6597,0.61
760.6797,0.61
760.6998,0.61
760.7198,0.61
760.7398,0.61
760.7598,0.61
760.7798,0.61
760.7999,0.61
760.8199,0.61
760.8399,0.61
760.8599,0.61
760.8799,0.61
760.9,0.61
760.92,0.61
760.94,0.61
760.96,0.61
760.98,0.61
761.0001,0.61
761.0201,0.61
761.0401,0.61
761.0601,0.61
761.0801,0.61
761.1002,0.61
761.1202,0.61
761.1402,0.61
761.1602,0.61
761.1802,0.61
761.2003,0.61
761.2203,0.61
761.2403,0.61
761.2603,0.61
761.2803,0.61
761.3004,0.61
761.3204,0.61
761.3404,0.61
761.3604,0.61
761.3804,0.61
761.4005,0.61
761.4205,0.61
761.4405,0.61
761.4605,0.61
761.4805,0.61
761.5005,0.61
761.5206,0.61
761.5406,0.61
761.5606,0.61
761.5806,0.61
761.6006,0.61
761.6207,0.61
761.6407,0.61
761.6607,0.61
761.6807,0.61
761.7007,0.61
761.7208,0.61
761.7408,0.61
761.7608,0.61
761.7808,0.61
761.8008,0.61
761.8209,0.61
761.8409,0.61
761.8609,0.61
761.8809,0.61
761.9009,0.61
761.921,0.61
761.941,0.61
761.961,0.61
761.981,0.61
762.001,0.61
762.0211,0.61
762.0411,0.61
762.0611,0.61
762.0811,0.61
762.1011,0.61
762.1212,0.61
762.1412,0.61
762.1612,0.61
762.1812,0.61
762.2012,0.61
762.2213,0.61
762.2413,0.61
762.2613,0.61
762.2813,0.61
762.3013,0.61
762.3214,0.61
762.3414,0.61
762.3614,0.61
762.3814,0.61
762.4014,0.61
762.4214,0.61
762.4415,0.61
762.4615,0.61
762.4815,0.61
762.5015,0.61
762.5215,0.61
762.5416,0.61
762.5616,0.61
762.5816,0.61
762.6016,0.61
762.6216,0.61
762.6417,0.61
762.6617,0.61
762.6817,0.61
762.7017,0.61
762.7217,0.61
762.7418,0.61
762.7618,0.61
762.7818,0.61
762.8018,0.61
762.8218,0.61
762.8419,0.61
762.8619,0.61
762.8819,0.61
762.9019,0.61
762.9219,0.61
762.942,0.61
762.962,0.61
762.982,0.61
763.002,0.61
763.022,0.61
763.0421,0.61
763.0621,0.61
763.0821,0.61
763.1021,0.61
763.1221,0.615
763.1422,0.615
763.1622,0.615
763.1822,0.615
763.2022,0.615
763.2222,0.615
763.2422,0.615
763.2623,0.615
763.2823,0.615
763.3023,0.615
763.3223,0.615
763.3423,0.615
763.3624,0.615
763.3824,0.615
763.4024,0.615
763.4224,0.615
763.4424,0.615
763.4625,0.615
763.4825,0.615
763.5025,0.615
763.5225,0.615
763.5425,0.615
763.5626,0.615
763.5826,0.615
763.6026,0.615
763.6226,0.615
763.6426,0.615
763.6627,0.615
763.6827,0.615
763.7027,0.615
763.7227,0.615
763.7427,0.615
763.7628,0.615
763.7828,0.625
763.8028,0.625
763.8228,0.625
763.8428,0.625
763.8629,0.625
763.8829,0.625
763.9029,0.625
763.9229,0.625
763.9429,0.625
763.963,0.625
763.983,0.625
764.003,0.625
764.023,0.625
764.043,0.625
764.063,0.625
764.0831,0.625
764.1031,0.625
764.1231,0.63
764.1431,0.63
764.1631,0.63
764.1832,0.63
764.2032,0.63
764.2232,0.63
764.2432,0.63
764.2632,0.63
764.2833,0.63
764.3033,0.63
764.3233,0.63
764.3433,0.63
764.3633,0.63
764.3834,0.63
764.4034,0.63
764.4234,0.63
764.4434,0.63
764.4634,0.63
764.4835,0.63
764.5035,0.63
764.5235,0.63
764.5435,0.63
764.5635,0.63
764.5836,0.63
764.6036,0.63
764.6236,0.63
764.6436,0.63
764.6636,0.63
764.6837,0.63
764.7037,0.63
764.7237,0.63
764.7437,0.63
764.7637,0.63
764.7838,0.63
764.8038,0.63
764.8238,0.63
764.8438,0.63
764.8638,0.63
764.8839,0.63
764.9039,0.63
764.9239,0.63
764.9439,0.63
764.9639,0.63
764.9839,0.63
765.004,0.63
765.024,0.63
765.044,0.63
765.064,0.63
765.084,0.63
765.1041,0.63
765.1241,0.63
765.1441,0.63
765.1641,0.63
765.1841,0.63
765.2042,0.63
765.2242,0.63
765.2442,0.63
765.2642,0.63
765.2842,0.63
765.3043,0.63
765.3243,0.63
765.3443,0.63
765.3643,0.63
765.3843,0.63
765.4044,0.63
765.4244,0.63
765.4444,0.63
765.4644,0.635
765.4844,0.635
765.5045,0.635
765.5245,0.635
765.5445,0.635
765.5645,0.635
765.5845,0.635
765.6046,0.635
765.6246,0.635
765.6446,0.635
765.6646,0.635
765.6846,0.635
765.7047,0.635
765.7247,0.635
765.7447,0.635
765.7647,0.635
765.7847,0.635
765.8047,0.635
765.8248,0.635
765.8448,0.635
765.8648,0.635
765.8848,0.635
765.9048,0.635
765.9249,0.635
765.9449,0.635
765.9649,0.635
765.9849,0.635
766.0049,0.635
766.025,0.635
766.045,0.635
766.065,0.635
766.085,0.635
766.105,0.635
766.1251,0.635
766.1451,0.635
766.1651,0.635
766.1851,0.635
766.2051,0.635
766.2252,0.635
766.2452,0.635
766.2652,0.635
766.2852,0.635
766.3052,0.635
766.3253,0.635
766.3453,0.635
766.3653,0.635
766.3853,0.635
766.4053,0.635
766.4254,0.635
766.4454,0.635
766.4654,0.64
766.4854,0.64
766.5054,0.64
766.5255,0.64
766.5455,0.64
766.5655,0.64
766.5855,0.64
766.6055,0.64
766.6255,0.64
766.6456,0.64
766.6656,0.64
766.6856,0.64
766.7056,0.64
766.7256,0.64
766.7457,0.64
766.7657,0.64
766.7857,0.64
766.8057,0.64
766.8257,0.64
766.8458,0.64
766.8658,0.64
766.8858,0.64
766.9058,0.64
766.9258,0.64
766.9459,0.64
766.9659,0.64
766.9859,0.64
767.0059,0.64
767.0259,0.64
767.046,0.64
767.066,0.64
767.086,0.64
767.106,0.64
767.126,0.645
767.1461,0.645
767.1661,0.645
767.1861,0.645
767.2061,0.645
767.2261,0.645
767.2462,0.645
767.2662,0.645
767.2862,0.645
767.3062,0.645
767.3262,0.645
767.3463,0.645
767.3663,0.645
767.3863,0.645
767.4063,0.645
767.4263,0.645
767.4464,0.645
767.4664,0.645
767.4864,0.645
767.5064,0.645
767.5264,0.645
767.5464,0.645
767.5665,0.645
767.5865,0.645
767.6065,0.645
767.6265,0.645
767.6465,0.645
767.6666,0.645
767.6866,0.645
767.7066,0.645
767.7266,0.645
767.7466,0.645
767.7667,0.645
767.7867,0.645
767.8067,0.645
767.8267,0.645
767.8467,0.645
767.8668,0.645
767.8868,0.645
767.9068,0.645
767.9268,0.645
767.9468,0.645
767.9669,0.645
767.9869,0.645
768.0069,0.645
768.0269,0.645
768.0469,0.645
768.067,0.645
768.087,0.645
768.107,0.645
768.127,0.65
768.147,0.65
768.1671,0.65
768.1871,0.65
768.2071,0.65
768.2271,0.65
768.2471,0.65
768.2672,0.65
768.2872,0.65
768.3072,0.65
768.3272,0.65
768.3472,0.65
768.3672,0.65
768.3873,0.65
768.4073,0.65
768.4273,0.65
768.4473,0.65
768.4673,0.65
768.4874,0.65
768.5074,0.65
768.5274,0.65
768.5474,0.65
768.5674,0.65
768.5875,0.65
768.6075,0.65
768.6275,0.65
768.6475,0.65
768.6675,0.65
768.6876,0.65
768.7076,0.65
768.7276,0.65
768.7476,0.65
768.7676,0.65
768.7877,0.65
768.8077,0.65
768.8277,0.65
768.8477,0.65
768.8677,0.65
768.8878,0.65
768.9078,0.65
768.9278,0.65
768.9478,0.65
768.9678,0.65
768.9879,0.65
769.0079,0.65
769.0279,0.65
769.0479,0.65
769.0679,0.65
769.088,0.65
769.108,0.65
769.128,0.65
769.148,0.65
769.168,0.65
769.188,0.65
769.2081,0.65
769.2281,0.65
769.2481,0.65
769.2681,0.65
769.2881,0.65
769.3082,0.65
769.3282,0.65
769.3482,0.65
769.3682,0.65
769.3882,0.65
769.4083,0.65
769.4283,0.65
769.4483,0.65
769.4683,0.65
769.4883,0.65
769.5084,0.65
769.5284,0.65
769.5484,0.65
769.5684,0.65
769.5884,0.65
769.6085,0.65
769.6285,0.65
769.6485,0.65
769.6685,0.65
769.6885,0.65
769.7086,0.65
769.7286,0.65
769.7486,0.65
769.7686,0.65
769.7886,0.65
769.8087,0.65
769.8287,0.65
769.8487,0.65
769.8687,0.65
769.8887,0.65
769.9088,0.65
769.9288,0.65
769.9488,0.65
769.9688,0.65
769.9888,0.65
770.0089,0.65
770.0289,0.65
770.0489,0.65
770.0689,0.65
770.0889,0.65
770.1089,0.65
770.129,0.65
770.149,0.65
770.169,0.65
770.189,0.65
770.209,0.65
770.2291,0.65
770.2491,0.65
770.2691,0.65
770.2891,0.65
770.3091,0.65
770.3292,0.65
770.3492,0.65
770.3692,0.65
770.3892,0.65
770.4092,0.65
770.4293,0.65
770.4493,0.65
770.4693,0.655
770.4893,0.655
770.5093,0.655
770.5294,0.655
770.5494,0.655
770.5694,0.655
770.5894,0.655
770.6094,0.655
770.6295,0.655
770.6495,0.655
770.6695,0.655
770.6895,0.655
770.7095,0.655
770.7296,0.655
770.7496,0.655
770.7696,0.655
770.7896,0.655
770.8096,0.655
770.8297,0.655
770.8497,0.655
770.8697,0.655
770.8897,0.655
770.9097,0.655
770.9297,0.655
770.9498,0.655
770.9698,0.655
770.9898,0.655
771.0098,0.655
771.0298,0.655
771.0499,0.655
771.0699,0.655
771.0899,0.655
771.1099,0.655
771.1299,0.655
771.15,0.655
771.17,0.655
771.19,0.655
771.21,0.655
771.23,0.655
771.2501,0.655
771.2701,0.655
771.2901,0.655
771.3101,0.655
771.3301,0.655
771.3502,0.655
771.3702,0.655
771.3902,0.655
771.4102,0.655
771.4302,0.655
771.4503,0.655
771.4703,0.66
771.4903,0.66
771.5103,0.66
771.5303,0.66
771.5504,0.66
771.5704,0.66
771.5904,0.66
771.6104,0.66
771.6304,0.66
771.6505,0.66
771.6705,0.66
771.6905,0.66
771.7105,0.66
771.7305,0.66
771.7505,0.66
771.7706,0.66
771.7906,0.66
771.8106,0.66
771.8306,0.66
771.8506,0.66
771.8707,0.66
771.8907,0.66
771.9107,0.66
771.9307,0.66
771.9507,0.66
771.9708,0.66
771.9908,0.66
772.0108,0.66
772.0308,0.66
772.0508,0.66
772.0709,0.66
772.0909,0.66
772.1109,0.66
772.1309,0.665
772.1509,0.665
772.171,0.665
772.191,0.665
772.211,0.665
772.231,0.665
772.251,0.665
772.2711,0.665
772.2911,0.665
772.3111,0.665
772.3311,0.665
772.3511,0.665
772.3712,0.665
772.3912,0.665
772.4112,0.665
772.4312,0.665
772.4512,0.665
772.4713,0.665
772.4913,0.665
772.5113,0.665
772.5313,0.665
772.5513,0.665
772.5714,0.665
772.5914,0.665
772.6114,0.665
772.6314,0.665
772.6514,0.665
772.6714,0.665
772.6915,0.665
772.7115,0.665
772.7315,0.665
772.7515,0.665
772.7715,0.665
772.7916,0.665
772.8116,0.665
772.8316,0.665
772.8516,0.665
772.8716,0.665
772.8917,0.665
772.9117,0.665
772.9317,0.665
772.9517,0.665
772.9717,0.665
772.9918,0.665
773.0118,0.665
773.0318,0.665
773.0518,0.665
773.0718,0.665
773.0919,0.665
773.1119,0.665
773.1319,0.665
773.1519,0.665
773.1719,0.665
773.192,0.665
773.212,0.665
773.232,0.665
773.252,0.665
773.272,0.665
773.2921,0.665
773.3121,0.665
773.3321,0.665
773.3521,0.665
773.3721,0.665
773.3922,0.665
773.4122,0.665
773.4322,0.665
773.4522,0.665
773.4722,0.67
773.4922,0.67
773.5123,0.67
773.5323,0.67
773.5523,0.67
773.5723,0.67
773.5923,0.67
773.6124,0.67
773.6324,0.67
773.6524,0.67
773.6724,0.67
773.6924,0.67
773.7125,0.67
773.7325,0.67
773.7525,0.67
773.7725,0.67
773.7925,0.67
773.8126,0.67
773.8326,0.67
773.8526,0.67
773.8726,0.67
773.8926,0.67
773.9127,0.67
773.9327,0.67
773.9527,0.67
773.9727,0.67
773.9927,0.67
774.0128,0.67
774.0328,0.67
774.0528,0.67
774.0728,0.67
774.0928,0.67
774.1129,0.67
774.1329,0.67
774.1529,0.67
774.1729,0.67
774.1929,0.67
774.213,0.67
774.233,0.67
774.253,0.67
774.273,0.67
774.293,0.67
774.313,0.67
774.3331,0.67
774.3531,0.67
774.3731,0.67
774.3931,0.67
774.4131,0.67
774.4332,0.67
774.4532,0.67
774.4732,0.67
774.4932,0.67
774.5132,0.67
774.5333,0.67
774.5533,0.67
774.5733,0.67
774.5933,0.67
774.6133,0.67
774.6334,0.67
774.6534,0.67
774.6734,0.67
774.6934,0.67
774.7134,0.67
774.7335,0.67
774.7535,0.67
774.7735,0.67
774.7935,0.67
774.8135,0.67
774.8336,0.67
774.8536,0.67
774.8736,0.67
774.8936,0.67
774.9136,0.67
774.9337,0.67
774.9537,0.67
774.9737,0.67
774.9937,0.67
775.0137,0.67
775.0338,0.67
775.0538,0.67
775.0738,0.67
775.0938,0.67
775.1138,0.67
775.1339,0.67
775.1539,0.67
775.1739,0.67
775.1939,0.67
775.2139,0.67
775.2339,0.67
775.254,0.67
775.274,0.67
775.294,0.67
775.314,0.67
775.334,0.67
775.3541,0.67
775.3741,0.67
775.3941,0.67
775.4141,0.67
775.4341,0.67
775.4542,0.67
775.4742,0.675
775.4942,0.675
775.5142,0.675
775.5342,0.675
775.5543,0.675
775.5743,0.675
775.5943,0.675
775.6143,0.675
775.6343,0.675
775.6544,0.675
775.6744,0.675
775.6944,0.675
775.7144,0.675
775.7344,0.675
775.7545,0.675
775.7745,0.675
775.7945,0.675
775.8145,0.675
775.8345,0.675
775.8546,0.675
775.8746,0.675
775.8946,0.675
775.9146,0.675
775.9346,0.675
775.9547,0.675
775.9747,0.675
775.9947,0.675
776.0147,0.675
776.0347,0.675
776.0547,0.675
776.0748,0.675
776.0948,0.675
776.1148,0.675
776.1348,0.675
776.1548,0.675
776.1749,0.675
776.1949,0.675
776.2149,0.675
776.2349,0.675
776.2549,0.675
776.275,0.675
776.295,0.675
776.315,0.675
776.335,0.675
776.355,0.675
776.3751,0.675
776.3951,0.675
776.4151,0.675
776.4351,0.675
776.4551,0.675
776.4752,0.675
776.4952,0.675
776.5152,0.675
776.5352,0.675
776.5552,0.675
776.5753,0.675
776.5953,0.675
776.6153,0.675
776.6353,0.675
776.6553,0.675
776.6754,0.675
776.6954,0.675
776.7154,0.675
776.7354,0.675
776.7554,0.675
776.7755,0.675
776.7955,0.68
776.8155,0.68
776.8355,0.68
776.8555,0.68
776.8755,0.68
776.8956,0.68
776.9156,0.68
776.9356,0.68
776.9556,0.68
776.9756,0.68
776.9957,0.68
777.0157,0.68
777.0357,0.68
777.0557,0.68
777.0757,0.68
777.0958,0.68
777.1158,0.68
777.1358,0.68
777.1558,0.68
777.1758,0.68
777.1959,0.68
777.2159,0.68
777.2359,0.68
777.2559,0.68
777.2759,0.68
777.296,0.68
777.316,0.68
777.336,0.68
777.356,0.68
777.376,0.68
777.3961,0.68
777.4161,0.68
777.4361,0.68
777.4561,0.68
777.4761,0.68
777.4962,0.68
777.5162,0.68
777.5362,0.68
777.5562,0.68
777.5762,0.68
777.5963,0.68
777.6163,0.68
777.6363,0.68
777.6563,0.68
777.6763,0.68
777.6964,0.68
777.7164,0.68
777.7364,0.68
777.7564,0.68
777.7764,0.68
777.7964,0.68
777.8165,0.68
777.8365,0.68
777.8565,0.68
777.8765,0.68
777.8965,0.68
777.9166,0.68
777.9366,0.68
777.9566,0.68
777.9766,0.68
777.9966,0.68
778.0167,0.68
778.0367,0.68
778.0567,0.68
778.0767,0.68
778.0967,0.68
778.1168,0.68
778.1368,0.685
778.1568,0.685
778.1768,0.685
778.1968,0.685
778.2169,0.685
778.2369,0.685
778.2569,0.685
778.2769,0.685
778.2969,0.685
778.317,0.685
778.337,0.685
778.357,0.685
778.377,0.685
778.397,0.685
778.4171,0.685
778.4371,0.685
778.4571,0.685
778.4771,0.685
778.4971,0.685
778.5172,0.685
778.5372,0.685
778.5572,0.685
778.5772,0.685
778.5972,0.685
778.6172,0.685
778.6373,0.685
778.6573,0.685
778.6773,0.685
778.6973,0.685
778.7173,0.685
778.7374,0.685
778.7574,0.685
778.7774,0.685
778.7974,0.69
778.8174,0.69
778.8375,0.69
778.8575,0.69
778.8775,0.69
778.8975,0.69
778.9175,0.69
778.9376,0.69
778.9576,0.69
778.9776,0.69
778.9976,0.69
779.0176,0.69
779.0377,0.69
779.0577,0.69
779.0777,0.69
779.0977,0.69
779.1177,0.69
779.1378,0.69
779.1578,0.69
779.1778,0.69
779.1978,0.69
779.2178,0.69
779.2379,0.69
779.2579,0.69
779.2779,0.69
779.2979,0.69
779.3179,0.69
779.338,0.69
779.358,0.69
779.378,0.69
779.398,0.69
779.418,0.69
779.438,0.69
779.4581,0.69
779.4781,0.69
779.4981,0.69
779.5181,0.69
779.5381,0.69
779.5582,0.69
779.5782,0.69
779.5982,0.69
779.6182,0.69
779.6382,0.69
779.6583,0.69
779.6783,0.69
779.6983,0.69
779.7183,0.69
779.7383,0.69
779.7584,0.69
779.7784,0.69
779.7984,0.69
779.8184,0.69
779.8384,0.69
779.8585,0.69
779.8785,0.69
779.8985,0.69
779.9185,0.69
779.9385,0.69
779.9586,0.69
779.9786,0.69
779.9986,0.69
780.0186,0.69
780.0386,0.69
780.0587,0.69
780.0787,0.69
780.0987,0.69
780.1187,0.69
780.1387,0.69
780.1588,0.69
780.1788,0.69
780.1988,0.69
780.2188,0.69
780.2388,0.69
780.2589,0.69
780.2789,0.69
780.2989,0.69
780.3189,0.69
780.3389,0.69
780.3589,0.69
780.379,0.69
780.399,0.69
780.419,0.69
780.439,0.69
780.459,0.69
780.4791,0.695
780.4991,0.695
780.5191,0.695
780.5391,0.695
780.5591,0.695
780.5792,0.695
780.5992,0.695
780.6192,0.695
780.6392,0.695
780.6592,0.695
780.6793,0.695
780.6993,0.695
780.7193,0.695
780.7393,0.695
780.7593,0.695
780.7794,0.695
780.7994,0.695
780.8194,0.695
780.8394,0.695
780.8594,0.695
780.8795,0.695
780.8995,0.695
780.9195,0.695
780.9395,0.695
780.9595,0.695
780.9796,0.695
780.9996,0.695
781.0196,0.695
781.0396,0.695
781.0596,0.695
781.0797,0.695
781.0997,0.695
781.1197,0.695
781.1397,0.695
781.1597,0.695
781.1797,0.695
781.1998,0.695
781.2198,0.695
781.2398,0.695
781.2598,0.695
781.2798,0.695
781.2999,0.695
781.3199,0.695
781.3399,0.695
781.3599,0.695
781.3799,0.695
781.4,0.695
781.42,0.695
781.44,0.695
781.46,0.695
781.48,0.695
781.5001,0.695
781.5201,0.695
781.5401,0.695
781.5601,0.695
781.5801,0.695
781.6002,0.695
781.6202,0.695
781.6402,0.695
781.6602,0.695
781.6802,0.695
781.7003,0.695
781.7203,0.695
781.7403,0.695
781.7603,0.695
781.7803,0.695
781.8004,0.695
781.8204,0.695
781.8404,0.695
781.8604,0.695
781.8804,0.695
781.9005,0.695
781.9205,0.695
781.9405,0.695
781.9605,0.695
781.9805,0.695
782.0005,0.695
782.0206,0.695
782.0406,0.695
782.0606,0.695
782.0806,0.695
782.1006,0.695
782.1207,0.695
782.1407,0.695
782.1607,0.695
782.1807,0.695
782.2007,0.695
782.2208,0.695
782.2408,0.695
782.2608,0.695
782.2808,0.695
782.3008,0.695
782.3209,0.695
782.3409,0.695
782.3609,0.695
782.3809,0.695
782.4009,0.695
782.421,0.695
782.441,0.695
782.461,0.695
782.481,0.705
782.501,0.705
782.5211,0.705
782.5411,0.705
782.5611,0.705
782.5811,0.705
782.6011,0.705
782.6212,0.705
782.6412,0.705
782.6612,0.705
782.6812,0.705
782.7012,0.705
782.7213,0.705
782.7413,0.705
782.7613,0.705
782.7813,0.705
782.8013,0.705
782.8214,0.705
782.8414,0.705
782.8614,0.705
782.8814,0.705
782.9014,0.705
782.9214,0.705
782.9415,0.705
782.9615,0.705
782.9815,0.705
783.0015,0.705
783.0215,0.705
783.0416,0.705
783.0616,0.705
783.0816,0.705
783.1016,0.705
783.1216,0.705
783.1417,0.705
783.1617,0.705
783.1817,0.705
783.2017,0.705
783.2217,0.705
783.2418,0.705
783.2618,0.705
783.2818,0.705
783.3018,0.705
783.3218,0.705
783.3419,0.705
783.3619,0.705
783.3819,0.705
783.4019,0.705
783.4219,0.705
783.442,0.705
783.462,0.705
783.482,0.705
783.502,0.705
783.522,0.705
783.5421,0.705
783.5621,0.705
783.5821,0.705
783.6021,0.705
783.6221,0.705
783.6422,0.705
783.6622,0.705
783.6822,0.705
783.7022,0.705
783.7222,0.705
783.7422,0.705
783.7623,0.705
783.7823,0.705
783.8023,0.705
783.8223,0.705
783.8423,0.705
783.8624,0.705
783.8824,0.705
783.9024,0.705
783.9224,0.705
783.9424,0.705
783.9625,0.705
783.9825,0.705
784.0025,0.705
784.0225,0.705
784.0425,0.705
784.0626,0.705
784.0826,0.705
784.1026,0.705
784.1226,0.705
784.1426,0.71
784.1627,0.71
784.1827,0.71
784.2027,0.71
784.2227,0.71
784.2427,0.71
784.2628,0.71
784.2828,0.71
784.3028,0.71
784.3228,0.71
784.3428,0.71
784.3629,0.71
784.3829,0.71
784.4029,0.71
784.4229,0.71
784.4429,0.71
784.463,0.71
784.483,0.71
784.503,0.71
784.523,0.71
784.543,0.71
784.563,0.71
784.5831,0.71
784.6031,0.71
784.6231,0.71
784.6431,0.71
784.6631,0.71
784.6832,0.71
784.7032,0.71
784.7232,0.71
784.7432,0.71
784.7632,0.71
784.7833,0.71
784.8033,0.715
784.8233,0.715
784.8433,0.715
784.8633,0.715
784.8834,0.715
784.9034,0.715
784.9234,0.715
784.9434,0.715
784.9634,0.715
784.9835,0.715
785.0035,0.715
785.0235,0.715
785.0435,0.715
785.0635,0.715
785.0836,0.715
785.1036,0.715
785.1236,0.715
785.1436,0.715
785.1636,0.715
785.1837,0.715
785.2037,0.715
785.2237,0.715
785.2437,0.715
785.2637,0.715
785.2838,0.715
785.3038,0.715
785.3238,0.715
785.3438,0.715
785.3638,0.715
785.3839,0.715
785.4039,0.715
785.4239,0.715
785.4439,0.715
785.4639,0.715
785.4839,0.715
785.504,0.715
785.524,0.715
785.544,0.715
785.564,0.715
785.584,0.715
785.6041,0.715
785.6241,0.715
785.6441,0.715
785.6641,0.715
785.6841,0.715
785.7042,0.715
785.7242,0.715
785.7442,0.715
785.7642,0.715
785.7842,0.715
785.8043,0.715
785.8243,0.715
785.8443,0.715
785.8643,0.715
785.8843,0.715
785.9044,0.715
785.9244,0.715
785.9444,0.715
785.9644,0.715
785.9844,0.715
786.0045,0.715
786.0245,0.715
786.0445,0.715
786.0645,0.715
786.0845,0.715
786.1046,0.715
786.1246,0.715
786.1446,0.715
786.1646,0.715
786.1846,0.715
786.2047,0.715
786.2247,0.715
786.2447,0.715
786.2647,0.715
786.2847,0.715
786.3047,0.715
786.3248,0.715
786.3448,0.715
786.3648,0.715
786.3848,0.715
786.4048,0.715
786.4249,0.715
786.4449,0.715
786.4649,0.715
786.4849,0.715
786.5049,0.715
786.525,0.715
786.545,0.715
786.565,0.715
786.585,0.715
786.605,0.715
786.6251,0.715
786.6451,0.715
786.6651,0.715
786.6851,0.715
786.7051,0.715
786.7252,0.715
786.7452,0.715
786.7652,0.715
786.7852,0.715
786.8052,0.715
786.8253,0.715
786.8453,0.715
786.8653,0.715
786.8853,0.715
786.9053,0.715
786.9254,0.715
786.9454,0.715
786.9654,0.715
786.9854,0.715
787.0054,0.715
787.0255,0.715
787.0455,0.715
787.0655,0.715
787.0855,0.715
787.1055,0.715
787.1255,0.715
787.1456,0.715
787.1656,0.715
787.1856,0.715
787.2056,0.715
787.2256,0.715
787.2457,0.715
787.2657,0.715
787.2857,0.715
787.3057,0.715
787.3257,0.715
787.3458,0.715
787.3658,0.715
787.3858,0.715
787.4058,0.715
787.4258,0.715
787.4459,0.715
787.4659,0.715
787.4859,0.715
787.5059,0.715
787.5259,0.715
787.546,0.715
787.566,0.715
787.586,0.715
787.606,0.715
787.626,0.715
787.6461,0.715
787.6661,0.715
787.6861,0.715
787.7061,0.715
787.7261,0.715
787.7462,0.715
787.7662,0.715
787.7862,0.715
787.8062,0.715
787.8262,0.715
787.8463,0.715
787.8663,0.715
787.8863,0.715
787.9063,0.715
787.9263,0.715
787.9464,0.715
787.9664,0.715
787.9864,0.715
788.0064,0.715
788.0264,0.715
788.0464,0.715
788.0665,0.715
788.0865,0.715
788.1065,0.715
788.1265,0.715
788.1465,0.715
788.1666,0.715
788.1866,0.715
788.2066,0.715
788.2266,0.715
788.2466,0.715
788.2667,0.715
788.2867,0.715
788.3067,0.715
788.3267,0.715
788.3467,0.715
788.3668,0.715
788.3868,0.715
788.4068,0.715
788.4268,0.715
788.4468,0.715
788.4669,0.715
788.4869,0.715
788.5069,0.715
788.5269,0.715
788.5469,0.715
788.567,0.715
788.587,0.715
788.607,0.715
788.627,0.715
788.647,0.715
788.6671,0.715
788.6871,0.715
788.7071,0.715
788.7271,0.715
788.7471,0.715
788.7672,0.715
788.7872,0.715
788.8072,0.715
788.8272,0.715
788.8472,0.715
788.8672,0.715
788.8873,0.715
788.9073,0.715
788.9273,0.715
788.9473,0.715
788.9673,0.715
788.9874,0.715
789.0074,0.715
789.0274,0.715
789.0474,0.715
789.0674,0.715
789.0875,0.715
789.1075,0.715
789.1275,0.715
789.1475,0.715
789.1675,0.715
789.1876,0.715
789.2076,0.715
789.2276,0.715
789.2476,0.715
789.2676,0.715
789.2877,0.715
789.3077,0.715
789.3277,0.715
789.3477,0.715
789.3677,0.715
789.3878,0.715
789.4078,0.715
789.4278,0.715
789.4478,0.715
789.4678,0.715
789.4879,0.715
789.5079,0.715
789.5279,0.715
789.5479,0.715
789.5679,0.715
789.588,0.715
789.608,0.715
789.628,0.715
789.648,0.715
789.668,0.715
789.688,0.715
789.7081,0.715
789.7281,0.715
789.7481,0.715
789.7681,0.715
789.7881,0.715
789.8082,0.72
789.8282,0.72
789.8482,0.72
789.8682,0.72
789.8882,0.72
789.9083,0.72
789.9283,0.72
789.9483,0.72
789.9683,0.72
789.9883,0.72
790.0084,0.72
790.0284,0.72
790.0484,0.72
790.0684,0.72
790.0884,0.72
790.1085,0.72
790.1285,0.72
790.1485,0.72
790.1685,0.72
790.1885,0.72
790.2086,0.72
790.2286,0.72
790.2486,0.72
790.2686,0.72
790.2886,0.72
790.3087,0.72
790.3287,0.72
790.3487,0.72
790.3687,0.72
790.3887,0.72
790.4088,0.72
790.4288,0.72
790.4488,0.72
790.4688,0.72
790.4888,0.72
790.5089,0.72
790.5289,0.72
790.5489,0.72
790.5689,0.72
790.5889,0.72
790.6089,0.72
790.629,0.72
790.649,0.72
790.669,0.72
790.689,0.72
790.709,0.72
790.7291,0.72
790.7491,0.72
790.7691,0.72
790.7891,0.72
790.8091,0.72
790.8292,0.72
790.8492,0.72
790.8692,0.72
790.8892,0.72
790.9092,0.72
790.9293,0.72
790.9493,0.72
790.9693,0.72
790.9893,0.72
791.0093,0.72
791.0294,0.72
791.0494,0.72
791.0694,0.72
791.0894,0.72
791.1094,0.72
791.1295,0.72
791.1495,0.72
791.1695,0.72
791.1895,0.72
791.2095,0.72
791.2296,0.72
791.2496,0.72
791.2696,0.72
791.2896,0.72
791.3096,0.72
791.3297,0.72
791.3497,0.72
791.3697,0.72
791.3897,0.72
791.4097,0.72
791.4297,0.72
791.4498,0.72
791.4698,0.72
791.4898,0.72
791.5098,0.72
791.5298,0.72
791.5499,0.72
791.5699,0.72
791.5899,0.72
791.6099,0.72
791.6299,0.72
791.65,0.72
791.67,0.72
791.69,0.72
791.71,0.72
791.73,0.72
791.7501,0.72
791.7701,0.72
791.7901,0.72
791.8101,0.72
791.8301,0.72
791.8502,0.72
791.8702,0.72
791.8902,0.72
791.9102,0.72
791.9302,0.72
791.9503,0.72
791.9703,0.72
791.9903,0.72
792.0103,0.72
792.0303,0.72
792.0504,0.72
792.0704,0.72
792.0904,0.72
792.1104,0.72
792.1304,0.72
792.1505,0.72
792.1705,0.72
792.1905,0.72
792.2105,0.72
792.2305,0.72
792.2505,0.72
792.2706,0.72
792.2906,0.72
792.3106,0.72
792.3306,0.72
792.3506,0.72
792.3707,0.72
792.3907,0.72
792.4107,0.72
792.4307,0.72
792.4507,0.72
792.4708,0.72
792.4908,0.72
792.5108,0.72
792.5308,0.72
792.5508,0.72
792.5709,0.72
792.5909,0.72
792.6109,0.72
792.6309,0.72
792.6509,0.72
792.671,0.72
792.691,0.72
792.711,0.72
792.731,0.72
792.751,0.72
792.7711,0.72
792.7911,0.72
792.8111,0.72
792.8311,0.72
792.8511,0.72
792.8712,0.72
792.8912,0.72
792.9112,0.72
792.9312,0.72
792.9512,0.72
792.9713,0.72
792.9913,0.72
793.0113,0.72
793.0313,0.72
793.0513,0.72
793.0714,0.72
793.0914,0.72
793.1114,0.72
793.1314,0.72
793.1514,0.72
793.1714,0.72
793.1915,0.72
793.2115,0.72
793.2315,0.72
793.2515,0.72
793.2715,0.72
793.2916,0.72
793.3116,0.72
793.3316,0.72
793.3516,0.72
793.3716,0.72
793.3917,0.72
793.4117,0.72
793.4317,0.72
793.4517,0.72
793.4717,0.72
793.4918,0.72
793.5118,0.72
793.5318,0.72
793.5518,0.72
793.5718,0.72
793.5919,0.72
793.6119,0.72
793.6319,0.72
793.6519,0.72
793.6719,0.72
793.692,0.72
793.712,0.72
793.732,0.72
793.752,0.72
793.772,0.72
793.7921,0.72
793.8121,0.72
793.8321,0.72
793.8521,0.72
793.8721,0.72
793.8922,0.72
793.9122,0.72
793.9322,0.72
793.9522,0.72
793.9722,0.72
793.9922,0.72
794.0123,0.72
794.0323,0.72
794.0523,0.72
794.0723,0.72
794.0923,0.72
794.1124,0.72
794.1324,0.72
794.1524,0.72
794.1724,0.72
794.1924,0.72
794.2125,0.72
794.2325,0.72
794.2525,0.72
794.2725,0.72
794.2925,0.72
794.3126,0.72
794.3326,0.72
794.3526,0.72
794.3726,0.72
794.3926,0.72
794.4127,0.72
794.4327,0.72
794.4527,0.72
794.4727,0.72
794.4927,0.72
794.5128,0.72
794.5328,0.72
794.5528,0.72
794.5728,0.72
794.5928,0.72
794.6129,0.72
794.6329,0.72
794.6529,0.72
794.6729,0.72
794.6929,0.72
794.713,0.72
794.733,0.72
794.753,0.72
794.773,0.72
794.793,0.72
794.813,0.72
794.8331,0.72
794.8531,0.72
794.8731,0.72
794.8931,0.72
794.9131,0.72
794.9332,0.72
794.9532,0.72
794.9732,0.72
794.9932,0.72
795.0132,0.72
795.0333,0.72
795.0533,0.72
795.0733,0.72
795.0933,0.72
795.1133,0.72
795.1334,0.72
795.1534,0.725
795.1734,0.725
795.1934,0.725
795.2134,0.725
795.2335,0.725
795.2535,0.725
795.2735,0.725
795.2935,0.725
795.3135,0.725
795.3336,0.725
795.3536,0.725
795.3736,0.725
795.3936,0.725
795.4136,0.725
795.4337,0.725
795.4537,0.725
795.4737,0.725
795.4937,0.725
795.5137,0.725
795.5338,0.725
795.5538,0.725
795.5738,0.725
795.5938,0.725
795.6138,0.725
795.6339,0.725
795.6539,0.725
795.6739,0.725
795.6939,0.725
795.7139,0.725
795.7339,0.725
795.754,0.725
795.774,0.725
795.794,0.725
795.814,0.73
795.834,0.73
795.8541,0.73
795.8741,0.73
795.8941,0.73
795.9141,0.73
795.9341,0.73
795.9542,0.73
795.9742,0.73
795.9942,0.73
796.0142,0.73
796.0342,0.73
796.0543,0.73
796.0743,0.73
796.0943,0.73
796.1143,0.73
796.1343,0.73
796.1544,0.73
796.1744,0.73
796.1944,0.73
796.2144,0.73
796.2344,0.73
796.2545,0.73
796.2745,0.73
796.2945,0.73
796.3145,0.73
796.3345,0.73
796.3546,0.73
796.3746,0.73
796.3946,0.73
796.4146,0.73
796.4346,0.73
796.4547,0.73
796.4747,0.73
796.4947,0.73
796.5147,0.73
796.5347,0.73
796.5547,0.73
796.5748,0.73
796.5948,0.73
796.6148,0.73
796.6348,0.73
796.6548,0.73
796.6749,0.73
796.6949,0.73
796.7149,0.73
796.7349,0.73
796.7549,0.73
796.775,0.73
796.795,0.73
796.815,0.73
796.835,0.73
796.855,0.73
796.8751,0.73
796.8951,0.73
796.9151,0.73
796.9351,0.73
796.9551,0.73
796.9752,0.73
796.9952,0.73
797.0152,0.73
797.0352,0.73
797.0552,0.73
797.0753,0.73
797.0953,0.73
797.1153,0.73
797.1353,0.73
797.1553,0.73
797.1754,0.73
797.1954,0.73
797.2154,0.73
797.2354,0.73
797.2554,0.73
797.2755,0.73
797.2955,0.73
797.3155,0.73
797.3355,0.73
797.3555,0.73
797.3755,0.73
797.3956,0.73
797.4156,0.73
797.4356,0.73
797.4556,0.73
797.4756,0.73
797.4957,0.73
797.5157,0.73
797.5357,0.73
797.5557,0.73
797.5757,0.73
797.5958,0.73
797.6158,0.73
797.6358,0.73
797.6558,0.73
797.6758,0.73
797.6959,0.73
797.7159,0.73
797.7359,0.73
797.7559,0.73
797.7759,0.73
797.796,0.73
797.816,0.73
797.836,0.73
797.856,0.73
797.876,0.73
797.8961,0.73
797.9161,0.73
797.9361,0.73
797.9561,0.73
797.9761,0.73
797.9962,0.73
798.0162,0.73
798.0362,0.73
798.0562,0.73
798.0762,0.73
798.0963,0.73
798.1163,0.73
798.1363,0.73
798.1563,0.73
798.1763,0.73
798.1964,0.73
798.2164,0.73
798.2364,0.73
798.2564,0.73
798.2764,0.73
798.2964,0.73
798.3165,0.73
798.3365,0.73
798.3565,0.73
798.3765,0.73
798.3965,0.73
798.4166,0.73
798.4366,0.73
798.4566,0.73
798.4766,0.73
798.4966,0.735
798.5167,0.735
798.5367,0.735
798.5567,0.735
798.5767,0.735
798.5967,0.735
798.6168,0.735
798.6368,0.735
798.6568,0.735
798.6768,0.735
798.6968,0.735
798.7169,0.735
798.7369,0.735
798.7569,0.735
798.7769,0.735
798.7969,0.735
798.817,0.735
798.837,0.735
798.857,0.735
798.877,0.735
798.897,0.735
798.9171,0.735
798.9371,0.735
798.9571,0.735
798.9771,0.735
798.9971,0.735
799.0172,0.735
799.0372,0.735
799.0572,0.735
799.0772,0.735
799.0972,0.735
799.1172,0.735
799.1373,0.735
799.1573,0.735
799.1773,0.735
799.1973,0.735
799.2173,0.735
799.2374,0.735
799.2574,0.735
799.2774,0.735
799.2974,0.735
799.3174,0.735
799.3375,0.735
799.3575,0.735
799.3775,0.735
799.3975,0.735
799.4175,0.735
799.4376,0.735
799.4576,0.735
799.4776,0.735
799.4976,0.74
799.5176,0.74
799.5377,0.74
799.5577,0.74
799.5777,0.74
799.5977,0.74
799.6177,0.74
799.6378,0.74
799.6578,0.74
799.6778,0.74
799.6978,0.74
799.7178,0.74
799.7379,0.74
799.7579,0.74
799.7779,0.74
799.7979,0.74
799.8179,0.74
799.838,0.74
799.858,0.74
799.878,0.74
799.898,0.74
799.918,0.74
799.938,0.74
799.9581,0.74
799.9781,0.74
799.9981,0.74
800.0181,0.74
800.0381,0.74
800.0582,0.74
800.0782,0.74
800.0982,0.74
800.1182,0.74
800.1382,0.74
800.1583,0.74
800.1783,0.74
800.1983,0.74
800.2183,0.74
800.2383,0.74
800.2584,0.74
800.2784,0.74
800.2984,0.74
800.3184,0.74
800.3384,0.74
800.3585,0.74
800.3785,0.74
800.3985,0.74
800.4185,0.74
800.4385,0.74
800.4586,0.74
800.4786,0.74
800.4986,0.74
800.5186,0.74
800.5386,0.74
800.5587,0.74
800.5787,0.74
800.5987,0.74
800.6187,0.74
800.6387,0.74
800.6588,0.74
800.6788,0.74
800.6988,0.74
800.7188,0.74
800.7388,0.74
800.7589,0.74
800.7789,0.74
800.7989,0.74
800.8189,0.74
800.8389,0.74
800.8589,0.74
800.879,0.74
800.899,0.74
800.919,0.74
800.939,0.74
800.959,0.74
800.9791,0.74
800.9991,0.74
801.0191,0.74
801.0391,0.74
801.0591,0.74
801.0792,0.74
801.0992,0.74
801.1192,0.74
801.1392,0.74
801.1592,0.745
801.1793,0.745
801.1993,0.745
801.2193,0.745
801.2393,0.745
801.2593,0.745
801.2794,0.745
801.2994,0.745
801.3194,0.745
801.3394,0.745
801.3594,0.745
801.3795,0.745
801.3995,0.745
801.4195,0.745
801.4395,0.745
801.4595,0.745
801.4796,0.745
801.4996,0.745
801.5196,0.745
801.5396,0.745
801.5596,0.745
801.5797,0.745
801.5997,0.745
801.6197,0.745
801.6397,0.745
801.6597,0.745
801.6797,0.745
801.6998,0.745
801.7198,0.745
801.7398,0.745
801.7598,0.745
801.7798,0.745
801.7999,0.745
801.8199,0.745
801.8399,0.745
801.8599,0.745
801.8799,0.745
801.9,0.745
801.92,0.745
801.94,0.745
801.96,0.745
801.98,0.745
802.0001,0.745
802.0201,0.745
802.0401,0.745
802.0601,0.745
802.0801,0.745
802.1002,0.745
802.1202,0.745
802.1402,0.745
802.1602,0.745
802.1802,0.745
802.2003,0.745
802.2203,0.745
802.2403,0.745
802.2603,0.745
802.2803,0.745
802.3004,0.745
802.3204,0.745
802.3404,0.745
802.3604,0.745
802.3804,0.745
802.4005,0.745
802.4205,0.745
802.4405,0.745
802.4605,0.745
802.4805,0.745
802.5005,0.745
802.5206,0.745
802.5406,0.745
802.5606,0.745
802.5806,0.745
802.6006,0.745
802.6207,0.745
802.6407,0.745
802.6607,0.745
802.6807,0.745
802.7007,0.745
802.7208,0.745
802.7408,0.745
802.7608,0.745
802.7808,0.745
802.8008,0.745
802.8209,0.745
802.8409,0.745
802.8609,0.745
802.8809,0.745
802.9009,0.745
802.921,0.745
802.941,0.745
802.961,0.745
802.981,0.745
803.001,0.745
803.0211,0.745
803.0411,0.745
803.0611,0.745
803.0811,0.745
803.1011,0.745
803.1212,0.745
803.1412,0.745
803.1612,0.745
803.1812,0.745
803.2012,0.745
803.2213,0.745
803.2413,0.745
803.2613,0.745
803.2813,0.745
803.3013,0.745
803.3214,0.745
803.3414,0.745
803.3614,0.745
803.3814,0.745
803.4014,0.745
803.4214,0.745
803.4415,0.745
803.4615,0.745
803.4815,0.745
803.5015,0.745
803.5215,0.745
803.5416,0.745
803.5616,0.745
803.5816,0.745
803.6016,0.745
803.6216,0.745
803.6417,0.745
803.6617,0.745
803.6817,0.745
803.7017,0.745
803.7217,0.745
803.7418,0.745
803.7618,0.745
803.7818,0.745
803.8018,0.745
803.8218,0.745
803.8419,0.745
803.8619,0.745
803.8819,0.745
803.9019,0.745
803.9219,0.745
803.942,0.745
803.962,0.745
803.982,0.745
804.002,0.745
804.022,0.745
804.0421,0.745
804.0621,0.745
804.0821,0.745
804.1021,0.745
804.1221,0.745
804.1422,0.745
804.1622,0.75
804.1822,0.75
804.2022,0.75
804.2222,0.75
804.2422,0.75
804.2623,0.75
804.2823,0.75
804.3023,0.75
804.3223,0.75
804.3423,0.75
804.3624,0.75
804.3824,0.75
804.4024,0.75
804.4224,0.75
804.4424,0.75
804.4625,0.75
804.4825,0.75
804.5025,0.75
804.5225,0.75
804.5425,0.75
804.5626,0.75
804.5826,0.75
804.6026,0.75
804.6226,0.75
804.6426,0.75
804.6627,0.75
804.6827,0.75
804.7027,0.75
804.7227,0.75
804.7427,0.75
804.7628,0.75
804.7828,0.75
804.8028,0.75
804.8228,0.75
804.8428,0.75
804.8629,0.75
804.8829,0.75
804.9029,0.75
804.9229,0.75
804.9429,0.75
804.963,0.75
804.983,0.75
805.003,0.75
805.023,0.75
805.043,0.75
805.063,0.75
805.0831,0.75
805.1031,0.75
805.1231,0.75
805.1431,0.75
805.1631,0.75
805.1832,0.75
805.2032,0.75
805.2232,0.75
805.2432,0.75
805.2632,0.75
805.2833,0.75
805.3033,0.75
805.3233,0.75
805.3433,0.75
805.3633,0.75
805.3834,0.75
805.4034,0.75
805.4234,0.75
805.4434,0.75
805.4634,0.75
805.4835,0.75
805.5035,0.75
805.5235,0.75
805.5435,0.75
805.5635,0.75
805.5836,0.75
805.6036,0.75
805.6236,0.75
805.6436,0.75
805.6636,0.75
805.6837,0.75
805.7037,0.75
805.7237,0.75
805.7437,0.75
805.7637,0.75
805.7838,0.75
805.8038,0.75
805.8238,0.75
805.8438,0.75
805.8638,0.75
805.8839,0.75
805.9039,0.75
805.9239,0.75
805.9439,0.75
805.9639,0.75
805.9839,0.75
806.004,0.75
806.024,0.75
806.044,0.75
806.064,0.75
806.084,0.75
806.1041,0.75
806.1241,0.75
806.1441,0.75
806.1641,0.75
806.1841,0.75
806.2042,0.75
806.2242,0.75
806.2442,0.75
806.2642,0.75
806.2842,0.75
806.3043,0.75
806.3243,0.75
806.3443,0.75
806.3643,0.75
806.3843,0.75
806.4044,0.75
806.4244,0.75
806.4444,0.75
806.4644,0.75
806.4844,0.75
806.5045,0.75
806.5245,0.75
806.5445,0.75
806.5645,0.75
806.5845,0.75
806.6046,0.75
806.6246,0.75
806.6446,0.75
806.6646,0.75
806.6846,0.75
806.7047,0.75
806.7247,0.75
806.7447,0.75
806.7647,0.75
806.7847,0.75
806.8047,0.75
806.8248,0.75
806.8448,0.75
806.8648,0.75
806.8848,0.75
806.9048,0.75
806.9249,0.75
806.9449,0.75
806.9649,0.75
806.9849,0.75
807.0049,0.75
807.025,0.75
807.045,0.75
807.065,0.75
807.085,0.75
807.105,0.75
807.1251,0.75
807.1451,0.75
807.1651,0.75
807.1851,0.75
807.2051,0.75
807.2252,0.75
807.2452,0.75
807.2652,0.75
807.2852,0.75
807.3052,0.75
807.3253,0.75
807.3453,0.75
807.3653,0.75
807.3853,0.75
807.4053,0.75
807.4254,0.75
807.4454,0.75
807.4654,0.75
807.4854,0.75
807.5054,0.75
807.5255,0.75
807.5455,0.75
807.5655,0.75
807.5855,0.75
807.6055,0.75
807.6255,0.75
807.6456,0.75
807.6656,0.75
807.6856,0.75
807.7056,0.75
807.7256,0.75
807.7457,0.75
807.7657,0.75
807.7857,0.75
807.8057,0.75
807.8257,0.75
807.8458,0.75
807.8658,0.75
807.8858,0.75
807.9058,0.75
807.9258,0.75
807.9459,0.75
807.9659,0.75
807.9859,0.75
808.0059,0.75
808.0259,0.75
808.046,0.75
808.066,0.75
808.086,0.75
808.106,0.75
808.126,0.75
808.1461,0.75
808.1661,0.75
808.1861,0.75
808.2061,0.75
808.2261,0.75
808.2462,0.75
808.2662,0.75
808.2862,0.75
808.3062,0.75
808.3262,0.75
808.3463,0.75
808.3663,0.75
808.3863,0.75
808.4063,0.75
808.4263,0.75
808.4464,0.75
808.4664,0.75
808.4864,0.75
808.5064,0.75
808.5264,0.75
808.5464,0.75
808.5665,0.75
808.5865,0.75
808.6065,0.75
808.6265,0.75
808.6465,0.75
808.6666,0.75
808.6866,0.75
808.7066,0.75
808.7266,0.75
808.7466,0.75
808.7667,0.75
808.7867,0.75
808.8067,0.75
808.8267,0.75
808.8467,0.75
808.8668,0.75
808.8868,0.75
808.9068,0.75
808.9268,0.75
808.9468,0.75
808.9669,0.75
808.9869,0.75
809.0069,0.75
809.0269,0.75
809.0469,0.75
809.067,0.75
809.087,0.75
809.107,0.75
809.127,0.75
809.147,0.75
809.1671,0.75
809.1871,0.75
809.2071,0.75
809.2271,0.75
809.2471,0.75
809.2672,0.75
809.2872,0.75
809.3072,0.75
809.3272,0.75
809.3472,0.75
809.3672,0.75
809.3873,0.75
809.4073,0.75
809.4273,0.75
809.4473,0.75
809.4673,0.75
809.4874,0.75
809.5074,0.75
809.5274,0.75
809.5474,0.75
809.5674,0.75
809.5875,0.75
809.6075,0.75
809.6275,0.75
809.6475,0.75
809.6675,0.75
809.6876,0.75
809.7076,0.75
809.7276,0.75
809.7476,0.75
809.7676,0.75
809.7877,0.75
809.8077,0.75
809.8277,0.75
809.8477,0.75
809.8677,0.75
809.8878,0.75
809.9078,0.75
809.9278,0.75
809.9478,0.75
809.9678,0.75
809.9879,0.75
810.0079,0.75
810.0279,0.75
810.0479,0.75
810.0679,0.75
810.088,0.75
810.108,0.75
810.128,0.75
810.148,0.75
810.168,0.75
810.188,0.75
810.2081,0.75
810.2281,0.75
810.2481,0.75
810.2681,0.75
810.2881,0.75
810.3082,0.75
810.3282,0.75
810.3482,0.75
810.3682,0.75
810.3882,0.75
810.4083,0.75
810.4283,0.75
810.4483,0.75
810.4683,0.75
810.4883,0.75
810.5084,0.75
810.5284,0.75
810.5484,0.75
810.5684,0.75
810.5884,0.75
810.6085,0.75
810.6285,0.75
810.6485,0.75
810.6685,0.75
810.6885,0.75
810.7086,0.75
810.7286,0.75
810.7486,0.75
810.7686,0.75
810.7886,0.75
810.8087,0.75
810.8287,0.75
810.8487,0.75
810.8687,0.75
810.8887,0.75
810.9088,0.75
810.9288,0.75
810.9488,0.75
810.9688,0.75
810.9888,0.75
811.0089,0.75
811.0289,0.75
811.0489,0.75
811.0689,0.75
811.0889,0.75
811.1089,0.75
811.129,0.75
811.149,0.75
811.169,0.75
811.189,0.75
811.209,0.75
811.2291,0.75
811.2491,0.75
811.2691,0.75
811.2891,0.75
811.3091,0.75
811.3292,0.75
811.3492,0.75
811.3692,0.75
811.3892,0.75
811.4092,0.75
811.4293,0.75
811.4493,0.75
811.4693,0.75
811.4893,0.75
811.5093,0.75
811.5294,0.75
811.5494,0.75
811.5694,0.75
811.5894,0.75
811.6094,0.75
811.6295,0.75
811.6495,0.75
811.6695,0.75
811.6895,0.75
811.7095,0.75
811.7296,0.75
811.7496,0.75
811.7696,0.75
811.7896,0.75
811.8096,0.75
811.8297,0.75
811.8497,0.75
811.8697,0.75
811.8897,0.75
811.9097,0.75
811.9297,0.75
811.9498,0.75
811.9698,0.75
811.9898,0.75
812.0098,0.75
812.0298,0.75
812.0499,0.75
812.0699,0.75
812.0899,0.75
812.1099,0.75
812.1299,0.75
812.15,0.75
812.17,0.75
812.19,0.75
812.21,0.75
812.23,0.75
812.2501,0.75
812.2701,0.75
812.2901,0.75
812.3101,0.75
812.3301,0.75
812.3502,0.75
812.3702,0.75
812.3902,0.75
812.4102,0.75
812.4302,0.75
812.4503,0.75
812.4703,0.75
812.4903,0.75
812.5103,0.75
812.5303,0.75
812.5504,0.75
812.5704,0.75
812.5904,0.75
812.6104,0.75
812.6304,0.75
812.6505,0.75
812.6705,0.75
812.6905,0.75
812.7105,0.75
812.7305,0.75
812.7505,0.75
812.7706,0.75
812.7906,0.75
812.8106,0.75
812.8306,0.75
812.8506,0.75
812.8707,0.75
812.8907,0.75
812.9107,0.75
812.9307,0.75
812.9507,0.75
812.9708,0.75
812.9908,0.75
813.0108,0.75
813.0308,0.75
813.0508,0.75
813.0709,0.75
813.0909,0.75
813.1109,0.75
813.1309,0.75
813.1509,0.75
813.171,0.75
813.191,0.75
813.211,0.75
813.231,0.75
813.251,0.75
813.2711,0.75
813.2911,0.75
813.3111,0.75
813.3311,0.75
813.3511,0.75
813.3712,0.75
813.3912,0.75
813.4112,0.75
813.4312,0.75
813.4512,0.75
813.4713,0.75
813.4913,0.75
813.5113,0.75
813.5313,0.75
813.5513,0.75
813.5714,0.75
813.5914,0.75
813.6114,0.75
813.6314,0.75
813.6514,0.75
813.6714,0.75
813.6915,0.75
813.7115,0.75
813.7315,0.75
813.7515,0.75
813.7715,0.75
813.7916,0.75
813.8116,0.75
813.8316,0.75
813.8516,0.75
813.8716,0.75
813.8917,0.75
813.9117,0.75
813.9317,0.75
813.9517,0.75
813.9717,0.75
813.9918,0.75
814.0118,0.75
814.0318,0.75
814.0518,0.75
814.0718,0.75
814.0919,0.75
814.1119,0.75
814.1319,0.75
814.1519,0.75
814.1719,0.75
814.192,0.75
814.212,0.75
814.232,0.75
814.252,0.75
814.272,0.75
814.2921,0.75
814.3121,0.75
814.3321,0.75
814.3521,0.75
814.3721,0.75
814.3922,0.75
814.4122,0.75
814.4322,0.75
814.4522,0.75
814.4722,0.75
814.4922,0.75
814.5123,0.75
814.5323,0.75
814.5523,0.75
814.5723,0.75
814.5923,0.75
814.6124,0.75
814.6324,0.75
814.6524,0.75
814.6724,0.75
814.6924,0.75
814.7125,0.75
814.7325,0.75
814.7525,0.75
814.7725,0.75
814.7925,0.75
814.8126,0.75
814.8326,0.75
814.8526,0.75
814.8726,0.75
814.8926,0.75
814.9127,0.75
814.9327,0.75
814.9527,0.75
814.9727,0.75
814.9927,0.75
815.0128,0.75
815.0328,0.75
815.0528,0.75
815.0728,0.75
815.0928,0.75
815.1129,0.75
815.1329,0.75
815.1529,0.75
815.1729,0.75
815.1929,0.75
815.213,0.75
815.233,0.75
815.253,0.75
815.273,0.75
815.293,0.75
815.313,0.75
815.3331,0.75
815.3531,0.75
815.3731,0.75
815.3931,0.75
815.4131,0.75
815.4332,0.75
815.4532,0.75
815.4732,0.75
815.4932,0.75
815.5132,0.75
815.5333,0.75
815.5533,0.75
815.5733,0.75
815.5933,0.75
815.6133,0.75
815.6334,0.75
815.6534,0.75
815.6734,0.75
815.6934,0.75
815.7134,0.75
815.7335,0.75
815.7535,0.75
815.7735,0.75
815.7935,0.75
815.8135,0.75
815.8336,0.75
815.8536,0.75
815.8736,0.75
815.8936,0.75
815.9136,0.75
815.9337,0.75
815.9537,0.75
815.9737,0.75
815.9937,0.75
816.0137,0.75
816.0338,0.75
816.0538,0.75
816.0738,0.75
816.0938,0.75
816.1138,0.75
816.1339,0.75
816.1539,0.75
816.1739,0.75
816.1939,0.75
816.2139,0.75
816.2339,0.75
816.254,0.75
816.274,0.75
816.294,0.75
816.314,0.75
816.334,0.75
816.3541,0.75
816.3741,0.75
816.3941,0.75
816.4141,0.75
816.4341,0.75
816.4542,0.75
816.4742,0.75
816.4942,0.75
816.5142,0.75
816.5342,0.75
816.5543,0.75
816.5743,0.75
816.5943,0.75
816.6143,0.75
816.6343,0.75
816.6544,0.75
816.6744,0.75
816.6944,0.75
816.7144,0.75
816.7344,0.75
816.7545,0.75
816.7745,0.75
816.7945,0.75
816.8145,0.75
816.8345,0.75
816.8546,0.75
816.8746,0.75
816.8946,0.75
816.9146,0.75
816.9346,0.75
816.9547,0.75
816.9747,0.75
816.9947,0.75
817.0147,0.75
817.0347,0.75
817.0547,0.75
817.0748,0.75
817.0948,0.75
817.1148,0.75
817.1348,0.75
817.1548,0.75
817.1749,0.75
817.1949,0.75
817.2149,0.75
817.2349,0.75
817.2549,0.75
817.275,0.75
817.295,0.75
817.315,0.75
817.335,0.75
817.355,0.75
817.3751,0.75
817.3951,0.75
817.4151,0.75
817.4351,0.75
817.4551,0.75
817.4752,0.75
817.4952,0.75
817.5152,0.75
817.5352,0.75
817.5552,0.75
817.5753,0.75
817.5953,0.75
817.6153,0.75
817.6353,0.75
817.6553,0.75
817.6754,0.75
817.6954,0.75
817.7154,0.75
817.7354,0.75
817.7554,0.75
817.7755,0.75
817.7955,0.75
817.8155,0.75
817.8355,0.75
817.8555,0.75
817.8755,0.75
817.8956,0.75
817.9156,0.75
817.9356,0.75
817.9556,0.75
817.9756,0.75
817.9957,0.75
818.0157,0.75
818.0357,0.75
818.0557,0.75
818.0757,0.75
818.0958,0.75
818.1158,0.75
818.1358,0.75
818.1558,0.75
818.1758,0.75
818.1959,0.75
818.2159,0.75
818.2359,0.75
818.2559,0.75
818.2759,0.75
818.296,0.75
818.316,0.75
818.336,0.75
818.356,0.75
818.376,0.75
818.3961,0.75
818.4161,0.75
818.4361,0.75
818.4561,0.75
818.4761,0.75
818.4962,0.75
818.5162,0.75
818.5362,0.75
818.5562,0.75
818.5762,0.75
818.5963,0.75
818.6163,0.75
818.6363,0.75
818.6563,0.75
818.6763,0.75
818.6964,0.75
818.7164,0.75
818.7364,0.75
818.7564,0.75
818.7764,0.75
818.7964,0.75
818.8165,0.75
818.8365,0.75
818.8565,0.75
818.8765,0.75
818.8965,0.75
818.9166,0.75
818.9366,0.75
818.9566,0.75
818.9766,0.75
818.9966,0.75
819.0167,0.75
819.0367,0.75
819.0567,0.75
819.0767,0.75
819.0967,0.75
819.1168,0.75
819.1368,0.75
819.1568,0.75
819.1768,0.75
819.1968,0.75
819.2169,0.75
819.2369,0.75
819.2569,0.75
819.2769,0.75
819.2969,0.75
819.317,0.75
819.337,0.75
819.357,0.75
819.377,0.75
819.397,0.75
819.4171,0.75
819.4371,0.75
819.4571,0.75
819.4771,0.75
819.4971,0.75
819.5172,0.75
819.5372,0.75
819.5572,0.75
819.5772,0.75
819.5972,0.75
819.6172,0.75
819.6373,0.75
819.6573,0.75
819.6773,0.75
819.6973,0.75
819.7173,0.75
819.7374,0.75
819.7574,0.75
819.7774,0.75
819.7974,0.75
819.8174,0.75
819.8375,0.75
819.8575,0.75
819.8775,0.75
819.8975,0.75
819.9175,0.75
819.9376,0.75
819.9576,0.75
819.9776,0.75
819.9976,0.75
820.0176,0.75
820.0377,0.75
820.0577,0.75
820.0777,0.75
820.0977,0.75
820.1177,0.75
820.1378,0.75
820.1578,0.75
820.1778,0.75
820.1978,0.75
820.2178,0.75
820.2379,0.75
820.2579,0.75
820.2779,0.75
820.2979,0.75
820.3179,0.75
820.338,0.75
820.358,0.75
820.378,0.75
820.398,0.75
820.418,0.75
820.438,0.75
820.4581,0.75
820.4781,0.75
820.4981,0.75
820.5181,0.75
820.5381,0.75
820.5582,0.75
820.5782,0.75
820.5982,0.75
820.6182,0.75
820.6382,0.75
820.6583,0.75
820.6783,0.75
820.6983,0.75
820.7183,0.75
820.7383,0.75
820.7584,0.75
820.7784,0.75
820.7984,0.75
820.8184,0.75
820.8384,0.75
820.8585,0.75
820.8785,0.75
820.8985,0.75
820.9185,0.75
820.9385,0.75
820.9586,0.75
820.9786,0.75
820.9986,0.75
821.0186,0.75
821.0386,0.75
821.0587,0.75
821.0787,0.75
821.0987,0.75
821.1187,0.75
821.1387,0.75
821.1588,0.75
821.1788,0.75
821.1988,0.75
821.2188,0.75
821.2388,0.75
821.2589,0.75
821.2789,0.75
821.2989,0.75
821.3189,0.75
821.3389,0.75
821.3589,0.75
821.379,0.75
821.399,0.75
821.419,0.75
821.439,0.75
821.459,0.75
821.4791,0.75
821.4991,0.75
821.5191,0.75
821.5391,0.75
821.5591,0.75
821.5792,0.75
821.5992,0.75
821.6192,0.75
821.6392,0.75
821.6592,0.75
821.6793,0.75
821.6993,0.75
821.7193,0.75
821.7393,0.75
821.7593,0.75
821.7794,0.75
821.7994,0.75
821.8194,0.75
821.8394,0.75
821.8594,0.75
821.8795,0.75
821.8995,0.75
821.9195,0.75
821.9395,0.75
821.9595,0.75
821.9796,0.75
821.9996,0.75
822.0196,0.75
822.0396,0.75
822.0596,0.75
822.0797,0.75
822.0997,0.75
822.1197,0.75
822.1397,0.75
822.1597,0.75
822.1797,0.75
822.1998,0.75
822.2198,0.75
822.2398,0.75
822.2598,0.75
822.2798,0.75
822.2999,0.75
822.3199,0.75
822.3399,0.75
822.3599,0.75
822.3799,0.75
822.4,0.75
822.42,0.75
822.44,0.75
822.46,0.75
822.48,0.75
822.5001,0.75
822.5201,0.75
822.5401,0.75
822.5601,0.75
822.5801,0.75
822.6002,0.75
822.6202,0.75
822.6402,0.75
822.6602,0.75
822.6802,0.75
822.7003,0.75
822.7203,0.75
822.7403,0.75
822.7603,0.75
822.7803,0.75
822.8004,0.75
822.8204,0.75
822.8404,0.75
822.8604,0.75
822.8804,0.75
822.9005,0.75
822.9205,0.75
822.9405,0.75
822.9605,0.75
822.9805,0.75
823.0005,0.75
823.0206,0.75
823.0406,0.75
823.0606,0.75
823.0806,0.75
823.1006,0.75
823.1207,0.75
823.1407,0.75
823.1607,0.75
823.1807,0.75
823.2007,0.75
823.2208,0.75
823.2408,0.75
823.2608,0.75
823.2808,0.75
823.3008,0.75
823.3209,0.75
823.3409,0.75
823.3609,0.75
823.3809,0.75
823.4009,0.75
823.421,0.75
823.441,0.75
823.461,0.75
823.481,0.75
823.501,0.75
823.5211,0.75
823.5411,0.75
823.5611,0.75
823.5811,0.75
823.6011,0.75
823.6212,0.75
823.6412,0.75
823.6612,0.75
823.6812,0.75
823.7012,0.75
823.7213,0.75
823.7413,0.75
823.7613,0.75
823.7813,0.75
823.8013,0.75
823.8214,0.75
823.8414,0.75
823.8614,0.75
823.8814,0.75
823.9014,0.75
823.9214,0.75
823.9415,0.75
823.9615,0.75
823.9815,0.75
824.0015,0.75
824.0215,0.75
824.0416,0.75
824.0616,0.75
824.0816,0.75
824.1016,0.75
824.1216,0.75
824.1417,0.75
824.1617,0.75
824.1817,0.75
824.2017,0.75
824.2217,0.75
824.2418,0.75
824.2618,0.75
824.2818,0.75
824.3018,0.75
824.3218,0.75
824.3419,0.75
824.3619,0.75
824.3819,0.75
824.4019,0.75
824.4219,0.75
824.442,0.75
824.462,0.75
824.482,0.75
824.502,0.75
824.522,0.75
824.5421,0.75
824.5621,0.75
824.5821,0.75
824.6021,0.75
824.6221,0.75
824.6422,0.75
824.6622,0.75
824.6822,0.75
824.7022,0.75
824.7222,0.75
824.7422,0.75
824.7623,0.75
824.7823,0.75
824.8023,0.75
824.8223,0.75
824.8423,0.75
824.8624,0.75
824.8824,0.75
824.9024,0.75
824.9224,0.75
824.9424,0.75
824.9625,0.75
824.9825,0.75
825.0025,0.75
825.0225,0.75
825.0425,0.75
825.0626,0.75
825.0826,0.75
825.1026,0.75
825.1226,0.75
825.1426,0.75
825.1627,0.75
825.1827,0.75
825.2027,0.75
825.2227,0.75
825.2427,0.75
825.2628,0.75
825.2828,0.75
825.3028,0.75
825.3228,0.75
825.3428,0.75
825.3629,0.75
825.3829,0.75
825.4029,0.75
825.4229,0.75
825.4429,0.75
825.463,0.75
825.483,0.75
825.503,0.75
825.523,0.75
825.543,0.75
825.563,0.75
825.5831,0.75
825.6031,0.75
825.6231,0.75
825.6431,0.75
825.6631,0.75
825.6832,0.75
825.7032,0.75
825.7232,0.75
825.7432,0.75
825.7632,0.75
825.7833,0.75
825.8033,0.75
825.8233,0.75
825.8433,0.75
825.8633,0.75
825.8834,0.75
825.9034,0.75
825.9234,0.75
825.9434,0.75
825.9634,0.75
825.9835,0.75
826.0035,0.75
826.0235,0.75
826.0435,0.75
826.0635,0.75
826.0836,0.75
826.1036,0.75
826.1236,0.75
826.1436,0.75
826.1636,0.75
826.1837,0.75
826.2037,0.75
826.2237,0.75
826.2437,0.75
826.2637,0.75
826.2838,0.75
826.3038,0.75
826.3238,0.75
826.3438,0.75
826.3638,0.75
826.3839,0.75
826.4039,0.75
826.4239,0.75
826.4439,0.75
826.4639,0.75
826.4839,0.75
826.504,0.75
826.524,0.75
826.544,0.75
826.564,0.75
826.584,0.75
826.6041,0.75
826.6241,0.75
826.6441,0.75
826.6641,0.75
826.6841,0.75
826.7042,0.75
826.7242,0.75
826.7442,0.75
826.7642,0.75
826.7842,0.75
826.8043,0.75
826.8243,0.75
826.8443,0.75
826.8643,0.75
826.8843,0.75
826.9044,0.75
826.9244,0.75
826.9444,0.75
826.9644,0.75
826.9844,0.75
827.0045,0.75
827.0245,0.75
827.0445,0.75
827.0645,0.75
827.0845,0.75
827.1046,0.75
827.1246,0.75
827.1446,0.75
827.1646,0.75
827.1846,0.75
827.2047,0.75
827.2247,0.75
827.2447,0.75
827.2647,0.75
827.2847,0.75
827.3047,0.75
827.3248,0.75
827.3448,0.75
827.3648,0.75
827.3848,0.75
827.4048,0.75
827.4249,0.75
827.4449,0.75
827.4649,0.75
827.4849,0.75
827.5049,0.75
827.525,0.75
827.545,0.75
827.565,0.75
827.585,0.75
827.605,0.75
827.6251,0.75
827.6451,0.75
827.6651,0.75
827.6851,0.75
827.7051,0.75
827.7252,0.75
827.7452,0.75
827.7652,0.75
827.7852,0.75
827.8052,0.75
827.8253,0.75
827.8453,0.75
827.8653,0.75
827.8853,0.75
827.9053,0.75
827.9254,0.75
827.9454,0.75
827.9654,0.75
827.9854,0.75
828.0054,0.75
828.0255,0.75
828.0455,0.75
828.0655,0.75
828.0855,0.75
828.1055,0.75
828.1255,0.75
828.1456,0.75
828.1656,0.75
828.1856,0.75
828.2056,0.75
828.2256,0.75
828.2457,0.75
828.2657,0.75
828.2857,0.75
828.3057,0.75
828.3257,0.75
828.3458,0.75
828.3658,0.75
828.3858,0.75
828.4058,0.75
828.4258,0.75
828.4459,0.75
828.4659,0.75
828.4859,0.75
828.5059,0.75
828.5259,0.75
828.546,0.75
828.566,0.75
828.586,0.75
828.606,0.75
828.626,0.75
828.6461,0.75
828.6661,0.75
828.6861,0.75
828.7061,0.75
828.7261,0.75
828.7462,0.75
828.7662,0.75
828.7862,0.75
828.8062,0.75
828.8262,0.75
828.8463,0.75
828.8663,0.75
828.8863,0.75
828.9063,0.75
828.9263,0.75
828.9464,0.75
828.9664,0.75
828.9864,0.75
829.0064,0.75
829.0264,0.75
829.0464,0.75
829.0665,0.75
829.0865,0.75
829.1065,0.75
829.1265,0.75
829.1465,0.75
829.1666,0.75
829.1866,0.75
829.2066,0.75
829.2266,0.75
829.2466,0.75
829.2667,0.75
829.2867,0.75
829.3067,0.75
829.3267,0.75
829.3467,0.75
829.3668,0.75
829.3868,0.75
829.4068,0.75
829.4268,0.75
829.4468,0.75
829.4669,0.75
829.4869,0.75
829.5069,0.75
829.5269,0.75
829.5469,0.75
829.567,0.75
829.587,0.75
829.607,0.75
829.627,0.75
829.647,0.75
829.6671,0.75
829.6871,0.75
829.7071,0.75
829.7271,0.75
829.7471,0.75
829.7672,0.75
829.7872,0.75
829.8072,0.75
829.8272,0.75
829.8472,0.75
829.8672,0.75
829.8873,0.75
829.9073,0.75
829.9273,0.75
829.9473,0.75
829.9673,0.75
829.9874,0.75
830.0074,0.75
830.0274,0.75
830.0474,0.75
830.0674,0.75
830.0875,0.75
830.1075,0.75
830.1275,0.75
830.1475,0.75
830.1675,0.75
830.1876,0.75
830.2076,0.75
830.2276,0.75
830.2476,0.75
830.2676,0.75
830.2877,0.75
830.3077,0.75
830.3277,0.75
830.3477,0.75
830.3677,0.75
830.3878,0.75
830.4078,0.75
830.4278,0.75
830.4478,0.75
830.4678,0.75
830.4879,0.75
830.5079,0.75
830.5279,0.75
830.5479,0.75
830.5679,0.75
830.588,0.75
830.608,0.75
830.628,0.75
830.648,0.75
830.668,0.75
830.688,0.75
830.7081,0.75
830.7281,0.75
830.7481,0.75
830.7681,0.75
830.7881,0.75
830.8082,0.75
830.8282,0.75
830.8482,0.75
830.8682,0.75
830.8882,0.75
830.9083,0.75
830.9283,0.75
830.9483,0.75
830.9683,0.75
830.9883,0.75
831.0084,0.75
831.0284,0.75
831.0484,0.75
831.0684,0.75
831.0884,0.75
831.1085,0.75
831.1285,0.75
831.1485,0.75
831.1685,0.75
831.1885,0.75
831.2086,0.75
831.2286,0.75
831.2486,0.75
831.2686,0.75
831.2886,0.75
831.3087,0.75
831.3287,0.75
831.3487,0.75
831.3687,0.75
831.3887,0.75
831.4088,0.75
831.4288,0.75
831.4488,0.75
831.4688,0.75
831.4888,0.75
831.5089,0.75
831.5289,0.75
831.5489,0.75
831.5689,0.75
831.5889,0.75
831.6089,0.75
831.629,0.75
831.649,0.75
831.669,0.75
831.689,0.75
831.709,0.75
831.7291,0.75
831.7491,0.75
831.7691,0.75
831.7891,0.75
831.8091,0.75
831.8292,0.75
831.8492,0.75
831.8692,0.75
831.8892,0.75
831.9092,0.75
831.9293,0.75
831.9493,0.75
831.9693,0.75
831.9893,0.75
832.0093,0.75
832.0294,0.75
832.0494,0.75
832.0694,0.75
832.0894,0.75
832.1094,0.75
832.1295,0.75
832.1495,0.75
832.1695,0.75
832.1895,0.75
832.2095,0.75
832.2296,0.75
832.2496,0.75
832.2696,0.75
832.2896,0.75
832.3096,0.75
832.3297,0.75
832.3497,0.75
832.3697,0.75
832.3897,0.75
832.4097,0.75
832.4297,0.75
832.4498,0.75
832.4698,0.75
832.4898,0.75
832.5098,0.75
832.5298,0.75
832.5499,0.75
832.5699,0.75
832.5899,0.75
832.6099,0.75
832.6299,0.75
832.65,0.75
832.67,0.75
832.69,0.75
832.71,0.75
832.73,0.75
832.7501,0.75
832.7701,0.75
832.7901,0.75
832.8101,0.75
832.8301,0.75
832.8502,0.75
832.8702,0.75
832.8902,0.75
832.9102,0.75
832.9302,0.75
832.9503,0.75
832.9703,0.75
832.9903,0.75
833.0103,0.75
833.0303,0.75
833.0504,0.75
833.0704,0.75
833.0904,0.75
833.1104,0.75
833.1304,0.75
833.1505,0.75
833.1705,0.75
833.1905,0.75
833.2105,0.75
833.2305,0.75
833.2505,0.75
833.2706,0.75
833.2906,0.75
833.3106,0.75
833.3306,0.75
833.3506,0.75
833.3707,0.75
833.3907,0.75
833.4107,0.75
833.4307,0.75
833.4507,0.75
833.4708,0.75
833.4908,0.75
833.5108,0.75
833.5308,0.75
833.5508,0.75
833.5709,0.75
833.5909,0.75
833.6109,0.75
833.6309,0.75
833.6509,0.75
833.671,0.75
833.691,0.75
833.711,0.75
833.731,0.75
833.751,0.75
833.7711,0.75
833.7911,0.75
833.8111,0.75
833.8311,0.75
833.8511,0.75
833.8712,0.75
833.8912,0.75
833.9112,0.75
833.9312,0.75
833.9512,0.75
833.9713,0.75
833.9913,0.75
834.0113,0.75
834.0313,0.75
834.0513,0.75
834.0714,0.75
834.0914,0.75
834.1114,0.75
834.1314,0.75
834.1514,0.75
834.1714,0.75
834.1915,0.75
834.2115,0.75
834.2315,0.75
834.2515,0.75
834.2715,0.75
834.2916,0.75
834.3116,0.75
834.3316,0.75
834.3516,0.75
834.3716,0.75
834.3917,0.75
834.4117,0.75
834.4317,0.75
834.4517,0.75
834.4717,0.75
834.4918,0.75
834.5118,0.75
834.5318,0.75
834.5518,0.75
834.5718,0.75
834.5919,0.75
834.6119,0.75
834.6319,0.75
834.6519,0.75
834.6719,0.75
834.692,0.75
834.712,0.75
834.732,0.75
834.752,0.75
834.772,0.75
834.7921,0.75
834.8121,0.75
834.8321,0.75
834.8521,0.75
834.8721,0.75
834.8922,0.75
834.9122,0.75
834.9322,0.75
834.9522,0.75
834.9722,0.75
834.9922,0.75
835.0123,0.75
835.0323,0.75
835.0523,0.75
835.0723,0.75
835.0923,0.75
835.1124,0.75
835.1324,0.75
835.1524,0.75
835.1724,0.75
835.1924,0.75
835.2125,0.75
835.2325,0.75
835.2525,0.75
835.2725,0.75
835.2925,0.75
835.3126,0.75
835.3326,0.75
835.3526,0.75
835.3726,0.75
835.3926,0.75
835.4127,0.75
835.4327,0.75
835.4527,0.75
835.4727,0.75
835.4927,0.75
835.5128,0.75
835.5328,0.75
835.5528,0.75
835.5728,0.75
835.5928,0.75
835.6129,0.75
835.6329,0.75
835.6529,0.75
835.6729,0.75
835.6929,0.75
835.713,0.75
835.733,0.75
835.753,0.75
835.773,0.75
835.793,0.75
835.813,0.75
835.8331,0.75
835.8531,0.75
835.8731,0.75
835.8931,0.75
835.9131,0.75
835.9332,0.75
835.9532,0.75
835.9732,0.75
835.9932,0.75
836.0132,0.75
836.0333,0.75
836.0533,0.75
836.0733,0.75
836.0933,0.75
836.1133,0.75
836.1334,0.75
836.1534,0.75
836.1734,0.75
836.1934,0.75
836.2134,0.75
836.2335,0.75
836.2535,0.75
836.2735,0.75
836.2935,0.75
836.3135,0.75
836.3336,0.75
836.3536,0.75
836.3736,0.75
836.3936,0.75
836.4136,0.75
836.4337,0.75
836.4537,0.75
836.4737,0.75
836.4937,0.75
836.5137,0.75
836.5338,0.75
836.5538,0.75
836.5738,0.75
836.5938,0.75
836.6138,0.75
836.6339,0.75
836.6539,0.75
836.6739,0.75
836.6939,0.75
836.7139,0.75
836.7339,0.75
836.754,0.75
836.774,0.75
836.794,0.75
836.814,0.75
836.834,0.75
836.8541,0.75
836.8741,0.75
836.8941,0.75
836.9141,0.75
836.9341,0.75
836.9542,0.75
836.9742,0.75
836.9942,0.75
837.0142,0.75
837.0342,0.75
837.0543,0.75
837.0743,0.75
837.0943,0.75
837.1143,0.75
837.1343,0.75
837.1544,0.75
837.1744,0.75
837.1944,0.75
837.2144,0.75
837.2344,0.75
837.2545,0.75
837.2745,0.75
837.2945,0.75
837.3145,0.75
837.3345,0.75
837.3546,0.75
837.3746,0.75
837.3946,0.75
837.4146,0.75
837.4346,0.75
837.4547,0.75
837.4747,0.75
837.4947,0.75
837.5147,0.75
837.5347,0.75
837.5547,0.75
837.5748,0.75
837.5948,0.75
837.6148,0.75
837.6348,0.75
837.6548,0.75
837.6749,0.75
837.6949,0.75
837.7149,0.75
837.7349,0.75
837.7549,0.75
837.775,0.75
837.795,0.75
837.815,0.75
837.835,0.75
837.855,0.75
837.8751,0.75
837.8951,0.75
837.9151,0.75
837.9351,0.75
837.9551,0.75
837.9752,0.75
837.9952,0.75
838.0152,0.75
838.0352,0.75
838.0552,0.75
838.0753,0.75
838.0953,0.75
838.1153,0.75
838.1353,0.75
838.1553,0.75
838.1754,0.75
838.1954,0.75
838.2154,0.75
838.2354,0.75
838.2554,0.75
838.2755,0.75
838.2955,0.75
838.3155,0.75
838.3355,0.75
838.3555,0.75
838.3755,0.75
838.3956,0.75
838.4156,0.75
838.4356,0.75
838.4556,0.75
838.4756,0.75
838.4957,0.75
838.5157,0.75
838.5357,0.75
838.5557,0.75
838.5757,0.75
838.5958,0.75
838.6158,0.75
838.6358,0.75
838.6558,0.75
838.6758,0.75
838.6959,0.75
838.7159,0.75
838.7359,0.75
838.7559,0.75
838.7759,0.75
838.796,0.75
838.816,0.75
838.836,0.75
838.856,0.75
838.876,0.75
838.8961,0.75
838.9161,0.75
838.9361,0.75
838.9561,0.75
838.9761,0.75
838.9962,0.75
839.0162,0.75
839.0362,0.75
839.0562,0.75
839.0762,0.75
839.0963,0.75
839.1163,0.75
839.1363,0.75
839.1563,0.75
839.1763,0.75
839.1964,0.75
839.2164,0.75
839.2364,0.75
839.2564,0.75
839.2764,0.75
839.2964,0.75
839.3165,0.75
839.3365,0.75
839.3565,0.75
839.3765,0.75
839.3965,0.75
839.4166,0.75
839.4366,0.75
839.4566,0.75
839.4766,0.75
839.4966,0.75
839.5167,0.75
839.5367,0.75
839.5567,0.75
839.5767,0.75
839.5967,0.75
839.6168,0.75
839.6368,0.75
839.6568,0.75
839.6768,0.75
839.6968,0.75
839.7169,0.75
839.7369,0.75
839.7569,0.75
839.7769,0.75
839.7969,0.75
839.817,0.75
839.837,0.75
839.857,0.75
839.877,0.75
839.897,0.75
839.9171,0.75
839.9371,0.75
839.9571,0.75
839.9771,0.75
839.9971,0.75
840.0172,0.75
840.0372,0.75
840.0572,0.75
840.0772,0.75
840.0972,0.75
840.1172,0.75
840.1373,0.75
840.1573,0.75
840.1773,0.75
840.1973,0.75
840.2173,0.75
840.2374,0.75
840.2574,0.75
840.2774,0.75
840.2974,0.75
840.3174,0.75
840.3375,0.75
840.3575,0.75
840.3775,0.75
840.3975,0.75
840.4175,0.75
840.4376,0.75
840.4576,0.75
840.4776,0.75
840.4976,0.75
840.5176,0.75
840.5377,0.75
840.5577,0.75
840.5777,0.75
840.5977,0.75
840.6177,0.75
840.6378,0.75
840.6578,0.75
840.6778,0.75
840.6978,0.75
840.7178,0.75
840.7379,0.75
840.7579,0.75
840.7779,0.75
840.7979,0.75
840.8179,0.75
840.838,0.75
840.858,0.75
840.878,0.75
840.898,0.75
840.918,0.75
840.938,0.75
840.9581,0.75
840.9781,0.75
840.9981,0.75
841.0181,0.75
841.0381,0.75
841.0582,0.75
841.0782,0.75
841.0982,0.75
841.1182,0.75
841.1382,0.75
841.1583,0.75
841.1783,0.75
841.1983,0.75
841.2183,0.75
841.2383,0.75
841.2584,0.75
841.2784,0.75
841.2984,0.75
841.3184,0.75
841.3384,0.75
841.3585,0.75
841.3785,0.75
841.3985,0.75
841.4185,0.75
841.4385,0.75
841.4586,0.75
841.4786,0.75
841.4986,0.75
841.5186,0.75
841.5386,0.75
841.5587,0.75
841.5787,0.75
841.5987,0.75
841.6187,0.75
841.6387,0.75
841.6588,0.75
841.6788,0.75
841.6988,0.75
841.7188,0.75
841.7388,0.75
841.7589,0.75
841.7789,0.75
841.7989,0.75
841.8189,0.75
841.8389,0.75
841.8589,0.75
841.879,0.75
841.899,0.75
841.919,0.75
841.939,0.75
841.959,0.75
841.9791,0.75
841.9991,0.75
842.0191,0.75
842.0391,0.75
842.0591,0.75
842.0792,0.75
842.0992,0.75
842.1192,0.75
842.1392,0.75
842.1592,0.75
842.1793,0.75
842.1993,0.75
842.2193,0.75
842.2393,0.75
842.2593,0.75
842.2794,0.75
842.2994,0.75
842.3194,0.75
842.3394,0.75
842.3594,0.75
842.3795,0.75
842.3995,0.75
842.4195,0.75
842.4395,0.75
842.4595,0.75
842.4796,0.75
842.4996,0.75
842.5196,0.75
842.5396,0.75
842.5596,0.75
842.5797,0.75
842.5997,0.75
842.6197,0.75
842.6397,0.75
842.6597,0.75
842.6797,0.75
842.6998,0.75
842.7198,0.75
842.7398,0.75
842.7598,0.75
842.7798,0.75
842.7999,0.75
842.8199,0.75
842.8399,0.75
842.8599,0.75
842.8799,0.75
842.9,0.75
842.92,0.75
842.94,0.75
842.96,0.75
842.98,0.75
843.0001,0.75
843.0201,0.75
843.0401,0.75
843.0601,0.75
843.0801,0.75
843.1002,0.75
843.1202,0.75
843.1402,0.75
843.1602,0.75
843.1802,0.75
843.2003,0.75
843.2203,0.75
843.2403,0.75
843.2603,0.75
843.2803,0.75
843.3004,0.75
843.3204,0.75
843.3404,0.75
843.3604,0.75
843.3804,0.75
843.4005,0.75
843.4205,0.75
843.4405,0.75
843.4605,0.75
843.4805,0.75
843.5005,0.75
843.5206,0.75
843.5406,0.75
843.5606,0.75
843.5806,0.75
843.6006,0.75
843.6207,0.75
843.6407,0.75
843.6607,0.75
843.6807,0.75
843.7007,0.75
843.7208,0.75
843.7408,0.75
843.7608,0.75
843.7808,0.75
843.8008,0.75
843.8209,0.75
843.8409,0.75
843.8609,0.75
843.8809,0.75
843.9009,0.75
843.921,0.75
843.941,0.75
843.961,0.75
843.981,0.75
844.001,0.75
844.0211,0.75
844.0411,0.75
844.0611,0.75
844.0811,0.75
844.1011,0.75
844.1212,0.75
844.1412,0.75
844.1612,0.75
844.1812,0.75
844.2012,0.75
844.2213,0.75
844.2413,0.75
844.2613,0.75
844.2813,0.75
844.3013,0.75
844.3214,0.75
844.3414,0.75
844.3614,0.75
844.3814,0.75
844.4014,0.75
844.4214,0.75
844.4415,0.75
844.4615,0.75
844.4815,0.75
844.5015,0.75
844.5215,0.75
844.5416,0.75
844.5616,0.75
844.5816,0.75
844.6016,0.75
844.6216,0.75
844.6417,0.75
844.6617,0.75
844.6817,0.75
844.7017,0.75
844.7217,0.75
844.7418,0.75
844.7618,0.75
844.7818,0.75
844.8018,0.75
844.8218,0.75
844.8419,0.75
844.8619,0.75
844.8819,0.75
844.9019,0.75
844.9219,0.75
844.942,0.75
844.962,0.75
844.982,0.75
845.002,0.75
845.022,0.75
845.0421,0.75
845.0621,0.75
845.0821,0.75
845.1021,0.75
845.1221,0.75
845.1422,0.75
845.1622,0.75
845.1822,0.75
845.2022,0.75
845.2222,0.75
845.2422,0.75
845.2623,0.75
845.2823,0.75
845.3023,0.75
845.3223,0.75
845.3423,0.75
845.3624,0.75
845.3824,0.75
845.4024,0.75
845.4224,0.75
845.4424,0.75
845.4625,0.75
845.4825,0.75
845.5025,0.75
845.5225,0.75
845.5425,0.75
845.5626,0.75
845.5826,0.75
845.6026,0.75
845.6226,0.75
845.6426,0.75
845.6627,0.75
845.6827,0.75
845.7027,0.75
845.7227,0.75
845.7427,0.75
845.7628,0.75
845.7828,0.75
845.8028,0.75
845.8228,0.75
845.8428,0.75
845.8629,0.75
845.8829,0.75
845.9029,0.75
845.9229,0.75
845.9429,0.75
845.963,0.75
845.983,0.75
846.003,0.75
846.023,0.75
846.043,0.75
846.063,0.75
846.0831,0.75
846.1031,0.75
846.1231,0.75
846.1431,0.75
846.1631,0.75
846.1832,0.75
846.2032,0.75
846.2232,0.75
846.2432,0.75
846.2632,0.75
846.2833,0.75
846.3033,0.75
846.3233,0.75
846.3433,0.75
846.3633,0.75
846.3834,0.75
846.4034,0.75
846.4234,0.75
846.4434,0.75
846.4634,0.75
846.4835,0.75
846.5035,0.75
846.5235,0.75
846.5435,0.75
846.5635,0.75
846.5836,0.75
846.6036,0.75
846.6236,0.75
846.6436,0.75
846.6636,0.75
846.6837,0.75
846.7037,0.75
846.7237,0.75
846.7437,0.75
846.7637,0.75
846.7838,0.75
846.8038,0.75
846.8238,0.75
846.8438,0.75
846.8638,0.75
846.8839,0.75
846.9039,0.75
846.9239,0.75
846.9439,0.75
846.9639,0.75
846.9839,0.75
847.004,0.75
847.024,0.75
847.044,0.75
847.064,0.75
847.084,0.75
847.1041,0.75
847.1241,0.75
847.1441,0.75
847.1641,0.75
847.1841,0.75
847.2042,0.75
847.2242,0.75
847.2442,0.75
847.2642,0.75
847.2842,0.75
847.3043,0.75
847.3243,0.75
847.3443,0.75
847.3643,0.75
847.3843,0.75
847.4044,0.75
847.4244,0.75
847.4444,0.75
847.4644,0.75
847.4844,0.75
847.5045,0.75
847.5245,0.75
847.5445,0.75
847.5645,0.75
847.5845,0.75
847.6046,0.75
847.6246,0.75
847.6446,0.75
847.6646,0.75
847.6846,0.75
847.7047,0.75
847.7247,0.75
847.7447,0.75
847.7647,0.75
847.7847,0.75
847.8047,0.75
847.8248,0.75
847.8448,0.75
847.8648,0.75
847.8848,0.75
847.9048,0.75
847.9249,0.75
847.9449,0.75
847.9649,0.75
847.9849,0.75
848.0049,0.75
848.025,0.75
848.045,0.75
848.065,0.75
848.085,0.75
848.105,0.75
848.1251,0.75
848.1451,0.75
848.1651,0.75
848.1851,0.75
848.2051,0.75
848.2252,0.75
848.2452,0.75
848.2652,0.75
848.2852,0.75
848.3052,0.75
848.3253,0.75
848.3453,0.75
848.3653,0.75
848.3853,0.75
848.4053,0.75
848.4254,0.75
848.4454,0.75
848.4654,0.75
848.4854,0.75
848.5054,0.75
848.5255,0.75
848.5455,0.75
848.5655,0.75
848.5855,0.75
848.6055,0.75
848.6255,0.75
848.6456,0.75
848.6656,0.75
848.6856,0.75
848.7056,0.75
848.7256,0.75
848.7457,0.75
848.7657,0.75
848.7857,0.75
848.8057,0.75
848.8257,0.75
848.8458,0.75
848.8658,0.75
848.8858,0.75
848.9058,0.75
848.9258,0.75
848.9459,0.75
848.9659,0.75
848.9859,0.75
849.0059,0.75
849.0259,0.75
849.046,0.75
849.066,0.75
849.086,0.75
849.106,0.75
849.126,0.75
849.1461,0.75
849.1661,0.75
849.1861,0.75
849.2061,0.75
849.2261,0.75
849.2462,0.75
849.2662,0.75
849.2862,0.75
849.3062,0.75
849.3262,0.75
849.3463,0.75
849.3663,0.75
849.3863,0.75
849.4063,0.75
849.4263,0.75
849.4464,0.75
849.4664,0.75
849.4864,0.75
849.5064,0.75
849.5264,0.75
849.5464,0.75
849.5665,0.75
849.5865,0.75
849.6065,0.75
849.6265,0.75
849.6465,0.75
849.6666,0.75
849.6866,0.75
849.7066,0.75
849.7266,0.75
849.7466,0.75
849.7667,0.75
849.7867,0.75
849.8067,0.75
849.8267,0.75
849.8467,0.75
849.8668,0.75
849.8868,0.75
849.9068,0.75
849.9268,0.75
849.9468,0.75
849.9669,0.75
849.9869,0.75
850.0069,0.75
850.0269,0.75
850.0469,0.75
850.067,0.75
850.087,0.75
850.107,0.75
850.127,0.75
850.147,0.75
850.1671,0.75
850.1871,0.75
850.2071,0.75
850.2271,0.75
850.2471,0.75
850.2672,0.75
850.2872,0.75
850.3072,0.75
850.3272,0.75
850.3472,0.75
850.3672,0.75
850.3873,0.75
850.4073,0.75
850.4273,0.75
850.4473,0.75
850.4673,0.75
850.4874,0.75
850.5074,0.75
850.5274,0.75
850.5474,0.75
850.5674,0.75
850.5875,0.75
850.6075,0.75
850.6275,0.75
850.6475,0.75
850.6675,0.75
850.6876,0.75
850.7076,0.75
850.7276,0.75
850.7476,0.75
850.7676,0.75
850.7877,0.75
850.8077,0.75
850.8277,0.75
850.8477,0.75
850.8677,0.75
850.8878,0.75
850.9078,0.75
850.9278,0.75
850.9478,0.75
850.9678,0.75
850.9879,0.75
851.0079,0.75
851.0279,0.75
851.0479,0.75
851.0679,0.75
851.088,0.75
851.108,0.75
851.128,0.75
851.148,0.75
851.168,0.75
851.188,0.75
851.2081,0.75
851.2281,0.75
851.2481,0.75
851.2681,0.75
851.2881,0.75
851.3082,0.75
851.3282,0.75
851.3482,0.75
851.3682,0.75
851.3882,0.75
851.4083,0.75
851.4283,0.75
851.4483,0.75
851.4683,0.75
851.4883,0.75
851.5084,0.75
851.5284,0.75
851.5484,0.75
851.5684,0.75
851.5884,0.75
851.6085,0.75
851.6285,0.75
851.6485,0.75
851.6685,0.75
851.6885,0.75
851.7086,0.75
851.7286,0.75
851.7486,0.75
851.7686,0.75
851.7886,0.75
851.8087,0.75
851.8287,0.75
851.8487,0.75
851.8687,0.75
851.8887,0.75
851.9088,0.75
851.9288,0.75
851.9488,0.75
851.9688,0.75
851.9888,0.75
852.0089,0.75
852.0289,0.75
852.0489,0.75
852.0689,0.75
852.0889,0.75
852.1089,0.75
852.129,0.75
852.149,0.75
852.169,0.75
852.189,0.75
852.209,0.75
852.2291,0.75
852.2491,0.75
852.2691,0.75
852.2891,0.75
852.3091,0.75
852.3292,0.75
852.3492,0.75
852.3692,0.75
852.3892,0.75
852.4092,0.75
852.4293,0.75
852.4493,0.75
852.4693,0.75
852.4893,0.75
852.5093,0.75
852.5294,0.75
852.5494,0.75
852.5694,0.75
852.5894,0.75
852.6094,0.75
852.6295,0.75
852.6495,0.75
852.6695,0.75
852.6895,0.75
852.7095,0.75
852.7296,0.75
852.7496,0.75
852.7696,0.75
852.7896,0.75
852.8096,0.75
852.8297,0.75
852.8497,0.75
852.8697,0.75
852.8897,0.75
852.9097,0.75
852.9297,0.75
852.9498,0.75
852.9698,0.75
852.9898,0.75
853.0098,0.75
853.0298,0.75
853.0499,0.75
853.0699,0.75
853.0899,0.75
853.1099,0.75
853.1299,0.75
853.15,0.75
853.17,0.75
853.19,0.75
853.21,0.75
853.23,0.75
853.2501,0.75
853.2701,0.75
853.2901,0.75
853.3101,0.75
853.3301,0.75
853.3502,0.75
853.3702,0.75
853.3902,0.75
853.4102,0.75
853.4302,0.75
853.4503,0.75
853.4703,0.75
853.4903,0.75
853.5103,0.75
853.5303,0.75
853.5504,0.75
853.5704,0.75
853.5904,0.75
853.6104,0.75
853.6304,0.75
853.6505,0.75
853.6705,0.75
853.6905,0.75
853.7105,0.75
853.7305,0.75
853.7505,0.75
853.7706,0.75
853.7906,0.75
853.8106,0.75
853.8306,0.75
853.8506,0.75
853.8707,0.75
853.8907,0.75
853.9107,0.75
853.9307,0.75
853.9507,0.75
853.9708,0.75
853.9908,0.75
854.0108,0.75
854.0308,0.75
854.0508,0.75
854.0709,0.75
854.0909,0.75
854.1109,0.75
854.1309,0.75
854.1509,0.75
854.171,0.75
854.191,0.75
854.211,0.75
854.231,0.75
854.251,0.75
854.2711,0.75
854.2911,0.75
854.3111,0.75
854.3311,0.75
854.3511,0.75
854.3712,0.75
854.3912,0.75
854.4112,0.75
854.4312,0.75
854.4512,0.75
854.4713,0.75
854.4913,0.75
854.5113,0.75
854.5313,0.75
854.5513,0.75
854.5714,0.75
854.5914,0.75
854.6114,0.75
854.6314,0.75
854.6514,0.75
854.6714,0.75
854.6915,0.75
854.7115,0.75
854.7315,0.75
854.7515,0.75
854.7715,0.75
854.7916,0.75
854.8116,0.75
854.8316,0.75
854.8516,0.75
854.8716,0.75
854.8917,0.75
854.9117,0.75
854.9317,0.75
854.9517,0.75
854.9717,0.75
854.9918,0.75
855.0118,0.75
855.0318,0.75
855.0518,0.75
855.0718,0.75
855.0919,0.75
855.1119,0.75
855.1319,0.75
855.1519,0.75
855.1719,0.75
855.192,0.75
855.212,0.75
855.232,0.75
855.252,0.75
855.272,0.75
855.2921,0.75
855.3121,0.75
855.3321,0.75
855.3521,0.75
855.3721,0.75
855.3922,0.75
855.4122,0.75
855.4322,0.75
855.4522,0.75
855.4722,0.75
855.4922,0.75
855.5123,0.75
855.5323,0.75
855.5523,0.75
855.5723,0.75
855.5923,0.75
855.6124,0.75
855.6324,0.75
855.6524,0.75
855.6724,0.75
855.6924,0.75
855.7125,0.75
855.7325,0.75
855.7525,0.75
855.7725,0.75
855.7925,0.75
855.8126,0.75
855.8326,0.75
855.8526,0.75
855.8726,0.75
855.8926,0.75
855.9127,0.75
855.9327,0.75
855.9527,0.75
855.9727,0.75
855.9927,0.75
856.0128,0.75
856.0328,0.75
856.0528,0.75
856.0728,0.75
856.0928,0.75
856.1129,0.75
856.1329,0.75
856.1529,0.75
856.1729,0.75
856.1929,0.75
856.213,0.75
856.233,0.75
856.253,0.75
856.273,0.75
856.293,0.75
856.313,0.75
856.3331,0.75
856.3531,0.75
856.3731,0.75
856.3931,0.75
856.4131,0.75
856.4332,0.75
856.4532,0.75
856.4732,0.75
856.4932,0.75
856.5132,0.75
856.5333,0.75
856.5533,0.75
856.5733,0.75
856.5933,0.75
856.6133,0.75
856.6334,0.75
856.6534,0.75
856.6734,0.75
856.6934,0.75
856.7134,0.75
856.7335,0.75
856.7535,0.75
856.7735,0.75
856.7935,0.75
856.8135,0.75
856.8336,0.75
856.8536,0.75
856.8736,0.75
856.8936,0.75
856.9136,0.75
856.9337,0.75
856.9537,0.75
856.9737,0.75
856.9937,0.75
857.0137,0.75
857.0338,0.75
857.0538,0.75
857.0738,0.75
857.0938,0.75
857.1138,0.75
857.1339,0.75
857.1539,0.75
857.1739,0.75
857.1939,0.75
857.2139,0.75
857.2339,0.75
857.254,0.75
857.274,0.75
857.294,0.75
857.314,0.75
857.334,0.75
857.3541,0.75
857.3741,0.75
857.3941,0.75
857.4141,0.75
857.4341,0.75
857.4542,0.75
857.4742,0.75
857.4942,0.75
857.5142,0.75
857.5342,0.75
857.5543,0.75
857.5743,0.75
857.5943,0.75
857.6143,0.75
857.6343,0.75
857.6544,0.75
857.6744,0.75
857.6944,0.75
857.7144,0.75
857.7344,0.75
857.7545,0.75
857.7745,0.75
857.7945,0.75
857.8145,0.75
857.8345,0.75
857.8546,0.75
857.8746,0.75
857.8946,0.75
857.9146,0.75
857.9346,0.75
857.9547,0.75
857.9747,0.75
857.9947,0.75
858.0147,0.75
858.0347,0.75
858.0547,0.75
858.0748,0.75
858.0948,0.75
858.1148,0.75
858.1348,0.75
858.1548,0.75
858.1749,0.75
858.1949,0.75
858.2149,0.75
858.2349,0.75
858.2549,0.75
858.275,0.75
858.295,0.75
858.315,0.75
858.335,0.75
858.355,0.75
858.3751,0.75
858.3951,0.75
858.4151,0.75
858.4351,0.75
858.4551,0.75
858.4752,0.75
858.4952,0.75
858.5152,0.75
858.5352,0.75
858.5552,0.75
858.5753,0.75
858.5953,0.75
858.6153,0.75
858.6353,0.75
858.6553,0.75
858.6754,0.75
858.6954,0.75
858.7154,0.75
858.7354,0.75
858.7554,0.75
858.7755,0.75
858.7955,0.75
858.8155,0.75
858.8355,0.75
858.8555,0.75
858.8755,0.75
858.8956,0.75
858.9156,0.75
858.9356,0.75
858.9556,0.75
858.9756,0.75
858.9957,0.75
859.0157,0.75
859.0357,0.75
859.0557,0.75
859.0757,0.75
859.0958,0.75
859.1158,0.75
859.1358,0.75
859.1558,0.75
859.1758,0.75
859.1959,0.75
859.2159,0.75
859.2359,0.75
859.2559,0.75
859.2759,0.75
859.296,0.75
859.316,0.75
859.336,0.75
859.356,0.75
859.376,0.75
859.3961,0.75
859.4161,0.75
859.4361,0.75
859.4561,0.75
859.4761,0.75
859.4962,0.75
859.5162,0.75
859.5362,0.75
859.5562,0.75
859.5762,0.75
859.5963,0.75
859.6163,0.75
859.6363,0.75
859.6563,0.75
859.6763,0.75
859.6964,0.75
859.7164,0.75
859.7364,0.75
859.7564,0.75
859.7764,0.75
859.7964,0.75
859.8165,0.75
859.8365,0.75
859.8565,0.75
859.8765,0.75
859.8965,0.75
859.9166,0.75
859.9366,0.75
859.9566,0.75
859.9766,0.75
859.9966,0.75
860.0167,0.75
860.0367,0.75
860.0567,0.75
860.0767,0.75
860.0967,0.75
860.1168,0.75
860.1368,0.75
860.1568,0.75
860.1768,0.75
860.1968,0.75
860.2169,0.75
860.2369,0.75
860.2569,0.75
860.2769,0.75
860.2969,0.75
860.317,0.75
860.337,0.75
860.357,0.75
860.377,0.75
860.397,0.75
860.4171,0.75
860.4371,0.75
860.4571,0.75
860.4771,0.75
860.4971,0.75
860.5172,0.75
860.5372,0.75
860.5572,0.75
860.5772,0.75
860.5972,0.75
860.6172,0.75
860.6373,0.75
860.6573,0.75
860.6773,0.75
860.6973,0.75
860.7173,0.75
860.7374,0.75
860.7574,0.75
860.7774,0.75
860.7974,0.75
860.8174,0.75
860.8375,0.75
860.8575,0.75
860.8775,0.75
860.8975,0.75
860.9175,0.75
860.9376,0.75
860.9576,0.75
860.9776,0.75
860.9976,0.75
861.0176,0.75
861.0377,0.75
861.0577,0.75
861.0777,0.75
861.0977,0.75
861.1177,0.75
861.1378,0.75
861.1578,0.75
861.1778,0.75
861.1978,0.75
861.2178,0.75
861.2379,0.75
861.2579,0.75
861.2779,0.75
861.2979,0.75
861.3179,0.75
861.338,0.75
861.358,0.75
861.378,0.75
861.398,0.75
861.418,0.75
861.438,0.75
861.4581,0.75
861.4781,0.75
861.4981,0.75
861.5181,0.75
861.5381,0.75
861.5582,0.75
861.5782,0.75
861.5982,0.75
861.6182,0.75
861.6382,0.75
861.6583,0.75
861.6783,0.75
861.6983,0.75
861.7183,0.75
861.7383,0.75
861.7584,0.75
861.7784,0.75
861.7984,0.75
861.8184,0.75
861.8384,0.75
861.8585,0.75
861.8785,0.75
861.8985,0.75
861.9185,0.75
861.9385,0.75
861.9586,0.75
861.9786,0.75
861.9986,0.75
862.0186,0.75
862.0386,0.75
862.0587,0.75
862.0787,0.75
862.0987,0.75
862.1187,0.75
862.1387,0.75
862.1588,0.75
862.1788,0.75
862.1988,0.75
862.2188,0.75
862.2388,0.75
862.2589,0.75
862.2789,0.75
862.2989,0.75
862.3189,0.75
862.3389,0.75
862.3589,0.75
862.379,0.75
862.399,0.75
862.419,0.75
862.439,0.75
862.459,0.75
862.4791,0.75
862.4991,0.75
862.5191,0.75
862.5391,0.75
862.5591,0.75
862.5792,0.75
862.5992,0.75
862.6192,0.75
862.6392,0.75
862.6592,0.75
862.6793,0.75
862.6993,0.75
862.7193,0.75
862.7393,0.75
862.7593,0.75
862.7794,0.75
862.7994,0.75
862.8194,0.75
862.8394,0.75
862.8594,0.75
862.8795,0.75
862.8995,0.75
862.9195,0.75
862.9395,0.75
862.9595,0.75
862.9796,0.75
862.9996,0.75
863.0196,0.75
863.0396,0.75
863.0596,0.75
863.0797,0.75
863.0997,0.75
863.1197,0.75
863.1397,0.75
863.1597,0.75
863.1797,0.75
863.1998,0.75
863.2198,0.75
863.2398,0.75
863.2598,0.75
863.2798,0.75
863.2999,0.75
863.3199,0.75
863.3399,0.75
863.3599,0.75
863.3799,0.75
863.4,0.75
863.42,0.75
863.44,0.75
863.46,0.75
863.48,0.75
863.5001,0.75
863.5201,0.75
863.5401,0.75
863.5601,0.75
863.5801,0.75
863.6002,0.75
863.6202,0.75
863.6402,0.75
863.6602,0.75
863.6802,0.75
863.7003,0.75
863.7203,0.75
863.7403,0.75
863.7603,0.75
863.7803,0.75
863.8004,0.75
863.8204,0.75
863.8404,0.75
863.8604,0.75
863.8804,0.75
863.9005,0.75
863.9205,0.75
863.9405,0.75
863.9605,0.75
863.9805,0.75
864.0005,0.75
864.0206,0.75
864.0406,0.75
864.0606,0.75
864.0806,0.75
864.1006,0.75
864.1207,0.75
864.1407,0.75
864.1607,0.75
864.1807,0.75
864.2007,0.75
864.2208,0.75
864.2408,0.75
864.2608,0.75
864.2808,0.75
864.3008,0.75
864.3209,0.75
864.3409,0.75
864.3609,0.75
864.3809,0.75
864.4009,0.75
864.421,0.75
864.441,0.75
864.461,0.75
864.481,0.75
864.501,0.75
864.5211,0.75
864.5411,0.75
864.5611,0.75
864.5811,0.75
864.6011,0.75
864.6212,0.75
864.6412,0.75
864.6612,0.75
864.6812,0.75
864.7012,0.75
864.7213,0.75
864.7413,0.75
864.7613,0.75
864.7813,0.75
864.8013,0.75
864.8214,0.75
864.8414,0.75
864.8614,0.75
864.8814,0.75
864.9014,0.75
864.9214,0.75
864.9415,0.75
864.9615,0.75
864.9815,0.75
865.0015,0.75
865.0215,0.75
865.0416,0.75
865.0616,0.75
865.0816,0.75
865.1016,0.75
865.1216,0.75
865.1417,0.75
865.1617,0.75
865.1817,0.75
865.2017,0.75
865.2217,0.75
865.2418,0.75
865.2618,0.75
865.2818,0.75
865.3018,0.75
865.3218,0.75
865.3419,0.75
865.3619,0.75
865.3819,0.75
865.4019,0.75
865.4219,0.75
865.442,0.75
865.462,0.75
865.482,0.75
865.502,0.75
865.522,0.75
865.5421,0.75
865.5621,0.75
865.5821,0.75
865.6021,0.75
865.6221,0.75
865.6422,0.75
865.6622,0.75
865.6822,0.75
865.7022,0.75
865.7222,0.75
865.7422,0.75
865.7623,0.75
865.7823,0.75
865.8023,0.75
865.8223,0.75
865.8423,0.75
865.8624,0.75
865.8824,0.75
865.9024,0.75
865.9224,0.75
865.9424,0.75
865.9625,0.75
865.9825,0.75
866.0025,0.75
866.0225,0.75
866.0425,0.75
866.0626,0.75
866.0826,0.75
866.1026,0.75
866.1226,0.75
866.1426,0.75
866.1627,0.75
866.1827,0.75
866.2027,0.75
866.2227,0.75
866.2427,0.75
866.2628,0.75
866.2828,0.75
866.3028,0.75
866.3228,0.75
866.3428,0.75
866.3629,0.75
866.3829,0.75
866.4029,0.75
866.4229,0.75
866.4429,0.75
866.463,0.75
866.483,0.75
866.503,0.75
866.523,0.75
866.543,0.75
866.563,0.75
866.5831,0.75
866.6031,0.75
866.6231,0.75
866.6431,0.75
866.6631,0.75
866.6832,0.75
866.7032,0.75
866.7232,0.75
866.7432,0.75
866.7632,0.75
866.7833,0.75
866.8033,0.75
866.8233,0.75
866.8433,0.75
866.8633,0.75
866.8834,0.75
866.9034,0.75
866.9234,0.75
866.9434,0.75
866.9634,0.75
866.9835,0.75
867.0035,0.75
867.0235,0.75
867.0435,0.75
867.0635,0.75
867.0836,0.75
867.1036,0.75
867.1236,0.75
867.1436,0.75
867.1636,0.75
867.1837,0.75
867.2037,0.75
867.2237,0.75
867.2437,0.75
867.2637,0.75
867.2838,0.75
867.3038,0.75
867.3238,0.75
867.3438,0.75
867.3638,0.75
867.3839,0.75
867.4039,0.75
867.4239,0.75
867.4439,0.75
867.4639,0.75
867.4839,0.75
867.504,0.75
867.524,0.75
867.544,0.75
867.564,0.75
867.584,0.75
867.6041,0.75
867.6241,0.75
867.6441,0.75
867.6641,0.75
867.6841,0.75
867.7042,0.75
867.7242,0.75
867.7442,0.75
867.7642,0.75
867.7842,0.75
867.8043,0.75
867.8243,0.75
867.8443,0.75
867.8643,0.75
867.8843,0.75
867.9044,0.75
867.9244,0.75
867.9444,0.75
867.9644,0.75
867.9844,0.75
868.0045,0.75
868.0245,0.75
868.0445,0.75
868.0645,0.75
868.0845,0.75
868.1046,0.75
868.1246,0.75
868.1446,0.75
868.1646,0.75
868.1846,0.75
868.2047,0.75
868.2247,0.75
868.2447,0.75
868.2647,0.75
868.2847,0.75
868.3047,0.75
868.3248,0.75
868.3448,0.75
868.3648,0.75
868.3848,0.75
868.4048,0.75
868.4249,0.75
868.4449,0.75
868.4649,0.75
868.4849,0.75
868.5049,0.75
868.525,0.75
868.545,0.75
868.565,0.75
868.585,0.75
868.605,0.75
868.6251,0.75
868.6451,0.75
868.6651,0.75
868.6851,0.75
868.7051,0.75
868.7252,0.75
868.7452,0.75
868.7652,0.75
868.7852,0.75
868.8052,0.75
868.8253,0.75
868.8453,0.75
868.8653,0.75
868.8853,0.75
868.9053,0.75
868.9254,0.75
868.9454,0.75
868.9654,0.75
868.9854,0.75
869.0054,0.75
869.0255,0.75
869.0455,0.75
869.0655,0.75
869.0855,0.75
869.1055,0.75
869.1255,0.75
869.1456,0.75
869.1656,0.75
869.1856,0.75
869.2056,0.75
869.2256,0.75
869.2457,0.75
869.2657,0.75
869.2857,0.75
869.3057,0.75
869.3257,0.75
869.3458,0.75
869.3658,0.75
869.3858,0.75
869.4058,0.75
869.4258,0.75
869.4459,0.75
869.4659,0.75
869.4859,0.75
869.5059,0.75
869.5259,0.75
869.546,0.75
869.566,0.75
869.586,0.75
869.606,0.75
869.626,0.75
869.6461,0.75
869.6661,0.75
869.6861,0.75
869.7061,0.75
869.7261,0.75
869.7462,0.75
869.7662,0.75
869.7862,0.75
869.8062,0.75
869.8262,0.75
869.8463,0.75
869.8663,0.75
869.8863,0.75
869.9063,0.75
869.9263,0.75
869.9464,0.75
869.9664,0.75
869.9864,0.75
870.0064,0.75
870.0264,0.75
870.0464,0.75
870.0665,0.75
870.0865,0.75
870.1065,0.75
870.1265,0.75
870.1465,0.75
870.1666,0.75
870.1866,0.75
870.2066,0.75
870.2266,0.75
870.2466,0.75
870.2667,0.75
870.2867,0.75
870.3067,0.75
870.3267,0.75
870.3467,0.75
870.3668,0.75
870.3868,0.75
870.4068,0.75
870.4268,0.75
870.4468,0.75
870.4669,0.75
870.4869,0.75
870.5069,0.75
870.5269,0.75
870.5469,0.75
870.567,0.75
870.587,0.75
870.607,0.75
870.627,0.75
870.647,0.75
870.6671,0.75
870.6871,0.75
870.7071,0.75
870.7271,0.75
870.7471,0.75
870.7672,0.75
870.7872,0.75
870.8072,0.75
870.8272,0.75
870.8472,0.75
870.8672,0.75
870.8873,0.75
870.9073,0.75
870.9273,0.75
870.9473,0.75
870.9673,0.75
870.9874,0.75
871.0074,0.75
871.0274,0.75
871.0474,0.75
871.0674,0.75
871.0875,0.75
871.1075,0.75
871.1275,0.75
871.1475,0.75
871.1675,0.75
871.1876,0.75
871.2076,0.75
871.2276,0.75
871.2476,0.75
871.2676,0.75
871.2877,0.75
871.3077,0.75
871.3277,0.75
871.3477,0.75
871.3677,0.75
871.3878,0.75
871.4078,0.75
871.4278,0.75
871.4478,0.75
871.4678,0.75
871.4879,0.75
871.5079,0.75
871.5279,0.75
871.5479,0.75
871.5679,0.75
871.588,0.75
871.608,0.75
871.628,0.75
871.648,0.75
871.668,0.75
871.688,0.75
871.7081,0.75
871.7281,0.75
871.7481,0.75
871.7681,0.75
871.7881,0.75
871.8082,0.75
871.8282,0.75
871.8482,0.75
871.8682,0.75
871.8882,0.75
871.9083,0.75
871.9283,0.75
871.9483,0.75
871.9683,0.75
871.9883,0.75
872.0084,0.75
872.0284,0.75
872.0484,0.75
872.0684,0.75
872.0884,0.75
872.1085,0.75
872.1285,0.75
872.1485,0.75
872.1685,0.75
872.1885,0.75
872.2086,0.75
872.2286,0.75
872.2486,0.75
872.2686,0.75
872.2886,0.75
872.3087,0.75
872.3287,0.75
872.3487,0.75
872.3687,0.75
872.3887,0.75
872.4088,0.75
872.4288,0.75
872.4488,0.75
872.4688,0.75
872.4888,0.75
872.5089,0.75
872.5289,0.75
872.5489,0.75
872.5689,0.75
872.5889,0.75
872.6089,0.75
872.629,0.75
872.649,0.75
872.669,0.75
872.689,0.75
872.709,0.75
872.7291,0.75
872.7491,0.75
872.7691,0.75
872.7891,0.75
872.8091,0.75
872.8292,0.75
872.8492,0.75
872.8692,0.75
872.8892,0.75
872.9092,0.75
872.9293,0.75
872.9493,0.75
872.9693,0.75
872.9893,0.75
873.0093,0.75
873.0294,0.75
873.0494,0.75
873.0694,0.75
873.0894,0.75
873.1094,0.75
873.1295,0.75
873.1495,0.75
873.1695,0.75
873.1895,0.75
873.2095,0.75
873.2296,0.75
873.2496,0.75
873.2696,0.75
873.2896,0.75
873.3096,0.75
873.3297,0.75
873.3497,0.75
873.3697,0.75
873.3897,0.75
873.4097,0.75
873.4297,0.75
873.4498,0.75
873.4698,0.75
873.4898,0.75
873.5098,0.75
873.5298,0.75
873.5499,0.75
873.5699,0.75
873.5899,0.75
873.6099,0.75
873.6299,0.75
873.65,0.75
873.67,0.75
873.69,0.75
873.71,0.75
873.73,0.75
873.7501,0.75
873.7701,0.75
873.7901,0.75
873.8101,0.75
873.8301,0.75
873.8502,0.75
873.8702,0.75
873.8902,0.75
873.9102,0.75
873.9302,0.75
873.9503,0.75
873.9703,0.75
873.9903,0.75
874.0103,0.75
874.0303,0.75
874.0504,0.75
874.0704,0.75
874.0904,0.75
874.1104,0.75
874.1304,0.75
874.1505,0.75
874.1705,0.75
874.1905,0.75
874.2105,0.75
874.2305,0.75
874.2505,0.75
874.2706,0.75
874.2906,0.75
874.3106,0.75
874.3306,0.75
874.3506,0.75
874.3707,0.75
874.3907,0.75
874.4107,0.75
874.4307,0.75
874.4507,0.75
874.4708,0.75
874.4908,0.75
874.5108,0.75
874.5308,0.75
874.5508,0.75
874.5709,0.75
874.5909,0.75
874.6109,0.75
874.6309,0.75
874.6509,0.75
874.671,0.75
874.691,0.75
874.711,0.75
874.731,0.75
874.751,0.75
874.7711,0.75
874.7911,0.75
874.8111,0.75
874.8311,0.75
874.8511,0.75
874.8712,0.75
874.8912,0.75
874.9112,0.75
874.9312,0.75
874.9512,0.75
874.9713,0.75
874.9913,0.75
875.0113,0.75
875.0313,0.75
875.0513,0.75
875.0714,0.75
875.0914,0.75
875.1114,0.75
875.1314,0.75
875.1514,0.75
875.1714,0.75
875.1915,0.75
875.2115,0.75
875.2315,0.75
875.2515,0.75
875.2715,0.75
875.2916,0.75
875.3116,0.75
875.3316,0.75
875.3516,0.75
875.3716,0.75
875.3917,0.75
875.4117,0.75
875.4317,0.75
875.4517,0.75
875.4717,0.75
875.4918,0.75
875.5118,0.75
875.5318,0.75
875.5518,0.75
875.5718,0.75
875.5919,0.75
875.6119,0.75
875.6319,0.75
875.6519,0.75
875.6719,0.75
875.692,0.75
875.712,0.75
875.732,0.75
875.752,0.75
875.772,0.75
875.7921,0.75
875.8121,0.75
875.8321,0.75
875.8521,0.75
875.8721,0.75
875.8922,0.75
875.9122,0.75
875.9322,0.75
875.9522,0.75
875.9722,0.75
875.9922,0.75
876.0123,0.75
876.0323,0.75
876.0523,0.75
876.0723,0.75
876.0923,0.75
876.1124,0.75
876.1324,0.75
876.1524,0.75
876.1724,0.75
876.1924,0.75
876.2125,0.75
876.2325,0.75
876.2525,0.75
876.2725,0.75
876.2925,0.75
876.3126,0.75
876.3326,0.75
876.3526,0.75
876.3726,0.75
876.3926,0.75
876.4127,0.75
876.4327,0.75
876.4527,0.75
876.4727,0.75
876.4927,0.75
876.5128,0.75
876.5328,0.75
876.5528,0.75
876.5728,0.75
876.5928,0.75
876.6129,0.75
876.6329,0.75
876.6529,0.75
876.6729,0.75
876.6929,0.75
876.713,0.75
876.733,0.75
876.753,0.75
876.773,0.75
876.793,0.75
876.813,0.75
876.8331,0.75
876.8531,0.75
876.8731,0.75
876.8931,0.75
876.9131,0.75
876.9332,0.75
876.9532,0.75
876.9732,0.75
876.9932,0.75
877.0132,0.75
877.0333,0.75
877.0533,0.75
877.0733,0.75
877.0933,0.75
877.1133,0.75
877.1334,0.75
877.1534,0.75
877.1734,0.75
877.1934,0.75
877.2134,0.75
877.2335,0.75
877.2535,0.75
877.2735,0.75
877.2935,0.75
877.3135,0.75
877.3336,0.75
877.3536,0.75
877.3736,0.75
877.3936,0.75
877.4136,0.75
877.4337,0.75
877.4537,0.75
877.4737,0.75
877.4937,0.75
877.5137,0.75
877.5338,0.75
877.5538,0.75
877.5738,0.75
877.5938,0.75
877.6138,0.75
877.6339,0.75
877.6539,0.75
877.6739,0.75
877.6939,0.75
877.7139,0.75
877.7339,0.75
877.754,0.75
877.774,0.75
877.794,0.75
877.814,0.75
877.834,0.75
877.8541,0.75
877.8741,0.75
877.8941,0.75
877.9141,0.75
877.9341,0.75
877.9542,0.75
877.9742,0.75
877.9942,0.75
878.0142,0.75
878.0342,0.75
878.0543,0.75
878.0743,0.75
878.0943,0.75
878.1143,0.75
878.1343,0.75
878.1544,0.75
878.1744,0.75
878.1944,0.75
878.2144,0.75
878.2344,0.75
878.2545,0.75
878.2745,0.75
878.2945,0.75
878.3145,0.75
878.3345,0.75
878.3546,0.75
878.3746,0.75
878.3946,0.75
878.4146,0.75
878.4346,0.75
878.4547,0.75
878.4747,0.75
878.4947,0.75
878.5147,0.75
878.5347,0.75
878.5547,0.75
878.5748,0.75
878.5948,0.75
878.6148,0.75
878.6348,0.75
878.6548,0.75
878.6749,0.75
878.6949,0.75
878.7149,0.75
878.7349,0.75
878.7549,0.75
878.775,0.75
878.795,0.75
878.815,0.75
878.835,0.75
878.855,0.75
878.8751,0.75
878.8951,0.75
878.9151,0.75
878.9351,0.75
878.9551,0.75
878.9752,0.75
878.9952,0.75
879.0152,0.75
879.0352,0.75
879.0552,0.75
879.0753,0.75
879.0953,0.75
879.1153,0.75
879.1353,0.75
879.1553,0.75
879.1754,0.75
879.1954,0.75
879.2154,0.75
879.2354,0.75
879.2554,0.75
879.2755,0.75
879.2955,0.75
879.3155,0.75
879.3355,0.75
879.3555,0.75
879.3755,0.75
879.3956,0.75
879.4156,0.75
879.4356,0.75
879.4556,0.75
879.4756,0.75
879.4957,0.75
879.5157,0.75
879.5357,0.75
879.5557,0.75
879.5757,0.75
879.5958,0.75
879.6158,0.75
879.6358,0.75
879.6558,0.75
879.6758,0.75
879.6959,0.75
879.7159,0.75
879.7359,0.75
879.7559,0.75
879.7759,0.75
879.796,0.75
879.816,0.75
879.836,0.75
879.856,0.75
879.876,0.75
879.8961,0.75
879.9161,0.75
879.9361,0.75
879.9561,0.75
879.9761,0.75
879.9962,0.75
880.0162,0.75
880.0362,0.75
880.0562,0.75
880.0762,0.75
880.0963,0.75
880.1163,0.75
880.1363,0.75
880.1563,0.75
880.1763,0.75
880.1964,0.75
880.2164,0.75
880.2364,0.75
880.2564,0.75
880.2764,0.75
880.2964,0.75
880.3165,0.75
880.3365,0.75
880.3565,0.75
880.3765,0.75
880.3965,0.75
880.4166,0.75
880.4366,0.75
880.4566,0.75
880.4766,0.75
880.4966,0.75
880.5167,0.75
880.5367,0.75
880.5567,0.75
880.5767,0.75
880.5967,0.75
880.6168,0.75
880.6368,0.75
880.6568,0.75
880.6768,0.75
880.6968,0.75
880.7169,0.75
880.7369,0.75
880.7569,0.75
880.7769,0.75
880.7969,0.75
880.817,0.75
880.837,0.75
880.857,0.75
880.877,0.75
880.897,0.75
880.9171,0.75
880.9371,0.75
880.9571,0.75
880.9771,0.75
880.9971,0.75
881.0172,0.75
881.0372,0.75
881.0572,0.75
881.0772,0.75
881.0972,0.75
881.1172,0.75
881.1373,0.75
881.1573,0.75
881.1773,0.75
881.1973,0.75
881.2173,0.75
881.2374,0.75
881.2574,0.75
881.2774,0.75
881.2974,0.75
881.3174,0.75
881.3375,0.75
881.3575,0.75
881.3775,0.75
881.3975,0.75
881.4175,0.75
881.4376,0.75
881.4576,0.75
881.4776,0.75
881.4976,0.75
881.5176,0.75
881.5377,0.75
881.5577,0.75
881.5777,0.75
881.5977,0.75
881.6177,0.75
881.6378,0.75
881.6578,0.75
881.6778,0.75
881.6978,0.75
881.7178,0.75
881.7379,0.75
881.7579,0.75
881.7779,0.75
881.7979,0.75
881.8179,0.75
881.838,0.75
881.858,0.75
881.878,0.75
881.898,0.75
881.918,0.75
881.938,0.75
881.9581,0.75
881.9781,0.75
881.9981,0.75
882.0181,0.75
882.0381,0.75
882.0582,0.75
882.0782,0.75
882.0982,0.75
882.1182,0.75
882.1382,0.75
882.1583,0.75
882.1783,0.75
882.1983,0.75
882.2183,0.75
882.2383,0.75
882.2584,0.75
882.2784,0.75
882.2984,0.75
882.3184,0.75
882.3384,0.75
882.3585,0.75
882.3785,0.75
882.3985,0.75
882.4185,0.75
882.4385,0.75
882.4586,0.75
882.4786,0.75
882.4986,0.75
882.5186,0.75
882.5386,0.75
882.5587,0.75
882.5787,0.75
882.5987,0.75
882.6187,0.75
882.6387,0.75
882.6588,0.75
882.6788,0.75
882.6988,0.75
882.7188,0.75
882.7388,0.75
882.7589,0.75
882.7789,0.75
882.7989,0.75
882.8189,0.75
882.8389,0.75
882.8589,0.75
882.879,0.75
882.899,0.75
882.919,0.75
882.939,0.75
882.959,0.75
882.9791,0.75
882.9991,0.75
883.0191,0.75
883.0391,0.75
883.0591,0.75
883.0792,0.75
883.0992,0.75
883.1192,0.75
883.1392,0.75
883.1592,0.75
883.1793,0.75
883.1993,0.75
883.2193,0.75
883.2393,0.75
883.2593,0.75
883.2794,0.75
883.2994,0.75
883.3194,0.75
883.3394,0.75
883.3594,0.75
883.3795,0.75
883.3995,0.75
883.4195,0.75
883.4395,0.75
883.4595,0.75
883.4796,0.75
883.4996,0.75
883.5196,0.75
883.5396,0.75
883.5596,0.75
883.5797,0.75
883.5997,0.75
883.6197,0.75
883.6397,0.75
883.6597,0.75
883.6797,0.75
883.6998,0.75
883.7198,0.75
883.7398,0.75
883.7598,0.75
883.7798,0.75
883.7999,0.75
883.8199,0.75
883.8399,0.75
883.8599,0.75
883.8799,0.75
883.9,0.75
883.92,0.75
883.94,0.75
883.96,0.75
883.98,0.75
884.0001,0.75
884.0201,0.75
884.0401,0.75
884.0601,0.75
884.0801,0.75
884.1002,0.75
884.1202,0.75
884.1402,0.75
884.1602,0.75
884.1802,0.75
884.2003,0.75
884.2203,0.75
884.2403,0.75
884.2603,0.75
884.2803,0.75
884.3004,0.75
884.3204,0.75
884.3404,0.75
884.3604,0.75
884.3804,0.75
884.4005,0.75
884.4205,0.75
884.4405,0.75
884.4605,0.75
884.4805,0.75
884.5005,0.75
884.5206,0.75
884.5406,0.75
884.5606,0.75
884.5806,0.75
884.6006,0.75
884.6207,0.75
884.6407,0.75
884.6607,0.75
884.6807,0.75
884.7007,0.75
884.7208,0.75
884.7408,0.75
884.7608,0.75
884.7808,0.75
884.8008,0.75
884.8209,0.75
884.8409,0.75
884.8609,0.75
884.8809,0.75
884.9009,0.75
884.921,0.75
884.941,0.75
884.961,0.75
884.981,0.75
885.001,0.75
885.0211,0.75
885.0411,0.75
885.0611,0.75
885.0811,0.75
885.1011,0.75
885.1212,0.75
885.1412,0.75
885.1612,0.75
885.1812,0.75
885.2012,0.75
885.2213,0.75
885.2413,0.75
885.2613,0.75
885.2813,0.75
885.3013,0.75
885.3214,0.75
885.3414,0.75
885.3614,0.75
885.3814,0.75
885.4014,0.75
885.4214,0.75
885.4415,0.75
885.4615,0.75
885.4815,0.75
885.5015,0.75
885.5215,0.75
885.5416,0.75
885.5616,0.75
885.5816,0.75
885.6016,0.75
885.6216,0.75
885.6417,0.75
885.6617,0.75
885.6817,0.75
885.7017,0.75
885.7217,0.75
885.7418,0.75
885.7618,0.75
885.7818,0.75
885.8018,0.75
885.8218,0.75
885.8419,0.75
885.8619,0.75
885.8819,0.75
885.9019,0.75
885.9219,0.75
885.942,0.75
885.962,0.75
885.982,0.75
886.002,0.75
886.022,0.75
886.0421,0.75
886.0621,0.75
886.0821,0.75
886.1021,0.75
886.1221,0.75
886.1422,0.75
886.1622,0.75
886.1822,0.75
886.2022,0.75
886.2222,0.75
886.2422,0.75
886.2623,0.75
886.2823,0.75
886.3023,0.75
886.3223,0.75
886.3423,0.75
886.3624,0.75
886.3824,0.75
886.4024,0.75
886.4224,0.75
886.4424,0.75
886.4625,0.75
886.4825,0.75
886.5025,0.75
886.5225,0.75
886.5425,0.75
886.5626,0.75
886.5826,0.75
886.6026,0.75
886.6226,0.75
886.6426,0.75
886.6627,0.75
886.6827,0.75
886.7027,0.75
886.7227,0.75
886.7427,0.75
886.7628,0.75
886.7828,0.75
886.8028,0.75
886.8228,0.75
886.8428,0.75
886.8629,0.75
886.8829,0.75
886.9029,0.75
886.9229,0.75
886.9429,0.75
886.963,0.75
886.983,0.75
887.003,0.75
887.023,0.75
887.043,0.75
887.063,0.75
887.0831,0.75
887.1031,0.75
887.1231,0.75
887.1431,0.75
887.1631,0.75
887.1832,0.75
887.2032,0.75
887.2232,0.75
887.2432,0.75
887.2632,0.75
887.2833,0.75
887.3033,0.75
887.3233,0.75
887.3433,0.75
887.3633,0.75
887.3834,0.75
887.4034,0.75
887.4234,0.75
887.4434,0.75
887.4634,0.75
887.4835,0.75
887.5035,0.75
887.5235,0.75
887.5435,0.75
887.5635,0.75
887.5836,0.75
887.6036,0.75
887.6236,0.75
887.6436,0.75
887.6636,0.75
887.6837,0.75
887.7037,0.75
887.7237,0.75
887.7437,0.75
887.7637,0.75
887.7838,0.75
887.8038,0.75
887.8238,0.75
887.8438,0.75
887.8638,0.75
887.8839,0.75
887.9039,0.75
887.9239,0.75
887.9439,0.75
887.9639,0.75
887.9839,0.75
888.004,0.75
888.024,0.75
888.044,0.75
888.064,0.75
888.084,0.75
888.1041,0.75
888.1241,0.75
888.1441,0.75
888.1641,0.75
888.1841,0.75
888.2042,0.75
888.2242,0.75
888.2442,0.75
888.2642,0.75
888.2842,0.75
888.3043,0.75
888.3243,0.75
888.3443,0.75
888.3643,0.75
888.3843,0.75
888.4044,0.75
888.4244,0.75
888.4444,0.75
888.4644,0.75
888.4844,0.75
888.5045,0.75
888.5245,0.75
888.5445,0.75
888.5645,0.75
888.5845,0.75
888.6046,0.75
888.6246,0.75
888.6446,0.75
888.6646,0.75
888.6846,0.75
888.7047,0.75
888.7247,0.75
888.7447,0.75
888.7647,0.75
888.7847,0.75
888.8047,0.75
888.8248,0.75
888.8448,0.75
888.8648,0.75
888.8848,0.75
888.9048,0.75
888.9249,0.75
888.9449,0.75
888.9649,0.75
888.9849,0.75
889.0049,0.75
889.025,0.75
889.045,0.75
889.065,0.75
889.085,0.75
889.105,0.75
889.1251,0.75
889.1451,0.75
889.1651,0.75
889.1851,0.75
889.2051,0.75
889.2252,0.75
889.2452,0.75
889.2652,0.75
889.2852,0.75
889.3052,0.75
889.3253,0.75
889.3453,0.75
889.3653,0.75
889.3853,0.75
889.4053,0.75
889.4254,0.75
889.4454,0.75
889.4654,0.75
889.4854,0.75
889.5054,0.75
889.5255,0.75
889.5455,0.75
889.5655,0.75
889.5855,0.75
889.6055,0.75
889.6255,0.75
889.6456,0.75
889.6656,0.75
889.6856,0.75
889.7056,0.75
889.7256,0.75
889.7457,0.75
889.7657,0.75
889.7857,0.75
889.8057,0.75
889.8257,0.75
889.8458,0.75
889.8658,0.75
889.8858,0.75
889.9058,0.75
889.9258,0.75
889.9459,0.75
889.9659,0.75
889.9859,0.75
890.0059,0.75
890.0259,0.75
890.046,0.75
890.066,0.75
890.086,0.75
890.106,0.75
890.126,0.75
890.1461,0.75
890.1661,0.75
890.1861,0.75
890.2061,0.75
890.2261,0.75
890.2462,0.75
890.2662,0.75
890.2862,0.75
890.3062,0.75
890.3262,0.75
890.3463,0.75
890.3663,0.75
890.3863,0.75
890.4063,0.75
890.4263,0.75
890.4464,0.75
890.4664,0.75
890.4864,0.75
890.5064,0.75
890.5264,0.75
890.5464,0.75
890.5665,0.75
890.5865,0.75
890.6065,0.75
890.6265,0.75
890.6465,0.75
890.6666,0.75
890.6866,0.75
890.7066,0.75
890.7266,0.75
890.7466,0.75
890.7667,0.75
890.7867,0.75
890.8067,0.75
890.8267,0.75
890.8467,0.75
890.8668,0.75
890.8868,0.75
890.9068,0.75
890.9268,0.75
890.9468,0.75
890.9669,0.75
890.9869,0.75
891.0069,0.75
891.0269,0.75
891.0469,0.75
891.067,0.75
891.087,0.75
891.107,0.75
891.127,0.75
891.147,0.75
891.1671,0.75
891.1871,0.75
891.2071,0.75
891.2271,0.75
891.2471,0.75
891.2672,0.75
891.2872,0.75
891.3072,0.75
891.3272,0.75
891.3472,0.75
891.3672,0.75
891.3873,0.75
891.4073,0.75
891.4273,0.75
891.4473,0.75
891.4673,0.75
891.4874,0.75
891.5074,0.75
891.5274,0.75
891.5474,0.75
891.5674,0.75
891.5875,0.75
891.6075,0.75
891.6275,0.75
891.6475,0.75
891.6675,0.75
891.6876,0.75
891.7076,0.75
891.7276,0.75
891.7476,0.75
891.7676,0.75
891.7877,0.75
891.8077,0.75
891.8277,0.75
891.8477,0.75
891.8677,0.75
891.8878,0.75
891.9078,0.75
891.9278,0.75
891.9478,0.75
891.9678,0.75
891.9879,0.75
892.0079,0.75
892.0279,0.75
892.0479,0.75
892.0679,0.75
892.088,0.75
892.108,0.75
892.128,0.75
892.148,0.75
892.168,0.75
892.188,0.75
892.2081,0.75
892.2281,0.75
892.2481,0.75
892.2681,0.75
892.2881,0.75
892.3082,0.75
892.3282,0.75
892.3482,0.75
892.3682,0.75
892.3882,0.75
892.4083,0.75
892.4283,0.75
892.4483,0.75
892.4683,0.75
892.4883,0.75
892.5084,0.75
892.5284,0.75
892.5484,0.75
892.5684,0.75
892.5884,0.75
892.6085,0.75
892.6285,0.75
892.6485,0.75
892.6685,0.75
892.6885,0.75
892.7086,0.75
892.7286,0.75
892.7486,0.75
892.7686,0.75
892.7886,0.75
892.8087,0.75
892.8287,0.75
892.8487,0.75
892.8687,0.75
892.8887,0.75
892.9088,0.75
892.9288,0.75
892.9488,0.75
892.9688,0.75
892.9888,0.75
893.0089,0.75
893.0289,0.75
893.0489,0.75
893.0689,0.75
893.0889,0.75
893.1089,0.75
893.129,0.75
893.149,0.75
893.169,0.75
893.189,0.75
893.209,0.75
893.2291,0.75
893.2491,0.75
893.2691,0.75
893.2891,0.75
893.3091,0.75
893.3292,0.75
893.3492,0.75
893.3692,0.75
893.3892,0.75
893.4092,0.75
893.4293,0.75
893.4493,0.75
893.4693,0.75
893.4893,0.75
893.5093,0.75
893.5294,0.75
893.5494,0.75
893.5694,0.75
893.5894,0.75
893.6094,0.75
893.6295,0.75
893.6495,0.75
893.6695,0.75
893.6895,0.75
893.7095,0.75
893.7296,0.75
893.7496,0.75
893.7696,0.75
893.7896,0.75
893.8096,0.75
893.8297,0.75
893.8497,0.75
893.8697,0.75
893.8897,0.75
893.9097,0.75
893.9297,0.75
893.9498,0.75
893.9698,0.75
893.9898,0.75
894.0098,0.75
894.0298,0.75
894.0499,0.75
894.0699,0.75
894.0899,0.75
894.1099,0.75
894.1299,0.75
894.15,0.75
894.17,0.75
894.19,0.75
894.21,0.75
894.23,0.75
894.2501,0.75
894.2701,0.75
894.2901,0.75
894.3101,0.75
894.3301,0.75
894.3502,0.75
894.3702,0.75
894.3902,0.75
894.4102,0.75
894.4302,0.75
894.4503,0.75
894.4703,0.75
894.4903,0.75
894.5103,0.75
894.5303,0.75
894.5504,0.75
894.5704,0.75
894.5904,0.75
894.6104,0.75
894.6304,0.75
894.6505,0.75
894.6705,0.75
894.6905,0.75
894.7105,0.75
894.7305,0.75
894.7505,0.75
894.7706,0.75
894.7906,0.75
894.8106,0.75
894.8306,0.75
894.8506,0.75
894.8707,0.75
894.8907,0.75
894.9107,0.75
894.9307,0.75
894.9507,0.75
894.9708,0.75
894.9908,0.75
895.0108,0.75
895.0308,0.75
895.0508,0.75
895.0709,0.75
895.0909,0.75
895.1109,0.75
895.1309,0.75
895.1509,0.75
895.171,0.75
895.191,0.75
895.211,0.75
895.231,0.75
895.251,0.75
895.2711,0.75
895.2911,0.75
895.3111,0.75
895.3311,0.75
895.3511,0.75
895.3712,0.75
895.3912,0.75
895.4112,0.75
895.4312,0.75
895.4512,0.75
895.4713,0.75
895.4913,0.75
895.5113,0.75
895.5313,0.75
895.5513,0.75
895.5714,0.75
895.5914,0.75
895.6114,0.75
895.6314,0.75
895.6514,0.75
895.6714,0.75
895.6915,0.75
895.7115,0.75
895.7315,0.75
895.7515,0.75
895.7715,0.75
895.7916,0.75
895.8116,0.75
895.8316,0.75
895.8516,0.75
895.8716,0.75
895.8917,0.75
895.9117,0.75
895.9317,0.75
895.9517,0.75
895.9717,0.75
895.9918,0.75
896.0118,0.75
896.0318,0.75
896.0518,0.75
896.0718,0.75
896.0919,0.75
896.1119,0.75
896.1319,0.75
896.1519,0.75
896.1719,0.75
896.192,0.75
896.212,0.75
896.232,0.75
896.252,0.75
896.272,0.75
896.2921,0.75
896.3121,0.75
896.3321,0.75
896.3521,0.75
896.3721,0.75
896.3922,0.75
896.4122,0.75
896.4322,0.75
896.4522,0.75
896.4722,0.75
896.4922,0.75
896.5123,0.75
896.5323,0.75
896.5523,0.75
896.5723,0.75
896.5923,0.75
896.6124,0.75
896.6324,0.75
896.6524,0.75
896.6724,0.75
896.6924,0.75
896.7125,0.75
896.7325,0.75
896.7525,0.75
896.7725,0.75
896.7925,0.75
896.8126,0.75
896.8326,0.75
896.8526,0.75
896.8726,0.75
896.8926,0.75
896.9127,0.75
896.9327,0.75
896.9527,0.75
896.9727,0.75
896.9927,0.75
897.0128,0.75
897.0328,0.75
897.0528,0.75
897.0728,0.75
897.0928,0.75
897.1129,0.75
897.1329,0.75
897.1529,0.75
897.1729,0.75
897.1929,0.75
897.213,0.75
897.233,0.75
897.253,0.75
897.273,0.75
897.293,0.75
897.313,0.75
897.3331,0.75
897.3531,0.75
897.3731,0.75
897.3931,0.75
897.4131,0.75
897.4332,0.75
897.4532,0.75
897.4732,0.75
897.4932,0.75
897.5132,0.75
897.5333,0.75
897.5533,0.75
897.5733,0.75
897.5933,0.75
897.6133,0.75
897.6334,0.75
897.6534,0.75
897.6734,0.75
897.6934,0.75
897.7134,0.75
897.7335,0.75
897.7535,0.75
897.7735,0.75
897.7935,0.75
897.8135,0.75
897.8336,0.75
897.8536,0.75
897.8736,0.75
897.8936,0.75
897.9136,0.75
897.9337,0.75
897.9537,0.75
897.9737,0.75
897.9937,0.75
898.0137,0.75
898.0338,0.75
898.0538,0.75
898.0738,0.75
898.0938,0.75
898.1138,0.75
898.1339,0.75
898.1539,0.75
898.1739,0.75
898.1939,0.75
898.2139,0.75
898.2339,0.75
898.254,0.75
898.274,0.75
898.294,0.75
898.314,0.75
898.334,0.75
898.3541,0.75
898.3741,0.75
898.3941,0.75
898.4141,0.75
898.4341,0.75
898.4542,0.75
898.4742,0.75
898.4942,0.75
898.5142,0.75
898.5342,0.75
898.5543,0.75
898.5743,0.75
898.5943,0.75
898.6143,0.75
898.6343,0.75
898.6544,0.75
898.6744,0.75
898.6944,0.75
898.7144,0.75
898.7344,0.75
898.7545,0.75
898.7745,0.75
898.7945,0.75
898.8145,0.75
898.8345,0.75
898.8546,0.75
898.8746,0.75
898.8946,0.75
898.9146,0.75
898.9346,0.75
898.9547,0.75
898.9747,0.75
898.9947,0.75
899.0147,0.75
899.0347,0.75
899.0547,0.75
899.0748,0.75
899.0948,0.75
899.1148,0.75
899.1348,0.75
899.1548,0.75
899.1749,0.75
899.1949,0.75
899.2149,0.75
899.2349,0.75
899.2549,0.75
899.275,0.75
899.295,0.75
899.315,0.75
899.335,0.75
899.355,0.75
899.3751,0.75
899.3951,0.75
899.4151,0.75
899.4351,0.75
899.4551,0.75
899.4752,0.75
899.4952,0.75
899.5152,0.75
899.5352,0.75
899.5552,0.75
899.5753,0.75
899.5953,0.75
899.6153,0.75
899.6353,0.75
899.6553,0.75
899.6754,0.75
899.6954,0.75
899.7154,0.75
899.7354,0.75
899.7554,0.75
899.7755,0.75
899.7955,0.75
899.8155,0.75
899.8355,0.75
899.8555,0.75
899.8755,0.75
899.8956,0.75
899.9156,0.75
899.9356,0.75
899.9556,0.75
899.9756,0.75
899.9957,0.75
900.0157,0.75
900.0357,0.75
900.0557,0.75
900.0757,0.75
900.0958,0.75
900.1158,0.75
900.1358,0.75
900.1558,0.75
900.1758,0.75
900.1959,0.75
900.2159,0.75
900.2359,0.75
900.2559,0.75
900.2759,0.75
900.296,0.75
900.316,0.75
900.336,0.75
900.356,0.75
900.376,0.75
900.3961,0.75
900.4161,0.75
900.4361,0.75
900.4561,0.75
900.4761,0.75
900.4962,0.75
900.5162,0.75
900.5362,0.75
900.5562,0.75
900.5762,0.75
900.5963,0.75
900.6163,0.75
900.6363,0.75
900.6563,0.75
900.6763,0.75
900.6964,0.75
900.7164,0.75
900.7364,0.75
900.7564,0.75
900.7764,0.75
900.7964,0.75
900.8165,0.75
900.8365,0.75
900.8565,0.75
900.8765,0.75
900.8965,0.75
900.9166,0.75
900.9366,0.75
900.9566,0.75
900.9766,0.75
900.9966,0.75
901.0167,0.75
901.0367,0.75
901.0567,0.75
901.0767,0.75
901.0967,0.75
901.1168,0.75
901.1368,0.75
901.1568,0.75
901.1768,0.75
901.1968,0.75
901.2169,0.75
901.2369,0.75
901.2569,0.75
901.2769,0.75
901.2969,0.75
901.317,0.75
901.337,0.75
901.357,0.75
901.377,0.75
901.397,0.75
901.4171,0.75
901.4371,0.75
901.4571,0.75
901.4771,0.75
901.4971,0.75
901.5172,0.75
901.5372,0.75
901.5572,0.75
901.5772,0.75
901.5972,0.75
901.6172,0.75
901.6373,0.75
901.6573,0.75
901.6773,0.75
901.6973,0.75
901.7173,0.75
901.7374,0.75
901.7574,0.75
901.7774,0.75
901.7974,0.75
901.8174,0.75
901.8375,0.75
901.8575,0.75
901.8775,0.75
901.8975,0.75
901.9175,0.75
901.9376,0.75
901.9576,0.75
901.9776,0.75
901.9976,0.75
902.0176,0.75
902.0377,0.75
902.0577,0.75
902.0777,0.75
902.0977,0.75
902.1177,0.75
902.1378,0.75
902.1578,0.75
902.1778,0.75
902.1978,0.75
902.2178,0.75
902.2379,0.75
902.2579,0.75
902.2779,0.75
902.2979,0.75
902.3179,0.75
902.338,0.75
902.358,0.75
902.378,0.75
902.398,0.75
902.418,0.75
902.438,0.75
902.4581,0.75
902.4781,0.75
902.4981,0.75
902.5181,0.75
902.5381,0.75
902.5582,0.75
902.5782,0.75
902.5982,0.75
902.6182,0.75
902.6382,0.75
902.6583,0.75
902.6783,0.75
902.6983,0.75
902.7183,0.75
902.7383,0.75
902.7584,0.75
902.7784,0.75
902.7984,0.75
902.8184,0.75
902.8384,0.75
902.8585,0.75
902.8785,0.75
902.8985,0.75
902.9185,0.75
902.9385,0.75
902.9586,0.75
902.9786,0.75
902.9986,0.75
903.0186,0.75
903.0386,0.75
903.0587,0.75
903.0787,0.75
903.0987,0.75
903.1187,0.75
903.1387,0.75
903.1588,0.75
903.1788,0.75
903.1988,0.75
903.2188,0.75
903.2388,0.75
903.2589,0.75
903.2789,0.75
903.2989,0.75
903.3189,0.75
903.3389,0.75
903.3589,0.75
903.379,0.75
903.399,0.75
903.419,0.75
903.439,0.75
903.459,0.75
903.4791,0.75
903.4991,0.75
903.5191,0.75
903.5391,0.75
903.5591,0.75
903.5792,0.75
903.5992,0.75
903.6192,0.75
903.6392,0.75
903.6592,0.75
903.6793,0.75
903.6993,0.75
903.7193,0.75
903.7393,0.75
903.7593,0.75
903.7794,0.75
903.7994,0.75
903.8194,0.75
903.8394,0.75
903.8594,0.75
903.8795,0.75
903.8995,0.75
903.9195,0.75
903.9395,0.75
903.9595,0.75
903.9796,0.75
903.9996,0.75
904.0196,0.75
904.0396,0.75
904.0596,0.75
904.0797,0.75
904.0997,0.75
904.1197,0.75
904.1397,0.75
904.1597,0.75
904.1797,0.75
904.1998,0.75
904.2198,0.75
904.2398,0.75
904.2598,0.75
904.2798,0.75
904.2999,0.75
904.3199,0.75
904.3399,0.75
904.3599,0.75
904.3799,0.75
904.4,0.75
904.42,0.75
904.44,0.75
904.46,0.75
904.48,0.75
904.5001,0.75
904.5201,0.75
904.5401,0.75
904.5601,0.75
904.5801,0.75
904.6002,0.75
904.6202,0.75
904.6402,0.75
904.6602,0.75
904.6802,0.75
904.7003,0.75
904.7203,0.75
904.7403,0.75
904.7603,0.75
904.7803,0.75
904.8004,0.75
904.8204,0.75
904.8404,0.75
904.8604,0.75
904.8804,0.75
904.9005,0.75
904.9205,0.75
904.9405,0.75
904.9605,0.75
904.9805,0.75
905.0005,0.75
905.0206,0.75
905.0406,0.75
905.0606,0.75
905.0806,0.75
905.1006,0.75
905.1207,0.75
905.1407,0.75
905.1607,0.75
905.1807,0.75
905.2007,0.75
905.2208,0.75
905.2408,0.75
905.2608,0.75
905.2808,0.75
905.3008,0.75
905.3209,0.75
905.3409,0.75
905.3609,0.75
905.3809,0.75
905.4009,0.75
905.421,0.75
905.441,0.75
905.461,0.75
905.481,0.75
905.501,0.75
905.5211,0.75
905.5411,0.75
905.5611,0.75
905.5811,0.75
905.6011,0.75
905.6212,0.75
905.6412,0.75
905.6612,0.75
905.6812,0.75
905.7012,0.75
905.7213,0.75
905.7413,0.75
905.7613,0.75
905.7813,0.75
905.8013,0.75
905.8214,0.75
905.8414,0.75
905.8614,0.75
905.8814,0.75
905.9014,0.75
905.9214,0.75
905.9415,0.75
905.9615,0.75
905.9815,0.75
906.0015,0.75
906.0215,0.75
906.0416,0.75
906.0616,0.75
906.0816,0.75
906.1016,0.75
906.1216,0.75
906.1417,0.75
906.1617,0.75
906.1817,0.75
906.2017,0.75
906.2217,0.75
906.2418,0.75
906.2618,0.75
906.2818,0.75
906.3018,0.75
906.3218,0.75
906.3419,0.75
906.3619,0.75
906.3819,0.75
906.4019,0.75
906.4219,0.75
906.442,0.75
906.462,0.75
906.482,0.75
906.502,0.75
906.522,0.75
906.5421,0.75
906.5621,0.75
906.5821,0.75
906.6021,0.75
906.6221,0.75
906.6422,0.75
906.6622,0.75
906.6822,0.75
906.7022,0.75
906.7222,0.75
906.7422,0.75
906.7623,0.75
906.7823,0.75
906.8023,0.75
906.8223,0.75
906.8423,0.75
906.8624,0.75
906.8824,0.75
906.9024,0.75
906.9224,0.755
906.9424,0.755
906.9625,0.755
906.9825,0.755
907.0025,0.755
907.0225,0.755
907.0425,0.755
907.0626,0.755
907.0826,0.755
907.1026,0.755
907.1226,0.755
907.1426,0.755
907.1627,0.755
907.1827,0.755
907.2027,0.755
907.2227,0.755
907.2427,0.755
907.2628,0.755
907.2828,0.755
907.3028,0.755
907.3228,0.755
907.3428,0.755
907.3629,0.755
907.3829,0.755
907.4029,0.755
907.4229,0.755
907.4429,0.755
907.463,0.755
907.483,0.755
907.503,0.755
907.523,0.755
907.543,0.755
907.563,0.755
907.5831,0.755
907.6031,0.755
907.6231,0.755
907.6431,0.755
907.6631,0.755
907.6832,0.755
907.7032,0.755
907.7232,0.755
907.7432,0.755
907.7632,0.755
907.7833,0.755
907.8033,0.755
907.8233,0.755
907.8433,0.755
907.8633,0.755
907.8834,0.755
907.9034,0.755
907.9234,0.755
907.9434,0.755
907.9634,0.755
907.9835,0.755
908.0035,0.755
908.0235,0.755
908.0435,0.755
908.0635,0.755
908.0836,0.755
908.1036,0.755
908.1236,0.755
908.1436,0.755
908.1636,0.755
908.1837,0.755
908.2037,0.755
908.2237,0.755
908.2437,0.755
908.2637,0.755
908.2838,0.755
908.3038,0.755
908.3238,0.755
908.3438,0.755
908.3638,0.755
908.3839,0.755
908.4039,0.755
908.4239,0.755
908.4439,0.755
908.4639,0.755
908.4839,0.755
908.504,0.755
908.524,0.755
908.544,0.755
908.564,0.755
908.584,0.755
908.6041,0.755
908.6241,0.755
908.6441,0.755
908.6641,0.755
908.6841,0.755
908.7042,0.755
908.7242,0.755
908.7442,0.755
908.7642,0.755
908.7842,0.755
908.8043,0.755
908.8243,0.755
908.8443,0.755
908.8643,0.755
908.8843,0.755
908.9044,0.755
908.9244,0.755
908.9444,0.755
908.9644,0.755
908.9844,0.755
909.0045,0.755
909.0245,0.755
909.0445,0.755
909.0645,0.755
909.0845,0.755
909.1046,0.755
909.1246,0.755
909.1446,0.755
909.1646,0.755
909.1846,0.755
909.2047,0.755
909.2247,0.755
909.2447,0.755
909.2647,0.755
909.2847,0.755
909.3047,0.755
909.3248,0.755
909.3448,0.755
909.3648,0.755
909.3848,0.755
909.4048,0.755
909.4249,0.755
909.4449,0.755
909.4649,0.755
909.4849,0.755
909.5049,0.755
909.525,0.755
909.545,0.755
909.565,0.755
909.585,0.755
909.605,0.755
909.6251,0.755
909.6451,0.755
909.6651,0.755
909.6851,0.755
909.7051,0.755
909.7252,0.755
909.7452,0.755
909.7652,0.755
909.7852,0.755
909.8052,0.755
909.8253,0.755
909.8453,0.755
909.8653,0.755
909.8853,0.755
909.9053,0.755
909.9254,0.755
909.9454,0.755
909.9654,0.755
909.9854,0.755
910.0054,0.755
910.0255,0.755
910.0455,0.755
910.0655,0.755
910.0855,0.755
910.1055,0.755
910.1255,0.755
910.1456,0.755
910.1656,0.755
910.1856,0.755
910.2056,0.755
910.2256,0.755
910.2457,0.755
910.2657,0.755
910.2857,0.755
910.3057,0.755
910.3257,0.755
910.3458,0.755
910.3658,0.755
910.3858,0.755
910.4058,0.755
910.4258,0.755
910.4459,0.755
910.4659,0.755
910.4859,0.755
910.5059,0.755
910.5259,0.755
910.546,0.755
910.566,0.755
910.586,0.755
910.606,0.755
910.626,0.755
910.6461,0.755
910.6661,0.755
910.6861,0.755
910.7061,0.755
910.7261,0.755
910.7462,0.755
910.7662,0.755
910.7862,0.755
910.8062,0.755
910.8262,0.755
910.8463,0.755
910.8663,0.755
910.8863,0.755
910.9063,0.755
910.9263,0.755
910.9464,0.755
910.9664,0.755
910.9864,0.755
911.0064,0.755
911.0264,0.755
911.0464,0.755
911.0665,0.755
911.0865,0.755
911.1065,0.755
911.1265,0.755
911.1465,0.755
911.1666,0.755
911.1866,0.755
911.2066,0.755
911.2266,0.755
911.2466,0.755
911.2667,0.755
911.2867,0.755
911.3067,0.755
911.3267,0.755
911.3467,0.755
911.3668,0.755
911.3868,0.755
911.4068,0.755
911.4268,0.755
911.4468,0.755
911.4669,0.755
911.4869,0.755
911.5069,0.755
911.5269,0.755
911.5469,0.755
911.567,0.755
911.587,0.755
911.607,0.755
911.627,0.755
911.647,0.755
911.6671,0.755
911.6871,0.755
911.7071,0.755
911.7271,0.755
911.7471,0.755
911.7672,0.755
911.7872,0.755
911.8072,0.755
911.8272,0.755
911.8472,0.755
911.8672,0.755
911.8873,0.755
911.9073,0.755
911.9273,0.755
911.9473,0.755
911.9673,0.755
911.9874,0.755
912.0074,0.755
912.0274,0.755
912.0474,0.755
912.0674,0.755
912.0875,0.755
912.1075,0.755
912.1275,0.755
912.1475,0.755
912.1675,0.755
912.1876,0.755
912.2076,0.755
912.2276,0.755
912.2476,0.755
912.2676,0.755
912.2877,0.755
912.3077,0.755
912.3277,0.755
912.3477,0.755
912.3677,0.755
912.3878,0.755
912.4078,0.755
912.4278,0.755
912.4478,0.755
912.4678,0.755
912.4879,0.755
912.5079,0.755
912.5279,0.755
912.5479,0.755
912.5679,0.755
912.588,0.755
912.608,0.755
912.628,0.755
912.648,0.755
912.668,0.755
912.688,0.755
912.7081,0.755
912.7281,0.755
912.7481,0.755
912.7681,0.755
912.7881,0.755
912.8082,0.755
912.8282,0.755
912.8482,0.755
912.8682,0.755
912.8882,0.755
912.9083,0.755
912.9283,0.76
912.9483,0.76
912.9683,0.76
912.9883,0.76
913.0084,0.76
913.0284,0.76
913.0484,0.76
913.0684,0.76
913.0884,0.76
913.1085,0.76
913.1285,0.76
913.1485,0.76
913.1685,0.76
913.1885,0.76
913.2086,0.76
913.2286,0.76
913.2486,0.76
913.2686,0.76
913.2886,0.76
913.3087,0.76
913.3287,0.76
913.3487,0.76
913.3687,0.76
913.3887,0.76
913.4088,0.76
913.4288,0.76
913.4488,0.76
913.4688,0.76
913.4888,0.76
913.5089,0.76
913.5289,0.76
913.5489,0.76
913.5689,0.76
913.5889,0.76
913.6089,0.76
913.629,0.76
913.649,0.76
913.669,0.76
913.689,0.76
913.709,0.76
913.7291,0.76
913.7491,0.76
913.7691,0.76
913.7891,0.76
913.8091,0.76
913.8292,0.76
913.8492,0.76
913.8692,0.76
913.8892,0.76
913.9092,0.76
913.9293,0.76
913.9493,0.76
913.9693,0.76
913.9893,0.76
914.0093,0.76
914.0294,0.76
914.0494,0.76
914.0694,0.76
914.0894,0.76
914.1094,0.76
914.1295,0.76
914.1495,0.76
914.1695,0.76
914.1895,0.76
914.2095,0.76
914.2296,0.76
914.2496,0.76
914.2696,0.76
914.2896,0.76
914.3096,0.76
914.3297,0.76
914.3497,0.76
914.3697,0.76
914.3897,0.76
914.4097,0.76
914.4297,0.76
914.4498,0.76
914.4698,0.76
914.4898,0.76
914.5098,0.76
914.5298,0.76
914.5499,0.76
914.5699,0.76
914.5899,0.76
914.6099,0.76
914.6299,0.76
914.65,0.76
914.67,0.76
914.69,0.76
914.71,0.76
914.73,0.76
914.7501,0.76
914.7701,0.76
914.7901,0.76
914.8101,0.76
914.8301,0.76
914.8502,0.76
914.8702,0.76
914.8902,0.76
914.9102,0.76
914.9302,0.76
914.9503,0.76
914.9703,0.76
914.9903,0.76
915.0103,0.76
915.0303,0.76
915.0504,0.76
915.0704,0.76
915.0904,0.76
915.1104,0.76
915.1304,0.76
915.1505,0.76
915.1705,0.76
915.1905,0.76
915.2105,0.76
915.2305,0.76
915.2505,0.76
915.2706,0.76
915.2906,0.76
915.3106,0.76
915.3306,0.76
915.3506,0.76
915.3707,0.76
915.3907,0.76
915.4107,0.76
915.4307,0.76
915.4507,0.76
915.4708,0.76
915.4908,0.76
915.5108,0.76
915.5308,0.76
915.5508,0.76
915.5709,0.76
915.5909,0.76
915.6109,0.76
915.6309,0.76
915.6509,0.76
915.671,0.76
915.691,0.76
915.711,0.76
915.731,0.76
915.751,0.76
915.7711,0.76
915.7911,0.76
915.8111,0.76
915.8311,0.76
915.8511,0.76
915.8712,0.76
915.8912,0.76
915.9112,0.76
915.9312,0.76
915.9512,0.76
915.9713,0.76
915.9913,0.76
916.0113,0.76
916.0313,0.76
916.0513,0.76
916.0714,0.76
916.0914,0.76
916.1114,0.76
916.1314,0.76
916.1514,0.76
916.1714,0.76
916.1915,0.76
916.2115,0.76
916.2315,0.76
916.2515,0.76
916.2715,0.76
916.2916,0.76
916.3116,0.76
916.3316,0.76
916.3516,0.76
916.3716,0.76
916.3917,0.76
916.4117,0.76
916.4317,0.76
916.4517,0.76
916.4717,0.76
916.4918,0.76
916.5118,0.76
916.5318,0.76
916.5518,0.76
916.5718,0.76
916.5919,0.76
916.6119,0.76
916.6319,0.76
916.6519,0.76
916.6719,0.76
916.692,0.76
916.712,0.76
916.732,0.76
916.752,0.76
916.772,0.76
916.7921,0.76
916.8121,0.76
916.8321,0.76
916.8521,0.76
916.8721,0.76
916.8922,0.76
916.9122,0.76
916.9322,0.76
916.9522,0.76
916.9722,0.76
916.9922,0.76
917.0123,0.76
917.0323,0.76
917.0523,0.76
917.0723,0.76
917.0923,0.76
917.1124,0.76
917.1324,0.76
917.1524,0.76
917.1724,0.76
917.1924,0.76
917.2125,0.76
917.2325,0.76
917.2525,0.76
917.2725,0.76
917.2925,0.76
917.3126,0.76
917.3326,0.76
917.3526,0.76
917.3726,0.76
917.3926,0.76
917.4127,0.76
917.4327,0.76
917.4527,0.76
917.4727,0.76
917.4927,0.76
917.5128,0.76
917.5328,0.76
917.5528,0.76
917.5728,0.76
917.5928,0.76
917.6129,0.76
917.6329,0.76
917.6529,0.76
917.6729,0.76
917.6929,0.76
917.713,0.76
917.733,0.76
917.753,0.76
917.773,0.76
917.793,0.76
917.813,0.76
917.8331,0.76
917.8531,0.76
917.8731,0.76
917.8931,0.76
917.9131,0.76
917.9332,0.76
917.9532,0.76
917.9732,0.76
917.9932,0.76
918.0132,0.76
918.0333,0.76
918.0533,0.76
918.0733,0.76
918.0933,0.76
918.1133,0.76
918.1334,0.76
918.1534,0.76
918.1734,0.76
918.1934,0.76
918.2134,0.76
918.2335,0.76
918.2535,0.76
918.2735,0.76
918.2935,0.76
918.3135,0.76
918.3336,0.76
918.3536,0.76
918.3736,0.76
918.3936,0.76
918.4136,0.76
918.4337,0.76
918.4537,0.76
918.4737,0.76
918.4937,0.76
918.5137,0.76
918.5338,0.76
918.5538,0.76
918.5738,0.76
918.5938,0.76
918.6138,0.76
918.6339,0.76
918.6539,0.76
918.6739,0.76
918.6939,0.76
918.7139,0.76
918.7339,0.76
918.754,0.76
918.774,0.76
918.794,0.76
918.814,0.76
918.834,0.76
918.8541,0.76
918.8741,0.76
918.8941,0.76
918.9141,0.76
918.9341,0.765
918.9542,0.765
918.9742,0.765
918.9942,0.765
919.0142,0.765
919.0342,0.765
919.0543,0.765
919.0743,0.765
919.0943,0.765
919.1143,0.765
919.1343,0.765
919.1544,0.765
919.1744,0.765
919.1944,0.765
919.2144,0.765
919.2344,0.765
919.2545,0.765
919.2745,0.765
919.2945,0.765
919.3145,0.765
919.3345,0.765
919.3546,0.765
919.3746,0.765
919.3946,0.765
919.4146,0.765
919.4346,0.765
919.4547,0.765
919.4747,0.765
919.4947,0.765
919.5147,0.765
919.5347,0.765
919.5547,0.765
919.5748,0.765
919.5948,0.765
919.6148,0.765
919.6348,0.765
919.6548,0.765
919.6749,0.765
919.6949,0.765
919.7149,0.765
919.7349,0.765
919.7549,0.765
919.775,0.765
919.795,0.765
919.815,0.765
919.835,0.765
919.855,0.765
919.8751,0.765
919.8951,0.765
919.9151,0.765
919.9351,0.765
919.9551,0.765
919.9752,0.765
919.9952,0.765
920.0152,0.765
920.0352,0.765
920.0552,0.765
920.0753,0.765
920.0953,0.765
920.1153,0.765
920.1353,0.765
920.1553,0.765
920.1754,0.765
920.1954,0.765
920.2154,0.765
920.2354,0.765
920.2554,0.765
920.2755,0.765
920.2955,0.765
920.3155,0.765
920.3355,0.765
920.3555,0.765
920.3755,0.765
920.3956,0.765
920.4156,0.765
920.4356,0.765
920.4556,0.765
920.4756,0.765
920.4957,0.765
920.5157,0.765
920.5357,0.765
920.5557,0.765
920.5757,0.765
920.5958,0.765
920.6158,0.765
920.6358,0.765
920.6558,0.765
920.6758,0.765
920.6959,0.765
920.7159,0.765
920.7359,0.765
920.7559,0.765
920.7759,0.765
920.796,0.765
920.816,0.765
920.836,0.765
920.856,0.765
920.876,0.765
920.8961,0.765
920.9161,0.765
920.9361,0.765
920.9561,0.765
920.9761,0.765
920.9962,0.765
921.0162,0.765
921.0362,0.765
921.0562,0.765
921.0762,0.765
921.0963,0.765
921.1163,0.765
921.1363,0.765
921.1563,0.765
921.1763,0.765
921.1964,0.765
921.2164,0.765
921.2364,0.765
921.2564,0.765
921.2764,0.765
921.2964,0.765
921.3165,0.765
921.3365,0.765
921.3565,0.765
921.3765,0.765
921.3965,0.765
921.4166,0.765
921.4366,0.765
921.4566,0.765
921.4766,0.765
921.4966,0.765
921.5167,0.765
921.5367,0.765
921.5567,0.765
921.5767,0.765
921.5967,0.765
921.6168,0.765
921.6368,0.765
921.6568,0.765
921.6768,0.765
921.6968,0.765
921.7169,0.765
921.7369,0.765
921.7569,0.765
921.7769,0.765
921.7969,0.765
921.817,0.765
921.837,0.765
921.857,0.765
921.877,0.765
921.897,0.765
921.9171,0.765
921.9371,0.765
921.9571,0.765
921.9771,0.765
921.9971,0.765
922.0172,0.765
922.0372,0.765
922.0572,0.765
922.0772,0.765
922.0972,0.765
922.1172,0.765
922.1373,0.765
922.1573,0.765
922.1773,0.765
922.1973,0.765
922.2173,0.765
922.2374,0.765
922.2574,0.765
922.2774,0.765
922.2974,0.765
922.3174,0.765
922.3375,0.765
922.3575,0.765
922.3775,0.765
922.3975,0.765
922.4175,0.765
922.4376,0.765
922.4576,0.765
922.4776,0.765
922.4976,0.765
922.5176,0.765
922.5377,0.765
922.5577,0.765
922.5777,0.765
922.5977,0.765
922.6177,0.765
922.6378,0.765
922.6578,0.765
922.6778,0.765
922.6978,0.765
922.7178,0.765
922.7379,0.765
922.7579,0.765
922.7779,0.765
922.7979,0.765
922.8179,0.765
922.838,0.765
922.858,0.765
922.878,0.765
922.898,0.765
922.918,0.765
922.938,0.765
922.9581,0.765
922.9781,0.765
922.9981,0.765
923.0181,0.765
923.0381,0.765
923.0582,0.765
923.0782,0.765
923.0982,0.765
923.1182,0.765
923.1382,0.765
923.1583,0.765
923.1783,0.765
923.1983,0.765
923.2183,0.765
923.2383,0.765
923.2584,0.765
923.2784,0.765
923.2984,0.765
923.3184,0.765
923.3384,0.765
923.3585,0.765
923.3785,0.765
923.3985,0.765
923.4185,0.765
923.4385,0.765
923.4586,0.765
923.4786,0.765
923.4986,0.765
923.5186,0.765
923.5386,0.765
923.5587,0.765
923.5787,0.765
923.5987,0.765
923.6187,0.765
923.6387,0.765
923.6588,0.765
923.6788,0.765
923.6988,0.765
923.7188,0.765
923.7388,0.765
923.7589,0.765
923.7789,0.765
923.7989,0.765
923.8189,0.765
923.8389,0.765
923.8589,0.765
923.879,0.765
923.899,0.765
923.919,0.765
923.939,0.765
923.959,0.765
923.9791,0.765
923.9991,0.765
924.0191,0.765
924.0391,0.765
924.0591,0.765
924.0792,0.765
924.0992,0.765
924.1192,0.765
924.1392,0.765
924.1592,0.765
924.1793,0.765
924.1993,0.765
924.2193,0.765
924.2393,0.765
924.2593,0.765
924.2794,0.765
924.2994,0.765
924.3194,0.765
924.3394,0.765
924.3594,0.765
924.3795,0.765
924.3995,0.765
924.4195,0.765
924.4395,0.765
924.4595,0.765
924.4796,0.765
924.4996,0.765
924.5196,0.765
924.5396,0.765
924.5596,0.765
924.5797,0.765
924.5997,0.765
924.6197,0.765
924.6397,0.765
924.6597,0.765
924.6797,0.765
924.6998,0.765
924.7198,0.765
924.7398,0.765
924.7598,0.765
924.7798,0.765
924.7999,0.765
924.8199,0.765
924.8399,0.765
924.8599,0.765
924.8799,0.765
924.9,0.765
924.92,0.765
924.94,0.765
924.96,0.765
924.98,0.765
925.0001,0.765
925.0201,0.765
925.0401,0.765
925.0601,0.765
925.0801,0.765
925.1002,0.765
925.1202,0.765
925.1402,0.765
925.1602,0.765
925.1802,0.765
925.2003,0.765
925.2203,0.765
925.2403,0.765
925.2603,0.765
925.2803,0.765
925.3004,0.765
925.3204,0.765
925.3404,0.765
925.3604,0.765
925.3804,0.765
925.4005,0.765
925.4205,0.765
925.4405,0.765
925.4605,0.765
925.4805,0.765
925.5005,0.765
925.5206,0.765
925.5406,0.765
925.5606,0.765
925.5806,0.765
925.6006,0.765
925.6207,0.765
925.6407,0.765
925.6607,0.765
925.6807,0.765
925.7007,0.765
925.7208,0.765
925.7408,0.765
925.7608,0.765
925.7808,0.765
925.8008,0.765
925.8209,0.765
925.8409,0.765
925.8609,0.765
925.8809,0.765
925.9009,0.765
925.921,0.765
925.941,0.765
925.961,0.765
925.981,0.765
926.001,0.765
926.0211,0.765
926.0411,0.765
926.0611,0.765
926.0811,0.765
926.1011,0.765
926.1212,0.765
926.1412,0.765
926.1612,0.765
926.1812,0.765
926.2012,0.765
926.2213,0.765
926.2413,0.765
926.2613,0.765
926.2813,0.765
926.3013,0.765
926.3214,0.765
926.3414,0.765
926.3614,0.765
926.3814,0.765
926.4014,0.765
926.4214,0.765
926.4415,0.765
926.4615,0.765
926.4815,0.765
926.5015,0.765
926.5215,0.765
926.5416,0.765
926.5616,0.765
926.5816,0.765
926.6016,0.765
926.6216,0.77
926.6417,0.77
926.6617,0.77
926.6817,0.77
926.7017,0.77
926.7217,0.77
926.7418,0.77
926.7618,0.77
926.7818,0.77
926.8018,0.77
926.8218,0.77
926.8419,0.77
926.8619,0.77
926.8819,0.77
926.9019,0.77
926.9219,0.77
926.942,0.77
926.962,0.77
926.982,0.77
927.002,0.77
927.022,0.77
927.0421,0.77
927.0621,0.77
927.0821,0.77
927.1021,0.77
927.1221,0.77
927.1422,0.77
927.1622,0.77
927.1822,0.77
927.2022,0.77
927.2222,0.77
927.2422,0.77
927.2623,0.77
927.2823,0.77
927.3023,0.77
927.3223,0.77
927.3423,0.77
927.3624,0.77
927.3824,0.77
927.4024,0.77
927.4224,0.77
927.4424,0.77
927.4625,0.77
927.4825,0.77
927.5025,0.77
927.5225,0.77
927.5425,0.77
927.5626,0.77
927.5826,0.77
927.6026,0.77
927.6226,0.77
927.6426,0.77
927.6627,0.77
927.6827,0.77
927.7027,0.77
927.7227,0.77
927.7427,0.77
927.7628,0.77
927.7828,0.77
927.8028,0.77
927.8228,0.77
927.8428,0.77
927.8629,0.77
927.8829,0.77
927.9029,0.77
927.9229,0.77
927.9429,0.77
927.963,0.77
927.983,0.77
928.003,0.77
928.023,0.77
928.043,0.77
928.063,0.77
928.0831,0.77
928.1031,0.77
928.1231,0.77
928.1431,0.77
928.1631,0.77
928.1832,0.77
928.2032,0.77
928.2232,0.77
928.2432,0.77
928.2632,0.77
928.2833,0.775
928.3033,0.775
928.3233,0.775
928.3433,0.775
928.3633,0.775
928.3834,0.775
928.4034,0.775
928.4234,0.775
928.4434,0.775
928.4634,0.775
928.4835,0.775
928.5035,0.775
928.5235,0.775
928.5435,0.775
928.5635,0.775
928.5836,0.775
928.6036,0.775
928.6236,0.775
928.6436,0.775
928.6636,0.775
928.6837,0.775
928.7037,0.775
928.7237,0.775
928.7437,0.775
928.7637,0.775
928.7838,0.775
928.8038,0.775
928.8238,0.775
928.8438,0.775
928.8638,0.775
928.8839,0.775
928.9039,0.775
928.9239,0.775
928.9439,0.775
928.9639,0.775
928.9839,0.775
929.004,0.775
929.024,0.775
929.044,0.775
929.064,0.775
929.084,0.775
929.1041,0.775
929.1241,0.775
929.1441,0.775
929.1641,0.775
929.1841,0.775
929.2042,0.775
929.2242,0.775
929.2442,0.775
929.2642,0.775
929.2842,0.775
929.3043,0.775
929.3243,0.775
929.3443,0.775
929.3643,0.775
929.3843,0.775
929.4044,0.775
929.4244,0.775
929.4444,0.775
929.4644,0.775
929.4844,0.775
929.5045,0.775
929.5245,0.775
929.5445,0.775
929.5645,0.775
929.5845,0.775
929.6046,0.775
929.6246,0.78
929.6446,0.78
929.6646,0.78
929.6846,0.78
929.7047,0.78
929.7247,0.78
929.7447,0.78
929.7647,0.78
929.7847,0.78
929.8047,0.78
929.8248,0.78
929.8448,0.78
929.8648,0.78
929.8848,0.78
929.9048,0.78
929.9249,0.78
929.9449,0.785
929.9649,0.785
929.9849,0.785
930.0049,0.785
930.025,0.785
930.045,0.785
930.065,0.785
930.085,0.785
930.105,0.785
930.1251,0.785
930.1451,0.785
930.1651,0.785
930.1851,0.785
930.2051,0.785
930.2252,0.785
930.2452,0.785
930.2652,0.785
930.2852,0.785
930.3052,0.785
930.3253,0.785
930.3453,0.785
930.3653,0.785
930.3853,0.785
930.4053,0.785
930.4254,0.785
930.4454,0.785
930.4654,0.785
930.4854,0.785
930.5054,0.785
930.5255,0.785
930.5455,0.785
930.5655,0.785
930.5855,0.785
930.6055,0.785
930.6255,0.785
930.6456,0.785
930.6656,0.785
930.6856,0.785
930.7056,0.785
930.7256,0.785
930.7457,0.785
930.7657,0.785
930.7857,0.785
930.8057,0.785
930.8257,0.785
930.8458,0.785
930.8658,0.785
930.8858,0.785
930.9058,0.785
930.9258,0.785
930.9459,0.785
930.9659,0.785
930.9859,0.785
931.0059,0.785
931.0259,0.785
931.046,0.785
931.066,0.785
931.086,0.785
931.106,0.785
931.126,0.785
931.1461,0.785
931.1661,0.785
931.1861,0.785
931.2061,0.785
931.2261,0.785
931.2462,0.785
931.2662,0.785
931.2862,0.785
931.3062,0.785
931.3262,0.785
931.3463,0.785
931.3663,0.785
931.3863,0.785
931.4063,0.785
931.4263,0.785
931.4464,0.785
931.4664,0.785
931.4864,0.785
931.5064,0.785
931.5264,0.785
931.5464,0.785
931.5665,0.785
931.5865,0.785
931.6065,0.785
931.6265,0.785
931.6465,0.785
931.6666,0.785
931.6866,0.785
931.7066,0.785
931.7266,0.785
931.7466,0.785
931.7667,0.785
931.7867,0.785
931.8067,0.785
931.8267,0.785
931.8467,0.785
931.8668,0.785
931.8868,0.785
931.9068,0.785
931.9268,0.785
931.9468,0.785
931.9669,0.785
931.9869,0.785
932.0069,0.785
932.0269,0.785
932.0469,0.785
932.067,0.785
932.087,0.785
932.107,0.785
932.127,0.785
932.147,0.785
932.1671,0.785
932.1871,0.785
932.2071,0.785
932.2271,0.785
932.2471,0.785
932.2672,0.785
932.2872,0.795
932.3072,0.795
932.3272,0.795
932.3472,0.795
932.3672,0.795
932.3873,0.795
932.4073,0.795
932.4273,0.795
932.4473,0.795
932.4673,0.795
932.4874,0.795
932.5074,0.795
932.5274,0.795
932.5474,0.795
932.5674,0.795
932.5875,0.795
932.6075,0.795
932.6275,0.795
932.6475,0.795
932.6675,0.795
932.6876,0.795
932.7076,0.795
932.7276,0.795
932.7476,0.795
932.7676,0.795
932.7877,0.795
932.8077,0.795
932.8277,0.795
932.8477,0.795
932.8677,0.795
932.8878,0.795
932.9078,0.795
932.9278,0.795
932.9478,0.795
932.9678,0.795
932.9879,0.795
933.0079,0.795
933.0279,0.795
933.0479,0.795
933.0679,0.795
933.088,0.795
933.108,0.795
933.128,0.795
933.148,0.795
933.168,0.795
933.188,0.795
933.2081,0.795
933.2281,0.795
933.2481,0.795
933.2681,0.795
933.2881,0.795
933.3082,0.795
933.3282,0.795
933.3482,0.795
933.3682,0.795
933.3882,0.795
933.4083,0.795
933.4283,0.795
933.4483,0.795
933.4683,0.795
933.4883,0.795
933.5084,0.795
933.5284,0.795
933.5484,0.795
933.5684,0.795
933.5884,0.795
933.6085,0.795
933.6285,0.795
933.6485,0.795
933.6685,0.795
933.6885,0.795
933.7086,0.795
933.7286,0.795
933.7486,0.795
933.7686,0.795
933.7886,0.795
933.8087,0.795
933.8287,0.795
933.8487,0.795
933.8687,0.795
933.8887,0.795
933.9088,0.795
933.9288,0.795
933.9488,0.795
933.9688,0.795
933.9888,0.795
934.0089,0.795
934.0289,0.795
934.0489,0.795
934.0689,0.795
934.0889,0.795
934.1089,0.795
934.129,0.795
934.149,0.795
934.169,0.795
934.189,0.795
934.209,0.795
934.2291,0.795
934.2491,0.795
934.2691,0.795
934.2891,0.8
934.3091,0.8
934.3292,0.8
934.3492,0.8
934.3692,0.8
934.3892,0.8
934.4092,0.8
934.4293,0.8
934.4493,0.8
934.4693,0.8
934.4893,0.8
934.5093,0.8
934.5294,0.8
934.5494,0.8
934.5694,0.8
934.5894,0.8
934.6094,0.8
934.6295,0.8
934.6495,0.8
934.6695,0.8
934.6895,0.8
934.7095,0.8
934.7296,0.8
934.7496,0.8
934.7696,0.8
934.7896,0.8
934.8096,0.8
934.8297,0.8
934.8497,0.8
934.8697,0.8
934.8897,0.8
934.9097,0.8
934.9297,0.8
934.9498,0.8
934.9698,0.8
934.9898,0.8
935.0098,0.8
935.0298,0.8
935.0499,0.8
935.0699,0.8
935.0899,0.8
935.1099,0.8
935.1299,0.8
935.15,0.8
935.17,0.8
935.19,0.8
935.21,0.8
935.23,0.8
935.2501,0.8
935.2701,0.8
935.2901,0.8
935.3101,0.8
935.3301,0.8
935.3502,0.8
935.3702,0.8
935.3902,0.8
935.4102,0.8
935.4302,0.8
935.4503,0.8
935.4703,0.8
935.4903,0.8
935.5103,0.8
935.5303,0.8
935.5504,0.8
935.5704,0.8
935.5904,0.8
935.6104,0.8
935.6304,0.8
935.6505,0.8
935.6705,0.8
935.6905,0.8
935.7105,0.8
935.7305,0.8
935.7505,0.8
935.7706,0.8
935.7906,0.8
935.8106,0.8
935.8306,0.8
935.8506,0.8
935.8707,0.8
935.8907,0.8
935.9107,0.8
935.9307,0.8
935.9507,0.81
935.9708,0.81
935.9908,0.81
936.0108,0.81
936.0308,0.81
936.0508,0.81
936.0709,0.81
936.0909,0.81
936.1109,0.81
936.1309,0.81
936.1509,0.81
936.171,0.81
936.191,0.81
936.211,0.81
936.231,0.81
936.251,0.81
936.2711,0.81
936.2911,0.81
936.3111,0.81
936.3311,0.81
936.3511,0.81
936.3712,0.81
936.3912,0.81
936.4112,0.81
936.4312,0.81
936.4512,0.81
936.4713,0.81
936.4913,0.81
936.5113,0.81
936.5313,0.81
936.5513,0.81
936.5714,0.81
936.5914,0.81
936.6114,0.81
936.6314,0.81
936.6514,0.81
936.6714,0.81
936.6915,0.81
936.7115,0.81
936.7315,0.81
936.7515,0.81
936.7715,0.81
936.7916,0.81
936.8116,0.81
936.8316,0.81
936.8516,0.81
936.8716,0.81
936.8917,0.81
936.9117,0.81
936.9317,0.81
936.9517,0.81
936.9717,0.81
936.9918,0.81
937.0118,0.81
937.0318,0.81
937.0518,0.81
937.0718,0.81
937.0919,0.81
937.1119,0.81
937.1319,0.81
937.1519,0.81
937.1719,0.81
937.192,0.81
937.212,0.81
937.232,0.81
937.252,0.81
937.272,0.81
937.2921,0.815
937.3121,0.815
937.3321,0.815
937.3521,0.815
937.3721,0.815
937.3922,0.815
937.4122,0.815
937.4322,0.815
937.4522,0.815
937.4722,0.815
937.4922,0.815
937.5123,0.815
937.5323,0.815
937.5523,0.815
937.5723,0.815
937.5923,0.815
937.6124,0.815
937.6324,0.815
937.6524,0.815
937.6724,0.815
937.6924,0.815
937.7125,0.815
937.7325,0.815
937.7525,0.815
937.7725,0.815
937.7925,0.815
937.8126,0.815
937.8326,0.815
937.8526,0.815
937.8726,0.815
937.8926,0.815
937.9127,0.815
937.9327,0.815
937.9527,0.815
937.9727,0.815
937.9927,0.815
938.0128,0.815
938.0328,0.815
938.0528,0.815
938.0728,0.815
938.0928,0.815
938.1129,0.815
938.1329,0.815
938.1529,0.815
938.1729,0.815
938.1929,0.815
938.213,0.815
938.233,0.815
938.253,0.815
938.273,0.815
938.293,0.815
938.313,0.815
938.3331,0.815
938.3531,0.815
938.3731,0.815
938.3931,0.815
938.4131,0.815
938.4332,0.815
938.4532,0.815
938.4732,0.815
938.4932,0.815
938.5132,0.815
938.5333,0.815
938.5533,0.815
938.5733,0.815
938.5933,0.815
938.6133,0.815
938.6334,0.815
938.6534,0.815
938.6734,0.815
938.6934,0.815
938.7134,0.815
938.7335,0.815
938.7535,0.815
938.7735,0.815
938.7935,0.815
938.8135,0.815
938.8336,0.815
938.8536,0.815
938.8736,0.815
938.8936,0.815
938.9136,0.815
938.9337,0.815
938.9537,0.815
938.9737,0.815
938.9937,0.815
939.0137,0.815
939.0338,0.815
939.0538,0.815
939.0738,0.815
939.0938,0.815
939.1138,0.815
939.1339,0.815
939.1539,0.815
939.1739,0.815
939.1939,0.815
939.2139,0.815
939.2339,0.815
939.254,0.815
939.274,0.815
939.294,0.815
939.314,0.815
939.334,0.815
939.3541,0.815
939.3741,0.815
939.3941,0.815
939.4141,0.815
939.4341,0.815
939.4542,0.815
939.4742,0.815
939.4942,0.815
939.5142,0.815
939.5342,0.815
939.5543,0.815
939.5743,0.815
939.5943,0.815
939.6143,0.815
939.6343,0.815
939.6544,0.815
939.6744,0.815
939.6944,0.815
939.7144,0.815
939.7344,0.815
939.7545,0.815
939.7745,0.815
939.7945,0.815
939.8145,0.815
939.8345,0.815
939.8546,0.815
939.8746,0.815
939.8946,0.815
939.9146,0.815
939.9346,0.815
939.9547,0.815
939.9747,0.815
939.9947,0.815
940.0147,0.815
940.0347,0.815
940.0547,0.815
940.0748,0.815
940.0948,0.815
940.1148,0.815
940.1348,0.815
940.1548,0.815
940.1749,0.815
940.1949,0.815
940.2149,0.815
940.2349,0.815
940.2549,0.815
940.275,0.815
940.295,0.82
940.315,0.82
940.335,0.82
940.355,0.82
940.3751,0.82
940.3951,0.82
940.4151,0.82
940.4351,0.82
940.4551,0.82
940.4752,0.82
940.4952,0.82
940.5152,0.82
940.5352,0.82
940.5552,0.82
940.5753,0.82
940.5953,0.82
940.6153,0.82
940.6353,0.82
940.6553,0.82
940.6754,0.82
940.6954,0.82
940.7154,0.82
940.7354,0.82
940.7554,0.82
940.7755,0.82
940.7955,0.82
940.8155,0.82
940.8355,0.82
940.8555,0.82
940.8755,0.82
940.8956,0.82
940.9156,0.82
940.9356,0.82
940.9556,0.82
940.9756,0.82
940.9957,0.82
941.0157,0.82
941.0357,0.82
941.0557,0.82
941.0757,0.82
941.0958,0.82
941.1158,0.82
941.1358,0.82
941.1558,0.82
941.1758,0.82
941.1959,0.82
941.2159,0.82
941.2359,0.82
941.2559,0.82
941.2759,0.82
941.296,0.82
941.316,0.82
941.336,0.82
941.356,0.82
941.376,0.82
941.3961,0.82
941.4161,0.82
941.4361,0.82
941.4561,0.82
941.4761,0.82
941.4962,0.82
941.5162,0.82
941.5362,0.82
941.5562,0.82
941.5762,0.82
941.5963,0.82
941.6163,0.82
941.6363,0.82
941.6563,0.82
941.6763,0.82
941.6964,0.82
941.7164,0.82
941.7364,0.82
941.7564,0.82
941.7764,0.82
941.7964,0.82
941.8165,0.82
941.8365,0.82
941.8565,0.82
941.8765,0.82
941.8965,0.82
941.9166,0.82
941.9366,0.82
941.9566,0.825
941.9766,0.825
941.9966,0.825
942.0167,0.825
942.0367,0.825
942.0567,0.825
942.0767,0.825
942.0967,0.825
942.1168,0.825
942.1368,0.825
942.1568,0.825
942.1768,0.825
942.1968,0.825
942.2169,0.825
942.2369,0.825
942.2569,0.825
942.2769,0.825
942.2969,0.83
942.317,0.83
942.337,0.83
942.357,0.83
942.377,0.83
942.397,0.83
942.4171,0.83
942.4371,0.83
942.4571,0.83
942.4771,0.83
942.4971,0.83
942.5172,0.83
942.5372,0.83
942.5572,0.83
942.5772,0.83
942.5972,0.83
942.6172,0.83
942.6373,0.83
942.6573,0.83
942.6773,0.83
942.6973,0.83
942.7173,0.83
942.7374,0.83
942.7574,0.83
942.7774,0.83
942.7974,0.83
942.8174,0.83
942.8375,0.83
942.8575,0.83
942.8775,0.83
942.8975,0.83
942.9175,0.83
942.9376,0.83
942.9576,0.835
942.9776,0.835
942.9976,0.835
943.0176,0.835
943.0377,0.835
943.0577,0.835
943.0777,0.835
943.0977,0.835
943.1177,0.835
943.1378,0.835
943.1578,0.835
943.1778,0.835
943.1978,0.835
943.2178,0.835
943.2379,0.835
943.2579,0.835
943.2779,0.835
943.2979,0.835
943.3179,0.835
943.338,0.835
943.358,0.835
943.378,0.835
943.398,0.835
943.418,0.835
943.438,0.835
943.4581,0.835
943.4781,0.835
943.4981,0.835
943.5181,0.835
943.5381,0.835
943.5582,0.835
943.5782,0.835
943.5982,0.835
943.6182,0.835
943.6382,0.835
943.6583,0.835
943.6783,0.835
943.6983,0.835
943.7183,0.835
943.7383,0.835
943.7584,0.835
943.7784,0.835
943.7984,0.835
943.8184,0.835
943.8384,0.835
943.8585,0.835
943.8785,0.835
943.8985,0.835
943.9185,0.835
943.9385,0.835
943.9586,0.84
943.9786,0.84
943.9986,0.84
944.0186,0.84
944.0386,0.84
944.0587,0.84
944.0787,0.84
944.0987,0.84
944.1187,0.84
944.1387,0.84
944.1588,0.84
944.1788,0.84
944.1988,0.84
944.2188,0.84
944.2388,0.84
944.2589,0.84
944.2789,0.84
944.2989,0.845
944.3189,0.845
944.3389,0.845
944.3589,0.845
944.379,0.845
944.399,0.845
944.419,0.845
944.439,0.845
944.459,0.845
944.4791,0.845
944.4991,0.845
944.5191,0.845
944.5391,0.845
944.5591,0.845
944.5792,0.845
944.5992,0.845
944.6192,0.845
944.6392,0.85
944.6592,0.85
944.6793,0.85
944.6993,0.85
944.7193,0.85
944.7393,0.85
944.7593,0.85
944.7794,0.85
944.7994,0.85
944.8194,0.85
944.8394,0.85
944.8594,0.85
944.8795,0.85
944.8995,0.85
944.9195,0.85
944.9395,0.85
944.9595,0.85
944.9796,0.85
944.9996,0.85
945.0196,0.85
945.0396,0.85
945.0596,0.85
945.0797,0.85
945.0997,0.85
945.1197,0.85
945.1397,0.85
945.1597,0.85
945.1797,0.85
945.1998,0.85
945.2198,0.85
945.2398,0.85
945.2598,0.85
945.2798,0.85
945.2999,0.85
945.3199,0.85
945.3399,0.85
945.3599,0.85
945.3799,0.85
945.4,0.85
945.42,0.85
945.44,0.85
945.46,0.85
945.48,0.85
945.5001,0.85
945.5201,0.85
945.5401,0.85
945.5601,0.85
945.5801,0.85
945.6002,0.85
945.6202,0.85
945.6402,0.85
945.6602,0.85
945.6802,0.85
945.7003,0.85
945.7203,0.85
945.7403,0.85
945.7603,0.85
945.7803,0.85
945.8004,0.85
945.8204,0.85
945.8404,0.85
945.8604,0.85
945.8804,0.85
945.9005,0.85
945.9205,0.85
945.9405,0.85
945.9605,0.85
945.9805,0.85
946.0005,0.85
946.0206,0.85
946.0406,0.85
946.0606,0.85
946.0806,0.85
946.1006,0.85
946.1207,0.85
946.1407,0.85
946.1607,0.85
946.1807,0.85
946.2007,0.85
946.2208,0.85
946.2408,0.85
946.2608,0.85
946.2808,0.85
946.3008,0.85
946.3209,0.85
946.3409,0.85
946.3609,0.85
946.3809,0.85
946.4009,0.85
946.421,0.85
946.441,0.85
946.461,0.85
946.481,0.85
946.501,0.85
946.5211,0.85
946.5411,0.85
946.5611,0.85
946.5811,0.85
946.6011,0.85
946.6212,0.85
946.6412,0.85
946.6612,0.85
946.6812,0.85
946.7012,0.85
946.7213,0.85
946.7413,0.85
946.7613,0.85
946.7813,0.85
946.8013,0.85
946.8214,0.85
946.8414,0.85
946.8614,0.85
946.8814,0.85
946.9014,0.85
946.9214,0.85
946.9415,0.85
946.9615,0.85
946.9815,0.85
947.0015,0.85
947.0215,0.85
947.0416,0.85
947.0616,0.85
947.0816,0.85
947.1016,0.85
947.1216,0.85
947.1417,0.85
947.1617,0.85
947.1817,0.85
947.2017,0.85
947.2217,0.85
947.2418,0.85
947.2618,0.85
947.2818,0.85
947.3018,0.85
947.3218,0.85
947.3419,0.85
947.3619,0.85
947.3819,0.85
947.4019,0.85
947.4219,0.85
947.442,0.85
947.462,0.85
947.482,0.85
947.502,0.85
947.522,0.85
947.5421,0.85
947.5621,0.85
947.5821,0.85
947.6021,0.85
947.6221,0.85
947.6422,0.85
947.6622,0.85
947.6822,0.85
947.7022,0.85
947.7222,0.85
947.7422,0.85
947.7623,0.85
947.7823,0.85
947.8023,0.85
947.8223,0.85
947.8423,0.85
947.8624,0.85
947.8824,0.85
947.9024,0.85
947.9224,0.85
947.9424,0.85
947.9625,0.85
947.9825,0.85
948.0025,0.85
948.0225,0.85
948.0425,0.85
948.0626,0.85
948.0826,0.85
948.1026,0.85
948.1226,0.85
948.1426,0.85
948.1627,0.85
948.1827,0.85
948.2027,0.85
948.2227,0.85
948.2427,0.85
948.2628,0.85
948.2828,0.85
948.3028,0.85
948.3228,0.85
948.3428,0.85
948.3629,0.85
948.3829,0.85
948.4029,0.85
948.4229,0.85
948.4429,0.85
948.463,0.85
948.483,0.85
948.503,0.85
948.523,0.85
948.543,0.85
948.563,0.85
948.5831,0.85
948.6031,0.85
948.6231,0.85
948.6431,0.85
948.6631,0.85
948.6832,0.85
948.7032,0.85
948.7232,0.85
948.7432,0.85
948.7632,0.85
948.7833,0.85
948.8033,0.85
948.8233,0.85
948.8433,0.85
948.8633,0.85
948.8834,0.85
948.9034,0.85
948.9234,0.85
948.9434,0.85
948.9634,0.85
948.9835,0.85
949.0035,0.85
949.0235,0.85
949.0435,0.85
949.0635,0.85
949.0836,0.85
949.1036,0.85
949.1236,0.85
949.1436,0.85
949.1636,0.85
949.1837,0.85
949.2037,0.85
949.2237,0.85
949.2437,0.85
949.2637,0.85
949.2838,0.85
949.3038,0.85
949.3238,0.85
949.3438,0.85
949.3638,0.85
949.3839,0.85
949.4039,0.85
949.4239,0.85
949.4439,0.85
949.4639,0.85
949.4839,0.85
949.504,0.85
949.524,0.85
949.544,0.85
949.564,0.85
949.584,0.85
949.6041,0.85
949.6241,0.85
949.6441,0.85
949.6641,0.85
949.6841,0.85
949.7042,0.85
949.7242,0.85
949.7442,0.85
949.7642,0.85
949.7842,0.85
949.8043,0.85
949.8243,0.85
949.8443,0.85
949.8643,0.85
949.8843,0.85
949.9044,0.85
949.9244,0.85
949.9444,0.85
949.9644,0.85
949.9844,0.85
950.0045,0.85
950.0245,0.85
950.0445,0.85
950.0645,0.85
950.0845,0.85
950.1046,0.85
950.1246,0.85
950.1446,0.85
950.1646,0.85
950.1846,0.85
950.2047,0.85
950.2247,0.85
950.2447,0.85
950.2647,0.85
950.2847,0.85
950.3047,0.85
950.3248,0.85
950.3448,0.85
950.3648,0.85
950.3848,0.85
950.4048,0.85
950.4249,0.85
950.4449,0.85
950.4649,0.85
950.4849,0.85
950.5049,0.85
950.525,0.85
950.545,0.85
950.565,0.85
950.585,0.85
950.605,0.85
950.6251,0.85
950.6451,0.85
950.6651,0.85
950.6851,0.85
950.7051,0.85
950.7252,0.85
950.7452,0.85
950.7652,0.85
950.7852,0.85
950.8052,0.85
950.8253,0.85
950.8453,0.85
950.8653,0.85
950.8853,0.85
950.9053,0.85
950.9254,0.85
950.9454,0.85
950.9654,0.85
950.9854,0.85
951.0054,0.85
951.0255,0.85
951.0455,0.85
951.0655,0.85
951.0855,0.85
951.1055,0.85
951.1255,0.85
951.1456,0.85
951.1656,0.85
951.1856,0.85
951.2056,0.85
951.2256,0.85
951.2457,0.85
951.2657,0.85
951.2857,0.85
951.3057,0.85
951.3257,0.85
951.3458,0.85
951.3658,0.85
951.3858,0.85
951.4058,0.85
951.4258,0.85
951.4459,0.85
951.4659,0.85
951.4859,0.85
951.5059,0.85
951.5259,0.85
951.546,0.85
951.566,0.85
951.586,0.85
951.606,0.85
951.626,0.85
951.6461,0.85
951.6661,0.85
951.6861,0.85
951.7061,0.85
951.7261,0.85
951.7462,0.85
951.7662,0.85
951.7862,0.85
951.8062,0.85
951.8262,0.85
951.8463,0.85
951.8663,0.85
951.8863,0.85
951.9063,0.85
951.9263,0.85
951.9464,0.85
951.9664,0.85
951.9864,0.85
952.0064,0.85
952.0264,0.85
952.0464,0.85
952.0665,0.85
952.0865,0.85
952.1065,0.85
952.1265,0.85
952.1465,0.85
952.1666,0.85
952.1866,0.85
952.2066,0.85
952.2266,0.85
952.2466,0.85
952.2667,0.85
952.2867,0.85
952.3067,0.85
952.3267,0.85
952.3467,0.85
952.3668,0.85
952.3868,0.85
952.4068,0.85
952.4268,0.85
952.4468,0.85
952.4669,0.85
952.4869,0.85
952.5069,0.85
952.5269,0.85
952.5469,0.85
952.567,0.85
952.587,0.85
952.607,0.85
952.627,0.85
952.647,0.85
952.6671,0.85
952.6871,0.85
952.7071,0.85
952.7271,0.85
952.7471,0.85
952.7672,0.85
952.7872,0.85
952.8072,0.85
952.8272,0.85
952.8472,0.85
952.8672,0.85
952.8873,0.85
952.9073,0.85
952.9273,0.85
952.9473,0.85
952.9673,0.85
952.9874,0.85
953.0074,0.85
953.0274,0.85
953.0474,0.85
953.0674,0.85
953.0875,0.85
953.1075,0.85
953.1275,0.85
953.1475,0.85
953.1675,0.85
953.1876,0.85
953.2076,0.85
953.2276,0.85
953.2476,0.85
953.2676,0.85
953.2877,0.85
953.3077,0.85
953.3277,0.85
953.3477,0.85
953.3677,0.85
953.3878,0.85
953.4078,0.85
953.4278,0.85
953.4478,0.85
953.4678,0.85
953.4879,0.85
953.5079,0.85
953.5279,0.85
953.5479,0.85
953.5679,0.85
953.588,0.85
953.608,0.85
953.628,0.85
953.648,0.85
953.668,0.85
953.688,0.85
953.7081,0.85
953.7281,0.85
953.7481,0.85
953.7681,0.85
953.7881,0.85
953.8082,0.85
953.8282,0.85
953.8482,0.85
953.8682,0.85
953.8882,0.85
953.9083,0.85
953.9283,0.85
953.9483,0.85
953.9683,0.85
953.9883,0.85
954.0084,0.85
954.0284,0.85
954.0484,0.85
954.0684,0.85
954.0884,0.85
954.1085,0.85
954.1285,0.85
954.1485,0.85
954.1685,0.85
954.1885,0.85
954.2086,0.85
954.2286,0.85
954.2486,0.85
954.2686,0.85
954.2886,0.85
954.3087,0.85
954.3287,0.85
954.3487,0.85
954.3687,0.85
954.3887,0.85
954.4088,0.85
954.4288,0.85
954.4488,0.85
954.4688,0.85
954.4888,0.85
954.5089,0.85
954.5289,0.85
954.5489,0.85
954.5689,0.85
954.5889,0.85
954.6089,0.85
954.629,0.85
954.649,0.85
954.669,0.85
954.689,0.85
954.709,0.85
954.7291,0.85
954.7491,0.85
954.7691,0.85
954.7891,0.85
954.8091,0.85
954.8292,0.85
954.8492,0.85
954.8692,0.85
954.8892,0.85
954.9092,0.85
954.9293,0.85
954.9493,0.85
954.9693,0.85
954.9893,0.85
955.0093,0.85
955.0294,0.85
955.0494,0.85
955.0694,0.85
955.0894,0.85
955.1094,0.85
955.1295,0.85
955.1495,0.85
955.1695,0.85
955.1895,0.85
955.2095,0.85
955.2296,0.85
955.2496,0.85
955.2696,0.85
955.2896,0.85
955.3096,0.85
955.3297,0.85
955.3497,0.85
955.3697,0.85
955.3897,0.85
955.4097,0.85
955.4297,0.85
955.4498,0.85
955.4698,0.85
955.4898,0.85
955.5098,0.85
955.5298,0.85
955.5499,0.85
955.5699,0.85
955.5899,0.85
955.6099,0.85
955.6299,0.85
955.65,0.85
955.67,0.85
955.69,0.85
955.71,0.85
955.73,0.85
955.7501,0.85
955.7701,0.85
955.7901,0.85
955.8101,0.85
955.8301,0.85
955.8502,0.85
955.8702,0.85
955.8902,0.85
955.9102,0.85
955.9302,0.85
955.9503,0.85
955.9703,0.85
955.9903,0.85
956.0103,0.85
956.0303,0.85
956.0504,0.85
956.0704,0.85
956.0904,0.85
956.1104,0.85
956.1304,0.85
956.1505,0.85
956.1705,0.85
956.1905,0.85
956.2105,0.85
956.2305,0.85
956.2505,0.85
956.2706,0.85
956.2906,0.85
956.3106,0.85
956.3306,0.85
956.3506,0.85
956.3707,0.85
956.3907,0.85
956.4107,0.85
956.4307,0.85
956.4507,0.85
956.4708,0.85
956.4908,0.85
956.5108,0.85
956.5308,0.85
956.5508,0.85
956.5709,0.85
956.5909,0.85
956.6109,0.85
956.6309,0.85
956.6509,0.85
956.671,0.85
956.691,0.85
956.711,0.85
956.731,0.85
956.751,0.85
956.7711,0.85
956.7911,0.85
956.8111,0.85
956.8311,0.85
956.8511,0.85
956.8712,0.85
956.8912,0.85
956.9112,0.85
956.9312,0.85
956.9512,0.85
956.9713,0.85
956.9913,0.85
957.0113,0.85
957.0313,0.85
957.0513,0.85
957.0714,0.85
957.0914,0.85
957.1114,0.85
957.1314,0.85
957.1514,0.85
957.1714,0.85
957.1915,0.85
957.2115,0.85
957.2315,0.85
957.2515,0.85
957.2715,0.85
957.2916,0.85
957.3116,0.85
957.3316,0.85
957.3516,0.85
957.3716,0.85
957.3917,0.85
957.4117,0.85
957.4317,0.85
957.4517,0.85
957.4717,0.85
957.4918,0.85
957.5118,0.85
957.5318,0.85
957.5518,0.85
957.5718,0.85
957.5919,0.85
957.6119,0.85
957.6319,0.85
957.6519,0.85
957.6719,0.85
957.692,0.85
957.712,0.85
957.732,0.85
957.752,0.85
957.772,0.85
957.7921,0.85
957.8121,0.85
957.8321,0.85
957.8521,0.85
957.8721,0.85
957.8922,0.85
957.9122,0.85
957.9322,0.85
957.9522,0.85
957.9722,0.85
957.9922,0.85
958.0123,0.85
958.0323,0.85
958.0523,0.85
958.0723,0.85
958.0923,0.85
958.1124,0.85
958.1324,0.85
958.1524,0.85
958.1724,0.85
958.1924,0.85
958.2125,0.85
958.2325,0.85
958.2525,0.85
958.2725,0.85
958.2925,0.85
958.3126,0.85
958.3326,0.85
958.3526,0.85
958.3726,0.85
958.3926,0.85
958.4127,0.85
958.4327,0.85
958.4527,0.85
958.4727,0.85
958.4927,0.85
958.5128,0.85
958.5328,0.85
958.5528,0.85
958.5728,0.85
958.5928,0.85
958.6129,0.85
958.6329,0.85
958.6529,0.85
958.6729,0.85
958.6929,0.85
958.713,0.85
958.733,0.85
958.753,0.85
958.773,0.85
958.793,0.85
958.813,0.85
958.8331,0.85
958.8531,0.85
958.8731,0.85
958.8931,0.85
958.9131,0.85
958.9332,0.85
958.9532,0.85
958.9732,0.85
958.9932,0.85
959.0132,0.85
959.0333,0.85
959.0533,0.85
959.0733,0.85
959.0933,0.85
959.1133,0.85
959.1334,0.85
959.1534,0.85
959.1734,0.85
959.1934,0.85
959.2134,0.85
959.2335,0.85
959.2535,0.85
959.2735,0.85
959.2935,0.85
959.3135,0.85
959.3336,0.85
959.3536,0.85
959.3736,0.85
959.3936,0.85
959.4136,0.85
959.4337,0.85
959.4537,0.85
959.4737,0.85
959.4937,0.85
959.5137,0.85
959.5338,0.85
959.5538,0.85
959.5738,0.85
959.5938,0.85
959.6138,0.85
959.6339,0.85
959.6539,0.85
959.6739,0.85
959.6939,0.85
959.7139,0.85
959.7339,0.85
959.754,0.85
959.774,0.85
959.794,0.85
959.814,0.85
959.834,0.85
959.8541,0.85
959.8741,0.85
959.8941,0.85
959.9141,0.85
959.9341,0.85
959.9542,0.85
959.9742,0.85
959.9942,0.85
960.0142,0.85
960.0342,0.85
960.0543,0.85
960.0743,0.85
960.0943,0.85
960.1143,0.85
960.1343,0.85
960.1544,0.85
960.1744,0.85
960.1944,0.85
960.2144,0.85
960.2344,0.85
960.2545,0.85
960.2745,0.85
960.2945,0.85
960.3145,0.85
960.3345,0.85
960.3546,0.85
960.3746,0.85
960.3946,0.85
960.4146,0.85
960.4346,0.85
960.4547,0.85
960.4747,0.85
960.4947,0.85
960.5147,0.85
960.5347,0.85
960.5547,0.85
960.5748,0.85
960.5948,0.85
960.6148,0.85
960.6348,0.85
960.6548,0.85
960.6749,0.85
960.6949,0.85
960.7149,0.85
960.7349,0.85
960.7549,0.85
960.775,0.85
960.795,0.85
960.815,0.85
960.835,0.85
960.855,0.85
960.8751,0.85
960.8951,0.85
960.9151,0.85
960.9351,0.85
960.9551,0.85
960.9752,0.85
960.9952,0.85
961.0152,0.85
961.0352,0.85
961.0552,0.85
961.0753,0.85
961.0953,0.85
961.1153,0.85
961.1353,0.85
961.1553,0.85
961.1754,0.85
961.1954,0.85
961.2154,0.85
961.2354,0.85
961.2554,0.85
961.2755,0.85
961.2955,0.85
961.3155,0.85
961.3355,0.85
961.3555,0.85
961.3755,0.85
961.3956,0.85
961.4156,0.85
961.4356,0.85
961.4556,0.85
961.4756,0.85
961.4957,0.85
961.5157,0.85
961.5357,0.85
961.5557,0.85
961.5757,0.85
961.5958,0.85
961.6158,0.85
961.6358,0.85
961.6558,0.85
961.6758,0.85
961.6959,0.85
961.7159,0.85
961.7359,0.85
961.7559,0.85
961.7759,0.85
961.796,0.85
961.816,0.85
961.836,0.85
961.856,0.85
961.876,0.85
961.8961,0.85
961.9161,0.85
961.9361,0.85
961.9561,0.85
961.9761,0.85
961.9962,0.85
962.0162,0.85
962.0362,0.85
962.0562,0.85
962.0762,0.85
962.0963,0.85
962.1163,0.85
962.1363,0.85
962.1563,0.85
962.1763,0.85
962.1964,0.85
962.2164,0.85
962.2364,0.85
962.2564,0.85
962.2764,0.85
962.2964,0.85
962.3165,0.86
962.3365,0.86
962.3565,0.86
962.3765,0.86
962.3965,0.86
962.4166,0.86
962.4366,0.86
962.4566,0.86
962.4766,0.86
962.4966,0.86
962.5167,0.86
962.5367,0.86
962.5567,0.86
962.5767,0.86
962.5967,0.86
962.6168,0.86
962.6368,0.86
962.6568,0.86
962.6768,0.86
962.6968,0.86
962.7169,0.86
962.7369,0.86
962.7569,0.86
962.7769,0.86
962.7969,0.86
962.817,0.86
962.837,0.86
962.857,0.86
962.877,0.86
962.897,0.86
962.9171,0.86
962.9371,0.86
962.9571,0.86
962.9771,0.86
962.9971,0.86
963.0172,0.86
963.0372,0.86
963.0572,0.86
963.0772,0.86
963.0972,0.86
963.1172,0.86
963.1373,0.86
963.1573,0.86
963.1773,0.86
963.1973,0.86
963.2173,0.86
963.2374,0.86
963.2574,0.86
963.2774,0.86
963.2974,0.86
963.3174,0.86
963.3375,0.86
963.3575,0.86
963.3775,0.86
963.3975,0.86
963.4175,0.86
963.4376,0.86
963.4576,0.86
963.4776,0.86
963.4976,0.86
963.5176,0.86
963.5377,0.86
963.5577,0.86
963.5777,0.86
963.5977,0.86
963.6177,0.86
963.6378,0.86
963.6578,0.86
963.6778,0.86
963.6978,0.86
963.7178,0.86
963.7379,0.86
963.7579,0.86
963.7779,0.86
963.7979,0.86
963.8179,0.86
963.838,0.86
963.858,0.86
963.878,0.86
963.898,0.86
963.918,0.86
963.938,0.86
963.9581,0.86
963.9781,0.86
963.9981,0.86
964.0181,0.86
964.0381,0.86
964.0582,0.86
964.0782,0.86
964.0982,0.86
964.1182,0.86
964.1382,0.86
964.1583,0.86
964.1783,0.86
964.1983,0.86
964.2183,0.86
964.2383,0.86
964.2584,0.86
964.2784,0.86
964.2984,0.86
964.3184,0.86
964.3384,0.86
964.3585,0.86
964.3785,0.86
964.3985,0.86
964.4185,0.86
964.4385,0.86
964.4586,0.86
964.4786,0.86
964.4986,0.86
964.5186,0.86
964.5386,0.86
964.5587,0.86
964.5787,0.86
964.5987,0.86
964.6187,0.86
964.6387,0.86
964.6588,0.86
964.6788,0.86
964.6988,0.86
964.7188,0.86
964.7388,0.86
964.7589,0.86
964.7789,0.86
964.7989,0.86
964.8189,0.86
964.8389,0.86
964.8589,0.86
964.879,0.86
964.899,0.86
964.919,0.86
964.939,0.86
964.959,0.86
964.9791,0.86
964.9991,0.86
965.0191,0.86
965.0391,0.86
965.0591,0.86
965.0792,0.86
965.0992,0.86
965.1192,0.86
965.1392,0.86
965.1592,0.86
965.1793,0.86
965.1993,0.86
965.2193,0.86
965.2393,0.86
965.2593,0.86
965.2794,0.86
965.2994,0.86
965.3194,0.86
965.3394,0.86
965.3594,0.86
965.3795,0.86
965.3995,0.86
965.4195,0.86
965.4395,0.86
965.4595,0.86
965.4796,0.86
965.4996,0.86
965.5196,0.86
965.5396,0.86
965.5596,0.86
965.5797,0.86
965.5997,0.86
965.6197,0.86
965.6397,0.86
965.6597,0.865
965.6797,0.865
965.6998,0.865
965.7198,0.865
965.7398,0.865
965.7598,0.865
965.7798,0.865
965.7999,0.865
965.8199,0.865
965.8399,0.865
965.8599,0.865
965.8799,0.865
965.9,0.865
965.92,0.865
965.94,0.865
965.96,0.865
965.98,0.865
966.0001,0.865
966.0201,0.865
966.0401,0.865
966.0601,0.865
966.0801,0.865
966.1002,0.865
966.1202,0.865
966.1402,0.865
966.1602,0.865
966.1802,0.865
966.2003,0.865
966.2203,0.865
966.2403,0.865
966.2603,0.865
966.2803,0.865
966.3004,0.865
966.3204,0.865
966.3404,0.865
966.3604,0.865
966.3804,0.865
966.4005,0.865
966.4205,0.865
966.4405,0.865
966.4605,0.865
966.4805,0.865
966.5005,0.865
966.5206,0.865
966.5406,0.865
966.5606,0.865
966.5806,0.865
966.6006,0.865
966.6207,0.865
966.6407,0.865
966.6607,0.865
966.6807,0.865
966.7007,0.865
966.7208,0.865
966.7408,0.865
966.7608,0.865
966.7808,0.865
966.8008,0.865
966.8209,0.865
966.8409,0.865
966.8609,0.865
966.8809,0.865
966.9009,0.865
966.921,0.865
966.941,0.865
966.961,0.865
966.981,0.865
967.001,0.865
967.0211,0.865
967.0411,0.865
967.0611,0.865
967.0811,0.865
967.1011,0.865
967.1212,0.865
967.1412,0.865
967.1612,0.865
967.1812,0.865
967.2012,0.865
967.2213,0.865
967.2413,0.865
967.2613,0.865
967.2813,0.865
967.3013,0.865
967.3214,0.865
967.3414,0.865
967.3614,0.865
967.3814,0.865
967.4014,0.865
967.4214,0.865
967.4415,0.865
967.4615,0.865
967.4815,0.865
967.5015,0.865
967.5215,0.865
967.5416,0.865
967.5616,0.865
967.5816,0.865
967.6016,0.865
967.6216,0.865
967.6417,0.865
967.6617,0.865
967.6817,0.865
967.7017,0.865
967.7217,0.865
967.7418,0.865
967.7618,0.865
967.7818,0.865
967.8018,0.865
967.8218,0.865
967.8419,0.865
967.8619,0.865
967.8819,0.865
967.9019,0.865
967.9219,0.865
967.942,0.865
967.962,0.865
967.982,0.865
968.002,0.865
968.022,0.865
968.0421,0.865
968.0621,0.865
968.0821,0.865
968.1021,0.865
968.1221,0.865
968.1422,0.865
968.1622,0.865
968.1822,0.865
968.2022,0.865
968.2222,0.865
968.2422,0.865
968.2623,0.865
968.2823,0.865
968.3023,0.865
968.3223,0.865
968.3423,0.865
968.3624,0.865
968.3824,0.865
968.4024,0.865
968.4224,0.865
968.4424,0.865
968.4625,0.865
968.4825,0.865
968.5025,0.865
968.5225,0.865
968.5425,0.865
968.5626,0.865
968.5826,0.865
968.6026,0.865
968.6226,0.865
968.6426,0.865
968.6627,0.865
968.6827,0.865
968.7027,0.865
968.7227,0.865
968.7427,0.865
968.7628,0.865
968.7828,0.865
968.8028,0.865
968.8228,0.865
968.8428,0.865
968.8629,0.865
968.8829,0.865
968.9029,0.865
968.9229,0.865
968.9429,0.865
968.963,0.865
968.983,0.865
969.003,0.865
969.023,0.865
969.043,0.865
969.063,0.865
969.0831,0.865
969.1031,0.865
969.1231,0.865
969.1431,0.865
969.1631,0.865
969.1832,0.865
969.2032,0.865
969.2232,0.865
969.2432,0.865
969.2632,0.865
969.2833,0.865
969.3033,0.865
969.3233,0.87
969.3433,0.87
969.3633,0.87
969.3834,0.87
969.4034,0.87
969.4234,0.87
969.4434,0.87
969.4634,0.87
969.4835,0.87
969.5035,0.87
969.5235,0.87
969.5435,0.87
969.5635,0.87
969.5836,0.87
969.6036,0.87
969.6236,0.87
969.6436,0.87
969.6636,0.87
969.6837,0.87
969.7037,0.87
969.7237,0.87
969.7437,0.87
969.7637,0.87
969.7838,0.87
969.8038,0.87
969.8238,0.87
969.8438,0.87
969.8638,0.87
969.8839,0.87
969.9039,0.87
969.9239,0.87
969.9439,0.87
969.9639,0.87
969.9839,0.87
970.004,0.87
970.024,0.87
970.044,0.87
970.064,0.87
970.084,0.87
970.1041,0.87
970.1241,0.87
970.1441,0.87
970.1641,0.87
970.1841,0.87
970.2042,0.87
970.2242,0.87
970.2442,0.87
970.2642,0.87
970.2842,0.87
970.3043,0.87
970.3243,0.875
970.3443,0.875
970.3643,0.875
970.3843,0.875
970.4044,0.875
970.4244,0.875
970.4444,0.875
970.4644,0.875
970.4844,0.875
970.5045,0.875
970.5245,0.875
970.5445,0.875
970.5645,0.875
970.5845,0.875
970.6046,0.875
970.6246,0.875
970.6446,0.875
970.6646,0.875
970.6846,0.875
970.7047,0.875
970.7247,0.875
970.7447,0.875
970.7647,0.875
970.7847,0.875
970.8047,0.875
970.8248,0.875
970.8448,0.875
970.8648,0.875
970.8848,0.875
970.9048,0.875
970.9249,0.875
970.9449,0.875
970.9649,0.875
970.9849,0.875
971.0049,0.875
971.025,0.875
971.045,0.875
971.065,0.875
971.085,0.875
971.105,0.875
971.1251,0.875
971.1451,0.875
971.1651,0.875
971.1851,0.875
971.2051,0.875
971.2252,0.875
971.2452,0.875
971.2652,0.875
971.2852,0.875
971.3052,0.875
971.3253,0.875
971.3453,0.875
971.3653,0.875
971.3853,0.875
971.4053,0.875
971.4254,0.875
971.4454,0.875
971.4654,0.875
971.4854,0.875
971.5054,0.875
971.5255,0.875
971.5455,0.875
971.5655,0.875
971.5855,0.875
971.6055,0.875
971.6255,0.875
971.6456,0.875
971.6656,0.875
971.6856,0.875
971.7056,0.875
971.7256,0.875
971.7457,0.875
971.7657,0.875
971.7857,0.875
971.8057,0.875
971.8257,0.875
971.8458,0.875
971.8658,0.875
971.8858,0.875
971.9058,0.875
971.9258,0.875
971.9459,0.875
971.9659,0.875
971.9859,0.875
972.0059,0.875
972.0259,0.875
972.046,0.875
972.066,0.875
972.086,0.875
972.106,0.875
972.126,0.875
972.1461,0.875
972.1661,0.875
972.1861,0.875
972.2061,0.875
972.2261,0.875
972.2462,0.875
972.2662,0.875
972.2862,0.875
972.3062,0.875
972.3262,0.875
972.3463,0.875
972.3663,0.875
972.3863,0.875
972.4063,0.875
972.4263,0.875
972.4464,0.875
972.4664,0.875
972.4864,0.875
972.5064,0.875
972.5264,0.875
972.5464,0.875
972.5665,0.875
972.5865,0.875
972.6065,0.875
972.6265,0.875
972.6465,0.875
972.6666,0.875
972.6866,0.875
972.7066,0.875
972.7266,0.875
972.7466,0.875
972.7667,0.875
972.7867,0.875
972.8067,0.875
972.8267,0.875
972.8467,0.875
972.8668,0.875
972.8868,0.875
972.9068,0.875
972.9268,0.875
972.9468,0.875
972.9669,0.875
972.9869,0.88
973.0069,0.88
973.0269,0.88
973.0469,0.88
973.067,0.88
973.087,0.88
973.107,0.88
973.127,0.88
973.147,0.88
973.1671,0.88
973.1871,0.88
973.2071,0.88
973.2271,0.88
973.2471,0.88
973.2672,0.88
973.2872,0.88
973.3072,0.88
973.3272,0.89
973.3472,0.89
973.3672,0.89
973.3873,0.89
973.4073,0.89
973.4273,0.89
973.4473,0.89
973.4673,0.89
973.4874,0.89
973.5074,0.89
973.5274,0.89
973.5474,0.89
973.5674,0.89
973.5875,0.89
973.6075,0.89
973.6275,0.89
973.6475,0.89
973.6675,0.89
973.6876,0.89
973.7076,0.89
973.7276,0.89
973.7476,0.89
973.7676,0.89
973.7877,0.89
973.8077,0.89
973.8277,0.89
973.8477,0.89
973.8677,0.89
973.8878,0.89
973.9078,0.89
973.9278,0.89
973.9478,0.89
973.9678,0.89
973.9879,0.89
974.0079,0.89
974.0279,0.89
974.0479,0.89
974.0679,0.89
974.088,0.89
974.108,0.89
974.128,0.89
974.148,0.89
974.168,0.89
974.188,0.89
974.2081,0.89
974.2281,0.89
974.2481,0.89
974.2681,0.89
974.2881,0.89
974.3082,0.89
974.3282,0.89
974.3482,0.89
974.3682,0.89
974.3882,0.89
974.4083,0.89
974.4283,0.89
974.4483,0.89
974.4683,0.89
974.4883,0.89
974.5084,0.89
974.5284,0.89
974.5484,0.89
974.5684,0.89
974.5884,0.89
974.6085,0.89
974.6285,0.89
974.6485,0.89
974.6685,0.89
974.6885,0.89
974.7086,0.89
974.7286,0.89
974.7486,0.89
974.7686,0.89
974.7886,0.89
974.8087,0.89
974.8287,0.89
974.8487,0.89
974.8687,0.89
974.8887,0.89
974.9088,0.89
974.9288,0.89
974.9488,0.89
974.9688,0.89
974.9888,0.89
975.0089,0.89
975.0289,0.89
975.0489,0.89
975.0689,0.89
975.0889,0.89
975.1089,0.89
975.129,0.89
975.149,0.89
975.169,0.89
975.189,0.89
975.209,0.89
975.2291,0.89
975.2491,0.89
975.2691,0.89
975.2891,0.89
975.3091,0.89
975.3292,0.89
975.3492,0.89
975.3692,0.89
975.3892,0.89
975.4092,0.89
975.4293,0.89
975.4493,0.89
975.4693,0.89
975.4893,0.89
975.5093,0.89
975.5294,0.89
975.5494,0.89
975.5694,0.89
975.5894,0.89
975.6094,0.89
975.6295,0.89
975.6495,0.89
975.6695,0.89
975.6895,0.89
975.7095,0.89
975.7296,0.89
975.7496,0.89
975.7696,0.89
975.7896,0.89
975.8096,0.89
975.8297,0.89
975.8497,0.89
975.8697,0.89
975.8897,0.89
975.9097,0.89
975.9297,0.89
975.9498,0.89
975.9698,0.89
975.9898,0.89
976.0098,0.89
976.0298,0.89
976.0499,0.89
976.0699,0.89
976.0899,0.89
976.1099,0.89
976.1299,0.89
976.15,0.89
976.17,0.89
976.19,0.89
976.21,0.89
976.23,0.89
976.2501,0.89
976.2701,0.89
976.2901,0.89
976.3101,0.89
976.3301,0.89
976.3502,0.89
976.3702,0.89
976.3902,0.89
976.4102,0.89
976.4302,0.89
976.4503,0.89
976.4703,0.89
976.4903,0.89
976.5103,0.89
976.5303,0.89
976.5504,0.89
976.5704,0.89
976.5904,0.89
976.6104,0.89
976.6304,0.89
976.6505,0.89
976.6705,0.89
976.6905,0.89
976.7105,0.89
976.7305,0.89
976.7505,0.89
976.7706,0.89
976.7906,0.89
976.8106,0.89
976.8306,0.89
976.8506,0.89
976.8707,0.89
976.8907,0.89
976.9107,0.89
976.9307,0.89
976.9507,0.89
976.9708,0.89
976.9908,0.89
977.0108,0.89
977.0308,0.89
977.0508,0.89
977.0709,0.89
977.0909,0.89
977.1109,0.89
977.1309,0.89
977.1509,0.89
977.171,0.89
977.191,0.89
977.211,0.89
977.231,0.89
977.251,0.89
977.2711,0.89
977.2911,0.89
977.3111,0.89
977.3311,0.89
977.3511,0.89
977.3712,0.89
977.3912,0.89
977.4112,0.89
977.4312,0.89
977.4512,0.89
977.4713,0.89
977.4913,0.89
977.5113,0.89
977.5313,0.89
977.5513,0.89
977.5714,0.89
977.5914,0.89
977.6114,0.89
977.6314,0.89
977.6514,0.89
977.6714,0.89
977.6915,0.89
977.7115,0.89
977.7315,0.89
977.7515,0.89
977.7715,0.89
977.7916,0.89
977.8116,0.89
977.8316,0.89
977.8516,0.89
977.8716,0.89
977.8917,0.89
977.9117,0.89
977.9317,0.89
977.9517,0.89
977.9717,0.89
977.9918,0.89
978.0118,0.89
978.0318,0.89
978.0518,0.89
978.0718,0.89
978.0919,0.89
978.1119,0.89
978.1319,0.89
978.1519,0.89
978.1719,0.89
978.192,0.89
978.212,0.89
978.232,0.89
978.252,0.89
978.272,0.89
978.2921,0.89
978.3121,0.89
978.3321,0.89
978.3521,0.89
978.3721,0.89
978.3922,0.89
978.4122,0.89
978.4322,0.89
978.4522,0.89
978.4722,0.89
978.4922,0.89
978.5123,0.89
978.5323,0.89
978.5523,0.89
978.5723,0.89
978.5923,0.89
978.6124,0.89
978.6324,0.89
978.6524,0.89
978.6724,0.895
978.6924,0.895
978.7125,0.895
978.7325,0.895
978.7525,0.895
978.7725,0.895
978.7925,0.895
978.8126,0.895
978.8326,0.895
978.8526,0.895
978.8726,0.895
978.8926,0.895
978.9127,0.895
978.9327,0.895
978.9527,0.895
978.9727,0.895
978.9927,0.9
979.0128,0.9
979.0328,0.9
979.0528,0.9
979.0728,0.9
979.0928,0.9
979.1129,0.9
979.1329,0.9
979.1529,0.9
979.1729,0.9
979.1929,0.9
979.213,0.9
979.233,0.9
979.253,0.9
979.273,0.9
979.293,0.9
979.313,0.9
979.3331,0.9
979.3531,0.9
979.3731,0.9
979.3931,0.9
979.4131,0.9
979.4332,0.9
979.4532,0.9
979.4732,0.9
979.4932,0.9
979.5132,0.9
979.5333,0.9
979.5533,0.9
979.5733,0.9
979.5933,0.9
979.6133,0.9
979.6334,0.9
979.6534,0.9
979.6734,0.9
979.6934,0.9
979.7134,0.9
979.7335,0.9
979.7535,0.9
979.7735,0.9
979.7935,0.9
979.8135,0.9
979.8336,0.9
979.8536,0.9
979.8736,0.9
979.8936,0.9
979.9136,0.9
979.9337,0.9
979.9537,0.9
979.9737,0.9
979.9937,0.905
980.0137,0.905
980.0338,0.905
980.0538,0.905
980.0738,0.905
980.0938,0.905
980.1138,0.905
980.1339,0.905
980.1539,0.905
980.1739,0.905
980.1939,0.905
980.2139,0.905
980.2339,0.905
980.254,0.905
980.274,0.905
980.294,0.905
980.314,0.905
980.334,0.905
980.3541,0.905
980.3741,0.905
980.3941,0.905
980.4141,0.905
980.4341,0.905
980.4542,0.905
980.4742,0.905
980.4942,0.905
980.5142,0.905
980.5342,0.905
980.5543,0.905
980.5743,0.905
980.5943,0.905
980.6143,0.905
980.6343,0.905
980.6544,0.905
980.6744,0.905
980.6944,0.905
980.7144,0.905
980.7344,0.905
980.7545,0.905
980.7745,0.905
980.7945,0.905
980.8145,0.905
980.8345,0.905
980.8546,0.905
980.8746,0.905
980.8946,0.905
980.9146,0.905
980.9346,0.905
980.9547,0.905
980.9747,0.905
980.9947,0.905
981.0147,0.905
981.0347,0.905
981.0547,0.905
981.0748,0.905
981.0948,0.905
981.1148,0.905
981.1348,0.905
981.1548,0.905
981.1749,0.905
981.1949,0.905
981.2149,0.905
981.2349,0.905
981.2549,0.905
981.275,0.905
981.295,0.905
981.315,0.905
981.335,0.905
981.355,0.905
981.3751,0.905
981.3951,0.905
981.4151,0.905
981.4351,0.905
981.4551,0.905
981.4752,0.905
981.4952,0.905
981.5152,0.905
981.5352,0.905
981.5552,0.905
981.5753,0.905
981.5953,0.905
981.6153,0.905
981.6353,0.905
981.6553,0.905
981.6754,0.905
981.6954,0.905
981.7154,0.905
981.7354,0.905
981.7554,0.905
981.7755,0.905
981.7955,0.905
981.8155,0.905
981.8355,0.905
981.8555,0.905
981.8755,0.905
981.8956,0.905
981.9156,0.905
981.9356,0.905
981.9556,0.905
981.9756,0.905
981.9957,0.905
982.0157,0.905
982.0357,0.905
982.0557,0.905
982.0757,0.905
982.0958,0.905
982.1158,0.905
982.1358,0.905
982.1558,0.905
982.1758,0.905
982.1959,0.905
982.2159,0.905
982.2359,0.905
982.2559,0.905
982.2759,0.905
982.296,0.905
982.316,0.905
982.336,0.91
982.356,0.91
982.376,0.91
982.3961,0.91
982.4161,0.91
982.4361,0.91
982.4561,0.91
982.4761,0.91
982.4962,0.91
982.5162,0.91
982.5362,0.91
982.5562,0.91
982.5762,0.91
982.5963,0.91
982.6163,0.91
982.6363,0.91
982.6563,0.91
982.6763,0.91
982.6964,0.91
982.7164,0.91
982.7364,0.91
982.7564,0.91
982.7764,0.91
982.7964,0.91
982.8165,0.91
982.8365,0.91
982.8565,0.91
982.8765,0.91
982.8965,0.91
982.9166,0.91
982.9366,0.91
982.9566,0.91
982.9766,0.91
982.9966,0.91
983.0167,0.91
983.0367,0.91
983.0567,0.91
983.0767,0.91
983.0967,0.91
983.1168,0.91
983.1368,0.91
983.1568,0.91
983.1768,0.91
983.1968,0.91
983.2169,0.91
983.2369,0.91
983.2569,0.91
983.2769,0.91
983.2969,0.91
983.317,0.91
983.337,0.91
983.357,0.91
983.377,0.91
983.397,0.91
983.4171,0.91
983.4371,0.91
983.4571,0.91
983.4771,0.91
983.4971,0.91
983.5172,0.91
983.5372,0.91
983.5572,0.91
983.5772,0.91
983.5972,0.91
983.6172,0.91
983.6373,0.91
983.6573,0.91
983.6773,0.91
983.6973,0.91
983.7173,0.91
983.7374,0.91
983.7574,0.91
983.7774,0.91
983.7974,0.91
983.8174,0.91
983.8375,0.91
983.8575,0.91
983.8775,0.91
983.8975,0.91
983.9175,0.91
983.9376,0.91
983.9576,0.91
983.9776,0.91
983.9976,0.91
984.0176,0.91
984.0377,0.91
984.0577,0.91
984.0777,0.91
984.0977,0.91
984.1177,0.91
984.1378,0.91
984.1578,0.91
984.1778,0.91
984.1978,0.91
984.2178,0.91
984.2379,0.91
984.2579,0.91
984.2779,0.91
984.2979,0.91
984.3179,0.91
984.338,0.91
984.358,0.91
984.378,0.91
984.398,0.91
984.418,0.91
984.438,0.91
984.4581,0.91
984.4781,0.91
984.4981,0.91
984.5181,0.91
984.5381,0.91
984.5582,0.91
984.5782,0.91
984.5982,0.91
984.6182,0.91
984.6382,0.91
984.6583,0.91
984.6783,0.91
984.6983,0.91
984.7183,0.91
984.7383,0.91
984.7584,0.91
984.7784,0.91
984.7984,0.91
984.8184,0.91
984.8384,0.91
984.8585,0.91
984.8785,0.91
984.8985,0.91
984.9185,0.91
984.9385,0.91
984.9586,0.91
984.9786,0.91
984.9986,0.91
985.0186,0.91
985.0386,0.91
985.0587,0.91
985.0787,0.91
985.0987,0.91
985.1187,0.91
985.1387,0.91
985.1588,0.91
985.1788,0.91
985.1988,0.91
985.2188,0.91
985.2388,0.91
985.2589,0.91
985.2789,0.91
985.2989,0.91
985.3189,0.91
985.3389,0.91
985.3589,0.91
985.379,0.91
985.399,0.91
985.419,0.91
985.439,0.91
985.459,0.91
985.4791,0.91
985.4991,0.91
985.5191,0.91
985.5391,0.91
985.5591,0.91
985.5792,0.91
985.5992,0.91
985.6192,0.91
985.6392,0.91
985.6592,0.91
985.6793,0.91
985.6993,0.91
985.7193,0.91
985.7393,0.91
985.7593,0.91
985.7794,0.91
985.7994,0.91
985.8194,0.91
985.8394,0.91
985.8594,0.91
985.8795,0.91
985.8995,0.91
985.9195,0.91
985.9395,0.91
985.9595,0.91
985.9796,0.91
985.9996,0.91
986.0196,0.91
986.0396,0.91
986.0596,0.91
986.0797,0.91
986.0997,0.91
986.1197,0.91
986.1397,0.91
986.1597,0.91
986.1797,0.91
986.1998,0.91
986.2198,0.91
986.2398,0.91
986.2598,0.91
986.2798,0.91
986.2999,0.91
986.3199,0.91
986.3399,0.91
986.3599,0.91
986.3799,0.91
986.4,0.91
986.42,0.91
986.44,0.91
986.46,0.91
986.48,0.91
986.5001,0.91
986.5201,0.91
986.5401,0.91
986.5601,0.91
986.5801,0.91
986.6002,0.91
986.6202,0.91
986.6402,0.91
986.6602,0.91
986.6802,0.91
986.7003,0.91
986.7203,0.91
986.7403,0.91
986.7603,0.91
986.7803,0.91
986.8004,0.91
986.8204,0.91
986.8404,0.91
986.8604,0.91
986.8804,0.91
986.9005,0.91
986.9205,0.91
986.9405,0.91
986.9605,0.91
986.9805,0.91
987.0005,0.91
987.0206,0.91
987.0406,0.91
987.0606,0.91
987.0806,0.91
987.1006,0.91
987.1207,0.91
987.1407,0.91
987.1607,0.91
987.1807,0.91
987.2007,0.91
987.2208,0.91
987.2408,0.91
987.2608,0.91
987.2808,0.91
987.3008,0.91
987.3209,0.91
987.3409,0.91
987.3609,0.91
987.3809,0.91
987.4009,0.91
987.421,0.91
987.441,0.91
987.461,0.91
987.481,0.91
987.501,0.91
987.5211,0.91
987.5411,0.91
987.5611,0.91
987.5811,0.91
987.6011,0.91
987.6212,0.91
987.6412,0.91
987.6612,0.91
987.6812,0.91
987.7012,0.91
987.7213,0.91
987.7413,0.91
987.7613,0.91
987.7813,0.91
987.8013,0.91
987.8214,0.91
987.8414,0.91
987.8614,0.91
987.8814,0.91
987.9014,0.91
987.9214,0.91
987.9415,0.91
987.9615,0.91
987.9815,0.91
988.0015,0.91
988.0215,0.91
988.0416,0.91
988.0616,0.91
988.0816,0.91
988.1016,0.91
988.1216,0.91
988.1417,0.91
988.1617,0.91
988.1817,0.91
988.2017,0.91
988.2217,0.91
988.2418,0.91
988.2618,0.91
988.2818,0.91
988.3018,0.91
988.3218,0.91
988.3419,0.91
988.3619,0.91
988.3819,0.91
988.4019,0.91
988.4219,0.91
988.442,0.91
988.462,0.91
988.482,0.91
988.502,0.91
988.522,0.91
988.5421,0.91
988.5621,0.91
988.5821,0.91
988.6021,0.91
988.6221,0.91
988.6422,0.91
988.6622,0.91
988.6822,0.91
988.7022,0.91
988.7222,0.91
988.7422,0.91
988.7623,0.91
988.7823,0.91
988.8023,0.91
988.8223,0.91
988.8423,0.91
988.8624,0.91
988.8824,0.91
988.9024,0.91
988.9224,0.91
988.9424,0.91
988.9625,0.91
988.9825,0.91
989.0025,0.91
989.0225,0.91
989.0425,0.91
989.0626,0.91
989.0826,0.91
989.1026,0.91
989.1226,0.91
989.1426,0.91
989.1627,0.91
989.1827,0.91
989.2027,0.91
989.2227,0.91
989.2427,0.91
989.2628,0.91
989.2828,0.91
989.3028,0.91
989.3228,0.91
989.3428,0.91
989.3629,0.91
989.3829,0.91
989.4029,0.91
989.4229,0.91
989.4429,0.91
989.463,0.91
989.483,0.91
989.503,0.91
989.523,0.91
989.543,0.91
989.563,0.91
989.5831,0.91
989.6031,0.91
989.6231,0.91
989.6431,0.91
989.6631,0.91
989.6832,0.91
989.7032,0.91
989.7232,0.91
989.7432,0.91
989.7632,0.91
989.7833,0.91
989.8033,0.91
989.8233,0.91
989.8433,0.91
989.8633,0.91
989.8834,0.91
989.9034,0.91
989.9234,0.91
989.9434,0.91
989.9634,0.91
989.9835,0.91
990.0035,0.91
990.0235,0.91
990.0435,0.91
990.0635,0.91
990.0836,0.91
990.1036,0.91
990.1236,0.91
990.1436,0.91
990.1636,0.91
990.1837,0.91
990.2037,0.91
990.2237,0.91
990.2437,0.91
990.2637,0.91
990.2838,0.91
990.3038,0.91
990.3238,0.91
990.3438,0.91
990.3638,0.91
990.3839,0.91
990.4039,0.91
990.4239,0.91
990.4439,0.91
990.4639,0.91
990.4839,0.91
990.504,0.91
990.524,0.91
990.544,0.91
990.564,0.91
990.584,0.91
990.6041,0.91
990.6241,0.91
990.6441,0.91
990.6641,0.91
990.6841,0.91
990.7042,0.91
990.7242,0.91
990.7442,0.91
990.7642,0.91
990.7842,0.91
990.8043,0.91
990.8243,0.91
990.8443,0.91
990.8643,0.91
990.8843,0.91
990.9044,0.91
990.9244,0.91
990.9444,0.91
990.9644,0.91
990.9844,0.91
991.0045,0.91
991.0245,0.91
991.0445,0.91
991.0645,0.91
991.0845,0.91
991.1046,0.91
991.1246,0.91
991.1446,0.91
991.1646,0.91
991.1846,0.91
991.2047,0.91
991.2247,0.91
991.2447,0.91
991.2647,0.91
991.2847,0.91
991.3047,0.91
991.3248,0.91
991.3448,0.91
991.3648,0.91
991.3848,0.91
991.4048,0.91
991.4249,0.91
991.4449,0.91
991.4649,0.91
991.4849,0.91
991.5049,0.91
991.525,0.91
991.545,0.91
991.565,0.91
991.585,0.91
991.605,0.91
991.6251,0.91
991.6451,0.91
991.6651,0.91
991.6851,0.91
991.7051,0.91
991.7252,0.91
991.7452,0.91
991.7652,0.91
991.7852,0.91
991.8052,0.91
991.8253,0.91
991.8453,0.91
991.8653,0.91
991.8853,0.91
991.9053,0.91
991.9254,0.91
991.9454,0.91
991.9654,0.91
991.9854,0.91
992.0054,0.91
992.0255,0.91
992.0455,0.91
992.0655,0.91
992.0855,0.91
992.1055,0.91
992.1255,0.91
992.1456,0.91
992.1656,0.91
992.1856,0.91
992.2056,0.91
992.2256,0.91
992.2457,0.91
992.2657,0.91
992.2857,0.91
992.3057,0.91
992.3257,0.91
992.3458,0.91
992.3658,0.91
992.3858,0.91
992.4058,0.91
992.4258,0.91
992.4459,0.91
992.4659,0.91
992.4859,0.91
992.5059,0.91
992.5259,0.91
992.546,0.91
992.566,0.91
992.586,0.91
992.606,0.91
992.626,0.91
992.6461,0.91
992.6661,0.91
992.6861,0.91
992.7061,0.91
992.7261,0.91
992.7462,0.91
992.7662,0.91
992.7862,0.91
992.8062,0.91
992.8262,0.91
992.8463,0.91
992.8663,0.91
992.8863,0.91
992.9063,0.91
992.9263,0.91
992.9464,0.91
992.9664,0.91
992.9864,0.91
993.0064,0.91
993.0264,0.91
993.0464,0.91
993.0665,0.91
993.0865,0.91
993.1065,0.91
993.1265,0.91
993.1465,0.91
993.1666,0.91
993.1866,0.91
993.2066,0.91
993.2266,0.91
993.2466,0.91
993.2667,0.91
993.2867,0.91
993.3067,0.91
993.3267,0.91
993.3467,0.91
993.3668,0.91
993.3868,0.91
993.4068,0.91
993.4268,0.91
993.4468,0.91
993.4669,0.91
993.4869,0.91
993.5069,0.91
993.5269,0.91
993.5469,0.91
993.567,0.91
993.587,0.91
993.607,0.91
993.627,0.91
993.647,0.91
993.6671,0.91
993.6871,0.91
993.7071,0.91
993.7271,0.91
993.7471,0.91
993.7672,0.91
993.7872,0.91
993.8072,0.91
993.8272,0.91
993.8472,0.91
993.8672,0.91
993.8873,0.91
993.9073,0.91
993.9273,0.91
993.9473,0.91
993.9673,0.91
993.9874,0.91
994.0074,0.91
994.0274,0.91
994.0474,0.91
994.0674,0.91
994.0875,0.91
994.1075,0.91
994.1275,0.91
994.1475,0.91
994.1675,0.91
994.1876,0.91
994.2076,0.91
994.2276,0.91
994.2476,0.91
994.2676,0.91
994.2877,0.91
994.3077,0.91
994.3277,0.91
994.3477,0.91
994.3677,0.91
994.3878,0.91
994.4078,0.91
994.4278,0.91
994.4478,0.91
994.4678,0.91
994.4879,0.91
994.5079,0.91
994.5279,0.91
994.5479,0.91
994.5679,0.91
994.588,0.91
994.608,0.91
994.628,0.91
994.648,0.91
994.668,0.91
994.688,0.91
994.7081,0.91
994.7281,0.91
994.7481,0.91
994.7681,0.91
994.7881,0.91
994.8082,0.91
994.8282,0.91
994.8482,0.91
994.8682,0.91
994.8882,0.91
994.9083,0.91
994.9283,0.91
994.9483,0.91
994.9683,0.91
994.9883,0.91
995.0084,0.91
995.0284,0.91
995.0484,0.91
995.0684,0.91
995.0884,0.91
995.1085,0.91
995.1285,0.91
995.1485,0.91
995.1685,0.91
995.1885,0.91
995.2086,0.91
995.2286,0.91
995.2486,0.91
995.2686,0.91
995.2886,0.91
995.3087,0.91
995.3287,0.91
995.3487,0.91
995.3687,0.91
995.3887,0.91
995.4088,0.91
995.4288,0.91
995.4488,0.91
995.4688,0.91
995.4888,0.91
995.5089,0.91
995.5289,0.91
995.5489,0.91
995.5689,0.91
995.5889,0.91
995.6089,0.91
995.629,0.91
995.649,0.91
995.669,0.91
995.689,0.91
995.709,0.91
995.7291,0.91
995.7491,0.91
995.7691,0.91
995.7891,0.91
995.8091,0.91
995.8292,0.91
995.8492,0.91
995.8692,0.91
995.8892,0.91
995.9092,0.91
995.9293,0.91
995.9493,0.91
995.9693,0.91
995.9893,0.91
996.0093,0.91
996.0294,0.91
996.0494,0.91
996.0694,0.91
996.0894,0.91
996.1094,0.91
996.1295,0.91
996.1495,0.91
996.1695,0.91
996.1895,0.91
996.2095,0.91
996.2296,0.91
996.2496,0.91
996.2696,0.91
996.2896,0.91
996.3096,0.91
996.3297,0.91
996.3497,0.91
996.3697,0.91
996.3897,0.91
996.4097,0.91
996.4297,0.91
996.4498,0.91
996.4698,0.91
996.4898,0.91
996.5098,0.91
996.5298,0.91
996.5499,0.91
996.5699,0.91
996.5899,0.91
996.6099,0.91
996.6299,0.91
996.65,0.91
996.67,0.91
996.69,0.91
996.71,0.91
996.73,0.91
996.7501,0.91
996.7701,0.91
996.7901,0.91
996.8101,0.91
996.8301,0.91
996.8502,0.91
996.8702,0.91
996.8902,0.91
996.9102,0.91
996.9302,0.91
996.9503,0.91
996.9703,0.91
996.9903,0.91
997.0103,0.91
997.0303,0.91
997.0504,0.91
997.0704,0.91
997.0904,0.91
997.1104,0.91
997.1304,0.91
997.1505,0.91
997.1705,0.91
997.1905,0.91
997.2105,0.91
997.2305,0.91
997.2505,0.91
997.2706,0.91
997.2906,0.91
997.3106,0.91
997.3306,0.91
997.3506,0.91
997.3707,0.91
997.3907,0.91
997.4107,0.91
997.4307,0.91
997.4507,0.91
997.4708,0.91
997.4908,0.91
997.5108,0.91
997.5308,0.91
997.5508,0.91
997.5709,0.91
997.5909,0.91
997.6109,0.91
997.6309,0.91
997.6509,0.91
997.671,0.91
997.691,0.91
997.711,0.91
997.731,0.91
997.751,0.91
997.7711,0.91
997.7911,0.91
997.8111,0.91
997.8311,0.91
997.8511,0.91
997.8712,0.91
997.8912,0.91
997.9112,0.91
997.9312,0.91
997.9512,0.91
997.9713,0.91
997.9913,0.91
998.0113,0.91
998.0313,0.91
998.0513,0.91
998.0714,0.91
998.0914,0.91
998.1114,0.91
998.1314,0.91
998.1514,0.91
998.1714,0.91
998.1915,0.91
998.2115,0.91
998.2315,0.91
998.2515,0.91
998.2715,0.91
998.2916,0.91
998.3116,0.91
998.3316,0.91
998.3516,0.91
998.3716,0.91
998.3917,0.91
998.4117,0.91
998.4317,0.91
998.4517,0.91
998.4717,0.91
998.4918,0.91
998.5118,0.91
998.5318,0.91
998.5518,0.91
998.5718,0.91
998.5919,0.91
998.6119,0.91
998.6319,0.91
998.6519,0.91
998.6719,0.91
998.692,0.91
998.712,0.91
998.732,0.91
998.752,0.91
998.772,0.91
998.7921,0.91
998.8121,0.91
998.8321,0.91
998.8521,0.91
998.8721,0.91
998.8922,0.91
998.9122,0.91
998.9322,0.91
998.9522,0.91
998.9722,0.91
998.9922,0.91
999.0123,0.91
999.0323,0.91
999.0523,0.91
999.0723,0.91
999.0923,0.91
999.1124,0.91
999.1324,0.91
999.1524,0.91
999.1724,0.91
999.1924,0.91
999.2125,0.91
999.2325,0.91
999.2525,0.91
999.2725,0.91
999.2925,0.91
999.3126,0.91
999.3326,0.91
999.3526,0.91
999.3726,0.91
999.3926,0.91
999.4127,0.91
999.4327,0.91
999.4527,0.91
999.4727,0.91
999.4927,0.91
999.5128,0.91
999.5328,0.91
999.5528,0.91
999.5728,0.91
999.5928,0.91
999.6129,0.91
999.6329,0.91
999.6529,0.91
999.6729,0.91
999.6929,0.91
999.713,0.91
999.733,0.91
999.753,0.91
999.773,0.91
999.793,0.91
999.813,0.91
999.8331,0.91
999.8531,0.91
999.8731,0.91
999.8931,0.91
999.9131,0.91
999.9332,0.91
999.9532,0.91
999.9732,0.91
999.9932,0.91
1000.013,0.91
1000.033,0.91
1000.053,0.91
1000.073,0.91
1000.093,0.91
1000.113,0.91
1000.133,0.91
1000.153,0.91
1000.173,0.91
1000.193,0.91
1000.213,0.91
1000.233,0.91
1000.253,0.91
1000.273,0.91
1000.294,0.91
1000.314,0.91
1000.334,0.91
1000.354,0.91
1000.374,0.91
1000.394,0.91
1000.414,0.91
1000.434,0.91
1000.454,0.91
1000.474,0.91
1000.494,0.91
1000.514,0.91
1000.534,0.91
1000.554,0.91
1000.574,0.91
1000.594,0.91
1000.614,0.91
1000.634,0.91
1000.654,0.91
1000.674,0.91
1000.694,0.91
1000.714,0.91
1000.734,0.91
1000.754,0.91
1000.774,0.91
1000.794,0.91
1000.814,0.91
1000.834,0.91
1000.854,0.91
1000.874,0.91
1000.894,0.91
1000.914,0.91
1000.934,0.91
1000.954,0.91
1000.974,0.91
1000.994,0.91
1001.014,0.91
1001.034,0.91
1001.054,0.91
1001.074,0.91
1001.094,0.91
1001.114,0.91
1001.134,0.91
1001.154,0.91
1001.174,0.91
1001.194,0.91
1001.214,0.91
1001.234,0.91
1001.254,0.91
1001.274,0.91
1001.294,0.91
1001.315,0.91
1001.335,0.91
1001.355,0.91
1001.375,0.91
1001.395,0.91
1001.415,0.91
1001.435,0.91
1001.455,0.91
1001.475,0.91
1001.495,0.91
1001.515,0.91
1001.535,0.91
1001.555,0.91
1001.575,0.91
1001.595,0.91
1001.615,0.91
1001.635,0.91
1001.655,0.91
1001.675,0.91
1001.695,0.91
1001.715,0.91
1001.735,0.91
1001.755,0.91
1001.775,0.91
1001.795,0.91
1001.815,0.91
1001.835,0.91
1001.855,0.91
1001.875,0.91
1001.895,0.91
1001.915,0.91
1001.935,0.91
1001.955,0.91
1001.975,0.91
1001.995,0.91
1002.015,0.91
1002.035,0.91
1002.055,0.91
1002.075,0.91
1002.095,0.91
1002.115,0.91
1002.135,0.91
1002.155,0.91
1002.175,0.91
1002.195,0.91
1002.215,0.91
1002.235,0.91
1002.255,0.91
1002.275,0.91
1002.295,0.91
1002.315,0.91
1002.336,0.91
1002.356,0.91
1002.376,0.91
1002.396,0.91
1002.416,0.91
1002.436,0.91
1002.456,0.91
1002.476,0.91
1002.496,0.91
1002.516,0.91
1002.536,0.91
1002.556,0.91
1002.576,0.91
1002.596,0.91
1002.616,0.91
1002.636,0.91
1002.656,0.91
1002.676,0.91
1002.696,0.91
1002.716,0.91
1002.736,0.91
1002.756,0.91
1002.776,0.91
1002.796,0.91
1002.816,0.91
1002.836,0.91
1002.856,0.91
1002.876,0.91
1002.896,0.91
1002.916,0.91
1002.936,0.91
1002.956,0.91
1002.976,0.91
1002.996,0.91
1003.016,0.91
1003.036,0.91
1003.056,0.91
1003.076,0.91
1003.096,0.91
1003.116,0.91
1003.136,0.91
1003.156,0.91
1003.176,0.91
1003.196,0.91
1003.216,0.91
1003.236,0.91
1003.256,0.91
1003.276,0.91
1003.296,0.91
1003.316,0.91
1003.336,0.91
1003.357,0.91
1003.377,0.91
1003.397,0.91
1003.417,0.91
1003.437,0.91
1003.457,0.91
1003.477,0.91
1003.497,0.91
1003.517,0.91
1003.537,0.91
1003.557,0.91
1003.577,0.91
1003.597,0.91
1003.617,0.91
1003.637,0.91
1003.657,0.91
1003.677,0.91
1003.697,0.91
1003.717,0.91
1003.737,0.91
1003.757,0.91
1003.777,0.91
1003.797,0.91
1003.817,0.91
1003.837,0.91
1003.857,0.91
1003.877,0.91
1003.897,0.91
1003.917,0.91
1003.937,0.91
1003.957,0.91
1003.977,0.91
1003.997,0.91
1004.017,0.91
1004.037,0.91
1004.057,0.91
1004.077,0.91
1004.097,0.91
1004.117,0.91
1004.137,0.91
1004.157,0.91
1004.177,0.91
1004.197,0.91
1004.217,0.91
1004.237,0.91
1004.257,0.91
1004.277,0.91
1004.297,0.91
1004.317,0.91
1004.337,0.91
1004.357,0.91
1004.378,0.91
1004.398,0.91
1004.418,0.91
1004.438,0.91
1004.458,0.91
1004.478,0.91
1004.498,0.91
1004.518,0.91
1004.538,0.91
1004.558,0.91
1004.578,0.91
1004.598,0.91
1004.618,0.91
1004.638,0.91
1004.658,0.91
1004.678,0.91
1004.698,0.91
1004.718,0.91
1004.738,0.91
1004.758,0.91
1004.778,0.91
1004.798,0.91
1004.818,0.91
1004.838,0.91
1004.858,0.91
1004.878,0.91
1004.898,0.91
1004.918,0.91
1004.938,0.91
1004.958,0.91
1004.978,0.91
1004.998,0.91
1005.018,0.91
1005.038,0.91
1005.058,0.91
1005.078,0.91
1005.098,0.91
1005.118,0.91
1005.138,0.91
1005.158,0.91
1005.178,0.91
1005.198,0.91
1005.218,0.91
1005.238,0.91
1005.258,0.91
1005.278,0.91
1005.298,0.91
1005.318,0.91
1005.338,0.91
1005.358,0.91
1005.378,0.91
1005.398,0.91
1005.419,0.91
1005.439,0.91
1005.459,0.91
1005.479,0.91
1005.499,0.91
1005.519,0.91
1005.539,0.91
1005.559,0.91
1005.579,0.91
1005.599,0.91
1005.619,0.91
1005.639,0.91
1005.659,0.91
1005.679,0.91
1005.699,0.91
1005.719,0.91
1005.739,0.91
1005.759,0.91
1005.779,0.91
1005.799,0.91
1005.819,0.91
1005.839,0.91
1005.859,0.91
1005.879,0.91
1005.899,0.91
1005.919,0.91
1005.939,0.91
1005.959,0.91
1005.979,0.91
1005.999,0.91
1006.019,0.91
1006.039,0.91
1006.059,0.91
1006.079,0.91
1006.099,0.91
1006.119,0.91
1006.139,0.91
1006.159,0.91
1006.179,0.91
1006.199,0.91
1006.219,0.91
1006.239,0.91
1006.259,0.91
1006.279,0.91
1006.299,0.91
1006.319,0.91
1006.339,0.91
1006.359,0.91
1006.379,0.91
1006.399,0.91
1006.419,0.91
1006.44,0.91
1006.46,0.91
1006.48,0.91
1006.5,0.91
1006.52,0.91
1006.54,0.91
1006.56,0.91
1006.58,0.91
1006.6,0.91
1006.62,0.91
1006.64,0.91
1006.66,0.91
1006.68,0.91
1006.7,0.91
1006.72,0.91
1006.74,0.91
1006.76,0.91
1006.78,0.91
1006.8,0.91
1006.82,0.91
1006.84,0.91
1006.86,0.91
1006.88,0.91
1006.9,0.91
1006.92,0.91
1006.94,0.91
1006.96,0.91
1006.98,0.91
1007,0.91
1007.02,0.91
1007.04,0.91
1007.06,0.91
1007.08,0.91
1007.1,0.91
1007.12,0.91
1007.14,0.91
1007.16,0.91
1007.18,0.91
1007.2,0.91
1007.22,0.91
1007.24,0.91
1007.26,0.91
1007.28,0.91
1007.3,0.91
1007.32,0.91
1007.34,0.91
1007.36,0.91
1007.38,0.91
1007.4,0.91
1007.42,0.91
1007.44,0.91
1007.461,0.91
1007.481,0.91
1007.501,0.91
1007.521,0.91
1007.541,0.91
1007.561,0.91
1007.581,0.91
1007.601,0.91
1007.621,0.91
1007.641,0.91
1007.661,0.91
1007.681,0.91
1007.701,0.91
1007.721,0.91
1007.741,0.91
1007.761,0.91
1007.781,0.91
1007.801,0.91
1007.821,0.91
1007.841,0.91
1007.861,0.91
1007.881,0.91
1007.901,0.91
1007.921,0.91
1007.941,0.91
1007.961,0.91
1007.981,0.91
1008.001,0.91
1008.021,0.91
1008.041,0.91
1008.061,0.91
1008.081,0.91
1008.101,0.91
1008.121,0.91
1008.141,0.91
1008.161,0.91
1008.181,0.91
1008.201,0.91
1008.221,0.91
1008.241,0.91
1008.261,0.91
1008.281,0.91
1008.301,0.91
1008.321,0.91
1008.341,0.91
1008.361,0.91
1008.381,0.91
1008.401,0.91
1008.421,0.91
1008.441,0.91
1008.461,0.91
1008.482,0.91
1008.502,0.91
1008.522,0.91
1008.542,0.91
1008.562,0.91
1008.582,0.91
1008.602,0.91
1008.622,0.91
1008.642,0.91
1008.662,0.91
1008.682,0.91
1008.702,0.91
1008.722,0.91
1008.742,0.91
1008.762,0.91
1008.782,0.91
1008.802,0.91
1008.822,0.91
1008.842,0.91
1008.862,0.91
1008.882,0.91
1008.902,0.91
1008.922,0.91
1008.942,0.91
1008.962,0.91
1008.982,0.91
1009.002,0.91
1009.022,0.91
1009.042,0.91
1009.062,0.91
1009.082,0.91
1009.102,0.91
1009.122,0.91
1009.142,0.91
1009.162,0.91
1009.182,0.91
1009.202,0.91
1009.222,0.91
1009.242,0.91
1009.262,0.91
1009.282,0.91
1009.302,0.91
1009.322,0.91
1009.342,0.91
1009.362,0.91
1009.382,0.91
1009.402,0.91
1009.422,0.91
1009.442,0.91
1009.462,0.91
1009.482,0.91
1009.503,0.91
1009.523,0.91
1009.543,0.91
1009.563,0.91
1009.583,0.91
1009.603,0.91
1009.623,0.91
1009.643,0.91
1009.663,0.91
1009.683,0.91
1009.703,0.91
1009.723,0.91
1009.743,0.91
1009.763,0.91
1009.783,0.91
1009.803,0.91
1009.823,0.91
1009.843,0.91
1009.863,0.91
1009.883,0.91
1009.903,0.91
1009.923,0.91
1009.943,0.91
1009.963,0.91
1009.983,0.91
1010.003,0.91
1010.023,0.91
1010.043,0.91
1010.063,0.91
1010.083,0.91
1010.103,0.91
1010.123,0.91
1010.143,0.91
1010.163,0.91
1010.183,0.91
1010.203,0.91
1010.223,0.91
1010.243,0.91
1010.263,0.91
1010.283,0.91
1010.303,0.91
1010.323,0.91
1010.343,0.91
1010.363,0.91
1010.383,0.91
1010.403,0.91
1010.423,0.91
1010.443,0.91
1010.463,0.91
1010.483,0.91
1010.503,0.91
1010.523,0.91
1010.544,0.91
1010.564,0.91
1010.584,0.91
1010.604,0.91
1010.624,0.91
1010.644,0.91
1010.664,0.91
1010.684,0.91
1010.704,0.91
1010.724,0.91
1010.744,0.91
1010.764,0.91
1010.784,0.91
1010.804,0.91
1010.824,0.91
1010.844,0.91
1010.864,0.91
1010.884,0.91
1010.904,0.91
1010.924,0.91
1010.944,0.91
1010.964,0.91
1010.984,0.91
1011.004,0.91
1011.024,0.91
1011.044,0.91
1011.064,0.91
1011.084,0.91
1011.104,0.91
1011.124,0.91
1011.144,0.91
1011.164,0.91
1011.184,0.91
1011.204,0.91
1011.224,0.91
1011.244,0.91
1011.264,0.91
1011.284,0.91
1011.304,0.91
1011.324,0.91
1011.344,0.91
1011.364,0.91
1011.384,0.91
1011.404,0.91
1011.424,0.91
1011.444,0.91
1011.464,0.91
1011.484,0.91
1011.504,0.91
1011.524,0.91
1011.544,0.91
1011.565,0.91
1011.585,0.91
1011.605,0.91
1011.625,0.91
1011.645,0.91
1011.665,0.91
1011.685,0.91
1011.705,0.91
1011.725,0.91
1011.745,0.91
1011.765,0.91
1011.785,0.91
1011.805,0.91
1011.825,0.91
1011.845,0.91
1011.865,0.91
1011.885,0.91
1011.905,0.91
1011.925,0.91
1011.945,0.91
1011.965,0.91
1011.985,0.91
1012.005,0.91
1012.025,0.91
1012.045,0.91
1012.065,0.91
1012.085,0.91
1012.105,0.91
1012.125,0.91
1012.145,0.91
1012.165,0.91
1012.185,0.91
1012.205,0.91
1012.225,0.91
1012.245,0.91
1012.265,0.91
1012.285,0.91
1012.305,0.91
1012.325,0.91
1012.345,0.91
1012.365,0.91
1012.385,0.91
1012.405,0.91
1012.425,0.91
1012.445,0.91
1012.465,0.91
1012.485,0.91
1012.505,0.91
1012.525,0.91
1012.545,0.91
1012.565,0.91
1012.586,0.91
1012.606,0.91
1012.626,0.91
1012.646,0.91
1012.666,0.91
1012.686,0.91
1012.706,0.91
1012.726,0.91
1012.746,0.91
1012.766,0.91
1012.786,0.91
1012.806,0.91
1012.826,0.91
1012.846,0.91
1012.866,0.91
1012.886,0.91
1012.906,0.91
1012.926,0.91
1012.946,0.91
1012.966,0.91
1012.986,0.91
1013.006,0.91
1013.026,0.91
1013.046,0.91
1013.066,0.91
1013.086,0.91
1013.106,0.91
1013.126,0.91
1013.146,0.91
1013.166,0.91
1013.186,0.91
1013.206,0.91
1013.226,0.91
1013.246,0.91
1013.266,0.91
1013.286,0.91
1013.306,0.91
1013.326,0.91
1013.346,0.91
1013.366,0.91
1013.386,0.91
1013.406,0.91
1013.426,0.91
1013.446,0.91
1013.466,0.91
1013.486,0.91
1013.506,0.91
1013.526,0.91
1013.546,0.91
1013.566,0.91
1013.586,0.91
1013.607,0.91
1013.627,0.91
1013.647,0.91
1013.667,0.91
1013.687,0.91
1013.707,0.91
1013.727,0.91
1013.747,0.91
1013.767,0.91
1013.787,0.91
1013.807,0.91
1013.827,0.91
1013.847,0.91
1013.867,0.91
1013.887,0.91
1013.907,0.91
1013.927,0.91
1013.947,0.91
1013.967,0.91
1013.987,0.91
1014.007,0.91
1014.027,0.91
1014.047,0.91
1014.067,0.91
1014.087,0.91
1014.107,0.91
1014.127,0.91
1014.147,0.91
1014.167,0.91
1014.187,0.91
1014.207,0.91
1014.227,0.91
1014.247,0.91
1014.267,0.91
1014.287,0.91
1014.307,0.91
1014.327,0.91
1014.347,0.91
1014.367,0.91
1014.387,0.91
1014.407,0.91
1014.427,0.91
1014.447,0.91
1014.467,0.91
1014.487,0.91
1014.507,0.91
1014.527,0.91
1014.547,0.91
1014.567,0.91
1014.587,0.91
1014.607,0.91
1014.628,0.91
1014.648,0.91
1014.668,0.91
1014.688,0.91
1014.708,0.91
1014.728,0.91
1014.748,0.91
1014.768,0.91
1014.788,0.91
1014.808,0.91
1014.828,0.91
1014.848,0.91
1014.868,0.91
1014.888,0.91
1014.908,0.91
1014.928,0.91
1014.948,0.91
1014.968,0.91
1014.988,0.91
1015.008,0.91
1015.028,0.91
1015.048,0.91
1015.068,0.91
1015.088,0.91
1015.108,0.91
1015.128,0.91
1015.148,0.91
1015.168,0.91
1015.188,0.91
1015.208,0.91
1015.228,0.91
1015.248,0.91
1015.268,0.91
1015.288,0.91
1015.308,0.91
1015.328,0.91
1015.348,0.91
1015.368,0.91
1015.388,0.91
1015.408,0.91
1015.428,0.91
1015.448,0.91
1015.468,0.91
1015.488,0.91
1015.508,0.91
1015.528,0.91
1015.548,0.91
1015.568,0.91
1015.588,0.91
1015.608,0.91
1015.628,0.91
1015.648,0.91
1015.669,0.91
1015.689,0.91
1015.709,0.91
1015.729,0.91
1015.749,0.91
1015.769,0.91
1015.789,0.91
1015.809,0.91
1015.829,0.91
1015.849,0.91
1015.869,0.91
1015.889,0.91
1015.909,0.91
1015.929,0.91
1015.949,0.91
1015.969,0.91
1015.989,0.91
1016.009,0.91
1016.029,0.91
1016.049,0.91
1016.069,0.91
1016.089,0.91
1016.109,0.91
1016.129,0.91
1016.149,0.91
1016.169,0.91
1016.189,0.91
1016.209,0.91
1016.229,0.91
1016.249,0.91
1016.269,0.91
1016.289,0.91
1016.309,0.91
1016.329,0.91
1016.349,0.91
1016.369,0.91
1016.389,0.91
1016.409,0.91
1016.429,0.91
1016.449,0.91
1016.469,0.91
1016.489,0.91
1016.509,0.91
1016.529,0.91
1016.549,0.91
1016.569,0.91
1016.589,0.91
1016.609,0.91
1016.629,0.91
1016.649,0.91
1016.669,0.91
1016.69,0.91
1016.71,0.91
1016.73,0.91
1016.75,0.91
1016.77,0.91
1016.79,0.91
1016.81,0.91
1016.83,0.91
1016.85,0.91
1016.87,0.91
1016.89,0.91
1016.91,0.91
1016.93,0.91
1016.95,0.91
1016.97,0.91
1016.99,0.91
1017.01,0.91
1017.03,0.91
1017.05,0.91
1017.07,0.91
1017.09,0.91
1017.11,0.91
1017.13,0.91
1017.15,0.91
1017.17,0.91
1017.19,0.91
1017.21,0.91
1017.23,0.91
1017.25,0.91
1017.27,0.91
1017.29,0.91
1017.31,0.91
1017.33,0.91
1017.35,0.91
1017.37,0.91
1017.39,0.91
1017.41,0.91
1017.43,0.91
1017.45,0.91
1017.47,0.91
1017.49,0.91
1017.51,0.91
1017.53,0.91
1017.55,0.91
1017.57,0.91
1017.59,0.91
1017.61,0.91
1017.63,0.91
1017.65,0.91
1017.67,0.91
1017.69,0.91
1017.711,0.91
1017.731,0.91
1017.751,0.91
1017.771,0.91
1017.791,0.91
1017.811,0.91
1017.831,0.91
1017.851,0.91
1017.871,0.91
1017.891,0.91
1017.911,0.91
1017.931,0.91
1017.951,0.91
1017.971,0.91
1017.991,0.91
1018.011,0.91
1018.031,0.91
1018.051,0.91
1018.071,0.91
1018.091,0.91
1018.111,0.91
1018.131,0.91
1018.151,0.91
1018.171,0.91
1018.191,0.91
1018.211,0.91
1018.231,0.91
1018.251,0.91
1018.271,0.91
1018.291,0.91
1018.311,0.91
1018.331,0.91
1018.351,0.91
1018.371,0.91
1018.391,0.91
1018.411,0.91
1018.431,0.91
1018.451,0.91
1018.471,0.91
1018.491,0.91
1018.511,0.91
1018.531,0.91
1018.551,0.91
1018.571,0.91
1018.591,0.91
1018.611,0.91
1018.631,0.91
1018.651,0.91
1018.671,0.91
1018.691,0.91
1018.711,0.91
1018.732,0.91
1018.752,0.91
1018.772,0.91
1018.792,0.91
1018.812,0.91
1018.832,0.91
1018.852,0.91
1018.872,0.91
1018.892,0.91
1018.912,0.91
1018.932,0.91
1018.952,0.91
1018.972,0.91
1018.992,0.91
1019.012,0.91
1019.032,0.91
1019.052,0.91
1019.072,0.91
1019.092,0.91
1019.112,0.91
1019.132,0.91
1019.152,0.91
1019.172,0.91
1019.192,0.91
1019.212,0.91
1019.232,0.91
1019.252,0.91
1019.272,0.91
1019.292,0.91
1019.312,0.91
1019.332,0.91
1019.352,0.91
1019.372,0.91
1019.392,0.91
1019.412,0.91
1019.432,0.91
1019.452,0.91
1019.472,0.91
1019.492,0.91
1019.512,0.91
1019.532,0.91
1019.552,0.91
1019.572,0.91
1019.592,0.91
1019.612,0.91
1019.632,0.91
1019.652,0.91
1019.672,0.91
1019.692,0.91
1019.712,0.91
1019.732,0.91
1019.753,0.91
1019.773,0.91
1019.793,0.91
1019.813,0.91
1019.833,0.91
1019.853,0.91
1019.873,0.91
1019.893,0.91
1019.913,0.91
1019.933,0.91
1019.953,0.91
1019.973,0.91
1019.993,0.91
1020.013,0.91
1020.033,0.91
1020.053,0.91
1020.073,0.91
1020.093,0.91
1020.113,0.91
1020.133,0.91
1020.153,0.91
1020.173,0.91
1020.193,0.91
1020.213,0.91
1020.233,0.91
1020.253,0.91
1020.273,0.91
1020.293,0.91
1020.313,0.91
1020.333,0.91
1020.353,0.91
1020.373,0.91
1020.393,0.91
1020.413,0.91
1020.433,0.91
1020.453,0.91
1020.473,0.91
1020.493,0.91
1020.513,0.91
1020.533,0.91
1020.553,0.91
1020.573,0.91
1020.593,0.91
1020.613,0.91
1020.633,0.91
1020.653,0.91
1020.673,0.91
1020.693,0.91
1020.713,0.91
1020.733,0.91
1020.753,0.91
1020.773,0.91
1020.794,0.91
1020.814,0.91
1020.834,0.91
1020.854,0.91
1020.874,0.91
1020.894,0.91
1020.914,0.91
1020.934,0.91
1020.954,0.91
1020.974,0.91
1020.994,0.91
1021.014,0.91
1021.034,0.91
1021.054,0.91
1021.074,0.91
1021.094,0.91
1021.114,0.91
1021.134,0.91
1021.154,0.91
1021.174,0.91
1021.194,0.91
1021.214,0.91
1021.234,0.91
1021.254,0.91
1021.274,0.91
1021.294,0.91
1021.314,0.91
1021.334,0.91
1021.354,0.91
1021.374,0.91
1021.394,0.91
1021.414,0.91
1021.434,0.91
1021.454,0.91
1021.474,0.91
1021.494,0.91
1021.514,0.91
1021.534,0.91
1021.554,0.91
1021.574,0.91
1021.594,0.91
1021.614,0.91
1021.634,0.91
1021.654,0.91
1021.674,0.91
1021.694,0.91
1021.714,0.91
1021.734,0.91
1021.754,0.91
1021.774,0.91
1021.794,0.91
1021.815,0.91
1021.835,0.91
1021.855,0.91
1021.875,0.91
1021.895,0.91
1021.915,0.91
1021.935,0.91
1021.955,0.91
1021.975,0.91
1021.995,0.91
1022.015,0.91
1022.035,0.91
1022.055,0.91
1022.075,0.91
1022.095,0.91
1022.115,0.91
1022.135,0.91
1022.155,0.91
1022.175,0.91
1022.195,0.91
1022.215,0.91
1022.235,0.91
1022.255,0.91
1022.275,0.91
1022.295,0.91
1022.315,0.91
1022.335,0.91
1022.355,0.91
1022.375,0.91
1022.395,0.91
1022.415,0.91
1022.435,0.91
1022.455,0.91
1022.475,0.91
1022.495,0.91
1022.515,0.91
1022.535,0.91
1022.555,0.91
1022.575,0.91
1022.595,0.91
1022.615,0.91
1022.635,0.91
1022.655,0.91
1022.675,0.91
1022.695,0.91
1022.715,0.91
1022.735,0.91
1022.755,0.91
1022.775,0.91
1022.795,0.91
1022.815,0.91
1022.836,0.91
1022.856,0.91
1022.876,0.91
1022.896,0.91
1022.916,0.91
1022.936,0.91
1022.956,0.91
1022.976,0.91
1022.996,0.91
1023.016,0.91
1023.036,0.91
1023.056,0.91
1023.076,0.91
1023.096,0.91
1023.116,0.91
1023.136,0.91
1023.156,0.91
1023.176,0.91
1023.196,0.91
1023.216,0.91
1023.236,0.91
1023.256,0.91
1023.276,0.91
1023.296,0.91
1023.316,0.91
1023.336,0.91
1023.356,0.91
1023.376,0.91
1023.396,0.91
1023.416,0.91
1023.436,0.91
1023.456,0.91
1023.476,0.91
1023.496,0.91
1023.516,0.91
1023.536,0.91
1023.556,0.91
1023.576,0.91
1023.596,0.91
1023.616,0.91
1023.636,0.91
1023.656,0.91
1023.676,0.91
1023.696,0.91
1023.716,0.91
1023.736,0.91
1023.756,0.91
1023.776,0.91
1023.796,0.91
1023.816,0.91
1023.836,0.91
1023.857,0.91
1023.877,0.91
1023.897,0.91
1023.917,0.91
1023.937,0.91
1023.957,0.91
1023.977,0.91
1023.997,0.91
1024.017,0.91
1024.037,0.91
1024.057,0.91
1024.077,0.91
1024.097,0.91
1024.117,0.91
1024.137,0.91
1024.157,0.91
1024.177,0.91
1024.197,0.91
1024.217,0.91
1024.237,0.91
1024.257,0.91
1024.277,0.91
1024.297,0.91
1024.317,0.91
1024.337,0.91
1024.357,0.91
1024.377,0.91
1024.397,0.91
1024.417,0.91
1024.437,0.91
1024.457,0.91
1024.477,0.91
1024.497,0.91
1024.517,0.91
1024.537,0.91
1024.557,0.91
1024.577,0.91
1024.597,0.91
1024.617,0.91
1024.637,0.91
1024.657,0.91
1024.677,0.91
1024.697,0.91
1024.717,0.91
1024.737,0.91
1024.757,0.91
1024.777,0.91
1024.797,0.91
1024.817,0.91
1024.837,0.91
1024.857,0.91
1024.877,0.91
1024.897,0.91
1024.917,0.91
1024.938,0.91
1024.958,0.91
1024.978,0.91
1024.998,0.91
1025.018,0.91
1025.038,0.91
1025.058,0.91
1025.078,0.91
1025.098,0.91
1025.118,0.91
1025.138,0.91
1025.158,0.91
1025.178,0.91
1025.198,0.91
1025.218,0.91
1025.238,0.91
1025.258,0.91
1025.278,0.91
1025.298,0.91
1025.318,0.91
1025.338,0.91
1025.358,0.91
1025.378,0.915
1025.398,0.915
1025.418,0.915
1025.438,0.915
1025.458,0.915
1025.478,0.915
1025.498,0.915
1025.518,0.915
1025.538,0.915
1025.558,0.915
1025.578,0.915
1025.598,0.915
1025.618,0.915
1025.638,0.915
1025.658,0.915
1025.678,0.915
1025.698,0.915
1025.718,0.915
1025.738,0.915
1025.758,0.915
1025.778,0.915
1025.798,0.915
1025.818,0.915
1025.838,0.915
1025.858,0.915
1025.878,0.915
1025.898,0.915
1025.918,0.915
1025.938,0.915
1025.958,0.915
1025.979,0.915
1025.999,0.915
1026.019,0.915
1026.039,0.915
1026.059,0.915
1026.079,0.915
1026.099,0.915
1026.119,0.915
1026.139,0.915
1026.159,0.915
1026.179,0.915
1026.199,0.915
1026.219,0.915
1026.239,0.915
1026.259,0.915
1026.279,0.915
1026.299,0.915
1026.319,0.915
1026.339,0.915
1026.359,0.915
1026.379,0.915
1026.399,0.915
1026.419,0.915
1026.439,0.915
1026.459,0.915
1026.479,0.915
1026.499,0.915
1026.519,0.915
1026.539,0.915
1026.559,0.915
1026.579,0.915
1026.599,0.915
1026.619,0.915
1026.639,0.915
1026.659,0.915
1026.679,0.915
1026.699,0.915
1026.719,0.915
1026.739,0.915
1026.759,0.915
1026.779,0.915
1026.799,0.915
1026.819,0.915
1026.839,0.915
1026.859,0.915
1026.879,0.915
1026.899,0.915
1026.919,0.915
1026.939,0.915
1026.959,0.915
1026.979,0.915
1027,0.915
1027.02,0.915
1027.04,0.915
1027.06,0.915
1027.08,0.915
1027.1,0.915
1027.12,0.915
1027.14,0.915
1027.16,0.915
1027.18,0.915
1027.2,0.915
1027.22,0.915
1027.24,0.915
1027.26,0.915
1027.28,0.915
1027.3,0.915
1027.32,0.915
1027.34,0.915
1027.36,0.915
1027.38,0.915
1027.4,0.915
1027.42,0.915
1027.44,0.915
1027.46,0.915
1027.48,0.915
1027.5,0.915
1027.52,0.915
1027.54,0.915
1027.56,0.915
1027.58,0.915
1027.6,0.915
1027.62,0.915
1027.64,0.915
1027.66,0.915
1027.68,0.915
1027.7,0.915
1027.72,0.915
1027.74,0.915
1027.76,0.915
1027.78,0.915
1027.8,0.915
1027.82,0.915
1027.84,0.915
1027.86,0.915
1027.88,0.915
1027.9,0.915
1027.92,0.915
1027.94,0.915
1027.96,0.915
1027.98,0.915
1028,0.915
1028.021,0.915
1028.041,0.915
1028.061,0.915
1028.081,0.915
1028.101,0.915
1028.121,0.915
1028.141,0.915
1028.161,0.915
1028.181,0.915
1028.201,0.915
1028.221,0.915
1028.241,0.915
1028.261,0.915
1028.281,0.915
1028.301,0.915
1028.321,0.915
1028.341,0.915
1028.361,0.915
1028.381,0.915
1028.401,0.915
1028.421,0.915
1028.441,0.915
1028.461,0.915
1028.481,0.915
1028.501,0.915
1028.521,0.915
1028.541,0.915
1028.561,0.915
1028.581,0.915
1028.601,0.915
1028.621,0.915
1028.641,0.915
1028.661,0.915
1028.681,0.915
1028.701,0.915
1028.721,0.915
1028.741,0.915
1028.761,0.915
1028.781,0.915
1028.801,0.915
1028.821,0.915
1028.841,0.915
1028.861,0.915
1028.881,0.915
1028.901,0.915
1028.921,0.915
1028.941,0.915
1028.961,0.915
1028.981,0.915
1029.001,0.915
1029.021,0.915
1029.042,0.915
1029.062,0.915
1029.082,0.915
1029.102,0.915
1029.122,0.915
1029.142,0.915
1029.162,0.915
1029.182,0.915
1029.202,0.915
1029.222,0.915
1029.242,0.915
1029.262,0.915
1029.282,0.915
1029.302,0.915
1029.322,0.915
1029.342,0.915
1029.362,0.915
1029.382,0.915
1029.402,0.915
1029.422,0.915
1029.442,0.915
1029.462,0.915
1029.482,0.915
1029.502,0.915
1029.522,0.915
1029.542,0.915
1029.562,0.915
1029.582,0.915
1029.602,0.915
1029.622,0.915
1029.642,0.915
1029.662,0.915
1029.682,0.915
1029.702,0.915
1029.722,0.915
1029.742,0.915
1029.762,0.915
1029.782,0.915
1029.802,0.915
1029.822,0.915
1029.842,0.915
1029.862,0.915
1029.882,0.915
1029.902,0.915
1029.922,0.915
1029.942,0.915
1029.962,0.915
1029.982,0.915
1030.002,0.915
1030.022,0.915
1030.042,0.915
1030.063,0.915
1030.083,0.915
1030.103,0.915
1030.123,0.915
1030.143,0.915
1030.163,0.915
1030.183,0.915
1030.203,0.915
1030.223,0.915
1030.243,0.915
1030.263,0.915
1030.283,0.915
1030.303,0.915
1030.323,0.915
1030.343,0.915
1030.363,0.915
1030.383,0.915
1030.403,0.915
1030.423,0.915
1030.443,0.915
1030.463,0.915
1030.483,0.915
1030.503,0.915
1030.523,0.915
1030.543,0.915
1030.563,0.915
1030.583,0.915
1030.603,0.915
1030.623,0.915
1030.643,0.915
1030.663,0.915
1030.683,0.915
1030.703,0.915
1030.723,0.915
1030.743,0.915
1030.763,0.915
1030.783,0.915
1030.803,0.915
1030.823,0.915
1030.843,0.915
1030.863,0.915
1030.883,0.915
1030.903,0.915
1030.923,0.915
1030.943,0.915
1030.963,0.915
1030.983,0.915
1031.003,0.915
1031.023,0.915
1031.043,0.915
1031.063,0.915
1031.083,0.915
1031.104,0.915
1031.124,0.915
1031.144,0.915
1031.164,0.915
1031.184,0.915
1031.204,0.915
1031.224,0.915
1031.244,0.915
1031.264,0.915
1031.284,0.915
1031.304,0.915
1031.324,0.915
1031.344,0.915
1031.364,0.915
1031.384,0.915
1031.404,0.915
1031.424,0.915
1031.444,0.915
1031.464,0.915
1031.484,0.915
1031.504,0.915
1031.524,0.915
1031.544,0.915
1031.564,0.915
1031.584,0.915
1031.604,0.915
1031.624,0.915
1031.644,0.915
1031.664,0.915
1031.684,0.915
1031.704,0.915
1031.724,0.915
1031.744,0.915
1031.764,0.915
1031.784,0.915
1031.804,0.915
1031.824,0.915
1031.844,0.915
1031.864,0.915
1031.884,0.915
1031.904,0.915
1031.924,0.915
1031.944,0.915
1031.964,0.915
1031.984,0.915
1032.004,0.915
1032.024,0.915
1032.044,0.915
1032.064,0.915
1032.084,0.915
1032.104,0.915
1032.125,0.915
1032.145,0.915
1032.165,0.915
1032.185,0.915
1032.205,0.915
1032.225,0.915
1032.245,0.915
1032.265,0.915
1032.285,0.915
1032.305,0.915
1032.325,0.915
1032.345,0.915
1032.365,0.915
1032.385,0.915
1032.405,0.915
1032.425,0.915
1032.445,0.915
1032.465,0.915
1032.485,0.915
1032.505,0.915
1032.525,0.915
1032.545,0.915
1032.565,0.915
1032.585,0.915
1032.605,0.915
1032.625,0.915
1032.645,0.915
1032.665,0.915
1032.685,0.915
1032.705,0.915
1032.725,0.915
1032.745,0.915
1032.765,0.915
1032.785,0.915
1032.805,0.915
1032.825,0.915
1032.845,0.915
1032.865,0.915
1032.885,0.915
1032.905,0.915
1032.925,0.915
1032.945,0.915
1032.965,0.915
1032.985,0.915
1033.005,0.915
1033.025,0.915
1033.045,0.915
1033.065,0.915
1033.085,0.915
1033.105,0.915
1033.125,0.915
1033.146,0.915
1033.166,0.915
1033.186,0.915
1033.206,0.915
1033.226,0.915
1033.246,0.915
1033.266,0.915
1033.286,0.915
1033.306,0.915
1033.326,0.915
1033.346,0.915
1033.366,0.915
1033.386,0.915
1033.406,0.915
1033.426,0.915
1033.446,0.915
1033.466,0.915
1033.486,0.915
1033.506,0.915
1033.526,0.915
1033.546,0.915
1033.566,0.915
1033.586,0.915
1033.606,0.915
1033.626,0.915
1033.646,0.915
1033.666,0.915
1033.686,0.915
1033.706,0.915
1033.726,0.915
1033.746,0.915
1033.766,0.915
1033.786,0.915
1033.806,0.915
1033.826,0.915
1033.846,0.915
1033.866,0.915
1033.886,0.915
1033.906,0.915
1033.926,0.915
1033.946,0.915
1033.966,0.915
1033.986,0.915
1034.006,0.915
1034.026,0.915
1034.046,0.915
1034.066,0.915
1034.086,0.915
1034.106,0.915
1034.126,0.915
1034.146,0.915
1034.167,0.915
1034.187,0.915
1034.207,0.915
1034.227,0.915
1034.247,0.915
1034.267,0.915
1034.287,0.915
1034.307,0.915
1034.327,0.915
1034.347,0.915
1034.367,0.915
1034.387,0.915
1034.407,0.915
1034.427,0.915
1034.447,0.915
1034.467,0.915
1034.487,0.915
1034.507,0.915
1034.527,0.915
1034.547,0.915
1034.567,0.915
1034.587,0.915
1034.607,0.915
1034.627,0.915
1034.647,0.915
1034.667,0.915
1034.687,0.915
1034.707,0.915
1034.727,0.915
1034.747,0.915
1034.767,0.915
1034.787,0.915
1034.807,0.915
1034.827,0.915
1034.847,0.915
1034.867,0.915
1034.887,0.915
1034.907,0.915
1034.927,0.915
1034.947,0.915
1034.967,0.915
1034.987,0.915
1035.007,0.915
1035.027,0.915
1035.047,0.915
1035.067,0.915
1035.087,0.915
1035.107,0.915
1035.127,0.915
1035.147,0.915
1035.167,0.915
1035.188,0.915
1035.208,0.915
1035.228,0.915
1035.248,0.915
1035.268,0.915
1035.288,0.915
1035.308,0.915
1035.328,0.915
1035.348,0.915
1035.368,0.915
1035.388,0.915
1035.408,0.915
1035.428,0.915
1035.448,0.915
1035.468,0.915
1035.488,0.915
1035.508,0.915
1035.528,0.915
1035.548,0.915
1035.568,0.915
1035.588,0.915
1035.608,0.915
1035.628,0.915
1035.648,0.915
1035.668,0.915
1035.688,0.915
1035.708,0.915
1035.728,0.915
1035.748,0.915
1035.768,0.915
1035.788,0.915
1035.808,0.915
1035.828,0.915
1035.848,0.915
1035.868,0.915
1035.888,0.915
1035.908,0.915
1035.928,0.915
1035.948,0.915
1035.968,0.915
1035.988,0.915
1036.008,0.915
1036.028,0.915
1036.048,0.915
1036.068,0.915
1036.088,0.915
1036.108,0.915
1036.128,0.915
1036.148,0.915
1036.168,0.915
1036.188,0.915
1036.208,0.915
1036.229,0.915
1036.249,0.915
1036.269,0.915
1036.289,0.915
1036.309,0.915
1036.329,0.915
1036.349,0.915
1036.369,0.915
1036.389,0.915
1036.409,0.915
1036.429,0.915
1036.449,0.915
1036.469,0.915
1036.489,0.915
1036.509,0.915
1036.529,0.915
1036.549,0.915
1036.569,0.915
1036.589,0.915
1036.609,0.915
1036.629,0.915
1036.649,0.915
1036.669,0.915
1036.689,0.915
1036.709,0.915
1036.729,0.915
1036.749,0.915
1036.769,0.915
1036.789,0.915
1036.809,0.915
1036.829,0.915
1036.849,0.915
1036.869,0.915
1036.889,0.915
1036.909,0.915
1036.929,0.915
1036.949,0.915
1036.969,0.915
1036.989,0.915
1037.009,0.915
1037.029,0.915
1037.049,0.915
1037.069,0.915
1037.089,0.915
1037.109,0.915
1037.129,0.915
1037.149,0.915
1037.169,0.915
1037.189,0.915
1037.209,0.915
1037.229,0.915
1037.25,0.915
1037.27,0.915
1037.29,0.915
1037.31,0.915
1037.33,0.915
1037.35,0.915
1037.37,0.915
1037.39,0.915
1037.41,0.915
1037.43,0.915
1037.45,0.915
1037.47,0.915
1037.49,0.915
1037.51,0.915
1037.53,0.915
1037.55,0.915
1037.57,0.915
1037.59,0.915
1037.61,0.915
1037.63,0.915
1037.65,0.915
1037.67,0.915
1037.69,0.915
1037.71,0.915
1037.73,0.915
1037.75,0.915
1037.77,0.915
1037.79,0.915
1037.81,0.915
1037.83,0.915
1037.85,0.915
1037.87,0.915
1037.89,0.915
1037.91,0.915
1037.93,0.915
1037.95,0.915
1037.97,0.915
1037.99,0.915
1038.01,0.915
1038.03,0.915
1038.05,0.915
1038.07,0.915
1038.09,0.915
1038.11,0.915
1038.13,0.915
1038.15,0.915
1038.17,0.915
1038.19,0.915
1038.21,0.915
1038.23,0.915
1038.25,0.915
1038.271,0.915
1038.291,0.915
1038.311,0.915
1038.331,0.915
1038.351,0.915
1038.371,0.915
1038.391,0.915
1038.411,0.915
1038.431,0.915
1038.451,0.915
1038.471,0.915
1038.491,0.915
1038.511,0.915
1038.531,0.915
1038.551,0.915
1038.571,0.915
1038.591,0.915
1038.611,0.915
1038.631,0.915
1038.651,0.915
1038.671,0.915
1038.691,0.915
1038.711,0.915
1038.731,0.915
1038.751,0.915
1038.771,0.915
1038.791,0.915
1038.811,0.915
1038.831,0.915
1038.851,0.915
1038.871,0.915
1038.891,0.915
1038.911,0.915
1038.931,0.915
1038.951,0.915
1038.971,0.915
1038.991,0.915
1039.011,0.915
1039.031,0.915
1039.051,0.915
1039.071,0.915
1039.091,0.915
1039.111,0.915
1039.131,0.915
1039.151,0.915
1039.171,0.915
1039.191,0.915
1039.211,0.915
1039.231,0.915
1039.251,0.915
1039.271,0.915
1039.292,0.915
1039.312,0.915
1039.332,0.915
1039.352,0.915
1039.372,0.915
1039.392,0.915
1039.412,0.915
1039.432,0.915
1039.452,0.915
1039.472,0.915
1039.492,0.915
1039.512,0.915
1039.532,0.915
1039.552,0.915
1039.572,0.915
1039.592,0.915
1039.612,0.915
1039.632,0.915
1039.652,0.915
1039.672,0.915
1039.692,0.915
1039.712,0.915
1039.732,0.915
1039.752,0.915
1039.772,0.915
1039.792,0.915
1039.812,0.915
1039.832,0.915
1039.852,0.915
1039.872,0.915
1039.892,0.915
1039.912,0.915
1039.932,0.915
1039.952,0.915
1039.972,0.915
1039.992,0.915
1040.012,0.915
1040.032,0.915
1040.052,0.915
1040.072,0.915
1040.092,0.915
1040.112,0.915
1040.132,0.915
1040.152,0.915
1040.172,0.915
1040.192,0.915
1040.212,0.915
1040.232,0.915
1040.252,0.915
1040.272,0.915
1040.292,0.915
1040.313,0.915
1040.333,0.915
1040.353,0.915
1040.373,0.915
1040.393,0.915
1040.413,0.915
1040.433,0.915
1040.453,0.915
1040.473,0.915
1040.493,0.915
1040.513,0.915
1040.533,0.915
1040.553,0.915
1040.573,0.915
1040.593,0.915
1040.613,0.915
1040.633,0.915
1040.653,0.915
1040.673,0.915
1040.693,0.915
1040.713,0.915
1040.733,0.915
1040.753,0.915
1040.773,0.915
1040.793,0.915
1040.813,0.915
1040.833,0.915
1040.853,0.915
1040.873,0.915
1040.893,0.915
1040.913,0.915
1040.933,0.915
1040.953,0.915
1040.973,0.915
1040.993,0.915
1041.013,0.915
1041.033,0.915
1041.053,0.915
1041.073,0.915
1041.093,0.915
1041.113,0.915
1041.133,0.915
1041.153,0.915
1041.173,0.915
1041.193,0.915
1041.213,0.915
1041.233,0.915
1041.253,0.915
1041.273,0.915
1041.293,0.915
1041.313,0.915
1041.333,0.915
1041.354,0.915
1041.374,0.915
1041.394,0.915
1041.414,0.915
1041.434,0.915
1041.454,0.915
1041.474,0.915
1041.494,0.915
1041.514,0.915
1041.534,0.915
1041.554,0.915
1041.574,0.915
1041.594,0.915
1041.614,0.915
1041.634,0.915
1041.654,0.915
1041.674,0.915
1041.694,0.915
1041.714,0.915
1041.734,0.915
1041.754,0.915
1041.774,0.915
1041.794,0.915
1041.814,0.915
1041.834,0.915
1041.854,0.915
1041.874,0.915
1041.894,0.915
1041.914,0.915
1041.934,0.915
1041.954,0.915
1041.974,0.915
1041.994,0.915
1042.014,0.915
1042.034,0.915
1042.054,0.915
1042.074,0.915
1042.094,0.915
1042.114,0.915
1042.134,0.915
1042.154,0.915
1042.174,0.915
1042.194,0.915
1042.214,0.915
1042.234,0.915
1042.254,0.915
1042.274,0.915
1042.294,0.915
1042.314,0.915
1042.334,0.915
1042.354,0.915
1042.375,0.915
1042.395,0.915
1042.415,0.915
1042.435,0.915
1042.455,0.915
1042.475,0.915
1042.495,0.915
1042.515,0.915
1042.535,0.915
1042.555,0.915
1042.575,0.915
1042.595,0.915
1042.615,0.915
1042.635,0.915
1042.655,0.915
1042.675,0.915
1042.695,0.915
1042.715,0.915
1042.735,0.915
1042.755,0.915
1042.775,0.915
1042.795,0.915
1042.815,0.915
1042.835,0.915
1042.855,0.915
1042.875,0.915
1042.895,0.915
1042.915,0.915
1042.935,0.915
1042.955,0.915
1042.975,0.915
1042.995,0.915
1043.015,0.915
1043.035,0.915
1043.055,0.915
1043.075,0.915
1043.095,0.915
1043.115,0.915
1043.135,0.915
1043.155,0.915
1043.175,0.915
1043.195,0.915
1043.215,0.915
1043.235,0.915
1043.255,0.915
1043.275,0.915
1043.295,0.915
1043.315,0.915
1043.335,0.915
1043.355,0.915
1043.375,0.915
1043.396,0.915
1043.416,0.915
1043.436,0.915
1043.456,0.915
1043.476,0.915
1043.496,0.915
1043.516,0.915
1043.536,0.915
1043.556,0.915
1043.576,0.915
1043.596,0.915
1043.616,0.915
1043.636,0.915
1043.656,0.915
1043.676,0.915
1043.696,0.915
1043.716,0.915
1043.736,0.915
1043.756,0.915
1043.776,0.915
1043.796,0.915
1043.816,0.915
1043.836,0.915
1043.856,0.915
1043.876,0.915
1043.896,0.915
1043.916,0.915
1043.936,0.915
1043.956,0.915
1043.976,0.915
1043.996,0.915
1044.016,0.915
1044.036,0.915
1044.056,0.915
1044.076,0.915
1044.096,0.915
1044.116,0.915
1044.136,0.915
1044.156,0.915
1044.176,0.915
1044.196,0.915
1044.216,0.915
1044.236,0.915
1044.256,0.915
1044.276,0.915
1044.296,0.915
1044.316,0.915
1044.336,0.915
1044.356,0.915
1044.376,0.915
1044.396,0.915
1044.417,0.915
1044.437,0.915
1044.457,0.915
1044.477,0.915
1044.497,0.915
1044.517,0.915
1044.537,0.915
1044.557,0.915
1044.577,0.915
1044.597,0.915
1044.617,0.915
1044.637,0.915
1044.657,0.915
1044.677,0.915
1044.697,0.915
1044.717,0.915
1044.737,0.915
1044.757,0.915
1044.777,0.915
1044.797,0.915
1044.817,0.915
1044.837,0.915
1044.857,0.915
1044.877,0.915
1044.897,0.915
1044.917,0.915
1044.937,0.915
1044.957,0.915
1044.977,0.915
1044.997,0.915
1045.017,0.915
1045.037,0.915
1045.057,0.915
1045.077,0.915
1045.097,0.915
1045.117,0.915
1045.137,0.915
1045.157,0.915
1045.177,0.915
1045.197,0.915
1045.217,0.915
1045.237,0.915
1045.257,0.915
1045.277,0.915
1045.297,0.915
1045.317,0.915
1045.337,0.915
1045.357,0.915
1045.377,0.915
1045.397,0.915
1045.417,0.915
1045.438,0.915
1045.458,0.915
1045.478,0.915
1045.498,0.915
1045.518,0.915
1045.538,0.915
1045.558,0.915
1045.578,0.915
1045.598,0.915
1045.618,0.915
1045.638,0.915
1045.658,0.915
1045.678,0.915
1045.698,0.915
1045.718,0.915
1045.738,0.92
1045.758,0.92
1045.778,0.92
1045.798,0.92
1045.818,0.92
1045.838,0.92
1045.858,0.92
1045.878,0.92
1045.898,0.92
1045.918,0.92
1045.938,0.92
1045.958,0.92
1045.978,0.92
1045.998,0.92
1046.018,0.92
1046.038,0.92
1046.058,0.92
1046.078,0.92
1046.098,0.92
1046.118,0.92
1046.138,0.92
1046.158,0.92
1046.178,0.92
1046.198,0.92
1046.218,0.92
1046.238,0.92
1046.258,0.92
1046.278,0.92
1046.298,0.92
1046.318,0.92
1046.338,0.92
1046.358,0.92
1046.378,0.92
1046.398,0.92
1046.418,0.92
1046.438,0.92
1046.458,0.92
1046.479,0.92
1046.499,0.92
1046.519,0.92
1046.539,0.92
1046.559,0.92
1046.579,0.92
1046.599,0.92
1046.619,0.92
1046.639,0.92
1046.659,0.92
1046.679,0.92
1046.699,0.92
1046.719,0.92
1046.739,0.92
1046.759,0.92
1046.779,0.92
1046.799,0.92
1046.819,0.92
1046.839,0.92
1046.859,0.92
1046.879,0.92
1046.899,0.92
1046.919,0.92
1046.939,0.92
1046.959,0.92
1046.979,0.92
1046.999,0.92
1047.019,0.92
1047.039,0.92
1047.059,0.92
1047.079,0.92
1047.099,0.92
1047.119,0.92
1047.139,0.92
1047.159,0.92
1047.179,0.92
1047.199,0.92
1047.219,0.92
1047.239,0.92
1047.259,0.92
1047.279,0.92
1047.299,0.92
1047.319,0.92
1047.339,0.92
1047.359,0.92
1047.379,0.92
1047.399,0.92
1047.419,0.92
1047.439,0.92
1047.459,0.92
1047.479,0.92
1047.5,0.92
1047.52,0.92
1047.54,0.92
1047.56,0.92
1047.58,0.92
1047.6,0.92
1047.62,0.92
1047.64,0.92
1047.66,0.92
1047.68,0.92
1047.7,0.92
1047.72,0.92
1047.74,0.92
1047.76,0.92
1047.78,0.92
1047.8,0.92
1047.82,0.92
1047.84,0.92
1047.86,0.92
1047.88,0.92
1047.9,0.92
1047.92,0.92
1047.94,0.92
1047.96,0.92
1047.98,0.92
1048,0.92
1048.02,0.92
1048.04,0.92
1048.06,0.92
1048.08,0.92
1048.1,0.92
1048.12,0.92
1048.14,0.92
1048.16,0.92
1048.18,0.92
1048.2,0.92
1048.22,0.92
1048.24,0.92
1048.26,0.92
1048.28,0.92
1048.3,0.92
1048.32,0.92
1048.34,0.92
1048.36,0.92
1048.38,0.92
1048.4,0.92
1048.42,0.92
1048.44,0.92
1048.46,0.92
1048.48,0.92
1048.5,0.92
1048.521,0.92
1048.541,0.92
1048.561,0.92
1048.581,0.92
1048.601,0.92
1048.621,0.92
1048.641,0.92
1048.661,0.92
1048.681,0.92
1048.701,0.92
1048.721,0.92
1048.741,0.92
1048.761,0.92
1048.781,0.92
1048.801,0.92
1048.821,0.92
1048.841,0.92
1048.861,0.92
1048.881,0.92
1048.901,0.92
1048.921,0.92
1048.941,0.92
1048.961,0.92
1048.981,0.92
1049.001,0.92
1049.021,0.92
1049.041,0.92
1049.061,0.92
1049.081,0.92
1049.101,0.92
1049.121,0.92
1049.141,0.92
1049.161,0.92
1049.181,0.92
1049.201,0.92
1049.221,0.92
1049.241,0.92
1049.261,0.92
1049.281,0.92
1049.301,0.92
1049.321,0.92
1049.341,0.92
1049.361,0.92
1049.381,0.92
1049.401,0.92
1049.421,0.92
1049.441,0.92
1049.461,0.92
1049.481,0.92
1049.501,0.92
1049.521,0.92
1049.542,0.92
1049.562,0.92
1049.582,0.92
1049.602,0.92
1049.622,0.92
1049.642,0.92
1049.662,0.92
1049.682,0.92
1049.702,0.92
1049.722,0.92
1049.742,0.92
1049.762,0.92
1049.782,0.92
1049.802,0.92
1049.822,0.92
1049.842,0.92
1049.862,0.92
1049.882,0.92
1049.902,0.92
1049.922,0.92
1049.942,0.92
1049.962,0.92
1049.982,0.92
1050.002,0.92
1050.022,0.92
1050.042,0.92
1050.062,0.92
1050.082,0.92
1050.102,0.92
1050.122,0.92
1050.142,0.92
1050.162,0.92
1050.182,0.92
1050.202,0.92
1050.222,0.92
1050.242,0.92
1050.262,0.92
1050.282,0.92
1050.302,0.92
1050.322,0.92
1050.342,0.92
1050.362,0.92
1050.382,0.92
1050.402,0.92
1050.422,0.92
1050.442,0.92
1050.462,0.92
1050.482,0.92
1050.502,0.92
1050.522,0.92
1050.542,0.92
1050.563,0.92
1050.583,0.92
1050.603,0.92
1050.623,0.92
1050.643,0.92
1050.663,0.92
1050.683,0.92
1050.703,0.92
1050.723,0.92
1050.743,0.92
1050.763,0.92
1050.783,0.92
1050.803,0.92
1050.823,0.92
1050.843,0.92
1050.863,0.92
1050.883,0.92
1050.903,0.92
1050.923,0.92
1050.943,0.92
1050.963,0.92
1050.983,0.92
1051.003,0.92
1051.023,0.92
1051.043,0.92
1051.063,0.92
1051.083,0.92
1051.103,0.92
1051.123,0.92
1051.143,0.92
1051.163,0.92
1051.183,0.92
1051.203,0.92
1051.223,0.92
1051.243,0.92
1051.263,0.92
1051.283,0.92
1051.303,0.92
1051.323,0.92
1051.343,0.92
1051.363,0.92
1051.383,0.92
1051.403,0.92
1051.423,0.92
1051.443,0.92
1051.463,0.92
1051.483,0.92
1051.503,0.92
1051.523,0.92
1051.543,0.92
1051.563,0.92
1051.583,0.92
1051.604,0.92
1051.624,0.92
1051.644,0.92
1051.664,0.92
1051.684,0.92
1051.704,0.92
1051.724,0.92
1051.744,0.92
1051.764,0.92
1051.784,0.92
1051.804,0.92
1051.824,0.92
1051.844,0.92
1051.864,0.92
1051.884,0.92
1051.904,0.92
1051.924,0.92
1051.944,0.92
1051.964,0.92
1051.984,0.92
1052.004,0.92
1052.024,0.92
1052.044,0.92
1052.064,0.92
1052.084,0.92
1052.104,0.92
1052.124,0.92
1052.144,0.92
1052.164,0.92
1052.184,0.92
1052.204,0.92
1052.224,0.92
1052.244,0.92
1052.264,0.92
1052.284,0.92
1052.304,0.92
1052.324,0.92
1052.344,0.92
1052.364,0.92
1052.384,0.92
1052.404,0.92
1052.424,0.92
1052.444,0.92
1052.464,0.92
1052.484,0.92
1052.504,0.92
1052.524,0.92
1052.544,0.92
1052.564,0.92
1052.584,0.92
1052.604,0.92
1052.625,0.92
1052.645,0.92
1052.665,0.92
1052.685,0.92
1052.705,0.92
1052.725,0.92
1052.745,0.92
1052.765,0.92
1052.785,0.92
1052.805,0.92
1052.825,0.92
1052.845,0.92
1052.865,0.92
1052.885,0.92
1052.905,0.92
1052.925,0.92
1052.945,0.92
1052.965,0.92
1052.985,0.92
1053.005,0.92
1053.025,0.92
1053.045,0.92
1053.065,0.92
1053.085,0.92
1053.105,0.92
1053.125,0.92
1053.145,0.92
1053.165,0.92
1053.185,0.92
1053.205,0.92
1053.225,0.92
1053.245,0.92
1053.265,0.92
1053.285,0.92
1053.305,0.92
1053.325,0.92
1053.345,0.92
1053.365,0.92
1053.385,0.92
1053.405,0.92
1053.425,0.92
1053.445,0.92
1053.465,0.92
1053.485,0.92
1053.505,0.92
1053.525,0.92
1053.545,0.92
1053.565,0.92
1053.585,0.92
1053.605,0.92
1053.625,0.92
1053.646,0.92
1053.666,0.92
1053.686,0.92
1053.706,0.92
1053.726,0.92
1053.746,0.92
1053.766,0.92
1053.786,0.92
1053.806,0.92
1053.826,0.92
1053.846,0.92
1053.866,0.92
1053.886,0.92
1053.906,0.92
1053.926,0.92
1053.946,0.92
1053.966,0.92
1053.986,0.92
1054.006,0.92
1054.026,0.92
1054.046,0.92
1054.066,0.92
1054.086,0.92
1054.106,0.92
1054.126,0.92
1054.146,0.92
1054.166,0.92
1054.186,0.92
1054.206,0.92
1054.226,0.92
1054.246,0.92
1054.266,0.92
1054.286,0.92
1054.306,0.92
1054.326,0.92
1054.346,0.92
1054.366,0.92
1054.386,0.92
1054.406,0.92
1054.426,0.92
1054.446,0.92
1054.466,0.92
1054.486,0.92
1054.506,0.92
1054.526,0.92
1054.546,0.92
1054.566,0.92
1054.586,0.92
1054.606,0.92
1054.626,0.92
1054.646,0.92
1054.667,0.92
1054.687,0.92
1054.707,0.92
1054.727,0.92
1054.747,0.925
1054.767,0.925
1054.787,0.925
1054.807,0.925
1054.827,0.925
1054.847,0.925
1054.867,0.925
1054.887,0.925
1054.907,0.925
1054.927,0.925
1054.947,0.925
1054.967,0.925
1054.987,0.925
1055.007,0.925
1055.027,0.925
1055.047,0.925
1055.067,0.925
1055.087,0.925
1055.107,0.925
1055.127,0.925
1055.147,0.925
1055.167,0.925
1055.187,0.925
1055.207,0.925
1055.227,0.925
1055.247,0.925
1055.267,0.925
1055.287,0.925
1055.307,0.925
1055.327,0.925
1055.347,0.925
1055.367,0.925
1055.387,0.925
1055.407,0.925
1055.427,0.925
1055.447,0.925
1055.467,0.925
1055.487,0.925
1055.507,0.925
1055.527,0.925
1055.547,0.925
1055.567,0.925
1055.587,0.925
1055.607,0.925
1055.627,0.925
1055.647,0.925
1055.667,0.925
1055.688,0.925
1055.708,0.925
1055.728,0.925
1055.748,0.925
1055.768,0.925
1055.788,0.925
1055.808,0.925
1055.828,0.925
1055.848,0.925
1055.868,0.925
1055.888,0.925
1055.908,0.925
1055.928,0.925
1055.948,0.925
1055.968,0.925
1055.988,0.925
1056.008,0.925
1056.028,0.925
1056.048,0.925
1056.068,0.925
1056.088,0.925
1056.108,0.925
1056.128,0.925
1056.148,0.925
1056.168,0.925
1056.188,0.925
1056.208,0.925
1056.228,0.925
1056.248,0.925
1056.268,0.925
1056.288,0.925
1056.308,0.925
1056.328,0.925
1056.348,0.925
1056.368,0.925
1056.388,0.925
1056.408,0.925
1056.428,0.925
1056.448,0.925
1056.468,0.925
1056.488,0.925
1056.508,0.925
1056.528,0.925
1056.548,0.925
1056.568,0.925
1056.588,0.925
1056.608,0.925
1056.628,0.925
1056.648,0.925
1056.668,0.925
1056.688,0.925
1056.708,0.925
1056.729,0.925
1056.749,0.925
1056.769,0.925
1056.789,0.925
1056.809,0.925
1056.829,0.925
1056.849,0.925
1056.869,0.925
1056.889,0.925
1056.909,0.925
1056.929,0.925
1056.949,0.925
1056.969,0.925
1056.989,0.925
1057.009,0.925
1057.029,0.925
1057.049,0.925
1057.069,0.925
1057.089,0.925
1057.109,0.925
1057.129,0.925
1057.149,0.925
1057.169,0.925
1057.189,0.925
1057.209,0.925
1057.229,0.925
1057.249,0.925
1057.269,0.925
1057.289,0.925
1057.309,0.925
1057.329,0.925
1057.349,0.925
1057.369,0.925
1057.389,0.925
1057.409,0.925
1057.429,0.925
1057.449,0.925
1057.469,0.925
1057.489,0.925
1057.509,0.925
1057.529,0.925
1057.549,0.925
1057.569,0.925
1057.589,0.925
1057.609,0.925
1057.629,0.925
1057.649,0.925
1057.669,0.925
1057.689,0.925
1057.709,0.925
1057.729,0.925
1057.75,0.925
1057.77,0.925
1057.79,0.925
1057.81,0.925
1057.83,0.925
1057.85,0.925
1057.87,0.925
1057.89,0.925
1057.91,0.925
1057.93,0.925
1057.95,0.925
1057.97,0.925
1057.99,0.925
1058.01,0.925
1058.03,0.925
1058.05,0.925
1058.07,0.925
1058.09,0.925
1058.11,0.925
1058.13,0.925
1058.15,0.925
1058.17,0.925
1058.19,0.925
1058.21,0.925
1058.23,0.925
1058.25,0.925
1058.27,0.925
1058.29,0.925
1058.31,0.925
1058.33,0.925
1058.35,0.925
1058.37,0.925
1058.39,0.925
1058.41,0.925
1058.43,0.925
1058.45,0.925
1058.47,0.925
1058.49,0.925
1058.51,0.925
1058.53,0.925
1058.55,0.925
1058.57,0.925
1058.59,0.925
1058.61,0.925
1058.63,0.925
1058.65,0.925
1058.67,0.925
1058.69,0.925
1058.71,0.925
1058.73,0.925
1058.75,0.925
1058.771,0.925
1058.791,0.925
1058.811,0.925
1058.831,0.925
1058.851,0.925
1058.871,0.925
1058.891,0.925
1058.911,0.925
1058.931,0.925
1058.951,0.925
1058.971,0.925
1058.991,0.925
1059.011,0.925
1059.031,0.925
1059.051,0.925
1059.071,0.925
1059.091,0.925
1059.111,0.925
1059.131,0.925
1059.151,0.925
1059.171,0.925
1059.191,0.925
1059.211,0.925
1059.231,0.925
1059.251,0.925
1059.271,0.925
1059.291,0.925
1059.311,0.925
1059.331,0.925
1059.351,0.925
1059.371,0.925
1059.391,0.925
1059.411,0.925
1059.431,0.925
1059.451,0.925
1059.471,0.925
1059.491,0.925
1059.511,0.925
1059.531,0.925
1059.551,0.925
1059.571,0.925
1059.591,0.925
1059.611,0.925
1059.631,0.925
1059.651,0.925
1059.671,0.925
1059.691,0.925
1059.711,0.925
1059.731,0.925
1059.751,0.925
1059.771,0.925
1059.792,0.925
1059.812,0.925
1059.832,0.925
1059.852,0.925
1059.872,0.925
1059.892,0.925
1059.912,0.925
1059.932,0.925
1059.952,0.925
1059.972,0.925
1059.992,0.925
1060.012,0.925
1060.032,0.925
1060.052,0.925
1060.072,0.925
1060.092,0.925
1060.112,0.925
1060.132,0.925
1060.152,0.925
1060.172,0.925
1060.192,0.925
1060.212,0.925
1060.232,0.925
1060.252,0.925
1060.272,0.925
1060.292,0.925
1060.312,0.925
1060.332,0.925
1060.352,0.925
1060.372,0.925
1060.392,0.925
1060.412,0.925
1060.432,0.925
1060.452,0.925
1060.472,0.925
1060.492,0.925
1060.512,0.925
1060.532,0.925
1060.552,0.925
1060.572,0.925
1060.592,0.925
1060.612,0.925
1060.632,0.925
1060.652,0.925
1060.672,0.925
1060.692,0.925
1060.712,0.925
1060.732,0.925
1060.752,0.925
1060.772,0.925
1060.792,0.925
1060.813,0.925
1060.833,0.925
1060.853,0.925
1060.873,0.925
1060.893,0.925
1060.913,0.925
1060.933,0.925
1060.953,0.925
1060.973,0.925
1060.993,0.925
1061.013,0.925
1061.033,0.925
1061.053,0.925
1061.073,0.925
1061.093,0.925
1061.113,0.925
1061.133,0.925
1061.153,0.925
1061.173,0.925
1061.193,0.925
1061.213,0.925
1061.233,0.925
1061.253,0.925
1061.273,0.925
1061.293,0.925
1061.313,0.925
1061.333,0.925
1061.353,0.925
1061.373,0.925
1061.393,0.925
1061.413,0.925
1061.433,0.925
1061.453,0.925
1061.473,0.925
1061.493,0.925
1061.513,0.925
1061.533,0.925
1061.553,0.925
1061.573,0.925
1061.593,0.925
1061.613,0.925
1061.633,0.925
1061.653,0.925
1061.673,0.925
1061.693,0.925
1061.713,0.925
1061.733,0.925
1061.753,0.925
1061.773,0.925
1061.793,0.925
1061.813,0.925
1061.833,0.925
1061.854,0.925
1061.874,0.925
1061.894,0.925
1061.914,0.925
1061.934,0.925
1061.954,0.925
1061.974,0.925
1061.994,0.925
1062.014,0.925
1062.034,0.925
1062.054,0.925
1062.074,0.925
1062.094,0.925
1062.114,0.925
1062.134,0.925
1062.154,0.925
1062.174,0.925
1062.194,0.925
1062.214,0.925
1062.234,0.925
1062.254,0.925
1062.274,0.925
1062.294,0.925
1062.314,0.925
1062.334,0.925
1062.354,0.925
1062.374,0.925
1062.394,0.925
1062.414,0.925
1062.434,0.925
1062.454,0.925
1062.474,0.925
1062.494,0.925
1062.514,0.925
1062.534,0.925
1062.554,0.925
1062.574,0.925
1062.594,0.925
1062.614,0.925
1062.634,0.925
1062.654,0.925
1062.674,0.925
1062.694,0.925
1062.714,0.925
1062.734,0.925
1062.754,0.925
1062.774,0.925
1062.794,0.925
1062.814,0.925
1062.834,0.925
1062.854,0.925
1062.875,0.925
1062.895,0.925
1062.915,0.925
1062.935,0.925
1062.955,0.925
1062.975,0.925
1062.995,0.925
1063.015,0.925
1063.035,0.925
1063.055,0.925
1063.075,0.925
1063.095,0.925
1063.115,0.925
1063.135,0.925
1063.155,0.925
1063.175,0.925
1063.195,0.925
1063.215,0.925
1063.235,0.925
1063.255,0.925
1063.275,0.925
1063.295,0.925
1063.315,0.925
1063.335,0.925
1063.355,0.925
1063.375,0.925
1063.395,0.925
1063.415,0.925
1063.435,0.925
1063.455,0.925
1063.475,0.925
1063.495,0.925
1063.515,0.925
1063.535,0.925
1063.555,0.925
1063.575,0.925
1063.595,0.925
1063.615,0.925
1063.635,0.925
1063.655,0.925
1063.675,0.925
1063.695,0.925
1063.715,0.925
1063.735,0.925
1063.755,0.925
1063.775,0.925
1063.795,0.925
1063.815,0.925
1063.835,0.925
1063.855,0.925
1063.875,0.925
1063.896,0.925
1063.916,0.925
1063.936,0.925
1063.956,0.925
1063.976,0.925
1063.996,0.925
1064.016,0.925
1064.036,0.925
1064.056,0.925
1064.076,0.925
1064.096,0.925
1064.116,0.925
1064.136,0.925
1064.156,0.925
1064.176,0.925
1064.196,0.925
1064.216,0.925
1064.236,0.925
1064.256,0.925
1064.276,0.925
1064.296,0.925
1064.316,0.925
1064.336,0.925
1064.356,0.925
1064.376,0.925
1064.396,0.925
1064.416,0.925
1064.436,0.925
1064.456,0.925
1064.476,0.925
1064.496,0.925
1064.516,0.925
1064.536,0.925
1064.556,0.925
1064.576,0.925
1064.596,0.925
1064.616,0.925
1064.636,0.925
1064.656,0.925
1064.676,0.925
1064.696,0.925
1064.716,0.925
1064.736,0.925
1064.756,0.925
1064.776,0.925
1064.796,0.925
1064.816,0.925
1064.836,0.925
1064.856,0.925
1064.876,0.925
1064.896,0.925
1064.917,0.925
1064.937,0.925
1064.957,0.925
1064.977,0.925
1064.997,0.925
1065.017,0.925
1065.037,0.925
1065.057,0.925
1065.077,0.925
1065.097,0.925
1065.117,0.925
1065.137,0.925
1065.157,0.925
1065.177,0.925
1065.197,0.925
1065.217,0.925
1065.237,0.925
1065.257,0.925
1065.277,0.925
1065.297,0.925
1065.317,0.925
1065.337,0.925
1065.357,0.925
1065.377,0.925
1065.397,0.925
1065.417,0.925
1065.437,0.925
1065.457,0.925
1065.477,0.925
1065.497,0.925
1065.517,0.925
1065.537,0.925
1065.557,0.925
1065.577,0.925
1065.597,0.925
1065.617,0.925
1065.637,0.925
1065.657,0.925
1065.677,0.925
1065.697,0.925
1065.717,0.925
1065.737,0.925
1065.757,0.925
1065.777,0.925
1065.797,0.925
1065.817,0.925
1065.837,0.925
1065.857,0.925
1065.877,0.925
1065.897,0.925
1065.917,0.925
1065.938,0.925
1065.958,0.925
1065.978,0.925
1065.998,0.925
1066.018,0.925
1066.038,0.925
1066.058,0.925
1066.078,0.925
1066.098,0.925
1066.118,0.925
1066.138,0.925
1066.158,0.925
1066.178,0.925
1066.198,0.925
1066.218,0.925
1066.238,0.925
1066.258,0.925
1066.278,0.925
1066.298,0.925
1066.318,0.925
1066.338,0.925
1066.358,0.925
1066.378,0.925
1066.398,0.925
1066.418,0.925
1066.438,0.925
1066.458,0.925
1066.478,0.925
1066.498,0.925
1066.518,0.925
1066.538,0.925
1066.558,0.925
1066.578,0.925
1066.598,0.925
1066.618,0.925
1066.638,0.925
1066.658,0.925
1066.678,0.925
1066.698,0.925
1066.718,0.925
1066.738,0.925
1066.758,0.925
1066.778,0.925
1066.798,0.925
1066.818,0.925
1066.838,0.925
1066.858,0.925
1066.878,0.925
1066.898,0.925
1066.918,0.925
1066.938,0.925
1066.958,0.925
1066.979,0.925
1066.999,0.925
1067.019,0.925
1067.039,0.925
1067.059,0.925
1067.079,0.925
1067.099,0.925
1067.119,0.925
1067.139,0.925
1067.159,0.925
1067.179,0.925
1067.199,0.925
1067.219,0.925
1067.239,0.925
1067.259,0.925
1067.279,0.925
1067.299,0.925
1067.319,0.925
1067.339,0.925
1067.359,0.925
1067.379,0.925
1067.399,0.925
1067.419,0.925
1067.439,0.925
1067.459,0.925
1067.479,0.925
1067.499,0.925
1067.519,0.925
1067.539,0.925
1067.559,0.925
1067.579,0.925
1067.599,0.925
1067.619,0.925
1067.639,0.925
1067.659,0.925
1067.679,0.925
1067.699,0.925
1067.719,0.925
1067.739,0.925
1067.759,0.925
1067.779,0.925
1067.799,0.925
1067.819,0.925
1067.839,0.925
1067.859,0.925
1067.879,0.925
1067.899,0.925
1067.919,0.925
1067.939,0.925
1067.959,0.925
1067.979,0.925
1068,0.925
1068.02,0.925
1068.04,0.925
1068.06,0.925
1068.08,0.925
1068.1,0.925
1068.12,0.925
1068.14,0.925
1068.16,0.925
1068.18,0.925
1068.2,0.925
1068.22,0.925
1068.24,0.925
1068.26,0.925
1068.28,0.925
1068.3,0.925
1068.32,0.925
1068.34,0.925
1068.36,0.925
1068.38,0.925
1068.4,0.925
1068.42,0.925
1068.44,0.925
1068.46,0.925
1068.48,0.925
1068.5,0.925
1068.52,0.925
1068.54,0.925
1068.56,0.925
1068.58,0.925
1068.6,0.925
1068.62,0.925
1068.64,0.925
1068.66,0.925
1068.68,0.925
1068.7,0.925
1068.72,0.925
1068.74,0.925
1068.76,0.925
1068.78,0.925
1068.8,0.925
1068.82,0.925
1068.84,0.925
1068.86,0.925
1068.88,0.925
1068.9,0.925
1068.92,0.925
1068.94,0.925
1068.96,0.925
1068.98,0.925
1069,0.925
1069.021,0.925
1069.041,0.925
1069.061,0.925
1069.081,0.925
1069.101,0.925
1069.121,0.925
1069.141,0.925
1069.161,0.925
1069.181,0.925
1069.201,0.925
1069.221,0.925
1069.241,0.925
1069.261,0.925
1069.281,0.925
1069.301,0.925
1069.321,0.925
1069.341,0.925
1069.361,0.925
1069.381,0.925
1069.401,0.925
1069.421,0.925
1069.441,0.925
1069.461,0.925
1069.481,0.925
1069.501,0.925
1069.521,0.925
1069.541,0.925
1069.561,0.925
1069.581,0.925
1069.601,0.925
1069.621,0.925
1069.641,0.925
1069.661,0.925
1069.681,0.925
1069.701,0.925
1069.721,0.925
1069.741,0.925
1069.761,0.925
1069.781,0.925
1069.801,0.925
1069.821,0.925
1069.841,0.925
1069.861,0.925
1069.881,0.925
1069.901,0.925
1069.921,0.925
1069.941,0.925
1069.961,0.925
1069.981,0.925
1070.001,0.925
1070.021,0.925
1070.042,0.925
1070.062,0.925
1070.082,0.925
1070.102,0.925
1070.122,0.925
1070.142,0.925
1070.162,0.925
1070.182,0.925
1070.202,0.925
1070.222,0.925
1070.242,0.925
1070.262,0.925
1070.282,0.925
1070.302,0.925
1070.322,0.925
1070.342,0.925
1070.362,0.925
1070.382,0.925
1070.402,0.925
1070.422,0.925
1070.442,0.925
1070.462,0.925
1070.482,0.925
1070.502,0.925
1070.522,0.925
1070.542,0.925
1070.562,0.925
1070.582,0.925
1070.602,0.925
1070.622,0.925
1070.642,0.925
1070.662,0.925
1070.682,0.925
1070.702,0.925
1070.722,0.925
1070.742,0.925
1070.762,0.925
1070.782,0.925
1070.802,0.925
1070.822,0.925
1070.842,0.925
1070.862,0.925
1070.882,0.925
1070.902,0.925
1070.922,0.925
1070.942,0.925
1070.962,0.925
1070.982,0.925
1071.002,0.925
1071.022,0.925
1071.042,0.925
1071.063,0.925
1071.083,0.925
1071.103,0.925
1071.123,0.925
1071.143,0.925
1071.163,0.925
1071.183,0.925
1071.203,0.925
1071.223,0.925
1071.243,0.925
1071.263,0.925
1071.283,0.925
1071.303,0.925
1071.323,0.925
1071.343,0.925
1071.363,0.925
1071.383,0.925
1071.403,0.925
1071.423,0.925
1071.443,0.925
1071.463,0.925
1071.483,0.925
1071.503,0.925
1071.523,0.925
1071.543,0.925
1071.563,0.925
1071.583,0.925
1071.603,0.925
1071.623,0.925
1071.643,0.925
1071.663,0.925
1071.683,0.925
1071.703,0.925
1071.723,0.925
1071.743,0.925
1071.763,0.925
1071.783,0.925
1071.803,0.925
1071.823,0.925
1071.843,0.925
1071.863,0.925
1071.883,0.925
1071.903,0.925
1071.923,0.925
1071.943,0.925
1071.963,0.925
1071.983,0.925
1072.003,0.925
1072.023,0.925
1072.043,0.925
1072.063,0.925
1072.083,0.925
1072.104,0.925
1072.124,0.925
1072.144,0.925
1072.164,0.925
1072.184,0.925
1072.204,0.925
1072.224,0.925
1072.244,0.925
1072.264,0.925
1072.284,0.925
1072.304,0.925
1072.324,0.925
1072.344,0.925
1072.364,0.925
1072.384,0.925
1072.404,0.925
1072.424,0.925
1072.444,0.925
1072.464,0.925
1072.484,0.925
1072.504,0.925
1072.524,0.925
1072.544,0.925
1072.564,0.925
1072.584,0.925
1072.604,0.925
1072.624,0.925
1072.644,0.925
1072.664,0.925
1072.684,0.925
1072.704,0.925
1072.724,0.925
1072.744,0.925
1072.764,0.925
1072.784,0.925
1072.804,0.925
1072.824,0.925
1072.844,0.925
1072.864,0.925
1072.884,0.925
1072.904,0.925
1072.924,0.925
1072.944,0.925
1072.964,0.925
1072.984,0.925
1073.004,0.925
1073.024,0.925
1073.044,0.925
1073.064,0.925
1073.084,0.925
1073.104,0.925
1073.125,0.925
1073.145,0.925
1073.165,0.925
1073.185,0.925
1073.205,0.925
1073.225,0.925
1073.245,0.925
1073.265,0.925
1073.285,0.925
1073.305,0.925
1073.325,0.925
1073.345,0.925
1073.365,0.925
1073.385,0.925
1073.405,0.925
1073.425,0.925
1073.445,0.925
1073.465,0.925
1073.485,0.925
1073.505,0.925
1073.525,0.925
1073.545,0.925
1073.565,0.925
1073.585,0.925
1073.605,0.925
1073.625,0.925
1073.645,0.925
1073.665,0.925
1073.685,0.925
1073.705,0.925
1073.725,0.925
1073.745,0.925
1073.765,0.925
1073.785,0.925
1073.805,0.925
1073.825,0.925
1073.845,0.925
1073.865,0.925
1073.885,0.925
1073.905,0.925
1073.925,0.925
1073.945,0.925
1073.965,0.925
1073.985,0.925
1074.005,0.925
1074.025,0.925
1074.045,0.925
1074.065,0.925
1074.085,0.925
1074.105,0.925
1074.125,0.925
1074.146,0.925
1074.166,0.925
1074.186,0.925
1074.206,0.925
1074.226,0.925
1074.246,0.925
1074.266,0.925
1074.286,0.925
1074.306,0.925
1074.326,0.925
1074.346,0.925
1074.366,0.925
1074.386,0.925
1074.406,0.925
1074.426,0.925
1074.446,0.925
1074.466,0.925
1074.486,0.925
1074.506,0.925
1074.526,0.925
1074.546,0.925
1074.566,0.925
1074.586,0.925
1074.606,0.925
1074.626,0.925
1074.646,0.925
1074.666,0.925
1074.686,0.925
1074.706,0.925
1074.726,0.925
1074.746,0.925
1074.766,0.925
1074.786,0.925
1074.806,0.925
1074.826,0.925
1074.846,0.925
1074.866,0.925
1074.886,0.925
1074.906,0.925
1074.926,0.925
1074.946,0.925
1074.966,0.925
1074.986,0.925
1075.006,0.925
1075.026,0.925
1075.046,0.925
1075.066,0.925
1075.086,0.925
1075.106,0.925
1075.126,0.925
1075.146,0.925
1075.167,0.925
1075.187,0.925
1075.207,0.925
1075.227,0.925
1075.247,0.925
1075.267,0.925
1075.287,0.925
1075.307,0.925
1075.327,0.925
1075.347,0.925
1075.367,0.925
1075.387,0.925
1075.407,0.925
1075.427,0.925
1075.447,0.925
1075.467,0.925
1075.487,0.925
1075.507,0.925
1075.527,0.925
1075.547,0.925
1075.567,0.925
1075.587,0.925
1075.607,0.925
1075.627,0.925
1075.647,0.925
1075.667,0.925
1075.687,0.925
1075.707,0.925
1075.727,0.925
1075.747,0.925
1075.767,0.925
1075.787,0.925
1075.807,0.925
1075.827,0.925
1075.847,0.925
1075.867,0.925
1075.887,0.925
1075.907,0.925
1075.927,0.925
1075.947,0.925
1075.967,0.925
1075.987,0.925
1076.007,0.925
1076.027,0.925
1076.047,0.925
1076.067,0.925
1076.087,0.925
1076.107,0.925
1076.127,0.925
1076.147,0.925
1076.167,0.925
1076.188,0.925
1076.208,0.925
1076.228,0.925
1076.248,0.925
1076.268,0.925
1076.288,0.925
1076.308,0.925
1076.328,0.925
1076.348,0.925
1076.368,0.925
1076.388,0.925
1076.408,0.925
1076.428,0.925
1076.448,0.925
1076.468,0.925
1076.488,0.925
1076.508,0.925
1076.528,0.925
1076.548,0.925
1076.568,0.925
1076.588,0.925
1076.608,0.925
1076.628,0.925
1076.648,0.925
1076.668,0.925
1076.688,0.925
1076.708,0.925
1076.728,0.925
1076.748,0.925
1076.768,0.925
1076.788,0.925
1076.808,0.925
1076.828,0.925
1076.848,0.925
1076.868,0.925
1076.888,0.925
1076.908,0.925
1076.928,0.925
1076.948,0.925
1076.968,0.925
1076.988,0.925
1077.008,0.925
1077.028,0.925
1077.048,0.925
1077.068,0.925
1077.088,0.925
1077.108,0.925
1077.128,0.925
1077.148,0.925
1077.168,0.925
1077.188,0.925
1077.208,0.925
1077.229,0.925
1077.249,0.925
1077.269,0.925
1077.289,0.925
1077.309,0.925
1077.329,0.925
1077.349,0.925
1077.369,0.925
1077.389,0.925
1077.409,0.925
1077.429,0.925
1077.449,0.925
1077.469,0.925
1077.489,0.925
1077.509,0.925
1077.529,0.925
1077.549,0.925
1077.569,0.925
1077.589,0.925
1077.609,0.925
1077.629,0.925
1077.649,0.925
1077.669,0.925
1077.689,0.925
1077.709,0.925
1077.729,0.925
1077.749,0.925
1077.769,0.925
1077.789,0.925
1077.809,0.925
1077.829,0.925
1077.849,0.925
1077.869,0.925
1077.889,0.925
1077.909,0.925
1077.929,0.925
1077.949,0.925
1077.969,0.925
1077.989,0.925
1078.009,0.925
1078.029,0.925
1078.049,0.925
1078.069,0.925
1078.089,0.925
1078.109,0.925
1078.129,0.925
1078.149,0.925
1078.169,0.925
1078.189,0.925
1078.209,0.925
1078.229,0.925
1078.25,0.925
1078.27,0.925
1078.29,0.925
1078.31,0.925
1078.33,0.925
1078.35,0.925
1078.37,0.925
1078.39,0.925
1078.41,0.925
1078.43,0.925
1078.45,0.925
1078.47,0.925
1078.49,0.925
1078.51,0.925
1078.53,0.925
1078.55,0.925
1078.57,0.925
1078.59,0.925
1078.61,0.925
1078.63,0.925
1078.65,0.925
1078.67,0.925
1078.69,0.925
1078.71,0.925
1078.73,0.925
1078.75,0.925
1078.77,0.925
1078.79,0.925
1078.81,0.925
1078.83,0.925
1078.85,0.925
1078.87,0.925
1078.89,0.925
1078.91,0.925
1078.93,0.925
1078.95,0.925
1078.97,0.925
1078.99,0.925
1079.01,0.925
1079.03,0.925
1079.05,0.925
1079.07,0.925
1079.09,0.925
1079.11,0.925
1079.13,0.925
1079.15,0.925
1079.17,0.925
1079.19,0.925
1079.21,0.925
1079.23,0.925
1079.25,0.925
1079.271,0.925
1079.291,0.925
1079.311,0.925
1079.331,0.925
1079.351,0.925
1079.371,0.925
1079.391,0.925
1079.411,0.925
1079.431,0.925
1079.451,0.925
1079.471,0.925
1079.491,0.925
1079.511,0.925
1079.531,0.925
1079.551,0.925
1079.571,0.925
1079.591,0.925
1079.611,0.925
1079.631,0.925
1079.651,0.925
1079.671,0.925
1079.691,0.925
1079.711,0.925
1079.731,0.925
1079.751,0.925
1079.771,0.925
1079.791,0.925
1079.811,0.925
1079.831,0.925
1079.851,0.925
1079.871,0.925
1079.891,0.925
1079.911,0.925
1079.931,0.925
1079.951,0.925
1079.971,0.925
1079.991,0.925
1080.011,0.925
1080.031,0.925
1080.051,0.925
1080.071,0.925
1080.091,0.925
1080.111,0.925
1080.131,0.925
1080.151,0.925
1080.171,0.925
1080.191,0.925
1080.211,0.925
1080.231,0.925
1080.251,0.925
1080.271,0.925
1080.292,0.925
1080.312,0.925
1080.332,0.925
1080.352,0.925
1080.372,0.925
1080.392,0.925
1080.412,0.925
1080.432,0.925
1080.452,0.925
1080.472,0.925
1080.492,0.925
1080.512,0.925
1080.532,0.925
1080.552,0.925
1080.572,0.925
1080.592,0.925
1080.612,0.925
1080.632,0.925
1080.652,0.925
1080.672,0.925
1080.692,0.925
1080.712,0.925
1080.732,0.925
1080.752,0.925
1080.772,0.925
1080.792,0.925
1080.812,0.925
1080.832,0.925
1080.852,0.925
1080.872,0.925
1080.892,0.925
1080.912,0.925
1080.932,0.925
1080.952,0.925
1080.972,0.925
1080.992,0.925
1081.012,0.925
1081.032,0.925
1081.052,0.925
1081.072,0.925
1081.092,0.925
1081.112,0.925
1081.132,0.925
1081.152,0.925
1081.172,0.925
1081.192,0.925
1081.212,0.925
1081.232,0.925
1081.252,0.925
1081.272,0.925
1081.292,0.925
1081.313,0.925
1081.333,0.925
1081.353,0.925
1081.373,0.925
1081.393,0.925
1081.413,0.925
1081.433,0.925
1081.453,0.925
1081.473,0.925
1081.493,0.925
1081.513,0.925
1081.533,0.925
1081.553,0.925
1081.573,0.925
1081.593,0.925
1081.613,0.925
1081.633,0.925
1081.653,0.925
1081.673,0.925
1081.693,0.925
1081.713,0.925
1081.733,0.925
1081.753,0.925
1081.773,0.925
1081.793,0.925
1081.813,0.925
1081.833,0.925
1081.853,0.925
1081.873,0.925
1081.893,0.925
1081.913,0.925
1081.933,0.925
1081.953,0.925
1081.973,0.925
1081.993,0.925
1082.013,0.925
1082.033,0.925
1082.053,0.925
1082.073,0.925
1082.093,0.925
1082.113,0.925
1082.133,0.925
1082.153,0.925
1082.173,0.925
1082.193,0.925
1082.213,0.925
1082.233,0.925
1082.253,0.925
1082.273,0.925
1082.293,0.925
1082.313,0.925
1082.333,0.925
1082.354,0.925
1082.374,0.925
1082.394,0.925
1082.414,0.925
1082.434,0.925
1082.454,0.925
1082.474,0.925
1082.494,0.925
1082.514,0.925
1082.534,0.925
1082.554,0.925
1082.574,0.925
1082.594,0.925
1082.614,0.925
1082.634,0.925
1082.654,0.925
1082.674,0.925
1082.694,0.925
1082.714,0.925
1082.734,0.925
1082.754,0.925
1082.774,0.925
1082.794,0.925
1082.814,0.925
1082.834,0.925
1082.854,0.925
1082.874,0.925
1082.894,0.925
1082.914,0.925
1082.934,0.925
1082.954,0.925
1082.974,0.925
1082.994,0.925
1083.014,0.925
1083.034,0.925
1083.054,0.925
1083.074,0.925
1083.094,0.925
1083.114,0.925
1083.134,0.925
1083.154,0.925
1083.174,0.925
1083.194,0.925
1083.214,0.925
1083.234,0.925
1083.254,0.925
1083.274,0.925
1083.294,0.925
1083.314,0.925
1083.334,0.925
1083.354,0.925
1083.375,0.925
1083.395,0.925
1083.415,0.925
1083.435,0.925
1083.455,0.925
1083.475,0.925
1083.495,0.925
1083.515,0.925
1083.535,0.925
1083.555,0.925
1083.575,0.925
1083.595,0.925
1083.615,0.925
1083.635,0.925
1083.655,0.925
1083.675,0.925
1083.695,0.925
1083.715,0.925
1083.735,0.925
1083.755,0.925
1083.775,0.925
1083.795,0.925
1083.815,0.925
1083.835,0.925
1083.855,0.925
1083.875,0.925
1083.895,0.925
1083.915,0.925
1083.935,0.925
1083.955,0.925
1083.975,0.925
1083.995,0.925
1084.015,0.925
1084.035,0.925
1084.055,0.925
1084.075,0.925
1084.095,0.925
1084.115,0.925
1084.135,0.925
1084.155,0.925
1084.175,0.925
1084.195,0.925
1084.215,0.925
1084.235,0.925
1084.255,0.925
1084.275,0.925
1084.295,0.925
1084.315,0.925
1084.335,0.925
1084.355,0.925
1084.375,0.925
1084.396,0.925
1084.416,0.925
1084.436,0.925
1084.456,0.925
1084.476,0.925
1084.496,0.925
1084.516,0.925
1084.536,0.925
1084.556,0.925
1084.576,0.925
1084.596,0.925
1084.616,0.925
1084.636,0.925
1084.656,0.925
1084.676,0.925
1084.696,0.925
1084.716,0.925
1084.736,0.925
1084.756,0.925
1084.776,0.93
1084.796,0.93
1084.816,0.93
1084.836,0.93
1084.856,0.93
1084.876,0.93
1084.896,0.93
1084.916,0.93
1084.936,0.93
1084.956,0.93
1084.976,0.93
1084.996,0.93
1085.016,0.93
1085.036,0.93
1085.056,0.93
1085.076,0.93
1085.096,0.93
1085.116,0.93
1085.136,0.93
1085.156,0.93
1085.176,0.93
1085.196,0.93
1085.216,0.93
1085.236,0.93
1085.256,0.93
1085.276,0.93
1085.296,0.93
1085.316,0.93
1085.336,0.93
1085.356,0.93
1085.376,0.93
1085.396,0.93
1085.417,0.93
1085.437,0.93
1085.457,0.93
1085.477,0.93
1085.497,0.93
1085.517,0.93
1085.537,0.93
1085.557,0.93
1085.577,0.93
1085.597,0.93
1085.617,0.93
1085.637,0.93
1085.657,0.93
1085.677,0.93
1085.697,0.93
1085.717,0.93
1085.737,0.93
1085.757,0.93
1085.777,0.93
1085.797,0.93
1085.817,0.93
1085.837,0.93
1085.857,0.93
1085.877,0.93
1085.897,0.93
1085.917,0.93
1085.937,0.93
1085.957,0.93
1085.977,0.93
1085.997,0.93
1086.017,0.93
1086.037,0.93
1086.057,0.93
1086.077,0.93
1086.097,0.93
1086.117,0.93
1086.137,0.93
1086.157,0.93
1086.177,0.93
1086.197,0.93
1086.217,0.93
1086.237,0.93
1086.257,0.93
1086.277,0.93
1086.297,0.93
1086.317,0.93
1086.337,0.93
1086.357,0.93
1086.377,0.93
1086.397,0.93
1086.417,0.93
1086.438,0.93
1086.458,0.93
1086.478,0.93
1086.498,0.93
1086.518,0.93
1086.538,0.93
1086.558,0.93
1086.578,0.93
1086.598,0.93
1086.618,0.93
1086.638,0.93
1086.658,0.93
1086.678,0.93
1086.698,0.93
1086.718,0.93
1086.738,0.93
1086.758,0.93
1086.778,0.93
1086.798,0.93
1086.818,0.93
1086.838,0.93
1086.858,0.93
1086.878,0.93
1086.898,0.93
1086.918,0.93
1086.938,0.93
1086.958,0.93
1086.978,0.93
1086.998,0.93
1087.018,0.93
1087.038,0.93
1087.058,0.93
1087.078,0.93
1087.098,0.93
1087.118,0.93
1087.138,0.93
1087.158,0.93
1087.178,0.93
1087.198,0.93
1087.218,0.93
1087.238,0.93
1087.258,0.93
1087.278,0.93
1087.298,0.93
1087.318,0.93
1087.338,0.93
1087.358,0.93
1087.378,0.93
1087.398,0.93
1087.418,0.93
1087.438,0.93
1087.458,0.93
1087.479,0.93
1087.499,0.93
1087.519,0.93
1087.539,0.93
1087.559,0.93
1087.579,0.93
1087.599,0.93
1087.619,0.93
1087.639,0.93
1087.659,0.93
1087.679,0.93
1087.699,0.93
1087.719,0.93
1087.739,0.93
1087.759,0.93
1087.779,0.935
1087.799,0.935
1087.819,0.935
1087.839,0.935
1087.859,0.935
1087.879,0.935
1087.899,0.935
1087.919,0.935
1087.939,0.935
1087.959,0.935
1087.979,0.935
1087.999,0.935
1088.019,0.935
1088.039,0.935
1088.059,0.935
1088.079,0.935
1088.099,0.935
1088.119,0.935
1088.139,0.935
1088.159,0.935
1088.179,0.935
1088.199,0.935
1088.219,0.935
1088.239,0.935
1088.259,0.935
1088.279,0.935
1088.299,0.935
1088.319,0.935
1088.339,0.935
1088.359,0.935
1088.379,0.935
1088.399,0.935
1088.419,0.935
1088.439,0.935
1088.459,0.935
1088.479,0.935
1088.5,0.935
1088.52,0.935
1088.54,0.935
1088.56,0.935
1088.58,0.935
1088.6,0.935
1088.62,0.935
1088.64,0.935
1088.66,0.935
1088.68,0.935
1088.7,0.935
1088.72,0.935
1088.74,0.935
1088.76,0.935
1088.78,0.935
1088.8,0.935
1088.82,0.935
1088.84,0.935
1088.86,0.935
1088.88,0.935
1088.9,0.935
1088.92,0.935
1088.94,0.935
1088.96,0.935
1088.98,0.935
1089,0.935
1089.02,0.935
1089.04,0.935
1089.06,0.935
1089.08,0.935
1089.1,0.935
1089.12,0.935
1089.14,0.935
1089.16,0.935
1089.18,0.935
1089.2,0.935
1089.22,0.935
1089.24,0.935
1089.26,0.935
1089.28,0.935
1089.3,0.935
1089.32,0.935
1089.34,0.935
1089.36,0.935
1089.38,0.935
1089.4,0.935
1089.42,0.935
1089.44,0.935
1089.46,0.935
1089.48,0.935
1089.5,0.935
1089.521,0.935
1089.541,0.935
1089.561,0.935
1089.581,0.935
1089.601,0.935
1089.621,0.935
1089.641,0.935
1089.661,0.935
1089.681,0.935
1089.701,0.935
1089.721,0.935
1089.741,0.935
1089.761,0.935
1089.781,0.935
1089.801,0.935
1089.821,0.935
1089.841,0.935
1089.861,0.935
1089.881,0.935
1089.901,0.935
1089.921,0.935
1089.941,0.935
1089.961,0.935
1089.981,0.935
1090.001,0.935
1090.021,0.935
1090.041,0.935
1090.061,0.935
1090.081,0.935
1090.101,0.935
1090.121,0.935
1090.141,0.935
1090.161,0.935
1090.181,0.935
1090.201,0.935
1090.221,0.935
1090.241,0.935
1090.261,0.935
1090.281,0.935
1090.301,0.935
1090.321,0.935
1090.341,0.935
1090.361,0.935
1090.381,0.935
1090.401,0.935
1090.421,0.935
1090.441,0.935
1090.461,0.935
1090.481,0.935
1090.501,0.935
1090.521,0.935
1090.542,0.935
1090.562,0.935
1090.582,0.935
1090.602,0.935
1090.622,0.935
1090.642,0.935
1090.662,0.935
1090.682,0.935
1090.702,0.935
1090.722,0.935
1090.742,0.935
1090.762,0.935
1090.782,0.935
1090.802,0.935
1090.822,0.935
1090.842,0.935
1090.862,0.935
1090.882,0.935
1090.902,0.935
1090.922,0.935
1090.942,0.935
1090.962,0.935
1090.982,0.935
1091.002,0.935
1091.022,0.935
1091.042,0.935
1091.062,0.935
1091.082,0.935
1091.102,0.935
1091.122,0.935
1091.142,0.935
1091.162,0.935
1091.182,0.935
1091.202,0.935
1091.222,0.935
1091.242,0.935
1091.262,0.935
1091.282,0.935
1091.302,0.935
1091.322,0.935
1091.342,0.935
1091.362,0.935
1091.382,0.935
1091.402,0.935
1091.422,0.935
1091.442,0.935
1091.462,0.935
1091.482,0.935
1091.502,0.935
1091.522,0.935
1091.542,0.935
1091.563,0.935
1091.583,0.935
1091.603,0.935
1091.623,0.935
1091.643,0.935
1091.663,0.935
1091.683,0.935
1091.703,0.935
1091.723,0.935
1091.743,0.935
1091.763,0.935
1091.783,0.935
1091.803,0.935
1091.823,0.935
1091.843,0.935
1091.863,0.935
1091.883,0.935
1091.903,0.935
1091.923,0.935
1091.943,0.935
1091.963,0.935
1091.983,0.935
1092.003,0.935
1092.023,0.935
1092.043,0.935
1092.063,0.935
1092.083,0.935
1092.103,0.935
1092.123,0.935
1092.143,0.935
1092.163,0.935
1092.183,0.935
1092.203,0.935
1092.223,0.935
1092.243,0.935
1092.263,0.935
1092.283,0.935
1092.303,0.935
1092.323,0.935
1092.343,0.935
1092.363,0.935
1092.383,0.935
1092.403,0.935
1092.423,0.935
1092.443,0.935
1092.463,0.935
1092.483,0.935
1092.503,0.935
1092.523,0.935
1092.543,0.935
1092.563,0.935
1092.583,0.935
1092.604,0.935
1092.624,0.935
1092.644,0.935
1092.664,0.935
1092.684,0.935
1092.704,0.935
1092.724,0.935
1092.744,0.935
1092.764,0.935
1092.784,0.935
1092.804,0.935
1092.824,0.935
1092.844,0.935
1092.864,0.935
1092.884,0.935
1092.904,0.935
1092.924,0.935
1092.944,0.935
1092.964,0.935
1092.984,0.935
1093.004,0.935
1093.024,0.935
1093.044,0.935
1093.064,0.935
1093.084,0.935
1093.104,0.935
1093.124,0.935
1093.144,0.935
1093.164,0.935
1093.184,0.935
1093.204,0.935
1093.224,0.935
1093.244,0.935
1093.264,0.935
1093.284,0.935
1093.304,0.935
1093.324,0.935
1093.344,0.935
1093.364,0.935
1093.384,0.935
1093.404,0.935
1093.424,0.935
1093.444,0.935
1093.464,0.935
1093.484,0.935
1093.504,0.935
1093.524,0.935
1093.544,0.935
1093.564,0.935
1093.584,0.935
1093.604,0.935
1093.625,0.935
1093.645,0.935
1093.665,0.935
1093.685,0.935
1093.705,0.935
1093.725,0.935
1093.745,0.935
1093.765,0.935
1093.785,0.935
1093.805,0.935
1093.825,0.935
1093.845,0.935
1093.865,0.935
1093.885,0.935
1093.905,0.935
1093.925,0.935
1093.945,0.935
1093.965,0.935
1093.985,0.935
1094.005,0.935
1094.025,0.935
1094.045,0.935
1094.065,0.935
1094.085,0.935
1094.105,0.935
1094.125,0.935
1094.145,0.935
1094.165,0.935
1094.185,0.935
1094.205,0.935
1094.225,0.935
1094.245,0.935
1094.265,0.935
1094.285,0.935
1094.305,0.935
1094.325,0.935
1094.345,0.935
1094.365,0.935
1094.385,0.935
1094.405,0.935
1094.425,0.935
1094.445,0.935
1094.465,0.935
1094.485,0.935
1094.505,0.935
1094.525,0.935
1094.545,0.935
1094.565,0.935
1094.585,0.935
1094.605,0.935
1094.625,0.935
1094.646,0.935
1094.666,0.935
1094.686,0.935
1094.706,0.935
1094.726,0.935
1094.746,0.935
1094.766,0.935
1094.786,0.935
1094.806,0.935
1094.826,0.935
1094.846,0.935
1094.866,0.935
1094.886,0.935
1094.906,0.935
1094.926,0.935
1094.946,0.935
1094.966,0.935
1094.986,0.935
1095.006,0.935
1095.026,0.935
1095.046,0.935
1095.066,0.935
1095.086,0.935
1095.106,0.935
1095.126,0.935
1095.146,0.935
1095.166,0.935
1095.186,0.935
1095.206,0.935
1095.226,0.935
1095.246,0.935
1095.266,0.935
1095.286,0.935
1095.306,0.935
1095.326,0.935
1095.346,0.935
1095.366,0.935
1095.386,0.935
1095.406,0.935
1095.426,0.935
1095.446,0.935
1095.466,0.935
1095.486,0.935
1095.506,0.935
1095.526,0.935
1095.546,0.935
1095.566,0.935
1095.586,0.935
1095.606,0.935
1095.626,0.935
1095.646,0.935
1095.667,0.935
1095.687,0.935
1095.707,0.935
1095.727,0.935
1095.747,0.935
1095.767,0.935
1095.787,0.935
1095.807,0.935
1095.827,0.935
1095.847,0.935
1095.867,0.935
1095.887,0.935
1095.907,0.935
1095.927,0.935
1095.947,0.935
1095.967,0.935
1095.987,0.935
1096.007,0.935
1096.027,0.935
1096.047,0.935
1096.067,0.935
1096.087,0.935
1096.107,0.935
1096.127,0.935
1096.147,0.935
1096.167,0.935
1096.187,0.935
1096.207,0.935
1096.227,0.935
1096.247,0.935
1096.267,0.935
1096.287,0.935
1096.307,0.935
1096.327,0.935
1096.347,0.935
1096.367,0.935
1096.387,0.935
1096.407,0.935
1096.427,0.935
1096.447,0.935
1096.467,0.935
1096.487,0.935
1096.507,0.935
1096.527,0.935
1096.547,0.935
1096.567,0.935
1096.587,0.935
1096.607,0.935
1096.627,0.935
1096.647,0.935
1096.667,0.935
1096.688,0.935
1096.708,0.935
1096.728,0.935
1096.748,0.935
1096.768,0.935
1096.788,0.935
1096.808,0.935
1096.828,0.935
1096.848,0.935
1096.868,0.935
1096.888,0.935
1096.908,0.935
1096.928,0.935
1096.948,0.935
1096.968,0.935
1096.988,0.935
1097.008,0.935
1097.028,0.935
1097.048,0.935
1097.068,0.935
1097.088,0.935
1097.108,0.935
1097.128,0.935
1097.148,0.935
1097.168,0.935
1097.188,0.935
1097.208,0.935
1097.228,0.935
1097.248,0.935
1097.268,0.935
1097.288,0.935
1097.308,0.935
1097.328,0.935
1097.348,0.935
1097.368,0.935
1097.388,0.935
1097.408,0.935
1097.428,0.935
1097.448,0.935
1097.468,0.935
1097.488,0.935
1097.508,0.935
1097.528,0.935
1097.548,0.935
1097.568,0.935
1097.588,0.935
1097.608,0.935
1097.628,0.935
1097.648,0.935
1097.668,0.935
1097.688,0.935
1097.708,0.935
1097.729,0.935
1097.749,0.935
1097.769,0.935
1097.789,0.935
1097.809,0.935
1097.829,0.935
1097.849,0.935
1097.869,0.935
1097.889,0.935
1097.909,0.935
1097.929,0.935
1097.949,0.935
1097.969,0.935
1097.989,0.935
1098.009,0.935
1098.029,0.935
1098.049,0.935
1098.069,0.935
1098.089,0.935
1098.109,0.935
1098.129,0.935
1098.149,0.935
1098.169,0.935
1098.189,0.935
1098.209,0.935
1098.229,0.935
1098.249,0.935
1098.269,0.935
1098.289,0.935
1098.309,0.935
1098.329,0.935
1098.349,0.935
1098.369,0.935
1098.389,0.935
1098.409,0.935
1098.429,0.935
1098.449,0.935
1098.469,0.935
1098.489,0.935
1098.509,0.935
1098.529,0.935
1098.549,0.935
1098.569,0.935
1098.589,0.935
1098.609,0.935
1098.629,0.935
1098.649,0.935
1098.669,0.935
1098.689,0.935
1098.709,0.935
1098.729,0.935
1098.75,0.935
1098.77,0.935
1098.79,0.935
1098.81,0.935
1098.83,0.935
1098.85,0.935
1098.87,0.935
1098.89,0.935
1098.91,0.935
1098.93,0.935
1098.95,0.935
1098.97,0.935
1098.99,0.935
1099.01,0.935
1099.03,0.935
1099.05,0.935
1099.07,0.935
1099.09,0.935
1099.11,0.935
1099.13,0.935
1099.15,0.935
1099.17,0.935
1099.19,0.935
1099.21,0.935
1099.23,0.935
1099.25,0.935
1099.27,0.935
1099.29,0.935
1099.31,0.935
1099.33,0.935
1099.35,0.935
1099.37,0.935
1099.39,0.935
1099.41,0.935
1099.43,0.935
1099.45,0.935
1099.47,0.935
1099.49,0.935
1099.51,0.935
1099.53,0.935
1099.55,0.935
1099.57,0.935
1099.59,0.935
1099.61,0.935
1099.63,0.935
1099.65,0.935
1099.67,0.935
1099.69,0.935
1099.71,0.935
1099.73,0.935
1099.75,0.935
1099.771,0.935
1099.791,0.935
1099.811,0.935
1099.831,0.935
1099.851,0.935
1099.871,0.935
1099.891,0.935
1099.911,0.935
1099.931,0.935
1099.951,0.935
1099.971,0.935
1099.991,0.935
1100.011,0.935
1100.031,0.935
1100.051,0.935
1100.071,0.935
1100.091,0.935
1100.111,0.935
1100.131,0.935
1100.151,0.935
1100.171,0.935
1100.191,0.935
1100.211,0.935
1100.231,0.935
1100.251,0.935
1100.271,0.935
1100.291,0.935
1100.311,0.935
1100.331,0.935
1100.351,0.935
1100.371,0.935
1100.391,0.935
1100.411,0.935
1100.431,0.935
1100.451,0.935
1100.471,0.935
1100.491,0.935
1100.511,0.935
1100.531,0.935
1100.551,0.935
1100.571,0.935
1100.591,0.935
1100.611,0.935
1100.631,0.935
1100.651,0.935
1100.671,0.935
1100.691,0.935
1100.711,0.935
1100.731,0.935
1100.751,0.935
1100.771,0.935
1100.792,0.935
1100.812,0.935
1100.832,0.935
1100.852,0.935
1100.872,0.935
1100.892,0.935
1100.912,0.935
1100.932,0.935
1100.952,0.935
1100.972,0.935
1100.992,0.935
1101.012,0.935
1101.032,0.935
1101.052,0.935
1101.072,0.935
1101.092,0.935
1101.112,0.935
1101.132,0.935
1101.152,0.935
1101.172,0.935
1101.192,0.935
1101.212,0.935
1101.232,0.935
1101.252,0.935
1101.272,0.935
1101.292,0.935
1101.312,0.935
1101.332,0.935
1101.352,0.935
1101.372,0.935
1101.392,0.935
1101.412,0.935
1101.432,0.935
1101.452,0.935
1101.472,0.935
1101.492,0.935
1101.512,0.935
1101.532,0.935
1101.552,0.935
1101.572,0.935
1101.592,0.935
1101.612,0.935
1101.632,0.935
1101.652,0.935
1101.672,0.935
1101.692,0.935
1101.712,0.935
1101.732,0.935
1101.752,0.935
1101.772,0.935
1101.792,0.935
1101.813,0.935
1101.833,0.935
1101.853,0.935
1101.873,0.935
1101.893,0.935
1101.913,0.935
1101.933,0.935
1101.953,0.935
1101.973,0.935
1101.993,0.935
1102.013,0.935
1102.033,0.935
1102.053,0.935
1102.073,0.935
1102.093,0.935
1102.113,0.935
1102.133,0.935
1102.153,0.935
1102.173,0.935
1102.193,0.935
1102.213,0.935
1102.233,0.935
1102.253,0.935
1102.273,0.935
1102.293,0.935
1102.313,0.935
1102.333,0.935
1102.353,0.935
1102.373,0.935
1102.393,0.935
1102.413,0.935
1102.433,0.935
1102.453,0.935
1102.473,0.935
1102.493,0.935
1102.513,0.935
1102.533,0.935
1102.553,0.935
1102.573,0.935
1102.593,0.935
1102.613,0.935
1102.633,0.935
1102.653,0.935
1102.673,0.935
1102.693,0.935
1102.713,0.935
1102.733,0.935
1102.753,0.935
1102.773,0.935
1102.793,0.935
1102.813,0.935
1102.833,0.935
1102.854,0.935
1102.874,0.935
1102.894,0.935
1102.914,0.935
1102.934,0.935
1102.954,0.935
1102.974,0.935
1102.994,0.935
1103.014,0.935
1103.034,0.935
1103.054,0.935
1103.074,0.935
1103.094,0.935
1103.114,0.935
1103.134,0.935
1103.154,0.935
1103.174,0.935
1103.194,0.935
1103.214,0.935
1103.234,0.935
1103.254,0.935
1103.274,0.935
1103.294,0.935
1103.314,0.935
1103.334,0.935
1103.354,0.935
1103.374,0.935
1103.394,0.935
1103.414,0.935
1103.434,0.935
1103.454,0.935
1103.474,0.935
1103.494,0.935
1103.514,0.935
1103.534,0.935
1103.554,0.935
1103.574,0.935
1103.594,0.935
1103.614,0.935
1103.634,0.935
1103.654,0.935
1103.674,0.935
1103.694,0.935
1103.714,0.935
1103.734,0.935
1103.754,0.935
1103.774,0.935
1103.794,0.935
1103.814,0.935
1103.834,0.935
1103.854,0.935
1103.875,0.935
1103.895,0.935
1103.915,0.935
1103.935,0.935
1103.955,0.935
1103.975,0.935
1103.995,0.935
1104.015,0.935
1104.035,0.935
1104.055,0.935
1104.075,0.935
1104.095,0.935
1104.115,0.935
1104.135,0.935
1104.155,0.935
1104.175,0.935
1104.195,0.935
1104.215,0.935
1104.235,0.935
1104.255,0.935
1104.275,0.935
1104.295,0.935
1104.315,0.935
1104.335,0.935
1104.355,0.935
1104.375,0.935
1104.395,0.935
1104.415,0.935
1104.435,0.935
1104.455,0.935
1104.475,0.935
1104.495,0.935
1104.515,0.935
1104.535,0.935
1104.555,0.935
1104.575,0.935
1104.595,0.935
1104.615,0.935
1104.635,0.935
1104.655,0.935
1104.675,0.935
1104.695,0.935
1104.715,0.935
1104.735,0.935
1104.755,0.935
1104.775,0.935
1104.795,0.935
1104.815,0.935
1104.835,0.935
1104.855,0.935
1104.875,0.935
1104.896,0.935
1104.916,0.935
1104.936,0.935
1104.956,0.935
1104.976,0.935
1104.996,0.935
1105.016,0.935
1105.036,0.935
1105.056,0.935
1105.076,0.935
1105.096,0.935
1105.116,0.935
1105.136,0.935
1105.156,0.935
1105.176,0.935
1105.196,0.935
1105.216,0.935
1105.236,0.935
1105.256,0.935
1105.276,0.935
1105.296,0.935
1105.316,0.935
1105.336,0.935
1105.356,0.935
1105.376,0.935
1105.396,0.935
1105.416,0.935
1105.436,0.935
1105.456,0.935
1105.476,0.935
1105.496,0.935
1105.516,0.935
1105.536,0.935
1105.556,0.935
1105.576,0.935
1105.596,0.935
1105.616,0.935
1105.636,0.935
1105.656,0.935
1105.676,0.935
1105.696,0.935
1105.716,0.935
1105.736,0.935
1105.756,0.935
1105.776,0.935
1105.796,0.935
1105.816,0.935
1105.836,0.935
1105.856,0.935
1105.876,0.935
1105.896,0.935
1105.917,0.935
1105.937,0.935
1105.957,0.935
1105.977,0.935
1105.997,0.935
1106.017,0.935
1106.037,0.935
1106.057,0.935
1106.077,0.935
1106.097,0.935
1106.117,0.935
1106.137,0.935
1106.157,0.935
1106.177,0.935
1106.197,0.935
1106.217,0.935
1106.237,0.935
1106.257,0.935
1106.277,0.935
1106.297,0.935
1106.317,0.935
1106.337,0.935
1106.357,0.935
1106.377,0.935
1106.397,0.935
1106.417,0.935
1106.437,0.935
1106.457,0.935
1106.477,0.935
1106.497,0.935
1106.517,0.935
1106.537,0.935
1106.557,0.935
1106.577,0.935
1106.597,0.935
1106.617,0.935
1106.637,0.935
1106.657,0.935
1106.677,0.935
1106.697,0.935
1106.717,0.935
1106.737,0.935
1106.757,0.935
1106.777,0.935
1106.797,0.935
1106.817,0.935
1106.837,0.935
1106.857,0.935
1106.877,0.935
1106.897,0.935
1106.917,0.935
1106.938,0.935
1106.958,0.935
1106.978,0.935
1106.998,0.935
1107.018,0.935
1107.038,0.935
1107.058,0.935
1107.078,0.935
1107.098,0.935
1107.118,0.935
1107.138,0.935
1107.158,0.935
1107.178,0.935
1107.198,0.935
1107.218,0.935
1107.238,0.935
1107.258,0.935
1107.278,0.935
1107.298,0.935
1107.318,0.935
1107.338,0.935
1107.358,0.935
1107.378,0.935
1107.398,0.935
1107.418,0.935
1107.438,0.935
1107.458,0.935
1107.478,0.935
1107.498,0.935
1107.518,0.935
1107.538,0.935
1107.558,0.935
1107.578,0.935
1107.598,0.935
1107.618,0.935
1107.638,0.935
1107.658,0.935
1107.678,0.935
1107.698,0.935
1107.718,0.935
1107.738,0.935
1107.758,0.935
1107.778,0.935
1107.798,0.935
1107.818,0.935
1107.838,0.935
1107.858,0.935
1107.878,0.935
1107.898,0.935
1107.918,0.935
1107.938,0.935
1107.958,0.935
1107.979,0.935
1107.999,0.935
1108.019,0.935
1108.039,0.935
1108.059,0.935
1108.079,0.935
1108.099,0.935
1108.119,0.935
1108.139,0.935
1108.159,0.935
1108.179,0.935
1108.199,0.935
1108.219,0.935
1108.239,0.935
1108.259,0.935
1108.279,0.935
1108.299,0.935
1108.319,0.935
1108.339,0.935
1108.359,0.935
1108.379,0.935
1108.399,0.935
1108.419,0.935
1108.439,0.935
1108.459,0.935
1108.479,0.935
1108.499,0.935
1108.519,0.935
1108.539,0.935
1108.559,0.935
1108.579,0.935
1108.599,0.935
1108.619,0.935
1108.639,0.935
1108.659,0.935
1108.679,0.935
1108.699,0.935
1108.719,0.935
1108.739,0.935
1108.759,0.935
1108.779,0.935
1108.799,0.935
1108.819,0.935
1108.839,0.935
1108.859,0.935
1108.879,0.935
1108.899,0.935
1108.919,0.935
1108.939,0.935
1108.959,0.935
1108.979,0.935
1109,0.935
1109.02,0.935
1109.04,0.935
1109.06,0.935
1109.08,0.935
1109.1,0.935
1109.12,0.935
1109.14,0.935
1109.16,0.935
1109.18,0.935
1109.2,0.935
1109.22,0.935
1109.24,0.935
1109.26,0.935
1109.28,0.935
1109.3,0.935
1109.32,0.935
1109.34,0.935
1109.36,0.935
1109.38,0.935
1109.4,0.935
1109.42,0.935
1109.44,0.935
1109.46,0.935
1109.48,0.935
1109.5,0.935
1109.52,0.935
1109.54,0.935
1109.56,0.935
1109.58,0.935
1109.6,0.935
1109.62,0.935
1109.64,0.935
1109.66,0.935
1109.68,0.935
1109.7,0.935
1109.72,0.935
1109.74,0.935
1109.76,0.935
1109.78,0.935
1109.8,0.935
1109.82,0.935
1109.84,0.935
1109.86,0.935
1109.88,0.935
1109.9,0.935
1109.92,0.935
1109.94,0.935
1109.96,0.935
1109.98,0.935
1110,0.935
1110.021,0.935
1110.041,0.935
1110.061,0.935
1110.081,0.935
1110.101,0.935
1110.121,0.935
1110.141,0.935
1110.161,0.935
1110.181,0.935
1110.201,0.935
1110.221,0.935
1110.241,0.935
1110.261,0.935
1110.281,0.935
1110.301,0.935
1110.321,0.935
1110.341,0.935
1110.361,0.935
1110.381,0.935
1110.401,0.935
1110.421,0.935
1110.441,0.935
1110.461,0.935
1110.481,0.935
1110.501,0.935
1110.521,0.935
1110.541,0.935
1110.561,0.935
1110.581,0.935
1110.601,0.935
1110.621,0.935
1110.641,0.935
1110.661,0.935
1110.681,0.935
1110.701,0.935
1110.721,0.935
1110.741,0.935
1110.761,0.935
1110.781,0.935
1110.801,0.935
1110.821,0.935
1110.841,0.935
1110.861,0.935
1110.881,0.935
1110.901,0.935
1110.921,0.935
1110.941,0.935
1110.961,0.935
1110.981,0.935
1111.001,0.935
1111.021,0.935
1111.042,0.935
1111.062,0.935
1111.082,0.935
1111.102,0.935
1111.122,0.935
1111.142,0.935
1111.162,0.935
1111.182,0.935
1111.202,0.935
1111.222,0.935
1111.242,0.935
1111.262,0.935
1111.282,0.935
1111.302,0.935
1111.322,0.935
1111.342,0.935
1111.362,0.935
1111.382,0.935
1111.402,0.935
1111.422,0.935
1111.442,0.935
1111.462,0.935
1111.482,0.935
1111.502,0.935
1111.522,0.935
1111.542,0.935
1111.562,0.935
1111.582,0.935
1111.602,0.935
1111.622,0.935
1111.642,0.935
1111.662,0.935
1111.682,0.935
1111.702,0.935
1111.722,0.935
1111.742,0.935
1111.762,0.935
1111.782,0.935
1111.802,0.935
1111.822,0.935
1111.842,0.935
1111.862,0.935
1111.882,0.935
1111.902,0.935
1111.922,0.935
1111.942,0.935
1111.962,0.935
1111.982,0.935
1112.002,0.935
1112.022,0.935
1112.042,0.935
1112.063,0.935
1112.083,0.935
1112.103,0.935
1112.123,0.935
1112.143,0.935
1112.163,0.935
1112.183,0.935
1112.203,0.935
1112.223,0.935
1112.243,0.935
1112.263,0.935
1112.283,0.935
1112.303,0.935
1112.323,0.935
1112.343,0.935
1112.363,0.935
1112.383,0.935
1112.403,0.935
1112.423,0.935
1112.443,0.935
1112.463,0.94
1112.483,0.94
1112.503,0.94
1112.523,0.94
1112.543,0.94
1112.563,0.94
1112.583,0.94
1112.603,0.94
1112.623,0.94
1112.643,0.94
1112.663,0.94
1112.683,0.94
1112.703,0.94
1112.723,0.94
1112.743,0.94
1112.763,0.94
1112.783,0.94
1112.803,0.94
1112.823,0.94
1112.843,0.94
1112.863,0.94
1112.883,0.94
1112.903,0.94
1112.923,0.94
1112.943,0.94
1112.963,0.94
1112.983,0.94
1113.003,0.94
1113.023,0.94
1113.043,0.94
1113.063,0.94
1113.083,0.94
1113.104,0.94
1113.124,0.94
1113.144,0.94
1113.164,0.94
1113.184,0.94
1113.204,0.94
1113.224,0.94
1113.244,0.94
1113.264,0.94
1113.284,0.94
1113.304,0.94
1113.324,0.94
1113.344,0.94
1113.364,0.94
1113.384,0.94
1113.404,0.94
1113.424,0.94
1113.444,0.94
1113.464,0.94
1113.484,0.94
1113.504,0.94
1113.524,0.94
1113.544,0.94
1113.564,0.94
1113.584,0.94
1113.604,0.94
1113.624,0.94
1113.644,0.94
1113.664,0.94
1113.684,0.94
1113.704,0.94
1113.724,0.94
1113.744,0.94
1113.764,0.94
1113.784,0.94
1113.804,0.94
1113.824,0.94
1113.844,0.94
1113.864,0.94
1113.884,0.94
1113.904,0.94
1113.924,0.94
1113.944,0.94
1113.964,0.94
1113.984,0.94
1114.004,0.94
1114.024,0.94
1114.044,0.94
1114.064,0.94
1114.084,0.94
1114.104,0.94
1114.125,0.94
1114.145,0.94
1114.165,0.94
1114.185,0.94
1114.205,0.94
1114.225,0.94
1114.245,0.94
1114.265,0.94
1114.285,0.94
1114.305,0.94
1114.325,0.94
1114.345,0.94
1114.365,0.94
1114.385,0.94
1114.405,0.94
1114.425,0.94
1114.445,0.94
1114.465,0.94
1114.485,0.94
1114.505,0.94
1114.525,0.94
1114.545,0.94
1114.565,0.94
1114.585,0.94
1114.605,0.94
1114.625,0.94
1114.645,0.94
1114.665,0.94
1114.685,0.94
1114.705,0.94
1114.725,0.94
1114.745,0.94
1114.765,0.94
1114.785,0.94
1114.805,0.94
1114.825,0.94
1114.845,0.94
1114.865,0.94
1114.885,0.94
1114.905,0.94
1114.925,0.94
1114.945,0.94
1114.965,0.94
1114.985,0.94
1115.005,0.94
1115.025,0.94
1115.045,0.94
1115.065,0.94
1115.085,0.94
1115.105,0.94
1115.125,0.94
1115.146,0.94
1115.166,0.94
1115.186,0.94
1115.206,0.94
1115.226,0.94
1115.246,0.94
1115.266,0.94
1115.286,0.94
1115.306,0.94
1115.326,0.94
1115.346,0.94
1115.366,0.94
1115.386,0.94
1115.406,0.94
1115.426,0.94
1115.446,0.94
1115.466,0.94
1115.486,0.94
1115.506,0.94
1115.526,0.94
1115.546,0.94
1115.566,0.94
1115.586,0.94
1115.606,0.94
1115.626,0.94
1115.646,0.94
1115.666,0.94
1115.686,0.94
1115.706,0.94
1115.726,0.94
1115.746,0.94
1115.766,0.94
1115.786,0.94
1115.806,0.94
1115.826,0.94
1115.846,0.94
1115.866,0.94
1115.886,0.94
1115.906,0.94
1115.926,0.94
1115.946,0.94
1115.966,0.94
1115.986,0.94
1116.006,0.94
1116.026,0.94
1116.046,0.94
1116.066,0.94
1116.086,0.94
1116.106,0.94
1116.126,0.94
1116.146,0.94
1116.167,0.94
1116.187,0.94
1116.207,0.94
1116.227,0.94
1116.247,0.94
1116.267,0.94
1116.287,0.94
1116.307,0.94
1116.327,0.94
1116.347,0.94
1116.367,0.94
1116.387,0.94
1116.407,0.94
1116.427,0.94
1116.447,0.94
1116.467,0.94
1116.487,0.94
1116.507,0.94
1116.527,0.94
1116.547,0.94
1116.567,0.94
1116.587,0.94
1116.607,0.94
1116.627,0.94
1116.647,0.94
1116.667,0.94
1116.687,0.94
1116.707,0.94
1116.727,0.94
1116.747,0.94
1116.767,0.94
1116.787,0.94
1116.807,0.94
1116.827,0.94
1116.847,0.94
1116.867,0.94
1116.887,0.94
1116.907,0.94
1116.927,0.94
1116.947,0.94
1116.967,0.94
1116.987,0.94
1117.007,0.94
1117.027,0.94
1117.047,0.94
1117.067,0.94
1117.087,0.94
1117.107,0.94
1117.127,0.94
1117.147,0.94
1117.167,0.94
1117.188,0.94
1117.208,0.94
1117.228,0.94
1117.248,0.94
1117.268,0.94
1117.288,0.94
1117.308,0.94
1117.328,0.94
1117.348,0.94
1117.368,0.94
1117.388,0.94
1117.408,0.94
1117.428,0.94
1117.448,0.94
1117.468,0.94
1117.488,0.94
1117.508,0.94
1117.528,0.94
1117.548,0.94
1117.568,0.94
1117.588,0.94
1117.608,0.94
1117.628,0.94
1117.648,0.94
1117.668,0.94
1117.688,0.94
1117.708,0.94
1117.728,0.94
1117.748,0.94
1117.768,0.94
1117.788,0.94
1117.808,0.94
1117.828,0.94
1117.848,0.94
1117.868,0.94
1117.888,0.94
1117.908,0.94
1117.928,0.94
1117.948,0.94
1117.968,0.94
1117.988,0.94
1118.008,0.94
1118.028,0.94
1118.048,0.94
1118.068,0.94
1118.088,0.94
1118.108,0.94
1118.128,0.94
1118.148,0.94
1118.168,0.94
1118.188,0.94
1118.208,0.94
1118.229,0.94
1118.249,0.94
1118.269,0.94
1118.289,0.94
1118.309,0.94
1118.329,0.94
1118.349,0.94
1118.369,0.94
1118.389,0.94
1118.409,0.94
1118.429,0.94
1118.449,0.94
1118.469,0.94
1118.489,0.94
1118.509,0.94
1118.529,0.94
1118.549,0.94
1118.569,0.94
1118.589,0.94
1118.609,0.94
1118.629,0.94
1118.649,0.94
1118.669,0.94
1118.689,0.94
1118.709,0.94
1118.729,0.94
1118.749,0.94
1118.769,0.94
1118.789,0.94
1118.809,0.94
1118.829,0.94
1118.849,0.94
1118.869,0.94
1118.889,0.94
1118.909,0.94
1118.929,0.94
1118.949,0.94
1118.969,0.94
1118.989,0.94
1119.009,0.94
1119.029,0.94
1119.049,0.94
1119.069,0.94
1119.089,0.94
1119.109,0.94
1119.129,0.94
1119.149,0.94
1119.169,0.94
1119.189,0.94
1119.209,0.94
1119.229,0.94
1119.25,0.94
1119.27,0.94
1119.29,0.94
1119.31,0.94
1119.33,0.94
1119.35,0.94
1119.37,0.94
1119.39,0.94
1119.41,0.94
1119.43,0.94
1119.45,0.94
1119.47,0.94
1119.49,0.94
1119.51,0.94
1119.53,0.94
1119.55,0.94
1119.57,0.94
1119.59,0.94
1119.61,0.94
1119.63,0.94
1119.65,0.94
1119.67,0.94
1119.69,0.94
1119.71,0.94
1119.73,0.94
1119.75,0.94
1119.77,0.94
1119.79,0.94
1119.81,0.94
1119.83,0.94
1119.85,0.94
1119.87,0.94
1119.89,0.94
1119.91,0.94
1119.93,0.94
1119.95,0.94
1119.97,0.94
1119.99,0.94
1120.01,0.94
1120.03,0.94
1120.05,0.94
1120.07,0.94
1120.09,0.94
1120.11,0.94
1120.13,0.94
1120.15,0.94
1120.17,0.94
1120.19,0.94
1120.21,0.94
1120.23,0.94
1120.25,0.94
1120.271,0.94
1120.291,0.94
1120.311,0.94
1120.331,0.94
1120.351,0.94
1120.371,0.94
1120.391,0.94
1120.411,0.94
1120.431,0.94
1120.451,0.94
1120.471,0.94
1120.491,0.94
1120.511,0.94
1120.531,0.94
1120.551,0.94
1120.571,0.94
1120.591,0.94
1120.611,0.94
1120.631,0.94
1120.651,0.94
1120.671,0.94
1120.691,0.94
1120.711,0.94
1120.731,0.94
1120.751,0.94
1120.771,0.94
1120.791,0.94
1120.811,0.94
1120.831,0.94
1120.851,0.94
1120.871,0.94
1120.891,0.94
1120.911,0.94
1120.931,0.94
1120.951,0.94
1120.971,0.94
1120.991,0.94
1121.011,0.94
1121.031,0.94
1121.051,0.94
1121.071,0.94
1121.091,0.94
1121.111,0.94
1121.131,0.94
1121.151,0.94
1121.171,0.94
1121.191,0.94
1121.211,0.94
1121.231,0.94
1121.251,0.94
1121.271,0.94
1121.292,0.94
1121.312,0.94
1121.332,0.94
1121.352,0.94
1121.372,0.94
1121.392,0.94
1121.412,0.94
1121.432,0.94
1121.452,0.94
1121.472,0.94
1121.492,0.94
1121.512,0.94
1121.532,0.94
1121.552,0.94
1121.572,0.94
1121.592,0.94
1121.612,0.94
1121.632,0.94
1121.652,0.94
1121.672,0.94
1121.692,0.94
1121.712,0.94
1121.732,0.94
1121.752,0.94
1121.772,0.94
1121.792,0.94
1121.812,0.94
1121.832,0.94
1121.852,0.94
1121.872,0.94
1121.892,0.94
1121.912,0.94
1121.932,0.94
1121.952,0.94
1121.972,0.94
1121.992,0.94
1122.012,0.94
1122.032,0.94
1122.052,0.94
1122.072,0.94
1122.092,0.94
1122.112,0.94
1122.132,0.94
1122.152,0.94
1122.172,0.94
1122.192,0.94
1122.212,0.94
1122.232,0.94
1122.252,0.94
1122.272,0.94
1122.292,0.94
1122.313,0.94
1122.333,0.94
1122.353,0.94
1122.373,0.94
1122.393,0.94
1122.413,0.94
1122.433,0.94
1122.453,0.94
1122.473,0.94
1122.493,0.94
1122.513,0.94
1122.533,0.94
1122.553,0.94
1122.573,0.94
1122.593,0.94
1122.613,0.94
1122.633,0.94
1122.653,0.94
1122.673,0.94
1122.693,0.94
1122.713,0.94
1122.733,0.94
1122.753,0.94
1122.773,0.94
1122.793,0.94
1122.813,0.94
1122.833,0.94
1122.853,0.94
1122.873,0.94
1122.893,0.94
1122.913,0.94
1122.933,0.94
1122.953,0.94
1122.973,0.94
1122.993,0.94
1123.013,0.94
1123.033,0.94
1123.053,0.94
1123.073,0.94
1123.093,0.94
1123.113,0.94
1123.133,0.94
1123.153,0.94
1123.173,0.94
1123.193,0.94
1123.213,0.94
1123.233,0.94
1123.253,0.94
1123.273,0.94
1123.293,0.94
1123.313,0.94
1123.333,0.94
1123.354,0.94
1123.374,0.94
1123.394,0.94
1123.414,0.94
1123.434,0.94
1123.454,0.94
1123.474,0.94
1123.494,0.94
1123.514,0.94
1123.534,0.94
1123.554,0.94
1123.574,0.94
1123.594,0.94
1123.614,0.94
1123.634,0.94
1123.654,0.94
1123.674,0.94
1123.694,0.94
1123.714,0.94
1123.734,0.94
1123.754,0.94
1123.774,0.94
1123.794,0.94
1123.814,0.94
1123.834,0.94
1123.854,0.94
1123.874,0.94
1123.894,0.94
1123.914,0.94
1123.934,0.94
1123.954,0.94
1123.974,0.94
1123.994,0.94
1124.014,0.94
1124.034,0.94
1124.054,0.94
1124.074,0.94
1124.094,0.94
1124.114,0.94
1124.134,0.94
1124.154,0.94
1124.174,0.94
1124.194,0.94
1124.214,0.94
1124.234,0.94
1124.254,0.94
1124.274,0.94
1124.294,0.94
1124.314,0.94
1124.334,0.94
1124.354,0.94
1124.375,0.94
1124.395,0.94
1124.415,0.94
1124.435,0.94
1124.455,0.94
1124.475,0.94
1124.495,0.94
1124.515,0.94
1124.535,0.94
1124.555,0.94
1124.575,0.94
1124.595,0.94
1124.615,0.94
1124.635,0.94
1124.655,0.94
1124.675,0.94
1124.695,0.94
1124.715,0.94
1124.735,0.94
1124.755,0.94
1124.775,0.94
1124.795,0.94
1124.815,0.94
1124.835,0.94
1124.855,0.94
1124.875,0.94
1124.895,0.94
1124.915,0.94
1124.935,0.94
1124.955,0.94
1124.975,0.94
1124.995,0.94
1125.015,0.94
1125.035,0.94
1125.055,0.94
1125.075,0.94
1125.095,0.94
1125.115,0.94
1125.135,0.94
1125.155,0.94
1125.175,0.94
1125.195,0.94
1125.215,0.94
1125.235,0.94
1125.255,0.94
1125.275,0.94
1125.295,0.94
1125.315,0.94
1125.335,0.94
1125.355,0.94
1125.375,0.94
1125.396,0.94
1125.416,0.94
1125.436,0.94
1125.456,0.94
1125.476,0.94
1125.496,0.94
1125.516,0.94
1125.536,0.94
1125.556,0.94
1125.576,0.94
1125.596,0.94
1125.616,0.94
1125.636,0.94
1125.656,0.94
1125.676,0.94
1125.696,0.94
1125.716,0.94
1125.736,0.94
1125.756,0.94
1125.776,0.94
1125.796,0.94
1125.816,0.94
1125.836,0.94
1125.856,0.94
1125.876,0.94
1125.896,0.94
1125.916,0.94
1125.936,0.94
1125.956,0.94
1125.976,0.94
1125.996,0.94
1126.016,0.94
1126.036,0.94
1126.056,0.94
1126.076,0.94
1126.096,0.94
1126.116,0.94
1126.136,0.94
1126.156,0.94
1126.176,0.94
1126.196,0.94
1126.216,0.94
1126.236,0.94
1126.256,0.94
1126.276,0.94
1126.296,0.94
1126.316,0.94
1126.336,0.94
1126.356,0.94
1126.376,0.94
1126.396,0.94
1126.417,0.94
1126.437,0.94
1126.457,0.94
1126.477,0.94
1126.497,0.94
1126.517,0.94
1126.537,0.94
1126.557,0.94
1126.577,0.94
1126.597,0.94
1126.617,0.94
1126.637,0.94
1126.657,0.94
1126.677,0.94
1126.697,0.94
1126.717,0.94
1126.737,0.94
1126.757,0.94
1126.777,0.94
1126.797,0.94
1126.817,0.94
1126.837,0.94
1126.857,0.94
1126.877,0.94
1126.897,0.94
1126.917,0.94
1126.937,0.94
1126.957,0.94
1126.977,0.94
1126.997,0.94
1127.017,0.94
1127.037,0.94
1127.057,0.94
1127.077,0.94
1127.097,0.94
1127.117,0.94
1127.137,0.94
1127.157,0.94
1127.177,0.94
1127.197,0.94
1127.217,0.94
1127.237,0.94
1127.257,0.94
1127.277,0.94
1127.297,0.94
1127.317,0.94
1127.337,0.94
1127.357,0.94
1127.377,0.94
1127.397,0.94
1127.417,0.94
1127.438,0.94
1127.458,0.94
1127.478,0.94
1127.498,0.94
1127.518,0.94
1127.538,0.94
1127.558,0.94
1127.578,0.94
1127.598,0.94
1127.618,0.94
1127.638,0.94
1127.658,0.94
1127.678,0.94
1127.698,0.94
1127.718,0.94
1127.738,0.94
1127.758,0.94
1127.778,0.94
1127.798,0.94
1127.818,0.94
1127.838,0.94
1127.858,0.94
1127.878,0.94
1127.898,0.94
1127.918,0.94
1127.938,0.94
1127.958,0.94
1127.978,0.94
1127.998,0.94
1128.018,0.94
1128.038,0.94
1128.058,0.94
1128.078,0.94
1128.098,0.94
1128.118,0.94
1128.138,0.94
1128.158,0.94
1128.178,0.94
1128.198,0.94
1128.218,0.94
1128.238,0.94
1128.258,0.94
1128.278,0.94
1128.298,0.94
1128.318,0.94
1128.338,0.94
1128.358,0.94
1128.378,0.94
1128.398,0.94
1128.418,0.94
1128.438,0.94
1128.458,0.94
1128.479,0.94
1128.499,0.94
1128.519,0.94
1128.539,0.94
1128.559,0.94
1128.579,0.94
1128.599,0.94
1128.619,0.94
1128.639,0.94
1128.659,0.94
1128.679,0.94
1128.699,0.94
1128.719,0.94
1128.739,0.94
1128.759,0.94
1128.779,0.94
1128.799,0.94
1128.819,0.94
1128.839,0.94
1128.859,0.94
1128.879,0.94
1128.899,0.94
1128.919,0.94
1128.939,0.94
1128.959,0.94
1128.979,0.94
1128.999,0.94
1129.019,0.94
1129.039,0.94
1129.059,0.94
1129.079,0.94
1129.099,0.94
1129.119,0.94
1129.139,0.94
1129.159,0.94
1129.179,0.94
1129.199,0.94
1129.219,0.94
1129.239,0.94
1129.259,0.94
1129.279,0.94
1129.299,0.94
1129.319,0.94
1129.339,0.94
1129.359,0.94
1129.379,0.94
1129.399,0.94
1129.419,0.94
1129.439,0.94
1129.459,0.94
1129.479,0.94
1129.5,0.94
1129.52,0.94
1129.54,0.94
1129.56,0.94
1129.58,0.94
1129.6,0.94
1129.62,0.94
1129.64,0.94
1129.66,0.94
1129.68,0.94
1129.7,0.94
1129.72,0.94
1129.74,0.94
1129.76,0.94
1129.78,0.94
1129.8,0.94
1129.82,0.94
1129.84,0.94
1129.86,0.94
1129.88,0.94
1129.9,0.94
1129.92,0.94
1129.94,0.94
1129.96,0.94
1129.98,0.94
1130,0.94
1130.02,0.94
1130.04,0.94
1130.06,0.94
1130.08,0.94
1130.1,0.94
1130.12,0.94
1130.14,0.94
1130.16,0.94
1130.18,0.94
1130.2,0.94
1130.22,0.94
1130.24,0.94
1130.26,0.94
1130.28,0.94
1130.3,0.94
1130.32,0.94
1130.34,0.94
1130.36,0.94
1130.38,0.94
1130.4,0.94
1130.42,0.94
1130.44,0.94
1130.46,0.94
1130.48,0.94
1130.5,0.94
1130.521,0.94
1130.541,0.94
1130.561,0.94
1130.581,0.94
1130.601,0.94
1130.621,0.94
1130.641,0.94
1130.661,0.94
1130.681,0.94
1130.701,0.94
1130.721,0.94
1130.741,0.94
1130.761,0.94
1130.781,0.94
1130.801,0.94
1130.821,0.94
1130.841,0.94
1130.861,0.94
1130.881,0.94
1130.901,0.94
1130.921,0.94
1130.941,0.94
1130.961,0.94
1130.981,0.94
1131.001,0.94
1131.021,0.94
1131.041,0.94
1131.061,0.94
1131.081,0.94
1131.101,0.94
1131.121,0.94
1131.141,0.94
1131.161,0.94
1131.181,0.94
1131.201,0.94
1131.221,0.94
1131.241,0.94
1131.261,0.94
1131.281,0.94
1131.301,0.94
1131.321,0.94
1131.341,0.94
1131.361,0.94
1131.381,0.94
1131.401,0.94
1131.421,0.94
1131.441,0.94
1131.461,0.94
1131.481,0.94
1131.501,0.94
1131.521,0.94
1131.542,0.94
1131.562,0.94
1131.582,0.94
1131.602,0.94
1131.622,0.94
1131.642,0.94
1131.662,0.94
1131.682,0.94
1131.702,0.94
1131.722,0.94
1131.742,0.94
1131.762,0.94
1131.782,0.94
1131.802,0.94
1131.822,0.94
1131.842,0.94
1131.862,0.94
1131.882,0.94
1131.902,0.94
1131.922,0.94
1131.942,0.94
1131.962,0.94
1131.982,0.94
1132.002,0.94
1132.022,0.94
1132.042,0.94
1132.062,0.94
1132.082,0.94
1132.102,0.94
1132.122,0.94
1132.142,0.94
1132.162,0.94
1132.182,0.94
1132.202,0.94
1132.222,0.94
1132.242,0.94
1132.262,0.94
1132.282,0.94
1132.302,0.94
1132.322,0.94
1132.342,0.94
1132.362,0.94
1132.382,0.94
1132.402,0.94
1132.422,0.94
1132.442,0.94
1132.462,0.94
1132.482,0.94
1132.502,0.94
1132.522,0.94
1132.542,0.94
1132.563,0.94
1132.583,0.94
1132.603,0.94
1132.623,0.94
1132.643,0.94
1132.663,0.94
1132.683,0.94
1132.703,0.94
1132.723,0.94
1132.743,0.94
1132.763,0.94
1132.783,0.94
1132.803,0.94
1132.823,0.94
1132.843,0.94
1132.863,0.94
1132.883,0.94
1132.903,0.94
1132.923,0.94
1132.943,0.94
1132.963,0.94
1132.983,0.94
1133.003,0.94
1133.023,0.94
1133.043,0.94
1133.063,0.94
1133.083,0.94
1133.103,0.94
1133.123,0.94
1133.143,0.94
1133.163,0.94
1133.183,0.94
1133.203,0.94
1133.223,0.94
1133.243,0.94
1133.263,0.94
1133.283,0.94
1133.303,0.94
1133.323,0.94
1133.343,0.94
1133.363,0.94
1133.383,0.94
1133.403,0.94
1133.423,0.94
1133.443,0.94
1133.463,0.94
1133.483,0.94
1133.503,0.94
1133.523,0.94
1133.543,0.94
1133.563,0.94
1133.583,0.94
1133.604,0.94
1133.624,0.94
1133.644,0.94
1133.664,0.94
1133.684,0.94
1133.704,0.94
1133.724,0.94
1133.744,0.94
1133.764,0.94
1133.784,0.94
1133.804,0.94
1133.824,0.94
1133.844,0.94
1133.864,0.94
1133.884,0.94
1133.904,0.94
1133.924,0.94
1133.944,0.94
1133.964,0.94
1133.984,0.94
1134.004,0.94
1134.024,0.94
1134.044,0.94
1134.064,0.94
1134.084,0.94
1134.104,0.94
1134.124,0.94
1134.144,0.94
1134.164,0.94
1134.184,0.94
1134.204,0.94
1134.224,0.94
1134.244,0.94
1134.264,0.94
1134.284,0.94
1134.304,0.94
1134.324,0.94
1134.344,0.94
1134.364,0.94
1134.384,0.94
1134.404,0.94
1134.424,0.94
1134.444,0.94
1134.464,0.94
1134.484,0.94
1134.504,0.94
1134.524,0.94
1134.544,0.94
1134.564,0.94
1134.584,0.94
1134.604,0.94
1134.625,0.94
1134.645,0.94
1134.665,0.94
1134.685,0.94
1134.705,0.94
1134.725,0.94
1134.745,0.94
1134.765,0.94
1134.785,0.94
1134.805,0.94
1134.825,0.94
1134.845,0.94
1134.865,0.94
1134.885,0.94
1134.905,0.94
1134.925,0.94
1134.945,0.94
1134.965,0.94
1134.985,0.94
1135.005,0.94
1135.025,0.94
1135.045,0.94
1135.065,0.94
1135.085,0.94
1135.105,0.94
1135.125,0.94
1135.145,0.94
1135.165,0.94
1135.185,0.94
1135.205,0.94
1135.225,0.94
1135.245,0.94
1135.265,0.94
1135.285,0.94
1135.305,0.94
1135.325,0.94
1135.345,0.94
1135.365,0.94
1135.385,0.94
1135.405,0.94
1135.425,0.94
1135.445,0.94
1135.465,0.94
1135.485,0.94
1135.505,0.94
1135.525,0.94
1135.545,0.94
1135.565,0.94
1135.585,0.94
1135.605,0.94
1135.625,0.94
1135.646,0.94
1135.666,0.94
1135.686,0.94
1135.706,0.94
1135.726,0.94
1135.746,0.94
1135.766,0.94
1135.786,0.94
1135.806,0.94
1135.826,0.94
1135.846,0.94
1135.866,0.94
1135.886,0.94
1135.906,0.94
1135.926,0.94
1135.946,0.94
1135.966,0.94
1135.986,0.94
1136.006,0.94
1136.026,0.94
1136.046,0.94
1136.066,0.94
1136.086,0.94
1136.106,0.94
1136.126,0.94
1136.146,0.94
1136.166,0.94
1136.186,0.94
1136.206,0.94
1136.226,0.94
1136.246,0.94
1136.266,0.94
1136.286,0.94
1136.306,0.94
1136.326,0.94
1136.346,0.94
1136.366,0.94
1136.386,0.94
1136.406,0.94
1136.426,0.94
1136.446,0.94
1136.466,0.94
1136.486,0.94
1136.506,0.94
1136.526,0.94
1136.546,0.94
1136.566,0.94
1136.586,0.94
1136.606,0.94
1136.626,0.94
1136.646,0.94
1136.667,0.94
1136.687,0.94
1136.707,0.94
1136.727,0.94
1136.747,0.94
1136.767,0.94
1136.787,0.94
1136.807,0.94
1136.827,0.94
1136.847,0.94
1136.867,0.94
1136.887,0.94
1136.907,0.94
1136.927,0.94
1136.947,0.94
1136.967,0.94
1136.987,0.94
1137.007,0.94
1137.027,0.94
1137.047,0.94
1137.067,0.94
1137.087,0.94
1137.107,0.94
1137.127,0.94
1137.147,0.94
1137.167,0.94
1137.187,0.94
1137.207,0.94
1137.227,0.94
1137.247,0.94
1137.267,0.94
1137.287,0.94
1137.307,0.94
1137.327,0.94
1137.347,0.94
1137.367,0.94
1137.387,0.94
1137.407,0.94
1137.427,0.94
1137.447,0.94
1137.467,0.94
1137.487,0.945
1137.507,0.945
1137.527,0.945
1137.547,0.945
1137.567,0.945
1137.587,0.945
1137.607,0.945
1137.627,0.945
1137.647,0.945
1137.667,0.945
1137.688,0.945
1137.708,0.945
1137.728,0.945
1137.748,0.945
1137.768,0.945
1137.788,0.945
1137.808,0.945
1137.828,0.945
1137.848,0.945
1137.868,0.945
1137.888,0.945
1137.908,0.945
1137.928,0.945
1137.948,0.945
1137.968,0.945
1137.988,0.945
1138.008,0.945
1138.028,0.945
1138.048,0.945
1138.068,0.945
1138.088,0.945
1138.108,0.945
1138.128,0.945
1138.148,0.945
1138.168,0.945
1138.188,0.945
1138.208,0.945
1138.228,0.945
1138.248,0.945
1138.268,0.945
1138.288,0.945
1138.308,0.945
1138.328,0.945
1138.348,0.945
1138.368,0.945
1138.388,0.945
1138.408,0.945
1138.428,0.945
1138.448,0.945
1138.468,0.945
1138.488,0.945
1138.508,0.945
1138.528,0.945
1138.548,0.945
1138.568,0.945
1138.588,0.945
1138.608,0.945
1138.628,0.945
1138.648,0.945
1138.668,0.945
1138.688,0.945
1138.708,0.945
1138.729,0.945
1138.749,0.945
1138.769,0.945
1138.789,0.945
1138.809,0.945
1138.829,0.945
1138.849,0.945
1138.869,0.945
1138.889,0.945
1138.909,0.945
1138.929,0.945
1138.949,0.945
1138.969,0.945
1138.989,0.945
1139.009,0.945
1139.029,0.945
1139.049,0.945
1139.069,0.945
1139.089,0.945
1139.109,0.945
1139.129,0.945
1139.149,0.945
1139.169,0.945
1139.189,0.945
1139.209,0.945
1139.229,0.945
1139.249,0.945
1139.269,0.945
1139.289,0.945
1139.309,0.945
1139.329,0.945
1139.349,0.945
1139.369,0.945
1139.389,0.945
1139.409,0.945
1139.429,0.945
1139.449,0.945
1139.469,0.945
1139.489,0.945
1139.509,0.945
1139.529,0.945
1139.549,0.945
1139.569,0.945
1139.589,0.945
1139.609,0.945
1139.629,0.945
1139.649,0.945
1139.669,0.945
1139.689,0.945
1139.709,0.945
1139.729,0.945
1139.75,0.945
1139.77,0.945
1139.79,0.945
1139.81,0.945
1139.83,0.945
1139.85,0.945
1139.87,0.945
1139.89,0.945
1139.91,0.945
1139.93,0.945
1139.95,0.945
1139.97,0.945
1139.99,0.945
1140.01,0.945
1140.03,0.945
1140.05,0.945
1140.07,0.945
1140.09,0.945
1140.11,0.945
1140.13,0.945
1140.15,0.945
1140.17,0.945
1140.19,0.945
1140.21,0.945
1140.23,0.945
1140.25,0.945
1140.27,0.945
1140.29,0.945
1140.31,0.945
1140.33,0.945
1140.35,0.945
1140.37,0.945
1140.39,0.945
1140.41,0.945
1140.43,0.945
1140.45,0.945
1140.47,0.945
1140.49,0.945
1140.51,0.945
1140.53,0.945
1140.55,0.945
1140.57,0.945
1140.59,0.945
1140.61,0.945
1140.63,0.945
1140.65,0.945
1140.67,0.945
1140.69,0.945
1140.71,0.945
1140.73,0.945
1140.75,0.945
1140.771,0.945
1140.791,0.945
1140.811,0.945
1140.831,0.945
1140.851,0.945
1140.871,0.945
1140.891,0.945
1140.911,0.945
1140.931,0.945
1140.951,0.945
1140.971,0.945
1140.991,0.945
1141.011,0.945
1141.031,0.945
1141.051,0.945
1141.071,0.945
1141.091,0.945
1141.111,0.945
1141.131,0.945
1141.151,0.945
1141.171,0.945
1141.191,0.945
1141.211,0.945
1141.231,0.945
1141.251,0.945
1141.271,0.945
1141.291,0.945
1141.311,0.945
1141.331,0.945
1141.351,0.945
1141.371,0.945
1141.391,0.945
1141.411,0.945
1141.431,0.945
1141.451,0.945
1141.471,0.945
1141.491,0.945
1141.511,0.945
1141.531,0.945
1141.551,0.945
1141.571,0.945
1141.591,0.945
1141.611,0.945
1141.631,0.945
1141.651,0.945
1141.671,0.945
1141.691,0.945
1141.711,0.945
1141.731,0.945
1141.751,0.945
1141.771,0.945
1141.792,0.945
1141.812,0.945
1141.832,0.945
1141.852,0.945
1141.872,0.945
1141.892,0.945
1141.912,0.945
1141.932,0.945
1141.952,0.945
1141.972,0.945
1141.992,0.945
1142.012,0.945
1142.032,0.945
1142.052,0.945
1142.072,0.945
1142.092,0.945
1142.112,0.945
1142.132,0.945
1142.152,0.945
1142.172,0.945
1142.192,0.945
1142.212,0.945
1142.232,0.945
1142.252,0.945
1142.272,0.945
1142.292,0.945
1142.312,0.945
1142.332,0.945
1142.352,0.945
1142.372,0.945
1142.392,0.945
1142.412,0.945
1142.432,0.945
1142.452,0.945
1142.472,0.945
1142.492,0.945
1142.512,0.945
1142.532,0.945
1142.552,0.945
1142.572,0.945
1142.592,0.945
1142.612,0.945
1142.632,0.945
1142.652,0.945
1142.672,0.945
1142.692,0.945
1142.712,0.945
1142.732,0.945
1142.752,0.945
1142.772,0.945
1142.792,0.945
1142.813,0.945
1142.833,0.945
1142.853,0.945
1142.873,0.945
1142.893,0.945
1142.913,0.945
1142.933,0.945
1142.953,0.945
1142.973,0.945
1142.993,0.945
1143.013,0.945
1143.033,0.945
1143.053,0.945
1143.073,0.945
1143.093,0.945
1143.113,0.945
1143.133,0.945
1143.153,0.945
1143.173,0.945
1143.193,0.945
1143.213,0.945
1143.233,0.945
1143.253,0.945
1143.273,0.945
1143.293,0.945
1143.313,0.945
1143.333,0.945
1143.353,0.945
1143.373,0.945
1143.393,0.945
1143.413,0.945
1143.433,0.945
1143.453,0.945
1143.473,0.945
1143.493,0.945
1143.513,0.945
1143.533,0.945
1143.553,0.945
1143.573,0.945
1143.593,0.945
1143.613,0.945
1143.633,0.945
1143.653,0.945
1143.673,0.945
1143.693,0.945
1143.713,0.945
1143.733,0.945
1143.753,0.945
1143.773,0.945
1143.793,0.945
1143.813,0.945
1143.833,0.945
1143.854,0.945
1143.874,0.945
1143.894,0.945
1143.914,0.945
1143.934,0.945
1143.954,0.945
1143.974,0.945
1143.994,0.945
1144.014,0.945
1144.034,0.945
1144.054,0.945
1144.074,0.945
1144.094,0.945
1144.114,0.945
1144.134,0.945
1144.154,0.945
1144.174,0.945
1144.194,0.945
1144.214,0.945
1144.234,0.945
1144.254,0.945
1144.274,0.945
1144.294,0.945
1144.314,0.945
1144.334,0.945
1144.354,0.945
1144.374,0.945
1144.394,0.945
1144.414,0.945
1144.434,0.945
1144.454,0.945
1144.474,0.945
1144.494,0.945
1144.514,0.945
1144.534,0.945
1144.554,0.945
1144.574,0.945
1144.594,0.945
1144.614,0.945
1144.634,0.945
1144.654,0.945
1144.674,0.945
1144.694,0.945
1144.714,0.945
1144.734,0.945
1144.754,0.945
1144.774,0.945
1144.794,0.945
1144.814,0.945
1144.834,0.95
1144.854,0.95
1144.875,0.95
1144.895,0.95
1144.915,0.95
1144.935,0.95
1144.955,0.95
1144.975,0.95
1144.995,0.95
1145.015,0.95
1145.035,0.95
1145.055,0.95
1145.075,0.95
1145.095,0.95
1145.115,0.95
1145.135,0.95
1145.155,0.95
1145.175,0.95
1145.195,0.95
1145.215,0.95
1145.235,0.95
1145.255,0.95
1145.275,0.95
1145.295,0.95
1145.315,0.95
1145.335,0.95
1145.355,0.95
1145.375,0.95
1145.395,0.95
1145.415,0.95
1145.435,0.95
1145.455,0.95
1145.475,0.95
1145.495,0.95
1145.515,0.95
1145.535,0.95
1145.555,0.95
1145.575,0.95
1145.595,0.95
1145.615,0.95
1145.635,0.95
1145.655,0.95
1145.675,0.95
1145.695,0.95
1145.715,0.95
1145.735,0.95
1145.755,0.95
1145.775,0.95
1145.795,0.95
1145.815,0.95
1145.835,0.95
1145.855,0.95
1145.875,0.95
1145.896,0.95
1145.916,0.95
1145.936,0.95
1145.956,0.95
1145.976,0.95
1145.996,0.95
1146.016,0.95
1146.036,0.95
1146.056,0.95
1146.076,0.95
1146.096,0.95
1146.116,0.95
1146.136,0.95
1146.156,0.95
1146.176,0.95
1146.196,0.95
1146.216,0.95
1146.236,0.95
1146.256,0.95
1146.276,0.95
1146.296,0.95
1146.316,0.95
1146.336,0.95
1146.356,0.95
1146.376,0.95
1146.396,0.95
1146.416,0.95
1146.436,0.95
1146.456,0.95
1146.476,0.95
1146.496,0.95
1146.516,0.95
1146.536,0.95
1146.556,0.95
1146.576,0.95
1146.596,0.95
1146.616,0.95
1146.636,0.95
1146.656,0.95
1146.676,0.95
1146.696,0.95
1146.716,0.95
1146.736,0.95
1146.756,0.95
1146.776,0.95
1146.796,0.95
1146.816,0.95
1146.836,0.95
1146.856,0.95
1146.876,0.95
1146.896,0.95
1146.917,0.95
1146.937,0.95
1146.957,0.95
1146.977,0.95
1146.997,0.95
1147.017,0.95
1147.037,0.95
1147.057,0.95
1147.077,0.95
1147.097,0.95
1147.117,0.95
1147.137,0.95
1147.157,0.95
1147.177,0.95
1147.197,0.95
1147.217,0.95
1147.237,0.95
1147.257,0.95
1147.277,0.95
1147.297,0.95
1147.317,0.95
1147.337,0.95
1147.357,0.95
1147.377,0.95
1147.397,0.95
1147.417,0.95
1147.437,0.95
1147.457,0.95
1147.477,0.95
1147.497,0.95
1147.517,0.95
1147.537,0.95
1147.557,0.95
1147.577,0.95
1147.597,0.95
1147.617,0.95
1147.637,0.95
1147.657,0.95
1147.677,0.95
1147.697,0.95
1147.717,0.95
1147.737,0.95
1147.757,0.95
1147.777,0.95
1147.797,0.95
1147.817,0.95
1147.837,0.95
1147.857,0.95
1147.877,0.95
1147.897,0.95
1147.917,0.95
1147.938,0.95
1147.958,0.95
1147.978,0.95
1147.998,0.95
1148.018,0.95
1148.038,0.95
1148.058,0.95
1148.078,0.95
1148.098,0.95
1148.118,0.95
1148.138,0.95
1148.158,0.95
1148.178,0.95
1148.198,0.95
1148.218,0.95
1148.238,0.95
1148.258,0.95
1148.278,0.95
1148.298,0.95
1148.318,0.95
1148.338,0.95
1148.358,0.95
1148.378,0.95
1148.398,0.95
1148.418,0.95
1148.438,0.95
1148.458,0.95
1148.478,0.95
1148.498,0.95
1148.518,0.95
1148.538,0.95
1148.558,0.95
1148.578,0.95
1148.598,0.95
1148.618,0.95
1148.638,0.95
1148.658,0.95
1148.678,0.95
1148.698,0.95
1148.718,0.95
1148.738,0.95
1148.758,0.95
1148.778,0.95
1148.798,0.95
1148.818,0.95
1148.838,0.95
1148.858,0.95
1148.878,0.95
1148.898,0.95
1148.918,0.95
1148.938,0.95
1148.958,0.95
1148.979,0.95
1148.999,0.95
1149.019,0.95
1149.039,0.95
1149.059,0.95
1149.079,0.95
1149.099,0.95
1149.119,0.95
1149.139,0.95
1149.159,0.95
1149.179,0.95
1149.199,0.95
1149.219,0.95
1149.239,0.95
1149.259,0.95
1149.279,0.95
1149.299,0.95
1149.319,0.95
1149.339,0.95
1149.359,0.95
1149.379,0.95
1149.399,0.95
1149.419,0.95
1149.439,0.95
1149.459,0.95
1149.479,0.95
1149.499,0.95
1149.519,0.95
1149.539,0.95
1149.559,0.95
1149.579,0.95
1149.599,0.95
1149.619,0.95
1149.639,0.95
1149.659,0.95
1149.679,0.95
1149.699,0.95
1149.719,0.95
1149.739,0.95
1149.759,0.95
1149.779,0.95
1149.799,0.95
1149.819,0.95
1149.839,0.95
1149.859,0.95
1149.879,0.95
1149.899,0.95
1149.919,0.95
1149.939,0.95
1149.959,0.95
1149.979,0.95
1150,0.95
1150.02,0.95
1150.04,0.95
1150.06,0.95
1150.08,0.95
1150.1,0.95
1150.12,0.95
1150.14,0.95
1150.16,0.95
1150.18,0.95
1150.2,0.95
1150.22,0.95
1150.24,0.95
1150.26,0.95
1150.28,0.95
1150.3,0.95
1150.32,0.95
1150.34,0.95
1150.36,0.95
1150.38,0.95
1150.4,0.95
1150.42,0.95
1150.44,0.95
1150.46,0.95
1150.48,0.95
1150.5,0.95
1150.52,0.95
1150.54,0.95
1150.56,0.95
1150.58,0.95
1150.6,0.95
1150.62,0.95
1150.64,0.95
1150.66,0.95
1150.68,0.95
1150.7,0.95
1150.72,0.95
1150.74,0.95
1150.76,0.95
1150.78,0.95
1150.8,0.95
1150.82,0.95
1150.84,0.95
1150.86,0.95
1150.88,0.95
1150.9,0.95
1150.92,0.95
1150.94,0.95
1150.96,0.95
1150.98,0.95
1151,0.95
1151.021,0.95
1151.041,0.95
1151.061,0.95
1151.081,0.95
1151.101,0.95
1151.121,0.95
1151.141,0.95
1151.161,0.95
1151.181,0.95
1151.201,0.95
1151.221,0.95
1151.241,0.95
1151.261,0.95
1151.281,0.95
1151.301,0.95
1151.321,0.95
1151.341,0.95
1151.361,0.95
1151.381,0.95
1151.401,0.95
1151.421,0.95
1151.441,0.95
1151.461,0.95
1151.481,0.95
1151.501,0.95
1151.521,0.95
1151.541,0.95
1151.561,0.95
1151.581,0.95
1151.601,0.95
1151.621,0.95
1151.641,0.95
1151.661,0.95
1151.681,0.95
1151.701,0.95
1151.721,0.95
1151.741,0.95
1151.761,0.95
1151.781,0.95
1151.801,0.95
1151.821,0.95
1151.841,0.95
1151.861,0.95
1151.881,0.95
1151.901,0.95
1151.921,0.95
1151.941,0.95
1151.961,0.95
1151.981,0.95
1152.001,0.95
1152.021,0.95
1152.042,0.95
1152.062,0.95
1152.082,0.95
1152.102,0.95
1152.122,0.95
1152.142,0.95
1152.162,0.95
1152.182,0.95
1152.202,0.95
1152.222,0.95
1152.242,0.95
1152.262,0.95
1152.282,0.95
1152.302,0.95
1152.322,0.95
1152.342,0.95
1152.362,0.95
1152.382,0.95
1152.402,0.95
1152.422,0.95
1152.442,0.95
1152.462,0.95
1152.482,0.95
1152.502,0.95
1152.522,0.95
1152.542,0.95
1152.562,0.95
1152.582,0.95
1152.602,0.95
1152.622,0.95
1152.642,0.95
1152.662,0.95
1152.682,0.95
1152.702,0.95
1152.722,0.95
1152.742,0.95
1152.762,0.95
1152.782,0.95
1152.802,0.95
1152.822,0.95
1152.842,0.95
1152.862,0.95
1152.882,0.95
1152.902,0.95
1152.922,0.95
1152.942,0.95
1152.962,0.95
1152.982,0.95
1153.002,0.95
1153.022,0.95
1153.042,0.95
1153.063,0.95
1153.083,0.95
1153.103,0.95
1153.123,0.95
1153.143,0.95
1153.163,0.95
1153.183,0.95
1153.203,0.95
1153.223,0.95
1153.243,0.95
1153.263,0.95
1153.283,0.95
1153.303,0.95
1153.323,0.95
1153.343,0.95
1153.363,0.95
1153.383,0.95
1153.403,0.95
1153.423,0.95
1153.443,0.95
1153.463,0.95
1153.483,0.95
1153.503,0.95
1153.523,0.95
1153.543,0.95
1153.563,0.95
1153.583,0.95
1153.603,0.95
1153.623,0.95
1153.643,0.95
1153.663,0.95
1153.683,0.95
1153.703,0.95
1153.723,0.95
1153.743,0.95
1153.763,0.95
1153.783,0.95
1153.803,0.95
1153.823,0.95
1153.843,0.95
1153.863,0.95
1153.883,0.95
1153.903,0.95
1153.923,0.95
1153.943,0.95
1153.963,0.95
1153.983,0.95
1154.003,0.95
1154.023,0.95
1154.043,0.95
1154.063,0.95
1154.083,0.95
1154.104,0.95
1154.124,0.95
1154.144,0.95
1154.164,0.95
1154.184,0.95
1154.204,0.95
1154.224,0.95
1154.244,0.95
1154.264,0.95
1154.284,0.95
1154.304,0.95
1154.324,0.95
1154.344,0.95
1154.364,0.95
1154.384,0.95
1154.404,0.95
1154.424,0.95
1154.444,0.95
1154.464,0.95
1154.484,0.95
1154.504,0.95
1154.524,0.95
1154.544,0.95
1154.564,0.95
1154.584,0.95
1154.604,0.95
1154.624,0.95
1154.644,0.95
1154.664,0.95
1154.684,0.95
1154.704,0.95
1154.724,0.95
1154.744,0.95
1154.764,0.95
1154.784,0.95
1154.804,0.95
1154.824,0.95
1154.844,0.95
1154.864,0.95
1154.884,0.95
1154.904,0.95
1154.924,0.95
1154.944,0.95
1154.964,0.95
1154.984,0.95
1155.004,0.95
1155.024,0.95
1155.044,0.95
1155.064,0.95
1155.084,0.95
1155.104,0.95
1155.125,0.95
1155.145,0.95
1155.165,0.95
1155.185,0.95
1155.205,0.95
1155.225,0.95
1155.245,0.95
1155.265,0.95
1155.285,0.95
1155.305,0.95
1155.325,0.95
1155.345,0.95
1155.365,0.95
1155.385,0.95
1155.405,0.95
1155.425,0.95
1155.445,0.95
1155.465,0.95
1155.485,0.95
1155.505,0.95
1155.525,0.95
1155.545,0.95
1155.565,0.95
1155.585,0.95
1155.605,0.95
1155.625,0.95
1155.645,0.95
1155.665,0.95
1155.685,0.95
1155.705,0.95
1155.725,0.95
1155.745,0.95
1155.765,0.95
1155.785,0.95
1155.805,0.95
1155.825,0.95
1155.845,0.95
1155.865,0.95
1155.885,0.95
1155.905,0.95
1155.925,0.95
1155.945,0.95
1155.965,0.95
1155.985,0.95
1156.005,0.95
1156.025,0.95
1156.045,0.95
1156.065,0.95
1156.085,0.95
1156.105,0.95
1156.125,0.95
1156.146,0.95
1156.166,0.95
1156.186,0.95
1156.206,0.95
1156.226,0.95
1156.246,0.95
1156.266,0.95
1156.286,0.95
1156.306,0.95
1156.326,0.95
1156.346,0.95
1156.366,0.95
1156.386,0.95
1156.406,0.95
1156.426,0.95
1156.446,0.95
1156.466,0.95
1156.486,0.95
1156.506,0.95
1156.526,0.95
1156.546,0.95
1156.566,0.95
1156.586,0.95
1156.606,0.95
1156.626,0.95
1156.646,0.95
1156.666,0.95
1156.686,0.95
1156.706,0.95
1156.726,0.95
1156.746,0.95
1156.766,0.95
1156.786,0.95
1156.806,0.95
1156.826,0.95
1156.846,0.95
1156.866,0.95
1156.886,0.95
1156.906,0.95
1156.926,0.95
1156.946,0.95
1156.966,0.95
1156.986,0.95
1157.006,0.95
1157.026,0.95
1157.046,0.95
1157.066,0.95
1157.086,0.95
1157.106,0.95
1157.126,0.95
1157.146,0.95
1157.167,0.95
1157.187,0.95
1157.207,0.95
1157.227,0.95
1157.247,0.95
1157.267,0.95
1157.287,0.95
1157.307,0.95
1157.327,0.95
1157.347,0.95
1157.367,0.95
1157.387,0.95
1157.407,0.95
1157.427,0.95
1157.447,0.95
1157.467,0.95
1157.487,0.95
1157.507,0.95
1157.527,0.95
1157.547,0.95
1157.567,0.95
1157.587,0.95
1157.607,0.95
1157.627,0.95
1157.647,0.95
1157.667,0.95
1157.687,0.95
1157.707,0.95
1157.727,0.95
1157.747,0.95
1157.767,0.95
1157.787,0.95
1157.807,0.95
1157.827,0.95
1157.847,0.95
1157.867,0.95
1157.887,0.95
1157.907,0.95
1157.927,0.95
1157.947,0.95
1157.967,0.95
1157.987,0.95
1158.007,0.95
1158.027,0.95
1158.047,0.95
1158.067,0.95
1158.087,0.95
1158.107,0.95
1158.127,0.95
1158.147,0.95
1158.167,0.95
1158.188,0.95
1158.208,0.95
1158.228,0.95
1158.248,0.95
1158.268,0.95
1158.288,0.95
1158.308,0.95
1158.328,0.95
1158.348,0.95
1158.368,0.95
1158.388,0.95
1158.408,0.95
1158.428,0.95
1158.448,0.95
1158.468,0.95
1158.488,0.95
1158.508,0.95
1158.528,0.95
1158.548,0.95
1158.568,0.95
1158.588,0.95
1158.608,0.95
1158.628,0.95
1158.648,0.95
1158.668,0.95
1158.688,0.95
1158.708,0.95
1158.728,0.95
1158.748,0.95
1158.768,0.95
1158.788,0.95
1158.808,0.95
1158.828,0.95
1158.848,0.95
1158.868,0.95
1158.888,0.95
1158.908,0.95
1158.928,0.95
1158.948,0.95
1158.968,0.95
1158.988,0.95
1159.008,0.95
1159.028,0.95
1159.048,0.95
1159.068,0.95
1159.088,0.95
1159.108,0.95
1159.128,0.95
1159.148,0.95
1159.168,0.95
1159.188,0.95
1159.208,0.95
1159.229,0.95
1159.249,0.95
1159.269,0.95
1159.289,0.95
1159.309,0.95
1159.329,0.95
1159.349,0.95
1159.369,0.95
1159.389,0.95
1159.409,0.95
1159.429,0.95
1159.449,0.95
1159.469,0.95
1159.489,0.95
1159.509,0.95
1159.529,0.95
1159.549,0.95
1159.569,0.95
1159.589,0.95
1159.609,0.95
1159.629,0.95
1159.649,0.95
1159.669,0.95
1159.689,0.95
1159.709,0.95
1159.729,0.95
1159.749,0.95
1159.769,0.95
1159.789,0.95
1159.809,0.95
1159.829,0.95
1159.849,0.95
1159.869,0.95
1159.889,0.95
1159.909,0.95
1159.929,0.95
1159.949,0.95
1159.969,0.95
1159.989,0.95
1160.009,0.95
1160.029,0.95
1160.049,0.95
1160.069,0.95
1160.089,0.95
1160.109,0.95
1160.129,0.95
1160.149,0.95
1160.169,0.95
1160.189,0.95
1160.209,0.95
1160.229,0.95
1160.25,0.95
1160.27,0.95
1160.29,0.95
1160.31,0.95
1160.33,0.95
1160.35,0.95
1160.37,0.95
1160.39,0.95
1160.41,0.95
1160.43,0.95
1160.45,0.95
1160.47,0.95
1160.49,0.95
1160.51,0.95
1160.53,0.95
1160.55,0.95
1160.57,0.95
1160.59,0.95
1160.61,0.95
1160.63,0.95
1160.65,0.95
1160.67,0.95
1160.69,0.95
1160.71,0.95
1160.73,0.95
1160.75,0.95
1160.77,0.95
1160.79,0.95
1160.81,0.95
1160.83,0.95
1160.85,0.95
1160.87,0.95
1160.89,0.95
1160.91,0.95
1160.93,0.95
1160.95,0.95
1160.97,0.95
1160.99,0.95
1161.01,0.95
1161.03,0.95
1161.05,0.95
1161.07,0.95
1161.09,0.95
1161.11,0.95
1161.13,0.95
1161.15,0.95
1161.17,0.95
1161.19,0.95
1161.21,0.95
1161.23,0.95
1161.25,0.95
1161.271,0.95
1161.291,0.95
1161.311,0.95
1161.331,0.95
1161.351,0.95
1161.371,0.95
1161.391,0.95
1161.411,0.95
1161.431,0.95
1161.451,0.95
1161.471,0.95
1161.491,0.95
1161.511,0.95
1161.531,0.95
1161.551,0.95
1161.571,0.95
1161.591,0.95
1161.611,0.95
1161.631,0.95
1161.651,0.95
1161.671,0.95
1161.691,0.95
1161.711,0.95
1161.731,0.95
1161.751,0.95
1161.771,0.95
1161.791,0.95
1161.811,0.95
1161.831,0.95
1161.851,0.95
1161.871,0.95
1161.891,0.95
1161.911,0.95
1161.931,0.95
1161.951,0.95
1161.971,0.95
1161.991,0.95
1162.011,0.95
1162.031,0.95
1162.051,0.95
1162.071,0.95
1162.091,0.95
1162.111,0.95
1162.131,0.95
1162.151,0.95
1162.171,0.95
1162.191,0.95
1162.211,0.95
1162.231,0.95
1162.251,0.95
1162.271,0.95
1162.292,0.95
1162.312,0.95
1162.332,0.95
1162.352,0.95
1162.372,0.95
1162.392,0.95
1162.412,0.95
1162.432,0.95
1162.452,0.95
1162.472,0.95
1162.492,0.95
1162.512,0.95
1162.532,0.95
1162.552,0.95
1162.572,0.95
1162.592,0.95
1162.612,0.95
1162.632,0.95
1162.652,0.95
1162.672,0.95
1162.692,0.95
1162.712,0.95
1162.732,0.95
1162.752,0.95
1162.772,0.95
1162.792,0.95
1162.812,0.95
1162.832,0.95
1162.852,0.95
1162.872,0.95
1162.892,0.95
1162.912,0.95
1162.932,0.95
1162.952,0.95
1162.972,0.95
1162.992,0.95
1163.012,0.95
1163.032,0.95
1163.052,0.95
1163.072,0.95
1163.092,0.95
1163.112,0.95
1163.132,0.95
1163.152,0.95
1163.172,0.95
1163.192,0.95
1163.212,0.95
1163.232,0.95
1163.252,0.95
1163.272,0.95
1163.292,0.95
1163.313,0.95
1163.333,0.95
1163.353,0.95
1163.373,0.95
1163.393,0.95
1163.413,0.95
1163.433,0.95
1163.453,0.95
1163.473,0.95
1163.493,0.95
1163.513,0.95
1163.533,0.95
1163.553,0.95
1163.573,0.95
1163.593,0.95
1163.613,0.95
1163.633,0.95
1163.653,0.95
1163.673,0.95
1163.693,0.95
1163.713,0.95
1163.733,0.95
1163.753,0.95
1163.773,0.95
1163.793,0.95
1163.813,0.95
1163.833,0.95
1163.853,0.95
1163.873,0.95
1163.893,0.95
1163.913,0.95
1163.933,0.95
1163.953,0.95
1163.973,0.95
1163.993,0.95
1164.013,0.95
1164.033,0.95
1164.053,0.95
1164.073,0.95
1164.093,0.95
1164.113,0.95
1164.133,0.95
1164.153,0.95
1164.173,0.95
1164.193,0.95
1164.213,0.95
1164.233,0.95
1164.253,0.95
1164.273,0.95
1164.293,0.95
1164.313,0.95
1164.333,0.95
1164.354,0.95
1164.374,0.95
1164.394,0.95
1164.414,0.95
1164.434,0.95
1164.454,0.95
1164.474,0.95
1164.494,0.95
1164.514,0.95
1164.534,0.95
1164.554,0.95
1164.574,0.95
1164.594,0.95
1164.614,0.95
1164.634,0.95
1164.654,0.95
1164.674,0.95
1164.694,0.95
1164.714,0.95
1164.734,0.95
1164.754,0.95
1164.774,0.95
1164.794,0.95
1164.814,0.95
1164.834,0.95
1164.854,0.95
1164.874,0.95
1164.894,0.95
1164.914,0.95
1164.934,0.95
1164.954,0.95
1164.974,0.95
1164.994,0.95
1165.014,0.95
1165.034,0.95
1165.054,0.95
1165.074,0.95
1165.094,0.95
1165.114,0.95
1165.134,0.95
1165.154,0.95
1165.174,0.95
1165.194,0.95
1165.214,0.95
1165.234,0.95
1165.254,0.95
1165.274,0.95
1165.294,0.95
1165.314,0.95
1165.334,0.95
1165.354,0.95
1165.375,0.95
1165.395,0.95
1165.415,0.95
1165.435,0.95
1165.455,0.95
1165.475,0.95
1165.495,0.95
1165.515,0.95
1165.535,0.95
1165.555,0.95
1165.575,0.95
1165.595,0.95
1165.615,0.95
1165.635,0.95
1165.655,0.95
1165.675,0.95
1165.695,0.95
1165.715,0.95
1165.735,0.95
1165.755,0.95
1165.775,0.95
1165.795,0.95
1165.815,0.95
1165.835,0.95
1165.855,0.95
1165.875,0.95
1165.895,0.95
1165.915,0.95
1165.935,0.95
1165.955,0.95
1165.975,0.95
1165.995,0.95
1166.015,0.95
1166.035,0.95
1166.055,0.95
1166.075,0.95
1166.095,0.95
1166.115,0.95
1166.135,0.95
1166.155,0.95
1166.175,0.95
1166.195,0.95
1166.215,0.95
1166.235,0.95
1166.255,0.95
1166.275,0.95
1166.295,0.95
1166.315,0.95
1166.335,0.95
1166.355,0.95
1166.375,0.95
1166.396,0.95
1166.416,0.95
1166.436,0.95
1166.456,0.95
1166.476,0.95
1166.496,0.95
1166.516,0.95
1166.536,0.95
1166.556,0.95
1166.576,0.95
1166.596,0.95
1166.616,0.95
1166.636,0.95
1166.656,0.95
1166.676,0.95
1166.696,0.95
1166.716,0.95
1166.736,0.95
1166.756,0.95
1166.776,0.95
1166.796,0.95
1166.816,0.95
1166.836,0.95
1166.856,0.95
1166.876,0.95
1166.896,0.95
1166.916,0.95
1166.936,0.95
1166.956,0.95
1166.976,0.95
1166.996,0.95
1167.016,0.95
1167.036,0.95
1167.056,0.95
1167.076,0.95
1167.096,0.95
1167.116,0.95
1167.136,0.95
1167.156,0.95
1167.176,0.95
1167.196,0.95
1167.216,0.95
1167.236,0.95
1167.256,0.95
1167.276,0.95
1167.296,0.95
1167.316,0.95
1167.336,0.95
1167.356,0.95
1167.376,0.95
1167.396,0.95
1167.417,0.95
1167.437,0.95
1167.457,0.95
1167.477,0.95
1167.497,0.95
1167.517,0.95
1167.537,0.95
1167.557,0.95
1167.577,0.95
1167.597,0.95
1167.617,0.95
1167.637,0.95
1167.657,0.95
1167.677,0.95
1167.697,0.95
1167.717,0.95
1167.737,0.95
1167.757,0.95
1167.777,0.95
1167.797,0.95
1167.817,0.95
1167.837,0.95
1167.857,0.95
1167.877,0.95
1167.897,0.95
1167.917,0.95
1167.937,0.95
1167.957,0.95
1167.977,0.95
1167.997,0.95
1168.017,0.95
1168.037,0.95
1168.057,0.95
1168.077,0.95
1168.097,0.95
1168.117,0.95
1168.137,0.95
1168.157,0.95
1168.177,0.95
1168.197,0.95
1168.217,0.95
1168.237,0.95
1168.257,0.95
1168.277,0.95
1168.297,0.95
1168.317,0.95
1168.337,0.95
1168.357,0.95
1168.377,0.95
1168.397,0.95
1168.417,0.95
1168.438,0.95
1168.458,0.95
1168.478,0.95
1168.498,0.95
1168.518,0.95
1168.538,0.95
1168.558,0.95
1168.578,0.95
1168.598,0.95
1168.618,0.95
1168.638,0.95
1168.658,0.95
1168.678,0.95
1168.698,0.95
1168.718,0.95
1168.738,0.95
1168.758,0.95
1168.778,0.95
1168.798,0.95
1168.818,0.95
1168.838,0.95
1168.858,0.95
1168.878,0.95
1168.898,0.95
1168.918,0.95
1168.938,0.95
1168.958,0.95
1168.978,0.95
1168.998,0.95
1169.018,0.95
1169.038,0.95
1169.058,0.95
1169.078,0.95
1169.098,0.95
1169.118,0.95
1169.138,0.95
1169.158,0.95
1169.178,0.95
1169.198,0.95
1169.218,0.95
1169.238,0.95
1169.258,0.95
1169.278,0.95
1169.298,0.95
1169.318,0.95
1169.338,0.95
1169.358,0.95
1169.378,0.95
1169.398,0.95
1169.418,0.95
1169.438,0.95
1169.458,0.95
1169.479,0.95
1169.499,0.95
1169.519,0.95
1169.539,0.95
1169.559,0.95
1169.579,0.95
1169.599,0.95
1169.619,0.95
1169.639,0.95
1169.659,0.95
1169.679,0.95
1169.699,0.95
1169.719,0.95
1169.739,0.95
1169.759,0.95
1169.779,0.95
1169.799,0.95
1169.819,0.95
1169.839,0.95
1169.859,0.95
1169.879,0.95
1169.899,0.95
1169.919,0.95
1169.939,0.95
1169.959,0.95
1169.979,0.95
1169.999,0.95
1170.019,0.95
1170.039,0.95
1170.059,0.95
1170.079,0.95
1170.099,0.95
1170.119,0.95
1170.139,0.95
1170.159,0.95
1170.179,0.95
1170.199,0.95
1170.219,0.95
1170.239,0.95
1170.259,0.95
1170.279,0.95
1170.299,0.95
1170.319,0.95
1170.339,0.95
1170.359,0.95
1170.379,0.95
1170.399,0.95
1170.419,0.95
1170.439,0.95
1170.459,0.95
1170.479,0.95
1170.5,0.95
1170.52,0.95
1170.54,0.95
1170.56,0.95
1170.58,0.95
1170.6,0.95
1170.62,0.95
1170.64,0.95
1170.66,0.95
1170.68,0.95
1170.7,0.95
1170.72,0.95
1170.74,0.95
1170.76,0.95
1170.78,0.95
1170.8,0.95
1170.82,0.95
1170.84,0.95
1170.86,0.95
1170.88,0.95
1170.9,0.95
1170.92,0.95
1170.94,0.95
1170.96,0.95
1170.98,0.95
1171,0.95
1171.02,0.95
1171.04,0.95
1171.06,0.95
1171.08,0.95
1171.1,0.95
1171.12,0.95
1171.14,0.95
1171.16,0.95
1171.18,0.95
1171.2,0.95
1171.22,0.95
1171.24,0.95
1171.26,0.95
1171.28,0.95
1171.3,0.95
1171.32,0.95
1171.34,0.95
1171.36,0.95
1171.38,0.95
1171.4,0.95
1171.42,0.95
1171.44,0.95
1171.46,0.95
1171.48,0.95
1171.5,0.95
1171.521,0.95
1171.541,0.95
1171.561,0.95
1171.581,0.95
1171.601,0.95
1171.621,0.95
1171.641,0.95
1171.661,0.95
1171.681,0.95
1171.701,0.95
1171.721,0.95
1171.741,0.95
1171.761,0.95
1171.781,0.95
1171.801,0.95
1171.821,0.95
1171.841,0.95
1171.861,0.95
1171.881,0.95
1171.901,0.95
1171.921,0.95
1171.941,0.95
1171.961,0.95
1171.981,0.95
1172.001,0.95
1172.021,0.95
1172.041,0.95
1172.061,0.95
1172.081,0.95
1172.101,0.95
1172.121,0.95
1172.141,0.95
1172.161,0.95
1172.181,0.95
1172.201,0.95
1172.221,0.95
1172.241,0.95
1172.261,0.95
1172.281,0.95
1172.301,0.95
1172.321,0.95
1172.341,0.95
1172.361,0.95
1172.381,0.95
1172.401,0.95
1172.421,0.95
1172.441,0.95
1172.461,0.95
1172.481,0.95
1172.501,0.95
1172.521,0.95
1172.542,0.95
1172.562,0.95
1172.582,0.95
1172.602,0.95
1172.622,0.95
1172.642,0.95
1172.662,0.95
1172.682,0.95
1172.702,0.95
1172.722,0.95
1172.742,0.95
1172.762,0.95
1172.782,0.95
1172.802,0.95
1172.822,0.95
1172.842,0.95
1172.862,0.95
1172.882,0.95
1172.902,0.95
1172.922,0.95
1172.942,0.95
1172.962,0.95
1172.982,0.95
1173.002,0.95
1173.022,0.95
1173.042,0.95
1173.062,0.95
1173.082,0.95
1173.102,0.95
1173.122,0.95
1173.142,0.95
1173.162,0.95
1173.182,0.95
1173.202,0.95
1173.222,0.95
1173.242,0.95
1173.262,0.95
1173.282,0.95
1173.302,0.95
1173.322,0.95
1173.342,0.95
1173.362,0.95
1173.382,0.95
1173.402,0.95
1173.422,0.95
1173.442,0.95
1173.462,0.95
1173.482,0.95
1173.502,0.95
1173.522,0.95
1173.542,0.95
1173.563,0.95
1173.583,0.95
1173.603,0.95
1173.623,0.95
1173.643,0.95
1173.663,0.95
1173.683,0.95
1173.703,0.95
1173.723,0.95
1173.743,0.95
1173.763,0.95
1173.783,0.95
1173.803,0.95
1173.823,0.95
1173.843,0.95
1173.863,0.95
1173.883,0.95
1173.903,0.95
1173.923,0.95
1173.943,0.95
1173.963,0.95
1173.983,0.95
1174.003,0.95
1174.023,0.95
1174.043,0.95
1174.063,0.95
1174.083,0.95
1174.103,0.95
1174.123,0.95
1174.143,0.95
1174.163,0.95
1174.183,0.95
1174.203,0.95
1174.223,0.95
1174.243,0.95
1174.263,0.95
1174.283,0.95
1174.303,0.95
1174.323,0.95
1174.343,0.95
1174.363,0.95
1174.383,0.95
1174.403,0.95
1174.423,0.95
1174.443,0.95
1174.463,0.95
1174.483,0.95
1174.503,0.95
1174.523,0.95
1174.543,0.95
1174.563,0.95
1174.583,0.95
1174.604,0.95
1174.624,0.95
1174.644,0.95
1174.664,0.95
1174.684,0.95
1174.704,0.95
1174.724,0.95
1174.744,0.95
1174.764,0.95
1174.784,0.95
1174.804,0.95
1174.824,0.95
1174.844,0.95
1174.864,0.95
1174.884,0.95
1174.904,0.95
1174.924,0.95
1174.944,0.95
1174.964,0.95
1174.984,0.95
1175.004,0.95
1175.024,0.95
1175.044,0.95
1175.064,0.95
1175.084,0.95
1175.104,0.95
1175.124,0.95
1175.144,0.95
1175.164,0.95
1175.184,0.95
1175.204,0.95
1175.224,0.95
1175.244,0.95
1175.264,0.95
1175.284,0.95
1175.304,0.95
1175.324,0.95
1175.344,0.95
1175.364,0.95
1175.384,0.95
1175.404,0.95
1175.424,0.95
1175.444,0.95
1175.464,0.95
1175.484,0.95
1175.504,0.95
1175.524,0.95
1175.544,0.95
1175.564,0.95
1175.584,0.95
1175.604,0.95
1175.625,0.95
1175.645,0.95
1175.665,0.95
1175.685,0.95
1175.705,0.95
1175.725,0.95
1175.745,0.95
1175.765,0.95
1175.785,0.95
1175.805,0.95
1175.825,0.95
1175.845,0.95
1175.865,0.95
1175.885,0.95
1175.905,0.95
1175.925,0.95
1175.945,0.95
1175.965,0.95
1175.985,0.95
1176.005,0.95
1176.025,0.95
1176.045,0.95
1176.065,0.95
1176.085,0.95
1176.105,0.95
1176.125,0.95
1176.145,0.95
1176.165,0.95
1176.185,0.95
1176.205,0.95
1176.225,0.95
1176.245,0.95
1176.265,0.95
1176.285,0.95
1176.305,0.95
1176.325,0.95
1176.345,0.95
1176.365,0.95
1176.385,0.95
1176.405,0.95
1176.425,0.95
1176.445,0.95
1176.465,0.95
1176.485,0.95
1176.505,0.95
1176.525,0.95
1176.545,0.95
1176.565,0.95
1176.585,0.95
1176.605,0.95
1176.625,0.95
1176.646,0.95
1176.666,0.95
1176.686,0.95
1176.706,0.95
1176.726,0.95
1176.746,0.95
1176.766,0.95
1176.786,0.95
1176.806,0.95
1176.826,0.95
1176.846,0.95
1176.866,0.95
1176.886,0.95
1176.906,0.95
1176.926,0.95
1176.946,0.95
1176.966,0.95
1176.986,0.95
1177.006,0.95
1177.026,0.95
1177.046,0.95
1177.066,0.95
1177.086,0.95
1177.106,0.95
1177.126,0.95
1177.146,0.95
1177.166,0.95
1177.186,0.95
1177.206,0.95
1177.226,0.95
1177.246,0.95
1177.266,0.95
1177.286,0.95
1177.306,0.95
1177.326,0.95
1177.346,0.95
1177.366,0.95
1177.386,0.95
1177.406,0.95
1177.426,0.95
1177.446,0.95
1177.466,0.95
1177.486,0.95
1177.506,0.95
1177.526,0.95
1177.546,0.95
1177.566,0.95
1177.586,0.95
1177.606,0.95
1177.626,0.95
1177.646,0.95
1177.667,0.95
1177.687,0.95
1177.707,0.95
1177.727,0.95
1177.747,0.95
1177.767,0.95
1177.787,0.95
1177.807,0.95
1177.827,0.95
1177.847,0.95
1177.867,0.95
1177.887,0.95
1177.907,0.95
1177.927,0.95
1177.947,0.95
1177.967,0.95
1177.987,0.95
1178.007,0.95
1178.027,0.95
1178.047,0.95
1178.067,0.95
1178.087,0.95
1178.107,0.95
1178.127,0.95
1178.147,0.95
1178.167,0.95
1178.187,0.95
1178.207,0.95
1178.227,0.95
1178.247,0.95
1178.267,0.95
1178.287,0.95
1178.307,0.95
1178.327,0.95
1178.347,0.95
1178.367,0.95
1178.387,0.95
1178.407,0.95
1178.427,0.95
1178.447,0.95
1178.467,0.95
1178.487,0.95
1178.507,0.95
1178.527,0.95
1178.547,0.95
1178.567,0.95
1178.587,0.95
1178.607,0.95
1178.627,0.95
1178.647,0.95
1178.667,0.95
1178.688,0.95
1178.708,0.95
1178.728,0.95
1178.748,0.95
1178.768,0.95
1178.788,0.95
1178.808,0.95
1178.828,0.95
1178.848,0.95
1178.868,0.95
1178.888,0.95
1178.908,0.95
1178.928,0.95
1178.948,0.95
1178.968,0.95
1178.988,0.95
1179.008,0.95
1179.028,0.95
1179.048,0.95
1179.068,0.95
1179.088,0.95
1179.108,0.95
1179.128,0.95
1179.148,0.95
1179.168,0.95
1179.188,0.95
1179.208,0.95
1179.228,0.95
1179.248,0.95
1179.268,0.95
1179.288,0.95
1179.308,0.95
1179.328,0.95
1179.348,0.95
1179.368,0.95
1179.388,0.95
1179.408,0.95
1179.428,0.95
1179.448,0.95
1179.468,0.95
1179.488,0.95
1179.508,0.95
1179.528,0.95
1179.548,0.95
1179.568,0.95
1179.588,0.95
1179.608,0.95
1179.628,0.95
1179.648,0.95
1179.668,0.95
1179.688,0.95
1179.708,0.95
1179.729,0.95
1179.749,0.95
1179.769,0.95
1179.789,0.95
1179.809,0.95
1179.829,0.95
1179.849,0.95
1179.869,0.95
1179.889,0.95
1179.909,0.95
1179.929,0.95
1179.949,0.95
1179.969,0.95
1179.989,0.95
1180.009,0.95
1180.029,0.95
1180.049,0.95
1180.069,0.95
1180.089,0.95
1180.109,0.95
1180.129,0.95
1180.149,0.95
1180.169,0.95
1180.189,0.95
1180.209,0.95
1180.229,0.95
1180.249,0.95
1180.269,0.95
1180.289,0.95
1180.309,0.95
1180.329,0.95
1180.349,0.95
1180.369,0.95
1180.389,0.95
1180.409,0.95
1180.429,0.95
1180.449,0.95
1180.469,0.95
1180.489,0.95
1180.509,0.95
1180.529,0.95
1180.549,0.95
1180.569,0.95
1180.589,0.95
1180.609,0.95
1180.629,0.95
1180.649,0.95
1180.669,0.95
1180.689,0.95
1180.709,0.95
1180.729,0.95
1180.75,0.95
1180.77,0.95
1180.79,0.95
1180.81,0.95
1180.83,0.95
1180.85,0.95
1180.87,0.95
1180.89,0.95
1180.91,0.95
1180.93,0.95
1180.95,0.95
1180.97,0.95
1180.99,0.95
1181.01,0.95
1181.03,0.95
1181.05,0.95
1181.07,0.95
1181.09,0.95
1181.11,0.95
1181.13,0.95
1181.15,0.95
1181.17,0.95
1181.19,0.95
1181.21,0.95
1181.23,0.95
1181.25,0.95
1181.27,0.95
1181.29,0.95
1181.31,0.95
1181.33,0.95
1181.35,0.95
1181.37,0.95
1181.39,0.95
1181.41,0.95
1181.43,0.95
1181.45,0.95
1181.47,0.95
1181.49,0.95
1181.51,0.95
1181.53,0.95
1181.55,0.95
1181.57,0.95
1181.59,0.95
1181.61,0.95
1181.63,0.95
1181.65,0.95
1181.67,0.95
1181.69,0.95
1181.71,0.95
1181.73,0.95
1181.75,0.95
1181.771,0.95
1181.791,0.95
1181.811,0.95
1181.831,0.95
1181.851,0.95
1181.871,0.95
1181.891,0.95
1181.911,0.95
1181.931,0.95
1181.951,0.95
1181.971,0.95
1181.991,0.95
1182.011,0.95
1182.031,0.95
1182.051,0.95
1182.071,0.95
1182.091,0.95
1182.111,0.95
1182.131,0.95
1182.151,0.95
1182.171,0.95
1182.191,0.955
1182.211,0.955
1182.231,0.955
1182.251,0.955
1182.271,0.955
1182.291,0.955
1182.311,0.955
1182.331,0.955
1182.351,0.955
1182.371,0.955
1182.391,0.955
1182.411,0.955
1182.431,0.955
1182.451,0.955
1182.471,0.955
1182.491,0.955
1182.511,0.955
1182.531,0.955
1182.551,0.955
1182.571,0.955
1182.591,0.955
1182.611,0.955
1182.631,0.955
1182.651,0.955
1182.671,0.955
1182.691,0.955
1182.711,0.955
1182.731,0.955
1182.751,0.955
1182.771,0.955
1182.792,0.955
1182.812,0.955
1182.832,0.955
1182.852,0.955
1182.872,0.955
1182.892,0.955
1182.912,0.955
1182.932,0.955
1182.952,0.955
1182.972,0.955
1182.992,0.955
1183.012,0.955
1183.032,0.955
1183.052,0.955
1183.072,0.955
1183.092,0.955
1183.112,0.955
1183.132,0.955
1183.152,0.955
1183.172,0.955
1183.192,0.955
1183.212,0.955
1183.232,0.955
1183.252,0.955
1183.272,0.955
1183.292,0.955
1183.312,0.955
1183.332,0.955
1183.352,0.955
1183.372,0.955
1183.392,0.955
1183.412,0.955
1183.432,0.955
1183.452,0.955
1183.472,0.955
1183.492,0.955
1183.512,0.955
1183.532,0.955
1183.552,0.955
1183.572,0.955
1183.592,0.955
1183.612,0.955
1183.632,0.955
1183.652,0.955
1183.672,0.955
1183.692,0.955
1183.712,0.955
1183.732,0.955
1183.752,0.955
1183.772,0.955
1183.792,0.955
1183.813,0.955
1183.833,0.955
1183.853,0.955
1183.873,0.96
1183.893,0.96
1183.913,0.96
1183.933,0.96
1183.953,0.96
1183.973,0.96
1183.993,0.96
1184.013,0.96
1184.033,0.96
1184.053,0.96
1184.073,0.96
1184.093,0.96
1184.113,0.96
1184.133,0.96
1184.153,0.96
1184.173,0.96
1184.193,0.96
1184.213,0.96
1184.233,0.96
1184.253,0.96
1184.273,0.96
1184.293,0.96
1184.313,0.96
1184.333,0.96
1184.353,0.96
1184.373,0.96
1184.393,0.96
1184.413,0.96
1184.433,0.96
1184.453,0.96
1184.473,0.96
1184.493,0.96
1184.513,0.96
1184.533,0.96
1184.553,0.96
1184.573,0.96
1184.593,0.96
1184.613,0.96
1184.633,0.96
1184.653,0.96
1184.673,0.96
1184.693,0.96
1184.713,0.96
1184.733,0.96
1184.753,0.96
1184.773,0.96
1184.793,0.96
1184.813,0.96
1184.833,0.96
1184.854,0.96
1184.874,0.96
1184.894,0.96
1184.914,0.96
1184.934,0.96
1184.954,0.96
1184.974,0.96
1184.994,0.96
1185.014,0.96
1185.034,0.96
1185.054,0.96
1185.074,0.96
1185.094,0.96
1185.114,0.96
1185.134,0.96
1185.154,0.96
1185.174,0.96
1185.194,0.96
1185.214,0.96
1185.234,0.96
1185.254,0.96
1185.274,0.96
1185.294,0.96
1185.314,0.96
1185.334,0.96
1185.354,0.96
1185.374,0.96
1185.394,0.96
1185.414,0.96
1185.434,0.96
1185.454,0.96
1185.474,0.96
1185.494,0.96
1185.514,0.96
1185.534,0.96
1185.554,0.96
1185.574,0.96
1185.594,0.96
1185.614,0.96
1185.634,0.96
1185.654,0.96
1185.674,0.96
1185.694,0.96
1185.714,0.96
1185.734,0.96
1185.754,0.96
1185.774,0.96
1185.794,0.96
1185.814,0.96
1185.834,0.96
1185.854,0.96
1185.875,0.96
1185.895,0.96
1185.915,0.96
1185.935,0.96
1185.955,0.96
1185.975,0.96
1185.995,0.96
1186.015,0.96
1186.035,0.96
1186.055,0.96
1186.075,0.96
1186.095,0.96
1186.115,0.96
1186.135,0.96
1186.155,0.96
1186.175,0.96
1186.195,0.96
1186.215,0.96
1186.235,0.96
1186.255,0.96
1186.275,0.96
1186.295,0.96
1186.315,0.96
1186.335,0.96
1186.355,0.96
1186.375,0.96
1186.395,0.96
1186.415,0.96
1186.435,0.96
1186.455,0.96
1186.475,0.96
1186.495,0.96
1186.515,0.96
1186.535,0.96
1186.555,0.96
1186.575,0.96
1186.595,0.96
1186.615,0.96
1186.635,0.96
1186.655,0.96
1186.675,0.96
1186.695,0.96
1186.715,0.96
1186.735,0.96
1186.755,0.96
1186.775,0.96
1186.795,0.96
1186.815,0.96
1186.835,0.96
1186.855,0.96
1186.875,0.96
1186.896,0.96
1186.916,0.96
1186.936,0.96
1186.956,0.96
1186.976,0.96
1186.996,0.96
1187.016,0.96
1187.036,0.96
1187.056,0.96
1187.076,0.96
1187.096,0.96
1187.116,0.96
1187.136,0.96
1187.156,0.96
1187.176,0.96
1187.196,0.96
1187.216,0.96
1187.236,0.96
1187.256,0.96
1187.276,0.96
1187.296,0.96
1187.316,0.96
1187.336,0.96
1187.356,0.96
1187.376,0.96
1187.396,0.96
1187.416,0.96
1187.436,0.96
1187.456,0.96
1187.476,0.96
1187.496,0.96
1187.516,0.96
1187.536,0.96
1187.556,0.96
1187.576,0.96
1187.596,0.96
1187.616,0.96
1187.636,0.96
1187.656,0.96
1187.676,0.96
1187.696,0.96
1187.716,0.96
1187.736,0.96
1187.756,0.96
1187.776,0.96
1187.796,0.96
1187.816,0.96
1187.836,0.96
1187.856,0.96
1187.876,0.96
1187.896,0.96
1187.917,0.96
1187.937,0.96
1187.957,0.96
1187.977,0.96
1187.997,0.96
1188.017,0.96
1188.037,0.96
1188.057,0.96
1188.077,0.96
1188.097,0.96
1188.117,0.96
1188.137,0.96
1188.157,0.96
1188.177,0.96
1188.197,0.96
1188.217,0.96
1188.237,0.96
1188.257,0.96
1188.277,0.96
1188.297,0.96
1188.317,0.96
1188.337,0.96
1188.357,0.96
1188.377,0.96
1188.397,0.96
1188.417,0.96
1188.437,0.96
1188.457,0.96
1188.477,0.96
1188.497,0.96
1188.517,0.96
1188.537,0.96
1188.557,0.96
1188.577,0.96
1188.597,0.96
1188.617,0.96
1188.637,0.96
1188.657,0.96
1188.677,0.96
1188.697,0.96
1188.717,0.96
1188.737,0.96
1188.757,0.96
1188.777,0.96
1188.797,0.96
1188.817,0.96
1188.837,0.96
1188.857,0.96
1188.877,0.96
1188.897,0.96
1188.917,0.96
1188.938,0.96
1188.958,0.96
1188.978,0.96
1188.998,0.96
1189.018,0.96
1189.038,0.96
1189.058,0.96
1189.078,0.96
1189.098,0.96
1189.118,0.96
1189.138,0.96
1189.158,0.96
1189.178,0.96
1189.198,0.96
1189.218,0.96
1189.238,0.96
1189.258,0.96
1189.278,0.96
1189.298,0.96
1189.318,0.96
1189.338,0.96
1189.358,0.96
1189.378,0.96
1189.398,0.96
1189.418,0.96
1189.438,0.96
1189.458,0.96
1189.478,0.96
1189.498,0.96
1189.518,0.96
1189.538,0.96
1189.558,0.96
1189.578,0.96
1189.598,0.96
1189.618,0.96
1189.638,0.96
1189.658,0.96
1189.678,0.96
1189.698,0.96
1189.718,0.96
1189.738,0.96
1189.758,0.96
1189.778,0.96
1189.798,0.96
1189.818,0.96
1189.838,0.96
1189.858,0.96
1189.878,0.96
1189.898,0.96
1189.918,0.96
1189.938,0.96
1189.958,0.96
1189.979,0.96
1189.999,0.96
1190.019,0.96
1190.039,0.96
1190.059,0.96
1190.079,0.96
1190.099,0.96
1190.119,0.96
1190.139,0.96
1190.159,0.96
1190.179,0.96
1190.199,0.96
1190.219,0.96
1190.239,0.96
1190.259,0.96
1190.279,0.96
1190.299,0.96
1190.319,0.96
1190.339,0.96
1190.359,0.96
1190.379,0.96
1190.399,0.96
1190.419,0.96
1190.439,0.96
1190.459,0.96
1190.479,0.96
1190.499,0.96
1190.519,0.96
1190.539,0.96
1190.559,0.96
1190.579,0.96
1190.599,0.96
1190.619,0.96
1190.639,0.96
1190.659,0.96
1190.679,0.96
1190.699,0.96
1190.719,0.96
1190.739,0.96
1190.759,0.96
1190.779,0.96
1190.799,0.96
1190.819,0.96
1190.839,0.96
1190.859,0.96
1190.879,0.96
1190.899,0.96
1190.919,0.96
1190.939,0.96
1190.959,0.96
1190.979,0.96
1191,0.96
1191.02,0.96
1191.04,0.96
1191.06,0.96
1191.08,0.96
1191.1,0.96
1191.12,0.96
1191.14,0.96
1191.16,0.96
1191.18,0.96
1191.2,0.96
1191.22,0.96
1191.24,0.96
1191.26,0.96
1191.28,0.96
1191.3,0.96
1191.32,0.96
1191.34,0.96
1191.36,0.96
1191.38,0.96
1191.4,0.96
1191.42,0.96
1191.44,0.96
1191.46,0.96
1191.48,0.96
1191.5,0.96
1191.52,0.96
1191.54,0.96
1191.56,0.96
1191.58,0.96
1191.6,0.96
1191.62,0.96
1191.64,0.96
1191.66,0.96
1191.68,0.96
1191.7,0.96
1191.72,0.96
1191.74,0.96
1191.76,0.96
1191.78,0.96
1191.8,0.96
1191.82,0.96
1191.84,0.96
1191.86,0.96
1191.88,0.96
1191.9,0.96
1191.92,0.96
1191.94,0.96
1191.96,0.96
1191.98,0.96
1192,0.96
1192.021,0.96
1192.041,0.96
1192.061,0.96
1192.081,0.96
1192.101,0.96
1192.121,0.96
1192.141,0.96
1192.161,0.96
1192.181,0.96
1192.201,0.965
1192.221,0.965
1192.241,0.965
1192.261,0.965
1192.281,0.965
1192.301,0.965
1192.321,0.965
1192.341,0.965
1192.361,0.965
1192.381,0.965
1192.401,0.965
1192.421,0.965
1192.441,0.965
1192.461,0.965
1192.481,0.965
1192.501,0.965
1192.521,0.965
1192.541,0.965
1192.561,0.965
1192.581,0.965
1192.601,0.965
1192.621,0.965
1192.641,0.965
1192.661,0.965
1192.681,0.965
1192.701,0.965
1192.721,0.965
1192.741,0.965
1192.761,0.965
1192.781,0.965
1192.801,0.965
1192.821,0.965
1192.841,0.965
1192.861,0.965
1192.881,0.965
1192.901,0.965
1192.921,0.965
1192.941,0.965
1192.961,0.965
1192.981,0.965
1193.001,0.965
1193.021,0.965
1193.042,0.965
1193.062,0.965
1193.082,0.965
1193.102,0.965
1193.122,0.965
1193.142,0.965
1193.162,0.965
1193.182,0.965
1193.202,0.965
1193.222,0.965
1193.242,0.965
1193.262,0.965
1193.282,0.965
1193.302,0.965
1193.322,0.965
1193.342,0.965
1193.362,0.965
1193.382,0.965
1193.402,0.965
1193.422,0.965
1193.442,0.965
1193.462,0.965
1193.482,0.965
1193.502,0.965
1193.522,0.965
1193.542,0.965
1193.562,0.965
1193.582,0.965
1193.602,0.965
1193.622,0.965
1193.642,0.965
1193.662,0.965
1193.682,0.965
1193.702,0.965
1193.722,0.965
1193.742,0.965
1193.762,0.965
1193.782,0.965
1193.802,0.965
1193.822,0.965
1193.842,0.965
1193.862,0.965
1193.882,0.965
1193.902,0.965
1193.922,0.965
1193.942,0.965
1193.962,0.965
1193.982,0.965
1194.002,0.965
1194.022,0.965
1194.042,0.965
1194.063,0.965
1194.083,0.965
1194.103,0.965
1194.123,0.965
1194.143,0.965
1194.163,0.965
1194.183,0.965
1194.203,0.965
1194.223,0.965
1194.243,0.965
1194.263,0.965
1194.283,0.965
1194.303,0.965
1194.323,0.965
1194.343,0.965
1194.363,0.965
1194.383,0.965
1194.403,0.965
1194.423,0.965
1194.443,0.965
1194.463,0.965
1194.483,0.965
1194.503,0.965
1194.523,0.965
1194.543,0.965
1194.563,0.965
1194.583,0.965
1194.603,0.965
1194.623,0.965
1194.643,0.965
1194.663,0.965
1194.683,0.965
1194.703,0.965
1194.723,0.965
1194.743,0.965
1194.763,0.965
1194.783,0.965
1194.803,0.965
1194.823,0.965
1194.843,0.965
1194.863,0.965
1194.883,0.965
1194.903,0.965
1194.923,0.965
1194.943,0.965
1194.963,0.965
1194.983,0.965
1195.003,0.965
1195.023,0.965
1195.043,0.965
1195.063,0.965
1195.083,0.965
1195.104,0.965
1195.124,0.965
1195.144,0.965
1195.164,0.965
1195.184,0.965
1195.204,0.965
1195.224,0.965
1195.244,0.965
1195.264,0.965
1195.284,0.965
1195.304,0.965
1195.324,0.965
1195.344,0.965
1195.364,0.965
1195.384,0.965
1195.404,0.965
1195.424,0.965
1195.444,0.965
1195.464,0.965
1195.484,0.965
1195.504,0.965
1195.524,0.965
1195.544,0.965
1195.564,0.965
1195.584,0.965
1195.604,0.965
1195.624,0.965
1195.644,0.965
1195.664,0.965
1195.684,0.965
1195.704,0.965
1195.724,0.965
1195.744,0.965
1195.764,0.965
1195.784,0.965
1195.804,0.965
1195.824,0.965
1195.844,0.965
1195.864,0.965
1195.884,0.965
1195.904,0.965
1195.924,0.965
1195.944,0.965
1195.964,0.965
1195.984,0.965
1196.004,0.965
1196.024,0.965
1196.044,0.965
1196.064,0.965
1196.084,0.965
1196.104,0.965
1196.125,0.965
1196.145,0.965
1196.165,0.965
1196.185,0.965
1196.205,0.965
1196.225,0.965
1196.245,0.965
1196.265,0.965
1196.285,0.965
1196.305,0.965
1196.325,0.965
1196.345,0.965
1196.365,0.965
1196.385,0.965
1196.405,0.965
1196.425,0.965
1196.445,0.965
1196.465,0.965
1196.485,0.965
1196.505,0.965
1196.525,0.965
1196.545,0.965
1196.565,0.965
1196.585,0.965
1196.605,0.965
1196.625,0.965
1196.645,0.965
1196.665,0.965
1196.685,0.965
1196.705,0.965
1196.725,0.965
1196.745,0.965
1196.765,0.965
1196.785,0.965
1196.805,0.965
1196.825,0.965
1196.845,0.965
1196.865,0.965
1196.885,0.97
1196.905,0.97
1196.925,0.97
1196.945,0.97
1196.965,0.97
1196.985,0.97
1197.005,0.97
1197.025,0.97
1197.045,0.97
1197.065,0.97
1197.085,0.97
1197.105,0.97
1197.125,0.97
1197.146,0.97
1197.166,0.97
1197.186,0.97
1197.206,0.97
1197.226,0.97
1197.246,0.97
1197.266,0.97
1197.286,0.97
1197.306,0.97
1197.326,0.97
1197.346,0.97
1197.366,0.97
1197.386,0.97
1197.406,0.97
1197.426,0.97
1197.446,0.97
1197.466,0.97
1197.486,0.97
1197.506,0.97
1197.526,0.97
1197.546,0.97
1197.566,0.97
1197.586,0.97
1197.606,0.97
1197.626,0.97
1197.646,0.97
1197.666,0.97
1197.686,0.97
1197.706,0.97
1197.726,0.97
1197.746,0.97
1197.766,0.97
1197.786,0.97
1197.806,0.97
1197.826,0.97
1197.846,0.97
1197.866,0.97
1197.886,0.97
1197.906,0.97
1197.926,0.97
1197.946,0.97
1197.966,0.97
1197.986,0.97
1198.006,0.97
1198.026,0.97
1198.046,0.97
1198.066,0.97
1198.086,0.97
1198.106,0.97
1198.126,0.97
1198.146,0.97
1198.167,0.97
1198.187,0.97
1198.207,0.97
1198.227,0.97
1198.247,0.97
1198.267,0.97
1198.287,0.97
1198.307,0.97
1198.327,0.97
1198.347,0.97
1198.367,0.97
1198.387,0.97
1198.407,0.97
1198.427,0.97
1198.447,0.97
1198.467,0.97
1198.487,0.97
1198.507,0.97
1198.527,0.97
1198.547,0.97
1198.567,0.97
1198.587,0.97
1198.607,0.97
1198.627,0.97
1198.647,0.97
1198.667,0.97
1198.687,0.97
1198.707,0.97
1198.727,0.97
1198.747,0.97
1198.767,0.97
1198.787,0.97
1198.807,0.97
1198.827,0.97
1198.847,0.97
1198.867,0.97
1198.887,0.97
1198.907,0.97
1198.927,0.97
1198.947,0.97
1198.967,0.97
1198.987,0.97
1199.007,0.97
1199.027,0.97
1199.047,0.97
1199.067,0.97
1199.087,0.97
1199.107,0.97
1199.127,0.97
1199.147,0.97
1199.167,0.97
1199.188,0.97
1199.208,0.97
1199.228,0.97
1199.248,0.97
1199.268,0.97
1199.288,0.97
1199.308,0.97
1199.328,0.97
1199.348,0.97
1199.368,0.97
1199.388,0.97
1199.408,0.97
1199.428,0.97
1199.448,0.97
1199.468,0.97
1199.488,0.97
1199.508,0.97
1199.528,0.97
1199.548,0.97
1199.568,0.97
1199.588,0.97
1199.608,0.97
1199.628,0.97
1199.648,0.97
1199.668,0.97
1199.688,0.97
1199.708,0.97
1199.728,0.97
1199.748,0.97
1199.768,0.97
1199.788,0.97
1199.808,0.97
1199.828,0.97
1199.848,0.97
1199.868,0.97
1199.888,0.97
1199.908,0.97
1199.928,0.97
1199.948,0.97
1199.968,0.97
1199.988,0.97
1200.008,0.97
1200.028,0.97
1200.048,0.97
1200.068,0.97
1200.088,0.97
1200.108,0.97
1200.128,0.97
1200.148,0.97
1200.168,0.97
1200.188,0.97
1200.208,0.97
1200.229,0.97
1200.249,0.97
1200.269,0.97
1200.289,0.97
1200.309,0.97
1200.329,0.97
1200.349,0.97
1200.369,0.97
1200.389,0.97
1200.409,0.97
1200.429,0.97
1200.449,0.97
1200.469,0.97
1200.489,0.97
1200.509,0.97
1200.529,0.97
1200.549,0.97
1200.569,0.97
1200.589,0.97
1200.609,0.97
1200.629,0.97
1200.649,0.97
1200.669,0.97
1200.689,0.97
1200.709,0.97
1200.729,0.97
1200.749,0.97
1200.769,0.97
1200.789,0.97
1200.809,0.97
1200.829,0.97
1200.849,0.97
1200.869,0.97
1200.889,0.97
1200.909,0.97
1200.929,0.97
1200.949,0.97
1200.969,0.97
1200.989,0.97
1201.009,0.97
1201.029,0.97
1201.049,0.97
1201.069,0.97
1201.089,0.97
1201.109,0.97
1201.129,0.97
1201.149,0.97
1201.169,0.97
1201.189,0.97
1201.209,0.97
1201.229,0.97
1201.25,0.97
1201.27,0.97
1201.29,0.97
1201.31,0.97
1201.33,0.97
1201.35,0.97
1201.37,0.97
1201.39,0.97
1201.41,0.97
1201.43,0.97
1201.45,0.97
1201.47,0.97
1201.49,0.97
1201.51,0.97
1201.53,0.97
1201.55,0.97
1201.57,0.97
1201.59,0.97
1201.61,0.97
1201.63,0.97
1201.65,0.97
1201.67,0.97
1201.69,0.97
1201.71,0.97
1201.73,0.97
1201.75,0.97
1201.77,0.97
1201.79,0.97
1201.81,0.97
1201.83,0.97
1201.85,0.97
1201.87,0.97
1201.89,0.97
1201.91,0.97
1201.93,0.97
1201.95,0.97
1201.97,0.97
1201.99,0.97
1202.01,0.97
1202.03,0.97
1202.05,0.97
1202.07,0.97
1202.09,0.97
1202.11,0.97
1202.13,0.97
1202.15,0.97
1202.17,0.97
1202.19,0.97
1202.21,0.97
1202.23,0.97
1202.25,0.97
1202.271,0.97
1202.291,0.97
1202.311,0.97
1202.331,0.97
1202.351,0.97
1202.371,0.97
1202.391,0.97
1202.411,0.97
1202.431,0.97
1202.451,0.97
1202.471,0.97
1202.491,0.97
1202.511,0.97
1202.531,0.97
1202.551,0.97
1202.571,0.97
1202.591,0.97
1202.611,0.97
1202.631,0.97
1202.651,0.97
1202.671,0.97
1202.691,0.97
1202.711,0.97
1202.731,0.97
1202.751,0.97
1202.771,0.97
1202.791,0.97
1202.811,0.97
1202.831,0.97
1202.851,0.97
1202.871,0.97
1202.891,0.97
1202.911,0.97
1202.931,0.97
1202.951,0.97
1202.971,0.97
1202.991,0.97
1203.011,0.97
1203.031,0.97
1203.051,0.97
1203.071,0.97
1203.091,0.97
1203.111,0.97
1203.131,0.97
1203.151,0.97
1203.171,0.97
1203.191,0.97
1203.211,0.97
1203.231,0.97
1203.251,0.97
1203.271,0.97
1203.292,0.97
1203.312,0.97
1203.332,0.97
1203.352,0.97
1203.372,0.97
1203.392,0.97
1203.412,0.97
1203.432,0.97
1203.452,0.97
1203.472,0.97
1203.492,0.97
1203.512,0.97
1203.532,0.97
1203.552,0.97
1203.572,0.97
1203.592,0.97
1203.612,0.97
1203.632,0.97
1203.652,0.97
1203.672,0.97
1203.692,0.97
1203.712,0.97
1203.732,0.97
1203.752,0.97
1203.772,0.97
1203.792,0.97
1203.812,0.97
1203.832,0.97
1203.852,0.97
1203.872,0.97
1203.892,0.97
1203.912,0.97
1203.932,0.97
1203.952,0.97
1203.972,0.97
1203.992,0.97
1204.012,0.97
1204.032,0.97
1204.052,0.97
1204.072,0.97
1204.092,0.97
1204.112,0.97
1204.132,0.97
1204.152,0.97
1204.172,0.97
1204.192,0.97
1204.212,0.97
1204.232,0.97
1204.252,0.97
1204.272,0.97
1204.292,0.97
1204.313,0.97
1204.333,0.97
1204.353,0.97
1204.373,0.97
1204.393,0.97
1204.413,0.97
1204.433,0.97
1204.453,0.97
1204.473,0.97
1204.493,0.97
1204.513,0.97
1204.533,0.97
1204.553,0.97
1204.573,0.97
1204.593,0.97
1204.613,0.97
1204.633,0.97
1204.653,0.97
1204.673,0.97
1204.693,0.97
1204.713,0.97
1204.733,0.97
1204.753,0.97
1204.773,0.97
1204.793,0.97
1204.813,0.97
1204.833,0.97
1204.853,0.97
1204.873,0.97
1204.893,0.97
1204.913,0.97
1204.933,0.97
1204.953,0.97
1204.973,0.97
1204.993,0.97
1205.013,0.97
1205.033,0.97
1205.053,0.97
1205.073,0.97
1205.093,0.97
1205.113,0.97
1205.133,0.97
1205.153,0.97
1205.173,0.97
1205.193,0.97
1205.213,0.97
1205.233,0.97
1205.253,0.97
1205.273,0.97
1205.293,0.97
1205.313,0.97
1205.333,0.97
1205.354,0.97
1205.374,0.97
1205.394,0.97
1205.414,0.97
1205.434,0.97
1205.454,0.97
1205.474,0.97
1205.494,0.97
1205.514,0.97
1205.534,0.97
1205.554,0.97
1205.574,0.97
1205.594,0.97
1205.614,0.97
1205.634,0.97
1205.654,0.97
1205.674,0.97
1205.694,0.97
1205.714,0.97
1205.734,0.97
1205.754,0.97
1205.774,0.97
1205.794,0.97
1205.814,0.97
1205.834,0.97
1205.854,0.97
1205.874,0.97
1205.894,0.97
1205.914,0.97
1205.934,0.97
1205.954,0.97
1205.974,0.97
1205.994,0.97
1206.014,0.97
1206.034,0.97
1206.054,0.97
1206.074,0.97
1206.094,0.97
1206.114,0.97
1206.134,0.97
1206.154,0.97
1206.174,0.97
1206.194,0.97
1206.214,0.97
1206.234,0.97
1206.254,0.97
1206.274,0.97
1206.294,0.97
1206.314,0.97
1206.334,0.97
1206.354,0.97
1206.375,0.97
1206.395,0.97
1206.415,0.97
1206.435,0.97
1206.455,0.97
1206.475,0.97
1206.495,0.97
1206.515,0.97
1206.535,0.97
1206.555,0.97
1206.575,0.97
1206.595,0.97
1206.615,0.97
1206.635,0.97
1206.655,0.97
1206.675,0.97
1206.695,0.97
1206.715,0.97
1206.735,0.97
1206.755,0.97
1206.775,0.97
1206.795,0.97
1206.815,0.97
1206.835,0.97
1206.855,0.97
1206.875,0.97
1206.895,0.97
1206.915,0.97
1206.935,0.97
1206.955,0.97
1206.975,0.97
1206.995,0.97
1207.015,0.97
1207.035,0.97
1207.055,0.97
1207.075,0.97
1207.095,0.97
1207.115,0.97
1207.135,0.97
1207.155,0.97
1207.175,0.97
1207.195,0.97
1207.215,0.97
1207.235,0.97
1207.255,0.97
1207.275,0.97
1207.295,0.97
1207.315,0.97
1207.335,0.97
1207.355,0.97
1207.375,0.97
1207.396,0.97
1207.416,0.97
1207.436,0.97
1207.456,0.97
1207.476,0.97
1207.496,0.97
1207.516,0.97
1207.536,0.97
1207.556,0.97
1207.576,0.97
1207.596,0.97
1207.616,0.97
1207.636,0.97
1207.656,0.97
1207.676,0.97
1207.696,0.97
1207.716,0.97
1207.736,0.97
1207.756,0.97
1207.776,0.97
1207.796,0.97
1207.816,0.97
1207.836,0.97
1207.856,0.97
1207.876,0.97
1207.896,0.97
1207.916,0.97
1207.936,0.97
1207.956,0.97
1207.976,0.97
1207.996,0.97
1208.016,0.97
1208.036,0.97
1208.056,0.97
1208.076,0.97
1208.096,0.97
1208.116,0.97
1208.136,0.97
1208.156,0.97
1208.176,0.97
1208.196,0.97
1208.216,0.97
1208.236,0.97
1208.256,0.97
1208.276,0.97
1208.296,0.97
1208.316,0.97
1208.336,0.97
1208.356,0.97
1208.376,0.97
1208.396,0.97
1208.417,0.97
1208.437,0.97
1208.457,0.97
1208.477,0.97
1208.497,0.97
1208.517,0.97
1208.537,0.97
1208.557,0.97
1208.577,0.97
1208.597,0.97
1208.617,0.97
1208.637,0.97
1208.657,0.97
1208.677,0.97
1208.697,0.97
1208.717,0.97
1208.737,0.97
1208.757,0.97
1208.777,0.97
1208.797,0.97
1208.817,0.97
1208.837,0.97
1208.857,0.97
1208.877,0.97
1208.897,0.97
1208.917,0.97
1208.937,0.97
1208.957,0.97
1208.977,0.97
1208.997,0.97
1209.017,0.97
1209.037,0.97
1209.057,0.97
1209.077,0.97
1209.097,0.97
1209.117,0.97
1209.137,0.97
1209.157,0.97
1209.177,0.97
1209.197,0.97
1209.217,0.97
1209.237,0.97
1209.257,0.97
1209.277,0.97
1209.297,0.97
1209.317,0.97
1209.337,0.97
1209.357,0.97
1209.377,0.97
1209.397,0.97
1209.417,0.97
1209.438,0.97
1209.458,0.97
1209.478,0.97
1209.498,0.97
1209.518,0.97
1209.538,0.97
1209.558,0.97
1209.578,0.97
1209.598,0.97
1209.618,0.97
1209.638,0.97
1209.658,0.97
1209.678,0.97
1209.698,0.97
1209.718,0.97
1209.738,0.97
1209.758,0.97
1209.778,0.97
1209.798,0.97
1209.818,0.97
1209.838,0.97
1209.858,0.97
1209.878,0.97
1209.898,0.97
1209.918,0.97
1209.938,0.97
1209.958,0.97
1209.978,0.97
1209.998,0.97
1210.018,0.97
1210.038,0.97
1210.058,0.97
1210.078,0.97
1210.098,0.97
1210.118,0.97
1210.138,0.97
1210.158,0.97
1210.178,0.97
1210.198,0.97
1210.218,0.97
1210.238,0.97
1210.258,0.97
1210.278,0.97
1210.298,0.97
1210.318,0.97
1210.338,0.97
1210.358,0.97
1210.378,0.97
1210.398,0.97
1210.418,0.97
1210.438,0.97
1210.458,0.97
1210.479,0.97
1210.499,0.97
1210.519,0.97
1210.539,0.97
1210.559,0.97
1210.579,0.97
1210.599,0.97
1210.619,0.97
1210.639,0.97
1210.659,0.97
1210.679,0.97
1210.699,0.97
1210.719,0.97
1210.739,0.97
1210.759,0.97
1210.779,0.97
1210.799,0.97
1210.819,0.97
1210.839,0.97
1210.859,0.97
1210.879,0.97
1210.899,0.97
1210.919,0.97
1210.939,0.97
1210.959,0.97
1210.979,0.97
1210.999,0.97
1211.019,0.97
1211.039,0.97
1211.059,0.97
1211.079,0.97
1211.099,0.97
1211.119,0.97
1211.139,0.97
1211.159,0.97
1211.179,0.97
1211.199,0.97
1211.219,0.97
1211.239,0.97
1211.259,0.97
1211.279,0.97
1211.299,0.97
1211.319,0.97
1211.339,0.97
1211.359,0.97
1211.379,0.97
1211.399,0.97
1211.419,0.97
1211.439,0.97
1211.459,0.97
1211.479,0.97
1211.5,0.97
1211.52,0.97
1211.54,0.97
1211.56,0.97
1211.58,0.97
1211.6,0.97
1211.62,0.97
1211.64,0.97
1211.66,0.97
1211.68,0.97
1211.7,0.97
1211.72,0.97
1211.74,0.97
1211.76,0.97
1211.78,0.97
1211.8,0.97
1211.82,0.97
1211.84,0.97
1211.86,0.97
1211.88,0.97
1211.9,0.97
1211.92,0.97
1211.94,0.97
1211.96,0.97
1211.98,0.97
1212,0.97
1212.02,0.97
1212.04,0.97
1212.06,0.97
1212.08,0.97
1212.1,0.97
1212.12,0.97
1212.14,0.97
1212.16,0.97
1212.18,0.97
1212.2,0.97
1212.22,0.97
1212.24,0.97
1212.26,0.97
1212.28,0.97
1212.3,0.97
1212.32,0.97
1212.34,0.97
1212.36,0.97
1212.38,0.97
1212.4,0.97
1212.42,0.97
1212.44,0.97
1212.46,0.97
1212.48,0.97
1212.5,0.97
1212.521,0.97
1212.541,0.97
1212.561,0.97
1212.581,0.97
1212.601,0.97
1212.621,0.97
1212.641,0.97
1212.661,0.97
1212.681,0.97
1212.701,0.97
1212.721,0.97
1212.741,0.97
1212.761,0.97
1212.781,0.97
1212.801,0.97
1212.821,0.97
1212.841,0.97
1212.861,0.97
1212.881,0.97
1212.901,0.97
1212.921,0.97
1212.941,0.97
1212.961,0.97
1212.981,0.97
1213.001,0.97
1213.021,0.97
1213.041,0.97
1213.061,0.97
1213.081,0.97
1213.101,0.97
1213.121,0.97
1213.141,0.97
1213.161,0.97
1213.181,0.97
1213.201,0.97
1213.221,0.97
1213.241,0.97
1213.261,0.97
1213.281,0.97
1213.301,0.97
1213.321,0.97
1213.341,0.97
1213.361,0.97
1213.381,0.97
1213.401,0.97
1213.421,0.97
1213.441,0.97
1213.461,0.97
1213.481,0.97
1213.501,0.97
1213.521,0.97
1213.542,0.97
1213.562,0.97
1213.582,0.97
1213.602,0.97
1213.622,0.97
1213.642,0.97
1213.662,0.97
1213.682,0.97
1213.702,0.97
1213.722,0.97
1213.742,0.97
1213.762,0.97
1213.782,0.97
1213.802,0.97
1213.822,0.97
1213.842,0.97
1213.862,0.97
1213.882,0.97
1213.902,0.97
1213.922,0.97
1213.942,0.97
1213.962,0.97
1213.982,0.97
1214.002,0.97
1214.022,0.97
1214.042,0.97
1214.062,0.97
1214.082,0.97
1214.102,0.97
1214.122,0.97
1214.142,0.97
1214.162,0.97
1214.182,0.97
1214.202,0.97
1214.222,0.97
1214.242,0.97
1214.262,0.97
1214.282,0.97
1214.302,0.97
1214.322,0.97
1214.342,0.97
1214.362,0.97
1214.382,0.97
1214.402,0.97
1214.422,0.97
1214.442,0.97
1214.462,0.97
1214.482,0.97
1214.502,0.97
1214.522,0.97
1214.542,0.97
1214.563,0.97
1214.583,0.97
1214.603,0.97
1214.623,0.97
1214.643,0.97
1214.663,0.97
1214.683,0.97
1214.703,0.97
1214.723,0.97
1214.743,0.97
1214.763,0.97
1214.783,0.97
1214.803,0.97
1214.823,0.97
1214.843,0.97
1214.863,0.97
1214.883,0.97
1214.903,0.97
1214.923,0.97
1214.943,0.97
1214.963,0.97
1214.983,0.97
1215.003,0.97
1215.023,0.97
1215.043,0.97
1215.063,0.97
1215.083,0.97
1215.103,0.97
1215.123,0.97
1215.143,0.97
1215.163,0.97
1215.183,0.97
1215.203,0.97
1215.223,0.97
1215.243,0.97
1215.263,0.97
1215.283,0.97
1215.303,0.97
1215.323,0.97
1215.343,0.97
1215.363,0.97
1215.383,0.97
1215.403,0.97
1215.423,0.97
1215.443,0.97
1215.463,0.97
1215.483,0.97
1215.503,0.97
1215.523,0.97
1215.543,0.97
1215.563,0.97
1215.583,0.97
1215.604,0.97
1215.624,0.97
1215.644,0.97
1215.664,0.97
1215.684,0.97
1215.704,0.97
1215.724,0.97
1215.744,0.97
1215.764,0.97
1215.784,0.97
1215.804,0.97
1215.824,0.97
1215.844,0.97
1215.864,0.97
1215.884,0.97
1215.904,0.97
1215.924,0.97
1215.944,0.97
1215.964,0.97
1215.984,0.97
1216.004,0.97
1216.024,0.97
1216.044,0.97
1216.064,0.97
1216.084,0.97
1216.104,0.97
1216.124,0.97
1216.144,0.97
1216.164,0.97
1216.184,0.97
1216.204,0.97
1216.224,0.97
1216.244,0.97
1216.264,0.97
1216.284,0.97
1216.304,0.97
1216.324,0.97
1216.344,0.97
1216.364,0.97
1216.384,0.97
1216.404,0.97
1216.424,0.97
1216.444,0.97
1216.464,0.97
1216.484,0.97
1216.504,0.97
1216.524,0.97
1216.544,0.97
1216.564,0.97
1216.584,0.97
1216.604,0.97
1216.625,0.97
1216.645,0.97
1216.665,0.97
1216.685,0.97
1216.705,0.97
1216.725,0.97
1216.745,0.97
1216.765,0.97
1216.785,0.97
1216.805,0.97
1216.825,0.97
1216.845,0.97
1216.865,0.97
1216.885,0.97
1216.905,0.97
1216.925,0.97
1216.945,0.97
1216.965,0.97
1216.985,0.97
1217.005,0.97
1217.025,0.97
1217.045,0.97
1217.065,0.97
1217.085,0.97
1217.105,0.97
1217.125,0.97
1217.145,0.97
1217.165,0.97
1217.185,0.97
1217.205,0.97
1217.225,0.97
1217.245,0.97
1217.265,0.97
1217.285,0.97
1217.305,0.97
1217.325,0.97
1217.345,0.97
1217.365,0.97
1217.385,0.97
1217.405,0.97
1217.425,0.97
1217.445,0.97
1217.465,0.97
1217.485,0.97
1217.505,0.97
1217.525,0.97
1217.545,0.97
1217.565,0.97
1217.585,0.97
1217.605,0.97
1217.625,0.97
1217.646,0.97
1217.666,0.97
1217.686,0.97
1217.706,0.97
1217.726,0.97
1217.746,0.97
1217.766,0.97
1217.786,0.97
1217.806,0.97
1217.826,0.97
1217.846,0.97
1217.866,0.97
1217.886,0.97
1217.906,0.97
1217.926,0.97
1217.946,0.97
1217.966,0.97
1217.986,0.97
1218.006,0.97
1218.026,0.97
1218.046,0.97
1218.066,0.97
1218.086,0.97
1218.106,0.97
1218.126,0.97
1218.146,0.97
1218.166,0.97
1218.186,0.97
1218.206,0.97
1218.226,0.97
1218.246,0.97
1218.266,0.97
1218.286,0.97
1218.306,0.97
1218.326,0.97
1218.346,0.97
1218.366,0.97
1218.386,0.97
1218.406,0.97
1218.426,0.97
1218.446,0.97
1218.466,0.97
1218.486,0.97
1218.506,0.97
1218.526,0.97
1218.546,0.97
1218.566,0.97
1218.586,0.97
1218.606,0.97
1218.626,0.97
1218.646,0.97
1218.667,0.97
1218.687,0.97
1218.707,0.97
1218.727,0.97
1218.747,0.97
1218.767,0.97
1218.787,0.97
1218.807,0.97
1218.827,0.97
1218.847,0.97
1218.867,0.97
1218.887,0.97
1218.907,0.97
1218.927,0.97
1218.947,0.97
1218.967,0.97
1218.987,0.97
1219.007,0.97
1219.027,0.97
1219.047,0.97
1219.067,0.97
1219.087,0.97
1219.107,0.97
1219.127,0.97
1219.147,0.97
1219.167,0.97
1219.187,0.97
1219.207,0.97
1219.227,0.97
1219.247,0.97
1219.267,0.97
1219.287,0.97
1219.307,0.97
1219.327,0.97
1219.347,0.97
1219.367,0.97
1219.387,0.97
1219.407,0.97
1219.427,0.97
1219.447,0.97
1219.467,0.97
1219.487,0.97
1219.507,0.97
1219.527,0.97
1219.547,0.97
1219.567,0.97
1219.587,0.97
1219.607,0.97
1219.627,0.97
1219.647,0.97
1219.667,0.97
1219.688,0.97
1219.708,0.97
1219.728,0.97
1219.748,0.97
1219.768,0.97
1219.788,0.97
1219.808,0.97
1219.828,0.97
1219.848,0.97
1219.868,0.97
1219.888,0.97
1219.908,0.97
1219.928,0.97
1219.948,0.97
1219.968,0.97
1219.988,0.97
1220.008,0.97
1220.028,0.97
1220.048,0.97
1220.068,0.97
1220.088,0.97
1220.108,0.97
1220.128,0.97
1220.148,0.97
1220.168,0.97
1220.188,0.97
1220.208,0.97
1220.228,0.97
1220.248,0.97
1220.268,0.97
1220.288,0.97
1220.308,0.97
1220.328,0.97
1220.348,0.97
1220.368,0.97
1220.388,0.97
1220.408,0.97
1220.428,0.97
1220.448,0.97
1220.468,0.97
1220.488,0.97
1220.508,0.97
1220.528,0.97
1220.548,0.97
1220.568,0.97
1220.588,0.97
1220.608,0.97
1220.628,0.97
1220.648,0.97
1220.668,0.97
1220.688,0.97
1220.708,0.97
1220.729,0.97
1220.749,0.97
1220.769,0.97
1220.789,0.97
1220.809,0.97
1220.829,0.97
1220.849,0.97
1220.869,0.97
1220.889,0.97
1220.909,0.97
1220.929,0.97
1220.949,0.97
1220.969,0.97
1220.989,0.97
1221.009,0.97
1221.029,0.97
1221.049,0.97
1221.069,0.97
1221.089,0.97
1221.109,0.97
1221.129,0.97
1221.149,0.97
1221.169,0.97
1221.189,0.97
1221.209,0.97
1221.229,0.97
1221.249,0.97
1221.269,0.97
1221.289,0.97
1221.309,0.97
1221.329,0.97
1221.349,0.97
1221.369,0.97
1221.389,0.97
1221.409,0.97
1221.429,0.97
1221.449,0.97
1221.469,0.97
1221.489,0.97
1221.509,0.97
1221.529,0.97
1221.549,0.97
1221.569,0.97
1221.589,0.97
1221.609,0.97
1221.629,0.97
1221.649,0.97
1221.669,0.97
1221.689,0.97
1221.709,0.97
1221.729,0.97
1221.75,0.97
1221.77,0.97
1221.79,0.97
1221.81,0.97
1221.83,0.97
1221.85,0.97
1221.87,0.97
1221.89,0.97
1221.91,0.97
1221.93,0.97
1221.95,0.97
1221.97,0.97
1221.99,0.97
1222.01,0.97
1222.03,0.97
1222.05,0.97
1222.07,0.97
1222.09,0.97
1222.11,0.97
1222.13,0.97
1222.15,0.97
1222.17,0.97
1222.19,0.97
1222.21,0.97
1222.23,0.97
1222.25,0.97
1222.27,0.97
1222.29,0.97
1222.31,0.97
1222.33,0.97
1222.35,0.97
1222.37,0.97
1222.39,0.97
1222.41,0.97
1222.43,0.97
1222.45,0.97
1222.47,0.97
1222.49,0.97
1222.51,0.97
1222.53,0.97
1222.55,0.97
1222.57,0.97
1222.59,0.97
1222.61,0.97
1222.63,0.97
1222.65,0.97
1222.67,0.97
1222.69,0.97
1222.71,0.97
1222.73,0.97
1222.75,0.97
1222.771,0.97
1222.791,0.97
1222.811,0.97
1222.831,0.97
1222.851,0.97
1222.871,0.97
1222.891,0.97
1222.911,0.97
1222.931,0.97
1222.951,0.97
1222.971,0.97
1222.991,0.97
1223.011,0.97
1223.031,0.97
1223.051,0.97
1223.071,0.97
1223.091,0.97
1223.111,0.97
1223.131,0.97
1223.151,0.97
1223.171,0.97
1223.191,0.97
1223.211,0.97
1223.231,0.97
1223.251,0.97
1223.271,0.97
1223.291,0.97
1223.311,0.97
1223.331,0.97
1223.351,0.97
1223.371,0.97
1223.391,0.97
1223.411,0.97
1223.431,0.97
1223.451,0.97
1223.471,0.97
1223.491,0.97
1223.511,0.97
1223.531,0.97
1223.551,0.97
1223.571,0.97
1223.591,0.97
1223.611,0.97
1223.631,0.97
1223.651,0.97
1223.671,0.97
1223.691,0.97
1223.711,0.97
1223.731,0.97
1223.751,0.97
1223.771,0.97
1223.792,0.97
1223.812,0.97
1223.832,0.97
1223.852,0.97
1223.872,0.97
1223.892,0.97
1223.912,0.97
1223.932,0.97
1223.952,0.97
1223.972,0.97
1223.992,0.97
1224.012,0.97
1224.032,0.97
1224.052,0.97
1224.072,0.97
1224.092,0.97
1224.112,0.97
1224.132,0.97
1224.152,0.97
1224.172,0.97
1224.192,0.97
1224.212,0.97
1224.232,0.97
1224.252,0.97
1224.272,0.97
1224.292,0.97
1224.312,0.97
1224.332,0.97
1224.352,0.97
1224.372,0.97
1224.392,0.97
1224.412,0.97
1224.432,0.97
1224.452,0.97
1224.472,0.97
1224.492,0.97
1224.512,0.97
1224.532,0.97
1224.552,0.97
1224.572,0.97
1224.592,0.97
1224.612,0.97
1224.632,0.97
1224.652,0.97
1224.672,0.97
1224.692,0.97
1224.712,0.97
1224.732,0.97
1224.752,0.97
1224.772,0.97
1224.792,0.97
1224.813,0.97
1224.833,0.97
1224.853,0.97
1224.873,0.97
1224.893,0.97
1224.913,0.97
1224.933,0.97
1224.953,0.97
1224.973,0.97
1224.993,0.97
1225.013,0.97
1225.033,0.97
1225.053,0.97
1225.073,0.97
1225.093,0.97
1225.113,0.97
1225.133,0.97
1225.153,0.97
1225.173,0.97
1225.193,0.97
1225.213,0.97
1225.233,0.97
1225.253,0.97
1225.273,0.97
1225.293,0.97
1225.313,0.97
1225.333,0.97
1225.353,0.97
1225.373,0.97
1225.393,0.97
1225.413,0.97
1225.433,0.97
1225.453,0.97
1225.473,0.97
1225.493,0.97
1225.513,0.97
1225.533,0.97
1225.553,0.97
1225.573,0.97
1225.593,0.97
1225.613,0.97
1225.633,0.97
1225.653,0.97
1225.673,0.97
1225.693,0.97
1225.713,0.97
1225.733,0.97
1225.753,0.97
1225.773,0.97
1225.793,0.97
1225.813,0.97
1225.833,0.97
1225.854,0.97
1225.874,0.97
1225.894,0.97
1225.914,0.97
1225.934,0.97
1225.954,0.97
1225.974,0.97
1225.994,0.97
1226.014,0.97
1226.034,0.97
1226.054,0.97
1226.074,0.97
1226.094,0.97
1226.114,0.97
1226.134,0.97
1226.154,0.97
1226.174,0.97
1226.194,0.97
1226.214,0.97
1226.234,0.97
1226.254,0.97
1226.274,0.97
1226.294,0.97
1226.314,0.97
1226.334,0.97
1226.354,0.97
1226.374,0.97
1226.394,0.97
1226.414,0.97
1226.434,0.97
1226.454,0.97
1226.474,0.97
1226.494,0.97
1226.514,0.97
1226.534,0.97
1226.554,0.97
1226.574,0.97
1226.594,0.97
1226.614,0.97
1226.634,0.97
1226.654,0.97
1226.674,0.97
1226.694,0.97
1226.714,0.97
1226.734,0.97
1226.754,0.97
1226.774,0.97
1226.794,0.97
1226.814,0.97
1226.834,0.97
1226.854,0.97
1226.875,0.97
1226.895,0.97
1226.915,0.97
1226.935,0.97
1226.955,0.97
1226.975,0.97
1226.995,0.97
1227.015,0.97
1227.035,0.97
1227.055,0.97
1227.075,0.97
1227.095,0.97
1227.115,0.97
1227.135,0.97
1227.155,0.97
1227.175,0.97
1227.195,0.97
1227.215,0.97
1227.235,0.97
1227.255,0.97
1227.275,0.97
1227.295,0.97
1227.315,0.97
1227.335,0.97
1227.355,0.97
1227.375,0.97
1227.395,0.97
1227.415,0.97
1227.435,0.97
1227.455,0.97
1227.475,0.97
1227.495,0.97
1227.515,0.97
1227.535,0.97
1227.555,0.97
1227.575,0.97
1227.595,0.97
1227.615,0.97
1227.635,0.97
1227.655,0.97
1227.675,0.97
1227.695,0.97
1227.715,0.97
1227.735,0.97
1227.755,0.97
1227.775,0.97
1227.795,0.97
1227.815,0.97
1227.835,0.97
1227.855,0.97
1227.875,0.97
1227.896,0.97
1227.916,0.97
1227.936,0.97
1227.956,0.97
1227.976,0.97
1227.996,0.97
1228.016,0.97
1228.036,0.97
1228.056,0.97
1228.076,0.97
1228.096,0.97
1228.116,0.97
1228.136,0.97
1228.156,0.97
1228.176,0.97
1228.196,0.97
1228.216,0.97
1228.236,0.97
1228.256,0.97
1228.276,0.97
1228.296,0.97
1228.316,0.97
1228.336,0.97
1228.356,0.97
1228.376,0.97
1228.396,0.97
1228.416,0.97
1228.436,0.97
1228.456,0.97
1228.476,0.97
1228.496,0.97
1228.516,0.97
1228.536,0.97
1228.556,0.97
1228.576,0.97
1228.596,0.97
1228.616,0.97
1228.636,0.97
1228.656,0.97
1228.676,0.97
1228.696,0.97
1228.716,0.97
1228.736,0.97
1228.756,0.97
1228.776,0.97
1228.796,0.97
1228.816,0.97
1228.836,0.97
1228.856,0.97
1228.876,0.97
1228.896,0.97
1228.917,0.97
1228.937,0.97
1228.957,0.97
1228.977,0.97
1228.997,0.97
1229.017,0.97
1229.037,0.97
1229.057,0.97
1229.077,0.97
1229.097,0.97
1229.117,0.97
1229.137,0.97
1229.157,0.97
1229.177,0.97
1229.197,0.97
1229.217,0.97
1229.237,0.97
1229.257,0.97
1229.277,0.97
1229.297,0.97
1229.317,0.97
1229.337,0.97
1229.357,0.97
1229.377,0.97
1229.397,0.97
1229.417,0.97
1229.437,0.97
1229.457,0.97
1229.477,0.97
1229.497,0.97
1229.517,0.97
1229.537,0.97
1229.557,0.97
1229.577,0.97
1229.597,0.97
1229.617,0.97
1229.637,0.97
1229.657,0.97
1229.677,0.97
1229.697,0.97
1229.717,0.97
1229.737,0.97
1229.757,0.97
1229.777,0.97
1229.797,0.97
1229.817,0.97
1229.837,0.97
1229.857,0.97
1229.877,0.97
1229.897,0.97
1229.917,0.97
1229.938,0.97
1229.958,0.97
1229.978,0.97
1229.998,0.97
1230.018,0.97
1230.038,0.97
1230.058,0.97
1230.078,0.97
1230.098,0.97
1230.118,0.97
1230.138,0.97
1230.158,0.97
1230.178,0.97
1230.198,0.97
1230.218,0.97
1230.238,0.97
1230.258,0.97
1230.278,0.97
1230.298,0.97
1230.318,0.97
1230.338,0.97
1230.358,0.97
1230.378,0.97
1230.398,0.97
1230.418,0.97
1230.438,0.97
1230.458,0.97
1230.478,0.97
1230.498,0.97
1230.518,0.97
1230.538,0.97
1230.558,0.97
1230.578,0.97
1230.598,0.97
1230.618,0.97
1230.638,0.97
1230.658,0.97
1230.678,0.97
1230.698,0.97
1230.718,0.97
1230.738,0.97
1230.758,0.97
1230.778,0.97
1230.798,0.97
1230.818,0.97
1230.838,0.97
1230.858,0.97
1230.878,0.97
1230.898,0.97
1230.918,0.97
1230.938,0.97
1230.958,0.97
1230.979,0.97
1230.999,0.97
1231.019,0.97
1231.039,0.97
1231.059,0.97
1231.079,0.97
1231.099,0.97
1231.119,0.97
1231.139,0.97
1231.159,0.97
1231.179,0.97
1231.199,0.97
1231.219,0.97
1231.239,0.97
1231.259,0.97
1231.279,0.97
1231.299,0.97
1231.319,0.97
1231.339,0.97
1231.359,0.97
1231.379,0.97
1231.399,0.97
1231.419,0.97
1231.439,0.97
1231.459,0.97
1231.479,0.97
1231.499,0.97
1231.519,0.97
1231.539,0.97
1231.559,0.97
1231.579,0.97
1231.599,0.97
1231.619,0.97
1231.639,0.97
1231.659,0.97
1231.679,0.97
1231.699,0.97
1231.719,0.97
1231.739,0.97
1231.759,0.97
1231.779,0.97
1231.799,0.97
1231.819,0.97
1231.839,0.97
1231.859,0.97
1231.879,0.97
1231.899,0.97
1231.919,0.97
1231.939,0.97
1231.959,0.97
1231.979,0.97
1232,0.97
1232.02,0.97
1232.04,0.97
1232.06,0.97
1232.08,0.97
1232.1,0.97
1232.12,0.97
1232.14,0.97
1232.16,0.97
1232.18,0.97
1232.2,0.97
1232.22,0.97
1232.24,0.97
1232.26,0.97
1232.28,0.97
1232.3,0.97
1232.32,0.97
1232.34,0.97
1232.36,0.97
1232.38,0.97
1232.4,0.97
1232.42,0.97
1232.44,0.97
1232.46,0.97
1232.48,0.97
1232.5,0.97
1232.52,0.97
1232.54,0.97
1232.56,0.97
1232.58,0.97
1232.6,0.97
1232.62,0.97
1232.64,0.97
1232.66,0.97
1232.68,0.97
1232.7,0.97
1232.72,0.97
1232.74,0.97
1232.76,0.97
1232.78,0.97
1232.8,0.97
1232.82,0.97
1232.84,0.97
1232.86,0.97
1232.88,0.97
1232.9,0.97
1232.92,0.97
1232.94,0.97
1232.96,0.97
1232.98,0.97
1233,0.97
1233.021,0.97
1233.041,0.97
1233.061,0.97
1233.081,0.97
1233.101,0.97
1233.121,0.97
1233.141,0.97
1233.161,0.97
1233.181,0.97
1233.201,0.97
1233.221,0.97
1233.241,0.97
1233.261,0.97
1233.281,0.97
1233.301,0.97
1233.321,0.97
1233.341,0.97
1233.361,0.97
1233.381,0.97
1233.401,0.97
1233.421,0.97
1233.441,0.97
1233.461,0.97
1233.481,0.97
1233.501,0.97
1233.521,0.97
1233.541,0.97
1233.561,0.97
1233.581,0.97
1233.601,0.97
1233.621,0.97
1233.641,0.97
1233.661,0.97
1233.681,0.97
1233.701,0.97
1233.721,0.97
1233.741,0.97
1233.761,0.97
1233.781,0.97
1233.801,0.97
1233.821,0.97
1233.841,0.97
1233.861,0.97
1233.881,0.97
1233.901,0.97
1233.921,0.97
1233.941,0.97
1233.961,0.97
1233.981,0.97
1234.001,0.97
1234.021,0.97
1234.042,0.97
1234.062,0.97
1234.082,0.97
1234.102,0.97
1234.122,0.97
1234.142,0.97
1234.162,0.97
1234.182,0.97
1234.202,0.97
1234.222,0.97
1234.242,0.97
1234.262,0.97
1234.282,0.97
1234.302,0.97
1234.322,0.97
1234.342,0.97
1234.362,0.97
1234.382,0.97
1234.402,0.97
1234.422,0.97
1234.442,0.97
1234.462,0.97
1234.482,0.97
1234.502,0.97
1234.522,0.97
1234.542,0.97
1234.562,0.97
1234.582,0.97
1234.602,0.97
1234.622,0.97
1234.642,0.97
1234.662,0.97
1234.682,0.97
1234.702,0.97
1234.722,0.97
1234.742,0.97
1234.762,0.97
1234.782,0.97
1234.802,0.97
1234.822,0.97
1234.842,0.97
1234.862,0.97
1234.882,0.97
1234.902,0.97
1234.922,0.97
1234.942,0.97
1234.962,0.97
1234.982,0.97
1235.002,0.97
1235.022,0.97
1235.042,0.97
1235.063,0.97
1235.083,0.97
1235.103,0.97
1235.123,0.97
1235.143,0.97
1235.163,0.97
1235.183,0.97
1235.203,0.97
1235.223,0.97
1235.243,0.97
1235.263,0.97
1235.283,0.97
1235.303,0.97
1235.323,0.97
1235.343,0.97
1235.363,0.97
1235.383,0.97
1235.403,0.97
1235.423,0.97
1235.443,0.97
1235.463,0.97
1235.483,0.97
1235.503,0.97
1235.523,0.97
1235.543,0.97
1235.563,0.97
1235.583,0.97
1235.603,0.97
1235.623,0.97
1235.643,0.97
1235.663,0.97
1235.683,0.97
1235.703,0.97
1235.723,0.97
1235.743,0.97
1235.763,0.97
1235.783,0.97
1235.803,0.97
1235.823,0.97
1235.843,0.97
1235.863,0.97
1235.883,0.97
1235.903,0.97
1235.923,0.97
1235.943,0.97
1235.963,0.97
1235.983,0.97
1236.003,0.97
1236.023,0.97
1236.043,0.97
1236.063,0.97
1236.083,0.97
1236.104,0.97
1236.124,0.97
1236.144,0.97
1236.164,0.97
1236.184,0.97
1236.204,0.97
1236.224,0.97
1236.244,0.97
1236.264,0.97
1236.284,0.97
1236.304,0.97
1236.324,0.97
1236.344,0.97
1236.364,0.97
1236.384,0.97
1236.404,0.97
1236.424,0.97
1236.444,0.97
1236.464,0.97
1236.484,0.97
1236.504,0.97
1236.524,0.97
1236.544,0.97
1236.564,0.97
1236.584,0.97
1236.604,0.97
1236.624,0.97
1236.644,0.97
1236.664,0.97
1236.684,0.97
1236.704,0.97
1236.724,0.97
1236.744,0.97
1236.764,0.97
1236.784,0.97
1236.804,0.97
1236.824,0.97
1236.844,0.97
1236.864,0.97
1236.884,0.97
1236.904,0.97
1236.924,0.97
1236.944,0.97
1236.964,0.97
1236.984,0.97
1237.004,0.97
1237.024,0.97
1237.044,0.97
1237.064,0.97
1237.084,0.97
1237.104,0.97
1237.125,0.97
1237.145,0.97
1237.165,0.97
1237.185,0.97
1237.205,0.97
1237.225,0.97
1237.245,0.97
1237.265,0.97
1237.285,0.97
1237.305,0.97
1237.325,0.97
1237.345,0.97
1237.365,0.97
1237.385,0.97
1237.405,0.97
1237.425,0.97
1237.445,0.97
1237.465,0.97
1237.485,0.97
1237.505,0.97
1237.525,0.97
1237.545,0.97
1237.565,0.97
1237.585,0.97
1237.605,0.97
1237.625,0.97
1237.645,0.97
1237.665,0.97
1237.685,0.97
1237.705,0.97
1237.725,0.97
1237.745,0.97
1237.765,0.97
1237.785,0.97
1237.805,0.97
1237.825,0.97
1237.845,0.97
1237.865,0.97
1237.885,0.97
1237.905,0.97
1237.925,0.97
1237.945,0.97
1237.965,0.97
1237.985,0.97
1238.005,0.97
1238.025,0.97
1238.045,0.97
1238.065,0.97
1238.085,0.97
1238.105,0.97
1238.125,0.97
1238.146,0.97
1238.166,0.97
1238.186,0.97
1238.206,0.97
1238.226,0.97
1238.246,0.97
1238.266,0.97
1238.286,0.97
1238.306,0.97
1238.326,0.97
1238.346,0.97
1238.366,0.97
1238.386,0.97
1238.406,0.97
1238.426,0.97
1238.446,0.97
1238.466,0.97
1238.486,0.97
1238.506,0.97
1238.526,0.97
1238.546,0.97
1238.566,0.97
1238.586,0.97
1238.606,0.97
1238.626,0.97
1238.646,0.97
1238.666,0.97
1238.686,0.97
1238.706,0.97
1238.726,0.97
1238.746,0.97
1238.766,0.97
1238.786,0.97
1238.806,0.97
1238.826,0.97
1238.846,0.97
1238.866,0.97
1238.886,0.97
1238.906,0.97
1238.926,0.97
1238.946,0.97
1238.966,0.97
1238.986,0.97
1239.006,0.97
1239.026,0.97
1239.046,0.97
1239.066,0.97
1239.086,0.97
1239.106,0.97
1239.126,0.97
1239.146,0.97
1239.167,0.97
1239.187,0.97
1239.207,0.97
1239.227,0.97
1239.247,0.97
1239.267,0.97
1239.287,0.97
1239.307,0.97
1239.327,0.97
1239.347,0.97
1239.367,0.97
1239.387,0.97
1239.407,0.97
1239.427,0.97
1239.447,0.97
1239.467,0.97
1239.487,0.97
1239.507,0.97
1239.527,0.97
1239.547,0.97
1239.567,0.97
1239.587,0.97
1239.607,0.97
1239.627,0.97
1239.647,0.97
1239.667,0.97
1239.687,0.97
1239.707,0.97
1239.727,0.97
1239.747,0.97
1239.767,0.97
1239.787,0.97
1239.807,0.97
1239.827,0.97
1239.847,0.97
1239.867,0.97
1239.887,0.97
1239.907,0.97
1239.927,0.97
1239.947,0.97
1239.967,0.97
1239.987,0.97
1240.007,0.97
1240.027,0.97
1240.047,0.97
1240.067,0.97
1240.087,0.97
1240.107,0.97
1240.127,0.97
1240.147,0.97
1240.167,0.97
1240.188,0.97
1240.208,0.97
1240.228,0.97
1240.248,0.97
1240.268,0.97
1240.288,0.97
1240.308,0.97
1240.328,0.97
1240.348,0.97
1240.368,0.97
1240.388,0.97
1240.408,0.97
1240.428,0.97
1240.448,0.97
1240.468,0.97
1240.488,0.97
1240.508,0.97
1240.528,0.97
1240.548,0.97
1240.568,0.97
1240.588,0.97
1240.608,0.97
1240.628,0.97
1240.648,0.97
1240.668,0.97
1240.688,0.97
1240.708,0.97
1240.728,0.97
1240.748,0.97
1240.768,0.97
1240.788,0.97
1240.808,0.97
1240.828,0.97
1240.848,0.97
1240.868,0.97
1240.888,0.97
1240.908,0.97
1240.928,0.97
1240.948,0.97
1240.968,0.97
1240.988,0.97
1241.008,0.97
1241.028,0.97
1241.048,0.97
1241.068,0.97
1241.088,0.97
1241.108,0.97
1241.128,0.97
1241.148,0.97
1241.168,0.97
1241.188,0.97
1241.208,0.97
1241.229,0.97
1241.249,0.97
1241.269,0.97
1241.289,0.97
1241.309,0.97
1241.329,0.97
1241.349,0.97
1241.369,0.97
1241.389,0.97
1241.409,0.97
1241.429,0.97
1241.449,0.97
1241.469,0.97
1241.489,0.97
1241.509,0.97
1241.529,0.97
1241.549,0.97
1241.569,0.97
1241.589,0.97
1241.609,0.97
1241.629,0.97
1241.649,0.97
1241.669,0.97
1241.689,0.97
1241.709,0.97
1241.729,0.97
1241.749,0.97
1241.769,0.97
1241.789,0.97
1241.809,0.97
1241.829,0.97
1241.849,0.97
1241.869,0.97
1241.889,0.97
1241.909,0.97
1241.929,0.97
1241.949,0.97
1241.969,0.97
1241.989,0.97
1242.009,0.97
1242.029,0.97
1242.049,0.97
1242.069,0.97
1242.089,0.97
1242.109,0.97
1242.129,0.97
1242.149,0.97
1242.169,0.97
1242.189,0.97
1242.209,0.97
1242.229,0.97
1242.25,0.97
1242.27,0.97
1242.29,0.97
1242.31,0.97
1242.33,0.97
1242.35,0.97
1242.37,0.97
1242.39,0.97
1242.41,0.97
1242.43,0.97
1242.45,0.97
1242.47,0.97
1242.49,0.97
1242.51,0.97
1242.53,0.97
1242.55,0.97
1242.57,0.97
1242.59,0.97
1242.61,0.97
1242.63,0.97
1242.65,0.97
1242.67,0.97
1242.69,0.97
1242.71,0.97
1242.73,0.97
1242.75,0.97
1242.77,0.97
1242.79,0.97
1242.81,0.97
1242.83,0.97
1242.85,0.97
1242.87,0.97
1242.89,0.97
1242.91,0.97
1242.93,0.97
1242.95,0.97
1242.97,0.97
1242.99,0.97
1243.01,0.97
1243.03,0.97
1243.05,0.97
1243.07,0.97
1243.09,0.97
1243.11,0.97
1243.13,0.97
1243.15,0.97
1243.17,0.97
1243.19,0.97
1243.21,0.97
1243.23,0.97
1243.25,0.97
1243.271,0.97
1243.291,0.97
1243.311,0.97
1243.331,0.97
1243.351,0.97
1243.371,0.97
1243.391,0.97
1243.411,0.97
1243.431,0.97
1243.451,0.97
1243.471,0.97
1243.491,0.97
1243.511,0.97
1243.531,0.97
1243.551,0.97
1243.571,0.97
1243.591,0.975
1243.611,0.975
1243.631,0.975
1243.651,0.975
1243.671,0.975
1243.691,0.975
1243.711,0.975
1243.731,0.975
1243.751,0.975
1243.771,0.975
1243.791,0.975
1243.811,0.975
1243.831,0.975
1243.851,0.975
1243.871,0.975
1243.891,0.975
1243.911,0.975
1243.931,0.975
1243.951,0.975
1243.971,0.975
1243.991,0.975
1244.011,0.975
1244.031,0.975
1244.051,0.975
1244.071,0.975
1244.091,0.975
1244.111,0.975
1244.131,0.975
1244.151,0.975
1244.171,0.975
1244.191,0.975
1244.211,0.975
1244.231,0.975
1244.251,0.975
1244.271,0.975
1244.292,0.975
1244.312,0.975
1244.332,0.975
1244.352,0.975
1244.372,0.975
1244.392,0.975
1244.412,0.975
1244.432,0.975
1244.452,0.975
1244.472,0.975
1244.492,0.975
1244.512,0.975
1244.532,0.975
1244.552,0.975
1244.572,0.975
1244.592,0.975
1244.612,0.975
1244.632,0.975
1244.652,0.975
1244.672,0.975
1244.692,0.975
1244.712,0.975
1244.732,0.975
1244.752,0.975
1244.772,0.975
1244.792,0.975
1244.812,0.975
1244.832,0.975
1244.852,0.975
1244.872,0.975
1244.892,0.975
1244.912,0.975
1244.932,0.975
1244.952,0.975
1244.972,0.975
1244.992,0.975
1245.012,0.975
1245.032,0.975
1245.052,0.975
1245.072,0.975
1245.092,0.975
1245.112,0.975
1245.132,0.975
1245.152,0.975
1245.172,0.975
1245.192,0.975
1245.212,0.975
1245.232,0.975
1245.252,0.975
1245.272,0.975
1245.292,0.975
1245.313,0.975
1245.333,0.975
1245.353,0.975
1245.373,0.975
1245.393,0.975
1245.413,0.975
1245.433,0.975
1245.453,0.975
1245.473,0.975
1245.493,0.975
1245.513,0.975
1245.533,0.975
1245.553,0.975
1245.573,0.975
1245.593,0.975
1245.613,0.975
1245.633,0.975
1245.653,0.975
1245.673,0.975
1245.693,0.975
1245.713,0.975
1245.733,0.975
1245.753,0.975
1245.773,0.975
1245.793,0.975
1245.813,0.975
1245.833,0.975
1245.853,0.975
1245.873,0.975
1245.893,0.975
1245.913,0.975
1245.933,0.975
1245.953,0.975
1245.973,0.975
1245.993,0.975
1246.013,0.975
1246.033,0.975
1246.053,0.975
1246.073,0.975
1246.093,0.975
1246.113,0.975
1246.133,0.975
1246.153,0.975
1246.173,0.975
1246.193,0.975
1246.213,0.975
1246.233,0.975
1246.253,0.975
1246.273,0.975
1246.293,0.975
1246.313,0.975
1246.333,0.975
1246.354,0.975
1246.374,0.975
1246.394,0.975
1246.414,0.975
1246.434,0.975
1246.454,0.975
1246.474,0.975
1246.494,0.975
1246.514,0.975
1246.534,0.975
1246.554,0.975
1246.574,0.975
1246.594,0.975
1246.614,0.975
1246.634,0.975
1246.654,0.975
1246.674,0.975
1246.694,0.975
1246.714,0.975
1246.734,0.975
1246.754,0.975
1246.774,0.975
1246.794,0.975
1246.814,0.975
1246.834,0.975
1246.854,0.975
1246.874,0.975
1246.894,0.975
1246.914,0.975
1246.934,0.975
1246.954,0.975
1246.974,0.975
1246.994,0.975
1247.014,0.975
1247.034,0.975
1247.054,0.975
1247.074,0.975
1247.094,0.975
1247.114,0.975
1247.134,0.975
1247.154,0.975
1247.174,0.975
1247.194,0.975
1247.214,0.975
1247.234,0.975
1247.254,0.975
1247.274,0.975
1247.294,0.975
1247.314,0.975
1247.334,0.975
1247.354,0.975
1247.375,0.975
1247.395,0.975
1247.415,0.975
1247.435,0.975
1247.455,0.975
1247.475,0.975
1247.495,0.975
1247.515,0.975
1247.535,0.975
1247.555,0.975
1247.575,0.975
1247.595,0.975
1247.615,0.975
1247.635,0.975
1247.655,0.975
1247.675,0.975
1247.695,0.975
1247.715,0.975
1247.735,0.975
1247.755,0.975
1247.775,0.975
1247.795,0.975
1247.815,0.975
1247.835,0.975
1247.855,0.975
1247.875,0.975
1247.895,0.975
1247.915,0.975
1247.935,0.975
1247.955,0.975
1247.975,0.975
1247.995,0.975
1248.015,0.975
1248.035,0.975
1248.055,0.975
1248.075,0.975
1248.095,0.975
1248.115,0.975
1248.135,0.975
1248.155,0.975
1248.175,0.975
1248.195,0.975
1248.215,0.975
1248.235,0.975
1248.255,0.975
1248.275,0.975
1248.295,0.975
1248.315,0.975
1248.335,0.975
1248.355,0.975
1248.375,0.975
1248.396,0.975
1248.416,0.975
1248.436,0.975
1248.456,0.975
1248.476,0.975
1248.496,0.975
1248.516,0.975
1248.536,0.975
1248.556,0.975
1248.576,0.975
1248.596,0.975
1248.616,0.975
1248.636,0.975
1248.656,0.975
1248.676,0.975
1248.696,0.975
1248.716,0.975
1248.736,0.975
1248.756,0.975
1248.776,0.975
1248.796,0.975
1248.816,0.975
1248.836,0.975
1248.856,0.975
1248.876,0.975
1248.896,0.975
1248.916,0.975
1248.936,0.975
1248.956,0.975
1248.976,0.975
1248.996,0.975
1249.016,0.975
1249.036,0.975
1249.056,0.975
1249.076,0.975
1249.096,0.975
1249.116,0.975
1249.136,0.975
1249.156,0.975
1249.176,0.975
1249.196,0.975
1249.216,0.975
1249.236,0.975
1249.256,0.975
1249.276,0.975
1249.296,0.975
1249.316,0.975
1249.336,0.975
1249.356,0.975
1249.376,0.975
1249.396,0.975
1249.417,0.975
1249.437,0.975
1249.457,0.975
1249.477,0.975
1249.497,0.975
1249.517,0.975
1249.537,0.975
1249.557,0.975
1249.577,0.975
1249.597,0.975
1249.617,0.975
1249.637,0.975
1249.657,0.975
1249.677,0.975
1249.697,0.975
1249.717,0.975
1249.737,0.975
1249.757,0.975
1249.777,0.975
1249.797,0.975
1249.817,0.975
1249.837,0.975
1249.857,0.975
1249.877,0.975
1249.897,0.975
1249.917,0.975
1249.937,0.975
1249.957,0.975
1249.977,0.975
1249.997,0.975
1250.017,0.975
1250.037,0.975
1250.057,0.975
1250.077,0.975
1250.097,0.975
1250.117,0.975
1250.137,0.975
1250.157,0.975
1250.177,0.975
1250.197,0.975
1250.217,0.975
1250.237,0.975
1250.257,0.975
1250.277,0.975
1250.297,0.975
1250.317,0.975
1250.337,0.975
1250.357,0.975
1250.377,0.975
1250.397,0.975
1250.417,0.975
1250.438,0.975
1250.458,0.975
1250.478,0.975
1250.498,0.975
1250.518,0.975
1250.538,0.975
1250.558,0.975
1250.578,0.975
1250.598,0.975
1250.618,0.975
1250.638,0.975
1250.658,0.975
1250.678,0.975
1250.698,0.975
1250.718,0.975
1250.738,0.975
1250.758,0.975
1250.778,0.975
1250.798,0.975
1250.818,0.975
1250.838,0.975
1250.858,0.975
1250.878,0.975
1250.898,0.975
1250.918,0.975
1250.938,0.975
1250.958,0.975
1250.978,0.975
1250.998,0.975
1251.018,0.975
1251.038,0.975
1251.058,0.975
1251.078,0.975
1251.098,0.975
1251.118,0.975
1251.138,0.975
1251.158,0.975
1251.178,0.975
1251.198,0.975
1251.218,0.975
1251.238,0.975
1251.258,0.975
1251.278,0.975
1251.298,0.975
1251.318,0.975
1251.338,0.975
1251.358,0.975
1251.378,0.975
1251.398,0.975
1251.418,0.975
1251.438,0.975
1251.458,0.975
1251.479,0.975
1251.499,0.975
1251.519,0.975
1251.539,0.975
1251.559,0.975
1251.579,0.975
1251.599,0.98
1251.619,0.98
1251.639,0.98
1251.659,0.98
1251.679,0.98
1251.699,0.98
1251.719,0.98
1251.739,0.98
1251.759,0.98
1251.779,0.98
1251.799,0.98
1251.819,0.98
1251.839,0.98
1251.859,0.98
1251.879,0.98
1251.899,0.98
1251.919,0.98
1251.939,0.98
1251.959,0.98
1251.979,0.98
1251.999,0.98
1252.019,0.98
1252.039,0.98
1252.059,0.98
1252.079,0.98
1252.099,0.98
1252.119,0.98
1252.139,0.98
1252.159,0.98
1252.179,0.98
1252.199,0.98
1252.219,0.98
1252.239,0.98
1252.259,0.98
1252.279,0.98
1252.299,0.98
1252.319,0.98
1252.339,0.98
1252.359,0.98
1252.379,0.98
1252.399,0.98
1252.419,0.98
1252.439,0.98
1252.459,0.98
1252.479,0.98
1252.5,0.98
1252.52,0.98
1252.54,0.98
1252.56,0.98
1252.58,0.98
1252.6,0.98
1252.62,0.98
1252.64,0.98
1252.66,0.98
1252.68,0.98
1252.7,0.98
1252.72,0.98
1252.74,0.98
1252.76,0.98
1252.78,0.98
1252.8,0.98
1252.82,0.98
1252.84,0.98
1252.86,0.98
1252.88,0.98
1252.9,0.98
1252.92,0.98
1252.94,0.98
1252.96,0.98
1252.98,0.98
1253,0.98
1253.02,0.98
1253.04,0.98
1253.06,0.98
1253.08,0.98
1253.1,0.98
1253.12,0.98
1253.14,0.98
1253.16,0.98
1253.18,0.98
1253.2,0.98
1253.22,0.98
1253.24,0.98
1253.26,0.98
1253.28,0.98
1253.3,0.98
1253.32,0.98
1253.34,0.98
1253.36,0.98
1253.38,0.98
1253.4,0.98
1253.42,0.98
1253.44,0.98
1253.46,0.98
1253.48,0.98
1253.5,0.98
1253.521,0.98
1253.541,0.98
1253.561,0.98
1253.581,0.98
1253.601,0.98
1253.621,0.98
1253.641,0.98
1253.661,0.98
1253.681,0.98
1253.701,0.98
1253.721,0.98
1253.741,0.98
1253.761,0.98
1253.781,0.98
1253.801,0.98
1253.821,0.98
1253.841,0.98
1253.861,0.98
1253.881,0.98
1253.901,0.98
1253.921,0.98
1253.941,0.98
1253.961,0.98
1253.981,0.98
1254.001,0.98
1254.021,0.98
1254.041,0.98
1254.061,0.98
1254.081,0.98
1254.101,0.98
1254.121,0.98
1254.141,0.98
1254.161,0.98
1254.181,0.98
1254.201,0.98
1254.221,0.98
1254.241,0.98
1254.261,0.98
1254.281,0.98
1254.301,0.98
1254.321,0.98
1254.341,0.98
1254.361,0.98
1254.381,0.98
1254.401,0.98
1254.421,0.98
1254.441,0.98
1254.461,0.98
1254.481,0.98
1254.501,0.98
1254.521,0.98
1254.542,0.98
1254.562,0.98
1254.582,0.98
1254.602,0.98
1254.622,0.98
1254.642,0.98
1254.662,0.98
1254.682,0.98
1254.702,0.98
1254.722,0.98
1254.742,0.98
1254.762,0.98
1254.782,0.98
1254.802,0.98
1254.822,0.98
1254.842,0.98
1254.862,0.98
1254.882,0.98
1254.902,0.98
1254.922,0.98
1254.942,0.98
1254.962,0.98
1254.982,0.98
1255.002,0.98
1255.022,0.98
1255.042,0.98
1255.062,0.98
1255.082,0.98
1255.102,0.98
1255.122,0.98
1255.142,0.98
1255.162,0.98
1255.182,0.98
1255.202,0.98
1255.222,0.98
1255.242,0.98
1255.262,0.98
1255.282,0.98
1255.302,0.98
1255.322,0.98
1255.342,0.98
1255.362,0.98
1255.382,0.98
1255.402,0.98
1255.422,0.98
1255.442,0.98
1255.462,0.98
1255.482,0.98
1255.502,0.98
1255.522,0.98
1255.542,0.98
1255.563,0.98
1255.583,0.98
1255.603,0.98
1255.623,0.98
1255.643,0.98
1255.663,0.98
1255.683,0.98
1255.703,0.98
1255.723,0.98
1255.743,0.98
1255.763,0.98
1255.783,0.98
1255.803,0.98
1255.823,0.98
1255.843,0.98
1255.863,0.98
1255.883,0.98
1255.903,0.98
1255.923,0.98
1255.943,0.98
1255.963,0.98
1255.983,0.98
1256.003,0.98
1256.023,0.98
1256.043,0.98
1256.063,0.98
1256.083,0.98
1256.103,0.98
1256.123,0.98
1256.143,0.98
1256.163,0.98
1256.183,0.98
1256.203,0.98
1256.223,0.98
1256.243,0.98
1256.263,0.98
1256.283,0.98
1256.303,0.98
1256.323,0.98
1256.343,0.98
1256.363,0.98
1256.383,0.98
1256.403,0.98
1256.423,0.98
1256.443,0.98
1256.463,0.98
1256.483,0.98
1256.503,0.98
1256.523,0.98
1256.543,0.98
1256.563,0.98
1256.583,0.98
1256.604,0.98
1256.624,0.98
1256.644,0.98
1256.664,0.98
1256.684,0.98
1256.704,0.98
1256.724,0.98
1256.744,0.98
1256.764,0.98
1256.784,0.98
1256.804,0.98
1256.824,0.98
1256.844,0.98
1256.864,0.98
1256.884,0.98
1256.904,0.98
1256.924,0.98
1256.944,0.98
1256.964,0.98
1256.984,0.98
1257.004,0.98
1257.024,0.98
1257.044,0.98
1257.064,0.98
1257.084,0.98
1257.104,0.98
1257.124,0.98
1257.144,0.98
1257.164,0.98
1257.184,0.98
1257.204,0.98
1257.224,0.98
1257.244,0.98
1257.264,0.98
1257.284,0.98
1257.304,0.98
1257.324,0.98
1257.344,0.98
1257.364,0.98
1257.384,0.98
1257.404,0.98
1257.424,0.98
1257.444,0.98
1257.464,0.98
1257.484,0.98
1257.504,0.98
1257.524,0.98
1257.544,0.98
1257.564,0.98
1257.584,0.98
1257.604,0.98
1257.625,0.98
1257.645,0.98
1257.665,0.98
1257.685,0.98
1257.705,0.98
1257.725,0.98
1257.745,0.98
1257.765,0.98
1257.785,0.98
1257.805,0.98
1257.825,0.98
1257.845,0.98
1257.865,0.98
1257.885,0.98
1257.905,0.98
1257.925,0.98
1257.945,0.98
1257.965,0.98
1257.985,0.98
1258.005,0.98
1258.025,0.98
1258.045,0.98
1258.065,0.98
1258.085,0.98
1258.105,0.98
1258.125,0.98
1258.145,0.98
1258.165,0.98
1258.185,0.98
1258.205,0.98
1258.225,0.98
1258.245,0.98
1258.265,0.98
1258.285,0.98
1258.305,0.98
1258.325,0.98
1258.345,0.98
1258.365,0.98
1258.385,0.98
1258.405,0.98
1258.425,0.98
1258.445,0.98
1258.465,0.98
1258.485,0.98
1258.505,0.98
1258.525,0.98
1258.545,0.98
1258.565,0.98
1258.585,0.98
1258.605,0.985
1258.625,0.985
1258.646,0.985
1258.666,0.985
1258.686,0.985
1258.706,0.985
1258.726,0.985
1258.746,0.985
1258.766,0.985
1258.786,0.985
1258.806,0.985
1258.826,0.985
1258.846,0.985
1258.866,0.985
1258.886,0.985
1258.906,0.985
1258.926,0.985
1258.946,0.985
1258.966,0.985
1258.986,0.985
1259.006,0.985
1259.026,0.985
1259.046,0.985
1259.066,0.985
1259.086,0.985
1259.106,0.985
1259.126,0.985
1259.146,0.985
1259.166,0.985
1259.186,0.985
1259.206,0.985
1259.226,0.985
1259.246,0.985
1259.266,0.985
1259.286,0.985
1259.306,0.985
1259.326,0.985
1259.346,0.985
1259.366,0.985
1259.386,0.985
1259.406,0.985
1259.426,0.985
1259.446,0.985
1259.466,0.985
1259.486,0.985
1259.506,0.985
1259.526,0.985
1259.546,0.985
1259.566,0.985
1259.586,0.985
1259.606,0.985
1259.626,0.985
1259.646,0.985
1259.667,0.985
1259.687,0.985
1259.707,0.985
1259.727,0.985
1259.747,0.985
1259.767,0.985
1259.787,0.985
1259.807,0.985
1259.827,0.985
1259.847,0.985
1259.867,0.985
1259.887,0.985
1259.907,0.985
1259.927,0.985
1259.947,0.985
1259.967,0.985
1259.987,0.985
1260.007,0.985
1260.027,0.985
1260.047,0.985
1260.067,0.985
1260.087,0.985
1260.107,0.985
1260.127,0.985
1260.147,0.985
1260.167,0.985
1260.187,0.985
1260.207,0.985
1260.227,0.985
1260.247,0.985
1260.267,0.985
1260.287,0.985
1260.307,0.985
1260.327,0.985
1260.347,0.985
1260.367,0.985
1260.387,0.985
1260.407,0.985
1260.427,0.985
1260.447,0.985
1260.467,0.985
1260.487,0.985
1260.507,0.985
1260.527,0.985
1260.547,0.985
1260.567,0.985
1260.587,0.985
1260.607,0.985
1260.627,0.985
1260.647,0.985
1260.667,0.985
1260.688,0.985
1260.708,0.985
1260.728,0.985
1260.748,0.985
1260.768,0.985
1260.788,0.985
1260.808,0.985
1260.828,0.985
1260.848,0.985
1260.868,0.985
1260.888,0.985
1260.908,0.985
1260.928,0.985
1260.948,0.99
1260.968,0.99
1260.988,0.99
1261.008,0.99
1261.028,0.99
1261.048,0.99
1261.068,0.99
1261.088,0.99
1261.108,0.99
1261.128,0.99
1261.148,0.99
1261.168,0.99
1261.188,0.99
1261.208,0.99
1261.228,0.99
1261.248,0.99
1261.268,0.99
1261.288,0.99
1261.308,0.99
1261.328,0.99
1261.348,0.99
1261.368,0.99
1261.388,0.99
1261.408,0.99
1261.428,0.99
1261.448,0.99
1261.468,0.99
1261.488,0.99
1261.508,0.99
1261.528,0.99
1261.548,0.99
1261.568,0.99
1261.588,0.99
1261.608,0.99
1261.628,0.99
1261.648,0.99
1261.668,0.99
1261.688,0.99
1261.708,0.99
1261.729,0.99
1261.749,0.99
1261.769,0.99
1261.789,0.99
1261.809,0.99
1261.829,0.99
1261.849,0.99
1261.869,0.99
1261.889,0.99
1261.909,0.99
1261.929,0.99
1261.949,0.99
1261.969,0.99
1261.989,0.99
1262.009,0.99
1262.029,0.99
1262.049,0.99
1262.069,0.99
1262.089,0.99
1262.109,0.99
1262.129,0.99
1262.149,0.99
1262.169,0.99
1262.189,0.99
1262.209,0.99
1262.229,0.99
1262.249,0.99
1262.269,0.99
1262.289,0.99
1262.309,0.99
1262.329,0.99
1262.349,0.99
1262.369,0.99
1262.389,0.99
1262.409,0.99
1262.429,0.99
1262.449,0.99
1262.469,0.99
1262.489,0.99
1262.509,0.99
1262.529,0.99
1262.549,0.99
1262.569,0.99
1262.589,0.99
1262.609,0.99
1262.629,0.99
1262.649,0.99
1262.669,0.99
1262.689,0.99
1262.709,0.99
1262.729,0.99
1262.75,0.99
1262.77,0.99
1262.79,0.99
1262.81,0.99
1262.83,0.99
1262.85,0.99
1262.87,0.99
1262.89,0.99
1262.91,0.99
1262.93,0.99
1262.95,0.99
1262.97,0.99
1262.99,0.99
1263.01,0.99
1263.03,0.99
1263.05,0.99
1263.07,0.99
1263.09,0.99
1263.11,0.99
1263.13,0.99
1263.15,0.99
1263.17,0.99
1263.19,0.99
1263.21,0.99
1263.23,0.99
1263.25,0.99
1263.27,0.99
1263.29,0.99
1263.31,0.99
1263.33,0.99
1263.35,0.99
1263.37,0.99
1263.39,0.99
1263.41,0.99
1263.43,0.99
1263.45,0.99
1263.47,0.99
1263.49,0.99
1263.51,0.99
1263.53,0.99
1263.55,0.99
1263.57,0.99
1263.59,0.99
1263.61,0.99
1263.63,0.99
1263.65,0.99
1263.67,0.99
1263.69,0.99
1263.71,0.99
1263.73,0.99
1263.75,0.99
1263.771,0.99
1263.791,0.99
1263.811,0.99
1263.831,0.99
1263.851,0.99
1263.871,0.99
1263.891,0.99
1263.911,0.99
1263.931,0.99
1263.951,0.99
1263.971,0.99
1263.991,0.99
1264.011,0.99
1264.031,0.99
1264.051,0.99
1264.071,0.99
1264.091,0.99
1264.111,0.99
1264.131,0.99
1264.151,0.99
1264.171,0.99
1264.191,0.99
1264.211,0.99
1264.231,0.99
1264.251,0.99
1264.271,0.99
1264.291,0.99
1264.311,0.99
1264.331,0.99
1264.351,0.99
1264.371,0.99
1264.391,0.99
1264.411,0.99
1264.431,0.99
1264.451,0.99
1264.471,0.99
1264.491,0.99
1264.511,0.99
1264.531,0.99
1264.551,0.99
1264.571,0.99
1264.591,0.99
1264.611,0.99
1264.631,0.99
1264.651,0.99
1264.671,0.99
1264.691,0.99
1264.711,0.99
1264.731,0.99
1264.751,0.99
1264.771,0.99
1264.792,0.99
1264.812,0.99
1264.832,0.99
1264.852,0.99
1264.872,0.99
1264.892,0.99
1264.912,0.99
1264.932,0.99
1264.952,0.99
1264.972,0.99
1264.992,0.99
1265.012,0.99
1265.032,0.99
1265.052,0.99
1265.072,0.99
1265.092,0.99
1265.112,0.99
1265.132,0.99
1265.152,0.99
1265.172,0.99
1265.192,0.99
1265.212,0.99
1265.232,0.99
1265.252,0.99
1265.272,0.99
1265.292,0.99
1265.312,0.99
1265.332,0.99
1265.352,0.99
1265.372,0.99
1265.392,0.99
1265.412,0.99
1265.432,0.99
1265.452,0.99
1265.472,0.99
1265.492,0.99
1265.512,0.99
1265.532,0.99
1265.552,0.99
1265.572,0.99
1265.592,0.99
1265.612,0.99
1265.632,0.99
1265.652,0.99
1265.672,0.99
1265.692,0.99
1265.712,0.99
1265.732,0.99
1265.752,0.99
1265.772,0.99
1265.792,0.99
1265.813,0.99
1265.833,0.99
1265.853,0.99
1265.873,0.99
1265.893,0.99
1265.913,0.99
1265.933,0.99
1265.953,0.99
1265.973,0.99
1265.993,0.99
1266.013,0.99
1266.033,0.99
1266.053,0.99
1266.073,0.99
1266.093,0.99
1266.113,0.99
1266.133,0.99
1266.153,0.99
1266.173,0.99
1266.193,0.99
1266.213,0.99
1266.233,0.99
1266.253,0.99
1266.273,0.99
1266.293,0.99
1266.313,0.99
1266.333,0.99
1266.353,0.99
1266.373,0.99
1266.393,0.99
1266.413,0.99
1266.433,0.99
1266.453,0.99
1266.473,0.99
1266.493,0.99
1266.513,0.99
1266.533,0.99
1266.553,0.99
1266.573,0.99
1266.593,0.99
1266.613,0.99
1266.633,0.99
1266.653,0.99
1266.673,0.99
1266.693,0.99
1266.713,0.99
1266.733,0.99
1266.753,0.99
1266.773,0.99
1266.793,0.99
1266.813,0.99
1266.833,0.99
1266.854,0.99
1266.874,0.99
1266.894,0.99
1266.914,0.99
1266.934,0.99
1266.954,0.99
1266.974,0.99
1266.994,0.99
1267.014,0.99
1267.034,0.99
1267.054,0.99
1267.074,0.99
1267.094,0.99
1267.114,0.99
1267.134,0.99
1267.154,0.99
1267.174,0.99
1267.194,0.99
1267.214,0.99
1267.234,0.99
1267.254,0.99
1267.274,0.99
1267.294,0.99
1267.314,0.99
1267.334,0.99
1267.354,0.99
1267.374,0.99
1267.394,0.99
1267.414,0.99
1267.434,0.99
1267.454,0.99
1267.474,0.99
1267.494,0.99
1267.514,0.99
1267.534,0.99
1267.554,0.99
1267.574,0.99
1267.594,0.99
1267.614,0.99
1267.634,0.99
1267.654,0.99
1267.674,0.99
1267.694,0.99
1267.714,0.99
1267.734,0.99
1267.754,0.99
1267.774,0.99
1267.794,0.99
1267.814,0.99
1267.834,0.99
1267.854,0.99
1267.875,0.99
1267.895,0.99
1267.915,0.99
1267.935,0.99
1267.955,0.99
1267.975,0.99
1267.995,0.99
1268.015,0.99
1268.035,0.99
1268.055,0.99
1268.075,0.99
1268.095,0.99
1268.115,0.99
1268.135,0.99
1268.155,0.99
1268.175,0.99
1268.195,0.99
1268.215,0.99
1268.235,0.99
1268.255,0.99
1268.275,0.99
1268.295,0.99
1268.315,0.99
1268.335,0.99
1268.355,0.99
1268.375,0.99
1268.395,0.99
1268.415,0.99
1268.435,0.99
1268.455,0.99
1268.475,0.99
1268.495,0.99
1268.515,0.99
1268.535,0.99
1268.555,0.99
1268.575,0.99
1268.595,0.99
1268.615,0.99
1268.635,0.99
1268.655,0.99
1268.675,0.99
1268.695,0.99
1268.715,0.99
1268.735,0.99
1268.755,0.99
1268.775,0.99
1268.795,0.99
1268.815,0.99
1268.835,0.99
1268.855,0.99
1268.875,0.99
1268.896,0.99
1268.916,0.99
1268.936,0.99
1268.956,0.99
1268.976,0.99
1268.996,0.99
1269.016,0.99
1269.036,0.99
1269.056,0.99
1269.076,0.99
1269.096,0.99
1269.116,0.99
1269.136,0.99
1269.156,0.99
1269.176,0.99
1269.196,0.99
1269.216,0.99
1269.236,0.99
1269.256,0.99
1269.276,0.99
1269.296,0.99
1269.316,0.99
1269.336,0.99
1269.356,0.99
1269.376,0.99
1269.396,0.99
1269.416,0.99
1269.436,0.99
1269.456,0.99
1269.476,0.99
1269.496,0.99
1269.516,0.99
1269.536,0.99
1269.556,0.99
1269.576,0.99
1269.596,0.99
1269.616,0.99
1269.636,0.99
1269.656,0.99
1269.676,0.99
1269.696,0.99
1269.716,0.99
1269.736,0.99
1269.756,0.99
1269.776,0.99
1269.796,0.99
1269.816,0.99
1269.836,0.99
1269.856,0.99
1269.876,0.99
1269.896,0.99
1269.917,0.99
1269.937,0.99
1269.957,0.99
1269.977,0.99
1269.997,0.99
1270.017,0.99
1270.037,0.99
1270.057,0.99
1270.077,0.99
1270.097,0.99
1270.117,0.99
1270.137,0.99
1270.157,0.99
1270.177,0.99
1270.197,0.99
1270.217,0.99
1270.237,0.99
1270.257,0.99
1270.277,0.99
1270.297,0.99
1270.317,0.99
1270.337,0.99
1270.357,0.99
1270.377,0.99
1270.397,0.99
1270.417,0.99
1270.437,0.99
1270.457,0.99
1270.477,0.99
1270.497,0.99
1270.517,0.99
1270.537,0.99
1270.557,0.99
1270.577,0.99
1270.597,0.99
1270.617,0.99
1270.637,0.99
1270.657,0.99
1270.677,0.99
1270.697,0.99
1270.717,0.99
1270.737,0.99
1270.757,0.99
1270.777,0.99
1270.797,0.99
1270.817,0.99
1270.837,0.99
1270.857,0.99
1270.877,0.99
1270.897,0.99
1270.917,0.99
1270.938,0.99
1270.958,0.99
1270.978,0.99
1270.998,0.99
1271.018,0.99
1271.038,0.99
1271.058,0.99
1271.078,0.99
1271.098,0.99
1271.118,0.99
1271.138,0.99
1271.158,0.99
1271.178,0.99
1271.198,0.99
1271.218,0.99
1271.238,0.99
1271.258,0.99
1271.278,0.99
1271.298,0.99
1271.318,0.99
1271.338,0.99
1271.358,0.99
1271.378,0.99
1271.398,0.99
1271.418,0.99
1271.438,0.99
1271.458,0.99
1271.478,0.99
1271.498,0.99
1271.518,0.99
1271.538,0.99
1271.558,0.99
1271.578,0.99
1271.598,0.99
1271.618,0.99
1271.638,0.99
1271.658,0.99
1271.678,0.99
1271.698,0.99
1271.718,0.99
1271.738,0.99
1271.758,0.99
1271.778,0.99
1271.798,0.99
1271.818,0.99
1271.838,0.99
1271.858,0.99
1271.878,0.99
1271.898,0.99
1271.918,0.99
1271.938,0.99
1271.958,0.99
1271.979,0.99
1271.999,0.99
1272.019,0.99
1272.039,0.99
1272.059,0.99
1272.079,0.99
1272.099,0.99
1272.119,0.99
1272.139,0.99
1272.159,0.99
1272.179,0.99
1272.199,0.99
1272.219,0.99
1272.239,0.99
1272.259,0.99
1272.279,0.99
1272.299,0.99
1272.319,0.99
1272.339,0.99
1272.359,0.99
1272.379,0.99
1272.399,0.99
1272.419,0.99
1272.439,0.99
1272.459,0.99
1272.479,0.99
1272.499,0.99
1272.519,0.99
1272.539,0.99
1272.559,0.99
1272.579,0.99
1272.599,0.99
1272.619,0.99
1272.639,0.99
1272.659,0.99
1272.679,0.99
1272.699,0.99
1272.719,0.99
1272.739,0.99
1272.759,0.99
1272.779,0.99
1272.799,0.99
1272.819,0.99
1272.839,0.99
1272.859,0.99
1272.879,0.99
1272.899,0.99
1272.919,0.99
1272.939,0.99
1272.959,0.99
1272.979,0.99
1273,0.99
1273.02,0.99
1273.04,0.99
1273.06,0.99
1273.08,0.99
1273.1,0.99
1273.12,0.99
1273.14,0.99
1273.16,0.99
1273.18,0.99
1273.2,0.99
1273.22,0.99
1273.24,0.99
1273.26,0.99
1273.28,0.99
1273.3,0.99
1273.32,0.99
1273.34,0.99
1273.36,0.99
1273.38,0.99
1273.4,0.99
1273.42,0.99
1273.44,0.99
1273.46,0.99
1273.48,0.99
1273.5,0.99
1273.52,0.99
1273.54,0.99
1273.56,0.99
1273.58,0.99
1273.6,0.99
1273.62,0.99
1273.64,0.99
1273.66,0.99
1273.68,0.99
1273.7,0.99
1273.72,0.99
1273.74,0.99
1273.76,0.99
1273.78,0.99
1273.8,0.99
1273.82,0.99
1273.84,0.99
1273.86,0.99
1273.88,0.99
1273.9,0.99
1273.92,0.99
1273.94,0.99
1273.96,0.99
1273.98,0.99
1274,0.99
1274.021,0.99
1274.041,0.99
1274.061,0.99
1274.081,0.99
1274.101,0.99
1274.121,0.99
1274.141,0.99
1274.161,0.99
1274.181,0.99
1274.201,0.99
1274.221,0.99
1274.241,0.99
1274.261,0.99
1274.281,0.99
1274.301,0.99
1274.321,0.99
1274.341,0.99
1274.361,0.99
1274.381,0.99
1274.401,0.99
1274.421,0.99
1274.441,0.99
1274.461,0.99
1274.481,0.99
1274.501,0.99
1274.521,0.99
1274.541,0.99
1274.561,0.99
1274.581,0.99
1274.601,0.99
1274.621,0.99
1274.641,0.99
1274.661,0.99
1274.681,0.99
1274.701,0.99
1274.721,0.99
1274.741,0.99
1274.761,0.99
1274.781,0.99
1274.801,0.99
1274.821,0.99
1274.841,0.99
1274.861,0.99
1274.881,0.99
1274.901,0.99
1274.921,0.99
1274.941,0.99
1274.961,0.99
1274.981,0.99
1275.001,0.99
1275.021,0.99
1275.042,0.99
1275.062,0.99
1275.082,0.99
1275.102,0.99
1275.122,0.99
1275.142,0.99
1275.162,0.99
1275.182,0.99
1275.202,0.99
1275.222,0.99
1275.242,0.99
1275.262,0.99
1275.282,0.99
1275.302,0.99
1275.322,0.99
1275.342,0.99
1275.362,0.99
1275.382,0.99
1275.402,0.99
1275.422,0.99
1275.442,0.99
1275.462,0.99
1275.482,0.99
1275.502,0.99
1275.522,0.99
1275.542,0.99
1275.562,0.99
1275.582,0.99
1275.602,0.99
1275.622,0.99
1275.642,0.99
1275.662,0.99
1275.682,0.99
1275.702,0.99
1275.722,0.99
1275.742,0.99
1275.762,0.99
1275.782,0.99
1275.802,0.99
1275.822,0.99
1275.842,0.99
1275.862,0.99
1275.882,0.99
1275.902,0.99
1275.922,0.99
1275.942,0.99
1275.962,0.99
1275.982,0.99
1276.002,0.99
1276.022,0.99
1276.042,0.99
1276.063,0.99
1276.083,0.99
1276.103,0.99
1276.123,0.99
1276.143,0.99
1276.163,0.99
1276.183,0.99
1276.203,0.99
1276.223,0.99
1276.243,0.99
1276.263,0.99
1276.283,0.99
1276.303,0.99
1276.323,0.99
1276.343,0.99
1276.363,0.99
1276.383,0.99
1276.403,0.99
1276.423,0.99
1276.443,0.99
1276.463,0.99
1276.483,0.99
1276.503,0.99
1276.523,0.99
1276.543,0.99
1276.563,0.99
1276.583,0.99
1276.603,0.99
1276.623,0.99
1276.643,0.99
1276.663,0.99
1276.683,0.99
1276.703,0.99
1276.723,0.99
1276.743,0.99
1276.763,0.99
1276.783,0.99
1276.803,0.99
1276.823,0.99
1276.843,0.99
1276.863,0.99
1276.883,0.99
1276.903,0.99
1276.923,0.99
1276.943,0.99
1276.963,0.99
1276.983,0.99
1277.003,0.99
1277.023,0.99
1277.043,0.99
1277.063,0.99
1277.083,0.99
1277.104,0.99
1277.124,0.99
1277.144,0.99
1277.164,0.99
1277.184,0.99
1277.204,0.99
1277.224,0.99
1277.244,0.99
1277.264,0.99
1277.284,0.99
1277.304,0.99
1277.324,0.99
1277.344,0.99
1277.364,0.99
1277.384,0.99
1277.404,0.99
1277.424,0.99
1277.444,0.99
1277.464,0.99
1277.484,0.99
1277.504,0.99
1277.524,0.99
1277.544,0.99
1277.564,0.99
1277.584,0.99
1277.604,0.99
1277.624,0.99
1277.644,0.99
1277.664,0.99
1277.684,0.99
1277.704,0.99
1277.724,0.99
1277.744,0.99
1277.764,0.99
1277.784,0.99
1277.804,0.99
1277.824,0.99
1277.844,0.99
1277.864,0.99
1277.884,0.99
1277.904,0.99
1277.924,0.99
1277.944,0.99
1277.964,0.99
1277.984,0.99
1278.004,0.99
1278.024,0.99
1278.044,0.99
1278.064,0.99
1278.084,0.99
1278.104,0.99
1278.125,0.99
1278.145,0.99
1278.165,0.99
1278.185,0.99
1278.205,0.99
1278.225,0.99
1278.245,0.99
1278.265,0.99
1278.285,0.99
1278.305,0.99
1278.325,0.99
1278.345,0.99
1278.365,0.99
1278.385,0.99
1278.405,0.99
1278.425,0.99
1278.445,0.99
1278.465,0.99
1278.485,0.99
1278.505,0.99
1278.525,0.99
1278.545,0.99
1278.565,0.99
1278.585,0.99
1278.605,0.99
1278.625,0.99
1278.645,0.99
1278.665,0.99
1278.685,0.99
1278.705,0.99
1278.725,0.99
1278.745,0.99
1278.765,0.99
1278.785,0.99
1278.805,0.99
1278.825,0.99
1278.845,0.99
1278.865,0.99
1278.885,0.99
1278.905,0.99
1278.925,0.99
1278.945,0.99
1278.965,0.99
1278.985,0.99
1279.005,0.99
1279.025,0.99
1279.045,0.99
1279.065,0.99
1279.085,0.99
1279.105,0.99
1279.125,0.99
1279.146,0.99
1279.166,0.99
1279.186,0.99
1279.206,0.99
1279.226,0.99
1279.246,0.99
1279.266,0.99
1279.286,0.99
1279.306,0.99
1279.326,0.99
1279.346,0.99
1279.366,0.99
1279.386,0.99
1279.406,0.99
1279.426,0.99
1279.446,0.99
1279.466,0.99
1279.486,0.99
1279.506,0.99
1279.526,0.99
1279.546,0.99
1279.566,0.99
1279.586,0.99
1279.606,0.99
1279.626,0.99
1279.646,0.99
1279.666,0.99
1279.686,0.99
1279.706,0.99
1279.726,0.99
1279.746,0.99
1279.766,0.99
1279.786,0.99
1279.806,0.99
1279.826,0.99
1279.846,0.99
1279.866,0.99
1279.886,0.99
1279.906,0.99
1279.926,0.99
1279.946,0.99
1279.966,0.99
1279.986,0.99
1280.006,0.99
1280.026,0.99
1280.046,0.99
1280.066,0.99
1280.086,0.99
1280.106,0.99
1280.126,0.99
1280.146,0.99
1280.167,0.99
1280.187,0.99
1280.207,0.99
1280.227,0.99
1280.247,0.99
1280.267,0.99
1280.287,0.99
1280.307,0.99
1280.327,0.99
1280.347,0.99
1280.367,0.99
1280.387,0.99
1280.407,0.99
1280.427,0.99
1280.447,0.99
1280.467,0.99
1280.487,0.99
1280.507,0.99
1280.527,0.99
1280.547,0.99
1280.567,0.99
1280.587,0.99
1280.607,0.99
1280.627,0.99
1280.647,0.99
1280.667,0.99
1280.687,0.99
1280.707,0.99
1280.727,0.99
1280.747,0.99
1280.767,0.99
1280.787,0.99
1280.807,0.99
1280.827,0.99
1280.847,0.99
1280.867,0.99
1280.887,0.99
1280.907,0.99
1280.927,0.99
1280.947,0.99
1280.967,0.99
1280.987,0.99
1281.007,0.99
1281.027,0.99
1281.047,0.99
1281.067,0.99
1281.087,0.99
1281.107,0.99
1281.127,0.99
1281.147,0.99
1281.167,0.99
1281.188,0.99
1281.208,0.99
1281.228,0.99
1281.248,0.99
1281.268,0.99
1281.288,0.99
1281.308,0.99
1281.328,0.99
1281.348,0.99
1281.368,0.99
1281.388,0.99
1281.408,0.99
1281.428,0.99
1281.448,0.99
1281.468,0.99
1281.488,0.99
1281.508,0.99
1281.528,0.99
1281.548,0.99
1281.568,0.99
1281.588,0.99
1281.608,0.99
1281.628,0.99
1281.648,0.99
1281.668,0.99
1281.688,0.99
1281.708,0.99
1281.728,0.99
1281.748,0.99
1281.768,0.99
1281.788,0.99
1281.808,0.99
1281.828,0.99
1281.848,0.99
1281.868,0.99
1281.888,0.99
1281.908,0.99
1281.928,0.99
1281.948,0.99
1281.968,0.99
1281.988,0.99
1282.008,0.99
1282.028,0.99
1282.048,0.99
1282.068,0.99
1282.088,0.99
1282.108,0.99
1282.128,0.99
1282.148,0.99
1282.168,0.99
1282.188,0.99
1282.208,0.99
1282.229,0.99
1282.249,0.99
1282.269,0.99
1282.289,0.99
1282.309,0.99
1282.329,0.99
1282.349,0.99
1282.369,0.99
1282.389,0.99
1282.409,0.99
1282.429,0.99
1282.449,0.99
1282.469,0.99
1282.489,0.99
1282.509,0.99
1282.529,0.99
1282.549,0.99
1282.569,0.99
1282.589,0.99
1282.609,0.99
1282.629,0.99
1282.649,0.99
1282.669,0.99
1282.689,0.99
1282.709,0.99
1282.729,0.99
1282.749,0.99
1282.769,0.99
1282.789,0.99
1282.809,0.99
1282.829,0.99
1282.849,0.99
1282.869,0.99
1282.889,0.99
1282.909,0.99
1282.929,0.99
1282.949,0.99
1282.969,0.99
1282.989,0.99
1283.009,0.99
1283.029,0.99
1283.049,0.99
1283.069,0.99
1283.089,0.99
1283.109,0.99
1283.129,0.99
1283.149,0.99
1283.169,0.99
1283.189,0.99
1283.209,0.99
1283.229,0.99
1283.25,0.99
1283.27,0.99
1283.29,0.99
1283.31,0.99
1283.33,0.99
1283.35,0.99
1283.37,0.99
1283.39,0.99
1283.41,0.99
1283.43,0.99
1283.45,0.99
1283.47,0.99
1283.49,0.99
1283.51,0.99
1283.53,0.99
1283.55,0.99
1283.57,0.99
1283.59,0.99
1283.61,0.99
1283.63,0.99
1283.65,0.99
1283.67,0.99
1283.69,0.99
1283.71,0.99
1283.73,0.99
1283.75,0.99
1283.77,0.99
1283.79,0.99
1283.81,0.99
1283.83,0.99
1283.85,0.99
1283.87,0.99
1283.89,0.99
1283.91,0.99
1283.93,0.99
1283.95,0.99
1283.97,0.99
1283.99,0.99
1284.01,0.99
1284.03,0.99
1284.05,0.99
1284.07,0.99
1284.09,0.99
1284.11,0.99
1284.13,0.99
1284.15,0.99
1284.17,0.99
1284.19,0.99
1284.21,0.99
1284.23,0.99
1284.25,0.99
1284.271,0.99
1284.291,0.99
1284.311,0.99
1284.331,0.99
1284.351,0.99
1284.371,0.99
1284.391,0.99
1284.411,0.99
1284.431,0.99
1284.451,0.99
1284.471,0.99
1284.491,0.99
1284.511,0.99
1284.531,0.99
1284.551,0.99
1284.571,0.99
1284.591,0.99
1284.611,0.99
1284.631,0.99
1284.651,0.99
1284.671,0.99
1284.691,0.99
1284.711,0.99
1284.731,0.99
1284.751,0.99
1284.771,0.99
1284.791,0.99
1284.811,0.99
1284.831,0.99
1284.851,0.99
1284.871,0.99
1284.891,0.99
1284.911,0.99
1284.931,0.99
1284.951,0.99
1284.971,0.99
1284.991,0.99
1285.011,0.99
1285.031,0.99
1285.051,0.99
1285.071,0.99
1285.091,0.99
1285.111,0.99
1285.131,0.99
1285.151,0.99
1285.171,0.99
1285.191,0.99
1285.211,0.99
1285.231,0.99
1285.251,0.99
1285.271,0.99
1285.292,0.99
1285.312,0.99
1285.332,0.99
1285.352,0.99
1285.372,0.99
1285.392,0.99
1285.412,0.99
1285.432,0.99
1285.452,0.99
1285.472,0.99
1285.492,0.99
1285.512,0.99
1285.532,0.99
1285.552,0.99
1285.572,0.99
1285.592,0.99
1285.612,0.99
1285.632,0.99
1285.652,0.99
1285.672,0.99
1285.692,0.99
1285.712,0.99
1285.732,0.99
1285.752,0.99
1285.772,0.99
1285.792,0.99
1285.812,0.99
1285.832,0.99
1285.852,0.99
1285.872,0.99
1285.892,0.99
1285.912,0.99
1285.932,0.99
1285.952,0.99
1285.972,0.99
1285.992,0.99
1286.012,0.99
1286.032,0.99
1286.052,0.99
1286.072,0.99
1286.092,0.99
1286.112,0.99
1286.132,0.99
1286.152,0.99
1286.172,0.99
1286.192,0.99
1286.212,0.99
1286.232,0.99
1286.252,0.99
1286.272,0.99
1286.292,0.99
1286.313,0.99
1286.333,0.99
1286.353,0.99
1286.373,0.99
1286.393,0.99
1286.413,0.99
1286.433,0.99
1286.453,0.99
1286.473,0.99
1286.493,0.99
1286.513,0.99
1286.533,0.99
1286.553,0.99
1286.573,0.99
1286.593,0.99
1286.613,0.99
1286.633,0.99
1286.653,0.99
1286.673,0.99
1286.693,0.99
1286.713,0.99
1286.733,0.99
1286.753,0.99
1286.773,0.99
1286.793,0.99
1286.813,0.99
1286.833,0.99
1286.853,0.99
1286.873,0.99
1286.893,0.99
1286.913,0.99
1286.933,0.99
1286.953,0.99
1286.973,0.99
1286.993,0.99
1287.013,0.99
1287.033,0.99
1287.053,0.99
1287.073,0.99
1287.093,0.99
1287.113,0.99
1287.133,0.99
1287.153,0.99
1287.173,0.99
1287.193,0.99
1287.213,0.99
1287.233,0.99
1287.253,0.99
1287.273,0.99
1287.293,0.99
1287.313,0.99
1287.333,0.99
1287.354,0.99
1287.374,0.99
1287.394,0.99
1287.414,0.99
1287.434,0.99
1287.454,0.99
1287.474,0.99
1287.494,0.99
1287.514,0.99
1287.534,0.99
1287.554,0.99
1287.574,0.99
1287.594,0.99
1287.614,0.99
1287.634,0.99
1287.654,0.99
1287.674,0.99
1287.694,0.99
1287.714,0.99
1287.734,0.99
1287.754,0.99
1287.774,0.99
1287.794,0.99
1287.814,0.99
1287.834,0.99
1287.854,0.99
1287.874,0.99
1287.894,0.99
1287.914,0.99
1287.934,0.99
1287.954,0.99
1287.974,0.99
1287.994,0.99
1288.014,0.99
1288.034,0.99
1288.054,0.99
1288.074,0.99
1288.094,0.99
1288.114,0.99
1288.134,0.99
1288.154,0.99
1288.174,0.99
1288.194,0.99
1288.214,0.99
1288.234,0.99
1288.254,0.99
1288.274,0.99
1288.294,0.99
1288.314,0.99
1288.334,0.99
1288.354,0.99
1288.375,0.99
1288.395,0.99
1288.415,0.99
1288.435,0.99
1288.455,0.99
1288.475,0.99
1288.495,0.99
1288.515,0.99
1288.535,0.99
1288.555,0.99
1288.575,0.99
1288.595,0.99
1288.615,0.99
1288.635,0.99
1288.655,0.99
1288.675,0.99
1288.695,0.99
1288.715,0.99
1288.735,0.99
1288.755,0.99
1288.775,0.99
1288.795,0.99
1288.815,0.99
1288.835,0.99
1288.855,0.99
1288.875,0.99
1288.895,0.99
1288.915,0.99
1288.935,0.99
1288.955,0.99
1288.975,0.99
1288.995,0.99
1289.015,0.99
1289.035,0.99
1289.055,0.99
1289.075,0.99
1289.095,0.99
1289.115,0.99
1289.135,0.99
1289.155,0.99
1289.175,0.99
1289.195,0.99
1289.215,0.99
1289.235,0.99
1289.255,0.99
1289.275,0.99
1289.295,0.99
1289.315,0.99
1289.335,0.99
1289.355,0.99
1289.375,0.99
1289.396,0.99
1289.416,0.99
1289.436,0.99
1289.456,0.99
1289.476,0.99
1289.496,0.99
1289.516,0.99
1289.536,0.99
1289.556,0.99
1289.576,0.99
1289.596,0.99
1289.616,0.99
1289.636,0.99
1289.656,0.99
1289.676,0.99
1289.696,0.99
1289.716,0.99
1289.736,0.99
1289.756,0.99
1289.776,0.99
1289.796,0.99
1289.816,0.99
1289.836,0.99
1289.856,0.99
1289.876,0.99
1289.896,0.99
1289.916,0.99
1289.936,0.99
1289.956,0.99
1289.976,0.99
1289.996,0.99
1290.016,0.99
1290.036,0.99
1290.056,0.99
1290.076,0.99
1290.096,0.99
1290.116,0.99
1290.136,0.99
1290.156,0.99
1290.176,0.99
1290.196,0.99
1290.216,0.99
1290.236,0.99
1290.256,0.99
1290.276,0.99
1290.296,0.99
1290.316,0.99
1290.336,0.99
1290.356,0.99
1290.376,0.99
1290.396,0.99
1290.417,0.99
1290.437,0.99
1290.457,0.99
1290.477,0.99
1290.497,0.99
1290.517,0.99
1290.537,0.99
1290.557,0.99
1290.577,0.99
1290.597,0.99
1290.617,0.99
1290.637,0.99
1290.657,0.99
1290.677,0.99
1290.697,0.99
1290.717,0.99
1290.737,0.99
1290.757,0.99
1290.777,0.99
1290.797,0.99
1290.817,0.99
1290.837,0.99
1290.857,0.99
1290.877,0.99
1290.897,0.99
1290.917,0.99
1290.937,0.99
1290.957,0.99
1290.977,0.99
1290.997,0.99
1291.017,0.99
1291.037,0.99
1291.057,0.99
1291.077,0.99
1291.097,0.99
1291.117,0.99
1291.137,0.99
1291.157,0.99
1291.177,0.99
1291.197,0.99
1291.217,0.99
1291.237,0.99
1291.257,0.99
1291.277,0.99
1291.297,0.99
1291.317,0.99
1291.337,0.99
1291.357,0.99
1291.377,0.99
1291.397,0.99
1291.417,0.99
1291.438,0.99
1291.458,0.99
1291.478,0.99
1291.498,0.99
1291.518,0.99
1291.538,0.99
1291.558,0.99
1291.578,0.99
1291.598,0.99
1291.618,0.99
1291.638,0.99
1291.658,0.99
1291.678,0.99
1291.698,0.99
1291.718,0.99
1291.738,0.99
1291.758,0.99
1291.778,0.99
1291.798,0.99
1291.818,0.99
1291.838,0.99
1291.858,0.99
1291.878,0.99
1291.898,0.99
1291.918,0.99
1291.938,0.99
1291.958,0.99
1291.978,0.99
1291.998,0.99
1292.018,0.99
1292.038,0.99
1292.058,0.99
1292.078,0.99
1292.098,0.99
1292.118,0.99
1292.138,0.99
1292.158,0.99
1292.178,0.99
1292.198,0.99
1292.218,0.99
1292.238,0.99
1292.258,0.99
1292.278,0.99
1292.298,0.99
1292.318,0.99
1292.338,0.99
1292.358,0.99
1292.378,0.99
1292.398,0.99
1292.418,0.99
1292.438,0.99
1292.458,0.99
1292.479,0.99
1292.499,0.99
1292.519,0.99
1292.539,0.99
1292.559,0.99
1292.579,0.99
1292.599,0.99
1292.619,0.99
1292.639,0.99
1292.659,0.99
1292.679,0.99
1292.699,0.99
1292.719,0.99
1292.739,0.99
1292.759,0.99
1292.779,0.99
1292.799,0.99
1292.819,0.99
1292.839,0.99
1292.859,0.99
1292.879,0.99
1292.899,0.99
1292.919,0.99
1292.939,0.99
1292.959,0.99
1292.979,0.99
1292.999,0.99
1293.019,0.99
1293.039,0.99
1293.059,0.99
1293.079,0.99
1293.099,0.99
1293.119,0.99
1293.139,0.99
1293.159,0.99
1293.179,0.99
1293.199,0.99
1293.219,0.99
1293.239,0.99
1293.259,0.99
1293.279,0.99
1293.299,0.99
1293.319,0.99
1293.339,0.99
1293.359,0.99
1293.379,0.99
1293.399,0.99
1293.419,0.99
1293.439,0.99
1293.459,0.99
1293.479,0.99
1293.5,0.99
1293.52,0.99
1293.54,0.99
1293.56,0.99
1293.58,0.99
1293.6,0.99
1293.62,0.99
1293.64,0.99
1293.66,0.99
1293.68,0.99
1293.7,0.99
1293.72,0.99
1293.74,0.99
1293.76,0.99
1293.78,0.99
1293.8,0.99
1293.82,0.99
1293.84,0.99
1293.86,0.99
1293.88,0.99
1293.9,0.99
1293.92,0.99
1293.94,0.99
1293.96,0.99
1293.98,0.99
1294,0.99
1294.02,0.99
1294.04,0.99
1294.06,0.99
1294.08,0.99
1294.1,0.99
1294.12,0.99
1294.14,0.99
1294.16,0.99
1294.18,0.99
1294.2,0.99
1294.22,0.99
1294.24,0.99
1294.26,0.99
1294.28,0.99
1294.3,0.99
1294.32,0.99
1294.34,0.99
1294.36,0.99
1294.38,0.99
1294.4,0.99
1294.42,0.99
1294.44,0.99
1294.46,0.99
1294.48,0.99
1294.5,0.99
1294.521,0.99
1294.541,0.99
1294.561,0.99
1294.581,0.99
1294.601,0.99
1294.621,0.99
1294.641,0.99
1294.661,0.99
1294.681,0.99
1294.701,0.99
1294.721,0.99
1294.741,0.99
1294.761,0.99
1294.781,0.99
1294.801,0.99
1294.821,0.99
1294.841,0.99
1294.861,0.99
1294.881,0.99
1294.901,0.99
1294.921,0.99
1294.941,0.99
1294.961,0.99
1294.981,0.99
1295.001,0.99
1295.021,0.99
1295.041,0.99
1295.061,0.99
1295.081,0.99
1295.101,0.99
1295.121,0.99
1295.141,0.99
1295.161,0.99
1295.181,0.99
1295.201,0.99
1295.221,0.99
1295.241,0.99
1295.261,0.99
1295.281,0.99
1295.301,0.99
1295.321,0.99
1295.341,0.99
1295.361,0.99
1295.381,0.99
1295.401,0.99
1295.421,0.99
1295.441,0.99
1295.461,0.99
1295.481,0.99
1295.501,0.99
1295.521,0.99
1295.542,0.99
1295.562,0.99
1295.582,0.99
1295.602,0.99
1295.622,0.99
1295.642,0.99
1295.662,0.99
1295.682,0.99
1295.702,0.99
1295.722,0.99
1295.742,0.99
1295.762,0.99
1295.782,0.99
1295.802,0.99
1295.822,0.99
1295.842,0.99
1295.862,0.99
1295.882,0.99
1295.902,0.99
1295.922,0.99
1295.942,0.99
1295.962,0.99
1295.982,0.99
1296.002,0.99
1296.022,0.99
1296.042,0.99
1296.062,0.99
1296.082,0.99
1296.102,0.99
1296.122,0.99
1296.142,0.99
1296.162,0.99
1296.182,0.99
1296.202,0.99
1296.222,0.99
1296.242,0.99
1296.262,0.99
1296.282,0.99
1296.302,0.99
1296.322,0.99
1296.342,0.99
1296.362,0.99
1296.382,0.99
1296.402,0.99
1296.422,0.99
1296.442,0.99
1296.462,0.99
1296.482,0.99
1296.502,0.99
1296.522,0.99
1296.542,0.99
1296.563,0.99
1296.583,0.99
1296.603,0.99
1296.623,0.99
1296.643,0.99
1296.663,0.99
1296.683,0.99
1296.703,0.99
1296.723,0.99
1296.743,0.99
1296.763,0.99
1296.783,0.99
1296.803,0.99
1296.823,0.99
1296.843,0.99
1296.863,0.99
1296.883,0.99
1296.903,0.99
1296.923,0.99
1296.943,0.99
1296.963,0.99
1296.983,0.99
1297.003,0.99
1297.023,0.99
1297.043,0.99
1297.063,0.99
1297.083,0.99
1297.103,0.99
1297.123,0.99
1297.143,0.99
1297.163,0.99
1297.183,0.99
1297.203,0.99
1297.223,0.99
1297.243,0.99
1297.263,0.99
1297.283,0.99
1297.303,0.99
1297.323,0.99
1297.343,0.99
1297.363,0.99
1297.383,0.99
1297.403,0.99
1297.423,0.99
1297.443,0.99
1297.463,0.99
1297.483,0.99
1297.503,0.99
1297.523,0.99
1297.543,0.99
1297.563,0.99
1297.583,0.99
1297.604,0.99
1297.624,0.99
1297.644,0.99
1297.664,0.99
1297.684,0.99
1297.704,0.99
1297.724,0.99
1297.744,0.99
1297.764,0.99
1297.784,0.99
1297.804,0.99
1297.824,0.99
1297.844,0.99
1297.864,0.99
1297.884,0.99
1297.904,0.99
1297.924,0.99
1297.944,0.99
1297.964,0.99
1297.984,0.99
1298.004,0.99
1298.024,0.99
1298.044,0.99
1298.064,0.99
1298.084,0.99
1298.104,0.99
1298.124,0.99
1298.144,0.99
1298.164,0.99
1298.184,0.99
1298.204,0.99
1298.224,0.99
1298.244,0.99
1298.264,0.99
1298.284,0.99
1298.304,0.99
1298.324,0.99
1298.344,0.99
1298.364,0.99
1298.384,0.99
1298.404,0.99
1298.424,0.99
1298.444,0.99
1298.464,0.99
1298.484,0.99
1298.504,0.99
1298.524,0.99
1298.544,0.99
1298.564,0.99
1298.584,0.99
1298.604,0.99
1298.625,0.99
1298.645,0.99
1298.665,0.99
1298.685,0.99
1298.705,0.99
1298.725,0.99
1298.745,0.99
1298.765,0.99
1298.785,0.99
1298.805,0.99
1298.825,0.99
1298.845,0.99
1298.865,0.99
1298.885,0.99
1298.905,0.99
1298.925,0.99
1298.945,0.99
1298.965,0.99
1298.985,0.99
1299.005,0.99
1299.025,0.99
1299.045,0.99
1299.065,0.99
1299.085,0.99
1299.105,0.99
1299.125,0.99
1299.145,0.99
1299.165,0.99
1299.185,0.99
1299.205,0.99
1299.225,0.99
1299.245,0.99
1299.265,0.99
1299.285,0.99
1299.305,0.99
1299.325,0.99
1299.345,0.99
1299.365,0.99
1299.385,0.99
1299.405,0.99
1299.425,0.99
1299.445,0.99
1299.465,0.99
1299.485,0.99
1299.505,0.99
1299.525,0.99
1299.545,0.99
1299.565,0.99
1299.585,0.99
1299.605,0.99
1299.625,0.99
1299.646,0.99
1299.666,0.99
1299.686,0.99
1299.706,0.99
1299.726,0.99
1299.746,0.99
1299.766,0.99
1299.786,0.99
1299.806,0.99
1299.826,0.99
1299.846,0.99
1299.866,0.99
1299.886,0.99
1299.906,0.99
1299.926,0.99
1299.946,0.99
1299.966,0.99
1299.986,0.99
1300.006,0.99
1300.026,0.99
1300.046,0.99
1300.066,0.99
1300.086,0.99
1300.106,0.99
1300.126,0.99
1300.146,0.99
1300.166,0.99
1300.186,0.99
1300.206,0.99
1300.226,0.99
1300.246,0.99
1300.266,0.99
1300.286,0.99
1300.306,0.99
1300.326,0.99
1300.346,0.99
1300.366,0.99
1300.386,0.99
1300.406,0.99
1300.426,0.99
1300.446,0.99
1300.466,0.99
1300.486,0.99
1300.506,0.99
1300.526,0.99
1300.546,0.99
1300.566,0.99
1300.586,0.99
1300.606,0.99
1300.626,0.99
1300.646,0.99
1300.667,0.99
1300.687,0.99
1300.707,0.99
1300.727,0.99
1300.747,0.99
1300.767,0.99
1300.787,0.99
1300.807,0.99
1300.827,0.99
1300.847,0.99
1300.867,0.99
1300.887,0.99
1300.907,0.99
1300.927,0.99
1300.947,0.99
1300.967,0.99
1300.987,0.99
1301.007,0.99
1301.027,0.99
1301.047,0.99
1301.067,0.99
1301.087,0.99
1301.107,0.99
1301.127,0.99
1301.147,0.99
1301.167,0.99
1301.187,0.99
1301.207,0.99
1301.227,0.99
1301.247,0.99
1301.267,0.99
1301.287,0.99
1301.307,0.99
1301.327,0.99
1301.347,0.99
1301.367,0.99
1301.387,0.99
1301.407,0.99
1301.427,0.99
1301.447,0.99
1301.467,0.99
1301.487,0.99
1301.507,0.99
1301.527,0.99
1301.547,0.99
1301.567,0.99
1301.587,0.99
1301.607,0.99
1301.627,0.99
1301.647,0.99
1301.667,0.99
1301.688,0.99
1301.708,0.99
1301.728,0.99
1301.748,0.99
1301.768,0.99
1301.788,0.99
1301.808,0.99
1301.828,0.99
1301.848,0.99
1301.868,0.99
1301.888,0.99
1301.908,0.99
1301.928,0.99
1301.948,0.99
1301.968,0.99
1301.988,0.99
1302.008,0.99
1302.028,0.99
1302.048,0.99
1302.068,0.99
1302.088,0.99
1302.108,0.99
1302.128,0.99
1302.148,0.99
1302.168,0.99
1302.188,0.99
1302.208,0.99
1302.228,0.99
1302.248,0.99
1302.268,0.99
1302.288,0.99
1302.308,0.99
1302.328,0.99
1302.348,0.99
1302.368,0.99
1302.388,0.99
1302.408,0.99
1302.428,0.99
1302.448,0.99
1302.468,0.99
1302.488,0.99
1302.508,0.99
1302.528,0.99
1302.548,0.99
1302.568,0.99
1302.588,0.99
1302.608,0.99
1302.628,0.99
1302.648,0.99
1302.668,0.99
1302.688,0.99
1302.708,0.99
1302.729,0.99
1302.749,0.99
1302.769,0.99
1302.789,0.99
1302.809,0.99
1302.829,0.99
1302.849,0.99
1302.869,0.99
1302.889,0.99
1302.909,0.99
1302.929,0.99
1302.949,0.99
1302.969,0.99
1302.989,0.99
1303.009,0.99
1303.029,0.99
1303.049,0.99
1303.069,0.99
1303.089,0.99
1303.109,0.99
1303.129,0.99
1303.149,0.99
1303.169,0.99
1303.189,0.99
1303.209,0.99
1303.229,0.99
1303.249,0.99
1303.269,0.99
1303.289,0.99
1303.309,0.99
1303.329,0.99
1303.349,0.99
1303.369,0.99
1303.389,0.99
1303.409,0.99
1303.429,0.99
1303.449,0.99
1303.469,0.99
1303.489,0.99
1303.509,0.99
1303.529,0.99
1303.549,0.99
1303.569,0.99
1303.589,0.99
1303.609,0.99
1303.629,0.99
1303.649,0.99
1303.669,0.99
1303.689,0.99
1303.709,0.99
1303.729,0.99
1303.75,0.99
1303.77,0.99
1303.79,0.99
1303.81,0.99
1303.83,0.99
1303.85,0.99
1303.87,0.99
1303.89,0.99
1303.91,0.99
1303.93,0.99
1303.95,0.99
1303.97,0.99
1303.99,0.99
1304.01,0.99
1304.03,0.99
1304.05,0.99
1304.07,0.99
1304.09,0.99
1304.11,0.99
1304.13,0.99
1304.15,0.99
1304.17,0.99
1304.19,0.99
1304.21,0.99
1304.23,0.99
1304.25,0.99
1304.27,0.99
1304.29,0.99
1304.31,0.99
1304.33,0.99
1304.35,0.99
1304.37,0.99
1304.39,0.99
1304.41,0.99
1304.43,0.99
1304.45,0.99
1304.47,0.99
1304.49,0.99
1304.51,0.99
1304.53,0.99
1304.55,0.99
1304.57,0.99
1304.59,0.99
1304.61,0.99
1304.63,0.99
1304.65,0.99
1304.67,0.99
1304.69,0.99
1304.71,0.99
1304.73,0.99
1304.75,0.99
1304.771,0.99
1304.791,0.99
1304.811,0.99
1304.831,0.99
1304.851,0.99
1304.871,0.99
1304.891,0.99
1304.911,0.99
1304.931,0.99
1304.951,0.99
1304.971,0.99
1304.991,0.99
1305.011,0.99
1305.031,0.99
1305.051,0.99
1305.071,0.99
1305.091,0.99
1305.111,0.99
1305.131,0.99
1305.151,0.99
1305.171,0.99
1305.191,0.99
1305.211,0.99
1305.231,0.99
1305.251,0.99
1305.271,0.99
1305.291,0.99
1305.311,0.99
1305.331,0.99
1305.351,0.99
1305.371,0.99
1305.391,0.99
1305.411,0.99
1305.431,0.99
1305.451,0.99
1305.471,0.99
1305.491,0.99
1305.511,0.99
1305.531,0.99
1305.551,0.99
1305.571,0.99
1305.591,0.99
1305.611,0.99
1305.631,0.99
1305.651,0.99
1305.671,0.99
1305.691,0.99
1305.711,0.99
1305.731,0.99
1305.751,0.99
1305.771,0.99
1305.792,0.99
1305.812,0.99
1305.832,0.99
1305.852,0.99
1305.872,0.99
1305.892,0.99
1305.912,0.99
1305.932,0.99
1305.952,0.99
1305.972,0.99
1305.992,0.99
1306.012,0.99
1306.032,0.99
1306.052,0.99
1306.072,0.99
1306.092,0.99
1306.112,0.99
1306.132,0.99
1306.152,0.99
1306.172,0.99
1306.192,0.99
1306.212,0.99
1306.232,0.99
1306.252,0.99
1306.272,0.99
1306.292,0.99
1306.312,0.99
1306.332,0.99
1306.352,0.99
1306.372,0.99
1306.392,0.99
1306.412,0.99
1306.432,0.99
1306.452,0.99
1306.472,0.99
1306.492,0.99
1306.512,0.99
1306.532,0.99
1306.552,0.99
1306.572,0.99
1306.592,0.99
1306.612,0.99
1306.632,0.99
1306.652,0.99
1306.672,0.99
1306.692,0.99
1306.712,0.99
1306.732,0.99
1306.752,0.99
1306.772,0.99
1306.792,0.99
1306.813,0.99
1306.833,0.99
1306.853,0.99
1306.873,0.99
1306.893,0.99
1306.913,0.99
1306.933,0.99
1306.953,0.99
1306.973,0.99
1306.993,0.99
1307.013,0.99
1307.033,0.99
1307.053,0.99
1307.073,0.99
1307.093,0.99
1307.113,0.99
1307.133,0.99
1307.153,0.99
1307.173,0.99
1307.193,0.99
1307.213,0.99
1307.233,0.99
1307.253,0.99
1307.273,0.99
1307.293,0.99
1307.313,0.99
1307.333,0.99
1307.353,0.99
1307.373,0.99
1307.393,0.99
1307.413,0.99
1307.433,0.99
1307.453,0.99
1307.473,0.99
1307.493,0.99
1307.513,0.99
1307.533,0.99
1307.553,0.99
1307.573,0.99
1307.593,0.99
1307.613,0.99
1307.633,0.99
1307.653,0.99
1307.673,0.99
1307.693,0.99
1307.713,0.99
1307.733,0.99
1307.753,0.99
1307.773,0.99
1307.793,0.99
1307.813,0.99
1307.833,0.99
1307.854,0.99
1307.874,0.99
1307.894,0.99
1307.914,0.99
1307.934,0.99
1307.954,0.99
1307.974,0.99
1307.994,0.99
1308.014,0.99
1308.034,0.99
1308.054,0.99
1308.074,0.99
1308.094,0.99
1308.114,0.99
1308.134,0.99
1308.154,0.99
1308.174,0.99
1308.194,0.99
1308.214,0.99
1308.234,0.99
1308.254,0.99
1308.274,0.99
1308.294,0.99
1308.314,0.99
1308.334,0.99
1308.354,0.99
1308.374,0.99
1308.394,0.99
1308.414,0.99
1308.434,0.99
1308.454,0.99
1308.474,0.99
1308.494,0.99
1308.514,0.99
1308.534,0.99
1308.554,0.99
1308.574,0.99
1308.594,0.99
1308.614,0.99
1308.634,0.99
1308.654,0.99
1308.674,0.99
1308.694,0.99
1308.714,0.99
1308.734,0.99
1308.754,0.99
1308.774,0.99
1308.794,0.99
1308.814,0.99
1308.834,0.99
1308.854,0.99
1308.875,0.99
1308.895,0.99
1308.915,0.99
1308.935,0.99
1308.955,0.99
1308.975,0.99
1308.995,0.99
1309.015,0.99
1309.035,0.99
1309.055,0.99
1309.075,0.99
1309.095,0.99
1309.115,0.99
1309.135,0.99
1309.155,0.99
1309.175,0.99
1309.195,0.99
1309.215,0.99
1309.235,0.99
1309.255,0.99
1309.275,0.99
1309.295,0.99
1309.315,0.99
1309.335,0.99
1309.355,0.99
1309.375,0.99
1309.395,0.99
1309.415,0.99
1309.435,0.99
1309.455,0.99
1309.475,0.99
1309.495,0.99
1309.515,0.99
1309.535,0.99
1309.555,0.99
1309.575,0.99
1309.595,0.99
1309.615,0.99
1309.635,0.99
1309.655,0.99
1309.675,0.99
1309.695,0.99
1309.715,0.99
1309.735,0.99
1309.755,0.99
1309.775,0.99
1309.795,0.99
1309.815,0.99
1309.835,0.99
1309.855,0.99
1309.875,0.99
1309.896,0.99
1309.916,0.99
1309.936,0.99
1309.956,0.99
1309.976,0.99
1309.996,0.99
1310.016,0.99
1310.036,0.99
1310.056,0.99
1310.076,0.99
1310.096,0.99
1310.116,0.99
1310.136,0.99
1310.156,0.99
1310.176,0.99
1310.196,0.99
1310.216,0.99
1310.236,0.99
1310.256,0.99
1310.276,0.99
1310.296,0.99
1310.316,0.99
1310.336,0.99
1310.356,0.99
1310.376,0.99
1310.396,0.99
1310.416,0.99
1310.436,0.99
1310.456,0.99
1310.476,0.99
1310.496,0.99
1310.516,0.99
1310.536,0.99
1310.556,0.99
1310.576,0.99
1310.596,0.99
1310.616,0.99
1310.636,0.99
1310.656,0.99
1310.676,0.99
1310.696,0.99
1310.716,0.99
1310.736,0.99
1310.756,0.99
1310.776,0.99
1310.796,0.99
1310.816,0.99
1310.836,0.99
1310.856,0.99
1310.876,0.99
1310.896,0.99
1310.917,0.99
1310.937,0.99
1310.957,0.99
1310.977,0.99
1310.997,0.99
1311.017,0.99
1311.037,0.99
1311.057,0.99
1311.077,0.99
1311.097,0.99
1311.117,0.99
1311.137,0.99
1311.157,0.99
1311.177,0.99
1311.197,0.99
1311.217,0.99
1311.237,0.99
1311.257,0.99
1311.277,0.99
1311.297,0.99
1311.317,0.99
1311.337,0.99
1311.357,0.99
1311.377,0.99
1311.397,0.99
1311.417,0.99
1311.437,0.99
1311.457,0.99
1311.477,0.99
1311.497,0.99
1311.517,0.99
1311.537,0.99
1311.557,0.99
1311.577,0.99
1311.597,0.99
1311.617,0.99
1311.637,0.99
1311.657,0.99
1311.677,0.99
1311.697,0.99
1311.717,0.99
1311.737,0.99
1311.757,0.99
1311.777,0.99
1311.797,0.99
1311.817,0.99
1311.837,0.99
1311.857,0.99
1311.877,0.99
1311.897,0.99
1311.917,0.99
1311.938,0.99
1311.958,0.99
1311.978,0.99
1311.998,0.99
1312.018,0.99
1312.038,0.99
1312.058,0.99
1312.078,0.99
1312.098,0.99
1312.118,0.99
1312.138,0.99
1312.158,0.99
1312.178,0.99
1312.198,0.99
1312.218,0.99
1312.238,0.99
1312.258,0.99
1312.278,0.99
1312.298,0.99
1312.318,0.99
1312.338,0.99
1312.358,0.99
1312.378,0.99
1312.398,0.99
1312.418,0.99
1312.438,0.99
1312.458,0.99
1312.478,0.99
1312.498,0.99
1312.518,0.99
1312.538,0.99
1312.558,0.99
1312.578,0.99
1312.598,0.99
1312.618,0.99
1312.638,0.99
1312.658,0.99
1312.678,0.99
1312.698,0.99
1312.718,0.99
1312.738,0.99
1312.758,0.99
1312.778,0.99
1312.798,0.99
1312.818,0.99
1312.838,0.99
1312.858,0.99
1312.878,0.99
1312.898,0.99
1312.918,0.99
1312.938,0.99
1312.958,0.99
1312.979,0.99
1312.999,0.99
1313.019,0.99
1313.039,0.99
1313.059,0.99
1313.079,0.99
1313.099,0.99
1313.119,0.99
1313.139,0.99
1313.159,0.99
1313.179,0.99
1313.199,0.99
1313.219,0.99
1313.239,0.99
1313.259,0.99
1313.279,0.99
1313.299,0.99
1313.319,0.99
1313.339,0.99
1313.359,0.99
1313.379,0.99
1313.399,0.99
1313.419,0.99
1313.439,0.99
1313.459,0.99
1313.479,0.99
1313.499,0.99
1313.519,0.99
1313.539,0.99
1313.559,0.99
1313.579,0.99
1313.599,0.99
1313.619,0.99
1313.639,0.99
1313.659,0.99
1313.679,0.99
1313.699,0.99
1313.719,0.99
1313.739,0.99
1313.759,0.99
1313.779,0.99
1313.799,0.99
1313.819,0.99
1313.839,0.99
1313.859,0.99
1313.879,0.99
1313.899,0.99
1313.919,0.99
1313.939,0.99
1313.959,0.99
1313.979,0.99
1314,0.99
1314.02,0.99
1314.04,0.99
1314.06,0.99
1314.08,0.99
1314.1,0.99
1314.12,0.99
1314.14,0.99
1314.16,0.99
1314.18,0.99
1314.2,0.99
1314.22,0.99
1314.24,0.99
1314.26,0.99
1314.28,0.99
1314.3,0.99
1314.32,0.99
1314.34,0.99
1314.36,0.99
1314.38,0.99
1314.4,0.99
1314.42,0.99
1314.44,0.99
1314.46,0.99
1314.48,0.99
1314.5,0.99
1314.52,0.99
1314.54,0.99
1314.56,0.99
1314.58,0.99
1314.6,0.99
1314.62,0.99
1314.64,0.99
1314.66,0.99
1314.68,0.99
1314.7,0.99
1314.72,0.99
1314.74,0.99
1314.76,0.99
1314.78,0.99
1314.8,0.99
1314.82,0.99
1314.84,0.99
1314.86,0.99
1314.88,0.99
1314.9,0.99
1314.92,0.99
1314.94,0.99
1314.96,0.99
1314.98,0.99
1315,0.99
1315.021,0.99
1315.041,0.99
1315.061,0.99
1315.081,0.99
1315.101,0.99
1315.121,0.99
1315.141,0.99
1315.161,0.99
1315.181,0.99
1315.201,0.99
1315.221,0.99
1315.241,0.99
1315.261,0.99
1315.281,0.99
1315.301,0.99
1315.321,0.99
1315.341,0.99
1315.361,0.99
1315.381,0.99
1315.401,0.99
1315.421,0.99
1315.441,0.99
1315.461,0.99
1315.481,0.99
1315.501,0.99
1315.521,0.99
1315.541,0.99
1315.561,0.99
1315.581,0.99
1315.601,0.99
1315.621,0.99
1315.641,0.99
1315.661,0.99
1315.681,0.99
1315.701,0.99
1315.721,0.99
1315.741,0.99
1315.761,0.99
1315.781,0.99
1315.801,0.99
1315.821,0.99
1315.841,0.99
1315.861,0.99
1315.881,0.99
1315.901,0.99
1315.921,0.99
1315.941,0.99
1315.961,0.99
1315.981,0.99
1316.001,0.99
1316.021,0.99
1316.042,0.99
1316.062,0.99
1316.082,0.99
1316.102,0.99
1316.122,0.99
1316.142,0.99
1316.162,0.99
1316.182,0.99
1316.202,0.99
1316.222,0.99
1316.242,0.99
1316.262,0.99
1316.282,0.99
1316.302,0.99
1316.322,0.99
1316.342,0.99
1316.362,0.99
1316.382,0.99
1316.402,0.99
1316.422,0.99
1316.442,0.99
1316.462,0.99
1316.482,0.99
1316.502,0.99
1316.522,0.99
1316.542,0.99
1316.562,0.99
1316.582,0.99
1316.602,0.99
1316.622,0.99
1316.642,0.99
1316.662,0.99
1316.682,0.99
1316.702,0.99
1316.722,0.99
1316.742,0.99
1316.762,0.99
1316.782,0.99
1316.802,0.99
1316.822,0.99
1316.842,0.99
1316.862,0.99
1316.882,0.99
1316.902,0.99
1316.922,0.99
1316.942,0.99
1316.962,0.99
1316.982,0.99
1317.002,0.99
1317.022,0.99
1317.042,0.99
1317.063,0.99
1317.083,0.99
1317.103,0.99
1317.123,0.99
1317.143,0.99
1317.163,0.99
1317.183,0.99
1317.203,0.99
1317.223,0.99
1317.243,0.99
1317.263,0.99
1317.283,0.99
1317.303,0.99
1317.323,0.99
1317.343,0.99
1317.363,0.99
1317.383,0.99
1317.403,0.99
1317.423,0.99
1317.443,0.99
1317.463,0.99
1317.483,0.99
1317.503,0.99
1317.523,0.99
1317.543,0.99
1317.563,0.99
1317.583,0.99
1317.603,0.99
1317.623,0.99
1317.643,0.99
1317.663,0.99
1317.683,0.99
1317.703,0.99
1317.723,0.99
1317.743,0.99
1317.763,0.99
1317.783,0.99
1317.803,0.99
1317.823,0.99
1317.843,0.99
1317.863,0.99
1317.883,0.99
1317.903,0.99
1317.923,0.99
1317.943,0.99
1317.963,0.99
1317.983,0.99
1318.003,0.99
1318.023,0.99
1318.043,0.99
1318.063,0.99
1318.083,0.99
1318.104,0.99
1318.124,0.99
1318.144,0.99
1318.164,0.99
1318.184,0.99
1318.204,0.99
1318.224,0.99
1318.244,0.99
1318.264,0.99
1318.284,0.99
1318.304,0.99
1318.324,0.995
1318.344,0.995
1318.364,0.995
1318.384,0.995
1318.404,0.995
1318.424,0.995
1318.444,0.995
1318.464,0.995
1318.484,0.995
1318.504,0.995
1318.524,0.995
1318.544,0.995
1318.564,0.995
1318.584,0.995
1318.604,0.995
1318.624,0.995
1318.644,0.995
1318.664,0.995
1318.684,0.995
1318.704,0.995
1318.724,0.995
1318.744,0.995
1318.764,0.995
1318.784,0.995
1318.804,0.995
1318.824,0.995
1318.844,0.995
1318.864,0.995
1318.884,0.995
1318.904,0.995
1318.924,0.995
1318.944,0.995
1318.964,0.995
1318.984,0.995
1319.004,0.995
1319.024,0.995
1319.044,0.995
1319.064,0.995
1319.084,0.995
1319.104,0.995
1319.125,0.995
1319.145,0.995
1319.165,0.995
1319.185,0.995
1319.205,0.995
1319.225,0.995
1319.245,0.995
1319.265,0.995
1319.285,0.995
1319.305,0.995
1319.325,0.995
1319.345,0.995
1319.365,0.995
1319.385,0.995
1319.405,0.995
1319.425,0.995
1319.445,0.995
1319.465,0.995
1319.485,0.995
1319.505,0.995
1319.525,0.995
1319.545,0.995
1319.565,0.995
1319.585,0.995
1319.605,0.995
1319.625,0.995
1319.645,0.995
1319.665,0.995
1319.685,0.995
1319.705,0.995
1319.725,0.995
1319.745,0.995
1319.765,0.995
1319.785,0.995
1319.805,0.995
1319.825,0.995
1319.845,0.995
1319.865,0.995
1319.885,0.995
1319.905,0.995
1319.925,0.995
1319.945,0.995
1319.965,0.995
1319.985,0.995
1320.005,0.995
1320.025,0.995
1320.045,0.995
1320.065,0.995
1320.085,0.995
1320.105,0.995
1320.125,0.995
1320.146,0.995
1320.166,0.995
1320.186,0.995
1320.206,0.995
1320.226,0.995
1320.246,0.995
1320.266,0.995
1320.286,0.995
1320.306,0.995
1320.326,0.995
1320.346,0.995
1320.366,0.995
1320.386,0.995
1320.406,0.995
1320.426,0.995
1320.446,0.995
1320.466,0.995
1320.486,0.995
1320.506,0.995
1320.526,0.995
1320.546,0.995
1320.566,0.995
1320.586,0.995
1320.606,0.995
1320.626,0.995
1320.646,0.995
1320.666,0.995
1320.686,0.995
1320.706,0.995
1320.726,0.995
1320.746,0.995
1320.766,0.995
1320.786,0.995
1320.806,0.995
1320.826,0.995
1320.846,0.995
1320.866,0.995
1320.886,0.995
1320.906,0.995
1320.926,0.995
1320.946,0.995
1320.966,0.995
1320.986,0.995
1321.006,0.995
1321.026,0.995
1321.046,0.995
1321.066,0.995
1321.086,0.995
1321.106,0.995
1321.126,0.995
1321.146,0.995
1321.167,0.995
1321.187,0.995
1321.207,0.995
1321.227,0.995
1321.247,0.995
1321.267,0.995
1321.287,0.995
1321.307,0.995
1321.327,0.995
1321.347,0.995
1321.367,0.995
1321.387,0.995
1321.407,0.995
1321.427,0.995
1321.447,0.995
1321.467,0.995
1321.487,0.995
1321.507,0.995
1321.527,0.995
1321.547,0.995
1321.567,0.995
1321.587,0.995
1321.607,0.995
1321.627,0.995
1321.647,0.995
1321.667,0.995
1321.687,0.995
1321.707,0.995
1321.727,0.995
1321.747,0.995
1321.767,0.995
1321.787,0.995
1321.807,0.995
1321.827,0.995
1321.847,0.995
1321.867,0.995
1321.887,0.995
1321.907,0.995
1321.927,0.995
1321.947,0.995
1321.967,0.995
1321.987,0.995
1322.007,0.995
1322.027,0.995
1322.047,0.995
1322.067,0.995
1322.087,0.995
1322.107,0.995
1322.127,0.995
1322.147,0.995
1322.167,0.995
1322.188,0.995
1322.208,0.995
1322.228,0.995
1322.248,0.995
1322.268,0.995
1322.288,0.995
1322.308,0.995
1322.328,0.995
1322.348,0.995
1322.368,0.995
1322.388,0.995
1322.408,0.995
1322.428,0.995
1322.448,0.995
1322.468,0.995
1322.488,0.995
1322.508,0.995
1322.528,0.995
1322.548,0.995
1322.568,0.995
1322.588,0.995
1322.608,0.995
1322.628,0.995
1322.648,0.995
1322.668,0.995
1322.688,0.995
1322.708,0.995
1322.728,0.995
1322.748,0.995
1322.768,0.995
1322.788,0.995
1322.808,0.995
1322.828,0.995
1322.848,0.995
1322.868,0.995
1322.888,0.995
1322.908,0.995
1322.928,0.995
1322.948,0.995
1322.968,0.995
1322.988,0.995
1323.008,0.995
1323.028,0.995
1323.048,0.995
1323.068,0.995
1323.088,0.995
1323.108,0.995
1323.128,0.995
1323.148,0.995
1323.168,0.995
1323.188,0.995
1323.208,0.995
1323.229,0.995
1323.249,0.995
1323.269,0.995
1323.289,0.995
1323.309,0.995
1323.329,0.995
1323.349,0.995
1323.369,0.995
1323.389,0.995
1323.409,0.995
1323.429,0.995
1323.449,0.995
1323.469,0.995
1323.489,0.995
1323.509,0.995
1323.529,0.995
1323.549,0.995
1323.569,0.995
1323.589,0.995
1323.609,0.995
1323.629,0.995
1323.649,0.995
1323.669,0.995
1323.689,0.995
1323.709,0.995
1323.729,0.995
1323.749,0.995
1323.769,0.995
1323.789,0.995
1323.809,0.995
1323.829,0.995
1323.849,0.995
1323.869,0.995
1323.889,0.995
1323.909,0.995
1323.929,0.995
1323.949,0.995
1323.969,0.995
1323.989,0.995
1324.009,0.995
1324.029,0.995
1324.049,0.995
1324.069,0.995
1324.089,0.995
1324.109,0.995
1324.129,0.995
1324.149,0.995
1324.169,0.995
1324.189,0.995
1324.209,0.995
1324.229,0.995
1324.25,0.995
1324.27,0.995
1324.29,0.995
1324.31,0.995
1324.33,0.995
1324.35,0.995
1324.37,0.995
1324.39,0.995
1324.41,0.995
1324.43,0.995
1324.45,0.995
1324.47,0.995
1324.49,0.995
1324.51,0.995
1324.53,0.995
1324.55,0.995
1324.57,0.995
1324.59,0.995
1324.61,0.995
1324.63,0.995
1324.65,0.995
1324.67,0.995
1324.69,0.995
1324.71,0.995
1324.73,0.995
1324.75,0.995
1324.77,0.995
1324.79,0.995
1324.81,0.995
1324.83,0.995
1324.85,0.995
1324.87,0.995
1324.89,0.995
1324.91,0.995
1324.93,0.995
1324.95,0.995
1324.97,0.995
1324.99,0.995
1325.01,0.995
1325.03,0.995
1325.05,0.995
1325.07,0.995
1325.09,0.995
1325.11,0.995
1325.13,0.995
1325.15,0.995
1325.17,0.995
1325.19,0.995
1325.21,0.995
1325.23,0.995
1325.25,0.995
1325.271,0.995
1325.291,0.995
1325.311,0.995
1325.331,0.995
1325.351,0.995
1325.371,0.995
1325.391,0.995
1325.411,0.995
1325.431,0.995
1325.451,0.995
1325.471,0.995
1325.491,0.995
1325.511,0.995
1325.531,0.995
1325.551,0.995
1325.571,0.995
1325.591,0.995
1325.611,0.995
1325.631,0.995
1325.651,0.995
1325.671,0.995
1325.691,0.995
1325.711,0.995
1325.731,0.995
1325.751,0.995
1325.771,0.995
1325.791,0.995
1325.811,0.995
1325.831,0.995
1325.851,0.995
1325.871,0.995
1325.891,0.995
1325.911,0.995
1325.931,0.995
1325.951,0.995
1325.971,0.995
1325.991,0.995
1326.011,0.995
1326.031,0.995
1326.051,0.995
1326.071,0.995
1326.091,0.995
1326.111,0.995
1326.131,0.995
1326.151,0.995
1326.171,0.995
1326.191,0.995
1326.211,0.995
1326.231,0.995
1326.251,0.995
1326.271,0.995
1326.292,0.995
1326.312,0.995
1326.332,0.995
1326.352,0.995
1326.372,0.995
1326.392,0.995
1326.412,0.995
1326.432,0.995
1326.452,0.995
1326.472,0.995
1326.492,0.995
1326.512,0.995
1326.532,0.995
1326.552,0.995
1326.572,0.995
1326.592,0.995
1326.612,0.995
1326.632,0.995
1326.652,0.995
1326.672,0.995
1326.692,0.995
1326.712,0.995
1326.732,0.995
1326.752,0.995
1326.772,0.995
1326.792,0.995
1326.812,0.995
1326.832,0.995
1326.852,0.995
1326.872,0.995
1326.892,0.995
1326.912,0.995
1326.932,0.995
1326.952,0.995
1326.972,0.995
1326.992,0.995
1327.012,0.995
1327.032,0.995
1327.052,0.995
1327.072,0.995
1327.092,0.995
1327.112,0.995
1327.132,0.995
1327.152,0.995
1327.172,0.995
1327.192,0.995
1327.212,0.995
1327.232,0.995
1327.252,0.995
1327.272,0.995
1327.292,0.995
1327.313,0.995
1327.333,0.995
1327.353,0.995
1327.373,0.995
1327.393,0.995
1327.413,0.995
1327.433,0.995
1327.453,0.995
1327.473,0.995
1327.493,0.995
1327.513,0.995
1327.533,0.995
1327.553,0.995
1327.573,0.995
1327.593,0.995
1327.613,0.995
1327.633,0.995
1327.653,0.995
1327.673,0.995
1327.693,0.995
1327.713,0.995
1327.733,0.995
1327.753,0.995
1327.773,0.995
1327.793,0.995
1327.813,0.995
1327.833,0.995
1327.853,0.995
1327.873,0.995
1327.893,0.995
1327.913,0.995
1327.933,0.995
1327.953,0.995
1327.973,0.995
1327.993,0.995
1328.013,0.995
1328.033,0.995
1328.053,0.995
1328.073,0.995
1328.093,0.995
1328.113,0.995
1328.133,0.995
1328.153,0.995
1328.173,0.995
1328.193,0.995
1328.213,0.995
1328.233,0.995
1328.253,0.995
1328.273,0.995
1328.293,0.995
1328.313,0.995
1328.333,0.995
1328.354,0.995
1328.374,0.995
1328.394,0.995
1328.414,0.995
1328.434,0.995
1328.454,0.995
1328.474,0.995
1328.494,0.995
1328.514,0.995
1328.534,0.995
1328.554,0.995
1328.574,0.995
1328.594,0.995
1328.614,0.995
1328.634,0.995
1328.654,0.995
1328.674,0.995
1328.694,0.995
1328.714,0.995
1328.734,0.995
1328.754,0.995
1328.774,0.995
1328.794,0.995
1328.814,0.995
1328.834,0.995
1328.854,0.995
1328.874,0.995
1328.894,0.995
1328.914,0.995
1328.934,0.995
1328.954,0.995
1328.974,0.995
1328.994,0.995
1329.014,0.995
1329.034,0.995
1329.054,0.995
1329.074,0.995
1329.094,0.995
1329.114,0.995
1329.134,0.995
1329.154,0.995
1329.174,0.995
1329.194,0.995
1329.214,0.995
1329.234,0.995
1329.254,0.995
1329.274,0.995
1329.294,0.995
1329.314,0.995
1329.334,0.995
1329.354,0.995
1329.375,0.995
1329.395,0.995
1329.415,0.995
1329.435,0.995
1329.455,0.995
1329.475,0.995
1329.495,0.995
1329.515,0.995
1329.535,0.995
1329.555,0.995
1329.575,0.995
1329.595,0.995
1329.615,0.995
1329.635,0.995
1329.655,0.995
1329.675,0.995
1329.695,0.995
1329.715,0.995
1329.735,0.995
1329.755,0.995
1329.775,0.995
1329.795,0.995
1329.815,0.995
1329.835,0.995
1329.855,0.995
1329.875,0.995
1329.895,0.995
1329.915,0.995
1329.935,0.995
1329.955,0.995
1329.975,0.995
1329.995,0.995
1330.015,0.995
1330.035,0.995
1330.055,0.995
1330.075,0.995
1330.095,0.995
1330.115,0.995
1330.135,0.995
1330.155,0.995
1330.175,0.995
1330.195,0.995
1330.215,0.995
1330.235,0.995
1330.255,0.995
1330.275,0.995
1330.295,0.995
1330.315,0.995
1330.335,0.995
1330.355,0.995
1330.375,0.995
1330.396,0.995
1330.416,0.995
1330.436,0.995
1330.456,0.995
1330.476,0.995
1330.496,0.995
1330.516,0.995
1330.536,0.995
1330.556,0.995
1330.576,0.995
1330.596,0.995
1330.616,0.995
1330.636,0.995
1330.656,0.995
1330.676,0.995
1330.696,0.995
1330.716,0.995
1330.736,0.995
1330.756,0.995
1330.776,0.995
1330.796,0.995
1330.816,0.995
1330.836,0.995
1330.856,0.995
1330.876,0.995
1330.896,0.995
1330.916,0.995
1330.936,0.995
1330.956,0.995
1330.976,0.995
1330.996,0.995
1331.016,0.995
1331.036,0.995
1331.056,0.995
1331.076,0.995
1331.096,0.995
1331.116,0.995
1331.136,0.995
1331.156,0.995
1331.176,0.995
1331.196,0.995
1331.216,0.995
1331.236,0.995
1331.256,0.995
1331.276,0.995
1331.296,0.995
1331.316,0.995
1331.336,0.995
1331.356,0.995
1331.376,0.995
1331.396,0.995
1331.417,0.995
1331.437,0.995
1331.457,0.995
1331.477,0.995
1331.497,0.995
1331.517,0.995
1331.537,0.995
1331.557,0.995
1331.577,0.995
1331.597,0.995
1331.617,0.995
1331.637,0.995
1331.657,0.995
1331.677,0.995
1331.697,0.995
1331.717,0.995
1331.737,0.995
1331.757,0.995
1331.777,0.995
1331.797,0.995
1331.817,0.995
1331.837,0.995
1331.857,0.995
1331.877,0.995
1331.897,0.995
1331.917,0.995
1331.937,0.995
1331.957,0.995
1331.977,0.995
1331.997,0.995
1332.017,0.995
1332.037,0.995
1332.057,0.995
1332.077,0.995
1332.097,0.995
1332.117,0.995
1332.137,0.995
1332.157,0.995
1332.177,0.995
1332.197,0.995
1332.217,0.995
1332.237,0.995
1332.257,0.995
1332.277,0.995
1332.297,0.995
1332.317,0.995
1332.337,0.995
1332.357,0.995
1332.377,0.995
1332.397,0.995
1332.417,0.995
1332.438,0.995
1332.458,0.995
1332.478,0.995
1332.498,0.995
1332.518,0.995
1332.538,0.995
1332.558,0.995
1332.578,0.995
1332.598,0.995
1332.618,0.995
1332.638,0.995
1332.658,0.995
1332.678,0.995
1332.698,0.995
1332.718,0.995
1332.738,0.995
1332.758,0.995
1332.778,0.995
1332.798,0.995
1332.818,0.995
1332.838,0.995
1332.858,0.995
1332.878,0.995
1332.898,0.995
1332.918,0.995
1332.938,0.995
1332.958,0.995
1332.978,0.995
1332.998,0.995
1333.018,0.995
1333.038,0.995
1333.058,0.995
1333.078,0.995
1333.098,0.995
1333.118,0.995
1333.138,0.995
1333.158,0.995
1333.178,0.995
1333.198,0.995
1333.218,0.995
1333.238,0.995
1333.258,0.995
1333.278,0.995
1333.298,0.995
1333.318,0.995
1333.338,0.995
1333.358,0.995
1333.378,0.995
1333.398,0.995
1333.418,0.995
1333.438,0.995
1333.458,0.995
1333.479,0.995
1333.499,0.995
1333.519,0.995
1333.539,0.995
1333.559,0.995
1333.579,0.995
1333.599,0.995
1333.619,0.995
1333.639,0.995
1333.659,0.995
1333.679,0.995
1333.699,0.995
1333.719,0.995
1333.739,0.995
1333.759,0.995
1333.779,0.995
1333.799,0.995
1333.819,0.995
1333.839,0.995
1333.859,0.995
1333.879,0.995
1333.899,0.995
1333.919,0.995
1333.939,0.995
1333.959,0.995
1333.979,0.995
1333.999,0.995
1334.019,1
