Elapsed Sec,Evacuation Rate
0.01999999,0
0.03999998,0
0.05999998,0
0.07999997,0
0.09999996,0
0.12,0
0.14,0
0.16,0
0.1799999,0
0.1999999,0
0.2199999,0
0.2399999,0
0.2599999,0
0.2799999,0
0.2999999,0
0.3199999,0
0.3399999,0
0.3599998,0
0.3799998,0
0.3999998,0
0.4199998,0
0.4399998,0
0.4599997,0
0.4799997,0
0.4999997,0
0.5199997,0
0.5399997,0
0.5599996,0
0.5799996,0.2740385
0.5999996,0.2740385
0.6199996,0.2740385
0.6399996,0.2740385
0.6599995,0.2740385
0.6799995,0.2740385
0.6999995,0.2740385
0.7199995,0.2740385
0.7399995,0.2740385
0.7599995,0.2740385
0.7799994,0.2740385
0.7999994,0.2740385
0.8199994,0.2740385
0.8399994,0.2740385
0.8599994,0.2740385
0.8799993,0.2740385
0.8999993,0.2740385
0.9199993,0.2740385
0.9399993,0.2740385
0.9599993,0.2740385
0.9799992,0.2740385
0.9999992,0.2740385
1.019999,0.2740385
1.039999,0.2740385
1.059999,0.2740385
1.079999,0.2740385
1.099999,0.2740385
1.119999,0.2740385
1.139999,0.2740385
1.159999,0.2740385
1.179999,0.2740385
1.199999,0.2740385
1.219999,0.2740385
1.239999,0.2740385
1.259999,0.2740385
1.279999,0.2740385
1.299999,0.2740385
1.319999,0.2740385
1.339999,0.2740385
1.359999,0.2740385
1.379999,0.2740385
1.399999,0.2740385
1.419999,0.2740385
1.439999,0.2740385
1.459999,0.2740385
1.479999,0.2740385
1.499999,0.2740385
1.519999,0.2740385
1.539999,0.2740385
1.559999,0.2740385
1.579999,0.2740385
1.599999,0.2740385
1.619999,0.2740385
1.639999,0.2740385
1.659999,0.2740385
1.679999,0.2740385
1.699999,0.2740385
1.719999,0.2740385
1.739999,0.2740385
1.759999,0.2740385
1.779999,0.2740385
1.799999,0.2740385
1.819999,0.2740385
1.839998,0.2740385
1.859998,0.2740385
1.879998,0.2740385
1.899998,0.2740385
1.919998,0.2740385
1.939998,0.2740385
1.959998,0.2740385
1.979998,0.2740385
1.999998,0.2740385
2.019998,0.2740385
2.039998,0.2740385
2.059998,0.2740385
2.079998,0.2740385
2.099998,0.2740385
2.119998,0.2740385
2.139998,0.2740385
2.159998,0.2740385
2.179998,0.2740385
2.199998,0.2740385
2.219998,0.2740385
2.239998,0.2740385
2.259998,0.2740385
2.279998,0.2740385
2.299998,0.2740385
2.319998,0.2740385
2.339998,0.2740385
2.359998,0.2740385
2.379998,0.2740385
2.399998,0.2740385
2.419998,0.2740385
2.439998,0.2740385
2.459998,0.2740385
2.479998,0.2740385
2.499998,0.2740385
2.519998,0.2740385
2.539998,0.2740385
2.559998,0.2740385
2.579998,0.2740385
2.599998,0.2740385
2.619998,0.2740385
2.639998,0.2740385
2.659998,0.2740385
2.679998,0.2740385
2.699998,0.2740385
2.719998,0.2740385
2.739998,0.2740385
2.759998,0.2740385
2.779998,0.2740385
2.799998,0.2740385
2.819998,0.2740385
2.839998,0.2740385
2.859998,0.2740385
2.879997,0.2740385
2.899997,0.2740385
2.919997,0.2740385
2.939997,0.2740385
2.959997,0.2740385
2.979997,0.2740385
2.999997,0.2740385
3.019997,0.2740385
3.039997,0.2740385
3.059997,0.2740385
3.079997,0.2740385
3.099997,0.2740385
3.119997,0.2740385
3.139997,0.2740385
3.159997,0.2740385
3.179997,0.2740385
3.199997,0.2740385
3.219997,0.2740385
3.239997,0.2740385
3.259997,0.2740385
3.279997,0.2740385
3.299997,0.2740385
3.319997,0.2740385
3.339997,0.2740385
3.359997,0.2740385
3.379997,0.2740385
3.399997,0.2740385
3.419997,0.2740385
3.439997,0.2740385
3.459997,0.2740385
3.479997,0.2740385
3.499997,0.2740385
3.519997,0.2740385
3.539997,0.2740385
3.559997,0.2740385
3.579997,0.2740385
3.599997,0.2740385
3.619997,0.2740385
3.639997,0.2740385
3.659997,0.2740385
3.679997,0.2740385
3.699997,0.2740385
3.719997,0.2740385
3.739997,0.2740385
3.759997,0.2740385
3.779997,0.2740385
3.799997,0.2740385
3.819997,0.2740385
3.839997,0.2740385
3.859997,0.2740385
3.879997,0.2740385
3.899997,0.2740385
3.919997,0.2740385
3.939996,0.2740385
3.959996,0.2740385
3.979996,0.2740385
3.999996,0.2740385
4.019997,0.2740385
4.039997,0.2740385
4.059997,0.2740385
4.079997,0.2740385
4.099997,0.2740385
4.119997,0.2740385
4.139997,0.2740385
4.159997,0.2740385
4.179996,0.2740385
4.199996,0.2740385
4.219996,0.2740385
4.239996,0.2740385
4.259996,0.2740385
4.279996,0.2740385
4.299996,0.2740385
4.319996,0.2740385
4.339996,0.2740385
4.359996,0.2740385
4.379996,0.2740385
4.399996,0.2740385
4.419996,0.2740385
4.439996,0.2740385
4.459996,0.2740385
4.479996,0.2740385
4.499996,0.2740385
4.519996,0.2740385
4.539996,0.2740385
4.559996,0.2740385
4.579996,0.2740385
4.599996,0.2740385
4.619996,0.2740385
4.639996,0.2740385
4.659996,0.2740385
4.679996,0.2740385
4.699996,0.2740385
4.719996,0.2740385
4.739996,0.2740385
4.759996,0.2740385
4.779996,0.2740385
4.799996,0.2740385
4.819996,0.2740385
4.839996,0.2740385
4.859996,0.2740385
4.879996,0.2740385
4.899996,0.2740385
4.919996,0.2740385
4.939996,0.2740385
4.959996,0.2740385
4.979996,0.2740385
4.999996,0.2740385
5.019996,0.2740385
5.039996,0.2740385
5.059996,0.2740385
5.079996,0.2740385
5.099996,0.2740385
5.119996,0.2740385
5.139996,0.2740385
5.159996,0.2740385
5.179996,0.2740385
5.199996,0.2740385
5.219995,0.2740385
5.239995,0.2740385
5.259995,0.2740385
5.279995,0.2740385
5.299995,0.2740385
5.319995,0.2740385
5.339995,0.2740385
5.359995,0.2740385
5.379995,0.2740385
5.399995,0.2740385
5.419995,0.2740385
5.439995,0.2740385
5.459995,0.2740385
5.479995,0.2740385
5.499995,0.2740385
5.519995,0.2740385
5.539995,0.2740385
5.559995,0.2740385
5.579995,0.2740385
5.599995,0.2740385
5.619995,0.2740385
5.639995,0.2740385
5.659995,0.2740385
5.679995,0.2740385
5.699995,0.2740385
5.719995,0.2740385
5.739995,0.2740385
5.759995,0.2740385
5.779995,0.2740385
5.799995,0.2740385
5.819995,0.2740385
5.839995,0.2740385
5.859995,0.2740385
5.879995,0.2740385
5.899995,0.2740385
5.919995,0.2740385
5.939995,0.2740385
5.959995,0.2740385
5.979995,0.2740385
5.999995,0.2740385
6.019995,0.2740385
6.039995,0.2740385
6.059995,0.2740385
6.079995,0.2740385
6.099995,0.2740385
6.119995,0.2740385
6.139995,0.2740385
6.159995,0.2740385
6.179995,0.2740385
6.199995,0.2740385
6.219995,0.2740385
6.239995,0.2740385
6.259995,0.2740385
6.279994,0.2740385
6.299994,0.2740385
6.319994,0.2740385
6.339994,0.2740385
6.359994,0.2740385
6.379994,0.2740385
6.399994,0.2740385
6.419994,0.2740385
6.439994,0.2740385
6.459994,0.2740385
6.479994,0.2740385
6.499994,0.2740385
6.519994,0.2740385
6.539994,0.2740385
6.559994,0.2740385
6.579994,0.2740385
6.599994,0.2740385
6.619994,0.2740385
6.639994,0.2740385
6.659994,0.2740385
6.679994,0.2740385
6.699994,0.2740385
6.719994,0.2740385
6.739994,0.2740385
6.759994,0.2740385
6.779994,0.2740385
6.799994,0.2740385
6.819994,0.2740385
6.839994,0.2740385
6.859994,0.2740385
6.879994,0.2740385
6.899994,0.2740385
6.919994,0.2740385
6.939994,0.2740385
6.959994,0.2740385
6.979994,0.2740385
6.999994,0.2740385
7.019994,0.2740385
7.039994,0.2740385
7.059994,0.2740385
7.079994,0.2740385
7.099994,0.2740385
7.119994,0.2740385
7.139994,0.2740385
7.159994,0.2740385
7.179994,0.2740385
7.199994,0.2740385
7.219994,0.2740385
7.239994,0.2740385
7.259994,0.2740385
7.279994,0.2740385
7.299994,0.2740385
7.319993,0.2740385
7.339993,0.2740385
7.359993,0.2740385
7.379993,0.2740385
7.399993,0.2740385
7.419993,0.2740385
7.439993,0.2740385
7.459993,0.2740385
7.479993,0.2740385
7.499993,0.2740385
7.519993,0.2740385
7.539993,0.2740385
7.559993,0.2740385
7.579993,0.2740385
7.599993,0.2740385
7.619993,0.2740385
7.639993,0.2740385
7.659993,0.2740385
7.679993,0.2740385
7.699993,0.2740385
7.719993,0.2740385
7.739993,0.2740385
7.759993,0.2740385
7.779993,0.2740385
7.799993,0.2740385
7.819993,0.2740385
7.839993,0.2740385
7.859993,0.2740385
7.879993,0.2740385
7.899993,0.2740385
7.919993,0.2740385
7.939993,0.2740385
7.959993,0.2740385
7.979993,0.2740385
7.999993,0.2740385
8.019993,0.2740385
8.039993,0.2740385
8.059994,0.2740385
8.079994,0.2740385
8.099995,0.2740385
8.119995,0.2740385
8.139996,0.2740385
8.159996,0.2740385
8.179996,0.2740385
8.199997,0.2740385
8.219997,0.2740385
8.239998,0.2740385
8.259998,0.2740385
8.279999,0.2740385
8.299999,0.2740385
8.32,0.2740385
8.34,0.2740385
8.360001,0.2740385
8.380001,0.2740385
8.400002,0.2740385
8.420002,0.2740385
8.440002,0.2740385
8.460003,0.2740385
8.480003,0.2740385
8.500004,0.2740385
8.520004,0.2740385
8.540005,0.2740385
8.560005,0.2740385
8.580006,0.2740385
8.600006,0.2740385
8.620007,0.2740385
8.640007,0.2740385
8.660007,0.2740385
8.680008,0.2740385
8.700008,0.2740385
8.720009,0.2740385
8.740009,0.2740385
8.76001,0.2740385
8.78001,0.2740385
8.800011,0.2740385
8.820011,0.2740385
8.840012,0.2740385
8.860012,0.2740385
8.880013,0.2740385
8.900013,0.2740385
8.920013,0.2740385
8.940014,0.2740385
8.960014,0.2740385
8.980015,0.2740385
9.000015,0.2740385
9.020016,0.2740385
9.040016,0.2740385
9.060017,0.2740385
9.080017,0.2740385
9.100018,0.2740385
9.120018,0.2740385
9.140018,0.2740385
9.160019,0.2740385
9.180019,0.2740385
9.20002,0.2740385
9.22002,0.2740385
9.240021,0.2740385
9.260021,0.2740385
9.280022,0.2740385
9.300022,0.2740385
9.320023,0.2740385
9.340023,0.2740385
9.360023,0.2740385
9.380024,0.2740385
9.400024,0.2740385
9.420025,0.2740385
9.440025,0.2740385
9.460026,0.2740385
9.480026,0.2740385
9.500027,0.2740385
9.520027,0.2740385
9.540028,0.2740385
9.560028,0.2740385
9.580029,0.2740385
9.600029,0.2740385
9.620029,0.2740385
9.64003,0.2740385
9.66003,0.2740385
9.680031,0.2740385
9.700031,0.2740385
9.720032,0.2740385
9.740032,0.2740385
9.760033,0.2740385
9.780033,0.2740385
9.800034,0.2740385
9.820034,0.2740385
9.840034,0.2740385
9.860035,0.2740385
9.880035,0.2740385
9.900036,0.2740385
9.920036,0.2740385
9.940037,0.2740385
9.960037,0.2740385
9.980038,0.2740385
10.00004,0.2740385
10.02004,0.2740385
10.04004,0.2740385
10.06004,0.2740385
10.08004,0.2740385
10.10004,0.2740385
10.12004,0.2740385
10.14004,0.2740385
10.16004,0.2740385
10.18004,0.2740385
10.20004,0.2740385
10.22004,0.2740385
10.24004,0.2740385
10.26004,0.2740385
10.28004,0.2740385
10.30005,0.2740385
10.32005,0.2740385
10.34005,0.2740385
10.36005,0.2740385
10.38005,0.2740385
10.40005,0.2740385
10.42005,0.2740385
10.44005,0.2740385
10.46005,0.2740385
10.48005,0.2740385
10.50005,0.2740385
10.52005,0.2740385
10.54005,0.2740385
10.56005,0.2740385
10.58005,0.2740385
10.60005,0.2740385
10.62005,0.2740385
10.64005,0.2740385
10.66005,0.2740385
10.68005,0.2740385
10.70005,0.2740385
10.72005,0.2740385
10.74006,0.2740385
10.76006,0.2740385
10.78006,0.2740385
10.80006,0.2740385
10.82006,0.2740385
10.84006,0.2740385
10.86006,0.2740385
10.88006,0.2740385
10.90006,0.2740385
10.92006,0.2740385
10.94006,0.2740385
10.96006,0.2740385
10.98006,0.2740385
11.00006,0.2740385
11.02006,0.2740385
11.04006,0.2740385
11.06006,0.2740385
11.08006,0.2740385
11.10006,0.2740385
11.12006,0.2740385
11.14006,0.2740385
11.16006,0.2740385
11.18007,0.2740385
11.20007,0.2740385
11.22007,0.2740385
11.24007,0.2740385
11.26007,0.2740385
11.28007,0.2740385
11.30007,0.2740385
11.32007,0.2740385
11.34007,0.2740385
11.36007,0.2740385
11.38007,0.2740385
11.40007,0.2740385
11.42007,0.2740385
11.44007,0.2740385
11.46007,0.2740385
11.48007,0.2740385
11.50007,0.2740385
11.52007,0.2740385
11.54007,0.2740385
11.56007,0.2740385
11.58007,0.2740385
11.60007,0.2740385
11.62008,0.2740385
11.64008,0.2740385
11.66008,0.2740385
11.68008,0.2740385
11.70008,0.2740385
11.72008,0.2740385
11.74008,0.2740385
11.76008,0.2740385
11.78008,0.2740385
11.80008,0.2740385
11.82008,0.2740385
11.84008,0.2740385
11.86008,0.2740385
11.88008,0.2740385
11.90008,0.2740385
11.92008,0.2740385
11.94008,0.2740385
11.96008,0.2740385
11.98008,0.2740385
12.00008,0.2740385
12.02008,0.2740385
12.04008,0.2740385
12.06009,0.2740385
12.08009,0.2740385
12.10009,0.2740385
12.12009,0.2740385
12.14009,0.2740385
12.16009,0.2740385
12.18009,0.2740385
12.20009,0.2740385
12.22009,0.2740385
12.24009,0.2740385
12.26009,0.2740385
12.28009,0.2740385
12.30009,0.2740385
12.32009,0.2740385
12.34009,0.2740385
12.36009,0.2740385
12.38009,0.2740385
12.40009,0.2740385
12.42009,0.2740385
12.44009,0.2740385
12.46009,0.2740385
12.48009,0.2740385
12.5001,0.2740385
12.5201,0.2740385
12.5401,0.2740385
12.5601,0.2740385
12.5801,0.2740385
12.6001,0.2740385
12.6201,0.2740385
12.6401,0.2740385
12.6601,0.2740385
12.6801,0.2740385
12.7001,0.2740385
12.7201,0.2740385
12.7401,0.2740385
12.7601,0.2740385
12.7801,0.2740385
12.8001,0.2740385
12.8201,0.2740385
12.8401,0.2740385
12.8601,0.2740385
12.8801,0.2740385
12.9001,0.2740385
12.9201,0.2740385
12.94011,0.2740385
12.96011,0.2740385
12.98011,0.2740385
13.00011,0.2740385
13.02011,0.2740385
13.04011,0.2740385
13.06011,0.2740385
13.08011,0.2740385
13.10011,0.2740385
13.12011,0.2740385
13.14011,0.2740385
13.16011,0.2740385
13.18011,0.2740385
13.20011,0.2740385
13.22011,0.2740385
13.24011,0.2740385
13.26011,0.2740385
13.28011,0.2740385
13.30011,0.2740385
13.32011,0.2740385
13.34011,0.2740385
13.36012,0.2740385
13.38012,0.2740385
13.40012,0.2740385
13.42012,0.2740385
13.44012,0.2740385
13.46012,0.2740385
13.48012,0.2740385
13.50012,0.2740385
13.52012,0.2740385
13.54012,0.2740385
13.56012,0.2740385
13.58012,0.2740385
13.60012,0.2740385
13.62012,0.2740385
13.64012,0.2740385
13.66012,0.2740385
13.68012,0.2740385
13.70012,0.2740385
13.72012,0.2740385
13.74012,0.2740385
13.76012,0.2740385
13.78012,0.2740385
13.80013,0.2740385
13.82013,0.2740385
13.84013,0.2740385
13.86013,0.2740385
13.88013,0.2740385
13.90013,0.2740385
13.92013,0.2740385
13.94013,0.2740385
13.96013,0.2740385
13.98013,0.2740385
14.00013,0.2740385
14.02013,0.2740385
14.04013,0.2740385
14.06013,0.2740385
14.08013,0.2740385
14.10013,0.2740385
14.12013,0.2740385
14.14013,0.2740385
14.16013,0.2740385
14.18013,0.2740385
14.20013,0.2740385
14.22013,0.2740385
14.24014,0.2740385
14.26014,0.2740385
14.28014,0.2740385
14.30014,0.2740385
14.32014,0.2740385
14.34014,0.2740385
14.36014,0.2740385
14.38014,0.2740385
14.40014,0.2740385
14.42014,0.2740385
14.44014,0.2740385
14.46014,0.2740385
14.48014,0.2740385
14.50014,0.2740385
14.52014,0.2740385
14.54014,0.2740385
14.56014,0.2740385
14.58014,0.2740385
14.60014,0.2740385
14.62014,0.2740385
14.64014,0.2740385
14.66014,0.2740385
14.68015,0.2740385
14.70015,0.2740385
14.72015,0.2740385
14.74015,0.2740385
14.76015,0.2740385
14.78015,0.2740385
14.80015,0.2740385
14.82015,0.2740385
14.84015,0.2740385
14.86015,0.2740385
14.88015,0.2740385
14.90015,0.2740385
14.92015,0.2740385
14.94015,0.2740385
14.96015,0.2740385
14.98015,0.2740385
15.00015,0.2740385
15.02015,0.2740385
15.04015,0.2740385
15.06015,0.2740385
15.08015,0.2740385
15.10015,0.2740385
15.12016,0.2740385
15.14016,0.2740385
15.16016,0.2740385
15.18016,0.2740385
15.20016,0.2740385
15.22016,0.2740385
15.24016,0.2740385
15.26016,0.2740385
15.28016,0.2740385
15.30016,0.2740385
15.32016,0.2740385
15.34016,0.2740385
15.36016,0.2740385
15.38016,0.2740385
15.40016,0.2740385
15.42016,0.2740385
15.44016,0.2740385
15.46016,0.2740385
15.48016,0.2740385
15.50016,0.2740385
15.52016,0.2740385
15.54016,0.2740385
15.56017,0.2740385
15.58017,0.2740385
15.60017,0.2740385
15.62017,0.2740385
15.64017,0.2740385
15.66017,0.2740385
15.68017,0.2740385
15.70017,0.2740385
15.72017,0.2740385
15.74017,0.2740385
15.76017,0.2740385
15.78017,0.2740385
15.80017,0.2740385
15.82017,0.2740385
15.84017,0.2740385
15.86017,0.2740385
15.88017,0.2740385
15.90017,0.2740385
15.92017,0.2740385
15.94017,0.2740385
15.96017,0.2740385
15.98018,0.2740385
16.00018,0.2740385
16.02018,0.2740385
16.04018,0.2740385
16.06018,0.2740385
16.08018,0.2740385
16.10018,0.2740385
16.12018,0.2740385
16.14018,0.2740385
16.16018,0.2740385
16.18018,0.2740385
16.20018,0.2740385
16.22018,0.2740385
16.24018,0.2740385
16.26018,0.2740385
16.28018,0.2740385
16.30018,0.2740385
16.32018,0.2740385
16.34018,0.2740385
16.36018,0.2740385
16.38018,0.2740385
16.40018,0.2740385
16.42019,0.2740385
16.44019,0.2740385
16.46019,0.2740385
16.48019,0.2740385
16.50019,0.2740385
16.52019,0.2740385
16.54019,0.2740385
16.56019,0.2740385
16.58019,0.2740385
16.60019,0.2740385
16.62019,0.2740385
16.64019,0.2740385
16.66019,0.2740385
16.68019,0.2740385
16.70019,0.2740385
16.72019,0.2740385
16.74019,0.2740385
16.76019,0.2740385
16.78019,0.2740385
16.80019,0.2740385
16.82019,0.2740385
16.84019,0.2740385
16.8602,0.2740385
16.8802,0.2740385
16.9002,0.2740385
16.9202,0.2740385
16.9402,0.2740385
16.9602,0.2740385
16.9802,0.2740385
17.0002,0.2740385
17.0202,0.2740385
17.0402,0.2740385
17.0602,0.2740385
17.0802,0.2740385
17.1002,0.2740385
17.1202,0.2740385
17.1402,0.2740385
17.1602,0.2740385
17.1802,0.2740385
17.2002,0.2740385
17.2202,0.2740385
17.2402,0.2740385
17.2602,0.2740385
17.2802,0.2740385
17.30021,0.2740385
17.32021,0.2740385
17.34021,0.2740385
17.36021,0.2740385
17.38021,0.2740385
17.40021,0.2740385
17.42021,0.2740385
17.44021,0.2740385
17.46021,0.2740385
17.48021,0.2740385
17.50021,0.2740385
17.52021,0.2740385
17.54021,0.2740385
17.56021,0.2740385
17.58021,0.2740385
17.60021,0.2740385
17.62021,0.2740385
17.64021,0.2740385
17.66021,0.2740385
17.68021,0.2740385
17.70021,0.2740385
17.72021,0.2740385
17.74022,0.2740385
17.76022,0.2740385
17.78022,0.2740385
17.80022,0.2740385
17.82022,0.2740385
17.84022,0.2740385
17.86022,0.2740385
17.88022,0.2740385
17.90022,0.2740385
17.92022,0.2740385
17.94022,0.2740385
17.96022,0.2740385
17.98022,0.2740385
18.00022,0.2740385
18.02022,0.2740385
18.04022,0.2740385
18.06022,0.2740385
18.08022,0.2740385
18.10022,0.2740385
18.12022,0.2740385
18.14022,0.2740385
18.16022,0.2740385
18.18023,0.2740385
18.20023,0.2740385
18.22023,0.2740385
18.24023,0.2740385
18.26023,0.2740385
18.28023,0.2740385
18.30023,0.2740385
18.32023,0.2740385
18.34023,0.2740385
18.36023,0.2740385
18.38023,0.2740385
18.40023,0.2740385
18.42023,0.2740385
18.44023,0.2740385
18.46023,0.2740385
18.48023,0.2740385
18.50023,0.2740385
18.52023,0.2740385
18.54023,0.2740385
18.56023,0.2740385
18.58023,0.2740385
18.60023,0.2740385
18.62024,0.2740385
18.64024,0.2740385
18.66024,0.2740385
18.68024,0.2740385
18.70024,0.2740385
18.72024,0.2740385
18.74024,0.2740385
18.76024,0.2740385
18.78024,0.2740385
18.80024,0.2740385
18.82024,0.2740385
18.84024,0.2740385
18.86024,0.2740385
18.88024,0.2740385
18.90024,0.2740385
18.92024,0.2740385
18.94024,0.2740385
18.96024,0.2740385
18.98024,0.2740385
19.00024,0.2740385
19.02024,0.2740385
19.04025,0.2740385
19.06025,0.2740385
19.08025,0.2740385
19.10025,0.2740385
19.12025,0.2740385
19.14025,0.2740385
19.16025,0.2740385
19.18025,0.2740385
19.20025,0.2740385
19.22025,0.2740385
19.24025,0.2740385
19.26025,0.2740385
19.28025,0.2740385
19.30025,0.2740385
19.32025,0.2740385
19.34025,0.2740385
19.36025,0.2740385
19.38025,0.2740385
19.40025,0.2740385
19.42025,0.2740385
19.44025,0.2740385
19.46025,0.2740385
19.48026,0.2740385
19.50026,0.2740385
19.52026,0.2740385
19.54026,0.2740385
19.56026,0.2740385
19.58026,0.2740385
19.60026,0.2740385
19.62026,0.2740385
19.64026,0.2740385
19.66026,0.2740385
19.68026,0.2740385
19.70026,0.2740385
19.72026,0.2740385
19.74026,0.2740385
19.76026,0.2740385
19.78026,0.2740385
19.80026,0.2740385
19.82026,0.2740385
19.84026,0.2740385
19.86026,0.2740385
19.88026,0.2740385
19.90026,0.2740385
19.92027,0.2740385
19.94027,0.2740385
19.96027,0.2740385
19.98027,0.2740385
20.00027,0.2740385
20.02027,0.2740385
20.04027,0.2740385
20.06027,0.2740385
20.08027,0.2740385
20.10027,0.2740385
20.12027,0.2740385
20.14027,0.2740385
20.16027,0.2740385
20.18027,0.2740385
20.20027,0.2740385
20.22027,0.2740385
20.24027,0.2740385
20.26027,0.2740385
20.28027,0.2740385
20.30027,0.2740385
20.32027,0.2740385
20.34027,0.2740385
20.36028,0.2740385
20.38028,0.2740385
20.40028,0.2740385
20.42028,0.2740385
20.44028,0.2740385
20.46028,0.2740385
20.48028,0.2740385
20.50028,0.2740385
20.52028,0.2740385
20.54028,0.2740385
20.56028,0.2740385
20.58028,0.2740385
20.60028,0.2740385
20.62028,0.2740385
20.64028,0.2740385
20.66028,0.2740385
20.68028,0.2740385
20.70028,0.2740385
20.72028,0.2740385
20.74028,0.2740385
20.76028,0.2740385
20.78028,0.2740385
20.80029,0.2740385
20.82029,0.2740385
20.84029,0.2740385
20.86029,0.2740385
20.88029,0.2740385
20.90029,0.2740385
20.92029,0.2740385
20.94029,0.2740385
20.96029,0.2740385
20.98029,0.2740385
21.00029,0.2740385
21.02029,0.2740385
21.04029,0.2740385
21.06029,0.2740385
21.08029,0.2740385
21.10029,0.2740385
21.12029,0.2740385
21.14029,0.2740385
21.16029,0.2740385
21.18029,0.2740385
21.20029,0.2740385
21.22029,0.2740385
21.2403,0.2740385
21.2603,0.2740385
21.2803,0.2740385
21.3003,0.2740385
21.3203,0.2740385
21.3403,0.2740385
21.3603,0.2740385
21.3803,0.2740385
21.4003,0.2740385
21.4203,0.2740385
21.4403,0.2740385
21.4603,0.2740385
21.4803,0.2740385
21.5003,0.2740385
21.5203,0.2740385
21.5403,0.2740385
21.5603,0.2740385
21.5803,0.2740385
21.6003,0.2740385
21.6203,0.2740385
21.6403,0.2740385
21.66031,0.2740385
21.68031,0.2740385
21.70031,0.2740385
21.72031,0.2740385
21.74031,0.2740385
21.76031,0.2740385
21.78031,0.2740385
21.80031,0.2740385
21.82031,0.2740385
21.84031,0.2740385
21.86031,0.2740385
21.88031,0.2740385
21.90031,0.2740385
21.92031,0.2740385
21.94031,0.2740385
21.96031,0.2740385
21.98031,0.2740385
22.00031,0.2740385
22.02031,0.2740385
22.04031,0.2740385
22.06031,0.2740385
22.08031,0.2740385
22.10032,0.2740385
22.12032,0.2740385
22.14032,0.2740385
22.16032,0.2740385
22.18032,0.2740385
22.20032,0.2740385
22.22032,0.2740385
22.24032,0.2740385
22.26032,0.2740385
22.28032,0.2740385
22.30032,0.2740385
22.32032,0.2740385
22.34032,0.2740385
22.36032,0.2740385
22.38032,0.2740385
22.40032,0.2740385
22.42032,0.2740385
22.44032,0.2740385
22.46032,0.2740385
22.48032,0.2740385
22.50032,0.2740385
22.52032,0.2740385
22.54033,0.2740385
22.56033,0.2740385
22.58033,0.2740385
22.60033,0.2740385
22.62033,0.2740385
22.64033,0.2740385
22.66033,0.2740385
22.68033,0.2740385
22.70033,0.2740385
22.72033,0.2740385
22.74033,0.2740385
22.76033,0.2740385
22.78033,0.2740385
22.80033,0.2740385
22.82033,0.2740385
22.84033,0.2740385
22.86033,0.2740385
22.88033,0.2740385
22.90033,0.2740385
22.92033,0.2740385
22.94033,0.2740385
22.96033,0.2740385
22.98034,0.2740385
23.00034,0.2740385
23.02034,0.2740385
23.04034,0.2740385
23.06034,0.2740385
23.08034,0.2740385
23.10034,0.2740385
23.12034,0.2740385
23.14034,0.2740385
23.16034,0.2740385
23.18034,0.2740385
23.20034,0.2740385
23.22034,0.2740385
23.24034,0.2740385
23.26034,0.2740385
23.28034,0.2740385
23.30034,0.2740385
23.32034,0.2740385
23.34034,0.2740385
23.36034,0.2740385
23.38034,0.2740385
23.40034,0.2740385
23.42035,0.2740385
23.44035,0.2740385
23.46035,0.2740385
23.48035,0.2740385
23.50035,0.2740385
23.52035,0.2740385
23.54035,0.2740385
23.56035,0.2740385
23.58035,0.2740385
23.60035,0.2740385
23.62035,0.2740385
23.64035,0.2740385
23.66035,0.2740385
23.68035,0.2740385
23.70035,0.2740385
23.72035,0.2740385
23.74035,0.2740385
23.76035,0.2740385
23.78035,0.2740385
23.80035,0.2740385
23.82035,0.2740385
23.84035,0.2740385
23.86036,0.2740385
23.88036,0.2740385
23.90036,0.2740385
23.92036,0.2740385
23.94036,0.2740385
23.96036,0.2740385
23.98036,0.2740385
24.00036,0.2740385
24.02036,0.2740385
24.04036,0.2740385
24.06036,0.2740385
24.08036,0.2740385
24.10036,0.2740385
24.12036,0.2740385
24.14036,0.2740385
24.16036,0.2740385
24.18036,0.2740385
24.20036,0.2740385
24.22036,0.2740385
24.24036,0.2740385
24.26036,0.2740385
24.28036,0.2740385
24.30037,0.2740385
24.32037,0.2740385
24.34037,0.2740385
24.36037,0.2740385
24.38037,0.2740385
24.40037,0.2740385
24.42037,0.2740385
24.44037,0.2740385
24.46037,0.2740385
24.48037,0.2740385
24.50037,0.2740385
24.52037,0.2740385
24.54037,0.2740385
24.56037,0.2740385
24.58037,0.2740385
24.60037,0.2740385
24.62037,0.2740385
24.64037,0.2740385
24.66037,0.2740385
24.68037,0.2740385
24.70037,0.2740385
24.72038,0.2740385
24.74038,0.2740385
24.76038,0.2740385
24.78038,0.2740385
24.80038,0.2740385
24.82038,0.2740385
24.84038,0.2740385
24.86038,0.2740385
24.88038,0.2740385
24.90038,0.2740385
24.92038,0.2740385
24.94038,0.2740385
24.96038,0.2740385
24.98038,0.2740385
25.00038,0.2740385
25.02038,0.2740385
25.04038,0.2740385
25.06038,0.2740385
25.08038,0.2740385
25.10038,0.2740385
25.12038,0.2740385
25.14038,0.2740385
25.16039,0.2740385
25.18039,0.2740385
25.20039,0.2740385
25.22039,0.2740385
25.24039,0.2740385
25.26039,0.2740385
25.28039,0.2740385
25.30039,0.2740385
25.32039,0.2740385
25.34039,0.2740385
25.36039,0.2740385
25.38039,0.2740385
25.40039,0.2740385
25.42039,0.2740385
25.44039,0.2740385
25.46039,0.2740385
25.48039,0.2740385
25.50039,0.2740385
25.52039,0.2740385
25.54039,0.2740385
25.56039,0.2740385
25.58039,0.2740385
25.6004,0.2740385
25.6204,0.2740385
25.6404,0.2740385
25.6604,0.2740385
25.6804,0.2740385
25.7004,0.2740385
25.7204,0.2740385
25.7404,0.2740385
25.7604,0.2740385
25.7804,0.2740385
25.8004,0.2740385
25.8204,0.2740385
25.8404,0.2740385
25.8604,0.2740385
25.8804,0.2740385
25.9004,0.2740385
25.9204,0.2740385
25.9404,0.2740385
25.9604,0.2740385
25.9804,0.2740385
26.0004,0.2740385
26.0204,0.2740385
26.04041,0.2740385
26.06041,0.2740385
26.08041,0.2740385
26.10041,0.2740385
26.12041,0.2740385
26.14041,0.2740385
26.16041,0.2740385
26.18041,0.2740385
26.20041,0.2740385
26.22041,0.2740385
26.24041,0.2740385
26.26041,0.2740385
26.28041,0.2740385
26.30041,0.2740385
26.32041,0.2740385
26.34041,0.2740385
26.36041,0.2740385
26.38041,0.2740385
26.40041,0.2740385
26.42041,0.2740385
26.44041,0.2740385
26.46041,0.2740385
26.48042,0.2740385
26.50042,0.2740385
26.52042,0.2740385
26.54042,0.2740385
26.56042,0.2740385
26.58042,0.2740385
26.60042,0.2740385
26.62042,0.2740385
26.64042,0.2740385
26.66042,0.2740385
26.68042,0.2740385
26.70042,0.2740385
26.72042,0.2740385
26.74042,0.2740385
26.76042,0.2740385
26.78042,0.2740385
26.80042,0.2740385
26.82042,0.2740385
26.84042,0.2740385
26.86042,0.2740385
26.88042,0.2740385
26.90042,0.2740385
26.92043,0.2740385
26.94043,0.2740385
26.96043,0.2740385
26.98043,0.2740385
27.00043,0.2740385
27.02043,0.2740385
27.04043,0.2740385
27.06043,0.2740385
27.08043,0.2740385
27.10043,0.2740385
27.12043,0.2740385
27.14043,0.2740385
27.16043,0.2740385
27.18043,0.2740385
27.20043,0.2740385
27.22043,0.2740385
27.24043,0.2740385
27.26043,0.2740385
27.28043,0.2740385
27.30043,0.2740385
27.32043,0.2740385
27.34044,0.2740385
27.36044,0.2740385
27.38044,0.2740385
27.40044,0.2740385
27.42044,0.2740385
27.44044,0.2740385
27.46044,0.2740385
27.48044,0.2740385
27.50044,0.2740385
27.52044,0.2740385
27.54044,0.2740385
27.56044,0.2740385
27.58044,0.2740385
27.60044,0.2740385
27.62044,0.2740385
27.64044,0.2740385
27.66044,0.2740385
27.68044,0.2740385
27.70044,0.2740385
27.72044,0.2740385
27.74044,0.2740385
27.76044,0.2740385
27.78045,0.2740385
27.80045,0.2740385
27.82045,0.2740385
27.84045,0.2740385
27.86045,0.2740385
27.88045,0.2740385
27.90045,0.2740385
27.92045,0.2740385
27.94045,0.2740385
27.96045,0.2740385
27.98045,0.2740385
28.00045,0.2740385
28.02045,0.2740385
28.04045,0.2740385
28.06045,0.2740385
28.08045,0.2740385
28.10045,0.2740385
28.12045,0.2740385
28.14045,0.2740385
28.16045,0.2740385
28.18045,0.2740385
28.20045,0.2740385
28.22046,0.2740385
28.24046,0.2740385
28.26046,0.2740385
28.28046,0.2740385
28.30046,0.2740385
28.32046,0.2740385
28.34046,0.2740385
28.36046,0.2740385
28.38046,0.2740385
28.40046,0.2740385
28.42046,0.2740385
28.44046,0.2740385
28.46046,0.2740385
28.48046,0.2740385
28.50046,0.2740385
28.52046,0.2740385
28.54046,0.2740385
28.56046,0.2740385
28.58046,0.2740385
28.60046,0.2740385
28.62046,0.2740385
28.64046,0.2740385
28.66047,0.2740385
28.68047,0.2740385
28.70047,0.2740385
28.72047,0.2740385
28.74047,0.2740385
28.76047,0.2740385
28.78047,0.2740385
28.80047,0.2740385
28.82047,0.2740385
28.84047,0.2740385
28.86047,0.2740385
28.88047,0.2740385
28.90047,0.2740385
28.92047,0.2740385
28.94047,0.2740385
28.96047,0.2740385
28.98047,0.2740385
29.00047,0.2740385
29.02047,0.2740385
29.04047,0.2740385
29.06047,0.2740385
29.08047,0.2740385
29.10048,0.2740385
29.12048,0.2740385
29.14048,0.2740385
29.16048,0.2740385
29.18048,0.2740385
29.20048,0.2740385
29.22048,0.2740385
29.24048,0.2740385
29.26048,0.2740385
29.28048,0.2740385
29.30048,0.2740385
29.32048,0.2740385
29.34048,0.2740385
29.36048,0.2740385
29.38048,0.2740385
29.40048,0.2740385
29.42048,0.2740385
29.44048,0.2740385
29.46048,0.2740385
29.48048,0.2740385
29.50048,0.2740385
29.52048,0.2740385
29.54049,0.2740385
29.56049,0.2740385
29.58049,0.2740385
29.60049,0.2740385
29.62049,0.2740385
29.64049,0.2740385
29.66049,0.2740385
29.68049,0.2740385
29.70049,0.2740385
29.72049,0.2740385
29.74049,0.2740385
29.76049,0.2740385
29.78049,0.2740385
29.80049,0.2740385
29.82049,0.2740385
29.84049,0.2740385
29.86049,0.2740385
29.88049,0.2740385
29.90049,0.2740385
29.92049,0.2740385
29.94049,0.2740385
29.96049,0.2740385
29.9805,0.2740385
30.0005,0.2740385
30.0205,0.2740385
30.0405,0.2740385
30.0605,0.2740385
30.0805,0.2740385
30.1005,0.2740385
30.1205,0.2740385
30.1405,0.2740385
30.1605,0.2740385
30.1805,0.2740385
30.2005,0.2740385
30.2205,0.2740385
30.2405,0.2740385
30.2605,0.2740385
30.2805,0.2740385
30.3005,0.2740385
30.3205,0.2740385
30.3405,0.2740385
30.3605,0.2740385
30.3805,0.2740385
30.40051,0.2740385
30.42051,0.2740385
30.44051,0.2740385
30.46051,0.2740385
30.48051,0.2740385
30.50051,0.2740385
30.52051,0.2740385
30.54051,0.2740385
30.56051,0.2740385
30.58051,0.2740385
30.60051,0.2740385
30.62051,0.2740385
30.64051,0.2740385
30.66051,0.2740385
30.68051,0.2740385
30.70051,0.2740385
30.72051,0.2740385
30.74051,0.2740385
30.76051,0.2740385
30.78051,0.2740385
30.80051,0.2740385
30.82051,0.2740385
30.84052,0.2740385
30.86052,0.2740385
30.88052,0.2740385
30.90052,0.2740385
30.92052,0.2740385
30.94052,0.2740385
30.96052,0.2740385
30.98052,0.2740385
31.00052,0.2740385
31.02052,0.2740385
31.04052,0.2740385
31.06052,0.2740385
31.08052,0.2740385
31.10052,0.2740385
31.12052,0.2740385
31.14052,0.2740385
31.16052,0.2740385
31.18052,0.2740385
31.20052,0.2740385
31.22052,0.2740385
31.24052,0.2740385
31.26052,0.2740385
31.28053,0.2740385
31.30053,0.2740385
31.32053,0.2740385
31.34053,0.2740385
31.36053,0.2740385
31.38053,0.2740385
31.40053,0.2740385
31.42053,0.2740385
31.44053,0.2740385
31.46053,0.2740385
31.48053,0.2740385
31.50053,0.2740385
31.52053,0.2740385
31.54053,0.2740385
31.56053,0.2740385
31.58053,0.2740385
31.60053,0.2740385
31.62053,0.2740385
31.64053,0.2740385
31.66053,0.2740385
31.68053,0.2740385
31.70053,0.2740385
31.72054,0.2740385
31.74054,0.2740385
31.76054,0.2740385
31.78054,0.2740385
31.80054,0.2740385
31.82054,0.2740385
31.84054,0.2740385
31.86054,0.2740385
31.88054,0.2740385
31.90054,0.2740385
31.92054,0.2740385
31.94054,0.2740385
31.96054,0.2740385
31.98054,0.2740385
32.00054,0.2740385
32.02054,0.2740385
32.04054,0.2740385
32.06054,0.2740385
32.08054,0.2740385
32.10054,0.2740385
32.12054,0.2740385
32.14054,0.2740385
32.16055,0.2740385
32.18055,0.2740385
32.20055,0.2740385
32.22055,0.2740385
32.24055,0.2740385
32.26055,0.2740385
32.28055,0.2740385
32.30055,0.2740385
32.32055,0.2740385
32.34055,0.2740385
32.36055,0.2740385
32.38055,0.2740385
32.40055,0.2740385
32.42055,0.2740385
32.44055,0.2740385
32.46055,0.2740385
32.48055,0.2740385
32.50055,0.2740385
32.52055,0.2740385
32.54055,0.2740385
32.56055,0.2740385
32.58055,0.2740385
32.60056,0.2740385
32.62056,0.2740385
32.64056,0.2740385
32.66056,0.2740385
32.68056,0.2740385
32.70056,0.2740385
32.72056,0.2740385
32.74056,0.2740385
32.76056,0.2740385
32.78056,0.2740385
32.80056,0.2740385
32.82056,0.2740385
32.84056,0.2740385
32.86056,0.2740385
32.88056,0.2740385
32.90056,0.2740385
32.92056,0.2740385
32.94056,0.2740385
32.96056,0.2740385
32.98056,0.2740385
33.00056,0.2740385
33.02057,0.2740385
33.04057,0.2740385
33.06057,0.2740385
33.08057,0.2740385
33.10057,0.2740385
33.12057,0.2740385
33.14057,0.2740385
33.16057,0.2740385
33.18057,0.2740385
33.20057,0.2740385
33.22057,0.2740385
33.24057,0.2740385
33.26057,0.2740385
33.28057,0.2740385
33.30057,0.2740385
33.32057,0.2740385
33.34057,0.2740385
33.36057,0.2740385
33.38057,0.2740385
33.40057,0.2740385
33.42057,0.2740385
33.44057,0.2740385
33.46058,0.2740385
33.48058,0.2740385
33.50058,0.2740385
33.52058,0.2740385
33.54058,0.2740385
33.56058,0.2740385
33.58058,0.2740385
33.60058,0.2740385
33.62058,0.2740385
33.64058,0.2740385
33.66058,0.2740385
33.68058,0.2740385
33.70058,0.2740385
33.72058,0.2740385
33.74058,0.2740385
33.76058,0.2740385
33.78058,0.2740385
33.80058,0.2740385
33.82058,0.2740385
33.84058,0.2740385
33.86058,0.2740385
33.88058,0.2740385
33.90059,0.2740385
33.92059,0.2740385
33.94059,0.2740385
33.96059,0.2740385
33.98059,0.2740385
34.00059,0.2740385
34.02059,0.2740385
34.04059,0.2740385
34.06059,0.2740385
34.08059,0.2740385
34.10059,0.2740385
34.12059,0.2740385
34.14059,0.2740385
34.16059,0.2740385
34.18059,0.2740385
34.20059,0.2740385
34.22059,0.2740385
34.24059,0.2740385
34.26059,0.2740385
34.28059,0.2740385
34.30059,0.2740385
34.32059,0.2740385
34.3406,0.2740385
34.3606,0.2740385
34.3806,0.2740385
34.4006,0.2740385
34.4206,0.2740385
34.4406,0.2740385
34.4606,0.2740385
34.4806,0.2740385
34.5006,0.2740385
34.5206,0.2740385
34.5406,0.2740385
34.5606,0.2740385
34.5806,0.2740385
34.6006,0.2740385
34.6206,0.2740385
34.6406,0.2740385
34.6606,0.2740385
34.6806,0.2740385
34.7006,0.2740385
34.7206,0.2740385
34.7406,0.2740385
34.7606,0.2740385
34.78061,0.2740385
34.80061,0.2740385
34.82061,0.2740385
34.84061,0.2740385
34.86061,0.2740385
34.88061,0.2740385
34.90061,0.2740385
34.92061,0.2740385
34.94061,0.2740385
34.96061,0.2740385
34.98061,0.2740385
35.00061,0.2740385
35.02061,0.2740385
35.04061,0.2740385
35.06061,0.2740385
35.08061,0.2740385
35.10061,0.2740385
35.12061,0.2740385
35.14061,0.2740385
35.16061,0.2740385
35.18061,0.2740385
35.20061,0.2740385
35.22062,0.2740385
35.24062,0.2740385
35.26062,0.2740385
35.28062,0.2740385
35.30062,0.2740385
35.32062,0.2740385
35.34062,0.2740385
35.36062,0.2740385
35.38062,0.2740385
35.40062,0.2740385
35.42062,0.2740385
35.44062,0.2740385
35.46062,0.2740385
35.48062,0.2740385
35.50062,0.2740385
35.52062,0.2740385
35.54062,0.2740385
35.56062,0.2740385
35.58062,0.2740385
35.60062,0.2740385
35.62062,0.2740385
35.64063,0.2740385
35.66063,0.2740385
35.68063,0.2740385
35.70063,0.2740385
35.72063,0.2740385
35.74063,0.2740385
35.76063,0.2740385
35.78063,0.2740385
35.80063,0.2740385
35.82063,0.2740385
35.84063,0.2740385
35.86063,0.2740385
35.88063,0.2740385
35.90063,0.2740385
35.92063,0.2740385
35.94063,0.2740385
35.96063,0.2740385
35.98063,0.2740385
36.00063,0.2740385
36.02063,0.2740385
36.04063,0.2740385
36.06063,0.2740385
36.08064,0.2740385
36.10064,0.2740385
36.12064,0.2740385
36.14064,0.2740385
36.16064,0.2740385
36.18064,0.2740385
36.20064,0.2740385
36.22064,0.2740385
36.24064,0.2740385
36.26064,0.2740385
36.28064,0.2740385
36.30064,0.2740385
36.32064,0.2740385
36.34064,0.2740385
36.36064,0.2740385
36.38064,0.2740385
36.40064,0.2740385
36.42064,0.2740385
36.44064,0.2740385
36.46064,0.2740385
36.48064,0.2740385
36.50064,0.2740385
36.52065,0.2740385
36.54065,0.2740385
36.56065,0.2740385
36.58065,0.2740385
36.60065,0.2740385
36.62065,0.2740385
36.64065,0.2740385
36.66065,0.2740385
36.68065,0.2740385
36.70065,0.2740385
36.72065,0.2740385
36.74065,0.2740385
36.76065,0.2740385
36.78065,0.2740385
36.80065,0.2740385
36.82065,0.2740385
36.84065,0.2740385
36.86065,0.2740385
36.88065,0.2740385
36.90065,0.2740385
36.92065,0.2740385
36.94065,0.2740385
36.96066,0.2740385
36.98066,0.2740385
37.00066,0.2740385
37.02066,0.2740385
37.04066,0.2740385
37.06066,0.2740385
37.08066,0.2740385
37.10066,0.2740385
37.12066,0.2740385
37.14066,0.2740385
37.16066,0.2740385
37.18066,0.2740385
37.20066,0.2740385
37.22066,0.2740385
37.24066,0.2740385
37.26066,0.2740385
37.28066,0.2740385
37.30066,0.2740385
37.32066,0.2740385
37.34066,0.2740385
37.36066,0.2740385
37.38066,0.2740385
37.40067,0.2740385
37.42067,0.2740385
37.44067,0.2788461
37.46067,0.2788461
37.48067,0.2788461
37.50067,0.2788461
37.52067,0.2788461
37.54067,0.2788461
37.56067,0.2788461
37.58067,0.2788461
37.60067,0.2788461
37.62067,0.2788461
37.64067,0.2788461
37.66067,0.2788461
37.68067,0.2788461
37.70067,0.2788461
37.72067,0.2788461
37.74067,0.2788461
37.76067,0.2788461
37.78067,0.2788461
37.80067,0.2788461
37.82067,0.2788461
37.84068,0.2788461
37.86068,0.2788461
37.88068,0.2788461
37.90068,0.2788461
37.92068,0.2788461
37.94068,0.2788461
37.96068,0.2788461
37.98068,0.2788461
38.00068,0.2788461
38.02068,0.2788461
38.04068,0.2788461
38.06068,0.2788461
38.08068,0.2788461
38.10068,0.2788461
38.12068,0.2788461
38.14068,0.2788461
38.16068,0.2788461
38.18068,0.2788461
38.20068,0.2788461
38.22068,0.2788461
38.24068,0.2788461
38.26068,0.2788461
38.28069,0.2788461
38.30069,0.2788461
38.32069,0.2788461
38.34069,0.2788461
38.36069,0.2788461
38.38069,0.2788461
38.40069,0.2788461
38.42069,0.2788461
38.44069,0.2788461
38.46069,0.2788461
38.48069,0.2788461
38.50069,0.2788461
38.52069,0.2788461
38.54069,0.2788461
38.56069,0.2788461
38.58069,0.2788461
38.60069,0.2788461
38.62069,0.2788461
38.64069,0.2788461
38.66069,0.2788461
38.68069,0.2788461
38.7007,0.2788461
38.7207,0.2788461
38.7407,0.2788461
38.7607,0.2788461
38.7807,0.2788461
38.8007,0.2788461
38.8207,0.2788461
38.8407,0.2788461
38.8607,0.2788461
38.8807,0.2788461
38.9007,0.2788461
38.9207,0.2788461
38.9407,0.2788461
38.9607,0.2788461
38.9807,0.2788461
39.0007,0.2788461
39.0207,0.2788461
39.0407,0.2788461
39.0607,0.2788461
39.0807,0.2788461
39.1007,0.2788461
39.1207,0.2788461
39.14071,0.2788461
39.16071,0.2788461
39.18071,0.2788461
39.20071,0.2788461
39.22071,0.2788461
39.24071,0.2788461
39.26071,0.2788461
39.28071,0.2788461
39.30071,0.2788461
39.32071,0.2788461
39.34071,0.2788461
39.36071,0.2788461
39.38071,0.2788461
39.40071,0.2788461
39.42071,0.2788461
39.44071,0.2788461
39.46071,0.2788461
39.48071,0.2788461
39.50071,0.2788461
39.52071,0.2788461
39.54071,0.2788461
39.56071,0.2788461
39.58072,0.2788461
39.60072,0.2788461
39.62072,0.2788461
39.64072,0.2788461
39.66072,0.2788461
39.68072,0.2788461
39.70072,0.2788461
39.72072,0.2788461
39.74072,0.2788461
39.76072,0.2788461
39.78072,0.2788461
39.80072,0.2788461
39.82072,0.2788461
39.84072,0.2788461
39.86072,0.2788461
39.88072,0.2788461
39.90072,0.2788461
39.92072,0.2788461
39.94072,0.2788461
39.96072,0.2788461
39.98072,0.2788461
40.00072,0.2788461
40.02073,0.2788461
40.04073,0.2788461
40.06073,0.2788461
40.08073,0.2788461
40.10073,0.2788461
40.12073,0.2788461
40.14073,0.2788461
40.16073,0.2788461
40.18073,0.2788461
40.20073,0.2788461
40.22073,0.2788461
40.24073,0.2788461
40.26073,0.2788461
40.28073,0.2788461
40.30073,0.2788461
40.32073,0.2788461
40.34073,0.2788461
40.36073,0.2788461
40.38073,0.2788461
40.40073,0.2788461
40.42073,0.2788461
40.44073,0.2788461
40.46074,0.2788461
40.48074,0.2788461
40.50074,0.2788461
40.52074,0.2788461
40.54074,0.2788461
40.56074,0.2788461
40.58074,0.2788461
40.60074,0.2788461
40.62074,0.2788461
40.64074,0.2788461
40.66074,0.2788461
40.68074,0.2788461
40.70074,0.2788461
40.72074,0.2788461
40.74074,0.2788461
40.76074,0.2788461
40.78074,0.2788461
40.80074,0.2788461
40.82074,0.2788461
40.84074,0.2788461
40.86074,0.2788461
40.88074,0.2788461
40.90075,0.2788461
40.92075,0.2980769
40.94075,0.2980769
40.96075,0.2980769
40.98075,0.2980769
41.00075,0.2980769
41.02075,0.2980769
41.04075,0.2980769
41.06075,0.2980769
41.08075,0.2980769
41.10075,0.2980769
41.12075,0.2980769
41.14075,0.2980769
41.16075,0.2980769
41.18075,0.2980769
41.20075,0.2980769
41.22075,0.2980769
41.24075,0.2980769
41.26075,0.2980769
41.28075,0.2980769
41.30075,0.2980769
41.32076,0.2980769
41.34076,0.2980769
41.36076,0.2980769
41.38076,0.2980769
41.40076,0.2980769
41.42076,0.2980769
41.44076,0.2980769
41.46076,0.2980769
41.48076,0.2980769
41.50076,0.2980769
41.52076,0.2980769
41.54076,0.2980769
41.56076,0.2980769
41.58076,0.2980769
41.60076,0.2980769
41.62076,0.2980769
41.64076,0.2980769
41.66076,0.2980769
41.68076,0.2980769
41.70076,0.2980769
41.72076,0.2980769
41.74076,0.2980769
41.76077,0.2980769
41.78077,0.2980769
41.80077,0.2980769
41.82077,0.2980769
41.84077,0.2980769
41.86077,0.2980769
41.88077,0.2980769
41.90077,0.2980769
41.92077,0.2980769
41.94077,0.2980769
41.96077,0.2980769
41.98077,0.2980769
42.00077,0.2980769
42.02077,0.2980769
42.04077,0.2980769
42.06077,0.2980769
42.08077,0.2980769
42.10077,0.2980769
42.12077,0.2980769
42.14077,0.2980769
42.16077,0.2980769
42.18077,0.2980769
42.20078,0.2980769
42.22078,0.2980769
42.24078,0.2980769
42.26078,0.2980769
42.28078,0.2980769
42.30078,0.2980769
42.32078,0.2980769
42.34078,0.2980769
42.36078,0.2980769
42.38078,0.2980769
42.40078,0.2980769
42.42078,0.2980769
42.44078,0.2980769
42.46078,0.2980769
42.48078,0.2980769
42.50078,0.2980769
42.52078,0.2980769
42.54078,0.2980769
42.56078,0.2980769
42.58078,0.2980769
42.60078,0.2980769
42.62078,0.2980769
42.64079,0.2980769
42.66079,0.2980769
42.68079,0.2980769
42.70079,0.2980769
42.72079,0.3125
42.74079,0.3125
42.76079,0.3125
42.78079,0.3125
42.80079,0.3125
42.82079,0.3125
42.84079,0.3125
42.86079,0.3125
42.88079,0.3125
42.90079,0.3125
42.92079,0.3125
42.94079,0.3125
42.96079,0.3125
42.98079,0.3125
43.00079,0.3125
43.02079,0.3125
43.04079,0.3125
43.06079,0.3125
43.0808,0.3125
43.1008,0.3125
43.1208,0.3125
43.1408,0.3125
43.1608,0.3125
43.1808,0.3125
43.2008,0.3125
43.2208,0.3125
43.2408,0.3125
43.2608,0.3125
43.2808,0.3125
43.3008,0.3125
43.3208,0.3125
43.3408,0.3125
43.3608,0.3125
43.3808,0.3125
43.4008,0.3125
43.4208,0.3125
43.4408,0.3125
43.4608,0.3125
43.4808,0.3125
43.5008,0.3125
43.52081,0.3125
43.54081,0.3125
43.56081,0.3125
43.58081,0.3125
43.60081,0.3125
43.62081,0.3125
43.64081,0.3125
43.66081,0.3125
43.68081,0.3125
43.70081,0.3125
43.72081,0.3125
43.74081,0.3125
43.76081,0.3125
43.78081,0.3125
43.80081,0.3125
43.82081,0.3125
43.84081,0.3125
43.86081,0.3125
43.88081,0.3125
43.90081,0.3125
43.92081,0.3125
43.94081,0.3125
43.96082,0.3125
43.98082,0.3125
44.00082,0.3125
44.02082,0.3125
44.04082,0.3125
44.06082,0.3125
44.08082,0.3125
44.10082,0.3125
44.12082,0.3125
44.14082,0.3125
44.16082,0.3125
44.18082,0.3125
44.20082,0.3125
44.22082,0.3125
44.24082,0.3125
44.26082,0.3125
44.28082,0.3125
44.30082,0.3125
44.32082,0.3125
44.34082,0.3125
44.36082,0.3125
44.38083,0.3125
44.40083,0.3125
44.42083,0.3125
44.44083,0.3125
44.46083,0.3125
44.48083,0.3125
44.50083,0.3125
44.52083,0.3125
44.54083,0.3125
44.56083,0.3269231
44.58083,0.3269231
44.60083,0.3269231
44.62083,0.3269231
44.64083,0.3269231
44.66083,0.3269231
44.68083,0.3269231
44.70083,0.3269231
44.72083,0.3269231
44.74083,0.3269231
44.76083,0.3269231
44.78083,0.3269231
44.80083,0.3269231
44.82084,0.3269231
44.84084,0.3269231
44.86084,0.3269231
44.88084,0.3269231
44.90084,0.3269231
44.92084,0.3269231
44.94084,0.3269231
44.96084,0.3269231
44.98084,0.3269231
45.00084,0.3269231
45.02084,0.3269231
45.04084,0.3269231
45.06084,0.3269231
45.08084,0.3269231
45.10084,0.3269231
45.12084,0.3269231
45.14084,0.3269231
45.16084,0.3269231
45.18084,0.3269231
45.20084,0.3269231
45.22084,0.3269231
45.24084,0.3269231
45.26085,0.3269231
45.28085,0.3269231
45.30085,0.3269231
45.32085,0.3269231
45.34085,0.3269231
45.36085,0.3269231
45.38085,0.3269231
45.40085,0.3269231
45.42085,0.3269231
45.44085,0.3269231
45.46085,0.3269231
45.48085,0.3269231
45.50085,0.3269231
45.52085,0.3269231
45.54085,0.3269231
45.56085,0.3269231
45.58085,0.3269231
45.60085,0.3269231
45.62085,0.3269231
45.64085,0.3269231
45.66085,0.3269231
45.68085,0.3269231
45.70086,0.3269231
45.72086,0.3269231
45.74086,0.3269231
45.76086,0.3269231
45.78086,0.3269231
45.80086,0.3269231
45.82086,0.3269231
45.84086,0.3269231
45.86086,0.3269231
45.88086,0.3269231
45.90086,0.3269231
45.92086,0.3269231
45.94086,0.3269231
45.96086,0.3269231
45.98086,0.3269231
46.00086,0.3269231
46.02086,0.3269231
46.04086,0.3269231
46.06086,0.3269231
46.08086,0.3269231
46.10086,0.3269231
46.12086,0.3269231
46.14087,0.3269231
46.16087,0.3269231
46.18087,0.3269231
46.20087,0.3269231
46.22087,0.3269231
46.24087,0.3269231
46.26087,0.3557692
46.28087,0.3557692
46.30087,0.3557692
46.32087,0.3557692
46.34087,0.3557692
46.36087,0.3557692
46.38087,0.3557692
46.40087,0.3557692
46.42087,0.3557692
46.44087,0.3557692
46.46087,0.3557692
46.48087,0.3557692
46.50087,0.3557692
46.52087,0.3557692
46.54087,0.3557692
46.56087,0.3557692
46.58088,0.3557692
46.60088,0.3557692
46.62088,0.3557692
46.64088,0.3557692
46.66088,0.3557692
46.68088,0.3557692
46.70088,0.3557692
46.72088,0.3557692
46.74088,0.3557692
46.76088,0.3557692
46.78088,0.3557692
46.80088,0.3557692
46.82088,0.3557692
46.84088,0.3557692
46.86088,0.3557692
46.88088,0.3557692
46.90088,0.3557692
46.92088,0.3557692
46.94088,0.3557692
46.96088,0.3557692
46.98088,0.3557692
47.00089,0.3557692
47.02089,0.3557692
47.04089,0.3557692
47.06089,0.3557692
47.08089,0.3557692
47.10089,0.3557692
47.12089,0.3557692
47.14089,0.3557692
47.16089,0.3557692
47.18089,0.3557692
47.20089,0.3557692
47.22089,0.3557692
47.24089,0.3557692
47.26089,0.3557692
47.28089,0.3557692
47.30089,0.3557692
47.32089,0.3557692
47.34089,0.3557692
47.36089,0.3557692
47.38089,0.3557692
47.40089,0.3557692
47.42089,0.3557692
47.4409,0.3557692
47.4609,0.3557692
47.4809,0.3557692
47.5009,0.3557692
47.5209,0.3557692
47.5409,0.3557692
47.5609,0.3557692
47.5809,0.3557692
47.6009,0.3557692
47.6209,0.3557692
47.6409,0.3557692
47.6609,0.3557692
47.6809,0.3557692
47.7009,0.3557692
47.7209,0.3557692
47.7409,0.3557692
47.7609,0.3557692
47.7809,0.3557692
47.8009,0.3557692
47.8209,0.3557692
47.8409,0.3557692
47.8609,0.3557692
47.88091,0.3557692
47.90091,0.3557692
47.92091,0.3557692
47.94091,0.375
47.96091,0.375
47.98091,0.375
48.00091,0.375
48.02091,0.375
48.04091,0.375
48.06091,0.375
48.08091,0.375
48.10091,0.375
48.12091,0.375
48.14091,0.375
48.16091,0.375
48.18091,0.375
48.20091,0.375
48.22091,0.375
48.24091,0.375
48.26091,0.375
48.28091,0.375
48.30091,0.375
48.32092,0.375
48.34092,0.375
48.36092,0.375
48.38092,0.375
48.40092,0.375
48.42092,0.375
48.44092,0.375
48.46092,0.375
48.48092,0.375
48.50092,0.375
48.52092,0.375
48.54092,0.375
48.56092,0.375
48.58092,0.375
48.60092,0.375
48.62092,0.375
48.64092,0.375
48.66092,0.375
48.68092,0.375
48.70092,0.375
48.72092,0.375
48.74092,0.375
48.76093,0.375
48.78093,0.375
48.80093,0.375
48.82093,0.375
48.84093,0.375
48.86093,0.375
48.88093,0.375
48.90093,0.375
48.92093,0.375
48.94093,0.375
48.96093,0.375
48.98093,0.375
49.00093,0.375
49.02093,0.375
49.04093,0.375
49.06093,0.375
49.08093,0.375
49.10093,0.375
49.12093,0.375
49.14093,0.375
49.16093,0.375
49.18093,0.375
49.20094,0.375
49.22094,0.375
49.24094,0.375
49.26094,0.375
49.28094,0.375
49.30094,0.375
49.32094,0.375
49.34094,0.375
49.36094,0.375
49.38094,0.375
49.40094,0.375
49.42094,0.375
49.44094,0.375
49.46094,0.375
49.48094,0.375
49.50094,0.375
49.52094,0.375
49.54094,0.375
49.56094,0.375
49.58094,0.375
49.60094,0.375
49.62094,0.375
49.64095,0.375
49.66095,0.375
49.68095,0.375
49.70095,0.375
49.72095,0.375
49.74095,0.375
49.76095,0.375
49.78095,0.375
49.80095,0.375
49.82095,0.375
49.84095,0.375
49.86095,0.375
49.88095,0.375
49.90095,0.375
49.92095,0.375
49.94095,0.375
49.96095,0.375
49.98095,0.375
50.00095,0.375
50.02095,0.375
50.04095,0.375
50.06096,0.375
50.08096,0.375
50.10096,0.375
50.12096,0.375
50.14096,0.375
50.16096,0.375
50.18096,0.375
50.20096,0.375
50.22096,0.375
50.24096,0.375
50.26096,0.375
50.28096,0.375
50.30096,0.375
50.32096,0.375
50.34096,0.375
50.36096,0.375
50.38096,0.375
50.40096,0.375
50.42096,0.375
50.44096,0.375
50.46096,0.375
50.48096,0.375
50.50097,0.375
50.52097,0.375
50.54097,0.375
50.56097,0.375
50.58097,0.375
50.60097,0.375
50.62097,0.375
50.64097,0.375
50.66097,0.375
50.68097,0.375
50.70097,0.375
50.72097,0.375
50.74097,0.375
50.76097,0.375
50.78097,0.375
50.80097,0.375
50.82097,0.375
50.84097,0.375
50.86097,0.375
50.88097,0.375
50.90097,0.375
50.92097,0.375
50.94098,0.375
50.96098,0.375
50.98098,0.375
51.00098,0.375
51.02098,0.375
51.04098,0.375
51.06098,0.375
51.08098,0.375
51.10098,0.375
51.12098,0.375
51.14098,0.375
51.16098,0.3846154
51.18098,0.3846154
51.20098,0.3846154
51.22098,0.3846154
51.24098,0.3846154
51.26098,0.3846154
51.28098,0.3846154
51.30098,0.3846154
51.32098,0.3846154
51.34098,0.3846154
51.36098,0.3846154
51.38099,0.3846154
51.40099,0.3846154
51.42099,0.3846154
51.44099,0.3846154
51.46099,0.3846154
51.48099,0.3846154
51.50099,0.3846154
51.52099,0.3846154
51.54099,0.3846154
51.56099,0.3846154
51.58099,0.3846154
51.60099,0.3846154
51.62099,0.3846154
51.64099,0.3846154
51.66099,0.3846154
51.68099,0.3846154
51.70099,0.3846154
51.72099,0.3846154
51.74099,0.3846154
51.76099,0.3846154
51.78099,0.3846154
51.80099,0.3846154
51.821,0.3846154
51.841,0.3846154
51.861,0.3846154
51.881,0.3846154
51.901,0.3846154
51.921,0.3846154
51.941,0.3846154
51.961,0.3846154
51.981,0.3846154
52.001,0.3846154
52.021,0.3846154
52.041,0.3846154
52.061,0.3846154
52.081,0.3846154
52.101,0.3846154
52.121,0.3846154
52.141,0.3846154
52.161,0.3846154
52.181,0.3846154
52.201,0.3846154
52.221,0.3846154
52.241,0.3846154
52.26101,0.3846154
52.28101,0.3846154
52.30101,0.3846154
52.32101,0.3846154
52.34101,0.3846154
52.36101,0.3846154
52.38101,0.3846154
52.40101,0.3846154
52.42101,0.3846154
52.44101,0.3846154
52.46101,0.3846154
52.48101,0.3846154
52.50101,0.3846154
52.52101,0.3846154
52.54101,0.3846154
52.56101,0.3846154
52.58101,0.3846154
52.60101,0.3846154
52.62101,0.3846154
52.64101,0.3846154
52.66101,0.3846154
52.68102,0.3846154
52.70102,0.3846154
52.72102,0.3846154
52.74102,0.3846154
52.76102,0.3846154
52.78102,0.3846154
52.80102,0.3942308
52.82102,0.3942308
52.84102,0.3942308
52.86102,0.3942308
52.88102,0.3942308
52.90102,0.3942308
52.92102,0.3942308
52.94102,0.3942308
52.96102,0.3942308
52.98102,0.3942308
53.00102,0.3942308
53.02102,0.3942308
53.04102,0.3942308
53.06102,0.3942308
53.08102,0.3942308
53.10102,0.3942308
53.12103,0.3942308
53.14103,0.3942308
53.16103,0.3942308
53.18103,0.3942308
53.20103,0.3942308
53.22103,0.3942308
53.24103,0.3942308
53.26103,0.3942308
53.28103,0.3942308
53.30103,0.3942308
53.32103,0.3942308
53.34103,0.3942308
53.36103,0.3942308
53.38103,0.3942308
53.40103,0.3942308
53.42103,0.3942308
53.44103,0.3942308
53.46103,0.3942308
53.48103,0.3942308
53.50103,0.3942308
53.52103,0.3942308
53.54103,0.3942308
53.56104,0.3942308
53.58104,0.3942308
53.60104,0.3942308
53.62104,0.3942308
53.64104,0.3942308
53.66104,0.3942308
53.68104,0.3942308
53.70104,0.3942308
53.72104,0.3942308
53.74104,0.3942308
53.76104,0.3942308
53.78104,0.3942308
53.80104,0.3942308
53.82104,0.3942308
53.84104,0.3942308
53.86104,0.3942308
53.88104,0.3942308
53.90104,0.3942308
53.92104,0.3942308
53.94104,0.3942308
53.96104,0.3942308
53.98104,0.3942308
54.00105,0.3942308
54.02105,0.3942308
54.04105,0.3942308
54.06105,0.3942308
54.08105,0.3942308
54.10105,0.3942308
54.12105,0.3942308
54.14105,0.3942308
54.16105,0.3942308
54.18105,0.3942308
54.20105,0.3942308
54.22105,0.3942308
54.24105,0.3942308
54.26105,0.3942308
54.28105,0.3942308
54.30105,0.3942308
54.32105,0.3942308
54.34105,0.3942308
54.36105,0.4038461
54.38105,0.4038461
54.40105,0.4038461
54.42105,0.4038461
54.44106,0.4038461
54.46106,0.4038461
54.48106,0.4038461
54.50106,0.4038461
54.52106,0.4038461
54.54106,0.4038461
54.56106,0.4038461
54.58106,0.4038461
54.60106,0.4038461
54.62106,0.4038461
54.64106,0.4038461
54.66106,0.4038461
54.68106,0.4038461
54.70106,0.4038461
54.72106,0.4038461
54.74106,0.4038461
54.76106,0.4038461
54.78106,0.4038461
54.80106,0.4038461
54.82106,0.4038461
54.84106,0.4038461
54.86106,0.4038461
54.88107,0.4038461
54.90107,0.4038461
54.92107,0.4038461
54.94107,0.4038461
54.96107,0.4038461
54.98107,0.4038461
55.00107,0.4038461
55.02107,0.4038461
55.04107,0.4038461
55.06107,0.4038461
55.08107,0.4038461
55.10107,0.4038461
55.12107,0.4038461
55.14107,0.4038461
55.16107,0.4038461
55.18107,0.4038461
55.20107,0.4038461
55.22107,0.4038461
55.24107,0.4038461
55.26107,0.4038461
55.28107,0.4038461
55.30107,0.4038461
55.32108,0.4038461
55.34108,0.4038461
55.36108,0.4038461
55.38108,0.4038461
55.40108,0.4038461
55.42108,0.4038461
55.44108,0.4038461
55.46108,0.4038461
55.48108,0.4038461
55.50108,0.4038461
55.52108,0.4038461
55.54108,0.4038461
55.56108,0.4038461
55.58108,0.4038461
55.60108,0.4038461
55.62108,0.4038461
55.64108,0.4038461
55.66108,0.4038461
55.68108,0.4038461
55.70108,0.4038461
55.72108,0.4038461
55.74109,0.4038461
55.76109,0.4038461
55.78109,0.4038461
55.80109,0.4038461
55.82109,0.4038461
55.84109,0.4038461
55.86109,0.4038461
55.88109,0.4038461
55.90109,0.4038461
55.92109,0.4038461
55.94109,0.4134615
55.96109,0.4134615
55.98109,0.4134615
56.00109,0.4134615
56.02109,0.4134615
56.04109,0.4134615
56.06109,0.4134615
56.08109,0.4134615
56.10109,0.4134615
56.12109,0.4134615
56.14109,0.4134615
56.16109,0.4134615
56.1811,0.4134615
56.2011,0.4134615
56.2211,0.4134615
56.2411,0.4134615
56.2611,0.4134615
56.2811,0.4134615
56.3011,0.4134615
56.3211,0.4134615
56.3411,0.4134615
56.3611,0.4134615
56.3811,0.4134615
56.4011,0.4134615
56.4211,0.4134615
56.4411,0.4134615
56.4611,0.4134615
56.4811,0.4134615
56.5011,0.4134615
56.5211,0.4134615
56.5411,0.4134615
56.5611,0.4134615
56.5811,0.4134615
56.6011,0.4134615
56.62111,0.4134615
56.64111,0.4134615
56.66111,0.4134615
56.68111,0.4134615
56.70111,0.4134615
56.72111,0.4134615
56.74111,0.4134615
56.76111,0.4134615
56.78111,0.4134615
56.80111,0.4134615
56.82111,0.4134615
56.84111,0.4134615
56.86111,0.4134615
56.88111,0.4134615
56.90111,0.4134615
56.92111,0.4134615
56.94111,0.4134615
56.96111,0.4134615
56.98111,0.4134615
57.00111,0.4134615
57.02111,0.4134615
57.04111,0.4134615
57.06112,0.4134615
57.08112,0.4134615
57.10112,0.4134615
57.12112,0.4134615
57.14112,0.4134615
57.16112,0.4134615
57.18112,0.4134615
57.20112,0.4134615
57.22112,0.4134615
57.24112,0.4134615
57.26112,0.4134615
57.28112,0.4134615
57.30112,0.4134615
57.32112,0.4134615
57.34112,0.4134615
57.36112,0.4134615
57.38112,0.4134615
57.40112,0.4134615
57.42112,0.4134615
57.44112,0.4375
57.46112,0.4375
57.48112,0.4375
57.50113,0.4375
57.52113,0.4375
57.54113,0.4375
57.56113,0.4375
57.58113,0.4375
57.60113,0.4375
57.62113,0.4375
57.64113,0.4375
57.66113,0.4375
57.68113,0.4375
57.70113,0.4375
57.72113,0.4375
57.74113,0.4375
57.76113,0.4375
57.78113,0.4375
57.80113,0.4375
57.82113,0.4375
57.84113,0.4375
57.86113,0.4375
57.88113,0.4375
57.90113,0.4375
57.92113,0.4375
57.94114,0.4375
57.96114,0.4375
57.98114,0.4375
58.00114,0.4375
58.02114,0.4375
58.04114,0.4375
58.06114,0.4375
58.08114,0.4375
58.10114,0.4375
58.12114,0.4375
58.14114,0.4375
58.16114,0.4375
58.18114,0.4375
58.20114,0.4375
58.22114,0.4375
58.24114,0.4375
58.26114,0.4375
58.28114,0.4375
58.30114,0.4375
58.32114,0.4375
58.34114,0.4375
58.36115,0.4375
58.38115,0.4375
58.40115,0.4375
58.42115,0.4375
58.44115,0.4375
58.46115,0.4375
58.48115,0.4375
58.50115,0.4375
58.52115,0.4375
58.54115,0.4375
58.56115,0.4375
58.58115,0.4375
58.60115,0.4375
58.62115,0.4375
58.64115,0.4375
58.66115,0.4375
58.68115,0.4375
58.70115,0.4375
58.72115,0.4375
58.74115,0.4375
58.76115,0.4375
58.78115,0.4375
58.80116,0.4375
58.82116,0.4375
58.84116,0.4375
58.86116,0.4375
58.88116,0.4375
58.90116,0.4375
58.92116,0.4375
58.94116,0.4375
58.96116,0.4375
58.98116,0.4375
59.00116,0.4375
59.02116,0.4375
59.04116,0.4375
59.06116,0.4375
59.08116,0.4375
59.10116,0.4375
59.12116,0.4519231
59.14116,0.4519231
59.16116,0.4519231
59.18116,0.4519231
59.20116,0.4519231
59.22116,0.4519231
59.24117,0.4519231
59.26117,0.4519231
59.28117,0.4519231
59.30117,0.4519231
59.32117,0.4519231
59.34117,0.4519231
59.36117,0.4519231
59.38117,0.4519231
59.40117,0.4519231
59.42117,0.4519231
59.44117,0.4519231
59.46117,0.4519231
59.48117,0.4519231
59.50117,0.4519231
59.52117,0.4519231
59.54117,0.4519231
59.56117,0.4519231
59.58117,0.4519231
59.60117,0.4519231
59.62117,0.4519231
59.64117,0.4519231
59.66117,0.4519231
59.68118,0.4519231
59.70118,0.4519231
59.72118,0.4519231
59.74118,0.4519231
59.76118,0.4519231
59.78118,0.4519231
59.80118,0.4519231
59.82118,0.4519231
59.84118,0.4519231
59.86118,0.4519231
59.88118,0.4519231
59.90118,0.4519231
59.92118,0.4519231
59.94118,0.4519231
59.96118,0.4519231
59.98118,0.4519231
60.00118,0.4519231
60.02118,0.4519231
60.04118,0.4519231
60.06118,0.4519231
60.08118,0.4519231
60.10118,0.4519231
60.12119,0.4519231
60.14119,0.4519231
60.16119,0.4519231
60.18119,0.4519231
60.20119,0.4519231
60.22119,0.4519231
60.24119,0.4519231
60.26119,0.4519231
60.28119,0.4519231
60.30119,0.4519231
60.32119,0.4519231
60.34119,0.4519231
60.36119,0.4519231
60.38119,0.4519231
60.40119,0.4519231
60.42119,0.4519231
60.44119,0.4519231
60.46119,0.4519231
60.48119,0.4519231
60.50119,0.4519231
60.52119,0.4519231
60.54119,0.4519231
60.5612,0.4519231
60.5812,0.4519231
60.6012,0.4519231
60.6212,0.4519231
60.6412,0.4519231
60.6612,0.4519231
60.6812,0.4519231
60.7012,0.4519231
60.7212,0.4519231
60.7412,0.4519231
60.7612,0.4519231
60.7812,0.4519231
60.8012,0.4519231
60.8212,0.4519231
60.8412,0.4663461
60.8612,0.4663461
60.8812,0.4663461
60.9012,0.4663461
60.9212,0.4663461
60.9412,0.4663461
60.9612,0.4663461
60.9812,0.4663461
61.00121,0.4663461
61.02121,0.4663461
61.04121,0.4663461
61.06121,0.4663461
61.08121,0.4663461
61.10121,0.4663461
61.12121,0.4663461
61.14121,0.4663461
61.16121,0.4663461
61.18121,0.4663461
61.20121,0.4663461
61.22121,0.4663461
61.24121,0.4663461
61.26121,0.4663461
61.28121,0.4663461
61.30121,0.4663461
61.32121,0.4663461
61.34121,0.4663461
61.36121,0.4663461
61.38121,0.4663461
61.40121,0.4663461
61.42122,0.4663461
61.44122,0.4663461
61.46122,0.4663461
61.48122,0.4663461
61.50122,0.4663461
61.52122,0.4663461
61.54122,0.4663461
61.56122,0.4663461
61.58122,0.4663461
61.60122,0.4663461
61.62122,0.4663461
61.64122,0.4663461
61.66122,0.4663461
61.68122,0.4663461
61.70122,0.4663461
61.72122,0.4663461
61.74122,0.4663461
61.76122,0.4663461
61.78122,0.4663461
61.80122,0.4663461
61.82122,0.4663461
61.84122,0.4663461
61.86123,0.4663461
61.88123,0.4663461
61.90123,0.4663461
61.92123,0.4663461
61.94123,0.4663461
61.96123,0.4663461
61.98123,0.4663461
62.00123,0.4663461
62.02123,0.4663461
62.04123,0.4663461
62.06123,0.4663461
62.08123,0.4663461
62.10123,0.4663461
62.12123,0.4663461
62.14123,0.4663461
62.16123,0.4663461
62.18123,0.4663461
62.20123,0.4663461
62.22123,0.4663461
62.24123,0.4663461
62.26123,0.4663461
62.28123,0.4663461
62.30124,0.4663461
62.32124,0.4663461
62.34124,0.4663461
62.36124,0.4663461
62.38124,0.4663461
62.40124,0.4759615
62.42124,0.4759615
62.44124,0.4759615
62.46124,0.4759615
62.48124,0.4759615
62.50124,0.4759615
62.52124,0.4759615
62.54124,0.4759615
62.56124,0.4759615
62.58124,0.4759615
62.60124,0.4759615
62.62124,0.4759615
62.64124,0.4759615
62.66124,0.4759615
62.68124,0.4759615
62.70124,0.4759615
62.72124,0.4759615
62.74125,0.4759615
62.76125,0.4759615
62.78125,0.4759615
62.80125,0.4759615
62.82125,0.4759615
62.84125,0.4759615
62.86125,0.4759615
62.88125,0.4759615
62.90125,0.4759615
62.92125,0.4759615
62.94125,0.4759615
62.96125,0.4759615
62.98125,0.4759615
63.00125,0.4759615
63.02125,0.4759615
63.04125,0.4759615
63.06125,0.4759615
63.08125,0.4759615
63.10125,0.4759615
63.12125,0.4759615
63.14125,0.4759615
63.16125,0.4759615
63.18126,0.4759615
63.20126,0.4759615
63.22126,0.4759615
63.24126,0.4759615
63.26126,0.4759615
63.28126,0.4759615
63.30126,0.4759615
63.32126,0.4759615
63.34126,0.4759615
63.36126,0.4759615
63.38126,0.4759615
63.40126,0.4759615
63.42126,0.4759615
63.44126,0.4759615
63.46126,0.4759615
63.48126,0.4759615
63.50126,0.4759615
63.52126,0.4759615
63.54126,0.4759615
63.56126,0.4759615
63.58126,0.4759615
63.60126,0.4759615
63.62127,0.4759615
63.64127,0.4759615
63.66127,0.4759615
63.68127,0.4759615
63.70127,0.4759615
63.72127,0.4759615
63.74127,0.4759615
63.76127,0.4759615
63.78127,0.4759615
63.80127,0.4759615
63.82127,0.4759615
63.84127,0.4759615
63.86127,0.4759615
63.88127,0.4759615
63.90127,0.4759615
63.92127,0.4759615
63.94127,0.4759615
63.96127,0.4807692
63.98127,0.4807692
64.00127,0.4807692
64.02127,0.4807692
64.04127,0.4807692
64.06126,0.4807692
64.08126,0.4807692
64.10126,0.4807692
64.12125,0.4807692
64.14125,0.4807692
64.16125,0.4807692
64.18124,0.4807692
64.20124,0.4807692
64.22124,0.4807692
64.24123,0.4807692
64.26123,0.4807692
64.28123,0.4807692
64.30122,0.4807692
64.32122,0.4807692
64.34122,0.4807692
64.36121,0.4807692
64.38121,0.4807692
64.40121,0.4807692
64.4212,0.4807692
64.4412,0.4807692
64.4612,0.4807692
64.48119,0.4807692
64.50119,0.4807692
64.52119,0.4807692
64.54118,0.4807692
64.56118,0.4807692
64.58118,0.4807692
64.60117,0.4807692
64.62117,0.4807692
64.64117,0.4807692
64.66116,0.4807692
64.68116,0.4807692
64.70116,0.4807692
64.72115,0.4807692
64.74115,0.4807692
64.76115,0.4807692
64.78114,0.4807692
64.80114,0.4807692
64.82114,0.4807692
64.84113,0.4807692
64.86113,0.4807692
64.88113,0.4807692
64.90112,0.4807692
64.92112,0.4807692
64.94112,0.4807692
64.96111,0.4807692
64.98111,0.4807692
65.00111,0.4807692
65.0211,0.4807692
65.0411,0.4807692
65.0611,0.4807692
65.08109,0.4807692
65.10109,0.4807692
65.12109,0.4807692
65.14108,0.4807692
65.16108,0.4807692
65.18108,0.4807692
65.20107,0.4807692
65.22107,0.4807692
65.24107,0.4807692
65.26106,0.4807692
65.28106,0.4807692
65.30106,0.4807692
65.32105,0.4807692
65.34105,0.4807692
65.36105,0.4807692
65.38104,0.4807692
65.40104,0.4807692
65.42104,0.4807692
65.44103,0.4807692
65.46103,0.4807692
65.48103,0.4951923
65.50102,0.4951923
65.52102,0.4951923
65.54102,0.4951923
65.56101,0.4951923
65.58101,0.4951923
65.60101,0.4951923
65.621,0.4951923
65.641,0.4951923
65.661,0.4951923
65.68099,0.4951923
65.70099,0.4951923
65.72099,0.4951923
65.74098,0.4951923
65.76098,0.4951923
65.78098,0.4951923
65.80097,0.4951923
65.82097,0.4951923
65.84097,0.4951923
65.86096,0.4951923
65.88096,0.4951923
65.90096,0.4951923
65.92095,0.4951923
65.94095,0.4951923
65.96095,0.4951923
65.98094,0.4951923
66.00094,0.4951923
66.02094,0.4951923
66.04093,0.4951923
66.06093,0.4951923
66.08092,0.4951923
66.10092,0.4951923
66.12092,0.4951923
66.14091,0.4951923
66.16091,0.4951923
66.18091,0.4951923
66.2009,0.4951923
66.2209,0.4951923
66.2409,0.4951923
66.26089,0.4951923
66.28089,0.4951923
66.30089,0.4951923
66.32088,0.4951923
66.34088,0.4951923
66.36088,0.4951923
66.38087,0.4951923
66.40087,0.4951923
66.42087,0.4951923
66.44086,0.4951923
66.46086,0.4951923
66.48086,0.4951923
66.50085,0.4951923
66.52085,0.4951923
66.54085,0.4951923
66.56084,0.4951923
66.58084,0.4951923
66.60084,0.4951923
66.62083,0.4951923
66.64083,0.4951923
66.66083,0.4951923
66.68082,0.4951923
66.70082,0.4951923
66.72082,0.4951923
66.74081,0.4951923
66.76081,0.4951923
66.78081,0.4951923
66.8008,0.4951923
66.8208,0.4951923
66.8408,0.4951923
66.86079,0.4951923
66.88079,0.4951923
66.90079,0.4951923
66.92078,0.4951923
66.94078,0.4951923
66.96078,0.4951923
66.98077,0.4951923
67.00077,0.4951923
67.02077,0.4951923
67.04076,0.4951923
67.06076,0.4951923
67.08076,0.5048077
67.10075,0.5048077
67.12075,0.5048077
67.14075,0.5048077
67.16074,0.5048077
67.18074,0.5048077
67.20074,0.5048077
67.22073,0.5048077
67.24073,0.5048077
67.26073,0.5048077
67.28072,0.5048077
67.30072,0.5048077
67.32072,0.5048077
67.34071,0.5048077
67.36071,0.5048077
67.38071,0.5048077
67.4007,0.5048077
67.4207,0.5048077
67.4407,0.5048077
67.46069,0.5048077
67.48069,0.5048077
67.50069,0.5048077
67.52068,0.5048077
67.54068,0.5048077
67.56068,0.5048077
67.58067,0.5048077
67.60067,0.5048077
67.62067,0.5048077
67.64066,0.5048077
67.66066,0.5048077
67.68066,0.5048077
67.70065,0.5048077
67.72065,0.5048077
67.74065,0.5048077
67.76064,0.5048077
67.78064,0.5048077
67.80064,0.5048077
67.82063,0.5048077
67.84063,0.5048077
67.86063,0.5048077
67.88062,0.5048077
67.90062,0.5048077
67.92062,0.5048077
67.94061,0.5048077
67.96061,0.5048077
67.98061,0.5048077
68.0006,0.5048077
68.0206,0.5048077
68.0406,0.5048077
68.06059,0.5048077
68.08059,0.5048077
68.10059,0.5048077
68.12058,0.5048077
68.14058,0.5048077
68.16058,0.5048077
68.18057,0.5048077
68.20057,0.5048077
68.22057,0.5048077
68.24056,0.5048077
68.26056,0.5048077
68.28056,0.5048077
68.30055,0.5048077
68.32055,0.5048077
68.34055,0.5048077
68.36054,0.5048077
68.38054,0.5048077
68.40054,0.5048077
68.42053,0.5048077
68.44053,0.5048077
68.46053,0.5048077
68.48052,0.5048077
68.50052,0.5048077
68.52052,0.5048077
68.54051,0.5048077
68.56051,0.5048077
68.58051,0.5048077
68.6005,0.5048077
68.6205,0.5048077
68.6405,0.5192308
68.66049,0.5192308
68.68049,0.5192308
68.70049,0.5192308
68.72048,0.5192308
68.74048,0.5192308
68.76048,0.5192308
68.78047,0.5192308
68.80047,0.5192308
68.82047,0.5192308
68.84046,0.5192308
68.86046,0.5192308
68.88046,0.5192308
68.90045,0.5192308
68.92045,0.5192308
68.94044,0.5192308
68.96044,0.5192308
68.98044,0.5192308
69.00043,0.5192308
69.02043,0.5192308
69.04043,0.5192308
69.06042,0.5192308
69.08042,0.5192308
69.10042,0.5192308
69.12041,0.5192308
69.14041,0.5192308
69.16041,0.5192308
69.1804,0.5192308
69.2004,0.5192308
69.2204,0.5192308
69.24039,0.5192308
69.26039,0.5192308
69.28039,0.5192308
69.30038,0.5192308
69.32038,0.5192308
69.34038,0.5192308
69.36037,0.5192308
69.38037,0.5192308
69.40037,0.5192308
69.42036,0.5192308
69.44036,0.5192308
69.46036,0.5192308
69.48035,0.5192308
69.50035,0.5192308
69.52035,0.5192308
69.54034,0.5192308
69.56034,0.5192308
69.58034,0.5192308
69.60033,0.5192308
69.62033,0.5192308
69.64033,0.5192308
69.66032,0.5192308
69.68032,0.5192308
69.70032,0.5192308
69.72031,0.5192308
69.74031,0.5192308
69.76031,0.5192308
69.7803,0.5192308
69.8003,0.5192308
69.8203,0.5192308
69.84029,0.5192308
69.86029,0.5192308
69.88029,0.5192308
69.90028,0.5192308
69.92028,0.5192308
69.94028,0.5192308
69.96027,0.5192308
69.98027,0.5192308
70.00027,0.5192308
70.02026,0.5192308
70.04026,0.5192308
70.06026,0.5192308
70.08025,0.5192308
70.10025,0.5192308
70.12025,0.5192308
70.14024,0.5192308
70.16024,0.5192308
70.18024,0.5192308
70.20023,0.5240384
70.22023,0.5240384
70.24023,0.5240384
70.26022,0.5240384
70.28022,0.5240384
70.30022,0.5240384
70.32021,0.5240384
70.34021,0.5240384
70.36021,0.5240384
70.3802,0.5240384
70.4002,0.5240384
70.4202,0.5240384
70.44019,0.5240384
70.46019,0.5240384
70.48019,0.5240384
70.50018,0.5240384
70.52018,0.5240384
70.54018,0.5240384
70.56017,0.5240384
70.58017,0.5240384
70.60017,0.5240384
70.62016,0.5240384
70.64016,0.5240384
70.66016,0.5240384
70.68015,0.5240384
70.70015,0.5240384
70.72015,0.5240384
70.74014,0.5240384
70.76014,0.5240384
70.78014,0.5240384
70.80013,0.5240384
70.82013,0.5240384
70.84013,0.5240384
70.86012,0.5240384
70.88012,0.5240384
70.90012,0.5240384
70.92011,0.5240384
70.94011,0.5240384
70.96011,0.5240384
70.9801,0.5240384
71.0001,0.5240384
71.0201,0.5240384
71.04009,0.5240384
71.06009,0.5240384
71.08009,0.5240384
71.10008,0.5240384
71.12008,0.5240384
71.14008,0.5240384
71.16007,0.5240384
71.18007,0.5240384
71.20007,0.5240384
71.22006,0.5240384
71.24006,0.5240384
71.26006,0.5240384
71.28005,0.5240384
71.30005,0.5240384
71.32005,0.5240384
71.34004,0.5240384
71.36004,0.5240384
71.38004,0.5240384
71.40003,0.5240384
71.42003,0.5240384
71.44003,0.5240384
71.46002,0.5240384
71.48002,0.5240384
71.50002,0.5240384
71.52001,0.5240384
71.54001,0.5240384
71.56001,0.5240384
71.58,0.5240384
71.6,0.5240384
71.62,0.5240384
71.63999,0.5240384
71.65999,0.5240384
71.67999,0.5240384
71.69998,0.5240384
71.71998,0.5336539
71.73997,0.5336539
71.75997,0.5336539
71.77997,0.5336539
71.79996,0.5336539
71.81996,0.5336539
71.83996,0.5336539
71.85995,0.5336539
71.87995,0.5336539
71.89995,0.5336539
71.91994,0.5336539
71.93994,0.5336539
71.95994,0.5336539
71.97993,0.5336539
71.99993,0.5336539
72.01993,0.5336539
72.03992,0.5336539
72.05992,0.5336539
72.07992,0.5336539
72.09991,0.5336539
72.11991,0.5336539
72.13991,0.5336539
72.1599,0.5336539
72.1799,0.5336539
72.1999,0.5336539
72.21989,0.5336539
72.23989,0.5336539
72.25989,0.5336539
72.27988,0.5336539
72.29988,0.5336539
72.31988,0.5336539
72.33987,0.5336539
72.35987,0.5336539
72.37987,0.5336539
72.39986,0.5336539
72.41986,0.5336539
72.43986,0.5336539
72.45985,0.5336539
72.47985,0.5336539
72.49985,0.5336539
72.51984,0.5336539
72.53984,0.5336539
72.55984,0.5336539
72.57983,0.5336539
72.59983,0.5336539
72.61983,0.5336539
72.63982,0.5336539
72.65982,0.5336539
72.67982,0.5336539
72.69981,0.5336539
72.71981,0.5336539
72.73981,0.5336539
72.7598,0.5336539
72.7798,0.5336539
72.7998,0.5336539
72.81979,0.5336539
72.83979,0.5336539
72.85979,0.5336539
72.87978,0.5336539
72.89978,0.5336539
72.91978,0.5336539
72.93977,0.5336539
72.95977,0.5336539
72.97977,0.5336539
72.99976,0.5336539
73.01976,0.5336539
73.03976,0.5336539
73.05975,0.5336539
73.07975,0.5336539
73.09975,0.5336539
73.11974,0.5336539
73.13974,0.5336539
73.15974,0.5336539
73.17973,0.5336539
73.19973,0.5336539
73.21973,0.5336539
73.23972,0.5336539
73.25972,0.5336539
73.27972,0.5432692
73.29971,0.5432692
73.31971,0.5432692
73.33971,0.5432692
73.3597,0.5432692
73.3797,0.5432692
73.3997,0.5432692
73.41969,0.5432692
73.43969,0.5432692
73.45969,0.5432692
73.47968,0.5432692
73.49968,0.5432692
73.51968,0.5432692
73.53967,0.5432692
73.55967,0.5432692
73.57967,0.5432692
73.59966,0.5432692
73.61966,0.5432692
73.63966,0.5432692
73.65965,0.5432692
73.67965,0.5432692
73.69965,0.5432692
73.71964,0.5432692
73.73964,0.5432692
73.75964,0.5432692
73.77963,0.5432692
73.79963,0.5432692
73.81963,0.5432692
73.83962,0.5432692
73.85962,0.5432692
73.87962,0.5432692
73.89961,0.5432692
73.91961,0.5432692
73.93961,0.5432692
73.9596,0.5432692
73.9796,0.5432692
73.9996,0.5432692
74.01959,0.5432692
74.03959,0.5432692
74.05959,0.5432692
74.07958,0.5432692
74.09958,0.5432692
74.11958,0.5432692
74.13957,0.5432692
74.15957,0.5432692
74.17957,0.5432692
74.19956,0.5432692
74.21956,0.5432692
74.23956,0.5432692
74.25955,0.5432692
74.27955,0.5432692
74.29955,0.5432692
74.31954,0.5432692
74.33954,0.5432692
74.35954,0.5432692
74.37953,0.5432692
74.39953,0.5432692
74.41953,0.5432692
74.43952,0.5432692
74.45952,0.5432692
74.47952,0.5432692
74.49951,0.5432692
74.51951,0.5432692
74.53951,0.5432692
74.5595,0.5432692
74.5795,0.5432692
74.59949,0.5432692
74.61949,0.5432692
74.63949,0.5432692
74.65948,0.5432692
74.67948,0.5432692
74.69948,0.5432692
74.71947,0.5432692
74.73947,0.5432692
74.75947,0.5432692
74.77946,0.5432692
74.79946,0.5432692
74.81946,0.5432692
74.83945,0.5432692
74.85945,0.5432692
74.87945,0.5528846
74.89944,0.5528846
74.91944,0.5528846
74.93944,0.5528846
74.95943,0.5528846
74.97943,0.5528846
74.99943,0.5528846
75.01942,0.5528846
75.03942,0.5528846
75.05942,0.5528846
75.07941,0.5528846
75.09941,0.5528846
75.11941,0.5528846
75.1394,0.5528846
75.1594,0.5528846
75.1794,0.5528846
75.19939,0.5528846
75.21939,0.5528846
75.23939,0.5528846
75.25938,0.5528846
75.27938,0.5528846
75.29938,0.5528846
75.31937,0.5528846
75.33937,0.5528846
75.35937,0.5528846
75.37936,0.5528846
75.39936,0.5528846
75.41936,0.5528846
75.43935,0.5528846
75.45935,0.5528846
75.47935,0.5528846
75.49934,0.5528846
75.51934,0.5528846
75.53934,0.5528846
75.55933,0.5528846
75.57933,0.5528846
75.59933,0.5528846
75.61932,0.5528846
75.63932,0.5528846
75.65932,0.5528846
75.67931,0.5528846
75.69931,0.5528846
75.71931,0.5528846
75.7393,0.5528846
75.7593,0.5528846
75.7793,0.5528846
75.79929,0.5528846
75.81929,0.5528846
75.83929,0.5528846
75.85928,0.5528846
75.87928,0.5528846
75.89928,0.5528846
75.91927,0.5528846
75.93927,0.5528846
75.95927,0.5528846
75.97926,0.5528846
75.99926,0.5528846
76.01926,0.5528846
76.03925,0.5528846
76.05925,0.5528846
76.07925,0.5528846
76.09924,0.5528846
76.11924,0.5528846
76.13924,0.5528846
76.15923,0.5528846
76.17923,0.5528846
76.19923,0.5528846
76.21922,0.5528846
76.23922,0.5528846
76.25922,0.5528846
76.27921,0.5528846
76.29921,0.5528846
76.31921,0.5528846
76.3392,0.5528846
76.3592,0.5528846
76.3792,0.5528846
76.39919,0.5528846
76.41919,0.5528846
76.43919,0.5528846
76.45918,0.5528846
76.47918,0.5528846
76.49918,0.5528846
76.51917,0.5528846
76.53917,0.5528846
76.55917,0.5528846
76.57916,0.5528846
76.59916,0.5528846
76.61916,0.5528846
76.63915,0.5528846
76.65915,0.5528846
76.67915,0.5528846
76.69914,0.5528846
76.71914,0.5528846
76.73914,0.5528846
76.75913,0.5528846
76.77913,0.5528846
76.79913,0.5528846
76.81912,0.5528846
76.83912,0.5528846
76.85912,0.5528846
76.87911,0.5528846
76.89911,0.5528846
76.91911,0.5528846
76.9391,0.5528846
76.9591,0.5528846
76.9791,0.5528846
76.99909,0.5528846
77.01909,0.5528846
77.03909,0.5528846
77.05908,0.5528846
77.07908,0.5528846
77.09908,0.5528846
77.11907,0.5528846
77.13907,0.5528846
77.15907,0.5528846
77.17906,0.5528846
77.19906,0.5528846
77.21906,0.5528846
77.23905,0.5528846
77.25905,0.5528846
77.27905,0.5528846
77.29904,0.5528846
77.31904,0.5528846
77.33904,0.5528846
77.35903,0.5528846
77.37903,0.5528846
77.39902,0.5528846
77.41902,0.5528846
77.43902,0.5528846
77.45901,0.5528846
77.47901,0.5528846
77.49901,0.5528846
77.519,0.5528846
77.539,0.5528846
77.559,0.5528846
77.57899,0.5528846
77.59899,0.5528846
77.61899,0.5528846
77.63898,0.5528846
77.65898,0.5528846
77.67898,0.5528846
77.69897,0.5528846
77.71897,0.5528846
77.73897,0.5528846
77.75896,0.5528846
77.77896,0.5528846
77.79896,0.5528846
77.81895,0.5528846
77.83895,0.5528846
77.85895,0.5528846
77.87894,0.5528846
77.89894,0.5528846
77.91894,0.5528846
77.93893,0.5528846
77.95893,0.5528846
77.97893,0.5528846
77.99892,0.5528846
78.01892,0.5528846
78.03892,0.5528846
78.05891,0.5528846
78.07891,0.5673077
78.09891,0.5673077
78.1189,0.5673077
78.1389,0.5673077
78.1589,0.5673077
78.17889,0.5673077
78.19889,0.5673077
78.21889,0.5673077
78.23888,0.5673077
78.25888,0.5673077
78.27888,0.5673077
78.29887,0.5673077
78.31887,0.5673077
78.33887,0.5673077
78.35886,0.5673077
78.37886,0.5673077
78.39886,0.5673077
78.41885,0.5673077
78.43885,0.5673077
78.45885,0.5673077
78.47884,0.5673077
78.49884,0.5673077
78.51884,0.5673077
78.53883,0.5673077
78.55883,0.5673077
78.57883,0.5673077
78.59882,0.5673077
78.61882,0.5673077
78.63882,0.5673077
78.65881,0.5673077
78.67881,0.5673077
78.69881,0.5673077
78.7188,0.5673077
78.7388,0.5673077
78.7588,0.5673077
78.77879,0.5673077
78.79879,0.5673077
78.81879,0.5673077
78.83878,0.5673077
78.85878,0.5673077
78.87878,0.5673077
78.89877,0.5673077
78.91877,0.5673077
78.93877,0.5673077
78.95876,0.5673077
78.97876,0.5673077
78.99876,0.5673077
79.01875,0.5673077
79.03875,0.5673077
79.05875,0.5673077
79.07874,0.5673077
79.09874,0.5673077
79.11874,0.5673077
79.13873,0.5673077
79.15873,0.5673077
79.17873,0.5673077
79.19872,0.5673077
79.21872,0.5673077
79.23872,0.5673077
79.25871,0.5673077
79.27871,0.5673077
79.29871,0.5673077
79.3187,0.5673077
79.3387,0.5673077
79.3587,0.5673077
79.37869,0.5673077
79.39869,0.5673077
79.41869,0.5673077
79.43868,0.5673077
79.45868,0.5673077
79.47868,0.5673077
79.49867,0.5673077
79.51867,0.5673077
79.53867,0.5673077
79.55866,0.5673077
79.57866,0.5673077
79.59866,0.5673077
79.61865,0.5673077
79.63865,0.5673077
79.65865,0.5673077
79.67864,0.5673077
79.69864,0.5673077
79.71864,0.5673077
79.73863,0.5673077
79.75863,0.5673077
79.77863,0.5673077
79.79862,0.5673077
79.81862,0.5673077
79.83862,0.5673077
79.85861,0.5673077
79.87861,0.5673077
79.89861,0.5673077
79.9186,0.5673077
79.9386,0.5673077
79.9586,0.5673077
79.97859,0.5673077
79.99859,0.5673077
80.01859,0.5673077
80.03858,0.5673077
80.05858,0.5673077
80.07858,0.5673077
80.09857,0.5673077
80.11857,0.5673077
80.13857,0.5673077
80.15856,0.5673077
80.17856,0.5673077
80.19855,0.5673077
80.21855,0.5673077
80.23855,0.5673077
80.25854,0.5673077
80.27854,0.5673077
80.29854,0.5673077
80.31853,0.5673077
80.33853,0.5673077
80.35853,0.5673077
80.37852,0.5673077
80.39852,0.5673077
80.41852,0.5673077
80.43851,0.5673077
80.45851,0.5673077
80.47851,0.5673077
80.4985,0.5673077
80.5185,0.5673077
80.5385,0.5673077
80.55849,0.5673077
80.57849,0.5673077
80.59849,0.5673077
80.61848,0.5673077
80.63848,0.5673077
80.65848,0.5673077
80.67847,0.5673077
80.69847,0.5673077
80.71847,0.5673077
80.73846,0.5673077
80.75846,0.5673077
80.77846,0.5673077
80.79845,0.5673077
80.81845,0.5673077
80.83845,0.5673077
80.85844,0.5673077
80.87844,0.5673077
80.89844,0.5673077
80.91843,0.5673077
80.93843,0.5673077
80.95843,0.5673077
80.97842,0.5673077
80.99842,0.5673077
81.01842,0.5673077
81.03841,0.5673077
81.05841,0.5673077
81.07841,0.5673077
81.0984,0.5673077
81.1184,0.5673077
81.1384,0.5673077
81.15839,0.5673077
81.17839,0.5673077
81.19839,0.5673077
81.21838,0.5673077
81.23838,0.5673077
81.25838,0.5721154
81.27837,0.5721154
81.29837,0.5721154
81.31837,0.5721154
81.33836,0.5721154
81.35836,0.5721154
81.37836,0.5721154
81.39835,0.5721154
81.41835,0.5721154
81.43835,0.5721154
81.45834,0.5721154
81.47834,0.5721154
81.49834,0.5721154
81.51833,0.5721154
81.53833,0.5721154
81.55833,0.5721154
81.57832,0.5721154
81.59832,0.5721154
81.61832,0.5721154
81.63831,0.5721154
81.65831,0.5721154
81.67831,0.5721154
81.6983,0.5721154
81.7183,0.5721154
81.7383,0.5721154
81.75829,0.5721154
81.77829,0.5721154
81.79829,0.5721154
81.81828,0.5721154
81.83828,0.5721154
81.85828,0.5721154
81.87827,0.5721154
81.89827,0.5721154
81.91827,0.5721154
81.93826,0.5721154
81.95826,0.5721154
81.97826,0.5721154
81.99825,0.5721154
82.01825,0.5721154
82.03825,0.5721154
82.05824,0.5721154
82.07824,0.5721154
82.09824,0.5721154
82.11823,0.5721154
82.13823,0.5721154
82.15823,0.5721154
82.17822,0.5721154
82.19822,0.5721154
82.21822,0.5721154
82.23821,0.5721154
82.25821,0.5721154
82.27821,0.5721154
82.2982,0.5721154
82.3182,0.5721154
82.3382,0.5721154
82.35819,0.5721154
82.37819,0.5721154
82.39819,0.5721154
82.41818,0.5721154
82.43818,0.5721154
82.45818,0.5721154
82.47817,0.5721154
82.49817,0.5721154
82.51817,0.5721154
82.53816,0.5721154
82.55816,0.5721154
82.57816,0.5721154
82.59815,0.5721154
82.61815,0.5721154
82.63815,0.5721154
82.65814,0.5721154
82.67814,0.5721154
82.69814,0.5721154
82.71813,0.5721154
82.73813,0.5721154
82.75813,0.5721154
82.77812,0.5721154
82.79812,0.5769231
82.81812,0.5769231
82.83811,0.5769231
82.85811,0.5769231
82.87811,0.5769231
82.8981,0.5769231
82.9181,0.5769231
82.9381,0.5769231
82.95809,0.5769231
82.97809,0.5769231
82.99809,0.5769231
83.01808,0.5769231
83.03808,0.5769231
83.05807,0.5769231
83.07807,0.5769231
83.09807,0.5769231
83.11806,0.5769231
83.13806,0.5769231
83.15806,0.5769231
83.17805,0.5769231
83.19805,0.5769231
83.21805,0.5769231
83.23804,0.5769231
83.25804,0.5769231
83.27804,0.5769231
83.29803,0.5769231
83.31803,0.5769231
83.33803,0.5769231
83.35802,0.5769231
83.37802,0.5769231
83.39802,0.5769231
83.41801,0.5769231
83.43801,0.5769231
83.45801,0.5769231
83.478,0.5769231
83.498,0.5769231
83.518,0.5769231
83.53799,0.5769231
83.55799,0.5769231
83.57799,0.5769231
83.59798,0.5769231
83.61798,0.5769231
83.63798,0.5769231
83.65797,0.5769231
83.67797,0.5769231
83.69797,0.5769231
83.71796,0.5769231
83.73796,0.5769231
83.75796,0.5769231
83.77795,0.5769231
83.79795,0.5769231
83.81795,0.5769231
83.83794,0.5769231
83.85794,0.5769231
83.87794,0.5769231
83.89793,0.5769231
83.91793,0.5769231
83.93793,0.5769231
83.95792,0.5769231
83.97792,0.5769231
83.99792,0.5769231
84.01791,0.5769231
84.03791,0.5769231
84.05791,0.5769231
84.0779,0.5769231
84.0979,0.5769231
84.1179,0.5769231
84.13789,0.5769231
84.15789,0.5769231
84.17789,0.5769231
84.19788,0.5769231
84.21788,0.5769231
84.23788,0.5769231
84.25787,0.5769231
84.27787,0.5769231
84.29787,0.5817308
84.31786,0.5817308
84.33786,0.5817308
84.35786,0.5817308
84.37785,0.5817308
84.39785,0.5817308
84.41785,0.5817308
84.43784,0.5817308
84.45784,0.5817308
84.47784,0.5817308
84.49783,0.5817308
84.51783,0.5817308
84.53783,0.5817308
84.55782,0.5817308
84.57782,0.5817308
84.59782,0.5817308
84.61781,0.5817308
84.63781,0.5817308
84.65781,0.5817308
84.6778,0.5817308
84.6978,0.5817308
84.7178,0.5817308
84.73779,0.5817308
84.75779,0.5817308
84.77779,0.5817308
84.79778,0.5817308
84.81778,0.5817308
84.83778,0.5817308
84.85777,0.5817308
84.87777,0.5817308
84.89777,0.5817308
84.91776,0.5817308
84.93776,0.5817308
84.95776,0.5817308
84.97775,0.5817308
84.99775,0.5817308
85.01775,0.5817308
85.03774,0.5817308
85.05774,0.5817308
85.07774,0.5817308
85.09773,0.5817308
85.11773,0.5817308
85.13773,0.5817308
85.15772,0.5817308
85.17772,0.5817308
85.19772,0.5817308
85.21771,0.5817308
85.23771,0.5817308
85.25771,0.5817308
85.2777,0.5817308
85.2977,0.5817308
85.3177,0.5817308
85.33769,0.5817308
85.35769,0.5817308
85.37769,0.5817308
85.39768,0.5817308
85.41768,0.5817308
85.43768,0.5817308
85.45767,0.5817308
85.47767,0.5817308
85.49767,0.5817308
85.51766,0.5817308
85.53766,0.5817308
85.55766,0.5817308
85.57765,0.5817308
85.59765,0.5817308
85.61765,0.5817308
85.63764,0.5817308
85.65764,0.5817308
85.67764,0.5817308
85.69763,0.5817308
85.71763,0.5817308
85.73763,0.5817308
85.75762,0.5817308
85.77762,0.5817308
85.79762,0.5817308
85.81761,0.5817308
85.83761,0.5817308
85.8576,0.5817308
85.8776,0.5817308
85.8976,0.5817308
85.91759,0.5817308
85.93759,0.5817308
85.95759,0.5817308
85.97758,0.5817308
85.99758,0.5817308
86.01758,0.5817308
86.03757,0.5817308
86.05757,0.5817308
86.07757,0.5817308
86.09756,0.5817308
86.11756,0.5817308
86.13756,0.5817308
86.15755,0.5817308
86.17755,0.5817308
86.19755,0.5817308
86.21754,0.5817308
86.23754,0.5817308
86.25754,0.5817308
86.27753,0.5817308
86.29753,0.5817308
86.31753,0.5817308
86.33752,0.5817308
86.35752,0.5817308
86.37752,0.5817308
86.39751,0.5817308
86.41751,0.5817308
86.43751,0.5817308
86.4575,0.5817308
86.4775,0.5817308
86.4975,0.5817308
86.51749,0.5817308
86.53749,0.5817308
86.55749,0.5817308
86.57748,0.5817308
86.59748,0.5817308
86.61748,0.5817308
86.63747,0.5817308
86.65747,0.5817308
86.67747,0.5817308
86.69746,0.5817308
86.71746,0.5817308
86.73746,0.5817308
86.75745,0.5817308
86.77745,0.5817308
86.79745,0.5817308
86.81744,0.5817308
86.83744,0.5817308
86.85744,0.5817308
86.87743,0.5817308
86.89743,0.5817308
86.91743,0.5817308
86.93742,0.5817308
86.95742,0.5817308
86.97742,0.5817308
86.99741,0.5817308
87.01741,0.5817308
87.03741,0.5817308
87.0574,0.5817308
87.0774,0.5817308
87.0974,0.5817308
87.11739,0.5817308
87.13739,0.5817308
87.15739,0.5817308
87.17738,0.5817308
87.19738,0.5817308
87.21738,0.5817308
87.23737,0.5817308
87.25737,0.5817308
87.27737,0.5817308
87.29736,0.5817308
87.31736,0.5817308
87.33736,0.5817308
87.35735,0.5817308
87.37735,0.5817308
87.39735,0.5817308
87.41734,0.5817308
87.43734,0.5817308
87.45734,0.5817308
87.47733,0.5817308
87.49733,0.5817308
87.51733,0.5817308
87.53732,0.5817308
87.55732,0.5817308
87.57732,0.5817308
87.59731,0.5817308
87.61731,0.5913461
87.63731,0.5913461
87.6573,0.5913461
87.6773,0.5913461
87.6973,0.5913461
87.71729,0.5913461
87.73729,0.5913461
87.75729,0.5913461
87.77728,0.5913461
87.79728,0.5913461
87.81728,0.5913461
87.83727,0.5913461
87.85727,0.5913461
87.87727,0.5913461
87.89726,0.5913461
87.91726,0.5913461
87.93726,0.5913461
87.95725,0.5913461
87.97725,0.5913461
87.99725,0.5913461
88.01724,0.5913461
88.03724,0.5913461
88.05724,0.5913461
88.07723,0.5913461
88.09723,0.5913461
88.11723,0.5913461
88.13722,0.5913461
88.15722,0.5913461
88.17722,0.5913461
88.19721,0.5913461
88.21721,0.5913461
88.23721,0.5913461
88.2572,0.5913461
88.2772,0.5913461
88.2972,0.5913461
88.31719,0.5913461
88.33719,0.5913461
88.35719,0.5913461
88.37718,0.5913461
88.39718,0.5913461
88.41718,0.5913461
88.43717,0.5913461
88.45717,0.5913461
88.47717,0.5913461
88.49716,0.5913461
88.51716,0.5913461
88.53716,0.5913461
88.55715,0.5913461
88.57715,0.5913461
88.59715,0.5913461
88.61714,0.5913461
88.63714,0.5913461
88.65714,0.5913461
88.67713,0.5913461
88.69713,0.5913461
88.71712,0.5913461
88.73712,0.5913461
88.75712,0.5913461
88.77711,0.5913461
88.79711,0.5913461
88.81711,0.5913461
88.8371,0.5913461
88.8571,0.5913461
88.8771,0.5913461
88.89709,0.5913461
88.91709,0.5913461
88.93709,0.5913461
88.95708,0.5913461
88.97708,0.5913461
88.99708,0.5913461
89.01707,0.5913461
89.03707,0.5913461
89.05707,0.5913461
89.07706,0.5913461
89.09706,0.5913461
89.11706,0.5913461
89.13705,0.5913461
89.15705,0.5913461
89.17705,0.5913461
89.19704,0.5913461
89.21704,0.5913461
89.23704,0.5913461
89.25703,0.5961539
89.27703,0.5961539
89.29703,0.5961539
89.31702,0.5961539
89.33702,0.5961539
89.35702,0.5961539
89.37701,0.5961539
89.39701,0.5961539
89.41701,0.5961539
89.437,0.5961539
89.457,0.5961539
89.477,0.5961539
89.49699,0.5961539
89.51699,0.5961539
89.53699,0.5961539
89.55698,0.5961539
89.57698,0.5961539
89.59698,0.5961539
89.61697,0.5961539
89.63697,0.5961539
89.65697,0.5961539
89.67696,0.5961539
89.69696,0.5961539
89.71696,0.5961539
89.73695,0.5961539
89.75695,0.5961539
89.77695,0.5961539
89.79694,0.5961539
89.81694,0.5961539
89.83694,0.5961539
89.85693,0.5961539
89.87693,0.5961539
89.89693,0.5961539
89.91692,0.5961539
89.93692,0.5961539
89.95692,0.5961539
89.97691,0.5961539
89.99691,0.5961539
90.01691,0.5961539
90.0369,0.5961539
90.0569,0.5961539
90.0769,0.5961539
90.09689,0.5961539
90.11689,0.5961539
90.13689,0.5961539
90.15688,0.5961539
90.17688,0.5961539
90.19688,0.5961539
90.21687,0.5961539
90.23687,0.5961539
90.25687,0.5961539
90.27686,0.5961539
90.29686,0.5961539
90.31686,0.5961539
90.33685,0.5961539
90.35685,0.5961539
90.37685,0.5961539
90.39684,0.5961539
90.41684,0.5961539
90.43684,0.5961539
90.45683,0.5961539
90.47683,0.5961539
90.49683,0.5961539
90.51682,0.5961539
90.53682,0.5961539
90.55682,0.5961539
90.57681,0.5961539
90.59681,0.5961539
90.61681,0.5961539
90.6368,0.5961539
90.6568,0.5961539
90.6768,0.5961539
90.69679,0.5961539
90.71679,0.5961539
90.73679,0.5961539
90.75678,0.5961539
90.77678,0.5961539
90.79678,0.5961539
90.81677,0.5961539
90.83677,0.5961539
90.85677,0.5961539
90.87676,0.5961539
90.89676,0.6009616
90.91676,0.6009616
90.93675,0.6009616
90.95675,0.6009616
90.97675,0.6009616
90.99674,0.6009616
91.01674,0.6009616
91.03674,0.6009616
91.05673,0.6009616
91.07673,0.6009616
91.09673,0.6009616
91.11672,0.6009616
91.13672,0.6009616
91.15672,0.6009616
91.17671,0.6009616
91.19671,0.6009616
91.21671,0.6009616
91.2367,0.6009616
91.2567,0.6009616
91.2767,0.6009616
91.29669,0.6009616
91.31669,0.6009616
91.33669,0.6009616
91.35668,0.6009616
91.37668,0.6009616
91.39668,0.6009616
91.41667,0.6009616
91.43667,0.6009616
91.45667,0.6009616
91.47666,0.6009616
91.49666,0.6009616
91.51665,0.6009616
91.53665,0.6009616
91.55665,0.6009616
91.57664,0.6009616
91.59664,0.6009616
91.61664,0.6009616
91.63663,0.6009616
91.65663,0.6009616
91.67663,0.6009616
91.69662,0.6009616
91.71662,0.6009616
91.73662,0.6009616
91.75661,0.6009616
91.77661,0.6009616
91.79661,0.6009616
91.8166,0.6009616
91.8366,0.6009616
91.8566,0.6009616
91.87659,0.6009616
91.89659,0.6009616
91.91659,0.6009616
91.93658,0.6009616
91.95658,0.6009616
91.97658,0.6009616
91.99657,0.6009616
92.01657,0.6009616
92.03657,0.6009616
92.05656,0.6009616
92.07656,0.6009616
92.09656,0.6009616
92.11655,0.6009616
92.13655,0.6009616
92.15655,0.6009616
92.17654,0.6009616
92.19654,0.6009616
92.21654,0.6009616
92.23653,0.6009616
92.25653,0.6009616
92.27653,0.6009616
92.29652,0.6009616
92.31652,0.6009616
92.33652,0.6009616
92.35651,0.6009616
92.37651,0.6009616
92.39651,0.6009616
92.4165,0.6009616
92.4365,0.6009616
92.4565,0.6009616
92.47649,0.6009616
92.49649,0.6009616
92.51649,0.6009616
92.53648,0.6009616
92.55648,0.6009616
92.57648,0.6009616
92.59647,0.6009616
92.61647,0.6009616
92.63647,0.6009616
92.65646,0.6009616
92.67646,0.6009616
92.69646,0.6009616
92.71645,0.6009616
92.73645,0.6009616
92.75645,0.6009616
92.77644,0.6009616
92.79644,0.6009616
92.81644,0.6009616
92.83643,0.6009616
92.85643,0.6009616
92.87643,0.6009616
92.89642,0.6009616
92.91642,0.6009616
92.93642,0.6009616
92.95641,0.6009616
92.97641,0.6009616
92.99641,0.6009616
93.0164,0.6009616
93.0364,0.6009616
93.0564,0.6009616
93.07639,0.6009616
93.09639,0.6009616
93.11639,0.6009616
93.13638,0.6009616
93.15638,0.6009616
93.17638,0.6009616
93.19637,0.6009616
93.21637,0.6009616
93.23637,0.6009616
93.25636,0.6009616
93.27636,0.6009616
93.29636,0.6009616
93.31635,0.6009616
93.33635,0.6009616
93.35635,0.6009616
93.37634,0.6009616
93.39634,0.6009616
93.41634,0.6009616
93.43633,0.6009616
93.45633,0.6009616
93.47633,0.6009616
93.49632,0.6009616
93.51632,0.6009616
93.53632,0.6009616
93.55631,0.6009616
93.57631,0.6009616
93.59631,0.6009616
93.6163,0.6009616
93.6363,0.6009616
93.6563,0.6009616
93.67629,0.6009616
93.69629,0.6009616
93.71629,0.6009616
93.73628,0.6009616
93.75628,0.6009616
93.77628,0.6057692
93.79627,0.6057692
93.81627,0.6057692
93.83627,0.6057692
93.85626,0.6057692
93.87626,0.6057692
93.89626,0.6057692
93.91625,0.6057692
93.93625,0.6057692
93.95625,0.6057692
93.97624,0.6057692
93.99624,0.6057692
94.01624,0.6057692
94.03623,0.6057692
94.05623,0.6057692
94.07623,0.6057692
94.09622,0.6057692
94.11622,0.6057692
94.13622,0.6057692
94.15621,0.6057692
94.17621,0.6057692
94.19621,0.6057692
94.2162,0.6057692
94.2362,0.6057692
94.2562,0.6057692
94.27619,0.6057692
94.29619,0.6057692
94.31618,0.6057692
94.33618,0.6057692
94.35618,0.6057692
94.37617,0.6057692
94.39617,0.6057692
94.41617,0.6057692
94.43616,0.6057692
94.45616,0.6057692
94.47616,0.6057692
94.49615,0.6057692
94.51615,0.6057692
94.53615,0.6057692
94.55614,0.6057692
94.57614,0.6057692
94.59614,0.6057692
94.61613,0.6057692
94.63613,0.6057692
94.65613,0.6057692
94.67612,0.6057692
94.69612,0.6057692
94.71612,0.6057692
94.73611,0.6057692
94.75611,0.6057692
94.77611,0.6057692
94.7961,0.6057692
94.8161,0.6057692
94.8361,0.6057692
94.85609,0.6057692
94.87609,0.6057692
94.89609,0.6057692
94.91608,0.6057692
94.93608,0.6057692
94.95608,0.6057692
94.97607,0.6057692
94.99607,0.6057692
95.01607,0.6057692
95.03606,0.6057692
95.05606,0.6057692
95.07606,0.6057692
95.09605,0.6057692
95.11605,0.6057692
95.13605,0.6057692
95.15604,0.6057692
95.17604,0.6057692
95.19604,0.6057692
95.21603,0.6057692
95.23603,0.6057692
95.25603,0.6153846
95.27602,0.6153846
95.29602,0.6153846
95.31602,0.6153846
95.33601,0.6153846
95.35601,0.6153846
95.37601,0.6153846
95.396,0.6153846
95.416,0.6153846
95.436,0.6153846
95.45599,0.6153846
95.47599,0.6153846
95.49599,0.6153846
95.51598,0.6153846
95.53598,0.6153846
95.55598,0.6153846
95.57597,0.6153846
95.59597,0.6153846
95.61597,0.6153846
95.63596,0.6153846
95.65596,0.6153846
95.67596,0.6153846
95.69595,0.6153846
95.71595,0.6153846
95.73595,0.6153846
95.75594,0.6153846
95.77594,0.6153846
95.79594,0.6153846
95.81593,0.6153846
95.83593,0.6153846
95.85593,0.6153846
95.87592,0.6153846
95.89592,0.6153846
95.91592,0.6153846
95.93591,0.6153846
95.95591,0.6153846
95.97591,0.6153846
95.9959,0.6153846
96.0159,0.6153846
96.0359,0.6153846
96.05589,0.6153846
96.07589,0.6153846
96.09589,0.6153846
96.11588,0.6153846
96.13588,0.6153846
96.15588,0.6153846
96.17587,0.6153846
96.19587,0.6153846
96.21587,0.6153846
96.23586,0.6153846
96.25586,0.6153846
96.27586,0.6153846
96.29585,0.6153846
96.31585,0.6153846
96.33585,0.6153846
96.35584,0.6153846
96.37584,0.6153846
96.39584,0.6153846
96.41583,0.6153846
96.43583,0.6153846
96.45583,0.6153846
96.47582,0.6153846
96.49582,0.6153846
96.51582,0.6153846
96.53581,0.6153846
96.55581,0.6153846
96.57581,0.6153846
96.5958,0.6153846
96.6158,0.6153846
96.6358,0.6153846
96.65579,0.6153846
96.67579,0.6153846
96.69579,0.6153846
96.71578,0.6153846
96.73578,0.6153846
96.75578,0.6153846
96.77577,0.6153846
96.79577,0.6153846
96.81577,0.6153846
96.83576,0.6153846
96.85576,0.6153846
96.87576,0.6153846
96.89575,0.6153846
96.91575,0.6153846
96.93575,0.6153846
96.95574,0.6153846
96.97574,0.6153846
96.99574,0.6153846
97.01573,0.6153846
97.03573,0.6153846
97.05573,0.6153846
97.07572,0.6153846
97.09572,0.6153846
97.11572,0.6153846
97.13571,0.6153846
97.15571,0.6153846
97.1757,0.6153846
97.1957,0.6153846
97.2157,0.6153846
97.23569,0.6153846
97.25569,0.6153846
97.27569,0.6153846
97.29568,0.6153846
97.31568,0.6153846
97.33568,0.6153846
97.35567,0.6153846
97.37567,0.6153846
97.39567,0.6153846
97.41566,0.6153846
97.43566,0.6153846
97.45566,0.6153846
97.47565,0.6153846
97.49565,0.6153846
97.51565,0.6153846
97.53564,0.6153846
97.55564,0.6153846
97.57564,0.6153846
97.59563,0.6153846
97.61563,0.6153846
97.63563,0.6153846
97.65562,0.6153846
97.67562,0.6153846
97.69562,0.6153846
97.71561,0.6153846
97.73561,0.6153846
97.75561,0.6153846
97.7756,0.6153846
97.7956,0.6153846
97.8156,0.6153846
97.83559,0.6153846
97.85559,0.6153846
97.87559,0.6153846
97.89558,0.6153846
97.91558,0.6153846
97.93558,0.6153846
97.95557,0.6153846
97.97557,0.6153846
97.99557,0.6153846
98.01556,0.6153846
98.03556,0.6153846
98.05556,0.6153846
98.07555,0.6153846
98.09555,0.6153846
98.11555,0.6153846
98.13554,0.6153846
98.15554,0.6153846
98.17554,0.6153846
98.19553,0.6153846
98.21553,0.6153846
98.23553,0.6153846
98.25552,0.6153846
98.27552,0.625
98.29552,0.625
98.31551,0.625
98.33551,0.625
98.35551,0.625
98.3755,0.625
98.3955,0.625
98.4155,0.625
98.43549,0.625
98.45549,0.625
98.47549,0.625
98.49548,0.625
98.51548,0.625
98.53548,0.625
98.55547,0.625
98.57547,0.625
98.59547,0.625
98.61546,0.625
98.63546,0.625
98.65546,0.625
98.67545,0.625
98.69545,0.625
98.71545,0.625
98.73544,0.625
98.75544,0.625
98.77544,0.625
98.79543,0.625
98.81543,0.625
98.83543,0.625
98.85542,0.625
98.87542,0.625
98.89542,0.625
98.91541,0.625
98.93541,0.625
98.95541,0.625
98.9754,0.625
98.9954,0.625
99.0154,0.625
99.03539,0.625
99.05539,0.625
99.07539,0.625
99.09538,0.625
99.11538,0.625
99.13538,0.625
99.15537,0.625
99.17537,0.625
99.19537,0.625
99.21536,0.625
99.23536,0.625
99.25536,0.625
99.27535,0.625
99.29535,0.625
99.31535,0.625
99.33534,0.625
99.35534,0.625
99.37534,0.625
99.39533,0.625
99.41533,0.625
99.43533,0.625
99.45532,0.625
99.47532,0.625
99.49532,0.625
99.51531,0.625
99.53531,0.625
99.55531,0.625
99.5753,0.625
99.5953,0.625
99.6153,0.625
99.63529,0.625
99.65529,0.625
99.67529,0.625
99.69528,0.625
99.71528,0.625
99.73528,0.6346154
99.75527,0.6346154
99.77527,0.6346154
99.79527,0.6346154
99.81526,0.6346154
99.83526,0.6346154
99.85526,0.6346154
99.87525,0.6346154
99.89525,0.6346154
99.91525,0.6346154
99.93524,0.6346154
99.95524,0.6346154
99.97523,0.6346154
99.99523,0.6346154
100.0152,0.6346154
100.0352,0.6346154
100.0552,0.6346154
100.0752,0.6346154
100.0952,0.6346154
100.1152,0.6346154
100.1352,0.6346154
100.1552,0.6346154
100.1752,0.6346154
100.1952,0.6346154
100.2152,0.6346154
100.2352,0.6346154
100.2552,0.6346154
100.2752,0.6346154
100.2952,0.6346154
100.3152,0.6346154
100.3352,0.6346154
100.3552,0.6346154
100.3752,0.6346154
100.3952,0.6346154
100.4152,0.6346154
100.4352,0.6346154
100.4552,0.6346154
100.4752,0.6346154
100.4951,0.6346154
100.5151,0.6346154
100.5351,0.6346154
100.5551,0.6346154
100.5751,0.6346154
100.5951,0.6346154
100.6151,0.6346154
100.6351,0.6346154
100.6551,0.6346154
100.6751,0.6346154
100.6951,0.6346154
100.7151,0.6346154
100.7351,0.6346154
100.7551,0.6346154
100.7751,0.6346154
100.7951,0.6346154
100.8151,0.6346154
100.8351,0.6346154
100.8551,0.6346154
100.8751,0.6346154
100.8951,0.6346154
100.9151,0.6346154
100.9351,0.6346154
100.9551,0.6346154
100.9751,0.6346154
100.9951,0.6346154
101.0151,0.6346154
101.0351,0.6346154
101.0551,0.6346154
101.0751,0.6346154
101.095,0.6346154
101.115,0.6346154
101.135,0.6346154
101.155,0.6346154
101.175,0.6346154
101.195,0.6346154
101.215,0.6346154
101.235,0.6346154
101.255,0.6346154
101.275,0.6346154
101.295,0.6346154
101.315,0.6346154
101.335,0.6346154
101.355,0.6346154
101.375,0.6346154
101.395,0.6346154
101.415,0.6346154
101.435,0.6346154
101.455,0.6346154
101.475,0.6346154
101.495,0.6346154
101.515,0.6346154
101.535,0.6346154
101.555,0.6346154
101.575,0.6346154
101.595,0.6346154
101.615,0.6346154
101.635,0.6346154
101.655,0.6346154
101.6749,0.6346154
101.6949,0.6346154
101.7149,0.6346154
101.7349,0.6346154
101.7549,0.6346154
101.7749,0.6346154
101.7949,0.6346154
101.8149,0.6346154
101.8349,0.6346154
101.8549,0.6346154
101.8749,0.6346154
101.8949,0.6346154
101.9149,0.6346154
101.9349,0.6346154
101.9549,0.6346154
101.9749,0.6346154
101.9949,0.6346154
102.0149,0.6346154
102.0349,0.6346154
102.0549,0.6346154
102.0749,0.6346154
102.0949,0.6346154
102.1149,0.6346154
102.1349,0.6346154
102.1549,0.6346154
102.1749,0.6346154
102.1949,0.6346154
102.2149,0.6346154
102.2349,0.6346154
102.2549,0.6346154
102.2748,0.6346154
102.2948,0.6346154
102.3148,0.6346154
102.3348,0.6346154
102.3548,0.6346154
102.3748,0.6346154
102.3948,0.6346154
102.4148,0.6346154
102.4348,0.6346154
102.4548,0.6346154
102.4748,0.6346154
102.4948,0.6346154
102.5148,0.6346154
102.5348,0.6346154
102.5548,0.6346154
102.5748,0.6346154
102.5948,0.6346154
102.6148,0.6346154
102.6348,0.6346154
102.6548,0.6346154
102.6748,0.6346154
102.6948,0.6346154
102.7148,0.6346154
102.7348,0.6346154
102.7548,0.6346154
102.7748,0.6346154
102.7948,0.6346154
102.8148,0.6346154
102.8348,0.6346154
102.8548,0.6346154
102.8747,0.6394231
102.8947,0.6394231
102.9147,0.6394231
102.9347,0.6394231
102.9547,0.6394231
102.9747,0.6394231
102.9947,0.6394231
103.0147,0.6394231
103.0347,0.6394231
103.0547,0.6394231
103.0747,0.6394231
103.0947,0.6394231
103.1147,0.6394231
103.1347,0.6394231
103.1547,0.6394231
103.1747,0.6394231
103.1947,0.6394231
103.2147,0.6394231
103.2347,0.6394231
103.2547,0.6394231
103.2747,0.6394231
103.2947,0.6394231
103.3147,0.6394231
103.3347,0.6394231
103.3547,0.6394231
103.3747,0.6394231
103.3947,0.6394231
103.4147,0.6394231
103.4347,0.6394231
103.4547,0.6394231
103.4746,0.6394231
103.4946,0.6394231
103.5146,0.6394231
103.5346,0.6394231
103.5546,0.6394231
103.5746,0.6394231
103.5946,0.6394231
103.6146,0.6394231
103.6346,0.6394231
103.6546,0.6394231
103.6746,0.6394231
103.6946,0.6394231
103.7146,0.6394231
103.7346,0.6394231
103.7546,0.6394231
103.7746,0.6394231
103.7946,0.6394231
103.8146,0.6394231
103.8346,0.6394231
103.8546,0.6394231
103.8746,0.6394231
103.8946,0.6394231
103.9146,0.6394231
103.9346,0.6394231
103.9546,0.6394231
103.9746,0.6394231
103.9946,0.6394231
104.0146,0.6394231
104.0346,0.6394231
104.0546,0.6394231
104.0745,0.6394231
104.0945,0.6394231
104.1145,0.6394231
104.1345,0.6394231
104.1545,0.6394231
104.1745,0.6394231
104.1945,0.6394231
104.2145,0.6394231
104.2345,0.6394231
104.2545,0.6394231
104.2745,0.6394231
104.2945,0.6394231
104.3145,0.6490384
104.3345,0.6490384
104.3545,0.6490384
104.3745,0.6490384
104.3945,0.6490384
104.4145,0.6490384
104.4345,0.6490384
104.4545,0.6490384
104.4745,0.6490384
104.4945,0.6490384
104.5145,0.6490384
104.5345,0.6490384
104.5545,0.6490384
104.5745,0.6490384
104.5945,0.6490384
104.6145,0.6490384
104.6345,0.6490384
104.6544,0.6490384
104.6744,0.6490384
104.6944,0.6490384
104.7144,0.6490384
104.7344,0.6490384
104.7544,0.6490384
104.7744,0.6490384
104.7944,0.6490384
104.8144,0.6490384
104.8344,0.6490384
104.8544,0.6490384
104.8744,0.6490384
104.8944,0.6490384
104.9144,0.6490384
104.9344,0.6490384
104.9544,0.6490384
104.9744,0.6490384
104.9944,0.6490384
105.0144,0.6490384
105.0344,0.6490384
105.0544,0.6490384
105.0744,0.6490384
105.0944,0.6490384
105.1144,0.6490384
105.1344,0.6490384
105.1544,0.6490384
105.1744,0.6490384
105.1944,0.6490384
105.2144,0.6490384
105.2344,0.6490384
105.2543,0.6490384
105.2743,0.6490384
105.2943,0.6490384
105.3143,0.6490384
105.3343,0.6490384
105.3543,0.6490384
105.3743,0.6490384
105.3943,0.6490384
105.4143,0.6490384
105.4343,0.6490384
105.4543,0.6490384
105.4743,0.6490384
105.4943,0.6490384
105.5143,0.6490384
105.5343,0.6490384
105.5543,0.6490384
105.5743,0.6490384
105.5943,0.6490384
105.6143,0.6490384
105.6343,0.6490384
105.6543,0.6490384
105.6743,0.6490384
105.6943,0.6490384
105.7143,0.6490384
105.7343,0.6490384
105.7543,0.6490384
105.7743,0.6490384
105.7943,0.6490384
105.8143,0.6490384
105.8343,0.6490384
105.8542,0.6490384
105.8742,0.6490384
105.8942,0.6490384
105.9142,0.6490384
105.9342,0.6490384
105.9542,0.6490384
105.9742,0.6490384
105.9942,0.6490384
106.0142,0.6490384
106.0342,0.6490384
106.0542,0.6490384
106.0742,0.6490384
106.0942,0.6490384
106.1142,0.6490384
106.1342,0.6490384
106.1542,0.6490384
106.1742,0.6490384
106.1942,0.6490384
106.2142,0.6490384
106.2342,0.6490384
106.2542,0.6490384
106.2742,0.6490384
106.2942,0.6490384
106.3142,0.6490384
106.3342,0.6490384
106.3542,0.6490384
106.3742,0.6490384
106.3942,0.6490384
106.4142,0.6490384
106.4342,0.6490384
106.4541,0.6490384
106.4741,0.6490384
106.4941,0.6490384
106.5141,0.6490384
106.5341,0.6490384
106.5541,0.6490384
106.5741,0.6490384
106.5941,0.6490384
106.6141,0.6490384
106.6341,0.6490384
106.6541,0.6490384
106.6741,0.6490384
106.6941,0.6490384
106.7141,0.6490384
106.7341,0.6490384
106.7541,0.6490384
106.7741,0.6490384
106.7941,0.6490384
106.8141,0.6490384
106.8341,0.6490384
106.8541,0.6490384
106.8741,0.6490384
106.8941,0.6490384
106.9141,0.6490384
106.9341,0.6490384
106.9541,0.6490384
106.9741,0.6490384
106.9941,0.6490384
107.0141,0.6490384
107.034,0.6490384
107.054,0.6490384
107.074,0.6490384
107.094,0.6490384
107.114,0.6490384
107.134,0.6490384
107.154,0.6490384
107.174,0.6538461
107.194,0.6538461
107.214,0.6538461
107.234,0.6538461
107.254,0.6538461
107.274,0.6538461
107.294,0.6538461
107.314,0.6538461
107.334,0.6538461
107.354,0.6538461
107.374,0.6538461
107.394,0.6538461
107.414,0.6538461
107.434,0.6538461
107.454,0.6538461
107.474,0.6538461
107.494,0.6538461
107.514,0.6538461
107.534,0.6538461
107.554,0.6538461
107.574,0.6538461
107.594,0.6538461
107.614,0.6538461
107.6339,0.6538461
107.6539,0.6538461
107.6739,0.6538461
107.6939,0.6538461
107.7139,0.6538461
107.7339,0.6538461
107.7539,0.6538461
107.7739,0.6538461
107.7939,0.6538461
107.8139,0.6538461
107.8339,0.6538461
107.8539,0.6538461
107.8739,0.6538461
107.8939,0.6538461
107.9139,0.6538461
107.9339,0.6538461
107.9539,0.6538461
107.9739,0.6538461
107.9939,0.6538461
108.0139,0.6538461
108.0339,0.6538461
108.0539,0.6538461
108.0739,0.6538461
108.0939,0.6538461
108.1139,0.6538461
108.1339,0.6538461
108.1539,0.6538461
108.1739,0.6538461
108.1939,0.6538461
108.2139,0.6538461
108.2338,0.6538461
108.2538,0.6538461
108.2738,0.6538461
108.2938,0.6538461
108.3138,0.6538461
108.3338,0.6538461
108.3538,0.6538461
108.3738,0.6538461
108.3938,0.6538461
108.4138,0.6538461
108.4338,0.6538461
108.4538,0.6538461
108.4738,0.6538461
108.4938,0.6538461
108.5138,0.6538461
108.5338,0.6538461
108.5538,0.6538461
108.5738,0.6538461
108.5938,0.6538461
108.6138,0.6538461
108.6338,0.6538461
108.6538,0.6538461
108.6738,0.6538461
108.6938,0.6538461
108.7138,0.6538461
108.7338,0.6538461
108.7538,0.6538461
108.7738,0.6538461
108.7938,0.6538461
108.8138,0.6538461
108.8337,0.6538461
108.8537,0.6538461
108.8737,0.6538461
108.8937,0.6538461
108.9137,0.6538461
108.9337,0.6538461
108.9537,0.6538461
108.9737,0.6538461
108.9937,0.6538461
109.0137,0.6538461
109.0337,0.6538461
109.0537,0.6538461
109.0737,0.6538461
109.0937,0.6538461
109.1137,0.6538461
109.1337,0.6538461
109.1537,0.6538461
109.1737,0.6538461
109.1937,0.6538461
109.2137,0.6538461
109.2337,0.6538461
109.2537,0.6538461
109.2737,0.6538461
109.2937,0.6538461
109.3137,0.6538461
109.3337,0.6538461
109.3537,0.6538461
109.3737,0.6538461
109.3937,0.6538461
109.4137,0.6538461
109.4336,0.6538461
109.4536,0.6538461
109.4736,0.6538461
109.4936,0.6538461
109.5136,0.6538461
109.5336,0.6538461
109.5536,0.6538461
109.5736,0.6538461
109.5936,0.6538461
109.6136,0.6538461
109.6336,0.6538461
109.6536,0.6538461
109.6736,0.6538461
109.6936,0.6538461
109.7136,0.6538461
109.7336,0.6538461
109.7536,0.6538461
109.7736,0.6538461
109.7936,0.6538461
109.8136,0.6538461
109.8336,0.6538461
109.8536,0.6538461
109.8736,0.6538461
109.8936,0.6538461
109.9136,0.6538461
109.9336,0.6538461
109.9536,0.6538461
109.9736,0.6538461
109.9936,0.6538461
110.0135,0.6538461
110.0335,0.6538461
110.0535,0.6538461
110.0735,0.6538461
110.0935,0.6538461
110.1135,0.6538461
110.1335,0.6538461
110.1535,0.6538461
110.1735,0.6538461
110.1935,0.6538461
110.2135,0.6538461
110.2335,0.6538461
110.2535,0.6538461
110.2735,0.6538461
110.2935,0.6538461
110.3135,0.6538461
110.3335,0.6538461
110.3535,0.6538461
110.3735,0.6538461
110.3935,0.6538461
110.4135,0.6538461
110.4335,0.6538461
110.4535,0.6538461
110.4735,0.6538461
110.4935,0.6538461
110.5135,0.6538461
110.5335,0.6538461
110.5535,0.6538461
110.5735,0.6538461
110.5935,0.6538461
110.6134,0.6538461
110.6334,0.6538461
110.6534,0.6538461
110.6734,0.6538461
110.6934,0.6538461
110.7134,0.6538461
110.7334,0.6538461
110.7534,0.6538461
110.7734,0.6538461
110.7934,0.6538461
110.8134,0.6538461
110.8334,0.6538461
110.8534,0.6538461
110.8734,0.6538461
110.8934,0.6538461
110.9134,0.6538461
110.9334,0.6538461
110.9534,0.6538461
110.9734,0.6538461
110.9934,0.6538461
111.0134,0.6538461
111.0334,0.6538461
111.0534,0.6538461
111.0734,0.6538461
111.0934,0.6538461
111.1134,0.6538461
111.1334,0.6538461
111.1534,0.6538461
111.1734,0.6538461
111.1934,0.6538461
111.2133,0.6538461
111.2333,0.6538461
111.2533,0.6538461
111.2733,0.6538461
111.2933,0.6538461
111.3133,0.6538461
111.3333,0.6538461
111.3533,0.6538461
111.3733,0.6538461
111.3933,0.6538461
111.4133,0.6538461
111.4333,0.6538461
111.4533,0.6538461
111.4733,0.6538461
111.4933,0.6538461
111.5133,0.6538461
111.5333,0.6538461
111.5533,0.6538461
111.5733,0.6538461
111.5933,0.6538461
111.6133,0.6538461
111.6333,0.6538461
111.6533,0.6538461
111.6733,0.6538461
111.6933,0.6538461
111.7133,0.6538461
111.7333,0.6538461
111.7533,0.6538461
111.7733,0.6538461
111.7933,0.6538461
111.8132,0.6538461
111.8332,0.6538461
111.8532,0.6538461
111.8732,0.6538461
111.8932,0.6538461
111.9132,0.6538461
111.9332,0.6538461
111.9532,0.6538461
111.9732,0.6538461
111.9932,0.6538461
112.0132,0.6538461
112.0332,0.6538461
112.0532,0.6538461
112.0732,0.6538461
112.0932,0.6538461
112.1132,0.6538461
112.1332,0.6538461
112.1532,0.6538461
112.1732,0.6538461
112.1932,0.6538461
112.2132,0.6538461
112.2332,0.6538461
112.2532,0.6538461
112.2732,0.6538461
112.2932,0.6538461
112.3132,0.6538461
112.3332,0.6538461
112.3532,0.6538461
112.3732,0.6538461
112.3932,0.6538461
112.4131,0.6538461
112.4331,0.6538461
112.4531,0.6538461
112.4731,0.6538461
112.4931,0.6538461
112.5131,0.6538461
112.5331,0.6538461
112.5531,0.6538461
112.5731,0.6538461
112.5931,0.6538461
112.6131,0.6538461
112.6331,0.6538461
112.6531,0.6538461
112.6731,0.6538461
112.6931,0.6538461
112.7131,0.6538461
112.7331,0.6538461
112.7531,0.6538461
112.7731,0.6538461
112.7931,0.6538461
112.8131,0.6538461
112.8331,0.6538461
112.8531,0.6538461
112.8731,0.6538461
112.8931,0.6538461
112.9131,0.6538461
112.9331,0.6538461
112.9531,0.6538461
112.9731,0.6538461
112.993,0.6538461
113.013,0.6538461
113.033,0.6538461
113.053,0.6538461
113.073,0.6538461
113.093,0.6538461
113.113,0.6538461
113.133,0.6538461
113.153,0.6538461
113.173,0.6538461
113.193,0.6538461
113.213,0.6538461
113.233,0.6538461
113.253,0.6538461
113.273,0.6538461
113.293,0.6538461
113.313,0.6538461
113.333,0.6538461
113.353,0.6538461
113.373,0.6538461
113.393,0.6538461
113.413,0.6538461
113.433,0.6538461
113.453,0.6538461
113.473,0.6538461
113.493,0.6538461
113.513,0.6538461
113.533,0.6538461
113.553,0.6538461
113.573,0.6538461
113.5929,0.6538461
113.6129,0.6538461
113.6329,0.6538461
113.6529,0.6538461
113.6729,0.6538461
113.6929,0.6538461
113.7129,0.6538461
113.7329,0.6538461
113.7529,0.6538461
113.7729,0.6538461
113.7929,0.6538461
113.8129,0.6538461
113.8329,0.6538461
113.8529,0.6538461
113.8729,0.6538461
113.8929,0.6538461
113.9129,0.6538461
113.9329,0.6538461
113.9529,0.6538461
113.9729,0.6538461
113.9929,0.6538461
114.0129,0.6538461
114.0329,0.6538461
114.0529,0.6538461
114.0729,0.6538461
114.0929,0.6538461
114.1129,0.6538461
114.1329,0.6538461
114.1529,0.6538461
114.1729,0.6538461
114.1928,0.6538461
114.2128,0.6586539
114.2328,0.6586539
114.2528,0.6586539
114.2728,0.6586539
114.2928,0.6586539
114.3128,0.6586539
114.3328,0.6586539
114.3528,0.6586539
114.3728,0.6586539
114.3928,0.6586539
114.4128,0.6586539
114.4328,0.6586539
114.4528,0.6586539
114.4728,0.6586539
114.4928,0.6586539
114.5128,0.6586539
114.5328,0.6586539
114.5528,0.6586539
114.5728,0.6586539
114.5928,0.6586539
114.6128,0.6586539
114.6328,0.6586539
114.6528,0.6586539
114.6728,0.6586539
114.6928,0.6586539
114.7128,0.6586539
114.7328,0.6586539
114.7528,0.6586539
114.7728,0.6586539
114.7927,0.6586539
114.8127,0.6586539
114.8327,0.6586539
114.8527,0.6586539
114.8727,0.6586539
114.8927,0.6586539
114.9127,0.6586539
114.9327,0.6586539
114.9527,0.6586539
114.9727,0.6586539
114.9927,0.6586539
115.0127,0.6586539
115.0327,0.6586539
115.0527,0.6586539
115.0727,0.6586539
115.0927,0.6586539
115.1127,0.6586539
115.1327,0.6586539
115.1527,0.6586539
115.1727,0.6586539
115.1927,0.6586539
115.2127,0.6586539
115.2327,0.6586539
115.2527,0.6586539
115.2727,0.6586539
115.2927,0.6586539
115.3127,0.6586539
115.3327,0.6586539
115.3527,0.6586539
115.3727,0.6586539
115.3926,0.6586539
115.4126,0.6586539
115.4326,0.6586539
115.4526,0.6586539
115.4726,0.6586539
115.4926,0.6586539
115.5126,0.6586539
115.5326,0.6586539
115.5526,0.6586539
115.5726,0.6586539
115.5926,0.6586539
115.6126,0.6586539
115.6326,0.6586539
115.6526,0.6586539
115.6726,0.6586539
115.6926,0.6586539
115.7126,0.6586539
115.7326,0.6586539
115.7526,0.6586539
115.7726,0.6586539
115.7926,0.6586539
115.8126,0.6586539
115.8326,0.6586539
115.8526,0.6586539
115.8726,0.6586539
115.8926,0.6586539
115.9126,0.6586539
115.9326,0.6586539
115.9526,0.6586539
115.9725,0.6586539
115.9925,0.6586539
116.0125,0.6586539
116.0325,0.6586539
116.0525,0.6586539
116.0725,0.6586539
116.0925,0.6586539
116.1125,0.6586539
116.1325,0.6586539
116.1525,0.6586539
116.1725,0.6586539
116.1925,0.6586539
116.2125,0.6586539
116.2325,0.6586539
116.2525,0.6586539
116.2725,0.6586539
116.2925,0.6586539
116.3125,0.6586539
116.3325,0.6586539
116.3525,0.6586539
116.3725,0.6586539
116.3925,0.6586539
116.4125,0.6586539
116.4325,0.6586539
116.4525,0.6586539
116.4725,0.6586539
116.4925,0.6586539
116.5125,0.6586539
116.5325,0.6586539
116.5525,0.6586539
116.5724,0.6586539
116.5924,0.6586539
116.6124,0.6586539
116.6324,0.6586539
116.6524,0.6586539
116.6724,0.6586539
116.6924,0.6586539
116.7124,0.6586539
116.7324,0.6586539
116.7524,0.6586539
116.7724,0.6586539
116.7924,0.6586539
116.8124,0.6586539
116.8324,0.6586539
116.8524,0.6586539
116.8724,0.6586539
116.8924,0.6586539
116.9124,0.6586539
116.9324,0.6586539
116.9524,0.6586539
116.9724,0.6586539
116.9924,0.6586539
117.0124,0.6586539
117.0324,0.6586539
117.0524,0.6586539
117.0724,0.6586539
117.0924,0.6586539
117.1124,0.6586539
117.1324,0.6586539
117.1524,0.6586539
117.1723,0.6586539
117.1923,0.6586539
117.2123,0.6586539
117.2323,0.6586539
117.2523,0.6586539
117.2723,0.6586539
117.2923,0.6586539
117.3123,0.6586539
117.3323,0.6586539
117.3523,0.6586539
117.3723,0.6586539
117.3923,0.6586539
117.4123,0.6586539
117.4323,0.6586539
117.4523,0.6586539
117.4723,0.6586539
117.4923,0.6586539
117.5123,0.6586539
117.5323,0.6586539
117.5523,0.6586539
117.5723,0.6586539
117.5923,0.6586539
117.6123,0.6586539
117.6323,0.6586539
117.6523,0.6586539
117.6723,0.6586539
117.6923,0.6586539
117.7123,0.6586539
117.7323,0.6586539
117.7523,0.6586539
117.7722,0.6586539
117.7922,0.6586539
117.8122,0.6586539
117.8322,0.6586539
117.8522,0.6586539
117.8722,0.6586539
117.8922,0.6586539
117.9122,0.6586539
117.9322,0.6586539
117.9522,0.6586539
117.9722,0.6586539
117.9922,0.6586539
118.0122,0.6586539
118.0322,0.6586539
118.0522,0.6586539
118.0722,0.6586539
118.0922,0.6586539
118.1122,0.6586539
118.1322,0.6586539
118.1522,0.6586539
118.1722,0.6586539
118.1922,0.6586539
118.2122,0.6586539
118.2322,0.6586539
118.2522,0.6586539
118.2722,0.6586539
118.2922,0.6586539
118.3122,0.6586539
118.3322,0.6586539
118.3521,0.6586539
118.3721,0.6586539
118.3921,0.6586539
118.4121,0.6586539
118.4321,0.6586539
118.4521,0.6586539
118.4721,0.6586539
118.4921,0.6586539
118.5121,0.6586539
118.5321,0.6586539
118.5521,0.6586539
118.5721,0.6586539
118.5921,0.6586539
118.6121,0.6586539
118.6321,0.6586539
118.6521,0.6586539
118.6721,0.6586539
118.6921,0.6586539
118.7121,0.6586539
118.7321,0.6586539
118.7521,0.6586539
118.7721,0.6586539
118.7921,0.6586539
118.8121,0.6586539
118.8321,0.6586539
118.8521,0.6586539
118.8721,0.6586539
118.8921,0.6586539
118.9121,0.6586539
118.9321,0.6586539
118.952,0.6586539
118.972,0.6586539
118.992,0.6586539
119.012,0.6586539
119.032,0.6586539
119.052,0.6586539
119.072,0.6586539
119.092,0.6586539
119.112,0.6586539
119.132,0.6586539
119.152,0.6586539
119.172,0.6586539
119.192,0.6586539
119.212,0.6586539
119.232,0.6586539
119.252,0.6586539
119.272,0.6586539
119.292,0.6586539
119.312,0.6586539
119.332,0.6586539
119.352,0.6586539
119.372,0.6586539
119.392,0.6586539
119.412,0.6586539
119.432,0.6586539
119.452,0.6586539
119.472,0.6586539
119.492,0.6586539
119.512,0.6586539
119.532,0.6586539
119.5519,0.6586539
119.5719,0.6586539
119.5919,0.6586539
119.6119,0.6586539
119.6319,0.6586539
119.6519,0.6586539
119.6719,0.6586539
119.6919,0.6586539
119.7119,0.6586539
119.7319,0.6586539
119.7519,0.6586539
119.7719,0.6586539
119.7919,0.6586539
119.8119,0.6586539
119.8319,0.6586539
119.8519,0.6586539
119.8719,0.6586539
119.8919,0.6586539
119.9119,0.6586539
119.9319,0.6586539
119.9519,0.6586539
119.9719,0.6586539
119.9919,0.6586539
120.0119,0.6586539
120.0319,0.6586539
120.0519,0.6586539
120.0719,0.6586539
120.0919,0.6586539
120.1119,0.6586539
120.1319,0.6586539
120.1518,0.6586539
120.1718,0.6586539
120.1918,0.6586539
120.2118,0.6586539
120.2318,0.6586539
120.2518,0.6586539
120.2718,0.6586539
120.2918,0.6586539
120.3118,0.6586539
120.3318,0.6586539
120.3518,0.6586539
120.3718,0.6586539
120.3918,0.6586539
120.4118,0.6586539
120.4318,0.6586539
120.4518,0.6586539
120.4718,0.6586539
120.4918,0.6586539
120.5118,0.6586539
120.5318,0.6586539
120.5518,0.6586539
120.5718,0.6586539
120.5918,0.6586539
120.6118,0.6586539
120.6318,0.6586539
120.6518,0.6586539
120.6718,0.6586539
120.6918,0.6586539
120.7118,0.6586539
120.7318,0.6586539
120.7517,0.6586539
120.7717,0.6586539
120.7917,0.6586539
120.8117,0.6586539
120.8317,0.6586539
120.8517,0.6586539
120.8717,0.6586539
120.8917,0.6586539
120.9117,0.6586539
120.9317,0.6586539
120.9517,0.6586539
120.9717,0.6586539
120.9917,0.6586539
121.0117,0.6586539
121.0317,0.6586539
121.0517,0.6586539
121.0717,0.6586539
121.0917,0.6586539
121.1117,0.6586539
121.1317,0.6586539
121.1517,0.6586539
121.1717,0.6586539
121.1917,0.6586539
121.2117,0.6586539
121.2317,0.6586539
121.2517,0.6586539
121.2717,0.6586539
121.2917,0.6586539
121.3117,0.6586539
121.3316,0.6586539
121.3516,0.6586539
121.3716,0.6586539
121.3916,0.6586539
121.4116,0.6586539
121.4316,0.6586539
121.4516,0.6586539
121.4716,0.6586539
121.4916,0.6586539
121.5116,0.6586539
121.5316,0.6586539
121.5516,0.6586539
121.5716,0.6586539
121.5916,0.6586539
121.6116,0.6586539
121.6316,0.6586539
121.6516,0.6586539
121.6716,0.6586539
121.6916,0.6586539
121.7116,0.6586539
121.7316,0.6586539
121.7516,0.6586539
121.7716,0.6586539
121.7916,0.6586539
121.8116,0.6586539
121.8316,0.6586539
121.8516,0.6586539
121.8716,0.6586539
121.8916,0.6586539
121.9116,0.6586539
121.9315,0.6586539
121.9515,0.6586539
121.9715,0.6586539
121.9915,0.6586539
122.0115,0.6586539
122.0315,0.6586539
122.0515,0.6586539
122.0715,0.6586539
122.0915,0.6586539
122.1115,0.6586539
122.1315,0.6586539
122.1515,0.6586539
122.1715,0.6586539
122.1915,0.6586539
122.2115,0.6586539
122.2315,0.6586539
122.2515,0.6586539
122.2715,0.6586539
122.2915,0.6586539
122.3115,0.6586539
122.3315,0.6586539
122.3515,0.6586539
122.3715,0.6586539
122.3915,0.6586539
122.4115,0.6586539
122.4315,0.6586539
122.4515,0.6586539
122.4715,0.6586539
122.4915,0.6586539
122.5115,0.6586539
122.5314,0.6586539
122.5514,0.6586539
122.5714,0.6586539
122.5914,0.6586539
122.6114,0.6586539
122.6314,0.6586539
122.6514,0.6586539
122.6714,0.6586539
122.6914,0.6586539
122.7114,0.6586539
122.7314,0.6586539
122.7514,0.6586539
122.7714,0.6586539
122.7914,0.6586539
122.8114,0.6586539
122.8314,0.6586539
122.8514,0.6586539
122.8714,0.6586539
122.8914,0.6586539
122.9114,0.6586539
122.9314,0.6586539
122.9514,0.6586539
122.9714,0.6586539
122.9914,0.6586539
123.0114,0.6586539
123.0314,0.6586539
123.0514,0.6586539
123.0714,0.6586539
123.0914,0.6586539
123.1114,0.6586539
123.1313,0.6586539
123.1513,0.6586539
123.1713,0.6586539
123.1913,0.6586539
123.2113,0.6586539
123.2313,0.6586539
123.2513,0.6586539
123.2713,0.6586539
123.2913,0.6586539
123.3113,0.6586539
123.3313,0.6586539
123.3513,0.6586539
123.3713,0.6586539
123.3913,0.6586539
123.4113,0.6586539
123.4313,0.6586539
123.4513,0.6586539
123.4713,0.6586539
123.4913,0.6586539
123.5113,0.6586539
123.5313,0.6586539
123.5513,0.6586539
123.5713,0.6586539
123.5913,0.6586539
123.6113,0.6586539
123.6313,0.6586539
123.6513,0.6586539
123.6713,0.6586539
123.6913,0.6586539
123.7113,0.6586539
123.7312,0.6586539
123.7512,0.6586539
123.7712,0.6586539
123.7912,0.6586539
123.8112,0.6586539
123.8312,0.6586539
123.8512,0.6586539
123.8712,0.6586539
123.8912,0.6586539
123.9112,0.6586539
123.9312,0.6586539
123.9512,0.6586539
123.9712,0.6586539
123.9912,0.6586539
124.0112,0.6586539
124.0312,0.6586539
124.0512,0.6586539
124.0712,0.6586539
124.0912,0.6586539
124.1112,0.6586539
124.1312,0.6586539
124.1512,0.6586539
124.1712,0.6586539
124.1912,0.6586539
124.2112,0.6586539
124.2312,0.6586539
124.2512,0.6586539
124.2712,0.6586539
124.2912,0.6586539
124.3111,0.6586539
124.3311,0.6586539
124.3511,0.6586539
124.3711,0.6586539
124.3911,0.6586539
124.4111,0.6586539
124.4311,0.6586539
124.4511,0.6586539
124.4711,0.6586539
124.4911,0.6586539
124.5111,0.6586539
124.5311,0.6586539
124.5511,0.6586539
124.5711,0.6586539
124.5911,0.6586539
124.6111,0.6586539
124.6311,0.6586539
124.6511,0.6586539
124.6711,0.6586539
124.6911,0.6586539
124.7111,0.6586539
124.7311,0.6586539
124.7511,0.6586539
124.7711,0.6586539
124.7911,0.6586539
124.8111,0.6586539
124.8311,0.6586539
124.8511,0.6586539
124.8711,0.6586539
124.8911,0.6586539
124.911,0.6586539
124.931,0.6586539
124.951,0.6586539
124.971,0.6586539
124.991,0.6586539
125.011,0.6586539
125.031,0.6586539
125.051,0.6586539
125.071,0.6586539
125.091,0.6586539
125.111,0.6586539
125.131,0.6586539
125.151,0.6586539
125.171,0.6586539
125.191,0.6586539
125.211,0.6586539
125.231,0.6586539
125.251,0.6586539
125.271,0.6586539
125.291,0.6586539
125.311,0.6586539
125.331,0.6586539
125.351,0.6586539
125.371,0.6586539
125.391,0.6586539
125.411,0.6586539
125.431,0.6586539
125.451,0.6586539
125.471,0.6586539
125.491,0.6586539
125.5109,0.6586539
125.5309,0.6586539
125.5509,0.6586539
125.5709,0.6586539
125.5909,0.6586539
125.6109,0.6586539
125.6309,0.6586539
125.6509,0.6634616
125.6709,0.6634616
125.6909,0.6634616
125.7109,0.6634616
125.7309,0.6634616
125.7509,0.6634616
125.7709,0.6634616
125.7909,0.6634616
125.8109,0.6634616
125.8309,0.6634616
125.8509,0.6634616
125.8709,0.6634616
125.8909,0.6634616
125.9109,0.6634616
125.9309,0.6634616
125.9509,0.6634616
125.9709,0.6634616
125.9909,0.6634616
126.0109,0.6634616
126.0309,0.6634616
126.0509,0.6634616
126.0709,0.6634616
126.0909,0.6634616
126.1108,0.6634616
126.1308,0.6634616
126.1508,0.6634616
126.1708,0.6634616
126.1908,0.6634616
126.2108,0.6634616
126.2308,0.6634616
126.2508,0.6634616
126.2708,0.6634616
126.2908,0.6634616
126.3108,0.6634616
126.3308,0.6634616
126.3508,0.6634616
126.3708,0.6634616
126.3908,0.6634616
126.4108,0.6634616
126.4308,0.6634616
126.4508,0.6634616
126.4708,0.6634616
126.4908,0.6634616
126.5108,0.6634616
126.5308,0.6634616
126.5508,0.6634616
126.5708,0.6634616
126.5908,0.6634616
126.6108,0.6634616
126.6308,0.6634616
126.6508,0.6634616
126.6708,0.6634616
126.6908,0.6634616
126.7107,0.6634616
126.7307,0.6634616
126.7507,0.6634616
126.7707,0.6634616
126.7907,0.6634616
126.8107,0.6634616
126.8307,0.6634616
126.8507,0.6634616
126.8707,0.6634616
126.8907,0.6634616
126.9107,0.6634616
126.9307,0.6634616
126.9507,0.6634616
126.9707,0.6634616
126.9907,0.6634616
127.0107,0.6634616
127.0307,0.6634616
127.0507,0.6634616
127.0707,0.6634616
127.0907,0.6634616
127.1107,0.6634616
127.1307,0.6634616
127.1507,0.6634616
127.1707,0.6634616
127.1907,0.6634616
127.2107,0.6634616
127.2307,0.6634616
127.2507,0.6634616
127.2707,0.6634616
127.2906,0.6634616
127.3106,0.6634616
127.3306,0.6634616
127.3506,0.6634616
127.3706,0.6634616
127.3906,0.6634616
127.4106,0.6634616
127.4306,0.6634616
127.4506,0.6634616
127.4706,0.6634616
127.4906,0.6634616
127.5106,0.6634616
127.5306,0.6634616
127.5506,0.6634616
127.5706,0.6634616
127.5906,0.6634616
127.6106,0.6634616
127.6306,0.6634616
127.6506,0.6634616
127.6706,0.6634616
127.6906,0.6634616
127.7106,0.6634616
127.7306,0.6634616
127.7506,0.6634616
127.7706,0.6634616
127.7906,0.6634616
127.8106,0.6634616
127.8306,0.6634616
127.8506,0.6634616
127.8706,0.6634616
127.8905,0.6634616
127.9105,0.6634616
127.9305,0.6634616
127.9505,0.6634616
127.9705,0.6634616
127.9905,0.6634616
128.0105,0.6634616
128.0305,0.6634616
128.0505,0.6634616
128.0705,0.6634616
128.0905,0.6634616
128.1105,0.6634616
128.1306,0.6634616
128.1506,0.6634616
128.1706,0.6634616
128.1906,0.6634616
128.2106,0.6634616
128.2306,0.6634616
128.2506,0.6634616
128.2706,0.6634616
128.2906,0.6634616
128.3106,0.6634616
128.3306,0.6634616
128.3506,0.6634616
128.3706,0.6634616
128.3906,0.6634616
128.4106,0.6634616
128.4306,0.6634616
128.4506,0.6634616
128.4706,0.6634616
128.4906,0.6634616
128.5106,0.6634616
128.5306,0.6634616
128.5506,0.6634616
128.5706,0.6634616
128.5907,0.6634616
128.6107,0.6634616
128.6307,0.6634616
128.6507,0.6634616
128.6707,0.6634616
128.6907,0.6634616
128.7107,0.6634616
128.7307,0.6634616
128.7507,0.6634616
128.7707,0.6634616
128.7907,0.6634616
128.8107,0.6634616
128.8307,0.6634616
128.8507,0.6634616
128.8707,0.6634616
128.8907,0.6634616
128.9107,0.6634616
128.9307,0.6634616
128.9507,0.6634616
128.9707,0.6634616
128.9907,0.6634616
129.0107,0.6634616
129.0307,0.6634616
129.0508,0.6634616
129.0708,0.6634616
129.0908,0.6634616
129.1108,0.6634616
129.1308,0.6634616
129.1508,0.6634616
129.1708,0.6634616
129.1908,0.6634616
129.2108,0.6634616
129.2308,0.6634616
129.2508,0.6634616
129.2708,0.6634616
129.2908,0.6634616
129.3108,0.6634616
129.3308,0.6634616
129.3508,0.6634616
129.3708,0.6634616
129.3908,0.6634616
129.4108,0.6634616
129.4308,0.6634616
129.4508,0.6634616
129.4708,0.6634616
129.4908,0.6634616
129.5108,0.6634616
129.5309,0.6634616
129.5509,0.6634616
129.5709,0.6634616
129.5909,0.6634616
129.6109,0.6634616
129.6309,0.6634616
129.6509,0.6634616
129.6709,0.6634616
129.6909,0.6634616
129.7109,0.6634616
129.7309,0.6634616
129.7509,0.6634616
129.7709,0.6634616
129.7909,0.6634616
129.8109,0.6634616
129.8309,0.6634616
129.8509,0.6634616
129.8709,0.6634616
129.8909,0.6634616
129.9109,0.6634616
129.9309,0.6634616
129.9509,0.6634616
129.9709,0.6634616
129.991,0.6634616
130.011,0.6634616
130.031,0.6634616
130.051,0.6634616
130.071,0.6634616
130.091,0.6634616
130.111,0.6634616
130.131,0.6634616
130.151,0.6634616
130.171,0.6634616
130.191,0.6634616
130.211,0.6634616
130.231,0.6634616
130.251,0.6634616
130.271,0.6634616
130.291,0.6634616
130.311,0.6634616
130.331,0.6634616
130.351,0.6634616
130.371,0.6634616
130.391,0.6634616
130.411,0.6634616
130.431,0.6634616
130.451,0.6634616
130.4711,0.6634616
130.4911,0.6634616
130.5111,0.6634616
130.5311,0.6634616
130.5511,0.6634616
130.5711,0.6634616
130.5911,0.6634616
130.6111,0.6634616
130.6311,0.6634616
130.6511,0.6634616
130.6711,0.6634616
130.6911,0.6634616
130.7111,0.6634616
130.7311,0.6634616
130.7511,0.6634616
130.7711,0.6634616
130.7911,0.6634616
130.8111,0.6634616
130.8311,0.6634616
130.8511,0.6634616
130.8711,0.6634616
130.8911,0.6634616
130.9111,0.6634616
130.9312,0.6634616
130.9512,0.6634616
130.9712,0.6634616
130.9912,0.6634616
131.0112,0.6634616
131.0312,0.6634616
131.0512,0.6634616
131.0712,0.6634616
131.0912,0.6634616
131.1112,0.6634616
131.1312,0.6634616
131.1512,0.6634616
131.1712,0.6634616
131.1912,0.6634616
131.2112,0.6634616
131.2312,0.6634616
131.2512,0.6634616
131.2712,0.6634616
131.2912,0.6634616
131.3112,0.6634616
131.3312,0.6634616
131.3512,0.6634616
131.3712,0.6634616
131.3913,0.6634616
131.4113,0.6634616
131.4313,0.6634616
131.4513,0.6634616
131.4713,0.6634616
131.4913,0.6634616
131.5113,0.6634616
131.5313,0.6634616
131.5513,0.6634616
131.5713,0.6634616
131.5913,0.6634616
131.6113,0.6634616
131.6313,0.6634616
131.6513,0.6634616
131.6713,0.6634616
131.6913,0.6634616
131.7113,0.6634616
131.7313,0.6634616
131.7513,0.6634616
131.7713,0.6634616
131.7913,0.6634616
131.8113,0.6634616
131.8313,0.6634616
131.8513,0.6634616
131.8714,0.6634616
131.8914,0.6634616
131.9114,0.6634616
131.9314,0.6634616
131.9514,0.6634616
131.9714,0.6634616
131.9914,0.6634616
132.0114,0.6634616
132.0314,0.6634616
132.0514,0.6634616
132.0714,0.6634616
132.0914,0.6634616
132.1114,0.6634616
132.1314,0.6634616
132.1514,0.6634616
132.1714,0.6634616
132.1914,0.6634616
132.2114,0.6634616
132.2314,0.6634616
132.2514,0.6634616
132.2714,0.6634616
132.2914,0.6634616
132.3114,0.6634616
132.3315,0.6634616
132.3515,0.6634616
132.3715,0.6634616
132.3915,0.6634616
132.4115,0.6634616
132.4315,0.6634616
132.4515,0.6634616
132.4715,0.6634616
132.4915,0.6634616
132.5115,0.6634616
132.5315,0.6634616
132.5515,0.6634616
132.5715,0.6634616
132.5915,0.6634616
132.6115,0.6634616
132.6315,0.6634616
132.6515,0.6634616
132.6715,0.6634616
132.6915,0.6634616
132.7115,0.6634616
132.7315,0.6634616
132.7515,0.6634616
132.7715,0.6634616
132.7915,0.6634616
132.8116,0.6634616
132.8316,0.6634616
132.8516,0.6634616
132.8716,0.6634616
132.8916,0.6634616
132.9116,0.6634616
132.9316,0.6634616
132.9516,0.6634616
132.9716,0.6634616
132.9916,0.6634616
133.0116,0.6634616
133.0316,0.6634616
133.0516,0.6634616
133.0716,0.6634616
133.0916,0.6634616
133.1116,0.6634616
133.1316,0.6634616
133.1516,0.6634616
133.1716,0.6634616
133.1916,0.6634616
133.2116,0.6634616
133.2316,0.6634616
133.2516,0.6634616
133.2717,0.6634616
133.2917,0.6634616
133.3117,0.6634616
133.3317,0.6634616
133.3517,0.6634616
133.3717,0.6634616
133.3917,0.6634616
133.4117,0.6634616
133.4317,0.6634616
133.4517,0.6634616
133.4717,0.6634616
133.4917,0.6634616
133.5117,0.6634616
133.5317,0.6634616
133.5517,0.6634616
133.5717,0.6634616
133.5917,0.6634616
133.6117,0.6634616
133.6317,0.6634616
133.6517,0.6634616
133.6717,0.6634616
133.6917,0.6634616
133.7117,0.6634616
133.7318,0.6634616
133.7518,0.6634616
133.7718,0.6634616
133.7918,0.6634616
133.8118,0.6634616
133.8318,0.6634616
133.8518,0.6634616
133.8718,0.6634616
133.8918,0.6634616
133.9118,0.6634616
133.9318,0.6634616
133.9518,0.6634616
133.9718,0.6634616
133.9918,0.6634616
134.0118,0.6634616
134.0318,0.6634616
134.0518,0.6634616
134.0718,0.6634616
134.0918,0.6634616
134.1118,0.6634616
134.1318,0.6634616
134.1518,0.6634616
134.1718,0.6634616
134.1918,0.6634616
134.2119,0.6634616
134.2319,0.6634616
134.2519,0.6634616
134.2719,0.6634616
134.2919,0.6634616
134.3119,0.6634616
134.3319,0.6634616
134.3519,0.6634616
134.3719,0.6682692
134.3919,0.6682692
134.4119,0.6682692
134.4319,0.6682692
134.4519,0.6682692
134.4719,0.6682692
134.4919,0.6682692
134.5119,0.6682692
134.5319,0.6682692
134.5519,0.6682692
134.5719,0.6682692
134.5919,0.6682692
134.6119,0.6682692
134.6319,0.6682692
134.6519,0.6682692
134.672,0.6682692
134.692,0.6682692
134.712,0.6682692
134.732,0.6682692
134.752,0.6682692
134.772,0.6682692
134.792,0.6682692
134.812,0.6682692
134.832,0.6682692
134.852,0.6682692
134.872,0.6682692
134.892,0.6682692
134.912,0.6682692
134.932,0.6682692
134.952,0.6682692
134.972,0.6682692
134.992,0.6682692
135.012,0.6682692
135.032,0.6682692
135.052,0.6682692
135.072,0.6682692
135.092,0.6682692
135.112,0.6682692
135.132,0.6682692
135.1521,0.6682692
135.1721,0.6682692
135.1921,0.6682692
135.2121,0.6682692
135.2321,0.6682692
135.2521,0.6682692
135.2721,0.6682692
135.2921,0.6682692
135.3121,0.6682692
135.3321,0.6682692
135.3521,0.6682692
135.3721,0.6682692
135.3921,0.6682692
135.4121,0.6682692
135.4321,0.6682692
135.4521,0.6682692
135.4721,0.6682692
135.4921,0.6682692
135.5121,0.6682692
135.5321,0.6682692
135.5521,0.6682692
135.5721,0.6682692
135.5921,0.6682692
135.6122,0.6682692
135.6322,0.6682692
135.6522,0.6682692
135.6722,0.6682692
135.6922,0.6682692
135.7122,0.6682692
135.7322,0.6682692
135.7522,0.6682692
135.7722,0.6682692
135.7922,0.6682692
135.8122,0.6682692
135.8322,0.6682692
135.8522,0.6682692
135.8722,0.6682692
135.8922,0.6682692
135.9122,0.6682692
135.9322,0.6682692
135.9522,0.6682692
135.9722,0.6682692
135.9922,0.6682692
136.0122,0.6682692
136.0322,0.6682692
136.0522,0.6730769
136.0723,0.6730769
136.0923,0.6730769
136.1123,0.6730769
136.1323,0.6730769
136.1523,0.6730769
136.1723,0.6730769
136.1923,0.6730769
136.2123,0.6730769
136.2323,0.6730769
136.2523,0.6730769
136.2723,0.6730769
136.2923,0.6730769
136.3123,0.6730769
136.3323,0.6730769
136.3523,0.6730769
136.3723,0.6730769
136.3923,0.6730769
136.4123,0.6730769
136.4323,0.6730769
136.4523,0.6730769
136.4723,0.6730769
136.4923,0.6730769
136.5123,0.6730769
136.5323,0.6730769
136.5524,0.6730769
136.5724,0.6730769
136.5924,0.6730769
136.6124,0.6730769
136.6324,0.6730769
136.6524,0.6730769
136.6724,0.6730769
136.6924,0.6730769
136.7124,0.6730769
136.7324,0.6730769
136.7524,0.6730769
136.7724,0.6730769
136.7924,0.6730769
136.8124,0.6730769
136.8324,0.6730769
136.8524,0.6730769
136.8724,0.6730769
136.8924,0.6730769
136.9124,0.6730769
136.9324,0.6730769
136.9524,0.6730769
136.9724,0.6730769
136.9924,0.6730769
137.0125,0.6730769
137.0325,0.6730769
137.0525,0.6730769
137.0725,0.6730769
137.0925,0.6730769
137.1125,0.6730769
137.1325,0.6730769
137.1525,0.6730769
137.1725,0.6730769
137.1925,0.6730769
137.2125,0.6730769
137.2325,0.6730769
137.2525,0.6730769
137.2725,0.6730769
137.2925,0.6730769
137.3125,0.6730769
137.3325,0.6730769
137.3525,0.6730769
137.3725,0.6730769
137.3925,0.6730769
137.4125,0.6730769
137.4325,0.6730769
137.4525,0.6730769
137.4725,0.6730769
137.4926,0.6730769
137.5126,0.6730769
137.5326,0.6730769
137.5526,0.6730769
137.5726,0.6730769
137.5926,0.6730769
137.6126,0.6730769
137.6326,0.6730769
137.6526,0.6730769
137.6726,0.6730769
137.6926,0.6730769
137.7126,0.6730769
137.7326,0.6730769
137.7526,0.6730769
137.7726,0.6730769
137.7926,0.6730769
137.8126,0.6730769
137.8326,0.6730769
137.8526,0.6730769
137.8726,0.6730769
137.8926,0.6730769
137.9126,0.6730769
137.9326,0.6730769
137.9527,0.6730769
137.9727,0.6730769
137.9927,0.6730769
138.0127,0.6730769
138.0327,0.6730769
138.0527,0.6730769
138.0727,0.6730769
138.0927,0.6730769
138.1127,0.6730769
138.1327,0.6730769
138.1527,0.6730769
138.1727,0.6730769
138.1927,0.6730769
138.2127,0.6730769
138.2327,0.6730769
138.2527,0.6730769
138.2727,0.6730769
138.2927,0.6730769
138.3127,0.6730769
138.3327,0.6730769
138.3527,0.6730769
138.3727,0.6730769
138.3927,0.6730769
138.4128,0.6730769
138.4328,0.6730769
138.4528,0.6730769
138.4728,0.6730769
138.4928,0.6730769
138.5128,0.6730769
138.5328,0.6730769
138.5528,0.6730769
138.5728,0.6730769
138.5928,0.6730769
138.6128,0.6730769
138.6328,0.6730769
138.6528,0.6730769
138.6728,0.6730769
138.6928,0.6730769
138.7128,0.6730769
138.7328,0.6730769
138.7528,0.6730769
138.7728,0.6730769
138.7928,0.6730769
138.8128,0.6730769
138.8328,0.6730769
138.8528,0.6730769
138.8728,0.6730769
138.8929,0.6730769
138.9129,0.6730769
138.9329,0.6730769
138.9529,0.6730769
138.9729,0.6730769
138.9929,0.6730769
139.0129,0.6730769
139.0329,0.6730769
139.0529,0.6730769
139.0729,0.6730769
139.0929,0.6730769
139.1129,0.6730769
139.1329,0.6730769
139.1529,0.6730769
139.1729,0.6730769
139.1929,0.6730769
139.2129,0.6730769
139.2329,0.6730769
139.2529,0.6730769
139.2729,0.6730769
139.2929,0.6730769
139.3129,0.6730769
139.3329,0.6730769
139.353,0.6730769
139.373,0.6730769
139.393,0.6730769
139.413,0.6730769
139.433,0.6730769
139.453,0.6730769
139.473,0.6730769
139.493,0.6730769
139.513,0.6730769
139.533,0.6730769
139.553,0.6730769
139.573,0.6730769
139.593,0.6730769
139.613,0.6730769
139.633,0.6730769
139.653,0.6730769
139.673,0.6730769
139.693,0.6730769
139.713,0.6730769
139.733,0.6730769
139.753,0.6730769
139.773,0.6730769
139.793,0.6730769
139.813,0.6730769
139.8331,0.6730769
139.8531,0.6730769
139.8731,0.6730769
139.8931,0.6730769
139.9131,0.6730769
139.9331,0.6730769
139.9531,0.6730769
139.9731,0.6730769
139.9931,0.6730769
140.0131,0.6730769
140.0331,0.6730769
140.0531,0.6730769
140.0731,0.6730769
140.0931,0.6730769
140.1131,0.6730769
140.1331,0.6730769
140.1531,0.6730769
140.1731,0.6730769
140.1931,0.6730769
140.2131,0.6730769
140.2331,0.6730769
140.2531,0.6730769
140.2731,0.6730769
140.2932,0.6730769
140.3132,0.6730769
140.3332,0.6730769
140.3532,0.6730769
140.3732,0.6730769
140.3932,0.6730769
140.4132,0.6730769
140.4332,0.6730769
140.4532,0.6730769
140.4732,0.6730769
140.4932,0.6730769
140.5132,0.6730769
140.5332,0.6730769
140.5532,0.6730769
140.5732,0.6730769
140.5932,0.6730769
140.6132,0.6730769
140.6332,0.6730769
140.6532,0.6730769
140.6732,0.6730769
140.6932,0.6730769
140.7132,0.6730769
140.7332,0.6730769
140.7533,0.6730769
140.7733,0.6730769
140.7933,0.6730769
140.8133,0.6730769
140.8333,0.6730769
140.8533,0.6730769
140.8733,0.6730769
140.8933,0.6730769
140.9133,0.6730769
140.9333,0.6730769
140.9533,0.6730769
140.9733,0.6730769
140.9933,0.6730769
141.0133,0.6730769
141.0333,0.6730769
141.0533,0.6730769
141.0733,0.6730769
141.0933,0.6730769
141.1133,0.6730769
141.1333,0.6730769
141.1533,0.6730769
141.1733,0.6730769
141.1933,0.6730769
141.2133,0.6730769
141.2334,0.6730769
141.2534,0.6730769
141.2734,0.6730769
141.2934,0.6730769
141.3134,0.6730769
141.3334,0.6730769
141.3534,0.6730769
141.3734,0.6730769
141.3934,0.6730769
141.4134,0.6730769
141.4334,0.6730769
141.4534,0.6730769
141.4734,0.6730769
141.4934,0.6730769
141.5134,0.6730769
141.5334,0.6730769
141.5534,0.6730769
141.5734,0.6730769
141.5934,0.6730769
141.6134,0.6730769
141.6334,0.6730769
141.6534,0.6730769
141.6734,0.6730769
141.6935,0.6730769
141.7135,0.6730769
141.7335,0.6730769
141.7535,0.6730769
141.7735,0.6730769
141.7935,0.6730769
141.8135,0.6730769
141.8335,0.6730769
141.8535,0.6730769
141.8735,0.6730769
141.8935,0.6730769
141.9135,0.6730769
141.9335,0.6730769
141.9535,0.6730769
141.9735,0.6730769
141.9935,0.6730769
142.0135,0.6730769
142.0335,0.6730769
142.0535,0.6730769
142.0735,0.6730769
142.0935,0.6730769
142.1135,0.6730769
142.1335,0.6730769
142.1535,0.6730769
142.1736,0.6730769
142.1936,0.6730769
142.2136,0.6730769
142.2336,0.6730769
142.2536,0.6730769
142.2736,0.6730769
142.2936,0.6730769
142.3136,0.6730769
142.3336,0.6730769
142.3536,0.6730769
142.3736,0.6730769
142.3936,0.6730769
142.4136,0.6730769
142.4336,0.6730769
142.4536,0.6730769
142.4736,0.6730769
142.4936,0.6730769
142.5136,0.6730769
142.5336,0.6730769
142.5536,0.6730769
142.5736,0.6730769
142.5936,0.6730769
142.6136,0.6730769
142.6337,0.6730769
142.6537,0.6730769
142.6737,0.6730769
142.6937,0.6730769
142.7137,0.6730769
142.7337,0.6730769
142.7537,0.6730769
142.7737,0.6730769
142.7937,0.6730769
142.8137,0.6730769
142.8337,0.6730769
142.8537,0.6730769
142.8737,0.6730769
142.8937,0.6730769
142.9137,0.6730769
142.9337,0.6730769
142.9537,0.6730769
142.9737,0.6730769
142.9937,0.6730769
143.0137,0.6730769
143.0337,0.6730769
143.0537,0.6730769
143.0737,0.6730769
143.0938,0.6730769
143.1138,0.6730769
143.1338,0.6730769
143.1538,0.6730769
143.1738,0.6730769
143.1938,0.6730769
143.2138,0.6730769
143.2338,0.6730769
143.2538,0.6730769
143.2738,0.6730769
143.2938,0.6730769
143.3138,0.6730769
143.3338,0.6730769
143.3538,0.6730769
143.3738,0.6730769
143.3938,0.6730769
143.4138,0.6730769
143.4338,0.6730769
143.4538,0.6730769
143.4738,0.6730769
143.4938,0.6730769
143.5138,0.6730769
143.5338,0.6730769
143.5538,0.6730769
143.5739,0.6730769
143.5939,0.6730769
143.6139,0.6730769
143.6339,0.6730769
143.6539,0.6730769
143.6739,0.6730769
143.6939,0.6730769
143.7139,0.6730769
143.7339,0.6730769
143.7539,0.6730769
143.7739,0.6730769
143.7939,0.6730769
143.8139,0.6730769
143.8339,0.6730769
143.8539,0.6730769
143.8739,0.6730769
143.8939,0.6730769
143.9139,0.6730769
143.9339,0.6730769
143.9539,0.6730769
143.9739,0.6730769
143.9939,0.6730769
144.0139,0.6730769
144.034,0.6730769
144.054,0.6730769
144.074,0.6730769
144.094,0.6730769
144.114,0.6730769
144.134,0.6730769
144.154,0.6730769
144.174,0.6730769
144.194,0.6730769
144.214,0.6730769
144.234,0.6730769
144.254,0.6730769
144.274,0.6730769
144.294,0.6730769
144.314,0.6730769
144.334,0.6730769
144.354,0.6730769
144.374,0.6730769
144.394,0.6730769
144.414,0.6730769
144.434,0.6730769
144.454,0.6730769
144.474,0.6730769
144.494,0.6730769
144.5141,0.6730769
144.5341,0.6730769
144.5541,0.6730769
144.5741,0.6730769
144.5941,0.6730769
144.6141,0.6730769
144.6341,0.6730769
144.6541,0.6730769
144.6741,0.6730769
144.6941,0.6730769
144.7141,0.6730769
144.7341,0.6730769
144.7541,0.6730769
144.7741,0.6730769
144.7941,0.6730769
144.8141,0.6730769
144.8341,0.6730769
144.8541,0.6730769
144.8741,0.6730769
144.8941,0.6730769
144.9141,0.6730769
144.9341,0.6730769
144.9541,0.6730769
144.9742,0.6730769
144.9942,0.6730769
145.0142,0.6730769
145.0342,0.6730769
145.0542,0.6730769
145.0742,0.6730769
145.0942,0.6730769
145.1142,0.6730769
145.1342,0.6730769
145.1542,0.6730769
145.1742,0.6730769
145.1942,0.6730769
145.2142,0.6730769
145.2342,0.6730769
145.2542,0.6730769
145.2742,0.6730769
145.2942,0.6730769
145.3142,0.6730769
145.3342,0.6730769
145.3542,0.6730769
145.3742,0.6730769
145.3942,0.6730769
145.4142,0.6730769
145.4342,0.6730769
145.4543,0.6730769
145.4743,0.6730769
145.4943,0.6730769
145.5143,0.6730769
145.5343,0.6730769
145.5543,0.6730769
145.5743,0.6730769
145.5943,0.6730769
145.6143,0.6730769
145.6343,0.6730769
145.6543,0.6730769
145.6743,0.6730769
145.6943,0.6730769
145.7143,0.6730769
145.7343,0.6730769
145.7543,0.6730769
145.7743,0.6730769
145.7943,0.6730769
145.8143,0.6730769
145.8343,0.6730769
145.8543,0.6730769
145.8743,0.6730769
145.8943,0.6730769
145.9144,0.6730769
145.9344,0.6730769
145.9544,0.6730769
145.9744,0.6730769
145.9944,0.6730769
146.0144,0.6730769
146.0344,0.6730769
146.0544,0.6730769
146.0744,0.6730769
146.0944,0.6730769
146.1144,0.6730769
146.1344,0.6730769
146.1544,0.6730769
146.1744,0.6730769
146.1944,0.6730769
146.2144,0.6730769
146.2344,0.6730769
146.2544,0.6730769
146.2744,0.6730769
146.2944,0.6730769
146.3144,0.6730769
146.3344,0.6730769
146.3544,0.6730769
146.3745,0.6730769
146.3945,0.6730769
146.4145,0.6730769
146.4345,0.6730769
146.4545,0.6730769
146.4745,0.6730769
146.4945,0.6730769
146.5145,0.6730769
146.5345,0.6730769
146.5545,0.6730769
146.5745,0.6730769
146.5945,0.6730769
146.6145,0.6730769
146.6345,0.6730769
146.6545,0.6730769
146.6745,0.6730769
146.6945,0.6730769
146.7145,0.6730769
146.7345,0.6730769
146.7545,0.6730769
146.7745,0.6730769
146.7945,0.6730769
146.8145,0.6730769
146.8345,0.6730769
146.8546,0.6730769
146.8746,0.6730769
146.8946,0.6730769
146.9146,0.6730769
146.9346,0.6730769
146.9546,0.6730769
146.9746,0.6730769
146.9946,0.6730769
147.0146,0.6730769
147.0346,0.6730769
147.0546,0.6730769
147.0746,0.6730769
147.0946,0.6730769
147.1146,0.6730769
147.1346,0.6730769
147.1546,0.6730769
147.1746,0.6730769
147.1946,0.6730769
147.2146,0.6730769
147.2346,0.6730769
147.2546,0.6730769
147.2746,0.6730769
147.2946,0.6730769
147.3147,0.6730769
147.3347,0.6730769
147.3547,0.6730769
147.3747,0.6730769
147.3947,0.6730769
147.4147,0.6730769
147.4347,0.6730769
147.4547,0.6730769
147.4747,0.6730769
147.4947,0.6730769
147.5147,0.6730769
147.5347,0.6730769
147.5547,0.6730769
147.5747,0.6730769
147.5947,0.6730769
147.6147,0.6730769
147.6347,0.6730769
147.6547,0.6730769
147.6747,0.6730769
147.6947,0.6730769
147.7147,0.6730769
147.7347,0.6730769
147.7547,0.6730769
147.7747,0.6730769
147.7948,0.6730769
147.8148,0.6730769
147.8348,0.6730769
147.8548,0.6730769
147.8748,0.6730769
147.8948,0.6730769
147.9148,0.6730769
147.9348,0.6730769
147.9548,0.6730769
147.9748,0.6730769
147.9948,0.6730769
148.0148,0.6730769
148.0348,0.6730769
148.0548,0.6730769
148.0748,0.6730769
148.0948,0.6730769
148.1148,0.6730769
148.1348,0.6730769
148.1548,0.6730769
148.1748,0.6730769
148.1948,0.6730769
148.2148,0.6730769
148.2348,0.6730769
148.2549,0.6730769
148.2749,0.6730769
148.2949,0.6730769
148.3149,0.6730769
148.3349,0.6730769
148.3549,0.6730769
148.3749,0.6730769
148.3949,0.6730769
148.4149,0.6730769
148.4349,0.6730769
148.4549,0.6730769
148.4749,0.6730769
148.4949,0.6730769
148.5149,0.6730769
148.5349,0.6730769
148.5549,0.6730769
148.5749,0.6730769
148.5949,0.6730769
148.6149,0.6730769
148.6349,0.6730769
148.6549,0.6730769
148.6749,0.6730769
148.6949,0.6730769
148.715,0.6730769
148.735,0.6730769
148.755,0.6730769
148.775,0.6730769
148.795,0.6730769
148.815,0.6730769
148.835,0.6730769
148.855,0.6730769
148.875,0.6730769
148.895,0.6730769
148.915,0.6730769
148.935,0.6730769
148.955,0.6730769
148.975,0.6730769
148.995,0.6730769
149.015,0.6730769
149.035,0.6730769
149.055,0.6730769
149.075,0.6730769
149.095,0.6730769
149.115,0.6730769
149.135,0.6730769
149.155,0.6730769
149.175,0.6730769
149.1951,0.6730769
149.2151,0.6730769
149.2351,0.6730769
149.2551,0.6730769
149.2751,0.6730769
149.2951,0.6730769
149.3151,0.6730769
149.3351,0.6730769
149.3551,0.6730769
149.3751,0.6730769
149.3951,0.6730769
149.4151,0.6730769
149.4351,0.6730769
149.4551,0.6730769
149.4751,0.6730769
149.4951,0.6730769
149.5151,0.6730769
149.5351,0.6730769
149.5551,0.6730769
149.5751,0.6730769
149.5951,0.6730769
149.6151,0.6730769
149.6351,0.6730769
149.6552,0.6730769
149.6752,0.6730769
149.6952,0.6730769
149.7152,0.6730769
149.7352,0.6730769
149.7552,0.6730769
149.7752,0.6730769
149.7952,0.6730769
149.8152,0.6730769
149.8352,0.6730769
149.8552,0.6730769
149.8752,0.6730769
149.8952,0.6730769
149.9152,0.6730769
149.9352,0.6730769
149.9552,0.6730769
149.9752,0.6730769
149.9952,0.6730769
150.0152,0.6730769
150.0352,0.6730769
150.0552,0.6730769
150.0752,0.6730769
150.0952,0.6730769
150.1152,0.6730769
150.1353,0.6730769
150.1553,0.6730769
150.1753,0.6730769
150.1953,0.6730769
150.2153,0.6730769
150.2353,0.6730769
150.2553,0.6730769
150.2753,0.6730769
150.2953,0.6730769
150.3153,0.6730769
150.3353,0.6730769
150.3553,0.6730769
150.3753,0.6730769
150.3953,0.6730769
150.4153,0.6730769
150.4353,0.6730769
150.4553,0.6730769
150.4753,0.6730769
150.4953,0.6730769
150.5153,0.6730769
150.5353,0.6730769
150.5553,0.6730769
150.5753,0.6730769
150.5954,0.6730769
150.6154,0.6730769
150.6354,0.6730769
150.6554,0.6730769
150.6754,0.6730769
150.6954,0.6730769
150.7154,0.6730769
150.7354,0.6730769
150.7554,0.6730769
150.7754,0.6730769
150.7954,0.6730769
150.8154,0.6730769
150.8354,0.6730769
150.8554,0.6730769
150.8754,0.6730769
150.8954,0.6730769
150.9154,0.6730769
150.9354,0.6730769
150.9554,0.6730769
150.9754,0.6730769
150.9954,0.6730769
151.0154,0.6730769
151.0354,0.6730769
151.0555,0.6730769
151.0755,0.6730769
151.0955,0.6730769
151.1155,0.6730769
151.1355,0.6730769
151.1555,0.6730769
151.1755,0.6730769
151.1955,0.6730769
151.2155,0.6730769
151.2355,0.6730769
151.2555,0.6730769
151.2755,0.6730769
151.2955,0.6730769
151.3155,0.6730769
151.3355,0.6730769
151.3555,0.6730769
151.3755,0.6730769
151.3955,0.6730769
151.4155,0.6730769
151.4355,0.6730769
151.4555,0.6730769
151.4755,0.6730769
151.4955,0.6730769
151.5155,0.6730769
151.5356,0.6730769
151.5556,0.6730769
151.5756,0.6730769
151.5956,0.6730769
151.6156,0.6730769
151.6356,0.6730769
151.6556,0.6730769
151.6756,0.6730769
151.6956,0.6730769
151.7156,0.6730769
151.7356,0.6730769
151.7556,0.6730769
151.7756,0.6730769
151.7956,0.6730769
151.8156,0.6730769
151.8356,0.6730769
151.8556,0.6730769
151.8756,0.6730769
151.8956,0.6730769
151.9156,0.6730769
151.9356,0.6730769
151.9556,0.6730769
151.9756,0.6730769
151.9957,0.6730769
152.0157,0.6730769
152.0357,0.6730769
152.0557,0.6730769
152.0757,0.6730769
152.0957,0.6730769
152.1157,0.6730769
152.1357,0.6730769
152.1557,0.6730769
152.1757,0.6730769
152.1957,0.6730769
152.2157,0.6730769
152.2357,0.6730769
152.2557,0.6730769
152.2757,0.6730769
152.2957,0.6730769
152.3157,0.6730769
152.3357,0.6730769
152.3557,0.6730769
152.3757,0.6730769
152.3957,0.6730769
152.4157,0.6730769
152.4357,0.6730769
152.4557,0.6730769
152.4758,0.6730769
152.4958,0.6730769
152.5158,0.6730769
152.5358,0.6730769
152.5558,0.6730769
152.5758,0.6730769
152.5958,0.6730769
152.6158,0.6730769
152.6358,0.6730769
152.6558,0.6730769
152.6758,0.6730769
152.6958,0.6730769
152.7158,0.6730769
152.7358,0.6730769
152.7558,0.6730769
152.7758,0.6730769
152.7958,0.6730769
152.8158,0.6730769
152.8358,0.6730769
152.8558,0.6730769
152.8758,0.6730769
152.8958,0.6730769
152.9158,0.6730769
152.9359,0.6730769
152.9559,0.6730769
152.9759,0.6730769
152.9959,0.6730769
153.0159,0.6730769
153.0359,0.6730769
153.0559,0.6730769
153.0759,0.6730769
153.0959,0.6730769
153.1159,0.6730769
153.1359,0.6730769
153.1559,0.6730769
153.1759,0.6730769
153.1959,0.6730769
153.2159,0.6730769
153.2359,0.6730769
153.2559,0.6730769
153.2759,0.6730769
153.2959,0.6730769
153.3159,0.6730769
153.3359,0.6730769
153.3559,0.6730769
153.3759,0.6730769
153.396,0.6730769
153.416,0.6730769
153.436,0.6730769
153.456,0.6730769
153.476,0.6730769
153.496,0.6730769
153.516,0.6730769
153.536,0.6730769
153.556,0.6730769
153.576,0.6730769
153.596,0.6730769
153.616,0.6730769
153.636,0.6730769
153.656,0.6730769
153.676,0.6730769
153.696,0.6730769
153.716,0.6730769
153.736,0.6730769
153.756,0.6730769
153.776,0.6730769
153.796,0.6730769
153.816,0.6730769
153.836,0.6730769
153.856,0.6730769
153.8761,0.6730769
153.8961,0.6730769
153.9161,0.6730769
153.9361,0.6730769
153.9561,0.6730769
153.9761,0.6730769
153.9961,0.6730769
154.0161,0.6730769
154.0361,0.6730769
154.0561,0.6730769
154.0761,0.6730769
154.0961,0.6730769
154.1161,0.6730769
154.1361,0.6730769
154.1561,0.6730769
154.1761,0.6730769
154.1961,0.6730769
154.2161,0.6730769
154.2361,0.6730769
154.2561,0.6730769
154.2761,0.6730769
154.2961,0.6730769
154.3161,0.6730769
154.3362,0.6730769
154.3562,0.6730769
154.3762,0.6730769
154.3962,0.6730769
154.4162,0.6730769
154.4362,0.6730769
154.4562,0.6730769
154.4762,0.6730769
154.4962,0.6730769
154.5162,0.6730769
154.5362,0.6730769
154.5562,0.6730769
154.5762,0.6730769
154.5962,0.6730769
154.6162,0.6730769
154.6362,0.6730769
154.6562,0.6730769
154.6762,0.6730769
154.6962,0.6730769
154.7162,0.6730769
154.7362,0.6730769
154.7562,0.6730769
154.7762,0.6730769
154.7962,0.6730769
154.8163,0.6730769
154.8363,0.6730769
154.8563,0.6730769
154.8763,0.6730769
154.8963,0.6730769
154.9163,0.6730769
154.9363,0.6730769
154.9563,0.6730769
154.9763,0.6730769
154.9963,0.6730769
155.0163,0.6730769
155.0363,0.6730769
155.0563,0.6730769
155.0763,0.6730769
155.0963,0.6730769
155.1163,0.6730769
155.1363,0.6730769
155.1563,0.6730769
155.1763,0.6730769
155.1963,0.6730769
155.2163,0.6730769
155.2363,0.6730769
155.2563,0.6730769
155.2764,0.6730769
155.2964,0.6730769
155.3164,0.6730769
155.3364,0.6730769
155.3564,0.6730769
155.3764,0.6730769
155.3964,0.6730769
155.4164,0.6730769
155.4364,0.6730769
155.4564,0.6730769
155.4764,0.6730769
155.4964,0.6730769
155.5164,0.6730769
155.5364,0.6730769
155.5564,0.6730769
155.5764,0.6730769
155.5964,0.6730769
155.6164,0.6730769
155.6364,0.6730769
155.6564,0.6730769
155.6764,0.6730769
155.6964,0.6730769
155.7164,0.6730769
155.7365,0.6730769
155.7565,0.6730769
155.7765,0.6730769
155.7965,0.6730769
155.8165,0.6730769
155.8365,0.6730769
155.8565,0.6730769
155.8765,0.6730769
155.8965,0.6730769
155.9165,0.6730769
155.9365,0.6730769
155.9565,0.6730769
155.9765,0.6730769
155.9965,0.6730769
156.0165,0.6730769
156.0365,0.6730769
156.0565,0.6730769
156.0765,0.6730769
156.0965,0.6730769
156.1165,0.6730769
156.1365,0.6730769
156.1565,0.6730769
156.1765,0.6730769
156.1965,0.6730769
156.2166,0.6730769
156.2366,0.6730769
156.2566,0.6730769
156.2766,0.6730769
156.2966,0.6730769
156.3166,0.6730769
156.3366,0.6730769
156.3566,0.6730769
156.3766,0.6730769
156.3966,0.6730769
156.4166,0.6730769
156.4366,0.6730769
156.4566,0.6730769
156.4766,0.6730769
156.4966,0.6730769
156.5166,0.6730769
156.5366,0.6730769
156.5566,0.6730769
156.5766,0.6730769
156.5966,0.6730769
156.6166,0.6730769
156.6366,0.6730769
156.6566,0.6730769
156.6767,0.6730769
156.6967,0.6730769
156.7167,0.6730769
156.7367,0.6730769
156.7567,0.6730769
156.7767,0.6730769
156.7967,0.6730769
156.8167,0.6730769
156.8367,0.6730769
156.8567,0.6730769
156.8767,0.6730769
156.8967,0.6730769
156.9167,0.6730769
156.9367,0.6730769
156.9567,0.6730769
156.9767,0.6730769
156.9967,0.6730769
157.0167,0.6730769
157.0367,0.6730769
157.0567,0.6730769
157.0767,0.6730769
157.0967,0.6730769
157.1167,0.6730769
157.1367,0.6730769
157.1568,0.6730769
157.1768,0.6730769
157.1968,0.6730769
157.2168,0.6730769
157.2368,0.6730769
157.2568,0.6730769
157.2768,0.6730769
157.2968,0.6730769
157.3168,0.6730769
157.3368,0.6730769
157.3568,0.6730769
157.3768,0.6730769
157.3968,0.6730769
157.4168,0.6730769
157.4368,0.6730769
157.4568,0.6730769
157.4768,0.6730769
157.4968,0.6730769
157.5168,0.6730769
157.5368,0.6730769
157.5568,0.6730769
157.5768,0.6730769
157.5968,0.6730769
157.6169,0.6730769
157.6369,0.6730769
157.6569,0.6730769
157.6769,0.6730769
157.6969,0.6730769
157.7169,0.6730769
157.7369,0.6730769
157.7569,0.6730769
157.7769,0.6730769
157.7969,0.6730769
157.8169,0.6730769
157.8369,0.6730769
157.8569,0.6730769
157.8769,0.6730769
157.8969,0.6730769
157.9169,0.6730769
157.9369,0.6730769
157.9569,0.6730769
157.9769,0.6730769
157.9969,0.6730769
158.0169,0.6730769
158.0369,0.6730769
158.0569,0.6730769
158.077,0.6730769
158.097,0.6730769
158.117,0.6730769
158.137,0.6730769
158.157,0.6730769
158.177,0.6730769
158.197,0.6730769
158.217,0.6730769
158.237,0.6730769
158.257,0.6730769
158.277,0.6730769
158.297,0.6730769
158.317,0.6730769
158.337,0.6730769
158.357,0.6730769
158.377,0.6730769
158.397,0.6730769
158.417,0.6730769
158.437,0.6730769
158.457,0.6730769
158.477,0.6730769
158.497,0.6730769
158.517,0.6730769
158.537,0.6730769
158.5571,0.6730769
158.5771,0.6730769
158.5971,0.6730769
158.6171,0.6730769
158.6371,0.6730769
158.6571,0.6730769
158.6771,0.6730769
158.6971,0.6730769
158.7171,0.6730769
158.7371,0.6730769
158.7571,0.6730769
158.7771,0.6730769
158.7971,0.6730769
158.8171,0.6730769
158.8371,0.6730769
158.8571,0.6730769
158.8771,0.6730769
158.8971,0.6730769
158.9171,0.6730769
158.9371,0.6730769
158.9571,0.6730769
158.9771,0.6730769
158.9971,0.6730769
159.0172,0.6730769
159.0372,0.6730769
159.0572,0.6730769
159.0772,0.6730769
159.0972,0.6730769
159.1172,0.6730769
159.1372,0.6730769
159.1572,0.6730769
159.1772,0.6730769
159.1972,0.6730769
159.2172,0.6730769
159.2372,0.6730769
159.2572,0.6730769
159.2772,0.6730769
159.2972,0.6730769
159.3172,0.6730769
159.3372,0.6730769
159.3572,0.6730769
159.3772,0.6730769
159.3972,0.6730769
159.4172,0.6730769
159.4372,0.6730769
159.4572,0.6730769
159.4772,0.6730769
159.4973,0.6730769
159.5173,0.6730769
159.5373,0.6730769
159.5573,0.6730769
159.5773,0.6730769
159.5973,0.6730769
159.6173,0.6730769
159.6373,0.6730769
159.6573,0.6730769
159.6773,0.6730769
159.6973,0.6730769
159.7173,0.6730769
159.7373,0.6730769
159.7573,0.6730769
159.7773,0.6730769
159.7973,0.6730769
159.8173,0.6730769
159.8373,0.6730769
159.8573,0.6730769
159.8773,0.6730769
159.8973,0.6730769
159.9173,0.6730769
159.9373,0.6730769
159.9574,0.6730769
159.9774,0.6730769
159.9974,0.6730769
160.0174,0.6730769
160.0374,0.6730769
160.0574,0.6730769
160.0774,0.6730769
160.0974,0.6730769
160.1174,0.6730769
160.1374,0.6730769
160.1574,0.6730769
160.1774,0.6730769
160.1974,0.6730769
160.2174,0.6730769
160.2374,0.6730769
160.2574,0.6730769
160.2774,0.6730769
160.2974,0.6730769
160.3174,0.6730769
160.3374,0.6730769
160.3574,0.6730769
160.3774,0.6730769
160.3974,0.6730769
160.4174,0.6730769
160.4375,0.6730769
160.4575,0.6730769
160.4775,0.6730769
160.4975,0.6730769
160.5175,0.6730769
160.5375,0.6730769
160.5575,0.6730769
160.5775,0.6730769
160.5975,0.6730769
160.6175,0.6730769
160.6375,0.6730769
160.6575,0.6730769
160.6775,0.6730769
160.6975,0.6730769
160.7175,0.6730769
160.7375,0.6730769
160.7575,0.6730769
160.7775,0.6730769
160.7975,0.6730769
160.8175,0.6730769
160.8375,0.6730769
160.8575,0.6730769
160.8775,0.6730769
160.8976,0.6730769
160.9176,0.6730769
160.9376,0.6730769
160.9576,0.6730769
160.9776,0.6730769
160.9976,0.6730769
161.0176,0.6730769
161.0376,0.6730769
161.0576,0.6730769
161.0776,0.6730769
161.0976,0.6730769
161.1176,0.6730769
161.1376,0.6730769
161.1576,0.6730769
161.1776,0.6730769
161.1976,0.6730769
161.2176,0.6730769
161.2376,0.6730769
161.2576,0.6730769
161.2776,0.6730769
161.2976,0.6730769
161.3176,0.6730769
161.3376,0.6730769
161.3577,0.6730769
161.3777,0.6730769
161.3977,0.6730769
161.4177,0.6730769
161.4377,0.6730769
161.4577,0.6730769
161.4777,0.6730769
161.4977,0.6730769
161.5177,0.6730769
161.5377,0.6730769
161.5577,0.6730769
161.5777,0.6730769
161.5977,0.6730769
161.6177,0.6730769
161.6377,0.6730769
161.6577,0.6730769
161.6777,0.6730769
161.6977,0.6730769
161.7177,0.6730769
161.7377,0.6730769
161.7577,0.6730769
161.7777,0.6730769
161.7977,0.6730769
161.8177,0.6730769
161.8378,0.6730769
161.8578,0.6730769
161.8778,0.6730769
161.8978,0.6730769
161.9178,0.6730769
161.9378,0.6730769
161.9578,0.6730769
161.9778,0.6730769
161.9978,0.6730769
162.0178,0.6730769
162.0378,0.6730769
162.0578,0.6730769
162.0778,0.6730769
162.0978,0.6730769
162.1178,0.6730769
162.1378,0.6730769
162.1578,0.6730769
162.1778,0.6730769
162.1978,0.6730769
162.2178,0.6730769
162.2378,0.6730769
162.2578,0.6730769
162.2778,0.6730769
162.2979,0.6730769
162.3179,0.6730769
162.3379,0.6730769
162.3579,0.6730769
162.3779,0.6730769
162.3979,0.6730769
162.4179,0.6730769
162.4379,0.6730769
162.4579,0.6730769
162.4779,0.6730769
162.4979,0.6730769
162.5179,0.6730769
162.5379,0.6730769
162.5579,0.6730769
162.5779,0.6730769
162.5979,0.6730769
162.6179,0.6730769
162.6379,0.6730769
162.6579,0.6730769
162.6779,0.6730769
162.6979,0.6730769
162.7179,0.6730769
162.7379,0.6730769
162.7579,0.6730769
162.778,0.6730769
162.798,0.6730769
162.818,0.6730769
162.838,0.6730769
162.858,0.6730769
162.878,0.6730769
162.898,0.6730769
162.918,0.6730769
162.938,0.6730769
162.958,0.6730769
162.978,0.6730769
162.998,0.6730769
163.018,0.6730769
163.038,0.6730769
163.058,0.6730769
163.078,0.6730769
163.098,0.6730769
163.118,0.6730769
163.138,0.6730769
163.158,0.6730769
163.178,0.6730769
163.198,0.6730769
163.218,0.6730769
163.2381,0.6730769
163.2581,0.6730769
163.2781,0.6730769
163.2981,0.6730769
163.3181,0.6730769
163.3381,0.6730769
163.3581,0.6730769
163.3781,0.6730769
163.3981,0.6730769
163.4181,0.6730769
163.4381,0.6730769
163.4581,0.6730769
163.4781,0.6730769
163.4981,0.6730769
163.5181,0.6730769
163.5381,0.6730769
163.5581,0.6730769
163.5781,0.6730769
163.5981,0.6730769
163.6181,0.6730769
163.6381,0.6730769
163.6581,0.6730769
163.6781,0.6730769
163.6982,0.6730769
163.7182,0.6730769
163.7382,0.6730769
163.7582,0.6730769
163.7782,0.6730769
163.7982,0.6730769
163.8182,0.6730769
163.8382,0.6730769
163.8582,0.6730769
163.8782,0.6730769
163.8982,0.6730769
163.9182,0.6730769
163.9382,0.6730769
163.9582,0.6730769
163.9782,0.6730769
163.9982,0.6730769
164.0182,0.6730769
164.0382,0.6730769
164.0582,0.6730769
164.0782,0.6730769
164.0982,0.6730769
164.1182,0.6730769
164.1382,0.6730769
164.1582,0.6730769
164.1783,0.6730769
164.1983,0.6730769
164.2183,0.6730769
164.2383,0.6730769
164.2583,0.6730769
164.2783,0.6730769
164.2983,0.6730769
164.3183,0.6730769
164.3383,0.6730769
164.3583,0.6730769
164.3783,0.6730769
164.3983,0.6730769
164.4183,0.6730769
164.4383,0.6730769
164.4583,0.6730769
164.4783,0.6730769
164.4983,0.6730769
164.5183,0.6730769
164.5383,0.6730769
164.5583,0.6730769
164.5783,0.6730769
164.5983,0.6730769
164.6183,0.6730769
164.6384,0.6730769
164.6584,0.6730769
164.6784,0.6730769
164.6984,0.6730769
164.7184,0.6730769
164.7384,0.6730769
164.7584,0.6730769
164.7784,0.6730769
164.7984,0.6730769
164.8184,0.6730769
164.8384,0.6730769
164.8584,0.6730769
164.8784,0.6730769
164.8984,0.6730769
164.9184,0.6730769
164.9384,0.6730769
164.9584,0.6730769
164.9784,0.6730769
164.9984,0.6730769
165.0184,0.6730769
165.0384,0.6730769
165.0584,0.6730769
165.0784,0.6730769
165.0984,0.6730769
165.1185,0.6730769
165.1385,0.6730769
165.1585,0.6730769
165.1785,0.6730769
165.1985,0.6730769
165.2185,0.6730769
165.2385,0.6730769
165.2585,0.6730769
165.2785,0.6730769
165.2985,0.6730769
165.3185,0.6730769
165.3385,0.6730769
165.3585,0.6730769
165.3785,0.6778846
165.3985,0.6778846
165.4185,0.6778846
165.4385,0.6778846
165.4585,0.6778846
165.4785,0.6778846
165.4985,0.6778846
165.5185,0.6778846
165.5385,0.6778846
165.5585,0.6778846
165.5786,0.6778846
165.5986,0.6778846
165.6186,0.6778846
165.6386,0.6778846
165.6586,0.6778846
165.6786,0.6778846
165.6986,0.6778846
165.7186,0.6778846
165.7386,0.6778846
165.7586,0.6778846
165.7786,0.6778846
165.7986,0.6778846
165.8186,0.6778846
165.8386,0.6778846
165.8586,0.6778846
165.8786,0.6778846
165.8986,0.6778846
165.9186,0.6778846
165.9386,0.6778846
165.9586,0.6778846
165.9786,0.6778846
165.9986,0.6778846
166.0186,0.6778846
166.0387,0.6778846
166.0587,0.6778846
166.0787,0.6778846
166.0987,0.6778846
166.1187,0.6778846
166.1387,0.6778846
166.1587,0.6778846
166.1787,0.6778846
166.1987,0.6778846
166.2187,0.6778846
166.2387,0.6778846
166.2587,0.6778846
166.2787,0.6778846
166.2987,0.6778846
166.3187,0.6778846
166.3387,0.6778846
166.3587,0.6778846
166.3787,0.6778846
166.3987,0.6778846
166.4187,0.6778846
166.4387,0.6778846
166.4587,0.6778846
166.4787,0.6778846
166.4987,0.6778846
166.5188,0.6778846
166.5388,0.6778846
166.5588,0.6778846
166.5788,0.6778846
166.5988,0.6778846
166.6188,0.6778846
166.6388,0.6778846
166.6588,0.6778846
166.6788,0.6778846
166.6988,0.6778846
166.7188,0.6778846
166.7388,0.6778846
166.7588,0.6778846
166.7788,0.6778846
166.7988,0.6778846
166.8188,0.6778846
166.8388,0.6778846
166.8588,0.6778846
166.8788,0.6778846
166.8988,0.6778846
166.9188,0.6778846
166.9388,0.6778846
166.9588,0.6778846
166.9789,0.6778846
166.9989,0.6778846
167.0189,0.6778846
167.0389,0.6778846
167.0589,0.6778846
167.0789,0.6778846
167.0989,0.6778846
167.1189,0.6778846
167.1389,0.6778846
167.1589,0.6778846
167.1789,0.6778846
167.1989,0.6778846
167.2189,0.6778846
167.2389,0.6778846
167.2589,0.6778846
167.2789,0.6778846
167.2989,0.6778846
167.3189,0.6778846
167.3389,0.6778846
167.3589,0.6778846
167.3789,0.6778846
167.3989,0.6778846
167.4189,0.6778846
167.4389,0.6778846
167.459,0.6778846
167.479,0.6778846
167.499,0.6778846
167.519,0.6778846
167.539,0.6778846
167.559,0.6778846
167.579,0.6778846
167.599,0.6778846
167.619,0.6778846
167.639,0.6778846
167.659,0.6778846
167.679,0.6778846
167.699,0.6778846
167.719,0.6778846
167.739,0.6778846
167.759,0.6778846
167.779,0.6778846
167.799,0.6778846
167.819,0.6778846
167.839,0.6778846
167.859,0.6778846
167.879,0.6778846
167.899,0.6778846
167.9191,0.6778846
167.9391,0.6778846
167.9591,0.6778846
167.9791,0.6778846
167.9991,0.6778846
168.0191,0.6778846
168.0391,0.6778846
168.0591,0.6778846
168.0791,0.6778846
168.0991,0.6778846
168.1191,0.6778846
168.1391,0.6778846
168.1591,0.6778846
168.1791,0.6778846
168.1991,0.6778846
168.2191,0.6778846
168.2391,0.6778846
168.2591,0.6778846
168.2791,0.6778846
168.2991,0.6778846
168.3191,0.6778846
168.3391,0.6778846
168.3591,0.6778846
168.3792,0.6778846
168.3992,0.6778846
168.4192,0.6778846
168.4392,0.6778846
168.4592,0.6778846
168.4792,0.6778846
168.4992,0.6778846
168.5192,0.6778846
168.5392,0.6778846
168.5592,0.6778846
168.5792,0.6778846
168.5992,0.6778846
168.6192,0.6778846
168.6392,0.6778846
168.6592,0.6778846
168.6792,0.6778846
168.6992,0.6778846
168.7192,0.6778846
168.7392,0.6778846
168.7592,0.6778846
168.7792,0.6778846
168.7992,0.6778846
168.8192,0.6778846
168.8392,0.6778846
168.8593,0.6778846
168.8793,0.6778846
168.8993,0.6778846
168.9193,0.6778846
168.9393,0.6778846
168.9593,0.6778846
168.9793,0.6778846
168.9993,0.6778846
169.0193,0.6778846
169.0393,0.6778846
169.0593,0.6778846
169.0793,0.6778846
169.0993,0.6778846
169.1193,0.6778846
169.1393,0.6778846
169.1593,0.6778846
169.1793,0.6778846
169.1993,0.6778846
169.2193,0.6778846
169.2393,0.6778846
169.2593,0.6778846
169.2793,0.6778846
169.2993,0.6778846
169.3194,0.6778846
169.3394,0.6778846
169.3594,0.6778846
169.3794,0.6778846
169.3994,0.6778846
169.4194,0.6778846
169.4394,0.6778846
169.4594,0.6778846
169.4794,0.6778846
169.4994,0.6778846
169.5194,0.6778846
169.5394,0.6778846
169.5594,0.6778846
169.5794,0.6778846
169.5994,0.6778846
169.6194,0.6778846
169.6394,0.6778846
169.6594,0.6778846
169.6794,0.6778846
169.6994,0.6778846
169.7194,0.6778846
169.7394,0.6778846
169.7594,0.6778846
169.7794,0.6778846
169.7995,0.6778846
169.8195,0.6778846
169.8395,0.6778846
169.8595,0.6778846
169.8795,0.6778846
169.8995,0.6778846
169.9195,0.6778846
169.9395,0.6778846
169.9595,0.6778846
169.9795,0.6778846
169.9995,0.6778846
170.0195,0.6778846
170.0395,0.6778846
170.0595,0.6778846
170.0795,0.6778846
170.0995,0.6778846
170.1195,0.6778846
170.1395,0.6778846
170.1595,0.6778846
170.1795,0.6778846
170.1995,0.6778846
170.2195,0.6778846
170.2395,0.6778846
170.2596,0.6778846
170.2796,0.6778846
170.2996,0.6778846
170.3196,0.6778846
170.3396,0.6778846
170.3596,0.6778846
170.3796,0.6778846
170.3996,0.6778846
170.4196,0.6778846
170.4396,0.6778846
170.4596,0.6778846
170.4796,0.6778846
170.4996,0.6778846
170.5196,0.6778846
170.5396,0.6778846
170.5596,0.6778846
170.5796,0.6778846
170.5996,0.6778846
170.6196,0.6778846
170.6396,0.6778846
170.6596,0.6778846
170.6796,0.6778846
170.6996,0.6778846
170.7197,0.6778846
170.7397,0.6778846
170.7597,0.6778846
170.7797,0.6778846
170.7997,0.6778846
170.8197,0.6778846
170.8397,0.6778846
170.8597,0.6778846
170.8797,0.6778846
170.8997,0.6778846
170.9197,0.6778846
170.9397,0.6778846
170.9597,0.6778846
170.9797,0.6778846
170.9997,0.6778846
171.0197,0.6778846
171.0397,0.6778846
171.0597,0.6778846
171.0797,0.6778846
171.0997,0.6778846
171.1197,0.6778846
171.1397,0.6778846
171.1597,0.6778846
171.1797,0.6778846
171.1998,0.6778846
171.2198,0.6778846
171.2398,0.6778846
171.2598,0.6778846
171.2798,0.6778846
171.2998,0.6778846
171.3198,0.6778846
171.3398,0.6778846
171.3598,0.6778846
171.3798,0.6778846
171.3998,0.6778846
171.4198,0.6778846
171.4398,0.6778846
171.4598,0.6778846
171.4798,0.6778846
171.4998,0.6778846
171.5198,0.6778846
171.5398,0.6778846
171.5598,0.6778846
171.5798,0.6778846
171.5998,0.6778846
171.6198,0.6778846
171.6398,0.6778846
171.6599,0.6778846
171.6799,0.6778846
171.6999,0.6778846
171.7199,0.6778846
171.7399,0.6778846
171.7599,0.6778846
171.7799,0.6778846
171.7999,0.6778846
171.8199,0.6778846
171.8399,0.6778846
171.8599,0.6778846
171.8799,0.6778846
171.8999,0.6778846
171.9199,0.6778846
171.9399,0.6778846
171.9599,0.6778846
171.9799,0.6778846
171.9999,0.6778846
172.0199,0.6778846
172.0399,0.6778846
172.0599,0.6778846
172.0799,0.6778846
172.0999,0.6778846
172.1199,0.6778846
172.14,0.6778846
172.16,0.6778846
172.18,0.6778846
172.2,0.6778846
172.22,0.6778846
172.24,0.6778846
172.26,0.6778846
172.28,0.6778846
172.3,0.6778846
172.32,0.6778846
172.34,0.6778846
172.36,0.6778846
172.38,0.6778846
172.4,0.6778846
172.42,0.6778846
172.44,0.6778846
172.46,0.6778846
172.48,0.6778846
172.5,0.6778846
172.52,0.6778846
172.54,0.6778846
172.56,0.6778846
172.58,0.6778846
172.6001,0.6778846
172.6201,0.6778846
172.6401,0.6778846
172.6601,0.6778846
172.6801,0.6778846
172.7001,0.6778846
172.7201,0.6778846
172.7401,0.6778846
172.7601,0.6778846
172.7801,0.6778846
172.8001,0.6778846
172.8201,0.6778846
172.8401,0.6778846
172.8601,0.6778846
172.8801,0.6778846
172.9001,0.6778846
172.9201,0.6778846
172.9401,0.6778846
172.9601,0.6778846
172.9801,0.6778846
173.0001,0.6778846
173.0201,0.6778846
173.0401,0.6778846
173.0602,0.6778846
173.0802,0.6778846
173.1002,0.6778846
173.1202,0.6778846
173.1402,0.6778846
173.1602,0.6778846
173.1802,0.6778846
173.2002,0.6778846
173.2202,0.6778846
173.2402,0.6778846
173.2602,0.6778846
173.2802,0.6778846
173.3002,0.6778846
173.3202,0.6778846
173.3402,0.6778846
173.3602,0.6778846
173.3802,0.6778846
173.4002,0.6778846
173.4202,0.6778846
173.4402,0.6778846
173.4602,0.6778846
173.4802,0.6778846
173.5002,0.6778846
173.5202,0.6778846
173.5403,0.6778846
173.5603,0.6778846
173.5803,0.6778846
173.6003,0.6778846
173.6203,0.6778846
173.6403,0.6778846
173.6603,0.6778846
173.6803,0.6778846
173.7003,0.6778846
173.7203,0.6778846
173.7403,0.6778846
173.7603,0.6778846
173.7803,0.6778846
173.8003,0.6778846
173.8203,0.6778846
173.8403,0.6778846
173.8603,0.6778846
173.8803,0.6778846
173.9003,0.6778846
173.9203,0.6778846
173.9403,0.6778846
173.9603,0.6778846
173.9803,0.6778846
174.0004,0.6778846
174.0204,0.6778846
174.0404,0.6778846
174.0604,0.6778846
174.0804,0.6778846
174.1004,0.6778846
174.1204,0.6778846
174.1404,0.6778846
174.1604,0.6778846
174.1804,0.6778846
174.2004,0.6778846
174.2204,0.6778846
174.2404,0.6778846
174.2604,0.6778846
174.2804,0.6778846
174.3004,0.6778846
174.3204,0.6778846
174.3404,0.6778846
174.3604,0.6778846
174.3804,0.6778846
174.4004,0.6778846
174.4204,0.6778846
174.4404,0.6778846
174.4604,0.6778846
174.4805,0.6778846
174.5005,0.6778846
174.5205,0.6778846
174.5405,0.6778846
174.5605,0.6778846
174.5805,0.6778846
174.6005,0.6778846
174.6205,0.6778846
174.6405,0.6778846
174.6605,0.6778846
174.6805,0.6778846
174.7005,0.6778846
174.7205,0.6778846
174.7405,0.6778846
174.7605,0.6778846
174.7805,0.6778846
174.8005,0.6778846
174.8205,0.6778846
174.8405,0.6778846
174.8605,0.6778846
174.8805,0.6778846
174.9005,0.6778846
174.9205,0.6778846
174.9406,0.6778846
174.9606,0.6778846
174.9806,0.6778846
175.0006,0.6778846
175.0206,0.6778846
175.0406,0.6778846
175.0606,0.6778846
175.0806,0.6778846
175.1006,0.6778846
175.1206,0.6778846
175.1406,0.6778846
175.1606,0.6778846
175.1806,0.6778846
175.2006,0.6778846
175.2206,0.6778846
175.2406,0.6778846
175.2606,0.6778846
175.2806,0.6778846
175.3006,0.6778846
175.3206,0.6778846
175.3406,0.6778846
175.3606,0.6778846
175.3806,0.6778846
175.4007,0.6778846
175.4207,0.6778846
175.4407,0.6778846
175.4607,0.6778846
175.4807,0.6778846
175.5007,0.6778846
175.5207,0.6778846
175.5407,0.6778846
175.5607,0.6778846
175.5807,0.6778846
175.6007,0.6778846
175.6207,0.6778846
175.6407,0.6778846
175.6607,0.6778846
175.6807,0.6778846
175.7007,0.6778846
175.7207,0.6778846
175.7407,0.6778846
175.7607,0.6778846
175.7807,0.6778846
175.8007,0.6778846
175.8207,0.6778846
175.8407,0.6778846
175.8607,0.6778846
175.8808,0.6778846
175.9008,0.6778846
175.9208,0.6778846
175.9408,0.6778846
175.9608,0.6778846
175.9808,0.6778846
176.0008,0.6778846
176.0208,0.6778846
176.0408,0.6778846
176.0608,0.6778846
176.0808,0.6778846
176.1008,0.6778846
176.1208,0.6778846
176.1408,0.6778846
176.1608,0.6778846
176.1808,0.6778846
176.2008,0.6778846
176.2208,0.6778846
176.2408,0.6778846
176.2608,0.6778846
176.2808,0.6778846
176.3008,0.6778846
176.3208,0.6778846
176.3409,0.6778846
176.3609,0.6778846
176.3809,0.6778846
176.4009,0.6778846
176.4209,0.6778846
176.4409,0.6778846
176.4609,0.6778846
176.4809,0.6778846
176.5009,0.6778846
176.5209,0.6778846
176.5409,0.6778846
176.5609,0.6778846
176.5809,0.6778846
176.6009,0.6778846
176.6209,0.6778846
176.6409,0.6778846
176.6609,0.6778846
176.6809,0.6778846
176.7009,0.6778846
176.7209,0.6778846
176.7409,0.6778846
176.7609,0.6778846
176.7809,0.6778846
176.8009,0.6778846
176.821,0.6778846
176.841,0.6778846
176.861,0.6778846
176.881,0.6778846
176.901,0.6778846
176.921,0.6778846
176.941,0.6778846
176.961,0.6778846
176.981,0.6778846
177.001,0.6778846
177.021,0.6778846
177.041,0.6778846
177.061,0.6778846
177.081,0.6778846
177.101,0.6778846
177.121,0.6778846
177.141,0.6778846
177.161,0.6778846
177.181,0.6778846
177.201,0.6778846
177.221,0.6778846
177.241,0.6778846
177.261,0.6778846
177.2811,0.6778846
177.3011,0.6778846
177.3211,0.6778846
177.3411,0.6778846
177.3611,0.6778846
177.3811,0.6778846
177.4011,0.6778846
177.4211,0.6778846
177.4411,0.6778846
177.4611,0.6778846
177.4811,0.6778846
177.5011,0.6778846
177.5211,0.6778846
177.5411,0.6778846
177.5611,0.6778846
177.5811,0.6778846
177.6011,0.6778846
177.6211,0.6778846
177.6411,0.6778846
177.6611,0.6778846
177.6811,0.6778846
177.7011,0.6778846
177.7211,0.6778846
177.7411,0.6778846
177.7612,0.6778846
177.7812,0.6778846
177.8012,0.6778846
177.8212,0.6778846
177.8412,0.6778846
177.8612,0.6778846
177.8812,0.6778846
177.9012,0.6778846
177.9212,0.6778846
177.9412,0.6778846
177.9612,0.6778846
177.9812,0.6778846
178.0012,0.6778846
178.0212,0.6778846
178.0412,0.6778846
178.0612,0.6778846
178.0812,0.6778846
178.1012,0.6778846
178.1212,0.6778846
178.1412,0.6778846
178.1612,0.6778846
178.1812,0.6778846
178.2012,0.6778846
178.2213,0.6778846
178.2413,0.6778846
178.2613,0.6778846
178.2813,0.6778846
178.3013,0.6778846
178.3213,0.6778846
178.3413,0.6778846
178.3613,0.6778846
178.3813,0.6778846
178.4013,0.6778846
178.4213,0.6778846
178.4413,0.6778846
178.4613,0.6778846
178.4813,0.6778846
178.5013,0.6778846
178.5213,0.6778846
178.5413,0.6778846
178.5613,0.6778846
178.5813,0.6778846
178.6013,0.6778846
178.6213,0.6778846
178.6413,0.6778846
178.6613,0.6778846
178.6814,0.6778846
178.7014,0.6778846
178.7214,0.6778846
178.7414,0.6778846
178.7614,0.6778846
178.7814,0.6778846
178.8014,0.6778846
178.8214,0.6778846
178.8414,0.6778846
178.8614,0.6778846
178.8814,0.6778846
178.9014,0.6778846
178.9214,0.6778846
178.9414,0.6778846
178.9614,0.6778846
178.9814,0.6778846
179.0014,0.6778846
179.0214,0.6778846
179.0414,0.6778846
179.0614,0.6778846
179.0814,0.6778846
179.1014,0.6778846
179.1214,0.6778846
179.1414,0.6778846
179.1615,0.6778846
179.1815,0.6778846
179.2015,0.6778846
179.2215,0.6778846
179.2415,0.6778846
179.2615,0.6778846
179.2815,0.6778846
179.3015,0.6778846
179.3215,0.6778846
179.3415,0.6778846
179.3615,0.6778846
179.3815,0.6778846
179.4015,0.6778846
179.4215,0.6778846
179.4415,0.6778846
179.4615,0.6778846
179.4815,0.6778846
179.5015,0.6778846
179.5215,0.6778846
179.5415,0.6778846
179.5615,0.6778846
179.5815,0.6778846
179.6015,0.6778846
179.6216,0.6778846
179.6416,0.6778846
179.6616,0.6778846
179.6816,0.6778846
179.7016,0.6778846
179.7216,0.6778846
179.7416,0.6778846
179.7616,0.6778846
179.7816,0.6778846
179.8016,0.6778846
179.8216,0.6778846
179.8416,0.6778846
179.8616,0.6778846
179.8816,0.6778846
179.9016,0.6778846
179.9216,0.6778846
179.9416,0.6778846
179.9616,0.6778846
179.9816,0.6778846
180.0016,0.6778846
180.0216,0.6778846
180.0416,0.6778846
180.0616,0.6778846
180.0816,0.6778846
180.1017,0.6778846
180.1217,0.6778846
180.1417,0.6778846
180.1617,0.6778846
180.1817,0.6778846
180.2017,0.6778846
180.2217,0.6778846
180.2417,0.6778846
180.2617,0.6778846
180.2817,0.6778846
180.3017,0.6778846
180.3217,0.6778846
180.3417,0.6778846
180.3617,0.6778846
180.3817,0.6778846
180.4017,0.6778846
180.4217,0.6778846
180.4417,0.6778846
180.4617,0.6778846
180.4817,0.6778846
180.5017,0.6778846
180.5217,0.6778846
180.5417,0.6778846
180.5618,0.6778846
180.5818,0.6778846
180.6018,0.6778846
180.6218,0.6778846
180.6418,0.6778846
180.6618,0.6778846
180.6818,0.6778846
180.7018,0.6778846
180.7218,0.6778846
180.7418,0.6778846
180.7618,0.6778846
180.7818,0.6778846
180.8018,0.6778846
180.8218,0.6778846
180.8418,0.6778846
180.8618,0.6778846
180.8818,0.6778846
180.9018,0.6778846
180.9218,0.6778846
180.9418,0.6778846
180.9618,0.6778846
180.9818,0.6778846
181.0018,0.6778846
181.0219,0.6778846
181.0419,0.6778846
181.0619,0.6778846
181.0819,0.6778846
181.1019,0.6778846
181.1219,0.6778846
181.1419,0.6778846
181.1619,0.6778846
181.1819,0.6778846
181.2019,0.6778846
181.2219,0.6778846
181.2419,0.6778846
181.2619,0.6778846
181.2819,0.6778846
181.3019,0.6778846
181.3219,0.6778846
181.3419,0.6778846
181.3619,0.6778846
181.3819,0.6778846
181.4019,0.6778846
181.4219,0.6778846
181.4419,0.6778846
181.4619,0.6778846
181.4819,0.6778846
181.502,0.6778846
181.522,0.6778846
181.542,0.6778846
181.562,0.6778846
181.582,0.6778846
181.602,0.6778846
181.622,0.6778846
181.642,0.6778846
181.662,0.6778846
181.682,0.6778846
181.702,0.6778846
181.722,0.6778846
181.742,0.6778846
181.762,0.6778846
181.782,0.6778846
181.802,0.6778846
181.822,0.6778846
181.842,0.6778846
181.862,0.6778846
181.882,0.6778846
181.902,0.6778846
181.922,0.6778846
181.942,0.6778846
181.9621,0.6778846
181.9821,0.6778846
182.0021,0.6778846
182.0221,0.6778846
182.0421,0.6778846
182.0621,0.6778846
182.0821,0.6778846
182.1021,0.6778846
182.1221,0.6778846
182.1421,0.6778846
182.1621,0.6778846
182.1821,0.6778846
182.2021,0.6778846
182.2221,0.6778846
182.2421,0.6778846
182.2621,0.6778846
182.2821,0.6778846
182.3021,0.6778846
182.3221,0.6778846
182.3421,0.6778846
182.3621,0.6778846
182.3821,0.6778846
182.4021,0.6778846
182.4221,0.6778846
182.4422,0.6778846
182.4622,0.6778846
182.4822,0.6778846
182.5022,0.6778846
182.5222,0.6778846
182.5422,0.6778846
182.5622,0.6778846
182.5822,0.6778846
182.6022,0.6778846
182.6222,0.6778846
182.6422,0.6778846
182.6622,0.6778846
182.6822,0.6778846
182.7022,0.6778846
182.7222,0.6778846
182.7422,0.6778846
182.7622,0.6778846
182.7822,0.6778846
182.8022,0.6778846
182.8222,0.6778846
182.8422,0.6778846
182.8622,0.6778846
182.8822,0.6778846
182.9023,0.6778846
182.9223,0.6778846
182.9423,0.6778846
182.9623,0.6778846
182.9823,0.6778846
183.0023,0.6778846
183.0223,0.6778846
183.0423,0.6778846
183.0623,0.6778846
183.0823,0.6778846
183.1023,0.6778846
183.1223,0.6778846
183.1423,0.6778846
183.1623,0.6778846
183.1823,0.6778846
183.2023,0.6778846
183.2223,0.6778846
183.2423,0.6778846
183.2623,0.6778846
183.2823,0.6778846
183.3023,0.6778846
183.3223,0.6778846
183.3423,0.6778846
183.3624,0.6778846
183.3824,0.6778846
183.4024,0.6778846
183.4224,0.6778846
183.4424,0.6778846
183.4624,0.6778846
183.4824,0.6778846
183.5024,0.6778846
183.5224,0.6778846
183.5424,0.6778846
183.5624,0.6778846
183.5824,0.6778846
183.6024,0.6778846
183.6224,0.6778846
183.6424,0.6778846
183.6624,0.6778846
183.6824,0.6778846
183.7024,0.6778846
183.7224,0.6778846
183.7424,0.6778846
183.7624,0.6778846
183.7824,0.6778846
183.8024,0.6778846
183.8224,0.6778846
183.8425,0.6778846
183.8625,0.6778846
183.8825,0.6778846
183.9025,0.6778846
183.9225,0.6778846
183.9425,0.6778846
183.9625,0.6778846
183.9825,0.6778846
184.0025,0.6826923
184.0225,0.6826923
184.0425,0.6826923
184.0625,0.6826923
184.0825,0.6826923
184.1025,0.6826923
184.1225,0.6826923
184.1425,0.6826923
184.1625,0.6826923
184.1825,0.6826923
184.2025,0.6826923
184.2225,0.6826923
184.2425,0.6826923
184.2625,0.6826923
184.2825,0.6826923
184.3026,0.6826923
184.3226,0.6826923
184.3426,0.6826923
184.3626,0.6826923
184.3826,0.6826923
184.4026,0.6826923
184.4226,0.6826923
184.4426,0.6826923
184.4626,0.6826923
184.4826,0.6826923
184.5026,0.6826923
184.5226,0.6826923
184.5426,0.6826923
184.5626,0.6826923
184.5826,0.6826923
184.6026,0.6826923
184.6226,0.6826923
184.6426,0.6826923
184.6626,0.6826923
184.6826,0.6826923
184.7026,0.6826923
184.7226,0.6826923
184.7426,0.6826923
184.7626,0.6826923
184.7827,0.6826923
184.8027,0.6826923
184.8227,0.6826923
184.8427,0.6826923
184.8627,0.6826923
184.8827,0.6826923
184.9027,0.6826923
184.9227,0.6826923
184.9427,0.6826923
184.9627,0.6826923
184.9827,0.6826923
185.0027,0.6826923
185.0227,0.6826923
185.0427,0.6826923
185.0627,0.6826923
185.0827,0.6826923
185.1027,0.6826923
185.1227,0.6826923
185.1427,0.6826923
185.1627,0.6826923
185.1827,0.6826923
185.2027,0.6826923
185.2227,0.6826923
185.2428,0.6826923
185.2628,0.6826923
185.2828,0.6826923
185.3028,0.6826923
185.3228,0.6826923
185.3428,0.6826923
185.3628,0.6826923
185.3828,0.6826923
185.4028,0.6826923
185.4228,0.6826923
185.4428,0.6826923
185.4628,0.6826923
185.4828,0.6826923
185.5028,0.6826923
185.5228,0.6826923
185.5428,0.6826923
185.5628,0.6826923
185.5828,0.6826923
185.6028,0.6826923
185.6228,0.6826923
185.6428,0.6826923
185.6628,0.6826923
185.6828,0.6826923
185.7029,0.6826923
185.7229,0.6826923
185.7429,0.6826923
185.7629,0.6826923
185.7829,0.6826923
185.8029,0.6826923
185.8229,0.6826923
185.8429,0.6826923
185.8629,0.6826923
185.8829,0.6826923
185.9029,0.6826923
185.9229,0.6826923
185.9429,0.6826923
185.9629,0.6826923
185.9829,0.6826923
186.0029,0.6826923
186.0229,0.6826923
186.0429,0.6826923
186.0629,0.6826923
186.0829,0.6826923
186.1029,0.6826923
186.1229,0.6826923
186.1429,0.6826923
186.1629,0.6826923
186.183,0.6826923
186.203,0.6826923
186.223,0.6826923
186.243,0.6826923
186.263,0.6826923
186.283,0.6826923
186.303,0.6826923
186.323,0.6826923
186.343,0.6826923
186.363,0.6826923
186.383,0.6826923
186.403,0.6826923
186.423,0.6826923
186.443,0.6826923
186.463,0.6826923
186.483,0.6826923
186.503,0.6826923
186.523,0.6826923
186.543,0.6826923
186.563,0.6826923
186.583,0.6826923
186.603,0.6826923
186.623,0.6826923
186.6431,0.6826923
186.6631,0.6826923
186.6831,0.6826923
186.7031,0.6826923
186.7231,0.6826923
186.7431,0.6826923
186.7631,0.6826923
186.7831,0.6826923
186.8031,0.6826923
186.8231,0.6826923
186.8431,0.6826923
186.8631,0.6826923
186.8831,0.6826923
186.9031,0.6826923
186.9231,0.6826923
186.9431,0.6826923
186.9631,0.6826923
186.9831,0.6826923
187.0031,0.6826923
187.0231,0.6826923
187.0431,0.6826923
187.0631,0.6826923
187.0831,0.6826923
187.1031,0.6826923
187.1232,0.6826923
187.1432,0.6826923
187.1632,0.6826923
187.1832,0.6826923
187.2032,0.6826923
187.2232,0.6826923
187.2432,0.6826923
187.2632,0.6826923
187.2832,0.6826923
187.3032,0.6826923
187.3232,0.6826923
187.3432,0.6826923
187.3632,0.6826923
187.3832,0.6826923
187.4032,0.6826923
187.4232,0.6826923
187.4432,0.6826923
187.4632,0.6826923
187.4832,0.6826923
187.5032,0.6826923
187.5232,0.6826923
187.5432,0.6826923
187.5632,0.6826923
187.5833,0.6826923
187.6033,0.6826923
187.6233,0.6826923
187.6433,0.6826923
187.6633,0.6826923
187.6833,0.6826923
187.7033,0.6826923
187.7233,0.6826923
187.7433,0.6826923
187.7633,0.6826923
187.7833,0.6826923
187.8033,0.6826923
187.8233,0.6826923
187.8433,0.6826923
187.8633,0.6826923
187.8833,0.6826923
187.9033,0.6826923
187.9233,0.6826923
187.9433,0.6826923
187.9633,0.6826923
187.9833,0.6826923
188.0033,0.6826923
188.0233,0.6826923
188.0434,0.6826923
188.0634,0.6826923
188.0834,0.6826923
188.1034,0.6826923
188.1234,0.6826923
188.1434,0.6826923
188.1634,0.6826923
188.1834,0.6826923
188.2034,0.6826923
188.2234,0.6826923
188.2434,0.6826923
188.2634,0.6826923
188.2834,0.6826923
188.3034,0.6826923
188.3234,0.6826923
188.3434,0.6826923
188.3634,0.6826923
188.3834,0.6826923
188.4034,0.6826923
188.4234,0.6826923
188.4434,0.6826923
188.4634,0.6826923
188.4834,0.6826923
188.5034,0.6826923
188.5235,0.6826923
188.5435,0.6826923
188.5635,0.6826923
188.5835,0.6826923
188.6035,0.6826923
188.6235,0.6826923
188.6435,0.6826923
188.6635,0.6826923
188.6835,0.6826923
188.7035,0.6826923
188.7235,0.6826923
188.7435,0.6826923
188.7635,0.6826923
188.7835,0.6826923
188.8035,0.6826923
188.8235,0.6826923
188.8435,0.6826923
188.8635,0.6826923
188.8835,0.6826923
188.9035,0.6826923
188.9235,0.6826923
188.9435,0.6826923
188.9635,0.6826923
188.9836,0.6826923
189.0036,0.6826923
189.0236,0.6826923
189.0436,0.6826923
189.0636,0.6826923
189.0836,0.6826923
189.1036,0.6826923
189.1236,0.6826923
189.1436,0.6826923
189.1636,0.6826923
189.1836,0.6826923
189.2036,0.6826923
189.2236,0.6826923
189.2436,0.6826923
189.2636,0.6826923
189.2836,0.6826923
189.3036,0.6826923
189.3236,0.6826923
189.3436,0.6826923
189.3636,0.6826923
189.3836,0.6826923
189.4036,0.6826923
189.4236,0.6826923
189.4436,0.6826923
189.4637,0.6826923
189.4837,0.6826923
189.5037,0.6826923
189.5237,0.6826923
189.5437,0.6826923
189.5637,0.6826923
189.5837,0.6826923
189.6037,0.6826923
189.6237,0.6826923
189.6437,0.6826923
189.6637,0.6826923
189.6837,0.6826923
189.7037,0.6826923
189.7237,0.6826923
189.7437,0.6826923
189.7637,0.6826923
189.7837,0.6826923
189.8037,0.6826923
189.8237,0.6826923
189.8437,0.6826923
189.8637,0.6826923
189.8837,0.6826923
189.9037,0.6826923
189.9238,0.6826923
189.9438,0.6826923
189.9638,0.6826923
189.9838,0.6826923
190.0038,0.6826923
190.0238,0.6826923
190.0438,0.6826923
190.0638,0.6826923
190.0838,0.6826923
190.1038,0.6826923
190.1238,0.6826923
190.1438,0.6826923
190.1638,0.6826923
190.1838,0.6826923
190.2038,0.6826923
190.2238,0.6826923
190.2438,0.6826923
190.2638,0.6826923
190.2838,0.6826923
190.3038,0.6826923
190.3238,0.6826923
190.3438,0.6826923
190.3638,0.6826923
190.3839,0.6826923
190.4039,0.6826923
190.4239,0.6826923
190.4439,0.6826923
190.4639,0.6826923
190.4839,0.6826923
190.5039,0.6826923
190.5239,0.6826923
190.5439,0.6826923
190.5639,0.6826923
190.5839,0.6826923
190.6039,0.6826923
190.6239,0.6826923
190.6439,0.6826923
190.6639,0.6826923
190.6839,0.6826923
190.7039,0.6826923
190.7239,0.6826923
190.7439,0.6826923
190.7639,0.6826923
190.7839,0.6826923
190.8039,0.6826923
190.8239,0.6826923
190.8439,0.6826923
190.864,0.6826923
190.884,0.6826923
190.904,0.6826923
190.924,0.6826923
190.944,0.6826923
190.964,0.6826923
190.984,0.6826923
191.004,0.6826923
191.024,0.6826923
191.044,0.6826923
191.064,0.6826923
191.084,0.6826923
191.104,0.6826923
191.124,0.6826923
191.144,0.6826923
191.164,0.6826923
191.184,0.6826923
191.204,0.6826923
191.224,0.6826923
191.244,0.6826923
191.264,0.6826923
191.284,0.6826923
191.304,0.6826923
191.3241,0.6826923
191.3441,0.6826923
191.3641,0.6826923
191.3841,0.6826923
191.4041,0.6826923
191.4241,0.6826923
191.4441,0.6826923
191.4641,0.6826923
191.4841,0.6826923
191.5041,0.6826923
191.5241,0.6826923
191.5441,0.6826923
191.5641,0.6826923
191.5841,0.6826923
191.6041,0.6826923
191.6241,0.6826923
191.6441,0.6826923
191.6641,0.6826923
191.6841,0.6826923
191.7041,0.6826923
191.7241,0.6826923
191.7441,0.6826923
191.7641,0.6826923
191.7841,0.6826923
191.8042,0.6826923
191.8242,0.6826923
191.8442,0.6826923
191.8642,0.6826923
191.8842,0.6826923
191.9042,0.6826923
191.9242,0.6826923
191.9442,0.6826923
191.9642,0.6826923
191.9842,0.6826923
192.0042,0.6826923
192.0242,0.6826923
192.0442,0.6826923
192.0642,0.6826923
192.0842,0.6826923
192.1042,0.6826923
192.1242,0.6826923
192.1442,0.6826923
192.1642,0.6826923
192.1842,0.6826923
192.2042,0.6826923
192.2242,0.6826923
192.2442,0.6826923
192.2643,0.6826923
192.2843,0.6826923
192.3043,0.6826923
192.3243,0.6826923
192.3443,0.6826923
192.3643,0.6826923
192.3843,0.6826923
192.4043,0.6826923
192.4243,0.6826923
192.4443,0.6826923
192.4643,0.6826923
192.4843,0.6826923
192.5043,0.6826923
192.5243,0.6826923
192.5443,0.6826923
192.5643,0.6826923
192.5843,0.6826923
192.6043,0.6826923
192.6243,0.6826923
192.6443,0.6826923
192.6643,0.6826923
192.6843,0.6826923
192.7043,0.6826923
192.7243,0.6826923
192.7444,0.6826923
192.7644,0.6826923
192.7844,0.6826923
192.8044,0.6826923
192.8244,0.6826923
192.8444,0.6826923
192.8644,0.6826923
192.8844,0.6826923
192.9044,0.6826923
192.9244,0.6826923
192.9444,0.6826923
192.9644,0.6826923
192.9844,0.6826923
193.0044,0.6826923
193.0244,0.6826923
193.0444,0.6826923
193.0644,0.6826923
193.0844,0.6826923
193.1044,0.6826923
193.1244,0.6826923
193.1444,0.6826923
193.1644,0.6826923
193.1844,0.6826923
193.2045,0.6826923
193.2245,0.6826923
193.2445,0.6826923
193.2645,0.6826923
193.2845,0.6826923
193.3045,0.6826923
193.3245,0.6826923
193.3445,0.6826923
193.3645,0.6826923
193.3845,0.6826923
193.4045,0.6826923
193.4245,0.6826923
193.4445,0.6826923
193.4645,0.6826923
193.4845,0.6826923
193.5045,0.6826923
193.5245,0.6826923
193.5445,0.6826923
193.5645,0.6826923
193.5845,0.6826923
193.6045,0.6826923
193.6245,0.6826923
193.6445,0.6826923
193.6646,0.6826923
193.6846,0.6826923
193.7046,0.6826923
193.7246,0.6826923
193.7446,0.6826923
193.7646,0.6826923
193.7846,0.6826923
193.8046,0.6826923
193.8246,0.6826923
193.8446,0.6826923
193.8646,0.6826923
193.8846,0.6826923
193.9046,0.6826923
193.9246,0.6826923
193.9446,0.6826923
193.9646,0.6826923
193.9846,0.6826923
194.0046,0.6826923
194.0246,0.6826923
194.0446,0.6826923
194.0646,0.6826923
194.0846,0.6826923
194.1046,0.6826923
194.1246,0.6826923
194.1447,0.6826923
194.1647,0.6826923
194.1847,0.6826923
194.2047,0.6826923
194.2247,0.6826923
194.2447,0.6826923
194.2647,0.6826923
194.2847,0.6826923
194.3047,0.6826923
194.3247,0.6826923
194.3447,0.6826923
194.3647,0.6826923
194.3847,0.6826923
194.4047,0.6826923
194.4247,0.6826923
194.4447,0.6826923
194.4647,0.6826923
194.4847,0.6826923
194.5047,0.6826923
194.5247,0.6826923
194.5447,0.6826923
194.5647,0.6826923
194.5847,0.6826923
194.6048,0.6826923
194.6248,0.6826923
194.6448,0.6826923
194.6648,0.6826923
194.6848,0.6826923
194.7048,0.6826923
194.7248,0.6826923
194.7448,0.6826923
194.7648,0.6826923
194.7848,0.6826923
194.8048,0.6826923
194.8248,0.6826923
194.8448,0.6826923
194.8648,0.6826923
194.8848,0.6826923
194.9048,0.6826923
194.9248,0.6826923
194.9448,0.6826923
194.9648,0.6826923
194.9848,0.6826923
195.0048,0.6826923
195.0248,0.6826923
195.0448,0.6826923
195.0648,0.6826923
195.0849,0.6826923
195.1049,0.6826923
195.1249,0.6826923
195.1449,0.6826923
195.1649,0.6826923
195.1849,0.6826923
195.2049,0.6826923
195.2249,0.6826923
195.2449,0.6826923
195.2649,0.6826923
195.2849,0.6826923
195.3049,0.6826923
195.3249,0.6826923
195.3449,0.6826923
195.3649,0.6826923
195.3849,0.6826923
195.4049,0.6826923
195.4249,0.6826923
195.4449,0.6826923
195.4649,0.6826923
195.4849,0.6826923
195.5049,0.6826923
195.5249,0.6826923
195.545,0.6826923
195.565,0.6826923
195.585,0.6826923
195.605,0.6826923
195.625,0.6826923
195.645,0.6826923
195.665,0.6826923
195.685,0.6826923
195.705,0.6826923
195.725,0.6826923
195.745,0.6826923
195.765,0.6826923
195.785,0.6826923
195.805,0.6826923
195.825,0.6826923
195.845,0.6826923
195.865,0.6826923
195.885,0.6826923
195.905,0.6826923
195.925,0.6826923
195.945,0.6826923
195.965,0.6826923
195.985,0.6826923
196.0051,0.6826923
196.0251,0.6826923
196.0451,0.6826923
196.0651,0.6826923
196.0851,0.6826923
196.1051,0.6826923
196.1251,0.6826923
196.1451,0.6826923
196.1651,0.6826923
196.1851,0.6826923
196.2051,0.6826923
196.2251,0.6826923
196.2451,0.6826923
196.2651,0.6826923
196.2851,0.6826923
196.3051,0.6826923
196.3251,0.6826923
196.3451,0.6826923
196.3651,0.6826923
196.3851,0.6826923
196.4051,0.6826923
196.4251,0.6826923
196.4451,0.6826923
196.4651,0.6826923
196.4852,0.6826923
196.5052,0.6826923
196.5252,0.6826923
196.5452,0.6826923
196.5652,0.6826923
196.5852,0.6826923
196.6052,0.6826923
196.6252,0.6826923
196.6452,0.6826923
196.6652,0.6826923
196.6852,0.6826923
196.7052,0.6826923
196.7252,0.6826923
196.7452,0.6826923
196.7652,0.6826923
196.7852,0.6826923
196.8052,0.6826923
196.8252,0.6826923
196.8452,0.6826923
196.8652,0.6826923
196.8852,0.6826923
196.9052,0.6826923
196.9252,0.6826923
196.9453,0.6826923
196.9653,0.6826923
196.9853,0.6826923
197.0053,0.6826923
197.0253,0.6826923
197.0453,0.6826923
197.0653,0.6826923
197.0853,0.6826923
197.1053,0.6826923
197.1253,0.6826923
197.1453,0.6826923
197.1653,0.6826923
197.1853,0.6826923
197.2053,0.6826923
197.2253,0.6826923
197.2453,0.6826923
197.2653,0.6826923
197.2853,0.6826923
197.3053,0.6826923
197.3253,0.6826923
197.3453,0.6826923
197.3653,0.6826923
197.3853,0.6826923
197.4053,0.6826923
197.4254,0.6826923
197.4454,0.6826923
197.4654,0.6826923
197.4854,0.6826923
197.5054,0.6826923
197.5254,0.6826923
197.5454,0.6826923
197.5654,0.6826923
197.5854,0.6826923
197.6054,0.6826923
197.6254,0.6826923
197.6454,0.6826923
197.6654,0.6826923
197.6854,0.6826923
197.7054,0.6826923
197.7254,0.6826923
197.7454,0.6826923
197.7654,0.6826923
197.7854,0.6826923
197.8054,0.6826923
197.8254,0.6826923
197.8454,0.6826923
197.8654,0.6826923
197.8855,0.6826923
197.9055,0.6826923
197.9255,0.6826923
197.9455,0.6826923
197.9655,0.6826923
197.9855,0.6826923
198.0055,0.6826923
198.0255,0.6826923
198.0455,0.6826923
198.0655,0.6826923
198.0855,0.6826923
198.1055,0.6826923
198.1255,0.6826923
198.1455,0.6826923
198.1655,0.6826923
198.1855,0.6826923
198.2055,0.6826923
198.2255,0.6826923
198.2455,0.6826923
198.2655,0.6826923
198.2855,0.6826923
198.3055,0.6826923
198.3255,0.6826923
198.3456,0.6826923
198.3656,0.6826923
198.3856,0.6826923
198.4056,0.6826923
198.4256,0.6826923
198.4456,0.6826923
198.4656,0.6826923
198.4856,0.6826923
198.5056,0.6826923
198.5256,0.6826923
198.5456,0.6826923
198.5656,0.6826923
198.5856,0.6826923
198.6056,0.6826923
198.6256,0.6826923
198.6456,0.6826923
198.6656,0.6826923
198.6856,0.6826923
198.7056,0.6826923
198.7256,0.6826923
198.7456,0.6826923
198.7656,0.6826923
198.7856,0.6826923
198.8056,0.6826923
198.8257,0.6826923
198.8457,0.6826923
198.8657,0.6826923
198.8857,0.6826923
198.9057,0.6826923
198.9257,0.6826923
198.9457,0.6826923
198.9657,0.6826923
198.9857,0.6826923
199.0057,0.6826923
199.0257,0.6826923
199.0457,0.6826923
199.0657,0.6826923
199.0857,0.6826923
199.1057,0.6826923
199.1257,0.6826923
199.1457,0.6826923
199.1657,0.6826923
199.1857,0.6826923
199.2057,0.6826923
199.2257,0.6826923
199.2457,0.6826923
199.2657,0.6826923
199.2858,0.6826923
199.3058,0.6826923
199.3258,0.6826923
199.3458,0.6826923
199.3658,0.6826923
199.3858,0.6826923
199.4058,0.6826923
199.4258,0.6826923
199.4458,0.6826923
199.4658,0.6826923
199.4858,0.6923077
199.5058,0.6923077
199.5258,0.6923077
199.5458,0.6923077
199.5658,0.6923077
199.5858,0.6923077
199.6058,0.6923077
199.6258,0.6923077
199.6458,0.6923077
199.6658,0.6923077
199.6858,0.6923077
199.7058,0.6923077
199.7258,0.6923077
199.7458,0.6923077
199.7659,0.6923077
199.7859,0.6923077
199.8059,0.6923077
199.8259,0.6923077
199.8459,0.6923077
199.8659,0.6923077
199.8859,0.6923077
199.9059,0.6923077
199.9259,0.6923077
199.9459,0.6923077
199.9659,0.6923077
199.9859,0.6923077
200.0059,0.6923077
200.0259,0.6923077
200.0459,0.6923077
200.0659,0.6923077
200.0859,0.6923077
200.1059,0.6923077
200.1259,0.6923077
200.1459,0.6923077
200.1659,0.6923077
200.1859,0.6923077
200.2059,0.6923077
200.226,0.6923077
200.246,0.6923077
200.266,0.6923077
200.286,0.6923077
200.306,0.6923077
200.326,0.6923077
200.346,0.6923077
200.366,0.6923077
200.386,0.6923077
200.406,0.6923077
200.426,0.6923077
200.446,0.6923077
200.466,0.6923077
200.486,0.6923077
200.506,0.6923077
200.526,0.6923077
200.546,0.6923077
200.566,0.6923077
200.586,0.6923077
200.606,0.6923077
200.626,0.6923077
200.646,0.6923077
200.666,0.6923077
200.6861,0.6923077
200.7061,0.6923077
200.7261,0.6923077
200.7461,0.6923077
200.7661,0.6923077
200.7861,0.6923077
200.8061,0.6923077
200.8261,0.6923077
200.8461,0.6923077
200.8661,0.6923077
200.8861,0.6923077
200.9061,0.6923077
200.9261,0.6923077
200.9461,0.6923077
200.9661,0.6923077
200.9861,0.6923077
201.0061,0.6923077
201.0261,0.6923077
201.0461,0.6923077
201.0661,0.6923077
201.0861,0.6923077
201.1061,0.6923077
201.1261,0.6923077
201.1461,0.6923077
201.1662,0.6923077
201.1862,0.6923077
201.2062,0.6923077
201.2262,0.6923077
201.2462,0.6923077
201.2662,0.6923077
201.2862,0.6923077
201.3062,0.6923077
201.3262,0.6923077
201.3462,0.6923077
201.3662,0.6923077
201.3862,0.6923077
201.4062,0.6923077
201.4262,0.6923077
201.4462,0.6923077
201.4662,0.6923077
201.4862,0.6923077
201.5062,0.6923077
201.5262,0.6923077
201.5462,0.6923077
201.5662,0.6923077
201.5862,0.6923077
201.6062,0.6923077
201.6263,0.6923077
201.6463,0.6923077
201.6663,0.6923077
201.6863,0.6923077
201.7063,0.6923077
201.7263,0.6923077
201.7463,0.6923077
201.7663,0.6923077
201.7863,0.6923077
201.8063,0.6923077
201.8263,0.6923077
201.8463,0.6923077
201.8663,0.6923077
201.8863,0.6923077
201.9063,0.6923077
201.9263,0.6923077
201.9463,0.6923077
201.9663,0.6923077
201.9863,0.6923077
202.0063,0.6923077
202.0263,0.6923077
202.0463,0.6923077
202.0663,0.6923077
202.0863,0.6923077
202.1064,0.6923077
202.1264,0.6923077
202.1464,0.6923077
202.1664,0.6923077
202.1864,0.6923077
202.2064,0.6923077
202.2264,0.6923077
202.2464,0.6923077
202.2664,0.6923077
202.2864,0.6923077
202.3064,0.6923077
202.3264,0.6923077
202.3464,0.6923077
202.3664,0.6923077
202.3864,0.6923077
202.4064,0.6923077
202.4264,0.6923077
202.4464,0.6923077
202.4664,0.6923077
202.4864,0.6923077
202.5064,0.6923077
202.5264,0.6923077
202.5464,0.6923077
202.5665,0.6923077
202.5865,0.6923077
202.6065,0.6923077
202.6265,0.6923077
202.6465,0.6923077
202.6665,0.6923077
202.6865,0.6923077
202.7065,0.6923077
202.7265,0.6923077
202.7465,0.6923077
202.7665,0.6923077
202.7865,0.6923077
202.8065,0.6923077
202.8265,0.6923077
202.8465,0.6923077
202.8665,0.6923077
202.8865,0.6923077
202.9065,0.6923077
202.9265,0.6923077
202.9465,0.6923077
202.9665,0.6923077
202.9865,0.6923077
203.0065,0.6923077
203.0266,0.6923077
203.0466,0.6923077
203.0666,0.6923077
203.0866,0.6923077
203.1066,0.6923077
203.1266,0.6923077
203.1466,0.6923077
203.1666,0.6923077
203.1866,0.6923077
203.2066,0.6923077
203.2266,0.6923077
203.2466,0.6923077
203.2666,0.6923077
203.2866,0.6923077
203.3066,0.6923077
203.3266,0.6923077
203.3466,0.6923077
203.3666,0.6923077
203.3866,0.6923077
203.4066,0.6923077
203.4266,0.6923077
203.4466,0.6923077
203.4666,0.6923077
203.4866,0.6923077
203.5067,0.6971154
203.5267,0.6971154
203.5467,0.6971154
203.5667,0.6971154
203.5867,0.6971154
203.6067,0.6971154
203.6267,0.6971154
203.6467,0.6971154
203.6667,0.6971154
203.6867,0.6971154
203.7067,0.6971154
203.7267,0.6971154
203.7467,0.6971154
203.7667,0.6971154
203.7867,0.6971154
203.8067,0.6971154
203.8267,0.6971154
203.8467,0.6971154
203.8667,0.6971154
203.8867,0.6971154
203.9067,0.6971154
203.9267,0.6971154
203.9467,0.6971154
203.9668,0.6971154
203.9868,0.6971154
204.0068,0.6971154
204.0268,0.6971154
204.0468,0.6971154
204.0668,0.6971154
204.0868,0.6971154
204.1068,0.6971154
204.1268,0.6971154
204.1468,0.6971154
204.1668,0.6971154
204.1868,0.6971154
204.2068,0.6971154
204.2268,0.6971154
204.2468,0.6971154
204.2668,0.6971154
204.2868,0.6971154
204.3068,0.6971154
204.3268,0.6971154
204.3468,0.6971154
204.3668,0.6971154
204.3868,0.6971154
204.4068,0.6971154
204.4268,0.6971154
204.4469,0.6971154
204.4669,0.6971154
204.4869,0.6971154
204.5069,0.6971154
204.5269,0.6971154
204.5469,0.6971154
204.5669,0.6971154
204.5869,0.6971154
204.6069,0.6971154
204.6269,0.6971154
204.6469,0.6971154
204.6669,0.6971154
204.6869,0.6971154
204.7069,0.6971154
204.7269,0.6971154
204.7469,0.6971154
204.7669,0.6971154
204.7869,0.6971154
204.8069,0.6971154
204.8269,0.6971154
204.8469,0.6971154
204.8669,0.6971154
204.8869,0.6971154
204.907,0.6971154
204.927,0.6971154
204.947,0.6971154
204.967,0.6971154
204.987,0.6971154
205.007,0.6971154
205.027,0.6971154
205.047,0.6971154
205.067,0.6971154
205.087,0.6971154
205.107,0.6971154
205.127,0.6971154
205.147,0.6971154
205.167,0.6971154
205.187,0.6971154
205.207,0.6971154
205.227,0.6971154
205.247,0.6971154
205.267,0.6971154
205.287,0.6971154
205.307,0.6971154
205.327,0.6971154
205.347,0.6971154
205.3671,0.6971154
205.3871,0.6971154
205.4071,0.6971154
205.4271,0.6971154
205.4471,0.6971154
205.4671,0.6971154
205.4871,0.6971154
205.5071,0.6971154
205.5271,0.6971154
205.5471,0.6971154
205.5671,0.6971154
205.5871,0.6971154
205.6071,0.6971154
205.6271,0.6971154
205.6471,0.6971154
205.6671,0.6971154
205.6871,0.6971154
205.7071,0.6971154
205.7271,0.6971154
205.7471,0.6971154
205.7671,0.6971154
205.7871,0.6971154
205.8071,0.6971154
205.8271,0.6971154
205.8472,0.6971154
205.8672,0.6971154
205.8872,0.6971154
205.9072,0.6971154
205.9272,0.6971154
205.9472,0.6971154
205.9672,0.6971154
205.9872,0.6971154
206.0072,0.6971154
206.0272,0.6971154
206.0472,0.6971154
206.0672,0.6971154
206.0872,0.6971154
206.1072,0.6971154
206.1272,0.6971154
206.1472,0.6971154
206.1672,0.6971154
206.1872,0.6971154
206.2072,0.6971154
206.2272,0.6971154
206.2472,0.6971154
206.2672,0.6971154
206.2872,0.6971154
206.3073,0.6971154
206.3273,0.6971154
206.3473,0.6971154
206.3673,0.6971154
206.3873,0.6971154
206.4073,0.6971154
206.4273,0.6971154
206.4473,0.6971154
206.4673,0.6971154
206.4873,0.6971154
206.5073,0.6971154
206.5273,0.6971154
206.5473,0.6971154
206.5673,0.6971154
206.5873,0.6971154
206.6073,0.6971154
206.6273,0.6971154
206.6473,0.6971154
206.6673,0.6971154
206.6873,0.6971154
206.7073,0.6971154
206.7273,0.6971154
206.7473,0.6971154
206.7673,0.6971154
206.7874,0.6971154
206.8074,0.6971154
206.8274,0.6971154
206.8474,0.6971154
206.8674,0.6971154
206.8874,0.6971154
206.9074,0.6971154
206.9274,0.6971154
206.9474,0.6971154
206.9674,0.6971154
206.9874,0.6971154
207.0074,0.6971154
207.0274,0.6971154
207.0474,0.6971154
207.0674,0.6971154
207.0874,0.6971154
207.1074,0.6971154
207.1274,0.6971154
207.1474,0.6971154
207.1674,0.6971154
207.1874,0.6971154
207.2074,0.6971154
207.2274,0.6971154
207.2475,0.6971154
207.2675,0.6971154
207.2875,0.6971154
207.3075,0.6971154
207.3275,0.6971154
207.3475,0.6971154
207.3675,0.6971154
207.3875,0.6971154
207.4075,0.6971154
207.4275,0.6971154
207.4475,0.6971154
207.4675,0.6971154
207.4875,0.6971154
207.5075,0.6971154
207.5275,0.6971154
207.5475,0.6971154
207.5675,0.6971154
207.5875,0.6971154
207.6075,0.6971154
207.6275,0.6971154
207.6475,0.6971154
207.6675,0.6971154
207.6875,0.7019231
207.7076,0.7019231
207.7276,0.7019231
207.7476,0.7019231
207.7676,0.7019231
207.7876,0.7019231
207.8076,0.7019231
207.8276,0.7019231
207.8476,0.7019231
207.8676,0.7019231
207.8876,0.7019231
207.9076,0.7019231
207.9276,0.7019231
207.9476,0.7019231
207.9676,0.7019231
207.9876,0.7019231
208.0076,0.7019231
208.0276,0.7019231
208.0476,0.7019231
208.0676,0.7019231
208.0876,0.7019231
208.1076,0.7019231
208.1276,0.7019231
208.1476,0.7019231
208.1676,0.7019231
208.1877,0.7019231
208.2077,0.7019231
208.2277,0.7019231
208.2477,0.7019231
208.2677,0.7019231
208.2877,0.7019231
208.3077,0.7019231
208.3277,0.7019231
208.3477,0.7019231
208.3677,0.7019231
208.3877,0.7019231
208.4077,0.7019231
208.4277,0.7019231
208.4477,0.7019231
208.4677,0.7019231
208.4877,0.7019231
208.5077,0.7019231
208.5277,0.7019231
208.5477,0.7019231
208.5677,0.7019231
208.5877,0.7019231
208.6077,0.7019231
208.6277,0.7019231
208.6478,0.7019231
208.6678,0.7019231
208.6878,0.7019231
208.7078,0.7019231
208.7278,0.7019231
208.7478,0.7019231
208.7678,0.7019231
208.7878,0.7019231
208.8078,0.7019231
208.8278,0.7019231
208.8478,0.7019231
208.8678,0.7019231
208.8878,0.7019231
208.9078,0.7019231
208.9278,0.7019231
208.9478,0.7019231
208.9678,0.7019231
208.9878,0.7019231
209.0078,0.7019231
209.0278,0.7019231
209.0478,0.7019231
209.0678,0.7019231
209.0878,0.7019231
209.1078,0.7019231
209.1279,0.7019231
209.1479,0.7019231
209.1679,0.7019231
209.1879,0.7019231
209.2079,0.7019231
209.2279,0.7019231
209.2479,0.7019231
209.2679,0.7019231
209.2879,0.7019231
209.3079,0.7019231
209.3279,0.7019231
209.3479,0.7019231
209.3679,0.7019231
209.3879,0.7019231
209.4079,0.7019231
209.4279,0.7019231
209.4479,0.7019231
209.4679,0.7019231
209.4879,0.7019231
209.5079,0.7019231
209.5279,0.7019231
209.5479,0.7019231
209.5679,0.7019231
209.588,0.7019231
209.608,0.7019231
209.628,0.7019231
209.648,0.7019231
209.668,0.7019231
209.688,0.7019231
209.708,0.7019231
209.728,0.7019231
209.748,0.7019231
209.768,0.7019231
209.788,0.7019231
209.808,0.7019231
209.828,0.7019231
209.848,0.7019231
209.868,0.7019231
209.888,0.7019231
209.908,0.7019231
209.928,0.7019231
209.948,0.7019231
209.968,0.7019231
209.988,0.7019231
210.008,0.7019231
210.028,0.7019231
210.048,0.7019231
210.0681,0.7019231
210.0881,0.7019231
210.1081,0.7019231
210.1281,0.7019231
210.1481,0.7019231
210.1681,0.7019231
210.1881,0.7019231
210.2081,0.7019231
210.2281,0.7019231
210.2481,0.7019231
210.2681,0.7019231
210.2881,0.7019231
210.3081,0.7019231
210.3281,0.7019231
210.3481,0.7019231
210.3681,0.7019231
210.3881,0.7019231
210.4081,0.7019231
210.4281,0.7019231
210.4481,0.7019231
210.4681,0.7019231
210.4881,0.7019231
210.5081,0.7019231
210.5282,0.7019231
210.5482,0.7019231
210.5682,0.7019231
210.5882,0.7019231
210.6082,0.7019231
210.6282,0.7019231
210.6482,0.7019231
210.6682,0.7019231
210.6882,0.7019231
210.7082,0.7019231
210.7282,0.7019231
210.7482,0.7019231
210.7682,0.7019231
210.7882,0.7019231
210.8082,0.7019231
210.8282,0.7019231
210.8482,0.7019231
210.8682,0.7019231
210.8882,0.7019231
210.9082,0.7019231
210.9282,0.7019231
210.9482,0.7019231
210.9682,0.7019231
210.9883,0.7019231
211.0083,0.7019231
211.0283,0.7019231
211.0483,0.7019231
211.0683,0.7019231
211.0883,0.7019231
211.1083,0.7019231
211.1283,0.7019231
211.1483,0.7019231
211.1683,0.7019231
211.1883,0.7019231
211.2083,0.7019231
211.2283,0.7019231
211.2483,0.7019231
211.2683,0.7019231
211.2883,0.7019231
211.3083,0.7019231
211.3283,0.7019231
211.3483,0.7019231
211.3683,0.7019231
211.3883,0.7019231
211.4083,0.7019231
211.4283,0.7019231
211.4483,0.7019231
211.4684,0.7019231
211.4884,0.7019231
211.5084,0.7019231
211.5284,0.7019231
211.5484,0.7019231
211.5684,0.7019231
211.5884,0.7019231
211.6084,0.7019231
211.6284,0.7019231
211.6484,0.7019231
211.6684,0.7019231
211.6884,0.7019231
211.7084,0.7019231
211.7284,0.7019231
211.7484,0.7019231
211.7684,0.7019231
211.7884,0.7019231
211.8084,0.7019231
211.8284,0.7019231
211.8484,0.7019231
211.8684,0.7019231
211.8884,0.7019231
211.9084,0.7019231
211.9285,0.7019231
211.9485,0.7019231
211.9685,0.7019231
211.9885,0.7019231
212.0085,0.7019231
212.0285,0.7019231
212.0485,0.7019231
212.0685,0.7019231
212.0885,0.7019231
212.1085,0.7019231
212.1285,0.7019231
212.1485,0.7019231
212.1685,0.7019231
212.1885,0.7019231
212.2085,0.7019231
212.2285,0.7019231
212.2485,0.7019231
212.2685,0.7019231
212.2885,0.7019231
212.3085,0.7019231
212.3285,0.7019231
212.3485,0.7019231
212.3685,0.7019231
212.3885,0.7019231
212.4086,0.7019231
212.4286,0.7019231
212.4486,0.7019231
212.4686,0.7019231
212.4886,0.7019231
212.5086,0.7019231
212.5286,0.7019231
212.5486,0.7019231
212.5686,0.7019231
212.5886,0.7019231
212.6086,0.7019231
212.6286,0.7019231
212.6486,0.7019231
212.6686,0.7019231
212.6886,0.7019231
212.7086,0.7019231
212.7286,0.7019231
212.7486,0.7019231
212.7686,0.7019231
212.7886,0.7019231
212.8086,0.7019231
212.8286,0.7019231
212.8486,0.7019231
212.8687,0.7019231
212.8887,0.7019231
212.9087,0.7019231
212.9287,0.7019231
212.9487,0.7019231
212.9687,0.7019231
212.9887,0.7019231
213.0087,0.7019231
213.0287,0.7019231
213.0487,0.7019231
213.0687,0.7019231
213.0887,0.7019231
213.1087,0.7019231
213.1287,0.7019231
213.1487,0.7019231
213.1687,0.7019231
213.1887,0.7019231
213.2087,0.7019231
213.2287,0.7019231
213.2487,0.7019231
213.2687,0.7019231
213.2887,0.7019231
213.3087,0.7019231
213.3288,0.7019231
213.3488,0.7019231
213.3688,0.7019231
213.3888,0.7019231
213.4088,0.7019231
213.4288,0.7019231
213.4488,0.7019231
213.4688,0.7019231
213.4888,0.7019231
213.5088,0.7019231
213.5288,0.7019231
213.5488,0.7019231
213.5688,0.7019231
213.5888,0.7019231
213.6088,0.7019231
213.6288,0.7019231
213.6488,0.7019231
213.6688,0.7019231
213.6888,0.7019231
213.7088,0.7019231
213.7288,0.7019231
213.7488,0.7019231
213.7688,0.7019231
213.7888,0.7019231
213.8089,0.7019231
213.8289,0.7019231
213.8489,0.7019231
213.8689,0.7019231
213.8889,0.7019231
213.9089,0.7019231
213.9289,0.7019231
213.9489,0.7019231
213.9689,0.7019231
213.9889,0.7019231
214.0089,0.7019231
214.0289,0.7019231
214.0489,0.7019231
214.0689,0.7019231
214.0889,0.7019231
214.1089,0.7019231
214.1289,0.7019231
214.1489,0.7019231
214.1689,0.7019231
214.1889,0.7019231
214.2089,0.7019231
214.2289,0.7019231
214.2489,0.7019231
214.269,0.7019231
214.289,0.7019231
214.309,0.7019231
214.329,0.7019231
214.349,0.7019231
214.369,0.7019231
214.389,0.7019231
214.409,0.7019231
214.429,0.7019231
214.449,0.7019231
214.469,0.7019231
214.489,0.7019231
214.509,0.7019231
214.529,0.7019231
214.549,0.7019231
214.569,0.7019231
214.589,0.7019231
214.609,0.7019231
214.629,0.7019231
214.649,0.7019231
214.669,0.7019231
214.689,0.7019231
214.709,0.7019231
214.729,0.7019231
214.7491,0.7019231
214.7691,0.7019231
214.7891,0.7019231
214.8091,0.7019231
214.8291,0.7019231
214.8491,0.7019231
214.8691,0.7019231
214.8891,0.7019231
214.9091,0.7019231
214.9291,0.7019231
214.9491,0.7019231
214.9691,0.7019231
214.9891,0.7019231
215.0091,0.7019231
215.0291,0.7019231
215.0491,0.7019231
215.0691,0.7019231
215.0891,0.7019231
215.1091,0.7019231
215.1291,0.7019231
215.1491,0.7019231
215.1691,0.7019231
215.1891,0.7019231
215.2092,0.7019231
215.2292,0.7019231
215.2492,0.7019231
215.2692,0.7019231
215.2892,0.7019231
215.3092,0.7019231
215.3292,0.7019231
215.3492,0.7019231
215.3692,0.7019231
215.3892,0.7019231
215.4092,0.7019231
215.4292,0.7019231
215.4492,0.7019231
215.4692,0.7019231
215.4892,0.7019231
215.5092,0.7019231
215.5292,0.7019231
215.5492,0.7019231
215.5692,0.7019231
215.5892,0.7019231
215.6092,0.7019231
215.6292,0.7019231
215.6492,0.7019231
215.6693,0.7019231
215.6893,0.7019231
215.7093,0.7019231
215.7293,0.7019231
215.7493,0.7019231
215.7693,0.7019231
215.7893,0.7019231
215.8093,0.7019231
215.8293,0.7019231
215.8493,0.7019231
215.8693,0.7019231
215.8893,0.7019231
215.9093,0.7019231
215.9293,0.7019231
215.9493,0.7019231
215.9693,0.7019231
215.9893,0.7019231
216.0093,0.7019231
216.0293,0.7019231
216.0493,0.7019231
216.0693,0.7019231
216.0893,0.7019231
216.1093,0.7019231
216.1293,0.7019231
216.1494,0.7019231
216.1694,0.7019231
216.1894,0.7019231
216.2094,0.7019231
216.2294,0.7019231
216.2494,0.7019231
216.2694,0.7019231
216.2894,0.7019231
216.3094,0.7019231
216.3294,0.7019231
216.3494,0.7019231
216.3694,0.7019231
216.3894,0.7019231
216.4094,0.7019231
216.4294,0.7019231
216.4494,0.7019231
216.4694,0.7019231
216.4894,0.7019231
216.5094,0.7019231
216.5294,0.7019231
216.5494,0.7019231
216.5694,0.7019231
216.5894,0.7019231
216.6095,0.7019231
216.6295,0.7019231
216.6495,0.7019231
216.6695,0.7019231
216.6895,0.7019231
216.7095,0.7019231
216.7295,0.7019231
216.7495,0.7019231
216.7695,0.7019231
216.7895,0.7019231
216.8095,0.7019231
216.8295,0.7019231
216.8495,0.7019231
216.8695,0.7019231
216.8895,0.7019231
216.9095,0.7019231
216.9295,0.7019231
216.9495,0.7019231
216.9695,0.7019231
216.9895,0.7019231
217.0095,0.7019231
217.0295,0.7019231
217.0495,0.7019231
217.0695,0.7019231
217.0896,0.7019231
217.1096,0.7019231
217.1296,0.7019231
217.1496,0.7019231
217.1696,0.7019231
217.1896,0.7019231
217.2096,0.7019231
217.2296,0.7019231
217.2496,0.7019231
217.2696,0.7019231
217.2896,0.7019231
217.3096,0.7019231
217.3296,0.7019231
217.3496,0.7019231
217.3696,0.7019231
217.3896,0.7019231
217.4096,0.7019231
217.4296,0.7019231
217.4496,0.7019231
217.4696,0.7019231
217.4896,0.7019231
217.5096,0.7019231
217.5296,0.7019231
217.5497,0.7019231
217.5697,0.7019231
217.5897,0.7019231
217.6097,0.7019231
217.6297,0.7019231
217.6497,0.7019231
217.6697,0.7019231
217.6897,0.7019231
217.7097,0.7019231
217.7297,0.7019231
217.7497,0.7019231
217.7697,0.7019231
217.7897,0.7019231
217.8097,0.7019231
217.8297,0.7019231
217.8497,0.7019231
217.8697,0.7019231
217.8897,0.7019231
217.9097,0.7019231
217.9297,0.7019231
217.9497,0.7019231
217.9697,0.7019231
217.9897,0.7019231
218.0098,0.7019231
218.0298,0.7019231
218.0498,0.7019231
218.0698,0.7019231
218.0898,0.7019231
218.1098,0.7019231
218.1298,0.7019231
218.1498,0.7019231
218.1698,0.7019231
218.1898,0.7019231
218.2098,0.7019231
218.2298,0.7019231
218.2498,0.7019231
218.2698,0.7019231
218.2898,0.7019231
218.3098,0.7019231
218.3298,0.7019231
218.3498,0.7019231
218.3698,0.7019231
218.3898,0.7019231
218.4098,0.7019231
218.4298,0.7019231
218.4498,0.7019231
218.4698,0.7019231
218.4899,0.7019231
218.5099,0.7019231
218.5299,0.7019231
218.5499,0.7019231
218.5699,0.7019231
218.5899,0.7019231
218.6099,0.7019231
218.6299,0.7019231
218.6499,0.7019231
218.6699,0.7019231
218.6899,0.7019231
218.7099,0.7019231
218.7299,0.7019231
218.7499,0.7019231
218.7699,0.7019231
218.7899,0.7019231
218.8099,0.7019231
218.8299,0.7019231
218.8499,0.7019231
218.8699,0.7019231
218.8899,0.7019231
218.9099,0.7019231
218.9299,0.7019231
218.95,0.7019231
218.97,0.7019231
218.99,0.7019231
219.01,0.7019231
219.03,0.7019231
219.05,0.7019231
219.07,0.7019231
219.09,0.7019231
219.11,0.7019231
219.13,0.7019231
219.15,0.7019231
219.17,0.7019231
219.19,0.7019231
219.21,0.7019231
219.23,0.7019231
219.25,0.7019231
219.27,0.7019231
219.29,0.7019231
219.31,0.7019231
219.33,0.7019231
219.35,0.7019231
219.37,0.7019231
219.39,0.7019231
219.41,0.7019231
219.4301,0.7019231
219.4501,0.7019231
219.4701,0.7019231
219.4901,0.7019231
219.5101,0.7019231
219.5301,0.7019231
219.5501,0.7019231
219.5701,0.7019231
219.5901,0.7019231
219.6101,0.7019231
219.6301,0.7019231
219.6501,0.7019231
219.6701,0.7019231
219.6901,0.7019231
219.7101,0.7019231
219.7301,0.7019231
219.7501,0.7019231
219.7701,0.7019231
219.7901,0.7019231
219.8101,0.7019231
219.8301,0.7019231
219.8501,0.7019231
219.8701,0.7019231
219.8902,0.7019231
219.9102,0.7019231
219.9302,0.7019231
219.9502,0.7019231
219.9702,0.7019231
219.9902,0.7019231
220.0102,0.7019231
220.0302,0.7019231
220.0502,0.7019231
220.0702,0.7019231
220.0902,0.7019231
220.1102,0.7019231
220.1302,0.7019231
220.1502,0.7019231
220.1702,0.7019231
220.1902,0.7019231
220.2102,0.7019231
220.2302,0.7019231
220.2502,0.7019231
220.2702,0.7019231
220.2902,0.7019231
220.3102,0.7019231
220.3302,0.7019231
220.3503,0.7019231
220.3703,0.7019231
220.3903,0.7019231
220.4103,0.7019231
220.4303,0.7019231
220.4503,0.7019231
220.4703,0.7019231
220.4903,0.7019231
220.5103,0.7019231
220.5303,0.7019231
220.5503,0.7019231
220.5703,0.7019231
220.5903,0.7019231
220.6103,0.7019231
220.6303,0.7019231
220.6503,0.7019231
220.6703,0.7019231
220.6903,0.7019231
220.7103,0.7019231
220.7303,0.7019231
220.7503,0.7019231
220.7703,0.7019231
220.7903,0.7019231
220.8103,0.7019231
220.8304,0.7019231
220.8504,0.7019231
220.8704,0.7019231
220.8904,0.7019231
220.9104,0.7019231
220.9304,0.7019231
220.9504,0.7019231
220.9704,0.7019231
220.9904,0.7019231
221.0104,0.7019231
221.0304,0.7019231
221.0504,0.7019231
221.0704,0.7019231
221.0904,0.7019231
221.1104,0.7019231
221.1304,0.7019231
221.1504,0.7019231
221.1704,0.7019231
221.1904,0.7019231
221.2104,0.7019231
221.2304,0.7019231
221.2504,0.7019231
221.2704,0.7019231
221.2905,0.7019231
221.3105,0.7019231
221.3305,0.7019231
221.3505,0.7019231
221.3705,0.7019231
221.3905,0.7019231
221.4105,0.7019231
221.4305,0.7019231
221.4505,0.7019231
221.4705,0.7019231
221.4905,0.7019231
221.5105,0.7019231
221.5305,0.7019231
221.5505,0.7019231
221.5705,0.7019231
221.5905,0.7019231
221.6105,0.7019231
221.6305,0.7019231
221.6505,0.7019231
221.6705,0.7019231
221.6905,0.7019231
221.7105,0.7019231
221.7305,0.7019231
221.7505,0.7019231
221.7706,0.7019231
221.7906,0.7019231
221.8106,0.7019231
221.8306,0.7019231
221.8506,0.7019231
221.8706,0.7019231
221.8906,0.7019231
221.9106,0.7019231
221.9306,0.7019231
221.9506,0.7019231
221.9706,0.7019231
221.9906,0.7019231
222.0106,0.7019231
222.0306,0.7019231
222.0506,0.7019231
222.0706,0.7019231
222.0906,0.7019231
222.1106,0.7019231
222.1306,0.7019231
222.1506,0.7019231
222.1706,0.7019231
222.1906,0.7019231
222.2106,0.7019231
222.2307,0.7019231
222.2507,0.7019231
222.2707,0.7019231
222.2907,0.7019231
222.3107,0.7019231
222.3307,0.7019231
222.3507,0.7019231
222.3707,0.7019231
222.3907,0.7067308
222.4107,0.7067308
222.4307,0.7067308
222.4507,0.7067308
222.4707,0.7067308
222.4907,0.7067308
222.5107,0.7067308
222.5307,0.7067308
222.5507,0.7067308
222.5707,0.7067308
222.5907,0.7067308
222.6107,0.7067308
222.6307,0.7067308
222.6507,0.7067308
222.6707,0.7067308
222.6908,0.7067308
222.7108,0.7067308
222.7308,0.7067308
222.7508,0.7067308
222.7708,0.7067308
222.7908,0.7067308
222.8108,0.7067308
222.8308,0.7067308
222.8508,0.7067308
222.8708,0.7067308
222.8908,0.7067308
222.9108,0.7067308
222.9308,0.7067308
222.9508,0.7067308
222.9708,0.7067308
222.9908,0.7067308
223.0108,0.7067308
223.0308,0.7067308
223.0508,0.7067308
223.0708,0.7067308
223.0908,0.7067308
223.1108,0.7067308
223.1308,0.7067308
223.1508,0.7067308
223.1709,0.7067308
223.1909,0.7067308
223.2109,0.7067308
223.2309,0.7067308
223.2509,0.7067308
223.2709,0.7067308
223.2909,0.7067308
223.3109,0.7067308
223.3309,0.7067308
223.3509,0.7067308
223.3709,0.7067308
223.3909,0.7067308
223.4109,0.7067308
223.4309,0.7067308
223.4509,0.7067308
223.4709,0.7067308
223.4909,0.7067308
223.5109,0.7067308
223.5309,0.7067308
223.5509,0.7067308
223.5709,0.7067308
223.5909,0.7067308
223.6109,0.7067308
223.631,0.7067308
223.651,0.7067308
223.671,0.7067308
223.691,0.7067308
223.711,0.7067308
223.731,0.7067308
223.751,0.7067308
223.771,0.7067308
223.791,0.7067308
223.811,0.7067308
223.831,0.7067308
223.851,0.7067308
223.871,0.7067308
223.891,0.7067308
223.911,0.7067308
223.931,0.7067308
223.951,0.7067308
223.971,0.7067308
223.991,0.7067308
224.011,0.7067308
224.031,0.7067308
224.051,0.7067308
224.071,0.7067308
224.091,0.7067308
224.1111,0.7067308
224.1311,0.7067308
224.1511,0.7067308
224.1711,0.7067308
224.1911,0.7067308
224.2111,0.7067308
224.2311,0.7067308
224.2511,0.7067308
224.2711,0.7067308
224.2911,0.7067308
224.3111,0.7067308
224.3311,0.7067308
224.3511,0.7067308
224.3711,0.7067308
224.3911,0.7067308
224.4111,0.7067308
224.4311,0.7067308
224.4511,0.7067308
224.4711,0.7067308
224.4911,0.7067308
224.5111,0.7067308
224.5311,0.7067308
224.5511,0.7067308
224.5712,0.7067308
224.5912,0.7067308
224.6112,0.7067308
224.6312,0.7067308
224.6512,0.7067308
224.6712,0.7067308
224.6912,0.7067308
224.7112,0.7067308
224.7312,0.7067308
224.7512,0.7067308
224.7712,0.7067308
224.7912,0.7067308
224.8112,0.7067308
224.8312,0.7067308
224.8512,0.7067308
224.8712,0.7067308
224.8912,0.7067308
224.9112,0.7067308
224.9312,0.7067308
224.9512,0.7067308
224.9712,0.7067308
224.9912,0.7067308
225.0112,0.7067308
225.0313,0.7067308
225.0513,0.7067308
225.0713,0.7067308
225.0913,0.7115384
225.1113,0.7115384
225.1313,0.7115384
225.1513,0.7115384
225.1713,0.7115384
225.1913,0.7115384
225.2113,0.7115384
225.2313,0.7115384
225.2513,0.7115384
225.2713,0.7115384
225.2913,0.7115384
225.3113,0.7115384
225.3313,0.7115384
225.3513,0.7115384
225.3713,0.7115384
225.3913,0.7115384
225.4113,0.7115384
225.4313,0.7115384
225.4513,0.7115384
225.4713,0.7115384
225.4913,0.7115384
225.5114,0.7115384
225.5314,0.7115384
225.5514,0.7115384
225.5714,0.7115384
225.5914,0.7115384
225.6114,0.7115384
225.6314,0.7115384
225.6514,0.7115384
225.6714,0.7115384
225.6914,0.7115384
225.7114,0.7115384
225.7314,0.7115384
225.7514,0.7115384
225.7714,0.7115384
225.7914,0.7115384
225.8114,0.7115384
225.8314,0.7115384
225.8514,0.7115384
225.8714,0.7115384
225.8914,0.7115384
225.9114,0.7115384
225.9314,0.7115384
225.9514,0.7115384
225.9715,0.7115384
225.9915,0.7115384
226.0115,0.7115384
226.0315,0.7115384
226.0515,0.7115384
226.0715,0.7115384
226.0915,0.7115384
226.1115,0.7115384
226.1315,0.7115384
226.1515,0.7115384
226.1715,0.7115384
226.1915,0.7115384
226.2115,0.7115384
226.2315,0.7115384
226.2515,0.7115384
226.2715,0.7115384
226.2915,0.7115384
226.3115,0.7115384
226.3315,0.7115384
226.3515,0.7115384
226.3715,0.7115384
226.3915,0.7115384
226.4115,0.7115384
226.4315,0.7115384
226.4516,0.7115384
226.4716,0.7115384
226.4916,0.7115384
226.5116,0.7115384
226.5316,0.7115384
226.5516,0.7115384
226.5716,0.7115384
226.5916,0.7115384
226.6116,0.7115384
226.6316,0.7115384
226.6516,0.7115384
226.6716,0.7115384
226.6916,0.7115384
226.7116,0.7115384
226.7316,0.7115384
226.7516,0.7115384
226.7716,0.7115384
226.7916,0.7115384
226.8116,0.7115384
226.8316,0.7115384
226.8516,0.7115384
226.8716,0.7115384
226.8916,0.7115384
226.9117,0.7115384
226.9317,0.7115384
226.9517,0.7115384
226.9717,0.7115384
226.9917,0.7115384
227.0117,0.7115384
227.0317,0.7115384
227.0517,0.7115384
227.0717,0.7115384
227.0917,0.7115384
227.1117,0.7115384
227.1317,0.7115384
227.1517,0.7115384
227.1717,0.7115384
227.1917,0.7115384
227.2117,0.7115384
227.2317,0.7115384
227.2517,0.7115384
227.2717,0.7115384
227.2917,0.7115384
227.3117,0.7115384
227.3317,0.7115384
227.3517,0.7115384
227.3717,0.7115384
227.3918,0.7115384
227.4118,0.7115384
227.4318,0.7115384
227.4518,0.7115384
227.4718,0.7115384
227.4918,0.7115384
227.5118,0.7115384
227.5318,0.7115384
227.5518,0.7115384
227.5718,0.7115384
227.5918,0.7115384
227.6118,0.7115384
227.6318,0.7115384
227.6518,0.7115384
227.6718,0.7115384
227.6918,0.7115384
227.7118,0.7115384
227.7318,0.7115384
227.7518,0.7115384
227.7718,0.7115384
227.7918,0.7115384
227.8118,0.7115384
227.8318,0.7115384
227.8519,0.7115384
227.8719,0.7115384
227.8919,0.7115384
227.9119,0.7115384
227.9319,0.7115384
227.9519,0.7115384
227.9719,0.7115384
227.9919,0.7115384
228.0119,0.7115384
228.0319,0.7115384
228.0519,0.7115384
228.0719,0.7115384
228.0919,0.7115384
228.1119,0.7115384
228.1319,0.7115384
228.1519,0.7115384
228.1719,0.7115384
228.1919,0.7115384
228.2119,0.7115384
228.2319,0.7115384
228.2519,0.7115384
228.2719,0.7115384
228.2919,0.7115384
228.312,0.7115384
228.332,0.7115384
228.352,0.7115384
228.372,0.7115384
228.392,0.7115384
228.412,0.7115384
228.432,0.7115384
228.452,0.7115384
228.472,0.7115384
228.492,0.7115384
228.512,0.7115384
228.532,0.7115384
228.552,0.7115384
228.572,0.7115384
228.592,0.7115384
228.612,0.7115384
228.632,0.7115384
228.652,0.7115384
228.672,0.7115384
228.692,0.7115384
228.712,0.7115384
228.732,0.7115384
228.752,0.7115384
228.772,0.7115384
228.7921,0.7115384
228.8121,0.7115384
228.8321,0.7115384
228.8521,0.7115384
228.8721,0.7115384
228.8921,0.7115384
228.9121,0.7115384
228.9321,0.7115384
228.9521,0.7115384
228.9721,0.7115384
228.9921,0.7115384
229.0121,0.7115384
229.0321,0.7115384
229.0521,0.7115384
229.0721,0.7115384
229.0921,0.7115384
229.1121,0.7115384
229.1321,0.7115384
229.1521,0.7115384
229.1721,0.7115384
229.1921,0.7115384
229.2121,0.7115384
229.2321,0.7115384
229.2522,0.7115384
229.2722,0.7115384
229.2922,0.7115384
229.3122,0.7115384
229.3322,0.7115384
229.3522,0.7115384
229.3722,0.7115384
229.3922,0.7115384
229.4122,0.7115384
229.4322,0.7115384
229.4522,0.7115384
229.4722,0.7115384
229.4922,0.7115384
229.5122,0.7115384
229.5322,0.7115384
229.5522,0.7115384
229.5722,0.7115384
229.5922,0.7115384
229.6122,0.7115384
229.6322,0.7115384
229.6522,0.7115384
229.6722,0.7115384
229.6922,0.7115384
229.7122,0.7115384
229.7323,0.7115384
229.7523,0.7115384
229.7723,0.7115384
229.7923,0.7115384
229.8123,0.7115384
229.8323,0.7115384
229.8523,0.7115384
229.8723,0.7115384
229.8923,0.7115384
229.9123,0.7115384
229.9323,0.7115384
229.9523,0.7115384
229.9723,0.7115384
229.9923,0.7115384
230.0123,0.7115384
230.0323,0.7115384
230.0523,0.7115384
230.0723,0.7115384
230.0923,0.7115384
230.1123,0.7115384
230.1323,0.7115384
230.1523,0.7115384
230.1723,0.7115384
230.1924,0.7115384
230.2124,0.7115384
230.2324,0.7115384
230.2524,0.7115384
230.2724,0.7115384
230.2924,0.7115384
230.3124,0.7115384
230.3324,0.7115384
230.3524,0.7115384
230.3724,0.7115384
230.3924,0.7115384
230.4124,0.7115384
230.4324,0.7115384
230.4524,0.7115384
230.4724,0.7115384
230.4924,0.7115384
230.5124,0.7115384
230.5324,0.7115384
230.5524,0.7115384
230.5724,0.7115384
230.5924,0.7115384
230.6124,0.7115384
230.6324,0.7115384
230.6525,0.7115384
230.6725,0.7115384
230.6925,0.7115384
230.7125,0.7115384
230.7325,0.7115384
230.7525,0.7115384
230.7725,0.7115384
230.7925,0.7115384
230.8125,0.7115384
230.8325,0.7115384
230.8525,0.7115384
230.8725,0.7115384
230.8925,0.7115384
230.9125,0.7115384
230.9325,0.7115384
230.9525,0.7115384
230.9725,0.7115384
230.9925,0.7115384
231.0125,0.7115384
231.0325,0.7115384
231.0525,0.7115384
231.0725,0.7115384
231.0925,0.7115384
231.1125,0.7115384
231.1326,0.7115384
231.1526,0.7115384
231.1726,0.7115384
231.1926,0.7115384
231.2126,0.7115384
231.2326,0.7115384
231.2526,0.7115384
231.2726,0.7115384
231.2926,0.7115384
231.3126,0.7115384
231.3326,0.7115384
231.3526,0.7115384
231.3726,0.7115384
231.3926,0.7115384
231.4126,0.7115384
231.4326,0.7115384
231.4526,0.7115384
231.4726,0.7115384
231.4926,0.7115384
231.5126,0.7115384
231.5326,0.7115384
231.5526,0.7115384
231.5726,0.7115384
231.5927,0.7115384
231.6127,0.7115384
231.6327,0.7115384
231.6527,0.7115384
231.6727,0.7115384
231.6927,0.7115384
231.7127,0.7115384
231.7327,0.7115384
231.7527,0.7115384
231.7727,0.7115384
231.7927,0.7115384
231.8127,0.7115384
231.8327,0.7115384
231.8527,0.7115384
231.8727,0.7115384
231.8927,0.7115384
231.9127,0.7115384
231.9327,0.7115384
231.9527,0.7115384
231.9727,0.7115384
231.9927,0.7115384
232.0127,0.7115384
232.0327,0.7115384
232.0527,0.7115384
232.0728,0.7115384
232.0928,0.7115384
232.1128,0.7115384
232.1328,0.7115384
232.1528,0.7115384
232.1728,0.7115384
232.1928,0.7115384
232.2128,0.7115384
232.2328,0.7115384
232.2528,0.7115384
232.2728,0.7115384
232.2928,0.7115384
232.3128,0.7115384
232.3328,0.7115384
232.3528,0.7115384
232.3728,0.7115384
232.3928,0.7115384
232.4128,0.7115384
232.4328,0.7115384
232.4528,0.7115384
232.4728,0.7115384
232.4928,0.7115384
232.5128,0.7115384
232.5329,0.7115384
232.5529,0.7115384
232.5729,0.7115384
232.5929,0.7115384
232.6129,0.7115384
232.6329,0.7115384
232.6529,0.7115384
232.6729,0.7115384
232.6929,0.7115384
232.7129,0.7115384
232.7329,0.7115384
232.7529,0.7115384
232.7729,0.7115384
232.7929,0.7115384
232.8129,0.7115384
232.8329,0.7115384
232.8529,0.7115384
232.8729,0.7115384
232.8929,0.7115384
232.9129,0.7115384
232.9329,0.7115384
232.9529,0.7115384
232.9729,0.7115384
232.993,0.7115384
233.013,0.7115384
233.033,0.7115384
233.053,0.7115384
233.073,0.7115384
233.093,0.7115384
233.113,0.7115384
233.133,0.7115384
233.153,0.7115384
233.173,0.7115384
233.193,0.7115384
233.213,0.7115384
233.233,0.7115384
233.253,0.7115384
233.273,0.7115384
233.293,0.7115384
233.313,0.7115384
233.333,0.7115384
233.353,0.7115384
233.373,0.7115384
233.393,0.7115384
233.413,0.7115384
233.433,0.7115384
233.453,0.7115384
233.4731,0.7115384
233.4931,0.7115384
233.5131,0.7115384
233.5331,0.7115384
233.5531,0.7115384
233.5731,0.7115384
233.5931,0.7115384
233.6131,0.7115384
233.6331,0.7115384
233.6531,0.7115384
233.6731,0.7115384
233.6931,0.7115384
233.7131,0.7115384
233.7331,0.7115384
233.7531,0.7115384
233.7731,0.7115384
233.7931,0.7115384
233.8131,0.7115384
233.8331,0.7115384
233.8531,0.7115384
233.8731,0.7115384
233.8931,0.7115384
233.9131,0.7115384
233.9332,0.7115384
233.9532,0.7115384
233.9732,0.7115384
233.9932,0.7115384
234.0132,0.7115384
234.0332,0.7115384
234.0532,0.7115384
234.0732,0.7115384
234.0932,0.7115384
234.1132,0.7115384
234.1332,0.7115384
234.1532,0.7115384
234.1732,0.7115384
234.1932,0.7115384
234.2132,0.7115384
234.2332,0.7115384
234.2532,0.7115384
234.2732,0.7115384
234.2932,0.7115384
234.3132,0.7115384
234.3332,0.7115384
234.3532,0.7115384
234.3732,0.7115384
234.3932,0.7115384
234.4133,0.7115384
234.4333,0.7115384
234.4533,0.7115384
234.4733,0.7115384
234.4933,0.7115384
234.5133,0.7115384
234.5333,0.7115384
234.5533,0.7115384
234.5733,0.7115384
234.5933,0.7115384
234.6133,0.7115384
234.6333,0.7115384
234.6533,0.7115384
234.6733,0.7115384
234.6933,0.7115384
234.7133,0.7115384
234.7333,0.7115384
234.7533,0.7115384
234.7733,0.7115384
234.7933,0.7115384
234.8133,0.7115384
234.8333,0.7115384
234.8533,0.7115384
234.8734,0.7115384
234.8934,0.7115384
234.9134,0.7115384
234.9334,0.7115384
234.9534,0.7115384
234.9734,0.7115384
234.9934,0.7115384
235.0134,0.7115384
235.0334,0.7115384
235.0534,0.7115384
235.0734,0.7115384
235.0934,0.7115384
235.1134,0.7115384
235.1334,0.7115384
235.1534,0.7115384
235.1734,0.7115384
235.1934,0.7115384
235.2134,0.7115384
235.2334,0.7115384
235.2534,0.7115384
235.2734,0.7115384
235.2934,0.7115384
235.3134,0.7115384
235.3335,0.7115384
235.3535,0.7115384
235.3735,0.7115384
235.3935,0.7115384
235.4135,0.7115384
235.4335,0.7115384
235.4535,0.7115384
235.4735,0.7115384
235.4935,0.7115384
235.5135,0.7115384
235.5335,0.7115384
235.5535,0.7115384
235.5735,0.7115384
235.5935,0.7115384
235.6135,0.7115384
235.6335,0.7115384
235.6535,0.7115384
235.6735,0.7115384
235.6935,0.7115384
235.7135,0.7115384
235.7335,0.7115384
235.7535,0.7115384
235.7735,0.7115384
235.7935,0.7115384
235.8136,0.7115384
235.8336,0.7115384
235.8536,0.7115384
235.8736,0.7115384
235.8936,0.7115384
235.9136,0.7115384
235.9336,0.7115384
235.9536,0.7115384
235.9736,0.7115384
235.9936,0.7115384
236.0136,0.7115384
236.0336,0.7115384
236.0536,0.7115384
236.0736,0.7115384
236.0936,0.7115384
236.1136,0.7115384
236.1336,0.7115384
236.1536,0.7115384
236.1736,0.7115384
236.1936,0.7115384
236.2136,0.7115384
236.2336,0.7115384
236.2536,0.7115384
236.2737,0.7115384
236.2937,0.7115384
236.3137,0.7115384
236.3337,0.7115384
236.3537,0.7115384
236.3737,0.7115384
236.3937,0.7115384
236.4137,0.7115384
236.4337,0.7115384
236.4537,0.7115384
236.4737,0.7115384
236.4937,0.7115384
236.5137,0.7115384
236.5337,0.7115384
236.5537,0.7115384
236.5737,0.7115384
236.5937,0.7115384
236.6137,0.7115384
236.6337,0.7115384
236.6537,0.7115384
236.6737,0.7115384
236.6937,0.7115384
236.7137,0.7115384
236.7337,0.7115384
236.7538,0.7115384
236.7738,0.7115384
236.7938,0.7115384
236.8138,0.7115384
236.8338,0.7115384
236.8538,0.7115384
236.8738,0.7115384
236.8938,0.7115384
236.9138,0.7115384
236.9338,0.7115384
236.9538,0.7115384
236.9738,0.7115384
236.9938,0.7115384
237.0138,0.7115384
237.0338,0.7115384
237.0538,0.7115384
237.0738,0.7115384
237.0938,0.7115384
237.1138,0.7115384
237.1338,0.7115384
237.1538,0.7115384
237.1738,0.7115384
237.1938,0.7115384
237.2139,0.7115384
237.2339,0.7115384
237.2539,0.7115384
237.2739,0.7115384
237.2939,0.7115384
237.3139,0.7115384
237.3339,0.7115384
237.3539,0.7115384
237.3739,0.7115384
237.3939,0.7115384
237.4139,0.7115384
237.4339,0.7115384
237.4539,0.7115384
237.4739,0.7115384
237.4939,0.7115384
237.5139,0.7115384
237.5339,0.7115384
237.5539,0.7115384
237.5739,0.7115384
237.5939,0.7115384
237.6139,0.7115384
237.6339,0.7115384
237.6539,0.7115384
237.674,0.7115384
237.694,0.7115384
237.714,0.7115384
237.734,0.7115384
237.754,0.7115384
237.774,0.7115384
237.794,0.7115384
237.814,0.7115384
237.834,0.7115384
237.854,0.7115384
237.874,0.7115384
237.894,0.7115384
237.914,0.7115384
237.934,0.7115384
237.954,0.7115384
237.974,0.7115384
237.994,0.7115384
238.014,0.7115384
238.034,0.7115384
238.054,0.7115384
238.074,0.7115384
238.094,0.7115384
238.114,0.7115384
238.134,0.7115384
238.1541,0.7115384
238.1741,0.7115384
238.1941,0.7115384
238.2141,0.7115384
238.2341,0.7115384
238.2541,0.7115384
238.2741,0.7115384
238.2941,0.7115384
238.3141,0.7115384
238.3341,0.7115384
238.3541,0.7115384
238.3741,0.7115384
238.3941,0.7115384
238.4141,0.7115384
238.4341,0.7115384
238.4541,0.7115384
238.4741,0.7115384
238.4941,0.7115384
238.5141,0.7115384
238.5341,0.7115384
238.5541,0.7115384
238.5741,0.7115384
238.5941,0.7115384
238.6142,0.7115384
238.6342,0.7115384
238.6542,0.7115384
238.6742,0.7115384
238.6942,0.7115384
238.7142,0.7115384
238.7342,0.7115384
238.7542,0.7115384
238.7742,0.7115384
238.7942,0.7115384
238.8142,0.7115384
238.8342,0.7115384
238.8542,0.7115384
238.8742,0.7115384
238.8942,0.7115384
238.9142,0.7115384
238.9342,0.7115384
238.9542,0.7115384
238.9742,0.7115384
238.9942,0.7115384
239.0142,0.7115384
239.0342,0.7115384
239.0542,0.7115384
239.0742,0.7115384
239.0943,0.7115384
239.1143,0.7115384
239.1343,0.7115384
239.1543,0.7115384
239.1743,0.7115384
239.1943,0.7115384
239.2143,0.7115384
239.2343,0.7115384
239.2543,0.7115384
239.2743,0.7115384
239.2943,0.7115384
239.3143,0.7115384
239.3343,0.7115384
239.3543,0.7115384
239.3743,0.7115384
239.3943,0.7115384
239.4143,0.7115384
239.4343,0.7115384
239.4543,0.7115384
239.4743,0.7115384
239.4943,0.7115384
239.5143,0.7115384
239.5343,0.7115384
239.5544,0.7115384
239.5744,0.7115384
239.5944,0.7115384
239.6144,0.7115384
239.6344,0.7115384
239.6544,0.7115384
239.6744,0.7115384
239.6944,0.7115384
239.7144,0.7115384
239.7344,0.7115384
239.7544,0.7115384
239.7744,0.7115384
239.7944,0.7115384
239.8144,0.7115384
239.8344,0.7115384
239.8544,0.7115384
239.8744,0.7115384
239.8944,0.7115384
239.9144,0.7115384
239.9344,0.7115384
239.9544,0.7115384
239.9744,0.7115384
239.9944,0.7115384
240.0145,0.7115384
240.0345,0.7115384
240.0545,0.7115384
240.0745,0.7115384
240.0945,0.7115384
240.1145,0.7115384
240.1345,0.7115384
240.1545,0.7115384
240.1745,0.7115384
240.1945,0.7115384
240.2145,0.7115384
240.2345,0.7115384
240.2545,0.7115384
240.2745,0.7115384
240.2945,0.7115384
240.3145,0.7115384
240.3345,0.7115384
240.3545,0.7115384
240.3745,0.7115384
240.3945,0.7115384
240.4145,0.7115384
240.4345,0.7115384
240.4545,0.7115384
240.4745,0.7115384
240.4946,0.7115384
240.5146,0.7115384
240.5346,0.7115384
240.5546,0.7115384
240.5746,0.7115384
240.5946,0.7115384
240.6146,0.7115384
240.6346,0.7115384
240.6546,0.7115384
240.6746,0.7115384
240.6946,0.7115384
240.7146,0.7115384
240.7346,0.7115384
240.7546,0.7115384
240.7746,0.7115384
240.7946,0.7115384
240.8146,0.7115384
240.8346,0.7115384
240.8546,0.7115384
240.8746,0.7115384
240.8946,0.7115384
240.9146,0.7115384
240.9346,0.7115384
240.9547,0.7115384
240.9747,0.7115384
240.9947,0.7115384
241.0147,0.7115384
241.0347,0.7115384
241.0547,0.7115384
241.0747,0.7115384
241.0947,0.7115384
241.1147,0.7115384
241.1347,0.7115384
241.1547,0.7115384
241.1747,0.7115384
241.1947,0.7115384
241.2147,0.7115384
241.2347,0.7115384
241.2547,0.7115384
241.2747,0.7115384
241.2947,0.7115384
241.3147,0.7115384
241.3347,0.7115384
241.3547,0.7115384
241.3747,0.7115384
241.3947,0.7115384
241.4147,0.7115384
241.4348,0.7115384
241.4548,0.7115384
241.4748,0.7115384
241.4948,0.7115384
241.5148,0.7115384
241.5348,0.7115384
241.5548,0.7115384
241.5748,0.7115384
241.5948,0.7115384
241.6148,0.7115384
241.6348,0.7115384
241.6548,0.7115384
241.6748,0.7115384
241.6948,0.7115384
241.7148,0.7115384
241.7348,0.7115384
241.7548,0.7115384
241.7748,0.7115384
241.7948,0.7115384
241.8148,0.7115384
241.8348,0.7115384
241.8548,0.7115384
241.8748,0.7115384
241.8949,0.7115384
241.9149,0.7115384
241.9349,0.7115384
241.9549,0.7115384
241.9749,0.7115384
241.9949,0.7115384
242.0149,0.7115384
242.0349,0.7115384
242.0549,0.7115384
242.0749,0.7115384
242.0949,0.7115384
242.1149,0.7115384
242.1349,0.7115384
242.1549,0.7115384
242.1749,0.7115384
242.1949,0.7115384
242.2149,0.7115384
242.2349,0.7115384
242.2549,0.7115384
242.2749,0.7115384
242.2949,0.7115384
242.3149,0.7115384
242.3349,0.7115384
242.3549,0.7115384
242.375,0.7115384
242.395,0.7115384
242.415,0.7115384
242.435,0.7115384
242.455,0.7115384
242.475,0.7115384
242.495,0.7115384
242.515,0.7115384
242.535,0.7115384
242.555,0.7115384
242.575,0.7115384
242.595,0.7115384
242.615,0.7115384
242.635,0.7115384
242.655,0.7115384
242.675,0.7115384
242.695,0.7115384
242.715,0.7115384
242.735,0.7115384
242.755,0.7115384
242.775,0.7115384
242.795,0.7115384
242.815,0.7115384
242.8351,0.7115384
242.8551,0.7115384
242.8751,0.7115384
242.8951,0.7115384
242.9151,0.7115384
242.9351,0.7115384
242.9551,0.7115384
242.9751,0.7115384
242.9951,0.7115384
243.0151,0.7115384
243.0351,0.7115384
243.0551,0.7115384
243.0751,0.7115384
243.0951,0.7115384
243.1151,0.7115384
243.1351,0.7115384
243.1551,0.7115384
243.1751,0.7115384
243.1951,0.7115384
243.2151,0.7115384
243.2351,0.7115384
243.2551,0.7115384
243.2751,0.7115384
243.2952,0.7115384
243.3152,0.7115384
243.3352,0.7115384
243.3552,0.7115384
243.3752,0.7115384
243.3952,0.7115384
243.4152,0.7115384
243.4352,0.7115384
243.4552,0.7115384
243.4752,0.7115384
243.4952,0.7115384
243.5152,0.7115384
243.5352,0.7115384
243.5552,0.7115384
243.5752,0.7115384
243.5952,0.7115384
243.6152,0.7115384
243.6352,0.7115384
243.6552,0.7115384
243.6752,0.7115384
243.6952,0.7115384
243.7152,0.7115384
243.7352,0.7115384
243.7552,0.7115384
243.7753,0.7115384
243.7953,0.7115384
243.8153,0.7115384
243.8353,0.7115384
243.8553,0.7115384
243.8753,0.7115384
243.8953,0.7115384
243.9153,0.7115384
243.9353,0.7115384
243.9553,0.7115384
243.9753,0.7115384
243.9953,0.7115384
244.0153,0.7115384
244.0353,0.7115384
244.0553,0.7115384
244.0753,0.7115384
244.0953,0.7115384
244.1153,0.7115384
244.1353,0.7115384
244.1553,0.7115384
244.1753,0.7115384
244.1953,0.7115384
244.2153,0.7115384
244.2354,0.7115384
244.2554,0.7115384
244.2754,0.7115384
244.2954,0.7115384
244.3154,0.7115384
244.3354,0.7115384
244.3554,0.7115384
244.3754,0.7115384
244.3954,0.7115384
244.4154,0.7115384
244.4354,0.7115384
244.4554,0.7115384
244.4754,0.7115384
244.4954,0.7115384
244.5154,0.7115384
244.5354,0.7115384
244.5554,0.7115384
244.5754,0.7115384
244.5954,0.7115384
244.6154,0.7115384
244.6354,0.7115384
244.6554,0.7115384
244.6754,0.7115384
244.6954,0.7115384
244.7155,0.7115384
244.7355,0.7115384
244.7555,0.7115384
244.7755,0.7115384
244.7955,0.7115384
244.8155,0.7115384
244.8355,0.7115384
244.8555,0.7115384
244.8755,0.7115384
244.8955,0.7115384
244.9155,0.7115384
244.9355,0.7115384
244.9555,0.7115384
244.9755,0.7115384
244.9955,0.7115384
245.0155,0.7115384
245.0355,0.7115384
245.0555,0.7115384
245.0755,0.7115384
245.0955,0.7115384
245.1155,0.7115384
245.1355,0.7115384
245.1555,0.7115384
245.1756,0.7115384
245.1956,0.7115384
245.2156,0.7115384
245.2356,0.7115384
245.2556,0.7115384
245.2756,0.7115384
245.2956,0.7115384
245.3156,0.7115384
245.3356,0.7115384
245.3556,0.7115384
245.3756,0.7115384
245.3956,0.7115384
245.4156,0.7115384
245.4356,0.7115384
245.4556,0.7115384
245.4756,0.7115384
245.4956,0.7115384
245.5156,0.7115384
245.5356,0.7115384
245.5556,0.7115384
245.5756,0.7115384
245.5956,0.7115384
245.6156,0.7115384
245.6357,0.7115384
245.6557,0.7115384
245.6757,0.7115384
245.6957,0.7115384
245.7157,0.7115384
245.7357,0.7115384
245.7557,0.7115384
245.7757,0.7115384
245.7957,0.7115384
245.8157,0.7115384
245.8357,0.7115384
245.8557,0.7115384
245.8757,0.7115384
245.8957,0.7115384
245.9157,0.7115384
245.9357,0.7115384
245.9557,0.7115384
245.9757,0.7115384
245.9957,0.7115384
246.0157,0.7115384
246.0357,0.7115384
246.0557,0.7115384
246.0757,0.7115384
246.0957,0.7115384
246.1158,0.7115384
246.1358,0.7115384
246.1558,0.7115384
246.1758,0.7115384
246.1958,0.7115384
246.2158,0.7115384
246.2358,0.7115384
246.2558,0.7115384
246.2758,0.7115384
246.2958,0.7115384
246.3158,0.7115384
246.3358,0.7115384
246.3558,0.7115384
246.3758,0.7115384
246.3958,0.7115384
246.4158,0.7115384
246.4358,0.7115384
246.4558,0.7115384
246.4758,0.7115384
246.4958,0.7115384
246.5158,0.7115384
246.5358,0.7115384
246.5558,0.7115384
246.5759,0.7115384
246.5959,0.7115384
246.6159,0.7115384
246.6359,0.7115384
246.6559,0.7115384
246.6759,0.7115384
246.6959,0.7115384
246.7159,0.7115384
246.7359,0.7115384
246.7559,0.7115384
246.7759,0.7115384
246.7959,0.7115384
246.8159,0.7115384
246.8359,0.7115384
246.8559,0.7115384
246.8759,0.7115384
246.8959,0.7115384
246.9159,0.7115384
246.9359,0.7115384
246.9559,0.7115384
246.9759,0.7115384
246.9959,0.7115384
247.0159,0.7115384
247.0359,0.7115384
247.056,0.7115384
247.076,0.7115384
247.096,0.7115384
247.116,0.7115384
247.136,0.7115384
247.156,0.7115384
247.176,0.7115384
247.196,0.7115384
247.216,0.7115384
247.236,0.7115384
247.256,0.7115384
247.276,0.7115384
247.296,0.7115384
247.316,0.7115384
247.336,0.7115384
247.356,0.7115384
247.376,0.7115384
247.396,0.7115384
247.416,0.7115384
247.436,0.7115384
247.456,0.7115384
247.476,0.7115384
247.496,0.7115384
247.5161,0.7115384
247.5361,0.7115384
247.5561,0.7115384
247.5761,0.7115384
247.5961,0.7115384
247.6161,0.7115384
247.6361,0.7115384
247.6561,0.7115384
247.6761,0.7115384
247.6961,0.7115384
247.7161,0.7115384
247.7361,0.7115384
247.7561,0.7115384
247.7761,0.7115384
247.7961,0.7115384
247.8161,0.7115384
247.8361,0.7115384
247.8561,0.7115384
247.8761,0.7115384
247.8961,0.7115384
247.9161,0.7115384
247.9361,0.7115384
247.9561,0.7115384
247.9762,0.7115384
247.9962,0.7115384
248.0162,0.7115384
248.0362,0.7115384
248.0562,0.7115384
248.0762,0.7115384
248.0962,0.7115384
248.1162,0.7115384
248.1362,0.7115384
248.1562,0.7115384
248.1762,0.7115384
248.1962,0.7115384
248.2162,0.7115384
248.2362,0.7115384
248.2562,0.7115384
248.2762,0.7115384
248.2962,0.7115384
248.3162,0.7115384
248.3362,0.7115384
248.3562,0.7115384
248.3762,0.7115384
248.3962,0.7115384
248.4162,0.7115384
248.4362,0.7115384
248.4563,0.7115384
248.4763,0.7115384
248.4963,0.7115384
248.5163,0.7115384
248.5363,0.7115384
248.5563,0.7115384
248.5763,0.7115384
248.5963,0.7115384
248.6163,0.7115384
248.6363,0.7115384
248.6563,0.7115384
248.6763,0.7115384
248.6963,0.7115384
248.7163,0.7115384
248.7363,0.7115384
248.7563,0.7115384
248.7763,0.7115384
248.7963,0.7115384
248.8163,0.7115384
248.8363,0.7115384
248.8563,0.7115384
248.8763,0.7115384
248.8963,0.7115384
248.9164,0.7115384
248.9364,0.7115384
248.9564,0.7115384
248.9764,0.7115384
248.9964,0.7115384
249.0164,0.7115384
249.0364,0.7115384
249.0564,0.7115384
249.0764,0.7115384
249.0964,0.7115384
249.1164,0.7115384
249.1364,0.7115384
249.1564,0.7115384
249.1764,0.7115384
249.1964,0.7115384
249.2164,0.7115384
249.2364,0.7115384
249.2564,0.7115384
249.2764,0.7115384
249.2964,0.7115384
249.3164,0.7115384
249.3364,0.7115384
249.3564,0.7115384
249.3764,0.7115384
249.3965,0.7115384
249.4165,0.7115384
249.4365,0.7115384
249.4565,0.7115384
249.4765,0.7115384
249.4965,0.7115384
249.5165,0.7115384
249.5365,0.7115384
249.5565,0.7115384
249.5765,0.7115384
249.5965,0.7115384
249.6165,0.7115384
249.6365,0.7115384
249.6565,0.7115384
249.6765,0.7115384
249.6965,0.7115384
249.7165,0.7115384
249.7365,0.7115384
249.7565,0.7115384
249.7765,0.7115384
249.7965,0.7115384
249.8165,0.7115384
249.8365,0.7115384
249.8566,0.7115384
249.8766,0.7115384
249.8966,0.7115384
249.9166,0.7115384
249.9366,0.7115384
249.9566,0.7163461
249.9766,0.7163461
249.9966,0.7163461
250.0166,0.7163461
250.0366,0.7163461
250.0566,0.7163461
250.0766,0.7163461
250.0966,0.7163461
250.1166,0.7163461
250.1366,0.7163461
250.1566,0.7163461
250.1766,0.7163461
250.1966,0.7163461
250.2166,0.7163461
250.2366,0.7163461
250.2566,0.7163461
250.2766,0.7163461
250.2966,0.7163461
250.3167,0.7163461
250.3367,0.7163461
250.3567,0.7163461
250.3767,0.7163461
250.3967,0.7163461
250.4167,0.7163461
250.4367,0.7163461
250.4567,0.7163461
250.4767,0.7163461
250.4967,0.7163461
250.5167,0.7163461
250.5367,0.7163461
250.5567,0.7163461
250.5767,0.7163461
250.5967,0.7163461
250.6167,0.7163461
250.6367,0.7163461
250.6567,0.7163461
250.6767,0.7163461
250.6967,0.7163461
250.7167,0.7163461
250.7367,0.7163461
250.7567,0.7163461
250.7767,0.7163461
250.7968,0.7163461
250.8168,0.7163461
250.8368,0.7163461
250.8568,0.7163461
250.8768,0.7163461
250.8968,0.7163461
250.9168,0.7163461
250.9368,0.7163461
250.9568,0.7163461
250.9768,0.7163461
250.9968,0.7163461
251.0168,0.7163461
251.0368,0.7163461
251.0568,0.7163461
251.0768,0.7163461
251.0968,0.7163461
251.1168,0.7163461
251.1368,0.7163461
251.1568,0.7163461
251.1768,0.7163461
251.1968,0.7163461
251.2168,0.7163461
251.2368,0.7163461
251.2569,0.7163461
251.2769,0.7163461
251.2969,0.7163461
251.3169,0.7163461
251.3369,0.7163461
251.3569,0.7163461
251.3769,0.7163461
251.3969,0.7163461
251.4169,0.7163461
251.4369,0.7163461
251.4569,0.7163461
251.4769,0.7163461
251.4969,0.7163461
251.5169,0.7163461
251.5369,0.7163461
251.5569,0.7163461
251.5769,0.7163461
251.5969,0.7163461
251.6169,0.7163461
251.6369,0.7163461
251.6569,0.7163461
251.6769,0.7163461
251.6969,0.7163461
251.7169,0.7163461
251.737,0.7163461
251.757,0.7163461
251.777,0.7163461
251.797,0.7163461
251.817,0.7163461
251.837,0.7163461
251.857,0.7163461
251.877,0.7163461
251.897,0.7163461
251.917,0.7163461
251.937,0.7163461
251.957,0.7163461
251.977,0.7163461
251.997,0.7163461
252.017,0.7163461
252.037,0.7163461
252.057,0.7163461
252.077,0.7163461
252.097,0.7163461
252.117,0.7163461
252.137,0.7163461
252.157,0.7163461
252.177,0.7163461
252.1971,0.7163461
252.2171,0.7163461
252.2371,0.7163461
252.2571,0.7163461
252.2771,0.7163461
252.2971,0.7163461
252.3171,0.7163461
252.3371,0.7163461
252.3571,0.7163461
252.3771,0.7163461
252.3971,0.7163461
252.4171,0.7163461
252.4371,0.7163461
252.4571,0.7163461
252.4771,0.7163461
252.4971,0.7163461
252.5171,0.7163461
252.5371,0.7163461
252.5571,0.7163461
252.5771,0.7163461
252.5971,0.7163461
252.6171,0.7163461
252.6371,0.7163461
252.6572,0.7163461
252.6772,0.7163461
252.6972,0.7163461
252.7172,0.7163461
252.7372,0.7163461
252.7572,0.7163461
252.7772,0.7163461
252.7972,0.7211539
252.8172,0.7211539
252.8372,0.7211539
252.8572,0.7211539
252.8772,0.7211539
252.8972,0.7211539
252.9172,0.7211539
252.9372,0.7211539
252.9572,0.7211539
252.9772,0.7211539
252.9972,0.7211539
253.0172,0.7211539
253.0372,0.7211539
253.0572,0.7211539
253.0772,0.7211539
253.0972,0.7211539
253.1172,0.7211539
253.1373,0.7211539
253.1573,0.7211539
253.1773,0.7211539
253.1973,0.7211539
253.2173,0.7211539
253.2373,0.7211539
253.2573,0.7211539
253.2773,0.7211539
253.2973,0.7211539
253.3173,0.7211539
253.3373,0.7211539
253.3573,0.7211539
253.3773,0.7211539
253.3973,0.7211539
253.4173,0.7211539
253.4373,0.7211539
253.4573,0.7211539
253.4773,0.7211539
253.4973,0.7211539
253.5173,0.7211539
253.5373,0.7211539
253.5573,0.7211539
253.5773,0.7211539
253.5974,0.7211539
253.6174,0.7211539
253.6374,0.7211539
253.6574,0.7211539
253.6774,0.7211539
253.6974,0.7211539
253.7174,0.7211539
253.7374,0.7211539
253.7574,0.7211539
253.7774,0.7211539
253.7974,0.7211539
253.8174,0.7211539
253.8374,0.7211539
253.8574,0.7211539
253.8774,0.7211539
253.8974,0.7211539
253.9174,0.7211539
253.9374,0.7211539
253.9574,0.7211539
253.9774,0.7211539
253.9974,0.7211539
254.0174,0.7211539
254.0374,0.7211539
254.0574,0.7211539
254.0775,0.7211539
254.0975,0.7211539
254.1175,0.7211539
254.1375,0.7211539
254.1575,0.7211539
254.1775,0.7211539
254.1975,0.7211539
254.2175,0.7211539
254.2375,0.7307692
254.2575,0.7307692
254.2775,0.7307692
254.2975,0.7307692
254.3175,0.7307692
254.3375,0.7307692
254.3575,0.7307692
254.3775,0.7307692
254.3975,0.7307692
254.4175,0.7307692
254.4375,0.7307692
254.4575,0.7307692
254.4775,0.7307692
254.4975,0.7307692
254.5175,0.7307692
254.5376,0.7307692
254.5576,0.7307692
254.5776,0.7307692
254.5976,0.7307692
254.6176,0.7307692
254.6376,0.7307692
254.6576,0.7307692
254.6776,0.7307692
254.6976,0.7307692
254.7176,0.7307692
254.7376,0.7307692
254.7576,0.7307692
254.7776,0.7307692
254.7976,0.7307692
254.8176,0.7307692
254.8376,0.7307692
254.8576,0.7307692
254.8776,0.7307692
254.8976,0.7307692
254.9176,0.7307692
254.9376,0.7307692
254.9576,0.7307692
254.9776,0.7307692
254.9977,0.7307692
255.0177,0.7307692
255.0377,0.7307692
255.0577,0.7307692
255.0777,0.7307692
255.0977,0.7307692
255.1177,0.7307692
255.1377,0.7307692
255.1577,0.7307692
255.1777,0.7307692
255.1977,0.7307692
255.2177,0.7307692
255.2377,0.7307692
255.2577,0.7307692
255.2777,0.7307692
255.2977,0.7307692
255.3177,0.7307692
255.3377,0.7307692
255.3577,0.7307692
255.3777,0.7307692
255.3977,0.7307692
255.4177,0.7307692
255.4377,0.7307692
255.4577,0.7307692
255.4778,0.7307692
255.4978,0.7307692
255.5178,0.7307692
255.5378,0.7307692
255.5578,0.7307692
255.5778,0.7307692
255.5978,0.7307692
255.6178,0.7307692
255.6378,0.7307692
255.6578,0.7307692
255.6778,0.7307692
255.6978,0.7307692
255.7178,0.7307692
255.7378,0.7307692
255.7578,0.7307692
255.7778,0.7307692
255.7978,0.7307692
255.8178,0.7307692
255.8378,0.7307692
255.8578,0.7307692
255.8778,0.7307692
255.8978,0.7307692
255.9178,0.7307692
255.9379,0.7307692
255.9579,0.7307692
255.9779,0.7307692
255.9979,0.7307692
256.0179,0.7307692
256.0378,0.7307692
256.0578,0.7307692
256.0778,0.7307692
256.0978,0.7307692
256.1178,0.7307692
256.1378,0.7307692
256.1578,0.7355769
256.1778,0.7355769
256.1978,0.7355769
256.2177,0.7355769
256.2377,0.7355769
256.2577,0.7355769
256.2777,0.7355769
256.2977,0.7355769
256.3177,0.7355769
256.3377,0.7355769
256.3577,0.7355769
256.3777,0.7355769
256.3976,0.7355769
256.4176,0.7355769
256.4376,0.7355769
256.4576,0.7355769
256.4776,0.7355769
256.4976,0.7355769
256.5176,0.7355769
256.5376,0.7355769
256.5576,0.7355769
256.5775,0.7355769
256.5975,0.7355769
256.6175,0.7355769
256.6375,0.7355769
256.6575,0.7355769
256.6775,0.7355769
256.6975,0.7355769
256.7175,0.7355769
256.7375,0.7355769
256.7574,0.7355769
256.7774,0.7355769
256.7974,0.7355769
256.8174,0.7355769
256.8374,0.7355769
256.8574,0.7355769
256.8774,0.7355769
256.8974,0.7355769
256.9174,0.7355769
256.9373,0.7355769
256.9573,0.7355769
256.9773,0.7355769
256.9973,0.7355769
257.0173,0.7355769
257.0373,0.7355769
257.0573,0.7355769
257.0773,0.7355769
257.0973,0.7355769
257.1172,0.7355769
257.1372,0.7355769
257.1572,0.7355769
257.1772,0.7355769
257.1972,0.7355769
257.2172,0.7355769
257.2372,0.7355769
257.2572,0.7355769
257.2772,0.7355769
257.2971,0.7355769
257.3171,0.7355769
257.3371,0.7355769
257.3571,0.7355769
257.3771,0.7355769
257.3971,0.7355769
257.4171,0.7355769
257.4371,0.7355769
257.4571,0.7355769
257.4771,0.7355769
257.497,0.7355769
257.517,0.7355769
257.537,0.7355769
257.557,0.7355769
257.577,0.7355769
257.597,0.7355769
257.617,0.7355769
257.637,0.7355769
257.657,0.7355769
257.6769,0.7355769
257.6969,0.7355769
257.7169,0.7355769
257.7369,0.7355769
257.7569,0.7355769
257.7769,0.7355769
257.7969,0.7355769
257.8169,0.7355769
257.8369,0.7355769
257.8568,0.7355769
257.8768,0.7355769
257.8968,0.7355769
257.9168,0.7355769
257.9368,0.7355769
257.9568,0.7355769
257.9768,0.7355769
257.9968,0.7355769
258.0168,0.7355769
258.0367,0.7355769
258.0567,0.7355769
258.0767,0.7355769
258.0967,0.7355769
258.1167,0.7355769
258.1367,0.7355769
258.1567,0.7355769
258.1767,0.7355769
258.1967,0.7355769
258.2166,0.7355769
258.2366,0.7355769
258.2566,0.7355769
258.2766,0.7355769
258.2966,0.7355769
258.3166,0.7355769
258.3366,0.7355769
258.3566,0.7355769
258.3766,0.7355769
258.3965,0.7355769
258.4165,0.7355769
258.4365,0.7355769
258.4565,0.7355769
258.4765,0.7355769
258.4965,0.7355769
258.5165,0.7355769
258.5365,0.7355769
258.5565,0.7355769
258.5764,0.7355769
258.5964,0.7355769
258.6164,0.7355769
258.6364,0.7355769
258.6564,0.7355769
258.6764,0.7355769
258.6964,0.7355769
258.7164,0.7355769
258.7364,0.7355769
258.7563,0.7355769
258.7763,0.7355769
258.7963,0.7355769
258.8163,0.7355769
258.8363,0.7355769
258.8563,0.7355769
258.8763,0.7355769
258.8963,0.7355769
258.9163,0.7355769
258.9362,0.7355769
258.9562,0.7355769
258.9762,0.7355769
258.9962,0.7355769
259.0162,0.7355769
259.0362,0.7355769
259.0562,0.7355769
259.0762,0.7355769
259.0962,0.7355769
259.1161,0.7355769
259.1361,0.7355769
259.1561,0.7355769
259.1761,0.7355769
259.1961,0.7355769
259.2161,0.7355769
259.2361,0.7355769
259.2561,0.7355769
259.2761,0.7355769
259.2961,0.7355769
259.316,0.7355769
259.336,0.7355769
259.356,0.7355769
259.376,0.7355769
259.396,0.7355769
259.416,0.7355769
259.436,0.7355769
259.456,0.7355769
259.476,0.7355769
259.4959,0.7355769
259.5159,0.7355769
259.5359,0.7355769
259.5559,0.7355769
259.5759,0.7355769
259.5959,0.7355769
259.6159,0.7355769
259.6359,0.7355769
259.6559,0.7355769
259.6758,0.7355769
259.6958,0.7355769
259.7158,0.7355769
259.7358,0.7355769
259.7558,0.7355769
259.7758,0.7355769
259.7958,0.7355769
259.8158,0.7355769
259.8358,0.7355769
259.8557,0.7355769
259.8757,0.7355769
259.8957,0.7355769
259.9157,0.7355769
259.9357,0.7355769
259.9557,0.7355769
259.9757,0.7355769
259.9957,0.7355769
260.0157,0.7355769
260.0356,0.7355769
260.0556,0.7355769
260.0756,0.7355769
260.0956,0.7355769
260.1156,0.7355769
260.1356,0.7355769
260.1556,0.7355769
260.1756,0.7355769
260.1956,0.7355769
260.2155,0.7355769
260.2355,0.7355769
260.2555,0.7355769
260.2755,0.7355769
260.2955,0.7355769
260.3155,0.7355769
260.3355,0.7355769
260.3555,0.7355769
260.3755,0.7355769
260.3954,0.7355769
260.4154,0.7355769
260.4354,0.7355769
260.4554,0.7355769
260.4754,0.7355769
260.4954,0.7355769
260.5154,0.7355769
260.5354,0.7355769
260.5554,0.7355769
260.5753,0.7355769
260.5953,0.7355769
260.6153,0.7355769
260.6353,0.7355769
260.6553,0.7355769
260.6753,0.7355769
260.6953,0.7355769
260.7153,0.7355769
260.7353,0.7355769
260.7552,0.7355769
260.7752,0.7355769
260.7952,0.7355769
260.8152,0.7355769
260.8352,0.7355769
260.8552,0.7355769
260.8752,0.7355769
260.8952,0.7355769
260.9152,0.7355769
260.9352,0.7355769
260.9551,0.7355769
260.9751,0.7355769
260.9951,0.7355769
261.0151,0.7355769
261.0351,0.7355769
261.0551,0.7355769
261.0751,0.7355769
261.0951,0.7355769
261.1151,0.7355769
261.135,0.7355769
261.155,0.7355769
261.175,0.7355769
261.195,0.7355769
261.215,0.7355769
261.235,0.7355769
261.255,0.7355769
261.275,0.7355769
261.295,0.7355769
261.3149,0.7355769
261.3349,0.7355769
261.3549,0.7355769
261.3749,0.7355769
261.3949,0.7355769
261.4149,0.7355769
261.4349,0.7355769
261.4549,0.7355769
261.4749,0.7355769
261.4948,0.7355769
261.5148,0.7355769
261.5348,0.7355769
261.5548,0.7355769
261.5748,0.7355769
261.5948,0.7355769
261.6148,0.7355769
261.6348,0.7355769
261.6548,0.7355769
261.6747,0.7355769
261.6947,0.7355769
261.7147,0.7355769
261.7347,0.7355769
261.7547,0.7355769
261.7747,0.7355769
261.7947,0.7355769
261.8147,0.7355769
261.8347,0.7355769
261.8546,0.7355769
261.8746,0.7355769
261.8946,0.7355769
261.9146,0.7355769
261.9346,0.7355769
261.9546,0.7355769
261.9746,0.7355769
261.9946,0.7355769
262.0146,0.7355769
262.0345,0.7355769
262.0545,0.7355769
262.0745,0.7355769
262.0945,0.7355769
262.1145,0.7355769
262.1345,0.7355769
262.1545,0.7355769
262.1745,0.7355769
262.1945,0.7355769
262.2144,0.7355769
262.2344,0.7355769
262.2544,0.7355769
262.2744,0.7355769
262.2944,0.7355769
262.3144,0.7355769
262.3344,0.7355769
262.3544,0.7355769
262.3744,0.7355769
262.3943,0.7355769
262.4143,0.7355769
262.4343,0.7355769
262.4543,0.7355769
262.4743,0.7355769
262.4943,0.7355769
262.5143,0.7355769
262.5343,0.7355769
262.5543,0.7355769
262.5742,0.7355769
262.5942,0.7355769
262.6142,0.7355769
262.6342,0.7355769
262.6542,0.7355769
262.6742,0.7355769
262.6942,0.7355769
262.7142,0.7355769
262.7342,0.7355769
262.7542,0.7355769
262.7741,0.7355769
262.7941,0.7355769
262.8141,0.7355769
262.8341,0.7355769
262.8541,0.7355769
262.8741,0.7355769
262.8941,0.7355769
262.9141,0.7355769
262.9341,0.7355769
262.954,0.7355769
262.974,0.7355769
262.994,0.7355769
263.014,0.7355769
263.034,0.7355769
263.054,0.7355769
263.074,0.7355769
263.094,0.7355769
263.114,0.7355769
263.1339,0.7355769
263.1539,0.7355769
263.1739,0.7355769
263.1939,0.7355769
263.2139,0.7355769
263.2339,0.7355769
263.2539,0.7355769
263.2739,0.7355769
263.2939,0.7355769
263.3138,0.7355769
263.3338,0.7355769
263.3538,0.7355769
263.3738,0.7355769
263.3938,0.7355769
263.4138,0.7355769
263.4338,0.7355769
263.4538,0.7355769
263.4738,0.7355769
263.4937,0.7355769
263.5137,0.7355769
263.5337,0.7355769
263.5537,0.7355769
263.5737,0.7355769
263.5937,0.7355769
263.6137,0.7355769
263.6337,0.7355769
263.6537,0.7355769
263.6736,0.7355769
263.6936,0.7355769
263.7136,0.7355769
263.7336,0.7355769
263.7536,0.7355769
263.7736,0.7355769
263.7936,0.7355769
263.8136,0.7355769
263.8336,0.7355769
263.8535,0.7355769
263.8735,0.7355769
263.8935,0.7355769
263.9135,0.7355769
263.9335,0.7355769
263.9535,0.7355769
263.9735,0.7355769
263.9935,0.7355769
264.0135,0.7355769
264.0334,0.7355769
264.0534,0.7355769
264.0734,0.7355769
264.0934,0.7355769
264.1134,0.7355769
264.1334,0.7355769
264.1534,0.7355769
264.1734,0.7355769
264.1934,0.7355769
264.2133,0.7355769
264.2333,0.7355769
264.2533,0.7355769
264.2733,0.7355769
264.2933,0.7355769
264.3133,0.7355769
264.3333,0.7355769
264.3533,0.7355769
264.3733,0.7355769
264.3932,0.7355769
264.4132,0.7355769
264.4332,0.7355769
264.4532,0.7355769
264.4732,0.7355769
264.4932,0.7355769
264.5132,0.7355769
264.5332,0.7355769
264.5532,0.7355769
264.5732,0.7355769
264.5931,0.7355769
264.6131,0.7355769
264.6331,0.7355769
264.6531,0.7355769
264.6731,0.7355769
264.6931,0.7355769
264.7131,0.7355769
264.7331,0.7355769
264.7531,0.7355769
264.773,0.7355769
264.793,0.7355769
264.813,0.7355769
264.833,0.7355769
264.853,0.7355769
264.873,0.7355769
264.893,0.7355769
264.913,0.7355769
264.933,0.7355769
264.9529,0.7355769
264.9729,0.7355769
264.9929,0.7355769
265.0129,0.7355769
265.0329,0.7355769
265.0529,0.7355769
265.0729,0.7355769
265.0929,0.7355769
265.1129,0.7355769
265.1328,0.7355769
265.1528,0.7355769
265.1728,0.7355769
265.1928,0.7355769
265.2128,0.7355769
265.2328,0.7355769
265.2528,0.7355769
265.2728,0.7355769
265.2928,0.7355769
265.3127,0.7355769
265.3327,0.7355769
265.3527,0.7355769
265.3727,0.7355769
265.3927,0.7355769
265.4127,0.7355769
265.4327,0.7355769
265.4527,0.7355769
265.4727,0.7355769
265.4926,0.7355769
265.5126,0.7355769
265.5326,0.7355769
265.5526,0.7355769
265.5726,0.7355769
265.5926,0.7355769
265.6126,0.7355769
265.6326,0.7355769
265.6526,0.7355769
265.6725,0.7355769
265.6925,0.7355769
265.7125,0.7355769
265.7325,0.7355769
265.7525,0.7355769
265.7725,0.7355769
265.7925,0.7355769
265.8125,0.7355769
265.8325,0.7355769
265.8524,0.7403846
265.8724,0.7403846
265.8924,0.7403846
265.9124,0.7403846
265.9324,0.7403846
265.9524,0.7403846
265.9724,0.7403846
265.9924,0.7403846
266.0124,0.7403846
266.0323,0.7403846
266.0523,0.7403846
266.0723,0.7403846
266.0923,0.7403846
266.1123,0.7403846
266.1323,0.7403846
266.1523,0.7403846
266.1723,0.7403846
266.1923,0.7403846
266.2122,0.7403846
266.2322,0.7403846
266.2522,0.7403846
266.2722,0.7403846
266.2922,0.7403846
266.3122,0.7403846
266.3322,0.7403846
266.3522,0.7403846
266.3722,0.7403846
266.3922,0.7403846
266.4121,0.7403846
266.4321,0.7403846
266.4521,0.7403846
266.4721,0.7403846
266.4921,0.7403846
266.5121,0.7403846
266.5321,0.7403846
266.5521,0.7403846
266.5721,0.7403846
266.592,0.7403846
266.612,0.7403846
266.632,0.7403846
266.652,0.7403846
266.672,0.7403846
266.692,0.7403846
266.712,0.7403846
266.732,0.7403846
266.752,0.7403846
266.7719,0.7403846
266.7919,0.7403846
266.8119,0.7403846
266.8319,0.7403846
266.8519,0.7403846
266.8719,0.7403846
266.8919,0.7403846
266.9119,0.7403846
266.9319,0.7403846
266.9518,0.7403846
266.9718,0.7403846
266.9918,0.7403846
267.0118,0.7403846
267.0318,0.7403846
267.0518,0.7403846
267.0718,0.7403846
267.0918,0.7403846
267.1118,0.7403846
267.1317,0.7403846
267.1517,0.7403846
267.1717,0.7403846
267.1917,0.7403846
267.2117,0.7403846
267.2317,0.7403846
267.2517,0.7403846
267.2717,0.7403846
267.2917,0.7403846
267.3116,0.7403846
267.3316,0.7403846
267.3516,0.7403846
267.3716,0.7403846
267.3916,0.7403846
267.4116,0.7403846
267.4316,0.7403846
267.4516,0.7403846
267.4716,0.7403846
267.4915,0.7403846
267.5115,0.7403846
267.5315,0.7403846
267.5515,0.7403846
267.5715,0.7403846
267.5915,0.7403846
267.6115,0.7403846
267.6315,0.7403846
267.6515,0.7403846
267.6714,0.7403846
267.6914,0.7403846
267.7114,0.7403846
267.7314,0.7403846
267.7514,0.7403846
267.7714,0.7403846
267.7914,0.7403846
267.8114,0.7403846
267.8314,0.7403846
267.8513,0.7403846
267.8713,0.7403846
267.8913,0.7403846
267.9113,0.7403846
267.9313,0.7403846
267.9513,0.7403846
267.9713,0.7403846
267.9913,0.7403846
268.0113,0.7403846
268.0313,0.7403846
268.0512,0.7403846
268.0712,0.7403846
268.0912,0.7403846
268.1112,0.7403846
268.1312,0.7403846
268.1512,0.7403846
268.1712,0.7403846
268.1912,0.7403846
268.2112,0.7403846
268.2311,0.7403846
268.2511,0.7403846
268.2711,0.7403846
268.2911,0.7403846
268.3111,0.7403846
268.3311,0.7403846
268.3511,0.7403846
268.3711,0.7403846
268.3911,0.7403846
268.411,0.7403846
268.431,0.7403846
268.451,0.7403846
268.471,0.7403846
268.491,0.7403846
268.511,0.7403846
268.531,0.7403846
268.551,0.7403846
268.571,0.7403846
268.5909,0.7403846
268.6109,0.7403846
268.6309,0.7403846
268.6509,0.7403846
268.6709,0.7403846
268.6909,0.7403846
268.7109,0.7403846
268.7309,0.7403846
268.7509,0.7403846
268.7708,0.7403846
268.7908,0.7403846
268.8108,0.7403846
268.8308,0.7403846
268.8508,0.7403846
268.8708,0.7403846
268.8908,0.7403846
268.9108,0.7403846
268.9308,0.7403846
268.9507,0.7403846
268.9707,0.7403846
268.9907,0.7403846
269.0107,0.7403846
269.0307,0.7403846
269.0507,0.7403846
269.0707,0.7403846
269.0907,0.7403846
269.1107,0.7403846
269.1306,0.7403846
269.1506,0.7403846
269.1706,0.7403846
269.1906,0.7403846
269.2106,0.7403846
269.2306,0.7403846
269.2506,0.7403846
269.2706,0.7403846
269.2906,0.7403846
269.3105,0.7403846
269.3305,0.7403846
269.3505,0.7403846
269.3705,0.7403846
269.3905,0.7403846
269.4105,0.7403846
269.4305,0.7403846
269.4505,0.7403846
269.4705,0.7403846
269.4904,0.7403846
269.5104,0.7403846
269.5304,0.7403846
269.5504,0.7403846
269.5704,0.7403846
269.5904,0.7403846
269.6104,0.7403846
269.6304,0.7403846
269.6504,0.7403846
269.6703,0.7403846
269.6903,0.7403846
269.7103,0.7403846
269.7303,0.7403846
269.7503,0.7403846
269.7703,0.7403846
269.7903,0.7403846
269.8103,0.7403846
269.8303,0.7403846
269.8503,0.7403846
269.8702,0.7403846
269.8902,0.7403846
269.9102,0.7403846
269.9302,0.7403846
269.9502,0.7403846
269.9702,0.7403846
269.9902,0.7403846
270.0102,0.7403846
270.0302,0.7403846
270.0501,0.7403846
270.0701,0.7403846
270.0901,0.7403846
270.1101,0.7403846
270.1301,0.7403846
270.1501,0.7403846
270.1701,0.7403846
270.1901,0.7403846
270.2101,0.7403846
270.23,0.7403846
270.25,0.7403846
270.27,0.7403846
270.29,0.7403846
270.31,0.7403846
270.33,0.7403846
270.35,0.7403846
270.37,0.7403846
270.39,0.7403846
270.4099,0.7403846
270.4299,0.7403846
270.4499,0.7403846
270.4699,0.7403846
270.4899,0.7403846
270.5099,0.7403846
270.5299,0.7403846
270.5499,0.7403846
270.5699,0.7403846
270.5898,0.7403846
270.6098,0.7403846
270.6298,0.7403846
270.6498,0.7403846
270.6698,0.7403846
270.6898,0.7403846
270.7098,0.7403846
270.7298,0.7403846
270.7498,0.7403846
270.7697,0.7403846
270.7897,0.7403846
270.8097,0.7403846
270.8297,0.7403846
270.8497,0.7403846
270.8697,0.7403846
270.8897,0.7403846
270.9097,0.7403846
270.9297,0.7403846
270.9496,0.7403846
270.9696,0.7403846
270.9896,0.7403846
271.0096,0.7403846
271.0296,0.7403846
271.0496,0.7403846
271.0696,0.7403846
271.0896,0.7403846
271.1096,0.7403846
271.1295,0.7403846
271.1495,0.7403846
271.1695,0.7403846
271.1895,0.7403846
271.2095,0.7403846
271.2295,0.7403846
271.2495,0.7403846
271.2695,0.7403846
271.2895,0.7403846
271.3094,0.7403846
271.3294,0.7403846
271.3494,0.7403846
271.3694,0.7403846
271.3894,0.7403846
271.4094,0.7403846
271.4294,0.7403846
271.4494,0.7403846
271.4694,0.7403846
271.4893,0.7403846
271.5093,0.7403846
271.5293,0.7403846
271.5493,0.7403846
271.5693,0.7403846
271.5893,0.7403846
271.6093,0.7403846
271.6293,0.7403846
271.6493,0.7403846
271.6693,0.7403846
271.6892,0.7403846
271.7092,0.7403846
271.7292,0.7403846
271.7492,0.7403846
271.7692,0.7403846
271.7892,0.7403846
271.8092,0.7403846
271.8292,0.7403846
271.8492,0.7403846
271.8691,0.7403846
271.8891,0.7403846
271.9091,0.7403846
271.9291,0.7403846
271.9491,0.7403846
271.9691,0.7403846
271.9891,0.7403846
272.0091,0.7403846
272.0291,0.7403846
272.049,0.7403846
272.069,0.7403846
272.089,0.7403846
272.109,0.7403846
272.129,0.7403846
272.149,0.7403846
272.169,0.7403846
272.189,0.7403846
272.209,0.7403846
272.2289,0.7403846
272.2489,0.7403846
272.2689,0.7403846
272.2889,0.7403846
272.3089,0.7403846
272.3289,0.7403846
272.3489,0.7403846
272.3689,0.7403846
272.3889,0.7403846
272.4088,0.7403846
272.4288,0.7403846
272.4488,0.7403846
272.4688,0.7403846
272.4888,0.7403846
272.5088,0.7403846
272.5288,0.7403846
272.5488,0.7403846
272.5688,0.7403846
272.5887,0.7403846
272.6087,0.7403846
272.6287,0.7403846
272.6487,0.7403846
272.6687,0.7403846
272.6887,0.7403846
272.7087,0.7403846
272.7287,0.7403846
272.7487,0.7403846
272.7686,0.7403846
272.7886,0.7403846
272.8086,0.7403846
272.8286,0.7403846
272.8486,0.7403846
272.8686,0.7403846
272.8886,0.7403846
272.9086,0.7403846
272.9286,0.7403846
272.9485,0.7403846
272.9685,0.7403846
272.9885,0.7403846
273.0085,0.7403846
273.0285,0.7403846
273.0485,0.7403846
273.0685,0.7403846
273.0885,0.7403846
273.1085,0.7403846
273.1284,0.7403846
273.1484,0.7403846
273.1684,0.7403846
273.1884,0.7403846
273.2084,0.7403846
273.2284,0.7403846
273.2484,0.7403846
273.2684,0.7403846
273.2884,0.7403846
273.3083,0.7403846
273.3283,0.7403846
273.3483,0.7403846
273.3683,0.7403846
273.3883,0.7403846
273.4083,0.7403846
273.4283,0.7403846
273.4483,0.7403846
273.4683,0.7403846
273.4883,0.7403846
273.5082,0.7403846
273.5282,0.7403846
273.5482,0.7403846
273.5682,0.7403846
273.5882,0.7403846
273.6082,0.7403846
273.6282,0.7403846
273.6482,0.7403846
273.6682,0.7403846
273.6881,0.7403846
273.7081,0.7403846
273.7281,0.7403846
273.7481,0.7403846
273.7681,0.7403846
273.7881,0.7403846
273.8081,0.7403846
273.8281,0.7403846
273.8481,0.7403846
273.868,0.7403846
273.888,0.7403846
273.908,0.7403846
273.928,0.7403846
273.948,0.7403846
273.968,0.7403846
273.988,0.7403846
274.008,0.7403846
274.028,0.7403846
274.0479,0.7403846
274.0679,0.7403846
274.0879,0.7403846
274.1079,0.7403846
274.1279,0.7403846
274.1479,0.7403846
274.1679,0.7403846
274.1879,0.7403846
274.2079,0.7403846
274.2278,0.7403846
274.2478,0.7403846
274.2678,0.7403846
274.2878,0.7403846
274.3078,0.7403846
274.3278,0.7403846
274.3478,0.7403846
274.3678,0.7403846
274.3878,0.7403846
274.4077,0.7403846
274.4277,0.7403846
274.4477,0.7403846
274.4677,0.7403846
274.4877,0.7403846
274.5077,0.7403846
274.5277,0.7403846
274.5477,0.7403846
274.5677,0.7403846
274.5876,0.7403846
274.6076,0.7403846
274.6276,0.7403846
274.6476,0.7403846
274.6676,0.7403846
274.6876,0.7403846
274.7076,0.7403846
274.7276,0.7403846
274.7476,0.7403846
274.7675,0.7403846
274.7875,0.7451923
274.8075,0.7451923
274.8275,0.7451923
274.8475,0.7451923
274.8675,0.7451923
274.8875,0.7451923
274.9075,0.7451923
274.9275,0.7451923
274.9474,0.7451923
274.9674,0.7451923
274.9874,0.7451923
275.0074,0.7451923
275.0274,0.7451923
275.0474,0.7451923
275.0674,0.7451923
275.0874,0.7451923
275.1074,0.7451923
275.1273,0.7451923
275.1473,0.7451923
275.1673,0.7451923
275.1873,0.7451923
275.2073,0.7451923
275.2273,0.7451923
275.2473,0.7451923
275.2673,0.7451923
275.2873,0.7451923
275.3073,0.7451923
275.3272,0.7451923
275.3472,0.7451923
275.3672,0.7451923
275.3872,0.7451923
275.4072,0.7451923
275.4272,0.7451923
275.4472,0.7451923
275.4672,0.7451923
275.4872,0.7451923
275.5071,0.7451923
275.5271,0.7451923
275.5471,0.7451923
275.5671,0.7451923
275.5871,0.7451923
275.6071,0.7451923
275.6271,0.7451923
275.6471,0.7451923
275.6671,0.7451923
275.687,0.7451923
275.707,0.7451923
275.727,0.7451923
275.747,0.7451923
275.767,0.7451923
275.787,0.7451923
275.807,0.7451923
275.827,0.7451923
275.847,0.7451923
275.8669,0.7451923
275.8869,0.7451923
275.9069,0.7451923
275.9269,0.7451923
275.9469,0.7451923
275.9669,0.7451923
275.9869,0.7451923
276.0069,0.7451923
276.0269,0.7451923
276.0468,0.7451923
276.0668,0.7451923
276.0868,0.7451923
276.1068,0.7451923
276.1268,0.7451923
276.1468,0.7451923
276.1668,0.7451923
276.1868,0.7451923
276.2068,0.7451923
276.2267,0.7451923
276.2467,0.7451923
276.2667,0.7451923
276.2867,0.7451923
276.3067,0.7451923
276.3267,0.7451923
276.3467,0.7451923
276.3667,0.7451923
276.3867,0.7451923
276.4066,0.7451923
276.4266,0.7451923
276.4466,0.7451923
276.4666,0.7451923
276.4866,0.7451923
276.5066,0.7451923
276.5266,0.7451923
276.5466,0.7451923
276.5666,0.7451923
276.5865,0.7451923
276.6065,0.7451923
276.6265,0.7451923
276.6465,0.7451923
276.6665,0.7451923
276.6865,0.7451923
276.7065,0.7451923
276.7265,0.7451923
276.7465,0.7451923
276.7664,0.7451923
276.7864,0.7451923
276.8064,0.7451923
276.8264,0.7451923
276.8464,0.7451923
276.8664,0.7451923
276.8864,0.7451923
276.9064,0.7451923
276.9264,0.7451923
276.9464,0.7451923
276.9663,0.7451923
276.9863,0.7451923
277.0063,0.7451923
277.0263,0.7451923
277.0463,0.7451923
277.0663,0.7451923
277.0863,0.7451923
277.1063,0.7451923
277.1263,0.7451923
277.1462,0.7451923
277.1662,0.7451923
277.1862,0.7451923
277.2062,0.7451923
277.2262,0.7451923
277.2462,0.7451923
277.2662,0.7451923
277.2862,0.7451923
277.3062,0.7451923
277.3261,0.7451923
277.3461,0.7451923
277.3661,0.7451923
277.3861,0.7451923
277.4061,0.7451923
277.4261,0.7451923
277.4461,0.7451923
277.4661,0.7451923
277.4861,0.7451923
277.506,0.7451923
277.526,0.7451923
277.546,0.7451923
277.566,0.7451923
277.586,0.7451923
277.606,0.7548077
277.626,0.7548077
277.646,0.7548077
277.666,0.7548077
277.6859,0.7548077
277.7059,0.7548077
277.7259,0.7548077
277.7459,0.7548077
277.7659,0.7548077
277.7859,0.7548077
277.8059,0.7548077
277.8259,0.7548077
277.8459,0.7548077
277.8658,0.7548077
277.8858,0.7548077
277.9058,0.7548077
277.9258,0.7548077
277.9458,0.7548077
277.9658,0.7548077
277.9858,0.7548077
278.0058,0.7548077
278.0258,0.7548077
278.0457,0.7548077
278.0657,0.7548077
278.0857,0.7548077
278.1057,0.7548077
278.1257,0.7548077
278.1457,0.7548077
278.1657,0.7548077
278.1857,0.7548077
278.2057,0.7548077
278.2256,0.7548077
278.2456,0.7548077
278.2656,0.7548077
278.2856,0.7548077
278.3056,0.7548077
278.3256,0.7548077
278.3456,0.7548077
278.3656,0.7548077
278.3856,0.7548077
278.4055,0.7548077
278.4255,0.7548077
278.4455,0.7548077
278.4655,0.7548077
278.4855,0.7548077
278.5055,0.7548077
278.5255,0.7548077
278.5455,0.7548077
278.5655,0.7548077
278.5854,0.7548077
278.6054,0.7548077
278.6254,0.7548077
278.6454,0.7548077
278.6654,0.7548077
278.6854,0.7548077
278.7054,0.7548077
278.7254,0.7548077
278.7454,0.7548077
278.7654,0.7548077
278.7853,0.7548077
278.8053,0.7548077
278.8253,0.7548077
278.8453,0.7548077
278.8653,0.7548077
278.8853,0.7548077
278.9053,0.7548077
278.9253,0.7548077
278.9453,0.7548077
278.9652,0.7548077
278.9852,0.7548077
279.0052,0.7548077
279.0252,0.7548077
279.0452,0.7548077
279.0652,0.7548077
279.0852,0.7548077
279.1052,0.7548077
279.1252,0.7548077
279.1451,0.7548077
279.1651,0.7548077
279.1851,0.7548077
279.2051,0.7548077
279.2251,0.7548077
279.2451,0.7548077
279.2651,0.7548077
279.2851,0.7548077
279.3051,0.7548077
279.325,0.7548077
279.345,0.7548077
279.365,0.7548077
279.385,0.7548077
279.405,0.7548077
279.425,0.7548077
279.445,0.7548077
279.465,0.7548077
279.485,0.7548077
279.5049,0.7548077
279.5249,0.7548077
279.5449,0.7548077
279.5649,0.7548077
279.5849,0.7548077
279.6049,0.7548077
279.6249,0.7548077
279.6449,0.7548077
279.6649,0.7548077
279.6848,0.7548077
279.7048,0.7548077
279.7248,0.7548077
279.7448,0.7548077
279.7648,0.7548077
279.7848,0.7548077
279.8048,0.7548077
279.8248,0.7548077
279.8448,0.7548077
279.8647,0.7548077
279.8847,0.7548077
279.9047,0.7548077
279.9247,0.7548077
279.9447,0.7548077
279.9647,0.7548077
279.9847,0.7548077
280.0047,0.7548077
280.0247,0.7548077
280.0446,0.7548077
280.0646,0.7548077
280.0846,0.7548077
280.1046,0.7548077
280.1246,0.7548077
280.1446,0.7548077
280.1646,0.7548077
280.1846,0.7548077
280.2046,0.7548077
280.2245,0.7548077
280.2445,0.7548077
280.2645,0.7548077
280.2845,0.7548077
280.3045,0.7548077
280.3245,0.7548077
280.3445,0.7548077
280.3645,0.7548077
280.3845,0.7548077
280.4044,0.7548077
280.4244,0.7548077
280.4444,0.7548077
280.4644,0.7548077
280.4844,0.7548077
280.5044,0.7548077
280.5244,0.7548077
280.5444,0.7548077
280.5644,0.7548077
280.5844,0.7548077
280.6043,0.7548077
280.6243,0.7548077
280.6443,0.7548077
280.6643,0.7548077
280.6843,0.7548077
280.7043,0.7548077
280.7243,0.7548077
280.7443,0.7548077
280.7643,0.7548077
280.7842,0.7548077
280.8042,0.7548077
280.8242,0.7548077
280.8442,0.7548077
280.8642,0.7548077
280.8842,0.7548077
280.9042,0.7548077
280.9242,0.7548077
280.9442,0.7548077
280.9641,0.7548077
280.9841,0.7548077
281.0041,0.7548077
281.0241,0.7548077
281.0441,0.7548077
281.0641,0.7548077
281.0841,0.7548077
281.1041,0.7548077
281.1241,0.7548077
281.144,0.7548077
281.164,0.7548077
281.184,0.7548077
281.204,0.7548077
281.224,0.7548077
281.244,0.7548077
281.264,0.7548077
281.284,0.7548077
281.304,0.7548077
281.3239,0.7548077
281.3439,0.7548077
281.3639,0.7548077
281.3839,0.7548077
281.4039,0.7548077
281.4239,0.7548077
281.4439,0.7548077
281.4639,0.7548077
281.4839,0.7548077
281.5038,0.7548077
281.5238,0.7548077
281.5438,0.7548077
281.5638,0.7548077
281.5838,0.7548077
281.6038,0.7548077
281.6238,0.7548077
281.6438,0.7548077
281.6638,0.7548077
281.6837,0.7548077
281.7037,0.7548077
281.7237,0.7548077
281.7437,0.7548077
281.7637,0.7548077
281.7837,0.7548077
281.8037,0.7548077
281.8237,0.7548077
281.8437,0.7548077
281.8636,0.7548077
281.8836,0.7548077
281.9036,0.7548077
281.9236,0.7548077
281.9436,0.7548077
281.9636,0.7548077
281.9836,0.7548077
282.0036,0.7548077
282.0236,0.7548077
282.0435,0.7548077
282.0635,0.7548077
282.0835,0.7548077
282.1035,0.7548077
282.1235,0.7548077
282.1435,0.7548077
282.1635,0.7548077
282.1835,0.7548077
282.2035,0.7548077
282.2234,0.7548077
282.2434,0.7548077
282.2634,0.7548077
282.2834,0.7548077
282.3034,0.7548077
282.3234,0.7548077
282.3434,0.7548077
282.3634,0.7548077
282.3834,0.7548077
282.4034,0.7548077
282.4233,0.7548077
282.4433,0.7548077
282.4633,0.7548077
282.4833,0.7548077
282.5033,0.7548077
282.5233,0.7548077
282.5433,0.7548077
282.5633,0.7548077
282.5833,0.7548077
282.6032,0.7548077
282.6232,0.7548077
282.6432,0.7548077
282.6632,0.7548077
282.6832,0.7548077
282.7032,0.7548077
282.7232,0.7548077
282.7432,0.7548077
282.7632,0.7548077
282.7831,0.7548077
282.8031,0.7548077
282.8231,0.7548077
282.8431,0.7548077
282.8631,0.7548077
282.8831,0.7548077
282.9031,0.7548077
282.9231,0.7548077
282.9431,0.7548077
282.963,0.7548077
282.983,0.7548077
283.003,0.7548077
283.023,0.7548077
283.043,0.7548077
283.063,0.7548077
283.083,0.7548077
283.103,0.7548077
283.123,0.7548077
283.1429,0.7596154
283.1629,0.7596154
283.1829,0.7596154
283.2029,0.7596154
283.2229,0.7596154
283.2429,0.7596154
283.2629,0.7596154
283.2829,0.7596154
283.3029,0.7596154
283.3228,0.7596154
283.3428,0.7596154
283.3628,0.7596154
283.3828,0.7596154
283.4028,0.7596154
283.4228,0.7596154
283.4428,0.7596154
283.4628,0.7596154
283.4828,0.7596154
283.5027,0.7596154
283.5227,0.7596154
283.5427,0.7596154
283.5627,0.7596154
283.5827,0.7596154
283.6027,0.7596154
283.6227,0.7596154
283.6427,0.7596154
283.6627,0.7596154
283.6826,0.7596154
283.7026,0.7596154
283.7226,0.7596154
283.7426,0.7596154
283.7626,0.7596154
283.7826,0.7596154
283.8026,0.7596154
283.8226,0.7596154
283.8426,0.7596154
283.8625,0.7596154
283.8825,0.7596154
283.9025,0.7596154
283.9225,0.7596154
283.9425,0.7596154
283.9625,0.7596154
283.9825,0.7596154
284.0025,0.7596154
284.0225,0.7596154
284.0424,0.7596154
284.0624,0.7596154
284.0824,0.7596154
284.1024,0.7596154
284.1224,0.7596154
284.1424,0.7596154
284.1624,0.7596154
284.1824,0.7596154
284.2024,0.7596154
284.2224,0.7596154
284.2423,0.7596154
284.2623,0.7596154
284.2823,0.7596154
284.3023,0.7596154
284.3223,0.7596154
284.3423,0.7596154
284.3623,0.7596154
284.3823,0.7596154
284.4023,0.7596154
284.4222,0.7596154
284.4422,0.7596154
284.4622,0.7596154
284.4822,0.7596154
284.5022,0.7596154
284.5222,0.7596154
284.5422,0.7596154
284.5622,0.7596154
284.5822,0.7596154
284.6021,0.7596154
284.6221,0.7596154
284.6421,0.7596154
284.6621,0.7596154
284.6821,0.7596154
284.7021,0.7596154
284.7221,0.7596154
284.7421,0.7596154
284.7621,0.7596154
284.782,0.7596154
284.802,0.7596154
284.822,0.7596154
284.842,0.7596154
284.862,0.7596154
284.882,0.7596154
284.902,0.7596154
284.922,0.7596154
284.942,0.7596154
284.9619,0.7596154
284.9819,0.7596154
285.0019,0.7596154
285.0219,0.7596154
285.0419,0.7596154
285.0619,0.7596154
285.0819,0.7596154
285.1019,0.7596154
285.1219,0.7596154
285.1418,0.7596154
285.1618,0.7596154
285.1818,0.7596154
285.2018,0.7596154
285.2218,0.7596154
285.2418,0.7596154
285.2618,0.7596154
285.2818,0.7596154
285.3018,0.7596154
285.3217,0.7596154
285.3417,0.7596154
285.3617,0.7596154
285.3817,0.7596154
285.4017,0.7596154
285.4217,0.7596154
285.4417,0.7596154
285.4617,0.7596154
285.4817,0.7596154
285.5016,0.7596154
285.5216,0.7596154
285.5416,0.7596154
285.5616,0.7596154
285.5816,0.7596154
285.6016,0.7596154
285.6216,0.7596154
285.6416,0.7596154
285.6616,0.7596154
285.6815,0.7596154
285.7015,0.7596154
285.7215,0.7596154
285.7415,0.7596154
285.7615,0.7596154
285.7815,0.7596154
285.8015,0.7596154
285.8215,0.7596154
285.8415,0.7596154
285.8615,0.7596154
285.8814,0.7596154
285.9014,0.7596154
285.9214,0.7596154
285.9414,0.7596154
285.9614,0.7596154
285.9814,0.7596154
286.0014,0.7596154
286.0214,0.7596154
286.0414,0.7596154
286.0613,0.7596154
286.0813,0.7596154
286.1013,0.7596154
286.1213,0.7596154
286.1413,0.7596154
286.1613,0.7596154
286.1813,0.7596154
286.2013,0.7596154
286.2213,0.7596154
286.2412,0.7596154
286.2612,0.7596154
286.2812,0.7596154
286.3012,0.7596154
286.3212,0.7596154
286.3412,0.7596154
286.3612,0.7596154
286.3812,0.7596154
286.4012,0.7596154
286.4211,0.7596154
286.4411,0.7596154
286.4611,0.7596154
286.4811,0.7596154
286.5011,0.7596154
286.5211,0.7596154
286.5411,0.7596154
286.5611,0.7596154
286.5811,0.7596154
286.601,0.7596154
286.621,0.7596154
286.641,0.7596154
286.661,0.7596154
286.681,0.7596154
286.701,0.7596154
286.721,0.7596154
286.741,0.7596154
286.761,0.7596154
286.7809,0.7596154
286.8009,0.7596154
286.8209,0.7596154
286.8409,0.7596154
286.8609,0.7596154
286.8809,0.7596154
286.9009,0.7596154
286.9209,0.7596154
286.9409,0.7596154
286.9608,0.7596154
286.9808,0.7596154
287.0008,0.7596154
287.0208,0.7596154
287.0408,0.7596154
287.0608,0.7596154
287.0808,0.7596154
287.1008,0.7596154
287.1208,0.7596154
287.1407,0.7596154
287.1607,0.7596154
287.1807,0.7596154
287.2007,0.7596154
287.2207,0.7596154
287.2407,0.7596154
287.2607,0.7596154
287.2807,0.7596154
287.3007,0.7596154
287.3206,0.7596154
287.3406,0.7596154
287.3606,0.7596154
287.3806,0.7596154
287.4006,0.7596154
287.4206,0.7596154
287.4406,0.7596154
287.4606,0.7596154
287.4806,0.7596154
287.5005,0.7596154
287.5205,0.7596154
287.5405,0.7596154
287.5605,0.7596154
287.5805,0.7596154
287.6005,0.7596154
287.6205,0.7596154
287.6405,0.7596154
287.6605,0.7596154
287.6805,0.7596154
287.7004,0.7596154
287.7204,0.7596154
287.7404,0.7596154
287.7604,0.7596154
287.7804,0.7596154
287.8004,0.7596154
287.8204,0.7596154
287.8404,0.7596154
287.8604,0.7596154
287.8803,0.7596154
287.9003,0.7596154
287.9203,0.7596154
287.9403,0.7596154
287.9603,0.7596154
287.9803,0.7596154
288.0003,0.7596154
288.0203,0.7596154
288.0403,0.7596154
288.0602,0.7596154
288.0802,0.7596154
288.1002,0.7596154
288.1202,0.7596154
288.1402,0.7596154
288.1602,0.7596154
288.1802,0.7596154
288.2002,0.7596154
288.2202,0.7596154
288.2401,0.7596154
288.2601,0.7596154
288.2801,0.7596154
288.3001,0.7596154
288.3201,0.7596154
288.3401,0.7596154
288.3601,0.7596154
288.3801,0.7596154
288.4001,0.7596154
288.42,0.7596154
288.44,0.7596154
288.46,0.7596154
288.48,0.7596154
288.5,0.7596154
288.52,0.7596154
288.54,0.7596154
288.56,0.7596154
288.58,0.7596154
288.5999,0.7596154
288.6199,0.7596154
288.6399,0.7596154
288.6599,0.7596154
288.6799,0.7596154
288.6999,0.7596154
288.7199,0.7596154
288.7399,0.7596154
288.7599,0.7596154
288.7798,0.7596154
288.7998,0.7596154
288.8198,0.7596154
288.8398,0.7596154
288.8598,0.7596154
288.8798,0.7596154
288.8998,0.7596154
288.9198,0.7596154
288.9398,0.7596154
288.9597,0.7596154
288.9797,0.7596154
288.9997,0.7596154
289.0197,0.7644231
289.0397,0.7644231
289.0597,0.7644231
289.0797,0.7644231
289.0997,0.7644231
289.1197,0.7644231
289.1396,0.7644231
289.1596,0.7644231
289.1796,0.7644231
289.1996,0.7644231
289.2196,0.7644231
289.2396,0.7644231
289.2596,0.7644231
289.2796,0.7644231
289.2996,0.7644231
289.3195,0.7644231
289.3395,0.7644231
289.3595,0.7644231
289.3795,0.7644231
289.3995,0.7644231
289.4195,0.7644231
289.4395,0.7644231
289.4595,0.7644231
289.4795,0.7644231
289.4995,0.7644231
289.5194,0.7644231
289.5394,0.7644231
289.5594,0.7644231
289.5794,0.7644231
289.5994,0.7644231
289.6194,0.7644231
289.6394,0.7644231
289.6594,0.7644231
289.6794,0.7644231
289.6993,0.7644231
289.7193,0.7644231
289.7393,0.7644231
289.7593,0.7644231
289.7793,0.7644231
289.7993,0.7644231
289.8193,0.7644231
289.8393,0.7644231
289.8593,0.7644231
289.8792,0.7644231
289.8992,0.7644231
289.9192,0.7644231
289.9392,0.7644231
289.9592,0.7644231
289.9792,0.7644231
289.9992,0.7644231
290.0192,0.7644231
290.0392,0.7644231
290.0591,0.7644231
290.0791,0.7644231
290.0991,0.7644231
290.1191,0.7644231
290.1391,0.7644231
290.1591,0.7644231
290.1791,0.7644231
290.1991,0.7644231
290.2191,0.7644231
290.239,0.7644231
290.259,0.7644231
290.279,0.7644231
290.299,0.7644231
290.319,0.7644231
290.339,0.7644231
290.359,0.7644231
290.379,0.7644231
290.399,0.7644231
290.4189,0.7644231
290.4389,0.7644231
290.4589,0.7644231
290.4789,0.7644231
290.4989,0.7644231
290.5189,0.7644231
290.5389,0.7644231
290.5589,0.7644231
290.5789,0.7644231
290.5988,0.7644231
290.6188,0.7644231
290.6388,0.7644231
290.6588,0.7644231
290.6788,0.7644231
290.6988,0.7644231
290.7188,0.7644231
290.7388,0.7644231
290.7588,0.7644231
290.7787,0.7740384
290.7987,0.7740384
290.8187,0.7740384
290.8387,0.7740384
290.8587,0.7740384
290.8787,0.7740384
290.8987,0.7740384
290.9187,0.7740384
290.9387,0.7740384
290.9586,0.7740384
290.9786,0.7740384
290.9986,0.7740384
291.0186,0.7740384
291.0386,0.7740384
291.0586,0.7740384
291.0786,0.7740384
291.0986,0.7740384
291.1186,0.7740384
291.1385,0.7740384
291.1585,0.7740384
291.1785,0.7740384
291.1985,0.7740384
291.2185,0.7740384
291.2385,0.7740384
291.2585,0.7740384
291.2785,0.7740384
291.2985,0.7740384
291.3185,0.7740384
291.3384,0.7740384
291.3584,0.7740384
291.3784,0.7740384
291.3984,0.7740384
291.4184,0.7740384
291.4384,0.7740384
291.4584,0.7740384
291.4784,0.7740384
291.4984,0.7740384
291.5183,0.7740384
291.5383,0.7740384
291.5583,0.7740384
291.5783,0.7740384
291.5983,0.7740384
291.6183,0.7740384
291.6383,0.7740384
291.6583,0.7740384
291.6783,0.7740384
291.6982,0.7740384
291.7182,0.7740384
291.7382,0.7740384
291.7582,0.7740384
291.7782,0.7740384
291.7982,0.7740384
291.8182,0.7740384
291.8382,0.7740384
291.8582,0.7740384
291.8781,0.7740384
291.8981,0.7740384
291.9181,0.7740384
291.9381,0.7740384
291.9581,0.7740384
291.9781,0.7740384
291.9981,0.7740384
292.0181,0.7740384
292.0381,0.7740384
292.058,0.7740384
292.078,0.7740384
292.098,0.7740384
292.118,0.7740384
292.138,0.7740384
292.158,0.7740384
292.178,0.7740384
292.198,0.7740384
292.218,0.7740384
292.2379,0.7740384
292.2579,0.7740384
292.2779,0.7740384
292.2979,0.7740384
292.3179,0.7740384
292.3379,0.7740384
292.3579,0.7740384
292.3779,0.7740384
292.3979,0.7740384
292.4178,0.7740384
292.4378,0.7740384
292.4578,0.7740384
292.4778,0.7740384
292.4978,0.7740384
292.5178,0.7740384
292.5378,0.7740384
292.5578,0.7740384
292.5778,0.7740384
292.5977,0.7740384
292.6177,0.7740384
292.6377,0.7740384
292.6577,0.7740384
292.6777,0.7740384
292.6977,0.7740384
292.7177,0.7740384
292.7377,0.7740384
292.7577,0.7740384
292.7776,0.7740384
292.7976,0.7740384
292.8176,0.7740384
292.8376,0.7740384
292.8576,0.7740384
292.8776,0.7740384
292.8976,0.7740384
292.9176,0.7740384
292.9376,0.7740384
292.9576,0.7740384
292.9775,0.7740384
292.9975,0.7740384
293.0175,0.7740384
293.0375,0.7740384
293.0575,0.7740384
293.0775,0.7740384
293.0975,0.7740384
293.1175,0.7740384
293.1375,0.7740384
293.1574,0.7740384
293.1774,0.7740384
293.1974,0.7740384
293.2174,0.7740384
293.2374,0.7740384
293.2574,0.7740384
293.2774,0.7740384
293.2974,0.7740384
293.3174,0.7740384
293.3373,0.7740384
293.3573,0.7740384
293.3773,0.7740384
293.3973,0.7740384
293.4173,0.7740384
293.4373,0.7740384
293.4573,0.7740384
293.4773,0.7740384
293.4973,0.7740384
293.5172,0.7740384
293.5372,0.7740384
293.5572,0.7740384
293.5772,0.7740384
293.5972,0.7740384
293.6172,0.7740384
293.6372,0.7740384
293.6572,0.7836539
293.6772,0.7836539
293.6971,0.7836539
293.7171,0.7836539
293.7371,0.7836539
293.7571,0.7836539
293.7771,0.7836539
293.7971,0.7836539
293.8171,0.7836539
293.8371,0.7836539
293.8571,0.7836539
293.877,0.7836539
293.897,0.7836539
293.917,0.7836539
293.937,0.7836539
293.957,0.7836539
293.977,0.7836539
293.997,0.7836539
294.017,0.7836539
294.037,0.7836539
294.0569,0.7836539
294.0769,0.7836539
294.0969,0.7836539
294.1169,0.7836539
294.1369,0.7836539
294.1569,0.7836539
294.1769,0.7836539
294.1969,0.7836539
294.2169,0.7836539
294.2368,0.7836539
294.2568,0.7836539
294.2768,0.7836539
294.2968,0.7836539
294.3168,0.7836539
294.3368,0.7836539
294.3568,0.7836539
294.3768,0.7836539
294.3968,0.7836539
294.4167,0.7836539
294.4367,0.7836539
294.4567,0.7836539
294.4767,0.7836539
294.4967,0.7836539
294.5167,0.7836539
294.5367,0.7836539
294.5567,0.7836539
294.5767,0.7836539
294.5966,0.7836539
294.6166,0.7836539
294.6366,0.7836539
294.6566,0.7836539
294.6766,0.7836539
294.6966,0.7836539
294.7166,0.7836539
294.7366,0.7836539
294.7566,0.7836539
294.7766,0.7836539
294.7965,0.7836539
294.8165,0.7836539
294.8365,0.7836539
294.8565,0.7836539
294.8765,0.7836539
294.8965,0.7836539
294.9165,0.7836539
294.9365,0.7836539
294.9565,0.7836539
294.9764,0.7836539
294.9964,0.7836539
295.0164,0.7836539
295.0364,0.7836539
295.0564,0.7836539
295.0764,0.7836539
295.0964,0.7836539
295.1164,0.7836539
295.1364,0.7836539
295.1563,0.7836539
295.1763,0.7836539
295.1963,0.7836539
295.2163,0.7836539
295.2363,0.7836539
295.2563,0.7836539
295.2763,0.7836539
295.2963,0.7836539
295.3163,0.7836539
295.3362,0.7836539
295.3562,0.7836539
295.3762,0.7836539
295.3962,0.7836539
295.4162,0.7836539
295.4362,0.7836539
295.4562,0.7836539
295.4762,0.7836539
295.4962,0.7836539
295.5161,0.7836539
295.5361,0.7836539
295.5561,0.7836539
295.5761,0.7836539
295.5961,0.7836539
295.6161,0.7836539
295.6361,0.7836539
295.6561,0.7836539
295.6761,0.7836539
295.696,0.7836539
295.716,0.7836539
295.736,0.7836539
295.756,0.7836539
295.776,0.7836539
295.796,0.7836539
295.816,0.7836539
295.836,0.7836539
295.856,0.7836539
295.8759,0.7836539
295.8959,0.7836539
295.9159,0.7836539
295.9359,0.7836539
295.9559,0.7836539
295.9759,0.7836539
295.9959,0.7836539
296.0159,0.7836539
296.0359,0.7836539
296.0558,0.7836539
296.0758,0.7836539
296.0958,0.7836539
296.1158,0.7836539
296.1358,0.7836539
296.1558,0.7836539
296.1758,0.7836539
296.1958,0.7836539
296.2158,0.7836539
296.2357,0.7836539
296.2557,0.7836539
296.2757,0.7836539
296.2957,0.7836539
296.3157,0.7836539
296.3357,0.7836539
296.3557,0.7836539
296.3757,0.7836539
296.3957,0.7836539
296.4156,0.7836539
296.4356,0.7836539
296.4556,0.7836539
296.4756,0.7836539
296.4956,0.7836539
296.5156,0.7836539
296.5356,0.7836539
296.5556,0.7836539
296.5756,0.7836539
296.5956,0.7836539
296.6155,0.7836539
296.6355,0.7836539
296.6555,0.7836539
296.6755,0.7836539
296.6955,0.7836539
296.7155,0.7836539
296.7355,0.7836539
296.7555,0.7836539
296.7755,0.7836539
296.7954,0.7836539
296.8154,0.7836539
296.8354,0.7836539
296.8554,0.7836539
296.8754,0.7836539
296.8954,0.7836539
296.9154,0.7836539
296.9354,0.7836539
296.9554,0.7836539
296.9753,0.7836539
296.9953,0.7836539
297.0153,0.7836539
297.0353,0.7836539
297.0553,0.7836539
297.0753,0.7836539
297.0953,0.7836539
297.1153,0.7836539
297.1353,0.7836539
297.1552,0.7836539
297.1752,0.7836539
297.1952,0.7836539
297.2152,0.7836539
297.2352,0.7836539
297.2552,0.7836539
297.2752,0.7836539
297.2952,0.7836539
297.3152,0.7836539
297.3351,0.7836539
297.3551,0.7836539
297.3751,0.7836539
297.3951,0.7836539
297.4151,0.7836539
297.4351,0.7836539
297.4551,0.7836539
297.4751,0.7836539
297.4951,0.7836539
297.515,0.7836539
297.535,0.7836539
297.555,0.7836539
297.575,0.7836539
297.595,0.7836539
297.615,0.7836539
297.635,0.7836539
297.655,0.7836539
297.675,0.7836539
297.6949,0.7836539
297.7149,0.7836539
297.7349,0.7836539
297.7549,0.7836539
297.7749,0.7836539
297.7949,0.7836539
297.8149,0.7836539
297.8349,0.7836539
297.8549,0.7836539
297.8748,0.7836539
297.8948,0.7836539
297.9148,0.7836539
297.9348,0.7836539
297.9548,0.7836539
297.9748,0.7836539
297.9948,0.7836539
298.0148,0.7836539
298.0348,0.7836539
298.0547,0.7836539
298.0747,0.7836539
298.0947,0.7836539
298.1147,0.7836539
298.1347,0.7836539
298.1547,0.7836539
298.1747,0.7836539
298.1947,0.7836539
298.2147,0.7836539
298.2346,0.7836539
298.2546,0.7836539
298.2746,0.7836539
298.2946,0.7836539
298.3146,0.7836539
298.3346,0.7836539
298.3546,0.7836539
298.3746,0.7836539
298.3946,0.7836539
298.4146,0.7836539
298.4345,0.7836539
298.4545,0.7836539
298.4745,0.7836539
298.4945,0.7836539
298.5145,0.7836539
298.5345,0.7836539
298.5545,0.7836539
298.5745,0.7836539
298.5945,0.7836539
298.6144,0.7836539
298.6344,0.7836539
298.6544,0.7836539
298.6744,0.7836539
298.6944,0.7836539
298.7144,0.7836539
298.7344,0.7836539
298.7544,0.7836539
298.7744,0.7836539
298.7943,0.7836539
298.8143,0.7836539
298.8343,0.7836539
298.8543,0.7836539
298.8743,0.7836539
298.8943,0.7836539
298.9143,0.7836539
298.9343,0.7836539
298.9543,0.7836539
298.9742,0.7836539
298.9942,0.7836539
299.0142,0.7836539
299.0342,0.7836539
299.0542,0.7836539
299.0742,0.7836539
299.0942,0.7836539
299.1142,0.7836539
299.1342,0.7836539
299.1541,0.7836539
299.1741,0.7836539
299.1941,0.7836539
299.2141,0.7836539
299.2341,0.7836539
299.2541,0.7836539
299.2741,0.7836539
299.2941,0.7836539
299.3141,0.7836539
299.334,0.7836539
299.354,0.7836539
299.374,0.7836539
299.394,0.7836539
299.414,0.7836539
299.434,0.7836539
299.454,0.7836539
299.474,0.7836539
299.494,0.7836539
299.5139,0.7836539
299.5339,0.7836539
299.5539,0.7836539
299.5739,0.7836539
299.5939,0.7836539
299.6139,0.7836539
299.6339,0.7836539
299.6539,0.7836539
299.6739,0.7836539
299.6938,0.7836539
299.7138,0.7836539
299.7338,0.7836539
299.7538,0.7836539
299.7738,0.7836539
299.7938,0.7836539
299.8138,0.7836539
299.8338,0.7836539
299.8538,0.7836539
299.8737,0.7836539
299.8937,0.7836539
299.9137,0.7836539
299.9337,0.7836539
299.9537,0.7836539
299.9737,0.7836539
299.9937,0.7836539
300.0137,0.7836539
300.0337,0.7836539
300.0536,0.7836539
300.0736,0.7836539
300.0936,0.7836539
300.1136,0.7836539
300.1336,0.7836539
300.1536,0.7836539
300.1736,0.7836539
300.1936,0.7836539
300.2136,0.7836539
300.2336,0.7836539
300.2535,0.7836539
300.2735,0.7836539
300.2935,0.7836539
300.3135,0.7836539
300.3335,0.7836539
300.3535,0.7836539
300.3735,0.7836539
300.3935,0.7836539
300.4135,0.7836539
300.4334,0.7836539
300.4534,0.7836539
300.4734,0.7836539
300.4934,0.7836539
300.5134,0.7836539
300.5334,0.7836539
300.5534,0.7836539
300.5734,0.7836539
300.5934,0.7836539
300.6133,0.7836539
300.6333,0.7836539
300.6533,0.7836539
300.6733,0.7836539
300.6933,0.7836539
300.7133,0.7836539
300.7333,0.7836539
300.7533,0.7836539
300.7733,0.7836539
300.7932,0.7836539
300.8132,0.7836539
300.8332,0.7836539
300.8532,0.7836539
300.8732,0.7836539
300.8932,0.7836539
300.9132,0.7836539
300.9332,0.7836539
300.9532,0.7836539
300.9731,0.7836539
300.9931,0.7836539
301.0131,0.7836539
301.0331,0.7836539
301.0531,0.7836539
301.0731,0.7836539
301.0931,0.7836539
301.1131,0.7836539
301.1331,0.7836539
301.153,0.7836539
301.173,0.7836539
301.193,0.7836539
301.213,0.7836539
301.233,0.7836539
301.253,0.7836539
301.273,0.7836539
301.293,0.7836539
301.313,0.7836539
301.3329,0.7836539
301.3529,0.7836539
301.3729,0.7836539
301.3929,0.7836539
301.4129,0.7836539
301.4329,0.7836539
301.4529,0.7836539
301.4729,0.7836539
301.4929,0.7836539
301.5128,0.7836539
301.5328,0.7836539
301.5528,0.7836539
301.5728,0.7836539
301.5928,0.7836539
301.6128,0.7836539
301.6328,0.7836539
301.6528,0.7836539
301.6728,0.7836539
301.6927,0.7836539
301.7127,0.7836539
301.7327,0.7836539
301.7527,0.7836539
301.7727,0.7836539
301.7927,0.7836539
301.8127,0.7836539
301.8327,0.7836539
301.8527,0.7836539
301.8727,0.7836539
301.8926,0.7836539
301.9126,0.7836539
301.9326,0.7836539
301.9526,0.7836539
301.9726,0.7836539
301.9926,0.7836539
302.0126,0.7836539
302.0326,0.7836539
302.0526,0.7836539
302.0725,0.7836539
302.0925,0.7836539
302.1125,0.7836539
302.1325,0.7836539
302.1525,0.7836539
302.1725,0.7836539
302.1925,0.7836539
302.2125,0.7836539
302.2325,0.7836539
302.2524,0.7836539
302.2724,0.7836539
302.2924,0.7836539
302.3124,0.7836539
302.3324,0.7836539
302.3524,0.7836539
302.3724,0.7836539
302.3924,0.7836539
302.4124,0.7836539
302.4323,0.7836539
302.4523,0.7836539
302.4723,0.7836539
302.4923,0.7836539
302.5123,0.7836539
302.5323,0.7836539
302.5523,0.7836539
302.5723,0.7836539
302.5923,0.7836539
302.6122,0.7836539
302.6322,0.7836539
302.6522,0.7836539
302.6722,0.7836539
302.6922,0.7836539
302.7122,0.7836539
302.7322,0.7836539
302.7522,0.7836539
302.7722,0.7836539
302.7921,0.7836539
302.8121,0.7836539
302.8321,0.7836539
302.8521,0.7836539
302.8721,0.7836539
302.8921,0.7836539
302.9121,0.7836539
302.9321,0.7836539
302.9521,0.7836539
302.972,0.7836539
302.992,0.7836539
303.012,0.7836539
303.032,0.7836539
303.052,0.7836539
303.072,0.7836539
303.092,0.7836539
303.112,0.7836539
303.132,0.7836539
303.1519,0.7836539
303.1719,0.7836539
303.1919,0.7836539
303.2119,0.7836539
303.2319,0.7836539
303.2519,0.7836539
303.2719,0.7836539
303.2919,0.7836539
303.3119,0.7836539
303.3318,0.7836539
303.3518,0.7836539
303.3718,0.7836539
303.3918,0.7836539
303.4118,0.7836539
303.4318,0.7836539
303.4518,0.7836539
303.4718,0.7836539
303.4918,0.7836539
303.5117,0.7836539
303.5317,0.7836539
303.5517,0.7836539
303.5717,0.7836539
303.5917,0.7836539
303.6117,0.7836539
303.6317,0.7836539
303.6517,0.7836539
303.6717,0.7836539
303.6917,0.7836539
303.7116,0.7836539
303.7316,0.7836539
303.7516,0.7836539
303.7716,0.7836539
303.7916,0.7836539
303.8116,0.7836539
303.8316,0.7836539
303.8516,0.7836539
303.8716,0.7836539
303.8915,0.7836539
303.9115,0.7836539
303.9315,0.7836539
303.9515,0.7836539
303.9715,0.7836539
303.9915,0.7836539
304.0115,0.7836539
304.0315,0.7836539
304.0515,0.7836539
304.0714,0.7836539
304.0914,0.7836539
304.1114,0.7836539
304.1314,0.7836539
304.1514,0.7836539
304.1714,0.7836539
304.1914,0.7836539
304.2114,0.7836539
304.2314,0.7836539
304.2513,0.7836539
304.2713,0.7836539
304.2913,0.7836539
304.3113,0.7836539
304.3313,0.7836539
304.3513,0.7836539
304.3713,0.7836539
304.3913,0.7836539
304.4113,0.7836539
304.4312,0.7836539
304.4512,0.7836539
304.4712,0.7836539
304.4912,0.7836539
304.5112,0.7836539
304.5312,0.7836539
304.5512,0.7836539
304.5712,0.7836539
304.5912,0.7836539
304.6111,0.7836539
304.6311,0.7836539
304.6511,0.7836539
304.6711,0.7836539
304.6911,0.7836539
304.7111,0.7836539
304.7311,0.7836539
304.7511,0.7836539
304.7711,0.7836539
304.791,0.7836539
304.811,0.7836539
304.831,0.7836539
304.851,0.7836539
304.871,0.7836539
304.891,0.7836539
304.911,0.7836539
304.931,0.7836539
304.951,0.7836539
304.9709,0.7836539
304.9909,0.7836539
305.0109,0.7836539
305.0309,0.7836539
305.0509,0.7836539
305.0709,0.7836539
305.0909,0.7836539
305.1109,0.7836539
305.1309,0.7836539
305.1508,0.7836539
305.1708,0.7836539
305.1908,0.7836539
305.2108,0.7836539
305.2308,0.7836539
305.2508,0.7836539
305.2708,0.7836539
305.2908,0.7836539
305.3108,0.7836539
305.3307,0.7836539
305.3507,0.7836539
305.3707,0.7836539
305.3907,0.7836539
305.4107,0.7836539
305.4307,0.7836539
305.4507,0.7836539
305.4707,0.7836539
305.4907,0.7836539
305.5107,0.7836539
305.5306,0.7836539
305.5506,0.7836539
305.5706,0.7836539
305.5906,0.7836539
305.6106,0.7836539
305.6306,0.7836539
305.6506,0.7836539
305.6706,0.7836539
305.6906,0.7836539
305.7105,0.7836539
305.7305,0.7836539
305.7505,0.7836539
305.7705,0.7836539
305.7905,0.7836539
305.8105,0.7836539
305.8305,0.7836539
305.8505,0.7836539
305.8705,0.7836539
305.8904,0.7836539
305.9104,0.7836539
305.9304,0.7836539
305.9504,0.7836539
305.9704,0.7836539
305.9904,0.7836539
306.0104,0.7836539
306.0304,0.7836539
306.0504,0.7836539
306.0703,0.7836539
306.0903,0.7836539
306.1103,0.7836539
306.1303,0.7836539
306.1503,0.7836539
306.1703,0.7836539
306.1903,0.7836539
306.2103,0.7836539
306.2303,0.7836539
306.2502,0.7836539
306.2702,0.7836539
306.2902,0.7836539
306.3102,0.7836539
306.3302,0.7836539
306.3502,0.7836539
306.3702,0.7836539
306.3902,0.7836539
306.4102,0.7836539
306.4301,0.7836539
306.4501,0.7836539
306.4701,0.7836539
306.4901,0.7836539
306.5101,0.7836539
306.5301,0.7836539
306.5501,0.7836539
306.5701,0.7836539
306.5901,0.7836539
306.61,0.7836539
306.63,0.7836539
306.65,0.7836539
306.67,0.7836539
306.69,0.7836539
306.71,0.7836539
306.73,0.7836539
306.75,0.7836539
306.77,0.7836539
306.7899,0.7836539
306.8099,0.7836539
306.8299,0.7836539
306.8499,0.7836539
306.8699,0.7836539
306.8899,0.7836539
306.9099,0.7836539
306.9299,0.7836539
306.9499,0.7836539
306.9698,0.7836539
306.9898,0.7836539
307.0098,0.7836539
307.0298,0.7836539
307.0498,0.7836539
307.0698,0.7836539
307.0898,0.7836539
307.1098,0.7836539
307.1298,0.7836539
307.1497,0.7836539
307.1697,0.7836539
307.1897,0.7836539
307.2097,0.7836539
307.2297,0.7836539
307.2497,0.7836539
307.2697,0.7836539
307.2897,0.7836539
307.3097,0.7836539
307.3297,0.7836539
307.3496,0.7836539
307.3696,0.7836539
307.3896,0.7836539
307.4096,0.7836539
307.4296,0.7836539
307.4496,0.7836539
307.4696,0.7836539
307.4896,0.7836539
307.5096,0.7836539
307.5295,0.7836539
307.5495,0.7836539
307.5695,0.7836539
307.5895,0.7836539
307.6095,0.7836539
307.6295,0.7836539
307.6495,0.7836539
307.6695,0.7836539
307.6895,0.7836539
307.7094,0.7836539
307.7294,0.7836539
307.7494,0.7836539
307.7694,0.7836539
307.7894,0.7836539
307.8094,0.7836539
307.8294,0.7836539
307.8494,0.7836539
307.8694,0.7836539
307.8893,0.7836539
307.9093,0.7836539
307.9293,0.7836539
307.9493,0.7836539
307.9693,0.7836539
307.9893,0.7836539
308.0093,0.7836539
308.0293,0.7836539
308.0493,0.7836539
308.0692,0.7836539
308.0892,0.7836539
308.1092,0.7836539
308.1292,0.7836539
308.1492,0.7836539
308.1692,0.7836539
308.1892,0.7836539
308.2092,0.7836539
308.2292,0.7836539
308.2491,0.7836539
308.2691,0.7836539
308.2891,0.7836539
308.3091,0.7836539
308.3291,0.7836539
308.3491,0.7836539
308.3691,0.7836539
308.3891,0.7836539
308.4091,0.7836539
308.429,0.7836539
308.449,0.7836539
308.469,0.7836539
308.489,0.7836539
308.509,0.7836539
308.529,0.7836539
308.549,0.7836539
308.569,0.7836539
308.589,0.7836539
308.6089,0.7836539
308.6289,0.7836539
308.6489,0.7836539
308.6689,0.7836539
308.6889,0.7836539
308.7089,0.7836539
308.7289,0.7836539
308.7489,0.7836539
308.7689,0.7836539
308.7888,0.7836539
308.8088,0.7836539
308.8288,0.7836539
308.8488,0.7836539
308.8688,0.7836539
308.8888,0.7836539
308.9088,0.7836539
308.9288,0.7836539
308.9488,0.7836539
308.9688,0.7836539
308.9887,0.7836539
309.0087,0.7836539
309.0287,0.7836539
309.0487,0.7836539
309.0687,0.7836539
309.0887,0.7836539
309.1087,0.7836539
309.1287,0.7836539
309.1487,0.7836539
309.1686,0.7836539
309.1886,0.7836539
309.2086,0.7836539
309.2286,0.7836539
309.2486,0.7836539
309.2686,0.7836539
309.2886,0.7836539
309.3086,0.7836539
309.3286,0.7836539
309.3485,0.7836539
309.3685,0.7836539
309.3885,0.7836539
309.4085,0.7836539
309.4285,0.7836539
309.4485,0.7836539
309.4685,0.7836539
309.4885,0.7836539
309.5085,0.7836539
309.5284,0.7836539
309.5484,0.7836539
309.5684,0.7836539
309.5884,0.7836539
309.6084,0.7836539
309.6284,0.7836539
309.6484,0.7836539
309.6684,0.7836539
309.6884,0.7836539
309.7083,0.7884616
309.7283,0.7884616
309.7483,0.7884616
309.7683,0.7884616
309.7883,0.7884616
309.8083,0.7884616
309.8283,0.7884616
309.8483,0.7884616
309.8683,0.7884616
309.8882,0.7884616
309.9082,0.7884616
309.9282,0.7884616
309.9482,0.7884616
309.9682,0.7884616
309.9882,0.7884616
310.0082,0.7884616
310.0282,0.7884616
310.0482,0.7884616
310.0681,0.7884616
310.0881,0.7884616
310.1081,0.7884616
310.1281,0.7884616
310.1481,0.7884616
310.1681,0.7884616
310.1881,0.7884616
310.2081,0.7884616
310.2281,0.7884616
310.248,0.7884616
310.268,0.7884616
310.288,0.7884616
310.308,0.7884616
310.328,0.7884616
310.348,0.7884616
310.368,0.7884616
310.388,0.7884616
310.408,0.7884616
310.4279,0.7884616
310.4479,0.7884616
310.4679,0.7884616
310.4879,0.7884616
310.5079,0.7884616
310.5279,0.7884616
310.5479,0.7884616
310.5679,0.7884616
310.5879,0.7884616
310.6078,0.7884616
310.6278,0.7884616
310.6478,0.7884616
310.6678,0.7884616
310.6878,0.7884616
310.7078,0.7884616
310.7278,0.7884616
310.7478,0.7884616
310.7678,0.7884616
310.7878,0.7884616
310.8077,0.7884616
310.8277,0.7884616
310.8477,0.7884616
310.8677,0.7884616
310.8877,0.7884616
310.9077,0.7884616
310.9277,0.7884616
310.9477,0.7884616
310.9677,0.7884616
310.9876,0.7884616
311.0076,0.7884616
311.0276,0.7884616
311.0476,0.7884616
311.0676,0.7884616
311.0876,0.7884616
311.1076,0.7884616
311.1276,0.7884616
311.1476,0.7884616
311.1675,0.7884616
311.1875,0.7884616
311.2075,0.7884616
311.2275,0.7884616
311.2475,0.7884616
311.2675,0.7884616
311.2875,0.7884616
311.3075,0.7884616
311.3275,0.7884616
311.3474,0.7884616
311.3674,0.7884616
311.3874,0.7884616
311.4074,0.7884616
311.4274,0.7884616
311.4474,0.7884616
311.4674,0.7884616
311.4874,0.7884616
311.5074,0.7884616
311.5273,0.7884616
311.5473,0.7884616
311.5673,0.7884616
311.5873,0.7884616
311.6073,0.7884616
311.6273,0.7884616
311.6473,0.7884616
311.6673,0.7884616
311.6873,0.7884616
311.7072,0.7884616
311.7272,0.7884616
311.7472,0.7884616
311.7672,0.7884616
311.7872,0.7884616
311.8072,0.7884616
311.8272,0.7884616
311.8472,0.7884616
311.8672,0.7884616
311.8871,0.7884616
311.9071,0.7884616
311.9271,0.7884616
311.9471,0.7884616
311.9671,0.7884616
311.9871,0.7884616
312.0071,0.7884616
312.0271,0.7884616
312.0471,0.7884616
312.067,0.7884616
312.087,0.7884616
312.107,0.7884616
312.127,0.7884616
312.147,0.7884616
312.167,0.7884616
312.187,0.7884616
312.207,0.7884616
312.227,0.7884616
312.2469,0.7884616
312.2669,0.7884616
312.2869,0.7884616
312.3069,0.7884616
312.3269,0.7884616
312.3469,0.7884616
312.3669,0.7884616
312.3869,0.7884616
312.4069,0.7884616
312.4268,0.7884616
312.4468,0.7884616
312.4668,0.7884616
312.4868,0.7884616
312.5068,0.7884616
312.5268,0.7884616
312.5468,0.7884616
312.5668,0.7884616
312.5868,0.7884616
312.6068,0.7884616
312.6267,0.7884616
312.6467,0.7884616
312.6667,0.7884616
312.6867,0.7884616
312.7067,0.7884616
312.7267,0.7884616
312.7467,0.7884616
312.7667,0.7884616
312.7867,0.7884616
312.8066,0.7884616
312.8266,0.7980769
312.8466,0.7980769
312.8666,0.7980769
312.8866,0.7980769
312.9066,0.7980769
312.9266,0.7980769
312.9466,0.7980769
312.9666,0.7980769
312.9865,0.7980769
313.0065,0.7980769
313.0265,0.7980769
313.0465,0.7980769
313.0665,0.7980769
313.0865,0.7980769
313.1065,0.7980769
313.1265,0.7980769
313.1465,0.7980769
313.1664,0.7980769
313.1864,0.7980769
313.2064,0.7980769
313.2264,0.7980769
313.2464,0.7980769
313.2664,0.7980769
313.2864,0.7980769
313.3064,0.7980769
313.3264,0.7980769
313.3463,0.7980769
313.3663,0.7980769
313.3863,0.7980769
313.4063,0.7980769
313.4263,0.7980769
313.4463,0.7980769
313.4663,0.7980769
313.4863,0.7980769
313.5063,0.7980769
313.5262,0.7980769
313.5462,0.7980769
313.5662,0.7980769
313.5862,0.7980769
313.6062,0.7980769
313.6262,0.7980769
313.6462,0.7980769
313.6662,0.7980769
313.6862,0.7980769
313.7061,0.7980769
313.7261,0.7980769
313.7461,0.7980769
313.7661,0.7980769
313.7861,0.7980769
313.8061,0.7980769
313.8261,0.7980769
313.8461,0.7980769
313.8661,0.7980769
313.886,0.7980769
313.906,0.7980769
313.926,0.7980769
313.946,0.7980769
313.966,0.7980769
313.986,0.7980769
314.006,0.7980769
314.026,0.7980769
314.046,0.7980769
314.0659,0.7980769
314.0859,0.7980769
314.1059,0.7980769
314.1259,0.7980769
314.1459,0.7980769
314.1659,0.7980769
314.1859,0.7980769
314.2059,0.7980769
314.2259,0.7980769
314.2458,0.7980769
314.2658,0.7980769
314.2858,0.7980769
314.3058,0.7980769
314.3258,0.7980769
314.3458,0.7980769
314.3658,0.7980769
314.3858,0.7980769
314.4058,0.7980769
314.4258,0.7980769
314.4457,0.7980769
314.4657,0.7980769
314.4857,0.7980769
314.5057,0.7980769
314.5257,0.7980769
314.5457,0.7980769
314.5657,0.7980769
314.5857,0.7980769
314.6057,0.7980769
314.6256,0.7980769
314.6456,0.7980769
314.6656,0.7980769
314.6856,0.7980769
314.7056,0.7980769
314.7256,0.7980769
314.7456,0.7980769
314.7656,0.7980769
314.7856,0.7980769
314.8055,0.7980769
314.8255,0.7980769
314.8455,0.7980769
314.8655,0.7980769
314.8855,0.7980769
314.9055,0.7980769
314.9255,0.7980769
314.9455,0.7980769
314.9655,0.7980769
314.9854,0.7980769
315.0054,0.7980769
315.0254,0.7980769
315.0454,0.7980769
315.0654,0.7980769
315.0854,0.7980769
315.1054,0.7980769
315.1254,0.7980769
315.1454,0.7980769
315.1653,0.7980769
315.1853,0.7980769
315.2053,0.7980769
315.2253,0.7980769
315.2453,0.7980769
315.2653,0.7980769
315.2853,0.7980769
315.3053,0.7980769
315.3253,0.7980769
315.3452,0.7980769
315.3652,0.7980769
315.3852,0.7980769
315.4052,0.7980769
315.4252,0.7980769
315.4452,0.7980769
315.4652,0.7980769
315.4852,0.7980769
315.5052,0.7980769
315.5251,0.7980769
315.5451,0.7980769
315.5651,0.7980769
315.5851,0.7980769
315.6051,0.7980769
315.6251,0.7980769
315.6451,0.7980769
315.6651,0.7980769
315.6851,0.7980769
315.705,0.7980769
315.725,0.7980769
315.745,0.7980769
315.765,0.7980769
315.785,0.7980769
315.805,0.7980769
315.825,0.7980769
315.845,0.7980769
315.865,0.7980769
315.8849,0.7980769
315.9049,0.7980769
315.9249,0.7980769
315.9449,0.7980769
315.9649,0.7980769
315.9849,0.7980769
316.0049,0.7980769
316.0249,0.7980769
316.0449,0.7980769
316.0648,0.7980769
316.0848,0.8028846
316.1048,0.8028846
316.1248,0.8028846
316.1448,0.8028846
316.1648,0.8028846
316.1848,0.8028846
316.2048,0.8028846
316.2248,0.8028846
316.2448,0.8028846
316.2647,0.8028846
316.2847,0.8028846
316.3047,0.8028846
316.3247,0.8028846
316.3447,0.8028846
316.3647,0.8028846
316.3847,0.8028846
316.4047,0.8028846
316.4247,0.8028846
316.4446,0.8028846
316.4646,0.8028846
316.4846,0.8028846
316.5046,0.8028846
316.5246,0.8028846
316.5446,0.8028846
316.5646,0.8028846
316.5846,0.8028846
316.6046,0.8028846
316.6245,0.8028846
316.6445,0.8028846
316.6645,0.8028846
316.6845,0.8028846
316.7045,0.8028846
316.7245,0.8028846
316.7445,0.8028846
316.7645,0.8028846
316.7845,0.8028846
316.8044,0.8028846
316.8244,0.8028846
316.8444,0.8028846
316.8644,0.8028846
316.8844,0.8028846
316.9044,0.8028846
316.9244,0.8028846
316.9444,0.8028846
316.9644,0.8028846
316.9843,0.8028846
317.0043,0.8028846
317.0243,0.8028846
317.0443,0.8028846
317.0643,0.8028846
317.0843,0.8028846
317.1043,0.8028846
317.1243,0.8028846
317.1443,0.8028846
317.1642,0.8028846
317.1842,0.8028846
317.2042,0.8028846
317.2242,0.8028846
317.2442,0.8028846
317.2642,0.8028846
317.2842,0.8028846
317.3042,0.8028846
317.3242,0.8028846
317.3441,0.8028846
317.3641,0.8028846
317.3841,0.8028846
317.4041,0.8028846
317.4241,0.8028846
317.4441,0.8028846
317.4641,0.8028846
317.4841,0.8028846
317.5041,0.8028846
317.524,0.8028846
317.544,0.8028846
317.564,0.8028846
317.584,0.8076923
317.604,0.8076923
317.624,0.8076923
317.644,0.8076923
317.664,0.8076923
317.684,0.8076923
317.7039,0.8076923
317.7239,0.8076923
317.7439,0.8076923
317.7639,0.8076923
317.7839,0.8076923
317.8039,0.8076923
317.8239,0.8076923
317.8439,0.8076923
317.8639,0.8076923
317.8839,0.8076923
317.9038,0.8076923
317.9238,0.8076923
317.9438,0.8076923
317.9638,0.8076923
317.9838,0.8076923
318.0038,0.8076923
318.0238,0.8076923
318.0438,0.8076923
318.0638,0.8076923
318.0837,0.8076923
318.1037,0.8076923
318.1237,0.8076923
318.1437,0.8076923
318.1637,0.8076923
318.1837,0.8076923
318.2037,0.8076923
318.2237,0.8076923
318.2437,0.8076923
318.2636,0.8076923
318.2836,0.8076923
318.3036,0.8076923
318.3236,0.8076923
318.3436,0.8076923
318.3636,0.8076923
318.3836,0.8076923
318.4036,0.8076923
318.4236,0.8076923
318.4435,0.8076923
318.4635,0.8076923
318.4835,0.8076923
318.5035,0.8076923
318.5235,0.8076923
318.5435,0.8076923
318.5635,0.8076923
318.5835,0.8076923
318.6035,0.8076923
318.6234,0.8076923
318.6434,0.8076923
318.6634,0.8076923
318.6834,0.8076923
318.7034,0.8076923
318.7234,0.8076923
318.7434,0.8076923
318.7634,0.8076923
318.7834,0.8076923
318.8033,0.8076923
318.8233,0.8076923
318.8433,0.8076923
318.8633,0.8076923
318.8833,0.8076923
318.9033,0.8076923
318.9233,0.8076923
318.9433,0.8076923
318.9633,0.8076923
318.9832,0.8076923
319.0032,0.8076923
319.0232,0.8076923
319.0432,0.8076923
319.0632,0.8076923
319.0832,0.8076923
319.1032,0.8076923
319.1232,0.8076923
319.1432,0.8076923
319.1631,0.8076923
319.1831,0.8076923
319.2031,0.8076923
319.2231,0.8076923
319.2431,0.8076923
319.2631,0.8076923
319.2831,0.8076923
319.3031,0.8076923
319.3231,0.8076923
319.343,0.8076923
319.363,0.8076923
319.383,0.8076923
319.403,0.8076923
319.423,0.8076923
319.443,0.8076923
319.463,0.8076923
319.483,0.8076923
319.503,0.8076923
319.5229,0.8076923
319.5429,0.8076923
319.5629,0.8076923
319.5829,0.8076923
319.6029,0.8076923
319.6229,0.8076923
319.6429,0.8076923
319.6629,0.8076923
319.6829,0.8076923
319.7029,0.8076923
319.7228,0.8076923
319.7428,0.8076923
319.7628,0.8076923
319.7828,0.8076923
319.8028,0.8076923
319.8228,0.8076923
319.8428,0.8076923
319.8628,0.8076923
319.8828,0.8076923
319.9027,0.8076923
319.9227,0.8076923
319.9427,0.8076923
319.9627,0.8076923
319.9827,0.8076923
320.0027,0.8076923
320.0227,0.8076923
320.0427,0.8076923
320.0627,0.8076923
320.0826,0.8076923
320.1026,0.8076923
320.1226,0.8076923
320.1426,0.8076923
320.1626,0.8076923
320.1826,0.8076923
320.2026,0.8076923
320.2226,0.8076923
320.2426,0.8076923
320.2625,0.8076923
320.2825,0.8076923
320.3025,0.8076923
320.3225,0.8076923
320.3425,0.8076923
320.3625,0.8076923
320.3825,0.8076923
320.4025,0.8076923
320.4225,0.8076923
320.4424,0.8076923
320.4624,0.8076923
320.4824,0.8076923
320.5024,0.8076923
320.5224,0.8076923
320.5424,0.8076923
320.5624,0.8076923
320.5824,0.8076923
320.6024,0.8125
320.6223,0.8125
320.6423,0.8125
320.6623,0.8125
320.6823,0.8125
320.7023,0.8125
320.7223,0.8125
320.7423,0.8125
320.7623,0.8125
320.7823,0.8125
320.8022,0.8125
320.8222,0.8125
320.8422,0.8125
320.8622,0.8125
320.8822,0.8125
320.9022,0.8125
320.9222,0.8125
320.9422,0.8125
320.9622,0.8125
320.9821,0.8125
321.0021,0.8125
321.0221,0.8125
321.0421,0.8125
321.0621,0.8125
321.0821,0.8125
321.1021,0.8125
321.1221,0.8125
321.1421,0.8125
321.162,0.8125
321.182,0.8125
321.202,0.8125
321.222,0.8125
321.242,0.8125
321.262,0.8125
321.282,0.8125
321.302,0.8125
321.322,0.8125
321.3419,0.8125
321.3619,0.8125
321.3819,0.8125
321.4019,0.8125
321.4219,0.8125
321.4419,0.8125
321.4619,0.8125
321.4819,0.8125
321.5019,0.8125
321.5219,0.8125
321.5418,0.8125
321.5618,0.8125
321.5818,0.8125
321.6018,0.8125
321.6218,0.8125
321.6418,0.8125
321.6618,0.8125
321.6818,0.8125
321.7018,0.8125
321.7217,0.8125
321.7417,0.8125
321.7617,0.8125
321.7817,0.8125
321.8017,0.8125
321.8217,0.8125
321.8417,0.8125
321.8617,0.8125
321.8817,0.8125
321.9016,0.8125
321.9216,0.8125
321.9416,0.8125
321.9616,0.8125
321.9816,0.8125
322.0016,0.8125
322.0216,0.8125
322.0416,0.8125
322.0616,0.8125
322.0815,0.8125
322.1015,0.8125
322.1215,0.8125
322.1415,0.8125
322.1615,0.8125
322.1815,0.8173077
322.2015,0.8173077
322.2215,0.8173077
322.2415,0.8173077
322.2614,0.8173077
322.2814,0.8173077
322.3014,0.8173077
322.3214,0.8173077
322.3414,0.8173077
322.3614,0.8173077
322.3814,0.8173077
322.4014,0.8173077
322.4214,0.8173077
322.4413,0.8173077
322.4613,0.8173077
322.4813,0.8173077
322.5013,0.8173077
322.5213,0.8173077
322.5413,0.8173077
322.5613,0.8173077
322.5813,0.8173077
322.6013,0.8173077
322.6212,0.8173077
322.6412,0.8173077
322.6612,0.8173077
322.6812,0.8173077
322.7012,0.8173077
322.7212,0.8173077
322.7412,0.8173077
322.7612,0.8173077
322.7812,0.8173077
322.8011,0.8173077
322.8211,0.8173077
322.8411,0.8173077
322.8611,0.8173077
322.8811,0.8173077
322.9011,0.8173077
322.9211,0.8173077
322.9411,0.8173077
322.9611,0.8173077
322.981,0.8173077
323.001,0.8173077
323.021,0.8173077
323.041,0.8173077
323.061,0.8173077
323.081,0.8173077
323.101,0.8173077
323.121,0.8173077
323.141,0.8173077
323.1609,0.8173077
323.1809,0.8173077
323.2009,0.8173077
323.2209,0.8173077
323.2409,0.8173077
323.2609,0.8173077
323.2809,0.8173077
323.3009,0.8173077
323.3209,0.8173077
323.3409,0.8173077
323.3608,0.8173077
323.3808,0.8173077
323.4008,0.8173077
323.4208,0.8173077
323.4408,0.8173077
323.4608,0.8173077
323.4808,0.8173077
323.5008,0.8173077
323.5208,0.8173077
323.5407,0.8173077
323.5607,0.8173077
323.5807,0.8173077
323.6007,0.8173077
323.6207,0.8173077
323.6407,0.8173077
323.6607,0.8173077
323.6807,0.8173077
323.7007,0.8173077
323.7206,0.8173077
323.7406,0.8173077
323.7606,0.8173077
323.7806,0.8173077
323.8006,0.8173077
323.8206,0.8173077
323.8406,0.8173077
323.8606,0.8173077
323.8806,0.8173077
323.9005,0.8173077
323.9205,0.8173077
323.9405,0.8173077
323.9605,0.8173077
323.9805,0.8173077
324.0005,0.8173077
324.0205,0.8173077
324.0405,0.8173077
324.0605,0.8173077
324.0804,0.8173077
324.1004,0.8173077
324.1204,0.8173077
324.1404,0.8173077
324.1604,0.8173077
324.1804,0.8173077
324.2004,0.8173077
324.2204,0.8173077
324.2404,0.8173077
324.2603,0.8173077
324.2803,0.8173077
324.3003,0.8173077
324.3203,0.8173077
324.3403,0.8173077
324.3603,0.8173077
324.3803,0.8173077
324.4003,0.8173077
324.4203,0.8173077
324.4402,0.8173077
324.4602,0.8173077
324.4802,0.8173077
324.5002,0.8173077
324.5202,0.8173077
324.5402,0.8173077
324.5602,0.8173077
324.5802,0.8173077
324.6002,0.8173077
324.6201,0.8173077
324.6401,0.8173077
324.6601,0.8173077
324.6801,0.8173077
324.7001,0.8173077
324.7201,0.8173077
324.7401,0.8173077
324.7601,0.8173077
324.7801,0.8173077
324.8,0.8173077
324.82,0.8173077
324.84,0.8173077
324.86,0.8173077
324.88,0.8173077
324.9,0.8173077
324.92,0.8173077
324.94,0.8173077
324.96,0.8173077
324.9799,0.8173077
324.9999,0.8173077
325.0199,0.8173077
325.0399,0.8173077
325.0599,0.8173077
325.0799,0.8173077
325.0999,0.8173077
325.1199,0.8173077
325.1399,0.8173077
325.1599,0.8173077
325.1798,0.8173077
325.1998,0.8173077
325.2198,0.8173077
325.2398,0.8173077
325.2598,0.8173077
325.2798,0.8173077
325.2998,0.8173077
325.3198,0.8173077
325.3398,0.8173077
325.3597,0.8173077
325.3797,0.8173077
325.3997,0.8173077
325.4197,0.8173077
325.4397,0.8173077
325.4597,0.8173077
325.4797,0.8173077
325.4997,0.8173077
325.5197,0.8173077
325.5396,0.8173077
325.5596,0.8173077
325.5796,0.8173077
325.5996,0.8173077
325.6196,0.8173077
325.6396,0.8173077
325.6596,0.8173077
325.6796,0.8173077
325.6996,0.8173077
325.7195,0.8173077
325.7395,0.8173077
325.7595,0.8173077
325.7795,0.8173077
325.7995,0.8173077
325.8195,0.8173077
325.8395,0.8173077
325.8595,0.8173077
325.8795,0.8173077
325.8994,0.8173077
325.9194,0.8173077
325.9394,0.8173077
325.9594,0.8173077
325.9794,0.8173077
325.9994,0.8173077
326.0194,0.8173077
326.0394,0.8173077
326.0594,0.8173077
326.0793,0.8173077
326.0993,0.8173077
326.1193,0.8173077
326.1393,0.8173077
326.1593,0.8173077
326.1793,0.8173077
326.1993,0.8173077
326.2193,0.8173077
326.2393,0.8173077
326.2592,0.8173077
326.2792,0.8173077
326.2992,0.8173077
326.3192,0.8173077
326.3392,0.8173077
326.3592,0.8173077
326.3792,0.8173077
326.3992,0.8173077
326.4192,0.8173077
326.4391,0.8173077
326.4591,0.8173077
326.4791,0.8173077
326.4991,0.8173077
326.5191,0.8173077
326.5391,0.8173077
326.5591,0.8173077
326.5791,0.8173077
326.5991,0.8173077
326.619,0.8173077
326.639,0.8173077
326.659,0.8173077
326.679,0.8173077
326.699,0.8173077
326.719,0.8173077
326.739,0.8173077
326.759,0.8173077
326.779,0.8173077
326.799,0.8173077
326.8189,0.8173077
326.8389,0.8173077
326.8589,0.8173077
326.8789,0.8173077
326.8989,0.8173077
326.9189,0.8173077
326.9389,0.8173077
326.9589,0.8173077
326.9789,0.8173077
326.9988,0.8173077
327.0188,0.8173077
327.0388,0.8173077
327.0588,0.8173077
327.0788,0.8173077
327.0988,0.8173077
327.1188,0.8173077
327.1388,0.8173077
327.1588,0.8173077
327.1787,0.8173077
327.1987,0.8173077
327.2187,0.8173077
327.2387,0.8173077
327.2587,0.8173077
327.2787,0.8173077
327.2987,0.8173077
327.3187,0.8173077
327.3387,0.8173077
327.3586,0.8173077
327.3786,0.8173077
327.3986,0.8173077
327.4186,0.8173077
327.4386,0.8173077
327.4586,0.8173077
327.4786,0.8173077
327.4986,0.8173077
327.5186,0.8173077
327.5385,0.8173077
327.5585,0.8173077
327.5785,0.8173077
327.5985,0.8173077
327.6185,0.8173077
327.6385,0.8173077
327.6585,0.8173077
327.6785,0.8173077
327.6985,0.8173077
327.7184,0.8173077
327.7384,0.8173077
327.7584,0.8173077
327.7784,0.8173077
327.7984,0.8173077
327.8184,0.8173077
327.8384,0.8173077
327.8584,0.8173077
327.8784,0.8173077
327.8983,0.8173077
327.9183,0.8173077
327.9383,0.8173077
327.9583,0.8173077
327.9783,0.8173077
327.9983,0.8173077
328.0183,0.8173077
328.0383,0.8173077
328.0583,0.8173077
328.0782,0.8173077
328.0982,0.8173077
328.1182,0.8173077
328.1382,0.8173077
328.1582,0.8173077
328.1782,0.8173077
328.1982,0.8173077
328.2182,0.8173077
328.2382,0.8173077
328.2581,0.8173077
328.2781,0.8173077
328.2981,0.8173077
328.3181,0.8173077
328.3381,0.8173077
328.3581,0.8173077
328.3781,0.8173077
328.3981,0.8173077
328.4181,0.8173077
328.438,0.8173077
328.458,0.8173077
328.478,0.8173077
328.498,0.8173077
328.518,0.8173077
328.538,0.8173077
328.558,0.8173077
328.578,0.8173077
328.598,0.8173077
328.618,0.8173077
328.6379,0.8173077
328.6579,0.8173077
328.6779,0.8173077
328.6979,0.8173077
328.7179,0.8173077
328.7379,0.8173077
328.7579,0.8173077
328.7779,0.8173077
328.7979,0.8173077
328.8178,0.8173077
328.8378,0.8173077
328.8578,0.8173077
328.8778,0.8173077
328.8978,0.8173077
328.9178,0.8173077
328.9378,0.8173077
328.9578,0.8173077
328.9778,0.8173077
328.9977,0.8173077
329.0177,0.8173077
329.0377,0.8173077
329.0577,0.8173077
329.0777,0.8173077
329.0977,0.8173077
329.1177,0.8173077
329.1377,0.8173077
329.1577,0.8173077
329.1776,0.8173077
329.1976,0.8173077
329.2176,0.8173077
329.2376,0.8173077
329.2576,0.8173077
329.2776,0.8173077
329.2976,0.8173077
329.3176,0.8173077
329.3376,0.8173077
329.3575,0.8173077
329.3775,0.8173077
329.3975,0.8173077
329.4175,0.8173077
329.4375,0.8173077
329.4575,0.8173077
329.4775,0.8173077
329.4975,0.8173077
329.5175,0.8173077
329.5374,0.8173077
329.5574,0.8173077
329.5774,0.8173077
329.5974,0.8173077
329.6174,0.8173077
329.6374,0.8173077
329.6574,0.8173077
329.6774,0.8173077
329.6974,0.8173077
329.7173,0.8173077
329.7373,0.8173077
329.7573,0.8173077
329.7773,0.8173077
329.7973,0.8173077
329.8173,0.8173077
329.8373,0.8173077
329.8573,0.8173077
329.8773,0.8173077
329.8972,0.8173077
329.9172,0.8173077
329.9372,0.8173077
329.9572,0.8173077
329.9772,0.8173077
329.9972,0.8173077
330.0172,0.8173077
330.0372,0.8173077
330.0572,0.8173077
330.0771,0.8173077
330.0971,0.8173077
330.1171,0.8173077
330.1371,0.8173077
330.1571,0.8173077
330.1771,0.8173077
330.1971,0.8173077
330.2171,0.8173077
330.2371,0.8173077
330.257,0.8173077
330.277,0.8173077
330.297,0.8173077
330.317,0.8173077
330.337,0.8173077
330.357,0.8173077
330.377,0.8173077
330.397,0.8173077
330.417,0.8173077
330.437,0.8173077
330.4569,0.8173077
330.4769,0.8173077
330.4969,0.8173077
330.5169,0.8173077
330.5369,0.8173077
330.5569,0.8173077
330.5769,0.8173077
330.5969,0.8173077
330.6169,0.8173077
330.6368,0.8173077
330.6568,0.8173077
330.6768,0.8173077
330.6968,0.8173077
330.7168,0.8173077
330.7368,0.8173077
330.7568,0.8173077
330.7768,0.8173077
330.7968,0.8173077
330.8167,0.8173077
330.8367,0.8173077
330.8567,0.8173077
330.8767,0.8173077
330.8967,0.8173077
330.9167,0.8173077
330.9367,0.8173077
330.9567,0.8173077
330.9767,0.8173077
330.9966,0.8173077
331.0166,0.8173077
331.0366,0.8173077
331.0566,0.8173077
331.0766,0.8173077
331.0966,0.8173077
331.1166,0.8173077
331.1366,0.8173077
331.1566,0.8173077
331.1765,0.8173077
331.1965,0.8173077
331.2165,0.8173077
331.2365,0.8173077
331.2565,0.8173077
331.2765,0.8173077
331.2965,0.8173077
331.3165,0.8173077
331.3365,0.8173077
331.3564,0.8173077
331.3764,0.8173077
331.3964,0.8173077
331.4164,0.8173077
331.4364,0.8173077
331.4564,0.8173077
331.4764,0.8173077
331.4964,0.8173077
331.5164,0.8173077
331.5363,0.8173077
331.5563,0.8173077
331.5763,0.8173077
331.5963,0.8173077
331.6163,0.8173077
331.6363,0.8173077
331.6563,0.8173077
331.6763,0.8173077
331.6963,0.8173077
331.7162,0.8173077
331.7362,0.8173077
331.7562,0.8173077
331.7762,0.8173077
331.7962,0.8173077
331.8162,0.8173077
331.8362,0.8173077
331.8562,0.8173077
331.8762,0.8173077
331.8961,0.8173077
331.9161,0.8173077
331.9361,0.8173077
331.9561,0.8173077
331.9761,0.8173077
331.9961,0.8173077
332.0161,0.8173077
332.0361,0.8173077
332.0561,0.8173077
332.076,0.8173077
332.096,0.8173077
332.116,0.8173077
332.136,0.8173077
332.156,0.8173077
332.176,0.8173077
332.196,0.8173077
332.216,0.8173077
332.236,0.8173077
332.256,0.8173077
332.2759,0.8173077
332.2959,0.8173077
332.3159,0.8173077
332.3359,0.8173077
332.3559,0.8173077
332.3759,0.8173077
332.3959,0.8173077
332.4159,0.8173077
332.4359,0.8173077
332.4558,0.8173077
332.4758,0.8173077
332.4958,0.8173077
332.5158,0.8173077
332.5358,0.8173077
332.5558,0.8173077
332.5758,0.8173077
332.5958,0.8173077
332.6158,0.8173077
332.6357,0.8173077
332.6557,0.8173077
332.6757,0.8173077
332.6957,0.8173077
332.7157,0.8173077
332.7357,0.8173077
332.7557,0.8173077
332.7757,0.8173077
332.7957,0.8173077
332.8156,0.8173077
332.8356,0.8173077
332.8556,0.8173077
332.8756,0.8173077
332.8956,0.8173077
332.9156,0.8173077
332.9356,0.8173077
332.9556,0.8173077
332.9756,0.8173077
332.9955,0.8173077
333.0155,0.8173077
333.0355,0.8173077
333.0555,0.8173077
333.0755,0.8173077
333.0955,0.8173077
333.1155,0.8173077
333.1355,0.8173077
333.1555,0.8173077
333.1754,0.8173077
333.1954,0.8173077
333.2154,0.8173077
333.2354,0.8173077
333.2554,0.8173077
333.2754,0.8173077
333.2954,0.8173077
333.3154,0.8173077
333.3354,0.8173077
333.3553,0.8173077
333.3753,0.8173077
333.3953,0.8173077
333.4153,0.8173077
333.4353,0.8173077
333.4553,0.8173077
333.4753,0.8173077
333.4953,0.8173077
333.5153,0.8173077
333.5352,0.8173077
333.5552,0.8173077
333.5752,0.8317308
333.5952,0.8317308
333.6152,0.8317308
333.6352,0.8317308
333.6552,0.8317308
333.6752,0.8317308
333.6952,0.8317308
333.7151,0.8317308
333.7351,0.8317308
333.7551,0.8317308
333.7751,0.8317308
333.7951,0.8317308
333.8151,0.8317308
333.8351,0.8317308
333.8551,0.8317308
333.8751,0.8317308
333.8951,0.8317308
333.915,0.8317308
333.935,0.8317308
333.955,0.8317308
333.975,0.8317308
333.995,0.8317308
334.015,0.8317308
334.035,0.8317308
334.055,0.8317308
334.075,0.8317308
334.0949,0.8317308
334.1149,0.8317308
334.1349,0.8317308
334.1549,0.8317308
334.1749,0.8317308
334.1949,0.8317308
334.2149,0.8317308
334.2349,0.8317308
334.2549,0.8317308
334.2748,0.8317308
334.2948,0.8317308
334.3148,0.8317308
334.3348,0.8317308
334.3548,0.8317308
334.3748,0.8317308
334.3948,0.8317308
334.4148,0.8317308
334.4348,0.8317308
334.4547,0.8317308
334.4747,0.8317308
334.4947,0.8317308
334.5147,0.8317308
334.5347,0.8317308
334.5547,0.8317308
334.5747,0.8317308
334.5947,0.8317308
334.6147,0.8317308
334.6346,0.8317308
334.6546,0.8317308
334.6746,0.8317308
334.6946,0.8317308
334.7146,0.8317308
334.7346,0.8317308
334.7546,0.8317308
334.7746,0.8317308
334.7946,0.8317308
334.8145,0.8317308
334.8345,0.8317308
334.8545,0.8317308
334.8745,0.8317308
334.8945,0.8317308
334.9145,0.8365384
334.9345,0.8365384
334.9545,0.8365384
334.9745,0.8365384
334.9944,0.8365384
335.0144,0.8365384
335.0344,0.8365384
335.0544,0.8365384
335.0744,0.8365384
335.0944,0.8365384
335.1144,0.8365384
335.1344,0.8365384
335.1544,0.8365384
335.1743,0.8365384
335.1943,0.8365384
335.2143,0.8365384
335.2343,0.8365384
335.2543,0.8365384
335.2743,0.8365384
335.2943,0.8365384
335.3143,0.8365384
335.3343,0.8365384
335.3542,0.8365384
335.3742,0.8365384
335.3942,0.8365384
335.4142,0.8365384
335.4342,0.8365384
335.4542,0.8365384
335.4742,0.8365384
335.4942,0.8365384
335.5142,0.8365384
335.5341,0.8365384
335.5541,0.8365384
335.5741,0.8365384
335.5941,0.8365384
335.6141,0.8365384
335.6341,0.8365384
335.6541,0.8365384
335.6741,0.8365384
335.6941,0.8365384
335.7141,0.8365384
335.734,0.8365384
335.754,0.8365384
335.774,0.8365384
335.794,0.8365384
335.814,0.8365384
335.834,0.8365384
335.854,0.8365384
335.874,0.8365384
335.894,0.8365384
335.9139,0.8365384
335.9339,0.8365384
335.9539,0.8365384
335.9739,0.8365384
335.9939,0.8365384
336.0139,0.8365384
336.0339,0.8365384
336.0539,0.8365384
336.0739,0.8365384
336.0938,0.8365384
336.1138,0.8365384
336.1338,0.8365384
336.1538,0.8365384
336.1738,0.8365384
336.1938,0.8365384
336.2138,0.8365384
336.2338,0.8365384
336.2538,0.8365384
336.2737,0.8365384
336.2937,0.8365384
336.3137,0.8365384
336.3337,0.8365384
336.3537,0.8365384
336.3737,0.8365384
336.3937,0.8365384
336.4137,0.8365384
336.4337,0.8365384
336.4536,0.8365384
336.4736,0.8365384
336.4936,0.8365384
336.5136,0.8365384
336.5336,0.8365384
336.5536,0.8365384
336.5736,0.8365384
336.5936,0.8365384
336.6136,0.8365384
336.6335,0.8365384
336.6535,0.8365384
336.6735,0.8365384
336.6935,0.8365384
336.7135,0.8365384
336.7335,0.8365384
336.7535,0.8365384
336.7735,0.8365384
336.7935,0.8365384
336.8134,0.8365384
336.8334,0.8365384
336.8534,0.8365384
336.8734,0.8365384
336.8934,0.8365384
336.9134,0.8365384
336.9334,0.8365384
336.9534,0.8365384
336.9734,0.8365384
336.9933,0.8365384
337.0133,0.8365384
337.0333,0.8365384
337.0533,0.8365384
337.0733,0.8365384
337.0933,0.8365384
337.1133,0.8365384
337.1333,0.8365384
337.1533,0.8365384
337.1732,0.8365384
337.1932,0.8365384
337.2132,0.8365384
337.2332,0.8365384
337.2532,0.8365384
337.2732,0.8365384
337.2932,0.8365384
337.3132,0.8365384
337.3332,0.8365384
337.3531,0.8365384
337.3731,0.8365384
337.3931,0.8365384
337.4131,0.8365384
337.4331,0.8365384
337.4531,0.8365384
337.4731,0.8365384
337.4931,0.8365384
337.5131,0.8365384
337.5331,0.8365384
337.553,0.8365384
337.573,0.8365384
337.593,0.8365384
337.613,0.8365384
337.633,0.8365384
337.653,0.8365384
337.673,0.8365384
337.693,0.8365384
337.713,0.8365384
337.7329,0.8365384
337.7529,0.8365384
337.7729,0.8365384
337.7929,0.8365384
337.8129,0.8365384
337.8329,0.8365384
337.8529,0.8365384
337.8729,0.8365384
337.8929,0.8365384
337.9128,0.8365384
337.9328,0.8365384
337.9528,0.8365384
337.9728,0.8365384
337.9928,0.8365384
338.0128,0.8365384
338.0328,0.8365384
338.0528,0.8365384
338.0728,0.8365384
338.0927,0.8365384
338.1127,0.8365384
338.1327,0.8365384
338.1527,0.8365384
338.1727,0.8365384
338.1927,0.8365384
338.2127,0.8365384
338.2327,0.8365384
338.2527,0.8365384
338.2726,0.8365384
338.2926,0.8365384
338.3126,0.8365384
338.3326,0.8365384
338.3526,0.8365384
338.3726,0.8365384
338.3926,0.8365384
338.4126,0.8365384
338.4326,0.8365384
338.4525,0.8365384
338.4725,0.8365384
338.4925,0.8365384
338.5125,0.8365384
338.5325,0.8365384
338.5525,0.8365384
338.5725,0.8365384
338.5925,0.8365384
338.6125,0.8365384
338.6324,0.8365384
338.6524,0.8365384
338.6724,0.8365384
338.6924,0.8365384
338.7124,0.8365384
338.7324,0.8365384
338.7524,0.8365384
338.7724,0.8365384
338.7924,0.8365384
338.8123,0.8365384
338.8323,0.8365384
338.8523,0.8365384
338.8723,0.8365384
338.8923,0.8365384
338.9123,0.8365384
338.9323,0.8365384
338.9523,0.8365384
338.9723,0.8365384
338.9922,0.8365384
339.0122,0.8365384
339.0322,0.8365384
339.0522,0.8365384
339.0722,0.8365384
339.0922,0.8365384
339.1122,0.8365384
339.1322,0.8365384
339.1522,0.8365384
339.1721,0.8365384
339.1921,0.8365384
339.2121,0.8365384
339.2321,0.8365384
339.2521,0.8365384
339.2721,0.8365384
339.2921,0.8365384
339.3121,0.8365384
339.3321,0.8365384
339.3521,0.8365384
339.372,0.8365384
339.392,0.8365384
339.412,0.8365384
339.432,0.8365384
339.452,0.8365384
339.472,0.8365384
339.492,0.8365384
339.512,0.8365384
339.532,0.8365384
339.5519,0.8365384
339.5719,0.8365384
339.5919,0.8365384
339.6119,0.8365384
339.6319,0.8365384
339.6519,0.8365384
339.6719,0.8365384
339.6919,0.8365384
339.7119,0.8365384
339.7318,0.8365384
339.7518,0.8365384
339.7718,0.8365384
339.7918,0.8365384
339.8118,0.8365384
339.8318,0.8365384
339.8518,0.8365384
339.8718,0.8365384
339.8918,0.8365384
339.9117,0.8365384
339.9317,0.8365384
339.9517,0.8365384
339.9717,0.8365384
339.9917,0.8365384
340.0117,0.8365384
340.0317,0.8365384
340.0517,0.8365384
340.0717,0.8365384
340.0916,0.8365384
340.1116,0.8365384
340.1316,0.8365384
340.1516,0.8365384
340.1716,0.8365384
340.1916,0.8365384
340.2116,0.8365384
340.2316,0.8365384
340.2516,0.8365384
340.2715,0.8365384
340.2915,0.8365384
340.3115,0.8365384
340.3315,0.8365384
340.3515,0.8365384
340.3715,0.8365384
340.3915,0.8365384
340.4115,0.8365384
340.4315,0.8365384
340.4514,0.8365384
340.4714,0.8365384
340.4914,0.8365384
340.5114,0.8365384
340.5314,0.8365384
340.5514,0.8365384
340.5714,0.8365384
340.5914,0.8365384
340.6114,0.8365384
340.6313,0.8365384
340.6513,0.8365384
340.6713,0.8365384
340.6913,0.8365384
340.7113,0.8365384
340.7313,0.8365384
340.7513,0.8365384
340.7713,0.8365384
340.7913,0.8365384
340.8112,0.8365384
340.8312,0.8365384
340.8512,0.8365384
340.8712,0.8365384
340.8912,0.8365384
340.9112,0.8365384
340.9312,0.8365384
340.9512,0.8365384
340.9712,0.8365384
340.9911,0.8365384
341.0111,0.8365384
341.0311,0.8365384
341.0511,0.8365384
341.0711,0.8365384
341.0911,0.8365384
341.1111,0.8365384
341.1311,0.8365384
341.1511,0.8365384
341.1711,0.8365384
341.191,0.8365384
341.211,0.8365384
341.231,0.8365384
341.251,0.8365384
341.271,0.8365384
341.291,0.8365384
341.311,0.8365384
341.331,0.8365384
341.351,0.8365384
341.3709,0.8365384
341.3909,0.8365384
341.4109,0.8365384
341.4309,0.8365384
341.4509,0.8365384
341.4709,0.8365384
341.4909,0.8365384
341.5109,0.8365384
341.5309,0.8365384
341.5508,0.8365384
341.5708,0.8365384
341.5908,0.8365384
341.6108,0.8365384
341.6308,0.8365384
341.6508,0.8365384
341.6708,0.8365384
341.6908,0.8365384
341.7108,0.8365384
341.7307,0.8365384
341.7507,0.8365384
341.7707,0.8365384
341.7907,0.8365384
341.8107,0.8365384
341.8307,0.8365384
341.8507,0.8365384
341.8707,0.8365384
341.8907,0.8365384
341.9106,0.8365384
341.9306,0.8365384
341.9506,0.8365384
341.9706,0.8365384
341.9906,0.8365384
342.0106,0.8365384
342.0306,0.8365384
342.0506,0.8365384
342.0706,0.8365384
342.0905,0.8365384
342.1105,0.8365384
342.1305,0.8365384
342.1505,0.8365384
342.1705,0.8365384
342.1905,0.8365384
342.2105,0.8365384
342.2305,0.8365384
342.2505,0.8365384
342.2704,0.8365384
342.2904,0.8365384
342.3104,0.8365384
342.3304,0.8365384
342.3504,0.8365384
342.3704,0.8365384
342.3904,0.8365384
342.4104,0.8365384
342.4304,0.8365384
342.4503,0.8365384
342.4703,0.8365384
342.4903,0.8365384
342.5103,0.8365384
342.5303,0.8365384
342.5503,0.8365384
342.5703,0.8365384
342.5903,0.8365384
342.6103,0.8365384
342.6302,0.8365384
342.6502,0.8365384
342.6702,0.8365384
342.6902,0.8365384
342.7102,0.8365384
342.7302,0.8365384
342.7502,0.8365384
342.7702,0.8365384
342.7902,0.8365384
342.8102,0.8365384
342.8301,0.8365384
342.8501,0.8365384
342.8701,0.8365384
342.8901,0.8365384
342.9101,0.8365384
342.9301,0.8365384
342.9501,0.8365384
342.9701,0.8365384
342.9901,0.8365384
343.01,0.8365384
343.03,0.8365384
343.05,0.8365384
343.07,0.8365384
343.09,0.8365384
343.11,0.8365384
343.13,0.8365384
343.15,0.8365384
343.17,0.8365384
343.1899,0.8365384
343.2099,0.8365384
343.2299,0.8365384
343.2499,0.8413461
343.2699,0.8413461
343.2899,0.8413461
343.3099,0.8413461
343.3299,0.8413461
343.3499,0.8413461
343.3698,0.8413461
343.3898,0.8413461
343.4098,0.8413461
343.4298,0.8413461
343.4498,0.8413461
343.4698,0.8413461
343.4898,0.8413461
343.5098,0.8413461
343.5298,0.8413461
343.5497,0.8413461
343.5697,0.8413461
343.5897,0.8413461
343.6097,0.8413461
343.6297,0.8413461
343.6497,0.8413461
343.6697,0.8413461
343.6897,0.8413461
343.7097,0.8413461
343.7296,0.8413461
343.7496,0.8413461
343.7696,0.8413461
343.7896,0.8413461
343.8096,0.8413461
343.8296,0.8413461
343.8496,0.8413461
343.8696,0.8413461
343.8896,0.8413461
343.9095,0.8413461
343.9295,0.8413461
343.9495,0.8413461
343.9695,0.8413461
343.9895,0.8413461
344.0095,0.8413461
344.0295,0.8413461
344.0495,0.8413461
344.0695,0.8413461
344.0894,0.8413461
344.1094,0.8413461
344.1294,0.8413461
344.1494,0.8413461
344.1694,0.8413461
344.1894,0.8413461
344.2094,0.8413461
344.2294,0.8413461
344.2494,0.8413461
344.2693,0.8413461
344.2893,0.8413461
344.3093,0.8413461
344.3293,0.8413461
344.3493,0.8413461
344.3693,0.8413461
344.3893,0.8413461
344.4093,0.8413461
344.4293,0.8413461
344.4492,0.8413461
344.4692,0.8413461
344.4892,0.8413461
344.5092,0.8413461
344.5292,0.8413461
344.5492,0.8413461
344.5692,0.8413461
344.5892,0.8413461
344.6092,0.8413461
344.6292,0.8413461
344.6491,0.8413461
344.6691,0.8413461
344.6891,0.8413461
344.7091,0.8413461
344.7291,0.8413461
344.7491,0.8413461
344.7691,0.8413461
344.7891,0.8413461
344.8091,0.8413461
344.829,0.8413461
344.849,0.8413461
344.869,0.8413461
344.889,0.8413461
344.909,0.8413461
344.929,0.8413461
344.949,0.8413461
344.969,0.8413461
344.989,0.8413461
345.0089,0.8413461
345.0289,0.8413461
345.0489,0.8413461
345.0689,0.8413461
345.0889,0.8413461
345.1089,0.8413461
345.1289,0.8413461
345.1489,0.8413461
345.1689,0.8413461
345.1888,0.8413461
345.2088,0.8413461
345.2288,0.8413461
345.2488,0.8413461
345.2688,0.8413461
345.2888,0.8413461
345.3088,0.8413461
345.3288,0.8413461
345.3488,0.8413461
345.3687,0.8413461
345.3887,0.8413461
345.4087,0.8413461
345.4287,0.8413461
345.4487,0.8413461
345.4687,0.8413461
345.4887,0.8413461
345.5087,0.8413461
345.5287,0.8413461
345.5486,0.8413461
345.5686,0.8413461
345.5886,0.8413461
345.6086,0.8413461
345.6286,0.8413461
345.6486,0.8413461
345.6686,0.8413461
345.6886,0.8413461
345.7086,0.8413461
345.7285,0.8413461
345.7485,0.8413461
345.7685,0.8413461
345.7885,0.8413461
345.8085,0.8413461
345.8285,0.8413461
345.8485,0.8413461
345.8685,0.8413461
345.8885,0.8413461
345.9084,0.8413461
345.9284,0.8413461
345.9484,0.8413461
345.9684,0.8413461
345.9884,0.8413461
346.0084,0.8413461
346.0284,0.8413461
346.0484,0.8413461
346.0684,0.8413461
346.0883,0.8413461
346.1083,0.8413461
346.1283,0.8413461
346.1483,0.8413461
346.1683,0.8413461
346.1883,0.8413461
346.2083,0.8413461
346.2283,0.8413461
346.2483,0.8413461
346.2682,0.8413461
346.2882,0.8413461
346.3082,0.8413461
346.3282,0.8413461
346.3482,0.8413461
346.3682,0.8413461
346.3882,0.8413461
346.4082,0.8413461
346.4282,0.8413461
346.4482,0.8413461
346.4681,0.8413461
346.4881,0.8413461
346.5081,0.8413461
346.5281,0.8413461
346.5481,0.8413461
346.5681,0.8413461
346.5881,0.8413461
346.6081,0.8413461
346.6281,0.8413461
346.648,0.8413461
346.668,0.8413461
346.688,0.8413461
346.708,0.8413461
346.728,0.8413461
346.748,0.8413461
346.768,0.8413461
346.788,0.8413461
346.808,0.8413461
346.8279,0.8413461
346.8479,0.8413461
346.8679,0.8413461
346.8879,0.8413461
346.9079,0.8413461
346.9279,0.8413461
346.9479,0.8413461
346.9679,0.8413461
346.9879,0.8413461
347.0078,0.8413461
347.0278,0.8413461
347.0478,0.8413461
347.0678,0.8413461
347.0878,0.8413461
347.1078,0.8413461
347.1278,0.8413461
347.1478,0.8413461
347.1678,0.8413461
347.1877,0.8413461
347.2077,0.8413461
347.2277,0.8413461
347.2477,0.8413461
347.2677,0.8413461
347.2877,0.8413461
347.3077,0.8413461
347.3277,0.8413461
347.3477,0.8413461
347.3676,0.8413461
347.3876,0.8413461
347.4076,0.8461539
347.4276,0.8461539
347.4476,0.8461539
347.4676,0.8461539
347.4876,0.8461539
347.5076,0.8461539
347.5276,0.8461539
347.5475,0.8461539
347.5675,0.8461539
347.5875,0.8461539
347.6075,0.8461539
347.6275,0.8461539
347.6475,0.8461539
347.6675,0.8461539
347.6875,0.8461539
347.7075,0.8461539
347.7274,0.8461539
347.7474,0.8461539
347.7674,0.8461539
347.7874,0.8461539
347.8074,0.8461539
347.8274,0.8461539
347.8474,0.8461539
347.8674,0.8461539
347.8874,0.8461539
347.9073,0.8461539
347.9273,0.8461539
347.9473,0.8461539
347.9673,0.8461539
347.9873,0.8461539
348.0073,0.8461539
348.0273,0.8461539
348.0473,0.8461539
348.0673,0.8461539
348.0872,0.8461539
348.1072,0.8461539
348.1272,0.8461539
348.1472,0.8461539
348.1672,0.8461539
348.1872,0.8461539
348.2072,0.8461539
348.2272,0.8461539
348.2472,0.8461539
348.2672,0.8461539
348.2871,0.8461539
348.3071,0.8461539
348.3271,0.8461539
348.3471,0.8461539
348.3671,0.8461539
348.3871,0.8461539
348.4071,0.8461539
348.4271,0.8461539
348.4471,0.8461539
348.467,0.8461539
348.487,0.8461539
348.507,0.8461539
348.527,0.8461539
348.547,0.8461539
348.567,0.8461539
348.587,0.8461539
348.607,0.8461539
348.627,0.8461539
348.6469,0.8461539
348.6669,0.8461539
348.6869,0.8461539
348.7069,0.8461539
348.7269,0.8461539
348.7469,0.8461539
348.7669,0.8461539
348.7869,0.8461539
348.8069,0.8461539
348.8268,0.8461539
348.8468,0.8461539
348.8668,0.8461539
348.8868,0.8461539
348.9068,0.8461539
348.9268,0.8461539
348.9468,0.8461539
348.9668,0.8461539
348.9868,0.8461539
349.0067,0.8461539
349.0267,0.8461539
349.0467,0.8461539
349.0667,0.8461539
349.0867,0.8461539
349.1067,0.8461539
349.1267,0.8461539
349.1467,0.8461539
349.1667,0.8461539
349.1866,0.8461539
349.2066,0.8461539
349.2266,0.8461539
349.2466,0.8461539
349.2666,0.8461539
349.2866,0.8461539
349.3066,0.8461539
349.3266,0.8461539
349.3466,0.8461539
349.3665,0.8461539
349.3865,0.8461539
349.4065,0.8461539
349.4265,0.8461539
349.4465,0.8461539
349.4665,0.8461539
349.4865,0.8461539
349.5065,0.8461539
349.5265,0.8461539
349.5464,0.8461539
349.5664,0.8461539
349.5864,0.8461539
349.6064,0.8461539
349.6264,0.8461539
349.6464,0.8461539
349.6664,0.8461539
349.6864,0.8461539
349.7064,0.8461539
349.7263,0.8461539
349.7463,0.8461539
349.7663,0.8461539
349.7863,0.8461539
349.8063,0.8461539
349.8263,0.8461539
349.8463,0.8461539
349.8663,0.8461539
349.8863,0.8461539
349.9063,0.8461539
349.9262,0.8461539
349.9462,0.8461539
349.9662,0.8461539
349.9862,0.8461539
350.0062,0.8461539
350.0262,0.8461539
350.0462,0.8461539
350.0662,0.8461539
350.0862,0.8461539
350.1061,0.8461539
350.1261,0.8461539
350.1461,0.8461539
350.1661,0.8461539
350.1861,0.8461539
350.2061,0.8461539
350.2261,0.8461539
350.2461,0.8461539
350.2661,0.8461539
350.286,0.8461539
350.306,0.8461539
350.326,0.8461539
350.346,0.8461539
350.366,0.8461539
350.386,0.8461539
350.406,0.8461539
350.426,0.8461539
350.446,0.8461539
350.4659,0.8461539
350.4859,0.8461539
350.5059,0.8461539
350.5259,0.8461539
350.5459,0.8461539
350.5659,0.8461539
350.5859,0.8461539
350.6059,0.8461539
350.6259,0.8461539
350.6458,0.8461539
350.6658,0.8461539
350.6858,0.8461539
350.7058,0.8461539
350.7258,0.8461539
350.7458,0.8461539
350.7658,0.8461539
350.7858,0.8461539
350.8058,0.8461539
350.8257,0.8461539
350.8457,0.8461539
350.8657,0.8461539
350.8857,0.8461539
350.9057,0.8461539
350.9257,0.8461539
350.9457,0.8461539
350.9657,0.8461539
350.9857,0.8461539
351.0056,0.8461539
351.0256,0.8461539
351.0456,0.8461539
351.0656,0.8461539
351.0856,0.8461539
351.1056,0.8461539
351.1256,0.8461539
351.1456,0.8461539
351.1656,0.8461539
351.1855,0.8461539
351.2055,0.8461539
351.2255,0.8461539
351.2455,0.8461539
351.2655,0.8461539
351.2855,0.8461539
351.3055,0.8461539
351.3255,0.8461539
351.3455,0.8461539
351.3654,0.8461539
351.3854,0.8461539
351.4054,0.8461539
351.4254,0.8461539
351.4454,0.8461539
351.4654,0.8461539
351.4854,0.8461539
351.5054,0.8461539
351.5254,0.8461539
351.5453,0.8461539
351.5653,0.8461539
351.5853,0.8461539
351.6053,0.8461539
351.6253,0.8461539
351.6453,0.8461539
351.6653,0.8461539
351.6853,0.8461539
351.7053,0.8461539
351.7253,0.8461539
351.7452,0.8461539
351.7652,0.8461539
351.7852,0.8461539
351.8052,0.8461539
351.8252,0.8461539
351.8452,0.8461539
351.8652,0.8461539
351.8852,0.8461539
351.9052,0.8461539
351.9251,0.8461539
351.9451,0.8461539
351.9651,0.8461539
351.9851,0.8461539
352.0051,0.8461539
352.0251,0.8461539
352.0451,0.8461539
352.0651,0.8461539
352.0851,0.8461539
352.105,0.8461539
352.125,0.8461539
352.145,0.8461539
352.165,0.8461539
352.185,0.8461539
352.205,0.8461539
352.225,0.8461539
352.245,0.8461539
352.265,0.8461539
352.2849,0.8461539
352.3049,0.8461539
352.3249,0.8461539
352.3449,0.8461539
352.3649,0.8461539
352.3849,0.8461539
352.4049,0.8461539
352.4249,0.8461539
352.4449,0.8461539
352.4648,0.8461539
352.4848,0.8461539
352.5048,0.8461539
352.5248,0.8461539
352.5448,0.8461539
352.5648,0.8461539
352.5848,0.8461539
352.6048,0.8461539
352.6248,0.8461539
352.6447,0.8461539
352.6647,0.8461539
352.6847,0.8461539
352.7047,0.8461539
352.7247,0.8461539
352.7447,0.8461539
352.7647,0.8461539
352.7847,0.8461539
352.8047,0.8461539
352.8246,0.8461539
352.8446,0.8461539
352.8646,0.8461539
352.8846,0.8461539
352.9046,0.8461539
352.9246,0.8461539
352.9446,0.8461539
352.9646,0.8461539
352.9846,0.8461539
353.0045,0.8461539
353.0245,0.8461539
353.0445,0.8461539
353.0645,0.8461539
353.0845,0.8461539
353.1045,0.8461539
353.1245,0.8461539
353.1445,0.8461539
353.1645,0.8461539
353.1844,0.8461539
353.2044,0.8461539
353.2244,0.8461539
353.2444,0.8461539
353.2644,0.8461539
353.2844,0.8461539
353.3044,0.8461539
353.3244,0.8461539
353.3444,0.8461539
353.3643,0.8461539
353.3843,0.8461539
353.4043,0.8461539
353.4243,0.8461539
353.4443,0.8461539
353.4643,0.8461539
353.4843,0.8461539
353.5043,0.8461539
353.5243,0.8461539
353.5443,0.8461539
353.5642,0.8461539
353.5842,0.8461539
353.6042,0.8461539
353.6242,0.8461539
353.6442,0.8461539
353.6642,0.8461539
353.6842,0.8461539
353.7042,0.8461539
353.7242,0.8461539
353.7441,0.8461539
353.7641,0.8461539
353.7841,0.8461539
353.8041,0.8461539
353.8241,0.8461539
353.8441,0.8461539
353.8641,0.8461539
353.8841,0.8461539
353.9041,0.8461539
353.924,0.8461539
353.944,0.8461539
353.964,0.8461539
353.984,0.8461539
354.004,0.8461539
354.024,0.8461539
354.044,0.8461539
354.064,0.8461539
354.084,0.8461539
354.1039,0.8461539
354.1239,0.8461539
354.1439,0.8461539
354.1639,0.8461539
354.1839,0.8461539
354.2039,0.8461539
354.2239,0.8461539
354.2439,0.8461539
354.2639,0.8461539
354.2838,0.8461539
354.3038,0.8461539
354.3238,0.8461539
354.3438,0.8461539
354.3638,0.8461539
354.3838,0.8461539
354.4038,0.8461539
354.4238,0.8461539
354.4438,0.8461539
354.4637,0.8461539
354.4837,0.8461539
354.5037,0.8461539
354.5237,0.8461539
354.5437,0.8461539
354.5637,0.8461539
354.5837,0.8461539
354.6037,0.8461539
354.6237,0.8461539
354.6436,0.8461539
354.6636,0.8461539
354.6836,0.8461539
354.7036,0.8461539
354.7236,0.8461539
354.7436,0.8461539
354.7636,0.8461539
354.7836,0.8461539
354.8036,0.8461539
354.8235,0.8461539
354.8435,0.8461539
354.8635,0.8461539
354.8835,0.8461539
354.9035,0.8461539
354.9235,0.8461539
354.9435,0.8461539
354.9635,0.8461539
354.9835,0.8461539
355.0034,0.8461539
355.0234,0.8461539
355.0434,0.8461539
355.0634,0.8461539
355.0834,0.8461539
355.1034,0.8461539
355.1234,0.8461539
355.1434,0.8461539
355.1634,0.8461539
355.1833,0.8461539
355.2033,0.8461539
355.2233,0.8461539
355.2433,0.8461539
355.2633,0.8461539
355.2833,0.8461539
355.3033,0.8461539
355.3233,0.8461539
355.3433,0.8461539
355.3633,0.8461539
355.3832,0.8461539
355.4032,0.8461539
355.4232,0.8461539
355.4432,0.8461539
355.4632,0.8461539
355.4832,0.8461539
355.5032,0.8461539
355.5232,0.8461539
355.5432,0.8461539
355.5631,0.8461539
355.5831,0.8461539
355.6031,0.8461539
355.6231,0.8461539
355.6431,0.8461539
355.6631,0.8461539
355.6831,0.8461539
355.7031,0.8461539
355.7231,0.8461539
355.743,0.8461539
355.763,0.8461539
355.783,0.8461539
355.803,0.8461539
355.823,0.8461539
355.843,0.8461539
355.863,0.8461539
355.883,0.8461539
355.903,0.8461539
355.9229,0.8461539
355.9429,0.8461539
355.9629,0.8461539
355.9829,0.8461539
356.0029,0.8461539
356.0229,0.8461539
356.0429,0.8461539
356.0629,0.8461539
356.0829,0.8461539
356.1028,0.8461539
356.1228,0.8461539
356.1428,0.8461539
356.1628,0.8461539
356.1828,0.8461539
356.2028,0.8461539
356.2228,0.8461539
356.2428,0.8461539
356.2628,0.8461539
356.2827,0.8461539
356.3027,0.8461539
356.3227,0.8461539
356.3427,0.8461539
356.3627,0.8461539
356.3827,0.8461539
356.4027,0.8461539
356.4227,0.8461539
356.4427,0.8461539
356.4626,0.8461539
356.4826,0.8461539
356.5026,0.8461539
356.5226,0.8461539
356.5426,0.8461539
356.5626,0.8461539
356.5826,0.8461539
356.6026,0.8461539
356.6226,0.8461539
356.6425,0.8461539
356.6625,0.8461539
356.6825,0.8461539
356.7025,0.8461539
356.7225,0.8461539
356.7425,0.8461539
356.7625,0.8461539
356.7825,0.8461539
356.8025,0.8461539
356.8224,0.8461539
356.8424,0.8461539
356.8624,0.8461539
356.8824,0.8461539
356.9024,0.8461539
356.9224,0.8461539
356.9424,0.8461539
356.9624,0.8461539
356.9824,0.8461539
357.0023,0.8461539
357.0223,0.8461539
357.0423,0.8461539
357.0623,0.8461539
357.0823,0.8461539
357.1023,0.8461539
357.1223,0.8461539
357.1423,0.8461539
357.1623,0.8461539
357.1823,0.8461539
357.2022,0.8461539
357.2222,0.8461539
357.2422,0.8461539
357.2622,0.8461539
357.2822,0.8461539
357.3022,0.8461539
357.3222,0.8461539
357.3422,0.8461539
357.3622,0.8461539
357.3821,0.8461539
357.4021,0.8461539
357.4221,0.8461539
357.4421,0.8461539
357.4621,0.8461539
357.4821,0.8461539
357.5021,0.8461539
357.5221,0.8461539
357.5421,0.8461539
357.562,0.8461539
357.582,0.8461539
357.602,0.8461539
357.622,0.8461539
357.642,0.8461539
357.662,0.8461539
357.682,0.8461539
357.702,0.8461539
357.722,0.8461539
357.7419,0.8461539
357.7619,0.8461539
357.7819,0.8461539
357.8019,0.8461539
357.8219,0.8461539
357.8419,0.8461539
357.8619,0.8461539
357.8819,0.8461539
357.9019,0.8461539
357.9218,0.8461539
357.9418,0.8461539
357.9618,0.8461539
357.9818,0.8461539
358.0018,0.8461539
358.0218,0.8461539
358.0418,0.8461539
358.0618,0.8461539
358.0818,0.8461539
358.1017,0.8461539
358.1217,0.8461539
358.1417,0.8461539
358.1617,0.8461539
358.1817,0.8461539
358.2017,0.8461539
358.2217,0.8461539
358.2417,0.8461539
358.2617,0.8461539
358.2816,0.8461539
358.3016,0.8461539
358.3216,0.8461539
358.3416,0.8461539
358.3616,0.8461539
358.3816,0.8461539
358.4016,0.8461539
358.4216,0.8461539
358.4416,0.8461539
358.4615,0.8461539
358.4815,0.8461539
358.5015,0.8461539
358.5215,0.8461539
358.5415,0.8461539
358.5615,0.8461539
358.5815,0.8461539
358.6015,0.8461539
358.6215,0.8461539
358.6414,0.8461539
358.6614,0.8461539
358.6814,0.8461539
358.7014,0.8461539
358.7214,0.8461539
358.7414,0.8461539
358.7614,0.8461539
358.7814,0.8461539
358.8014,0.8461539
358.8214,0.8461539
358.8413,0.8461539
358.8613,0.8461539
358.8813,0.8461539
358.9013,0.8461539
358.9213,0.8461539
358.9413,0.8461539
358.9613,0.8461539
358.9813,0.8461539
359.0013,0.8461539
359.0212,0.8461539
359.0412,0.8461539
359.0612,0.8461539
359.0812,0.8461539
359.1012,0.8461539
359.1212,0.8461539
359.1412,0.8461539
359.1612,0.8461539
359.1812,0.8461539
359.2011,0.8461539
359.2211,0.8461539
359.2411,0.8461539
359.2611,0.8461539
359.2811,0.8461539
359.3011,0.8461539
359.3211,0.8461539
359.3411,0.8461539
359.3611,0.8461539
359.381,0.8461539
359.401,0.8461539
359.421,0.8461539
359.441,0.8461539
359.461,0.8461539
359.481,0.8461539
359.501,0.8461539
359.521,0.8461539
359.541,0.8461539
359.5609,0.8461539
359.5809,0.8461539
359.6009,0.8461539
359.6209,0.8461539
359.6409,0.8461539
359.6609,0.8461539
359.6809,0.8461539
359.7009,0.8461539
359.7209,0.8461539
359.7408,0.8461539
359.7608,0.8461539
359.7808,0.8461539
359.8008,0.8461539
359.8208,0.8461539
359.8408,0.8461539
359.8608,0.8461539
359.8808,0.8461539
359.9008,0.8461539
359.9207,0.8461539
359.9407,0.8461539
359.9607,0.8461539
359.9807,0.8461539
360.0007,0.8461539
360.0207,0.8461539
360.0407,0.8461539
360.0607,0.8461539
360.0807,0.8461539
360.1006,0.8461539
360.1206,0.8461539
360.1406,0.8461539
360.1606,0.8461539
360.1806,0.8461539
360.2006,0.8461539
360.2206,0.8461539
360.2406,0.8461539
360.2606,0.8461539
360.2805,0.8461539
360.3005,0.8461539
360.3205,0.8461539
360.3405,0.8461539
360.3605,0.8461539
360.3805,0.8461539
360.4005,0.8461539
360.4205,0.8461539
360.4405,0.8461539
360.4604,0.8461539
360.4804,0.8461539
360.5004,0.8461539
360.5204,0.8461539
360.5404,0.8461539
360.5604,0.8461539
360.5804,0.8461539
360.6004,0.8461539
360.6204,0.8461539
360.6404,0.8461539
360.6603,0.8461539
360.6803,0.8461539
360.7003,0.8461539
360.7203,0.8461539
360.7403,0.8461539
360.7603,0.8461539
360.7803,0.8461539
360.8003,0.8461539
360.8203,0.8461539
360.8402,0.8461539
360.8602,0.8461539
360.8802,0.8461539
360.9002,0.8461539
360.9202,0.8461539
360.9402,0.8461539
360.9602,0.8461539
360.9802,0.8461539
361.0002,0.8461539
361.0201,0.8461539
361.0401,0.8461539
361.0601,0.8461539
361.0801,0.8461539
361.1001,0.8461539
361.1201,0.8461539
361.1401,0.8461539
361.1601,0.8461539
361.1801,0.8461539
361.2,0.8461539
361.22,0.8461539
361.24,0.8461539
361.26,0.8461539
361.28,0.8461539
361.3,0.8461539
361.32,0.8461539
361.34,0.8461539
361.36,0.8461539
361.3799,0.8461539
361.3999,0.8461539
361.4199,0.8461539
361.4399,0.8461539
361.4599,0.8461539
361.4799,0.8461539
361.4999,0.8461539
361.5199,0.8461539
361.5399,0.8461539
361.5598,0.8461539
361.5798,0.8461539
361.5998,0.8461539
361.6198,0.8461539
361.6398,0.8461539
361.6598,0.8461539
361.6798,0.8461539
361.6998,0.8461539
361.7198,0.8461539
361.7397,0.8461539
361.7597,0.8461539
361.7797,0.8461539
361.7997,0.8461539
361.8197,0.8461539
361.8397,0.8461539
361.8597,0.8461539
361.8797,0.8461539
361.8997,0.8461539
361.9196,0.8461539
361.9396,0.8461539
361.9596,0.8461539
361.9796,0.8461539
361.9996,0.8461539
362.0196,0.8461539
362.0396,0.8461539
362.0596,0.8461539
362.0796,0.8461539
362.0995,0.8461539
362.1195,0.8461539
362.1395,0.8461539
362.1595,0.8461539
362.1795,0.8461539
362.1995,0.8461539
362.2195,0.8461539
362.2395,0.8461539
362.2595,0.8461539
362.2794,0.8461539
362.2994,0.8461539
362.3194,0.8461539
362.3394,0.8461539
362.3594,0.8461539
362.3794,0.8461539
362.3994,0.8461539
362.4194,0.8461539
362.4394,0.8461539
362.4594,0.8461539
362.4793,0.8461539
362.4993,0.8461539
362.5193,0.8461539
362.5393,0.8461539
362.5593,0.8461539
362.5793,0.8461539
362.5993,0.8461539
362.6193,0.8461539
362.6393,0.8461539
362.6592,0.8461539
362.6792,0.8461539
362.6992,0.8461539
362.7192,0.8461539
362.7392,0.8461539
362.7592,0.8461539
362.7792,0.8461539
362.7992,0.8461539
362.8192,0.8461539
362.8391,0.8461539
362.8591,0.8461539
362.8791,0.8461539
362.8991,0.8461539
362.9191,0.8461539
362.9391,0.8461539
362.9591,0.8461539
362.9791,0.8461539
362.9991,0.8461539
363.019,0.8461539
363.039,0.8461539
363.059,0.8461539
363.079,0.8461539
363.099,0.8461539
363.119,0.8461539
363.139,0.8461539
363.159,0.8461539
363.179,0.8461539
363.1989,0.8461539
363.2189,0.8461539
363.2389,0.8461539
363.2589,0.8461539
363.2789,0.8461539
363.2989,0.8461539
363.3189,0.8461539
363.3389,0.8461539
363.3589,0.8461539
363.3788,0.8461539
363.3988,0.8461539
363.4188,0.8461539
363.4388,0.8461539
363.4588,0.8461539
363.4788,0.8461539
363.4988,0.8461539
363.5188,0.8461539
363.5388,0.8461539
363.5587,0.8461539
363.5787,0.8461539
363.5987,0.8461539
363.6187,0.8461539
363.6387,0.8461539
363.6587,0.8461539
363.6787,0.8461539
363.6987,0.8461539
363.7187,0.8461539
363.7386,0.8461539
363.7586,0.8461539
363.7786,0.8461539
363.7986,0.8461539
363.8186,0.8461539
363.8386,0.8461539
363.8586,0.8461539
363.8786,0.8461539
363.8986,0.8461539
363.9185,0.8461539
363.9385,0.8461539
363.9585,0.8461539
363.9785,0.8461539
363.9985,0.8461539
364.0185,0.8461539
364.0385,0.8461539
364.0585,0.8461539
364.0785,0.8461539
364.0984,0.8461539
364.1184,0.8461539
364.1384,0.8461539
364.1584,0.8461539
364.1784,0.8461539
364.1984,0.8461539
364.2184,0.8461539
364.2384,0.8461539
364.2584,0.8461539
364.2784,0.8461539
364.2983,0.8461539
364.3183,0.8461539
364.3383,0.8461539
364.3583,0.8461539
364.3783,0.8461539
364.3983,0.8461539
364.4183,0.8461539
364.4383,0.8461539
364.4583,0.8461539
364.4782,0.8461539
364.4982,0.8461539
364.5182,0.8461539
364.5382,0.8461539
364.5582,0.8461539
364.5782,0.8461539
364.5982,0.8461539
364.6182,0.8461539
364.6382,0.8461539
364.6581,0.8461539
364.6781,0.8461539
364.6981,0.8461539
364.7181,0.8461539
364.7381,0.8461539
364.7581,0.8461539
364.7781,0.8461539
364.7981,0.8461539
364.8181,0.8461539
364.838,0.8461539
364.858,0.8461539
364.878,0.8461539
364.898,0.8461539
364.918,0.8461539
364.938,0.8461539
364.958,0.8461539
364.978,0.8461539
364.998,0.8461539
365.0179,0.8461539
365.0379,0.8461539
365.0579,0.8461539
365.0779,0.8461539
365.0979,0.8461539
365.1179,0.8461539
365.1379,0.8461539
365.1579,0.8461539
365.1779,0.8461539
365.1978,0.8461539
365.2178,0.8461539
365.2378,0.8461539
365.2578,0.8461539
365.2778,0.8461539
365.2978,0.8461539
365.3178,0.8461539
365.3378,0.8461539
365.3578,0.8461539
365.3777,0.8461539
365.3977,0.8461539
365.4177,0.8461539
365.4377,0.8461539
365.4577,0.8461539
365.4777,0.8461539
365.4977,0.8461539
365.5177,0.8461539
365.5377,0.8461539
365.5576,0.8461539
365.5776,0.8461539
365.5976,0.8461539
365.6176,0.8461539
365.6376,0.8461539
365.6576,0.8461539
365.6776,0.8461539
365.6976,0.8461539
365.7176,0.8461539
365.7375,0.8461539
365.7575,0.8461539
365.7775,0.8461539
365.7975,0.8461539
365.8175,0.8461539
365.8375,0.8461539
365.8575,0.8461539
365.8775,0.8461539
365.8975,0.8461539
365.9174,0.8461539
365.9374,0.8461539
365.9574,0.8461539
365.9774,0.8461539
365.9974,0.8461539
366.0174,0.8461539
366.0374,0.8461539
366.0574,0.8461539
366.0774,0.8461539
366.0974,0.8461539
366.1173,0.8461539
366.1373,0.8461539
366.1573,0.8461539
366.1773,0.8461539
366.1973,0.8461539
366.2173,0.8461539
366.2373,0.8461539
366.2573,0.8461539
366.2773,0.8461539
366.2972,0.8461539
366.3172,0.8461539
366.3372,0.8461539
366.3572,0.8461539
366.3772,0.8461539
366.3972,0.8461539
366.4172,0.8461539
366.4372,0.8461539
366.4572,0.8461539
366.4771,0.8461539
366.4971,0.8461539
366.5171,0.8461539
366.5371,0.8461539
366.5571,0.8461539
366.5771,0.8461539
366.5971,0.8461539
366.6171,0.8461539
366.6371,0.8461539
366.657,0.8461539
366.677,0.8461539
366.697,0.8461539
366.717,0.8461539
366.737,0.8461539
366.757,0.8461539
366.777,0.8461539
366.797,0.8461539
366.817,0.8461539
366.8369,0.8461539
366.8569,0.8461539
366.8769,0.8461539
366.8969,0.8461539
366.9169,0.8461539
366.9369,0.8461539
366.9569,0.8461539
366.9769,0.8461539
366.9969,0.8461539
367.0168,0.8461539
367.0368,0.8461539
367.0568,0.8461539
367.0768,0.8461539
367.0968,0.8461539
367.1168,0.8461539
367.1368,0.8461539
367.1568,0.8461539
367.1768,0.8461539
367.1967,0.8461539
367.2167,0.8461539
367.2367,0.8461539
367.2567,0.8461539
367.2767,0.8461539
367.2967,0.8461539
367.3167,0.8461539
367.3367,0.8461539
367.3567,0.8461539
367.3766,0.8461539
367.3966,0.8461539
367.4166,0.8461539
367.4366,0.8461539
367.4566,0.8461539
367.4766,0.8461539
367.4966,0.8461539
367.5166,0.8461539
367.5366,0.8461539
367.5565,0.8461539
367.5765,0.8461539
367.5965,0.8461539
367.6165,0.8461539
367.6365,0.8461539
367.6565,0.8461539
367.6765,0.8461539
367.6965,0.8461539
367.7165,0.8461539
367.7365,0.8461539
367.7564,0.8461539
367.7764,0.8461539
367.7964,0.8461539
367.8164,0.8461539
367.8364,0.8461539
367.8564,0.8461539
367.8764,0.8461539
367.8964,0.8461539
367.9164,0.8461539
367.9363,0.8461539
367.9563,0.8461539
367.9763,0.8461539
367.9963,0.8461539
368.0163,0.8461539
368.0363,0.8461539
368.0563,0.8461539
368.0763,0.8461539
368.0963,0.8461539
368.1162,0.8461539
368.1362,0.8461539
368.1562,0.8461539
368.1762,0.8461539
368.1962,0.8461539
368.2162,0.8461539
368.2362,0.8461539
368.2562,0.8461539
368.2762,0.8461539
368.2961,0.8461539
368.3161,0.8461539
368.3361,0.8461539
368.3561,0.8461539
368.3761,0.8461539
368.3961,0.8461539
368.4161,0.8461539
368.4361,0.8461539
368.4561,0.8461539
368.476,0.8461539
368.496,0.8461539
368.516,0.8461539
368.536,0.8461539
368.556,0.8461539
368.576,0.8461539
368.596,0.8461539
368.616,0.8461539
368.636,0.8461539
368.6559,0.8461539
368.6759,0.8461539
368.6959,0.8461539
368.7159,0.8461539
368.7359,0.8461539
368.7559,0.8461539
368.7759,0.8461539
368.7959,0.8461539
368.8159,0.8461539
368.8358,0.8461539
368.8558,0.8461539
368.8758,0.8461539
368.8958,0.8461539
368.9158,0.8461539
368.9358,0.8461539
368.9558,0.8461539
368.9758,0.8461539
368.9958,0.8461539
369.0157,0.8461539
369.0357,0.8461539
369.0557,0.8461539
369.0757,0.8461539
369.0957,0.8461539
369.1157,0.8461539
369.1357,0.8461539
369.1557,0.8461539
369.1757,0.8461539
369.1956,0.8461539
369.2156,0.8461539
369.2356,0.8461539
369.2556,0.8461539
369.2756,0.8461539
369.2956,0.8461539
369.3156,0.8461539
369.3356,0.8461539
369.3556,0.8461539
369.3755,0.8461539
369.3955,0.8461539
369.4155,0.8461539
369.4355,0.8461539
369.4555,0.8461539
369.4755,0.8461539
369.4955,0.8461539
369.5155,0.8461539
369.5355,0.8461539
369.5555,0.8461539
369.5754,0.8461539
369.5954,0.8461539
369.6154,0.8461539
369.6354,0.8461539
369.6554,0.8461539
369.6754,0.8461539
369.6954,0.8461539
369.7154,0.8461539
369.7354,0.8461539
369.7553,0.8461539
369.7753,0.8461539
369.7953,0.8461539
369.8153,0.8461539
369.8353,0.8461539
369.8553,0.8461539
369.8753,0.8461539
369.8953,0.8461539
369.9153,0.8461539
369.9352,0.8461539
369.9552,0.8461539
369.9752,0.8461539
369.9952,0.8461539
370.0152,0.8461539
370.0352,0.8461539
370.0552,0.8461539
370.0752,0.8461539
370.0952,0.8461539
370.1151,0.8461539
370.1351,0.8461539
370.1551,0.8461539
370.1751,0.8461539
370.1951,0.8461539
370.2151,0.8461539
370.2351,0.8461539
370.2551,0.8461539
370.2751,0.8461539
370.295,0.8461539
370.315,0.8461539
370.335,0.8461539
370.355,0.8461539
370.375,0.8461539
370.395,0.8461539
370.415,0.8461539
370.435,0.8461539
370.455,0.8461539
370.4749,0.8461539
370.4949,0.8461539
370.5149,0.8461539
370.5349,0.8461539
370.5549,0.8461539
370.5749,0.8461539
370.5949,0.8461539
370.6149,0.8461539
370.6349,0.8461539
370.6548,0.8461539
370.6748,0.8461539
370.6948,0.8461539
370.7148,0.8461539
370.7348,0.8461539
370.7548,0.8461539
370.7748,0.8461539
370.7948,0.8461539
370.8148,0.8461539
370.8347,0.8461539
370.8547,0.8461539
370.8747,0.8461539
370.8947,0.8461539
370.9147,0.8461539
370.9347,0.8461539
370.9547,0.8461539
370.9747,0.8461539
370.9947,0.8461539
371.0146,0.8461539
371.0346,0.8461539
371.0546,0.8461539
371.0746,0.8461539
371.0946,0.8461539
371.1146,0.8461539
371.1346,0.8461539
371.1546,0.8461539
371.1746,0.8461539
371.1945,0.8461539
371.2145,0.8461539
371.2345,0.8461539
371.2545,0.8461539
371.2745,0.8461539
371.2945,0.8461539
371.3145,0.8461539
371.3345,0.8461539
371.3545,0.8461539
371.3745,0.8461539
371.3944,0.8461539
371.4144,0.8461539
371.4344,0.8461539
371.4544,0.8461539
371.4744,0.8461539
371.4944,0.8461539
371.5144,0.8461539
371.5344,0.8461539
371.5544,0.8461539
371.5743,0.8461539
371.5943,0.8461539
371.6143,0.8461539
371.6343,0.8461539
371.6543,0.8461539
371.6743,0.8461539
371.6943,0.8461539
371.7143,0.8461539
371.7343,0.8461539
371.7542,0.8461539
371.7742,0.8461539
371.7942,0.8461539
371.8142,0.8461539
371.8342,0.8461539
371.8542,0.8461539
371.8742,0.8461539
371.8942,0.8461539
371.9142,0.8461539
371.9341,0.8461539
371.9541,0.8461539
371.9741,0.8461539
371.9941,0.8461539
372.0141,0.8461539
372.0341,0.8461539
372.0541,0.8461539
372.0741,0.8461539
372.0941,0.8461539
372.114,0.8461539
372.134,0.8461539
372.154,0.8461539
372.174,0.8461539
372.194,0.8461539
372.214,0.8461539
372.234,0.8461539
372.254,0.8461539
372.274,0.8461539
372.2939,0.8461539
372.3139,0.8461539
372.3339,0.8461539
372.3539,0.8461539
372.3739,0.8461539
372.3939,0.8461539
372.4139,0.8461539
372.4339,0.8461539
372.4539,0.8461539
372.4738,0.8461539
372.4938,0.8461539
372.5138,0.8461539
372.5338,0.8461539
372.5538,0.8461539
372.5738,0.8461539
372.5938,0.8461539
372.6138,0.8461539
372.6338,0.8461539
372.6537,0.8461539
372.6737,0.8461539
372.6937,0.8461539
372.7137,0.8461539
372.7337,0.8461539
372.7537,0.8461539
372.7737,0.8461539
372.7937,0.8461539
372.8137,0.8461539
372.8336,0.8461539
372.8536,0.8461539
372.8736,0.8461539
372.8936,0.8461539
372.9136,0.8461539
372.9336,0.8461539
372.9536,0.8461539
372.9736,0.8461539
372.9936,0.8461539
373.0135,0.8461539
373.0335,0.8461539
373.0535,0.8461539
373.0735,0.8461539
373.0935,0.8461539
373.1135,0.8461539
373.1335,0.8461539
373.1535,0.8461539
373.1735,0.8461539
373.1935,0.8461539
373.2134,0.8461539
373.2334,0.8461539
373.2534,0.8461539
373.2734,0.8461539
373.2934,0.8461539
373.3134,0.8461539
373.3334,0.8461539
373.3534,0.8461539
373.3734,0.8461539
373.3933,0.8509616
373.4133,0.8509616
373.4333,0.8509616
373.4533,0.8509616
373.4733,0.8509616
373.4933,0.8509616
373.5133,0.8509616
373.5333,0.8509616
373.5533,0.8509616
373.5732,0.8509616
373.5932,0.8509616
373.6132,0.8509616
373.6332,0.8509616
373.6532,0.8509616
373.6732,0.8509616
373.6932,0.8509616
373.7132,0.8509616
373.7332,0.8509616
373.7531,0.8509616
373.7731,0.8509616
373.7931,0.8509616
373.8131,0.8509616
373.8331,0.8509616
373.8531,0.8509616
373.8731,0.8509616
373.8931,0.8509616
373.9131,0.8509616
373.933,0.8509616
373.953,0.8509616
373.973,0.8509616
373.993,0.8509616
374.013,0.8509616
374.033,0.8509616
374.053,0.8509616
374.073,0.8509616
374.093,0.8509616
374.1129,0.8509616
374.1329,0.8509616
374.1529,0.8509616
374.1729,0.8509616
374.1929,0.8509616
374.2129,0.8509616
374.2329,0.8509616
374.2529,0.8509616
374.2729,0.8509616
374.2928,0.8509616
374.3128,0.8509616
374.3328,0.8509616
374.3528,0.8509616
374.3728,0.8509616
374.3928,0.8509616
374.4128,0.8509616
374.4328,0.8509616
374.4528,0.8509616
374.4727,0.8509616
374.4927,0.8509616
374.5127,0.8509616
374.5327,0.8509616
374.5527,0.8509616
374.5727,0.8509616
374.5927,0.8509616
374.6127,0.8509616
374.6327,0.8509616
374.6526,0.8509616
374.6726,0.8509616
374.6926,0.8509616
374.7126,0.8509616
374.7326,0.8509616
374.7526,0.8509616
374.7726,0.8509616
374.7926,0.8509616
374.8126,0.8509616
374.8326,0.8509616
374.8525,0.8509616
374.8725,0.8509616
374.8925,0.8509616
374.9125,0.8509616
374.9325,0.8509616
374.9525,0.8509616
374.9725,0.8509616
374.9925,0.8509616
375.0125,0.8509616
375.0324,0.8509616
375.0524,0.8509616
375.0724,0.8509616
375.0924,0.8509616
375.1124,0.8509616
375.1324,0.8509616
375.1524,0.8509616
375.1724,0.8509616
375.1924,0.8509616
375.2123,0.8509616
375.2323,0.8509616
375.2523,0.8509616
375.2723,0.8509616
375.2923,0.8509616
375.3123,0.8509616
375.3323,0.8509616
375.3523,0.8509616
375.3723,0.8509616
375.3922,0.8509616
375.4122,0.8509616
375.4322,0.8509616
375.4522,0.8509616
375.4722,0.8509616
375.4922,0.8509616
375.5122,0.8509616
375.5322,0.8509616
375.5522,0.8509616
375.5721,0.8509616
375.5921,0.8509616
375.6121,0.8509616
375.6321,0.8509616
375.6521,0.8509616
375.6721,0.8509616
375.6921,0.8509616
375.7121,0.8509616
375.7321,0.8509616
375.752,0.8509616
375.772,0.8509616
375.792,0.8509616
375.812,0.8509616
375.832,0.8509616
375.852,0.8509616
375.872,0.8509616
375.892,0.8509616
375.912,0.8509616
375.9319,0.8509616
375.9519,0.8509616
375.9719,0.8509616
375.9919,0.8509616
376.0119,0.8509616
376.0319,0.8509616
376.0519,0.8509616
376.0719,0.8509616
376.0919,0.8509616
376.1118,0.8509616
376.1318,0.8509616
376.1518,0.8509616
376.1718,0.8509616
376.1918,0.8509616
376.2118,0.8509616
376.2318,0.8509616
376.2518,0.8509616
376.2718,0.8509616
376.2917,0.8509616
376.3117,0.8509616
376.3317,0.8509616
376.3517,0.8509616
376.3717,0.8509616
376.3917,0.8509616
376.4117,0.8509616
376.4317,0.8509616
376.4517,0.8509616
376.4716,0.8509616
376.4916,0.8509616
376.5116,0.8509616
376.5316,0.8509616
376.5516,0.8509616
376.5716,0.8509616
376.5916,0.8509616
376.6116,0.8509616
376.6316,0.8509616
376.6516,0.8509616
376.6715,0.8509616
376.6915,0.8509616
376.7115,0.8509616
376.7315,0.8509616
376.7515,0.8509616
376.7715,0.8509616
376.7915,0.8509616
376.8115,0.8509616
376.8315,0.8509616
376.8514,0.8509616
376.8714,0.8509616
376.8914,0.8509616
376.9114,0.8509616
376.9314,0.8509616
376.9514,0.8509616
376.9714,0.8509616
376.9914,0.8509616
377.0114,0.8509616
377.0313,0.8509616
377.0513,0.8509616
377.0713,0.8509616
377.0913,0.8509616
377.1113,0.8509616
377.1313,0.8509616
377.1513,0.8509616
377.1713,0.8509616
377.1913,0.8509616
377.2112,0.8509616
377.2312,0.8509616
377.2512,0.8509616
377.2712,0.8509616
377.2912,0.8509616
377.3112,0.8509616
377.3312,0.8509616
377.3512,0.8509616
377.3712,0.8509616
377.3911,0.8509616
377.4111,0.8509616
377.4311,0.8509616
377.4511,0.8509616
377.4711,0.8509616
377.4911,0.8509616
377.5111,0.8509616
377.5311,0.8509616
377.5511,0.8509616
377.571,0.8509616
377.591,0.8509616
377.611,0.8509616
377.631,0.8509616
377.651,0.8509616
377.671,0.8509616
377.691,0.8509616
377.711,0.8509616
377.731,0.8509616
377.7509,0.8509616
377.7709,0.8509616
377.7909,0.8509616
377.8109,0.8509616
377.8309,0.8509616
377.8509,0.8509616
377.8709,0.8509616
377.8909,0.8509616
377.9109,0.8509616
377.9308,0.8509616
377.9508,0.8509616
377.9708,0.8509616
377.9908,0.8509616
378.0108,0.8509616
378.0308,0.8509616
378.0508,0.8509616
378.0708,0.8509616
378.0908,0.8509616
378.1107,0.8509616
378.1307,0.8509616
378.1507,0.8509616
378.1707,0.8509616
378.1907,0.8509616
378.2107,0.8509616
378.2307,0.8509616
378.2507,0.8509616
378.2707,0.8509616
378.2906,0.8509616
378.3106,0.8509616
378.3306,0.8509616
378.3506,0.8509616
378.3706,0.8509616
378.3906,0.8509616
378.4106,0.8509616
378.4306,0.8509616
378.4506,0.8509616
378.4706,0.8509616
378.4905,0.8509616
378.5105,0.8509616
378.5305,0.8509616
378.5505,0.8509616
378.5705,0.8509616
378.5905,0.8509616
378.6105,0.8509616
378.6305,0.8509616
378.6505,0.8509616
378.6704,0.8509616
378.6904,0.8509616
378.7104,0.8557692
378.7304,0.8557692
378.7504,0.8557692
378.7704,0.8557692
378.7904,0.8557692
378.8104,0.8557692
378.8304,0.8557692
378.8503,0.8557692
378.8703,0.8557692
378.8903,0.8557692
378.9103,0.8557692
378.9303,0.8557692
378.9503,0.8557692
378.9703,0.8557692
378.9903,0.8557692
379.0103,0.8557692
379.0302,0.8557692
379.0502,0.8557692
379.0702,0.8557692
379.0902,0.8557692
379.1102,0.8557692
379.1302,0.8557692
379.1502,0.8557692
379.1702,0.8557692
379.1902,0.8557692
379.2101,0.8557692
379.2301,0.8557692
379.2501,0.8557692
379.2701,0.8557692
379.2901,0.8557692
379.3101,0.8557692
379.3301,0.8557692
379.3501,0.8557692
379.3701,0.8557692
379.39,0.8557692
379.41,0.8557692
379.43,0.8557692
379.45,0.8557692
379.47,0.8557692
379.49,0.8557692
379.51,0.8557692
379.53,0.8557692
379.55,0.8557692
379.5699,0.8557692
379.5899,0.8557692
379.6099,0.8557692
379.6299,0.8557692
379.6499,0.8557692
379.6699,0.8557692
379.6899,0.8557692
379.7099,0.8557692
379.7299,0.8557692
379.7498,0.8557692
379.7698,0.8557692
379.7898,0.8557692
379.8098,0.8557692
379.8298,0.8557692
379.8498,0.8557692
379.8698,0.8557692
379.8898,0.8557692
379.9098,0.8557692
379.9297,0.8557692
379.9497,0.8557692
379.9697,0.8557692
379.9897,0.8557692
380.0097,0.8557692
380.0297,0.8557692
380.0497,0.8557692
380.0697,0.8557692
380.0897,0.8557692
380.1096,0.8557692
380.1296,0.8557692
380.1496,0.8557692
380.1696,0.8557692
380.1896,0.8557692
380.2096,0.8557692
380.2296,0.8557692
380.2496,0.8557692
380.2696,0.8557692
380.2896,0.8557692
380.3095,0.8557692
380.3295,0.8557692
380.3495,0.8557692
380.3695,0.8557692
380.3895,0.8557692
380.4095,0.8557692
380.4295,0.8557692
380.4495,0.8557692
380.4695,0.8557692
380.4894,0.8557692
380.5094,0.8557692
380.5294,0.8557692
380.5494,0.8557692
380.5694,0.8557692
380.5894,0.8557692
380.6094,0.8557692
380.6294,0.8557692
380.6494,0.8557692
380.6693,0.8557692
380.6893,0.8557692
380.7093,0.8557692
380.7293,0.8557692
380.7493,0.8557692
380.7693,0.8557692
380.7893,0.8557692
380.8093,0.8557692
380.8293,0.8557692
380.8492,0.8557692
380.8692,0.8557692
380.8892,0.8557692
380.9092,0.8557692
380.9292,0.8557692
380.9492,0.8557692
380.9692,0.8557692
380.9892,0.8557692
381.0092,0.8557692
381.0291,0.8557692
381.0491,0.8557692
381.0691,0.8557692
381.0891,0.8557692
381.1091,0.8557692
381.1291,0.8557692
381.1491,0.8557692
381.1691,0.8557692
381.1891,0.8557692
381.209,0.8557692
381.229,0.8557692
381.249,0.8557692
381.269,0.8557692
381.289,0.8557692
381.309,0.8557692
381.329,0.8557692
381.349,0.8557692
381.369,0.8557692
381.3889,0.8557692
381.4089,0.8557692
381.4289,0.8557692
381.4489,0.8557692
381.4689,0.8557692
381.4889,0.8557692
381.5089,0.8557692
381.5289,0.8557692
381.5489,0.8557692
381.5688,0.8557692
381.5888,0.8557692
381.6088,0.8557692
381.6288,0.8557692
381.6488,0.8557692
381.6688,0.8557692
381.6888,0.8557692
381.7088,0.8557692
381.7288,0.8557692
381.7487,0.8557692
381.7687,0.8557692
381.7887,0.8557692
381.8087,0.8557692
381.8287,0.8557692
381.8487,0.8557692
381.8687,0.8557692
381.8887,0.8557692
381.9087,0.8557692
381.9286,0.8557692
381.9486,0.8557692
381.9686,0.8557692
381.9886,0.8557692
382.0086,0.8557692
382.0286,0.8557692
382.0486,0.8557692
382.0686,0.8557692
382.0886,0.8557692
382.1086,0.8557692
382.1285,0.8557692
382.1485,0.8557692
382.1685,0.8557692
382.1885,0.8557692
382.2085,0.8557692
382.2285,0.8557692
382.2485,0.8557692
382.2685,0.8557692
382.2885,0.8557692
382.3084,0.8557692
382.3284,0.8557692
382.3484,0.8557692
382.3684,0.8557692
382.3884,0.8557692
382.4084,0.8557692
382.4284,0.8557692
382.4484,0.8557692
382.4684,0.8557692
382.4883,0.8557692
382.5083,0.8557692
382.5283,0.8557692
382.5483,0.8557692
382.5683,0.8557692
382.5883,0.8557692
382.6083,0.8557692
382.6283,0.8557692
382.6483,0.8557692
382.6682,0.8557692
382.6882,0.8557692
382.7082,0.8557692
382.7282,0.8557692
382.7482,0.8557692
382.7682,0.8557692
382.7882,0.8557692
382.8082,0.8557692
382.8282,0.8557692
382.8481,0.8557692
382.8681,0.8557692
382.8881,0.8557692
382.9081,0.8557692
382.9281,0.8557692
382.9481,0.8557692
382.9681,0.8557692
382.9881,0.8557692
383.0081,0.8557692
383.028,0.8557692
383.048,0.8557692
383.068,0.8557692
383.088,0.8557692
383.108,0.8557692
383.128,0.8557692
383.148,0.8557692
383.168,0.8557692
383.188,0.8557692
383.2079,0.8557692
383.2279,0.8557692
383.2479,0.8557692
383.2679,0.8557692
383.2879,0.8557692
383.3079,0.8557692
383.3279,0.8557692
383.3479,0.8557692
383.3679,0.8557692
383.3878,0.8557692
383.4078,0.8557692
383.4278,0.8557692
383.4478,0.8557692
383.4678,0.8557692
383.4878,0.8557692
383.5078,0.8557692
383.5278,0.8557692
383.5478,0.8557692
383.5677,0.8557692
383.5877,0.8557692
383.6077,0.8557692
383.6277,0.8557692
383.6477,0.8557692
383.6677,0.8557692
383.6877,0.8557692
383.7077,0.8557692
383.7277,0.8557692
383.7477,0.8557692
383.7676,0.8557692
383.7876,0.8557692
383.8076,0.8557692
383.8276,0.8557692
383.8476,0.8557692
383.8676,0.8557692
383.8876,0.8557692
383.9076,0.8557692
383.9276,0.8557692
383.9475,0.8557692
383.9675,0.8557692
383.9875,0.8557692
384.0075,0.8557692
384.0275,0.8557692
384.0475,0.8557692
384.0675,0.8557692
384.0875,0.8557692
384.1075,0.8557692
384.1274,0.8557692
384.1474,0.8557692
384.1674,0.8557692
384.1874,0.8557692
384.2074,0.8557692
384.2274,0.8557692
384.2474,0.8557692
384.2674,0.8557692
384.2874,0.8557692
384.3073,0.8557692
384.3273,0.8557692
384.3473,0.8557692
384.3673,0.8557692
384.3873,0.8557692
384.4073,0.8557692
384.4273,0.8557692
384.4473,0.8557692
384.4673,0.8557692
384.4872,0.8557692
384.5072,0.8557692
384.5272,0.8557692
384.5472,0.8557692
384.5672,0.8557692
384.5872,0.8557692
384.6072,0.8557692
384.6272,0.8557692
384.6472,0.8557692
384.6671,0.8557692
384.6871,0.8557692
384.7071,0.8557692
384.7271,0.8557692
384.7471,0.8557692
384.7671,0.8557692
384.7871,0.8557692
384.8071,0.8557692
384.8271,0.8557692
384.847,0.8557692
384.867,0.8557692
384.887,0.8557692
384.907,0.8557692
384.927,0.8557692
384.947,0.8557692
384.967,0.8557692
384.987,0.8557692
385.007,0.8557692
385.0269,0.8557692
385.0469,0.8557692
385.0669,0.8557692
385.0869,0.8557692
385.1069,0.8557692
385.1269,0.8557692
385.1469,0.8557692
385.1669,0.8557692
385.1869,0.8557692
385.2068,0.8557692
385.2268,0.8557692
385.2468,0.8557692
385.2668,0.8557692
385.2868,0.8557692
385.3068,0.8557692
385.3268,0.8557692
385.3468,0.8557692
385.3668,0.8557692
385.3867,0.8557692
385.4067,0.8557692
385.4267,0.8557692
385.4467,0.8557692
385.4667,0.8557692
385.4867,0.8557692
385.5067,0.8557692
385.5267,0.8557692
385.5467,0.8557692
385.5667,0.8557692
385.5866,0.8557692
385.6066,0.8557692
385.6266,0.8557692
385.6466,0.8557692
385.6666,0.8557692
385.6866,0.8557692
385.7066,0.8557692
385.7266,0.8557692
385.7466,0.8557692
385.7665,0.8557692
385.7865,0.8557692
385.8065,0.8557692
385.8265,0.8557692
385.8465,0.8557692
385.8665,0.8557692
385.8865,0.8557692
385.9065,0.8557692
385.9265,0.8557692
385.9464,0.8557692
385.9664,0.8557692
385.9864,0.8557692
386.0064,0.8557692
386.0264,0.8557692
386.0464,0.8557692
386.0664,0.8557692
386.0864,0.8557692
386.1064,0.8557692
386.1263,0.8557692
386.1463,0.8557692
386.1663,0.8557692
386.1863,0.8557692
386.2063,0.8557692
386.2263,0.8557692
386.2463,0.8557692
386.2663,0.8557692
386.2863,0.8557692
386.3062,0.8557692
386.3262,0.8557692
386.3462,0.8557692
386.3662,0.8557692
386.3862,0.8557692
386.4062,0.8557692
386.4262,0.8557692
386.4462,0.8557692
386.4662,0.8557692
386.4861,0.8557692
386.5061,0.8557692
386.5261,0.8557692
386.5461,0.8557692
386.5661,0.8557692
386.5861,0.8557692
386.6061,0.8557692
386.6261,0.8557692
386.6461,0.8557692
386.666,0.8557692
386.686,0.8557692
386.706,0.8557692
386.726,0.8557692
386.746,0.8557692
386.766,0.8557692
386.786,0.8557692
386.806,0.8557692
386.826,0.8557692
386.8459,0.8557692
386.8659,0.8557692
386.8859,0.8557692
386.9059,0.8557692
386.9259,0.8557692
386.9459,0.8557692
386.9659,0.8557692
386.9859,0.8557692
387.0059,0.8557692
387.0258,0.8557692
387.0458,0.8557692
387.0658,0.8557692
387.0858,0.8557692
387.1058,0.8557692
387.1258,0.8557692
387.1458,0.8557692
387.1658,0.8557692
387.1858,0.8557692
387.2057,0.8557692
387.2257,0.8557692
387.2457,0.8557692
387.2657,0.8557692
387.2857,0.8557692
387.3057,0.8557692
387.3257,0.8557692
387.3457,0.8557692
387.3657,0.8557692
387.3857,0.8557692
387.4056,0.8557692
387.4256,0.8557692
387.4456,0.8557692
387.4656,0.8557692
387.4856,0.8557692
387.5056,0.8557692
387.5256,0.8557692
387.5456,0.8557692
387.5656,0.8557692
387.5855,0.8557692
387.6055,0.8557692
387.6255,0.8557692
387.6455,0.8557692
387.6655,0.8557692
387.6855,0.8557692
387.7055,0.8557692
387.7255,0.8557692
387.7455,0.8557692
387.7654,0.8557692
387.7854,0.8557692
387.8054,0.8557692
387.8254,0.8557692
387.8454,0.8557692
387.8654,0.8557692
387.8854,0.8557692
387.9054,0.8557692
387.9254,0.8557692
387.9453,0.8557692
387.9653,0.8557692
387.9853,0.8557692
388.0053,0.8557692
388.0253,0.8557692
388.0453,0.8557692
388.0653,0.8557692
388.0853,0.8557692
388.1053,0.8557692
388.1252,0.8557692
388.1452,0.8557692
388.1652,0.8557692
388.1852,0.8557692
388.2052,0.8557692
388.2252,0.8557692
388.2452,0.8557692
388.2652,0.8557692
388.2852,0.8557692
388.3051,0.8557692
388.3251,0.8557692
388.3451,0.8557692
388.3651,0.8557692
388.3851,0.8557692
388.4051,0.8557692
388.4251,0.8557692
388.4451,0.8557692
388.4651,0.8557692
388.485,0.8557692
388.505,0.8557692
388.525,0.8557692
388.545,0.8557692
388.565,0.8557692
388.585,0.8557692
388.605,0.8557692
388.625,0.8557692
388.645,0.8557692
388.6649,0.8557692
388.6849,0.8557692
388.7049,0.8557692
388.7249,0.8557692
388.7449,0.8557692
388.7649,0.8557692
388.7849,0.8557692
388.8049,0.8557692
388.8249,0.8557692
388.8448,0.8557692
388.8648,0.8557692
388.8848,0.8557692
388.9048,0.8557692
388.9248,0.8557692
388.9448,0.8557692
388.9648,0.8557692
388.9848,0.8557692
389.0048,0.8557692
389.0247,0.8557692
389.0447,0.8557692
389.0647,0.8557692
389.0847,0.8557692
389.1047,0.8557692
389.1247,0.8557692
389.1447,0.8557692
389.1647,0.8557692
389.1847,0.8557692
389.2047,0.8557692
389.2246,0.8557692
389.2446,0.8557692
389.2646,0.8557692
389.2846,0.8557692
389.3046,0.8557692
389.3246,0.8557692
389.3446,0.8557692
389.3646,0.8557692
389.3846,0.8557692
389.4045,0.8557692
389.4245,0.8557692
389.4445,0.8557692
389.4645,0.8557692
389.4845,0.8557692
389.5045,0.8557692
389.5245,0.8557692
389.5445,0.8557692
389.5645,0.8557692
389.5844,0.8557692
389.6044,0.8557692
389.6244,0.8557692
389.6444,0.8557692
389.6644,0.8557692
389.6844,0.8557692
389.7044,0.8557692
389.7244,0.8557692
389.7444,0.8557692
389.7643,0.8557692
389.7843,0.8557692
389.8043,0.8557692
389.8243,0.8557692
389.8443,0.8557692
389.8643,0.8557692
389.8843,0.8557692
389.9043,0.8557692
389.9243,0.8557692
389.9442,0.8557692
389.9642,0.8557692
389.9842,0.8557692
390.0042,0.8557692
390.0242,0.8557692
390.0442,0.8557692
390.0642,0.8557692
390.0842,0.8557692
390.1042,0.8557692
390.1241,0.8557692
390.1441,0.8557692
390.1641,0.8557692
390.1841,0.8557692
390.2041,0.8557692
390.2241,0.8557692
390.2441,0.8557692
390.2641,0.8557692
390.2841,0.8557692
390.304,0.8557692
390.324,0.8557692
390.344,0.8557692
390.364,0.8557692
390.384,0.8557692
390.404,0.8557692
390.424,0.8557692
390.444,0.8557692
390.464,0.8557692
390.4839,0.8557692
390.5039,0.8557692
390.5239,0.8557692
390.5439,0.8557692
390.5639,0.8557692
390.5839,0.8557692
390.6039,0.8557692
390.6239,0.8557692
390.6439,0.8557692
390.6638,0.8557692
390.6838,0.8557692
390.7038,0.8557692
390.7238,0.8557692
390.7438,0.8557692
390.7638,0.8557692
390.7838,0.8557692
390.8038,0.8557692
390.8238,0.8557692
390.8438,0.8557692
390.8637,0.8557692
390.8837,0.8557692
390.9037,0.8557692
390.9237,0.8557692
390.9437,0.8557692
390.9637,0.8557692
390.9837,0.8557692
391.0037,0.8557692
391.0237,0.8557692
391.0436,0.8557692
391.0636,0.8557692
391.0836,0.8557692
391.1036,0.8557692
391.1236,0.8557692
391.1436,0.8557692
391.1636,0.8557692
391.1836,0.8557692
391.2036,0.8557692
391.2235,0.8557692
391.2435,0.8557692
391.2635,0.8557692
391.2835,0.8557692
391.3035,0.8557692
391.3235,0.8557692
391.3435,0.8557692
391.3635,0.8557692
391.3835,0.8557692
391.4034,0.8557692
391.4234,0.8557692
391.4434,0.8557692
391.4634,0.8557692
391.4834,0.8557692
391.5034,0.8557692
391.5234,0.8557692
391.5434,0.8557692
391.5634,0.8557692
391.5833,0.8605769
391.6033,0.8605769
391.6233,0.8605769
391.6433,0.8605769
391.6633,0.8605769
391.6833,0.8605769
391.7033,0.8605769
391.7233,0.8605769
391.7433,0.8605769
391.7632,0.8605769
391.7832,0.8605769
391.8032,0.8605769
391.8232,0.8605769
391.8432,0.8605769
391.8632,0.8605769
391.8832,0.8605769
391.9032,0.8605769
391.9232,0.8605769
391.9431,0.8605769
391.9631,0.8605769
391.9831,0.8605769
392.0031,0.8605769
392.0231,0.8605769
392.0431,0.8605769
392.0631,0.8605769
392.0831,0.8605769
392.1031,0.8605769
392.123,0.8605769
392.143,0.8605769
392.163,0.8605769
392.183,0.8605769
392.203,0.8605769
392.223,0.8605769
392.243,0.8605769
392.263,0.8605769
392.283,0.8605769
392.3029,0.8605769
392.3229,0.8605769
392.3429,0.8605769
392.3629,0.8605769
392.3829,0.8605769
392.4029,0.8605769
392.4229,0.8605769
392.4429,0.8605769
392.4629,0.8605769
392.4828,0.8605769
392.5028,0.8605769
392.5228,0.8605769
392.5428,0.8605769
392.5628,0.8605769
392.5828,0.8605769
392.6028,0.8605769
392.6228,0.8605769
392.6428,0.8605769
392.6628,0.8605769
392.6827,0.8605769
392.7027,0.8605769
392.7227,0.8605769
392.7427,0.8605769
392.7627,0.8605769
392.7827,0.8605769
392.8027,0.8605769
392.8227,0.8605769
392.8427,0.8605769
392.8626,0.8605769
392.8826,0.8605769
392.9026,0.8605769
392.9226,0.8605769
392.9426,0.8605769
392.9626,0.8605769
392.9826,0.8605769
393.0026,0.8605769
393.0226,0.8605769
393.0425,0.8605769
393.0625,0.8605769
393.0825,0.8605769
393.1025,0.8605769
393.1225,0.8605769
393.1425,0.8605769
393.1625,0.8605769
393.1825,0.8605769
393.2025,0.8605769
393.2224,0.8605769
393.2424,0.8605769
393.2624,0.8605769
393.2824,0.8605769
393.3024,0.8605769
393.3224,0.8605769
393.3424,0.8605769
393.3624,0.8605769
393.3824,0.8605769
393.4023,0.8605769
393.4223,0.8605769
393.4423,0.8605769
393.4623,0.8605769
393.4823,0.8605769
393.5023,0.8605769
393.5223,0.8605769
393.5423,0.8605769
393.5623,0.8605769
393.5822,0.8605769
393.6022,0.8605769
393.6222,0.8605769
393.6422,0.8605769
393.6622,0.8605769
393.6822,0.8605769
393.7022,0.8605769
393.7222,0.8605769
393.7422,0.8605769
393.7621,0.8605769
393.7821,0.8605769
393.8021,0.8605769
393.8221,0.8605769
393.8421,0.8605769
393.8621,0.8605769
393.8821,0.8605769
393.9021,0.8605769
393.9221,0.8605769
393.942,0.8605769
393.962,0.8605769
393.982,0.8605769
394.002,0.8605769
394.022,0.8605769
394.042,0.8605769
394.062,0.8605769
394.082,0.8605769
394.102,0.8605769
394.1219,0.8605769
394.1419,0.8605769
394.1619,0.8605769
394.1819,0.8605769
394.2019,0.8605769
394.2219,0.8605769
394.2419,0.8605769
394.2619,0.8605769
394.2819,0.8605769
394.3018,0.8605769
394.3218,0.8605769
394.3418,0.8605769
394.3618,0.8605769
394.3818,0.8605769
394.4018,0.8605769
394.4218,0.8605769
394.4418,0.8605769
394.4618,0.8605769
394.4818,0.8653846
394.5017,0.8653846
394.5217,0.8653846
394.5417,0.8653846
394.5617,0.8653846
394.5817,0.8653846
394.6017,0.8653846
394.6217,0.8653846
394.6417,0.8653846
394.6617,0.8653846
394.6816,0.8653846
394.7016,0.8653846
394.7216,0.8653846
394.7416,0.8653846
394.7616,0.8653846
394.7816,0.8653846
394.8016,0.8653846
394.8216,0.8653846
394.8416,0.8653846
394.8615,0.8653846
394.8815,0.8653846
394.9015,0.8653846
394.9215,0.8653846
394.9415,0.8653846
394.9615,0.8653846
394.9815,0.8653846
395.0015,0.8653846
395.0215,0.8653846
395.0414,0.8653846
395.0614,0.8653846
395.0814,0.8653846
395.1014,0.8653846
395.1214,0.8653846
395.1414,0.8653846
395.1614,0.8653846
395.1814,0.8653846
395.2014,0.8653846
395.2213,0.8653846
395.2413,0.8653846
395.2613,0.8653846
395.2813,0.8653846
395.3013,0.8653846
395.3213,0.8653846
395.3413,0.8653846
395.3613,0.8653846
395.3813,0.8653846
395.4012,0.8653846
395.4212,0.8653846
395.4412,0.8653846
395.4612,0.8653846
395.4812,0.8653846
395.5012,0.8653846
395.5212,0.8653846
395.5412,0.8653846
395.5612,0.8653846
395.5811,0.8653846
395.6011,0.8653846
395.6211,0.8653846
395.6411,0.8653846
395.6611,0.8653846
395.6811,0.8653846
395.7011,0.8653846
395.7211,0.8653846
395.7411,0.8653846
395.761,0.8653846
395.781,0.8653846
395.801,0.8653846
395.821,0.8653846
395.841,0.8653846
395.861,0.8653846
395.881,0.8653846
395.901,0.8653846
395.921,0.8653846
395.9409,0.8653846
395.9609,0.8653846
395.9809,0.8653846
396.0009,0.8653846
396.0209,0.8653846
396.0409,0.8653846
396.0609,0.8653846
396.0809,0.8653846
396.1009,0.8653846
396.1208,0.8653846
396.1408,0.8653846
396.1608,0.8653846
396.1808,0.8653846
396.2008,0.8653846
396.2208,0.8653846
396.2408,0.8653846
396.2608,0.8653846
396.2808,0.8653846
396.3008,0.8653846
396.3207,0.8653846
396.3407,0.8653846
396.3607,0.8653846
396.3807,0.8653846
396.4007,0.8653846
396.4207,0.8653846
396.4407,0.8653846
396.4607,0.8653846
396.4807,0.8653846
396.5006,0.8653846
396.5206,0.8653846
396.5406,0.8653846
396.5606,0.8653846
396.5806,0.8653846
396.6006,0.8653846
396.6206,0.8653846
396.6406,0.8653846
396.6606,0.8653846
396.6805,0.8653846
396.7005,0.8653846
396.7205,0.8653846
396.7405,0.8653846
396.7605,0.8653846
396.7805,0.8653846
396.8005,0.8653846
396.8205,0.8653846
396.8405,0.8653846
396.8604,0.8653846
396.8804,0.8653846
396.9004,0.8653846
396.9204,0.8653846
396.9404,0.8653846
396.9604,0.8653846
396.9804,0.8653846
397.0004,0.8653846
397.0204,0.8653846
397.0403,0.8653846
397.0603,0.8653846
397.0803,0.8653846
397.1003,0.8653846
397.1203,0.8653846
397.1403,0.8653846
397.1603,0.8653846
397.1803,0.8653846
397.2003,0.8653846
397.2202,0.8653846
397.2402,0.8653846
397.2602,0.8653846
397.2802,0.8653846
397.3002,0.8653846
397.3202,0.8653846
397.3402,0.8653846
397.3602,0.8653846
397.3802,0.8653846
397.4001,0.8653846
397.4201,0.8653846
397.4401,0.8653846
397.4601,0.8653846
397.4801,0.8653846
397.5001,0.8653846
397.5201,0.8653846
397.5401,0.8653846
397.5601,0.8653846
397.58,0.8653846
397.6,0.8653846
397.62,0.8653846
397.64,0.8653846
397.66,0.8653846
397.68,0.8653846
397.7,0.8653846
397.72,0.8653846
397.74,0.8653846
397.7599,0.8653846
397.7799,0.8653846
397.7999,0.8653846
397.8199,0.8653846
397.8399,0.8653846
397.8599,0.8653846
397.8799,0.8653846
397.8999,0.8653846
397.9199,0.8653846
397.9398,0.8653846
397.9598,0.8653846
397.9798,0.8653846
397.9998,0.8653846
398.0198,0.8653846
398.0398,0.8653846
398.0598,0.8653846
398.0798,0.8653846
398.0998,0.8653846
398.1198,0.8653846
398.1397,0.8653846
398.1597,0.8653846
398.1797,0.8653846
398.1997,0.8653846
398.2197,0.8653846
398.2397,0.8653846
398.2597,0.8653846
398.2797,0.8653846
398.2997,0.8653846
398.3196,0.8653846
398.3396,0.8653846
398.3596,0.8653846
398.3796,0.8653846
398.3996,0.8653846
398.4196,0.8653846
398.4396,0.8653846
398.4596,0.8653846
398.4796,0.8653846
398.4995,0.8653846
398.5195,0.8653846
398.5395,0.8653846
398.5595,0.8653846
398.5795,0.8653846
398.5995,0.8653846
398.6195,0.8653846
398.6395,0.8653846
398.6595,0.8653846
398.6794,0.8653846
398.6994,0.8653846
398.7194,0.8653846
398.7394,0.8653846
398.7594,0.8653846
398.7794,0.8653846
398.7994,0.8653846
398.8194,0.8653846
398.8394,0.8653846
398.8593,0.8653846
398.8793,0.8653846
398.8993,0.8653846
398.9193,0.8653846
398.9393,0.8653846
398.9593,0.8653846
398.9793,0.8653846
398.9993,0.8653846
399.0193,0.8653846
399.0392,0.8653846
399.0592,0.8653846
399.0792,0.8653846
399.0992,0.8653846
399.1192,0.8653846
399.1392,0.8653846
399.1592,0.8653846
399.1792,0.8653846
399.1992,0.8653846
399.2191,0.8653846
399.2391,0.8653846
399.2591,0.8653846
399.2791,0.8653846
399.2991,0.8653846
399.3191,0.8653846
399.3391,0.8653846
399.3591,0.8653846
399.3791,0.8653846
399.399,0.8653846
399.419,0.8653846
399.439,0.8653846
399.459,0.8653846
399.479,0.8653846
399.499,0.8653846
399.519,0.8653846
399.539,0.8653846
399.559,0.8653846
399.5789,0.8653846
399.5989,0.8653846
399.6189,0.8653846
399.6389,0.8653846
399.6589,0.8653846
399.6789,0.8653846
399.6989,0.8653846
399.7189,0.8653846
399.7389,0.8653846
399.7589,0.8653846
399.7788,0.8653846
399.7988,0.8653846
399.8188,0.8653846
399.8388,0.8653846
399.8588,0.8653846
399.8788,0.8653846
399.8988,0.8653846
399.9188,0.8653846
399.9388,0.8653846
399.9587,0.8653846
399.9787,0.8653846
399.9987,0.8653846
400.0187,0.8653846
400.0387,0.8653846
400.0587,0.8653846
400.0787,0.8653846
400.0987,0.8653846
400.1187,0.8653846
400.1386,0.8653846
400.1586,0.8653846
400.1786,0.8653846
400.1986,0.8653846
400.2186,0.8653846
400.2386,0.8653846
400.2586,0.8653846
400.2786,0.8653846
400.2986,0.8653846
400.3185,0.8653846
400.3385,0.8653846
400.3585,0.8653846
400.3785,0.8653846
400.3985,0.8653846
400.4185,0.8653846
400.4385,0.8653846
400.4585,0.8653846
400.4785,0.8653846
400.4984,0.8653846
400.5184,0.8653846
400.5384,0.8653846
400.5584,0.8653846
400.5784,0.8653846
400.5984,0.8653846
400.6184,0.8653846
400.6384,0.8653846
400.6584,0.8653846
400.6783,0.8653846
400.6983,0.8653846
400.7183,0.8653846
400.7383,0.8653846
400.7583,0.8653846
400.7783,0.8653846
400.7983,0.8653846
400.8183,0.8653846
400.8383,0.8653846
400.8582,0.8653846
400.8782,0.8653846
400.8982,0.8653846
400.9182,0.8653846
400.9382,0.8653846
400.9582,0.8653846
400.9782,0.8653846
400.9982,0.8653846
401.0182,0.8653846
401.0381,0.8653846
401.0581,0.8653846
401.0781,0.8653846
401.0981,0.8653846
401.1181,0.8653846
401.1381,0.8653846
401.1581,0.8653846
401.1781,0.8653846
401.1981,0.8653846
401.218,0.8653846
401.238,0.8653846
401.258,0.8653846
401.278,0.8653846
401.298,0.8653846
401.318,0.8653846
401.338,0.8653846
401.358,0.8653846
401.378,0.8653846
401.3979,0.8653846
401.4179,0.8653846
401.4379,0.8653846
401.4579,0.8653846
401.4779,0.8653846
401.4979,0.8653846
401.5179,0.8653846
401.5379,0.8653846
401.5579,0.8653846
401.5779,0.8653846
401.5978,0.8653846
401.6178,0.8653846
401.6378,0.8653846
401.6578,0.8653846
401.6778,0.8653846
401.6978,0.8653846
401.7178,0.8653846
401.7378,0.8653846
401.7578,0.8653846
401.7777,0.8653846
401.7977,0.8653846
401.8177,0.8653846
401.8377,0.8653846
401.8577,0.8653846
401.8777,0.8653846
401.8977,0.8653846
401.9177,0.8653846
401.9377,0.8653846
401.9576,0.8653846
401.9776,0.8653846
401.9976,0.8653846
402.0176,0.8653846
402.0376,0.8653846
402.0576,0.8653846
402.0776,0.8653846
402.0976,0.8653846
402.1176,0.8653846
402.1375,0.8653846
402.1575,0.8653846
402.1775,0.8653846
402.1975,0.8653846
402.2175,0.8653846
402.2375,0.8653846
402.2575,0.8653846
402.2775,0.8653846
402.2975,0.8653846
402.3174,0.8653846
402.3374,0.8653846
402.3574,0.8653846
402.3774,0.8653846
402.3974,0.8653846
402.4174,0.8653846
402.4374,0.8653846
402.4574,0.8653846
402.4774,0.8653846
402.4973,0.8653846
402.5173,0.8653846
402.5373,0.8653846
402.5573,0.8653846
402.5773,0.8653846
402.5973,0.8653846
402.6173,0.8653846
402.6373,0.8653846
402.6573,0.8653846
402.6772,0.8653846
402.6972,0.8653846
402.7172,0.8653846
402.7372,0.8653846
402.7572,0.8653846
402.7772,0.8653846
402.7972,0.8653846
402.8172,0.8653846
402.8372,0.8653846
402.8571,0.8653846
402.8771,0.8653846
402.8971,0.8653846
402.9171,0.8653846
402.9371,0.8653846
402.9571,0.8653846
402.9771,0.8653846
402.9971,0.8653846
403.0171,0.8653846
403.037,0.8653846
403.057,0.8653846
403.077,0.8653846
403.097,0.8653846
403.117,0.8653846
403.137,0.8653846
403.157,0.8653846
403.177,0.8653846
403.197,0.8653846
403.2169,0.8653846
403.2369,0.8653846
403.2569,0.8653846
403.2769,0.8653846
403.2969,0.8653846
403.3169,0.8653846
403.3369,0.8653846
403.3569,0.8653846
403.3769,0.8653846
403.3969,0.8653846
403.4168,0.8653846
403.4368,0.8653846
403.4568,0.8653846
403.4768,0.8653846
403.4968,0.8653846
403.5168,0.8653846
403.5368,0.8653846
403.5568,0.8653846
403.5768,0.8653846
403.5967,0.8653846
403.6167,0.8653846
403.6367,0.8653846
403.6567,0.8653846
403.6767,0.8653846
403.6967,0.8653846
403.7167,0.8653846
403.7367,0.8653846
403.7567,0.8653846
403.7766,0.8653846
403.7966,0.8653846
403.8166,0.8653846
403.8366,0.8653846
403.8566,0.8653846
403.8766,0.8653846
403.8966,0.8653846
403.9166,0.8653846
403.9366,0.8653846
403.9565,0.8653846
403.9765,0.8653846
403.9965,0.8653846
404.0165,0.8653846
404.0365,0.8653846
404.0565,0.8653846
404.0765,0.8653846
404.0965,0.8653846
404.1165,0.8653846
404.1364,0.8653846
404.1564,0.8653846
404.1764,0.8653846
404.1964,0.8653846
404.2164,0.8653846
404.2364,0.8653846
404.2564,0.8653846
404.2764,0.8653846
404.2964,0.8653846
404.3163,0.8653846
404.3363,0.8653846
404.3563,0.8653846
404.3763,0.8653846
404.3963,0.8653846
404.4163,0.8653846
404.4363,0.8653846
404.4563,0.8653846
404.4763,0.8653846
404.4962,0.8653846
404.5162,0.8653846
404.5362,0.8653846
404.5562,0.8653846
404.5762,0.8653846
404.5962,0.8653846
404.6162,0.8653846
404.6362,0.8653846
404.6562,0.8653846
404.6761,0.8653846
404.6961,0.8653846
404.7161,0.8653846
404.7361,0.8653846
404.7561,0.8653846
404.7761,0.8653846
404.7961,0.8653846
404.8161,0.8653846
404.8361,0.8653846
404.856,0.8653846
404.876,0.8653846
404.896,0.8653846
404.916,0.8653846
404.936,0.8653846
404.956,0.8653846
404.976,0.8653846
404.996,0.8653846
405.016,0.8653846
405.0359,0.8653846
405.0559,0.8653846
405.0759,0.8653846
405.0959,0.8653846
405.1159,0.8653846
405.1359,0.8653846
405.1559,0.8653846
405.1759,0.8653846
405.1959,0.8653846
405.2159,0.8653846
405.2358,0.8653846
405.2558,0.8653846
405.2758,0.8653846
405.2958,0.8653846
405.3158,0.8653846
405.3358,0.8653846
405.3558,0.8653846
405.3758,0.8653846
405.3958,0.8653846
405.4157,0.8653846
405.4357,0.8653846
405.4557,0.8653846
405.4757,0.8653846
405.4957,0.8653846
405.5157,0.8653846
405.5357,0.8653846
405.5557,0.8653846
405.5757,0.8653846
405.5956,0.8653846
405.6156,0.8653846
405.6356,0.8653846
405.6556,0.8653846
405.6756,0.8653846
405.6956,0.8653846
405.7156,0.8653846
405.7356,0.8653846
405.7556,0.8653846
405.7755,0.8653846
405.7955,0.8653846
405.8155,0.8653846
405.8355,0.8653846
405.8555,0.8653846
405.8755,0.8653846
405.8955,0.8653846
405.9155,0.8653846
405.9355,0.8653846
405.9554,0.8653846
405.9754,0.8653846
405.9954,0.8653846
406.0154,0.8653846
406.0354,0.8653846
406.0554,0.8653846
406.0754,0.8653846
406.0954,0.8653846
406.1154,0.8653846
406.1353,0.8653846
406.1553,0.8653846
406.1753,0.8653846
406.1953,0.8653846
406.2153,0.8653846
406.2353,0.8653846
406.2553,0.8653846
406.2753,0.8653846
406.2953,0.8653846
406.3152,0.8653846
406.3352,0.8653846
406.3552,0.8653846
406.3752,0.8653846
406.3952,0.8653846
406.4152,0.8653846
406.4352,0.8653846
406.4552,0.8653846
406.4752,0.8653846
406.4951,0.8653846
406.5151,0.8653846
406.5351,0.8653846
406.5551,0.8653846
406.5751,0.8653846
406.5951,0.8653846
406.6151,0.8653846
406.6351,0.8653846
406.6551,0.8653846
406.675,0.8653846
406.695,0.8653846
406.715,0.8653846
406.735,0.8653846
406.755,0.8653846
406.775,0.8653846
406.795,0.8653846
406.815,0.8653846
406.835,0.8653846
406.8549,0.8653846
406.8749,0.8653846
406.8949,0.8653846
406.9149,0.8653846
406.9349,0.8653846
406.9549,0.8653846
406.9749,0.8653846
406.9949,0.8653846
407.0149,0.8653846
407.0349,0.8653846
407.0548,0.8653846
407.0748,0.8653846
407.0948,0.8653846
407.1148,0.8653846
407.1348,0.8653846
407.1548,0.8653846
407.1748,0.8653846
407.1948,0.8653846
407.2148,0.8653846
407.2347,0.8653846
407.2547,0.8653846
407.2747,0.8653846
407.2947,0.8653846
407.3147,0.8653846
407.3347,0.8653846
407.3547,0.8653846
407.3747,0.8653846
407.3947,0.8653846
407.4146,0.8653846
407.4346,0.8653846
407.4546,0.8653846
407.4746,0.8653846
407.4946,0.8653846
407.5146,0.8653846
407.5346,0.8653846
407.5546,0.8653846
407.5746,0.8653846
407.5945,0.8653846
407.6145,0.8653846
407.6345,0.8653846
407.6545,0.8653846
407.6745,0.8653846
407.6945,0.8653846
407.7145,0.8653846
407.7345,0.8653846
407.7545,0.8653846
407.7744,0.8653846
407.7944,0.8653846
407.8144,0.8653846
407.8344,0.8653846
407.8544,0.8653846
407.8744,0.8653846
407.8944,0.8653846
407.9144,0.8653846
407.9344,0.8653846
407.9543,0.8653846
407.9743,0.8653846
407.9943,0.8653846
408.0143,0.8653846
408.0343,0.8653846
408.0543,0.8653846
408.0743,0.8653846
408.0943,0.8653846
408.1143,0.8653846
408.1342,0.8653846
408.1542,0.8653846
408.1742,0.8653846
408.1942,0.8653846
408.2142,0.8653846
408.2342,0.8653846
408.2542,0.8653846
408.2742,0.8653846
408.2942,0.8653846
408.3141,0.8653846
408.3341,0.8653846
408.3541,0.8653846
408.3741,0.8653846
408.3941,0.8653846
408.4141,0.8653846
408.4341,0.8653846
408.4541,0.8653846
408.4741,0.8653846
408.494,0.8653846
408.514,0.8653846
408.534,0.8653846
408.554,0.8653846
408.574,0.8653846
408.594,0.8653846
408.614,0.8653846
408.634,0.8653846
408.654,0.8653846
408.674,0.8653846
408.6939,0.8653846
408.7139,0.8653846
408.7339,0.8653846
408.7539,0.8653846
408.7739,0.8653846
408.7939,0.8653846
408.8139,0.8653846
408.8339,0.8653846
408.8539,0.8653846
408.8738,0.8653846
408.8938,0.8653846
408.9138,0.8653846
408.9338,0.8653846
408.9538,0.8653846
408.9738,0.8653846
408.9938,0.8653846
409.0138,0.8653846
409.0338,0.8653846
409.0537,0.8653846
409.0737,0.8653846
409.0937,0.8653846
409.1137,0.8653846
409.1337,0.8653846
409.1537,0.8653846
409.1737,0.8653846
409.1937,0.8653846
409.2137,0.8653846
409.2336,0.8653846
409.2536,0.8653846
409.2736,0.8653846
409.2936,0.8653846
409.3136,0.8653846
409.3336,0.8653846
409.3536,0.8653846
409.3736,0.8653846
409.3936,0.8653846
409.4135,0.8653846
409.4335,0.8653846
409.4535,0.8653846
409.4735,0.8653846
409.4935,0.8653846
409.5135,0.8653846
409.5335,0.8653846
409.5535,0.8653846
409.5735,0.8653846
409.5934,0.8653846
409.6134,0.8653846
409.6334,0.8653846
409.6534,0.8653846
409.6734,0.8653846
409.6934,0.8653846
409.7134,0.8653846
409.7334,0.8653846
409.7534,0.8653846
409.7733,0.8653846
409.7933,0.8653846
409.8133,0.8653846
409.8333,0.8653846
409.8533,0.8653846
409.8733,0.8653846
409.8933,0.8653846
409.9133,0.8653846
409.9333,0.8653846
409.9532,0.8653846
409.9732,0.8653846
409.9932,0.8653846
410.0132,0.8653846
410.0332,0.8653846
410.0532,0.8653846
410.0732,0.8653846
410.0932,0.8653846
410.1132,0.8653846
410.1331,0.8653846
410.1531,0.8653846
410.1731,0.8653846
410.1931,0.8653846
410.2131,0.8653846
410.2331,0.8653846
410.2531,0.8653846
410.2731,0.8653846
410.2931,0.8653846
410.313,0.8653846
410.333,0.8653846
410.353,0.8653846
410.373,0.8653846
410.393,0.8653846
410.413,0.8653846
410.433,0.8653846
410.453,0.8653846
410.473,0.8653846
410.493,0.8653846
410.5129,0.8653846
410.5329,0.8653846
410.5529,0.8653846
410.5729,0.8653846
410.5929,0.8653846
410.6129,0.8653846
410.6329,0.8653846
410.6529,0.8653846
410.6729,0.8653846
410.6928,0.8653846
410.7128,0.8653846
410.7328,0.8653846
410.7528,0.8653846
410.7728,0.8653846
410.7928,0.8653846
410.8128,0.8653846
410.8328,0.8653846
410.8528,0.8653846
410.8727,0.8653846
410.8927,0.8653846
410.9127,0.8653846
410.9327,0.8653846
410.9527,0.8653846
410.9727,0.8653846
410.9927,0.8653846
411.0127,0.8653846
411.0327,0.8653846
411.0526,0.8653846
411.0726,0.8653846
411.0926,0.8653846
411.1126,0.8653846
411.1326,0.8653846
411.1526,0.8653846
411.1726,0.8653846
411.1926,0.8653846
411.2126,0.8653846
411.2325,0.8653846
411.2525,0.8653846
411.2725,0.8653846
411.2925,0.8653846
411.3125,0.8653846
411.3325,0.8653846
411.3525,0.8653846
411.3725,0.8653846
411.3925,0.8653846
411.4124,0.8653846
411.4324,0.8653846
411.4524,0.8653846
411.4724,0.8653846
411.4924,0.8653846
411.5124,0.8653846
411.5324,0.8653846
411.5524,0.8653846
411.5724,0.8653846
411.5923,0.8653846
411.6123,0.8653846
411.6323,0.8653846
411.6523,0.8653846
411.6723,0.8653846
411.6923,0.8653846
411.7123,0.8653846
411.7323,0.8653846
411.7523,0.8653846
411.7722,0.8653846
411.7922,0.8653846
411.8122,0.8653846
411.8322,0.8653846
411.8522,0.8653846
411.8722,0.8653846
411.8922,0.8653846
411.9122,0.8653846
411.9322,0.8653846
411.9521,0.8653846
411.9721,0.8653846
411.9921,0.8653846
412.0121,0.8653846
412.0321,0.8653846
412.0521,0.8653846
412.0721,0.8653846
412.0921,0.8653846
412.1121,0.8653846
412.132,0.8653846
412.152,0.8653846
412.172,0.8653846
412.192,0.8653846
412.212,0.8653846
412.232,0.8653846
412.252,0.8653846
412.272,0.8653846
412.292,0.8653846
412.312,0.8653846
412.3319,0.8653846
412.3519,0.8653846
412.3719,0.8653846
412.3919,0.8653846
412.4119,0.8653846
412.4319,0.8653846
412.4519,0.8653846
412.4719,0.8653846
412.4919,0.8653846
412.5118,0.8653846
412.5318,0.8653846
412.5518,0.8653846
412.5718,0.8653846
412.5918,0.8653846
412.6118,0.8653846
412.6318,0.8653846
412.6518,0.8653846
412.6718,0.8653846
412.6917,0.8653846
412.7117,0.8653846
412.7317,0.8653846
412.7517,0.8653846
412.7717,0.8653846
412.7917,0.8653846
412.8117,0.8653846
412.8317,0.8653846
412.8517,0.8653846
412.8716,0.8653846
412.8916,0.8653846
412.9116,0.8653846
412.9316,0.8653846
412.9516,0.8653846
412.9716,0.8653846
412.9916,0.8653846
413.0116,0.8653846
413.0316,0.8653846
413.0515,0.8653846
413.0715,0.8653846
413.0915,0.8653846
413.1115,0.8653846
413.1315,0.8653846
413.1515,0.8653846
413.1715,0.8653846
413.1915,0.8653846
413.2115,0.8653846
413.2314,0.8653846
413.2514,0.8653846
413.2714,0.8653846
413.2914,0.8653846
413.3114,0.8653846
413.3314,0.8653846
413.3514,0.8653846
413.3714,0.8653846
413.3914,0.8653846
413.4113,0.8653846
413.4313,0.8653846
413.4513,0.8653846
413.4713,0.8653846
413.4913,0.8653846
413.5113,0.8653846
413.5313,0.8653846
413.5513,0.8653846
413.5713,0.8653846
413.5912,0.8653846
413.6112,0.8653846
413.6312,0.8653846
413.6512,0.8653846
413.6712,0.8653846
413.6912,0.8653846
413.7112,0.8653846
413.7312,0.8653846
413.7512,0.8653846
413.7711,0.8653846
413.7911,0.8653846
413.8111,0.8653846
413.8311,0.8653846
413.8511,0.8653846
413.8711,0.8653846
413.8911,0.8653846
413.9111,0.8653846
413.9311,0.8653846
413.951,0.8653846
413.971,0.8653846
413.991,0.8653846
414.011,0.8653846
414.031,0.8653846
414.051,0.8653846
414.071,0.8653846
414.091,0.8653846
414.111,0.8653846
414.131,0.8653846
414.1509,0.8653846
414.1709,0.8653846
414.1909,0.8653846
414.2109,0.8653846
414.2309,0.8653846
414.2509,0.8653846
414.2709,0.8653846
414.2909,0.8653846
414.3109,0.8653846
414.3308,0.8653846
414.3508,0.8653846
414.3708,0.8653846
414.3908,0.8653846
414.4108,0.8653846
414.4308,0.8653846
414.4508,0.8653846
414.4708,0.8653846
414.4908,0.8653846
414.5107,0.8653846
414.5307,0.8653846
414.5507,0.8653846
414.5707,0.8653846
414.5907,0.8653846
414.6107,0.8653846
414.6307,0.8653846
414.6507,0.8653846
414.6707,0.8653846
414.6906,0.8653846
414.7106,0.8653846
414.7306,0.8653846
414.7506,0.8653846
414.7706,0.8653846
414.7906,0.8653846
414.8106,0.8653846
414.8306,0.8653846
414.8506,0.8653846
414.8705,0.8653846
414.8905,0.8653846
414.9105,0.8653846
414.9305,0.8653846
414.9505,0.8653846
414.9705,0.8653846
414.9905,0.8653846
415.0105,0.8653846
415.0305,0.8653846
415.0504,0.8653846
415.0704,0.8653846
415.0904,0.8653846
415.1104,0.8653846
415.1304,0.8653846
415.1504,0.8653846
415.1704,0.8653846
415.1904,0.8653846
415.2104,0.8653846
415.2303,0.8653846
415.2503,0.8653846
415.2703,0.8653846
415.2903,0.8653846
415.3103,0.8653846
415.3303,0.8653846
415.3503,0.8653846
415.3703,0.8653846
415.3903,0.8653846
415.4102,0.8653846
415.4302,0.8653846
415.4502,0.8653846
415.4702,0.8653846
415.4902,0.8653846
415.5102,0.8653846
415.5302,0.8653846
415.5502,0.8653846
415.5702,0.8653846
415.5901,0.8653846
415.6101,0.8653846
415.6301,0.8653846
415.6501,0.8653846
415.6701,0.8653846
415.6901,0.8653846
415.7101,0.8653846
415.7301,0.8653846
415.7501,0.8653846
415.7701,0.8653846
415.79,0.8653846
415.81,0.8653846
415.83,0.8653846
415.85,0.8653846
415.87,0.8653846
415.89,0.8653846
415.91,0.8653846
415.93,0.8653846
415.95,0.8653846
415.9699,0.8653846
415.9899,0.8653846
416.0099,0.8653846
416.0299,0.8653846
416.0499,0.8653846
416.0699,0.8653846
416.0899,0.8653846
416.1099,0.8653846
416.1299,0.8653846
416.1498,0.8653846
416.1698,0.8653846
416.1898,0.8653846
416.2098,0.8653846
416.2298,0.8653846
416.2498,0.8653846
416.2698,0.8653846
416.2898,0.8653846
416.3098,0.8653846
416.3297,0.8653846
416.3497,0.8653846
416.3697,0.8653846
416.3897,0.8653846
416.4097,0.8653846
416.4297,0.8653846
416.4497,0.8653846
416.4697,0.8653846
416.4897,0.8653846
416.5096,0.8653846
416.5296,0.8653846
416.5496,0.8653846
416.5696,0.8653846
416.5896,0.8653846
416.6096,0.8653846
416.6296,0.8653846
416.6496,0.8653846
416.6696,0.8653846
416.6895,0.8653846
416.7095,0.8653846
416.7295,0.8653846
416.7495,0.8653846
416.7695,0.8653846
416.7895,0.8653846
416.8095,0.8653846
416.8295,0.8653846
416.8495,0.8653846
416.8694,0.8653846
416.8894,0.8653846
416.9094,0.8653846
416.9294,0.8653846
416.9494,0.8653846
416.9694,0.8653846
416.9894,0.8653846
417.0094,0.8653846
417.0294,0.8653846
417.0493,0.8653846
417.0693,0.8653846
417.0893,0.8653846
417.1093,0.8653846
417.1293,0.8653846
417.1493,0.8653846
417.1693,0.8653846
417.1893,0.8653846
417.2093,0.8653846
417.2292,0.8653846
417.2492,0.8653846
417.2692,0.8653846
417.2892,0.8653846
417.3092,0.8653846
417.3292,0.8653846
417.3492,0.8653846
417.3692,0.8653846
417.3892,0.8653846
417.4091,0.8653846
417.4291,0.8653846
417.4491,0.8653846
417.4691,0.8653846
417.4891,0.8653846
417.5091,0.8653846
417.5291,0.8653846
417.5491,0.8653846
417.5691,0.8653846
417.5891,0.8653846
417.609,0.8653846
417.629,0.8653846
417.649,0.8653846
417.669,0.8653846
417.689,0.8653846
417.709,0.8653846
417.729,0.8653846
417.749,0.8653846
417.769,0.8653846
417.7889,0.8653846
417.8089,0.8653846
417.8289,0.8653846
417.8489,0.8653846
417.8689,0.8653846
417.8889,0.8653846
417.9089,0.8653846
417.9289,0.8653846
417.9489,0.8653846
417.9688,0.8653846
417.9888,0.8653846
418.0088,0.8653846
418.0288,0.8653846
418.0488,0.8653846
418.0688,0.8653846
418.0888,0.8653846
418.1088,0.8653846
418.1288,0.8653846
418.1487,0.8653846
418.1687,0.8653846
418.1887,0.8653846
418.2087,0.8653846
418.2287,0.8653846
418.2487,0.8653846
418.2687,0.8653846
418.2887,0.8653846
418.3087,0.8653846
418.3286,0.8653846
418.3486,0.8653846
418.3686,0.8653846
418.3886,0.8653846
418.4086,0.8653846
418.4286,0.8653846
418.4486,0.8653846
418.4686,0.8653846
418.4886,0.8653846
418.5085,0.8653846
418.5285,0.8653846
418.5485,0.8653846
418.5685,0.8653846
418.5885,0.8653846
418.6085,0.8653846
418.6285,0.8653846
418.6485,0.8653846
418.6685,0.8653846
418.6884,0.8653846
418.7084,0.8653846
418.7284,0.8653846
418.7484,0.8653846
418.7684,0.8653846
418.7884,0.8653846
418.8084,0.8653846
418.8284,0.8653846
418.8484,0.8653846
418.8683,0.8653846
418.8883,0.8653846
418.9083,0.8653846
418.9283,0.8653846
418.9483,0.8653846
418.9683,0.8653846
418.9883,0.8653846
419.0083,0.8653846
419.0283,0.8653846
419.0482,0.8653846
419.0682,0.8653846
419.0882,0.8653846
419.1082,0.8653846
419.1282,0.8653846
419.1482,0.8653846
419.1682,0.8653846
419.1882,0.8653846
419.2082,0.8653846
419.2281,0.8653846
419.2481,0.8653846
419.2681,0.8653846
419.2881,0.8653846
419.3081,0.8653846
419.3281,0.8653846
419.3481,0.8653846
419.3681,0.8653846
419.3881,0.8653846
419.4081,0.8653846
419.428,0.8653846
419.448,0.8653846
419.468,0.8653846
419.488,0.8653846
419.508,0.8653846
419.528,0.8653846
419.548,0.8653846
419.568,0.8653846
419.588,0.8653846
419.6079,0.8653846
419.6279,0.8653846
419.6479,0.8653846
419.6679,0.8653846
419.6879,0.8653846
419.7079,0.8653846
419.7279,0.8653846
419.7479,0.8653846
419.7679,0.8653846
419.7878,0.8653846
419.8078,0.8653846
419.8278,0.8653846
419.8478,0.8653846
419.8678,0.8653846
419.8878,0.8653846
419.9078,0.8653846
419.9278,0.8653846
419.9478,0.8653846
419.9677,0.8653846
419.9877,0.8653846
420.0077,0.8653846
420.0277,0.8653846
420.0477,0.8653846
420.0677,0.8653846
420.0877,0.8653846
420.1077,0.8653846
420.1277,0.8653846
420.1476,0.8653846
420.1676,0.8653846
420.1876,0.8653846
420.2076,0.8653846
420.2276,0.8653846
420.2476,0.8653846
420.2676,0.8653846
420.2876,0.8653846
420.3076,0.8653846
420.3275,0.8653846
420.3475,0.8653846
420.3675,0.8653846
420.3875,0.8653846
420.4075,0.8653846
420.4275,0.8653846
420.4475,0.8653846
420.4675,0.8653846
420.4875,0.8653846
420.5074,0.8653846
420.5274,0.8653846
420.5474,0.8653846
420.5674,0.8653846
420.5874,0.8653846
420.6074,0.8653846
420.6274,0.8653846
420.6474,0.8653846
420.6674,0.8653846
420.6873,0.8653846
420.7073,0.8653846
420.7273,0.8653846
420.7473,0.8653846
420.7673,0.8653846
420.7873,0.8653846
420.8073,0.8653846
420.8273,0.8653846
420.8473,0.8653846
420.8672,0.8653846
420.8872,0.8653846
420.9072,0.8653846
420.9272,0.8653846
420.9472,0.8653846
420.9672,0.8653846
420.9872,0.8653846
421.0072,0.8653846
421.0272,0.8653846
421.0471,0.8653846
421.0671,0.8653846
421.0871,0.8653846
421.1071,0.8653846
421.1271,0.8653846
421.1471,0.8653846
421.1671,0.8653846
421.1871,0.8653846
421.2071,0.8653846
421.2271,0.8653846
421.247,0.8653846
421.267,0.8653846
421.287,0.8653846
421.307,0.8653846
421.327,0.8653846
421.347,0.8653846
421.367,0.8653846
421.387,0.8653846
421.407,0.8653846
421.4269,0.8653846
421.4469,0.8653846
421.4669,0.8653846
421.4869,0.8653846
421.5069,0.8653846
421.5269,0.8653846
421.5469,0.8653846
421.5669,0.8653846
421.5869,0.8653846
421.6068,0.8653846
421.6268,0.8653846
421.6468,0.8653846
421.6668,0.8653846
421.6868,0.8653846
421.7068,0.8653846
421.7268,0.8653846
421.7468,0.8653846
421.7668,0.8653846
421.7867,0.8653846
421.8067,0.8653846
421.8267,0.8653846
421.8467,0.8653846
421.8667,0.8653846
421.8867,0.8653846
421.9067,0.8653846
421.9267,0.8653846
421.9467,0.8653846
421.9666,0.8653846
421.9866,0.8653846
422.0066,0.8653846
422.0266,0.8653846
422.0466,0.8653846
422.0666,0.8653846
422.0866,0.8653846
422.1066,0.8653846
422.1266,0.8653846
422.1465,0.8653846
422.1665,0.8653846
422.1865,0.8653846
422.2065,0.8653846
422.2265,0.8653846
422.2465,0.8653846
422.2665,0.8653846
422.2865,0.8653846
422.3065,0.8653846
422.3264,0.8653846
422.3464,0.8653846
422.3664,0.8653846
422.3864,0.8653846
422.4064,0.8653846
422.4264,0.8653846
422.4464,0.8653846
422.4664,0.8653846
422.4864,0.8653846
422.5063,0.8653846
422.5263,0.8653846
422.5463,0.8653846
422.5663,0.8653846
422.5863,0.8653846
422.6063,0.8653846
422.6263,0.8653846
422.6463,0.8653846
422.6663,0.8653846
422.6862,0.8653846
422.7062,0.8653846
422.7262,0.8653846
422.7462,0.8653846
422.7662,0.8653846
422.7862,0.8653846
422.8062,0.8653846
422.8262,0.8653846
422.8462,0.8653846
422.8661,0.8653846
422.8861,0.8653846
422.9061,0.8653846
422.9261,0.8653846
422.9461,0.8653846
422.9661,0.8653846
422.9861,0.8653846
423.0061,0.8653846
423.0261,0.8653846
423.0461,0.8653846
423.066,0.8653846
423.086,0.8653846
423.106,0.8653846
423.126,0.8653846
423.146,0.8653846
423.166,0.8653846
423.186,0.8653846
423.206,0.8653846
423.226,0.8653846
423.2459,0.8653846
423.2659,0.8653846
423.2859,0.8653846
423.3059,0.8653846
423.3259,0.8653846
423.3459,0.8653846
423.3659,0.8653846
423.3859,0.8653846
423.4059,0.8653846
423.4258,0.8653846
423.4458,0.8653846
423.4658,0.8653846
423.4858,0.8653846
423.5058,0.8653846
423.5258,0.8653846
423.5458,0.8653846
423.5658,0.8653846
423.5858,0.8653846
423.6057,0.8653846
423.6257,0.8653846
423.6457,0.8653846
423.6657,0.8653846
423.6857,0.8653846
423.7057,0.8653846
423.7257,0.8653846
423.7457,0.8653846
423.7657,0.8653846
423.7856,0.8653846
423.8056,0.8653846
423.8256,0.8653846
423.8456,0.8653846
423.8656,0.8653846
423.8856,0.8653846
423.9056,0.8653846
423.9256,0.8653846
423.9456,0.8653846
423.9655,0.8653846
423.9855,0.8653846
424.0055,0.8653846
424.0255,0.8653846
424.0455,0.8653846
424.0655,0.8653846
424.0855,0.8653846
424.1055,0.8653846
424.1255,0.8653846
424.1454,0.8653846
424.1654,0.8653846
424.1854,0.8653846
424.2054,0.8653846
424.2254,0.8653846
424.2454,0.8653846
424.2654,0.8653846
424.2854,0.8653846
424.3054,0.8653846
424.3253,0.8653846
424.3453,0.8653846
424.3653,0.8653846
424.3853,0.8653846
424.4053,0.8653846
424.4253,0.8653846
424.4453,0.8653846
424.4653,0.8653846
424.4853,0.8653846
424.5052,0.8653846
424.5252,0.8653846
424.5452,0.8653846
424.5652,0.8653846
424.5852,0.8653846
424.6052,0.8653846
424.6252,0.8653846
424.6452,0.8653846
424.6652,0.8653846
424.6852,0.8653846
424.7051,0.8653846
424.7251,0.8653846
424.7451,0.8653846
424.7651,0.8653846
424.7851,0.8653846
424.8051,0.8653846
424.8251,0.8653846
424.8451,0.8653846
424.8651,0.8653846
424.885,0.8653846
424.905,0.8653846
424.925,0.8653846
424.945,0.8653846
424.965,0.8653846
424.985,0.8653846
425.005,0.8653846
425.025,0.8653846
425.045,0.8653846
425.0649,0.8653846
425.0849,0.8653846
425.1049,0.8653846
425.1249,0.8653846
425.1449,0.8653846
425.1649,0.8653846
425.1849,0.8653846
425.2049,0.8653846
425.2249,0.8653846
425.2448,0.8653846
425.2648,0.8653846
425.2848,0.8653846
425.3048,0.8653846
425.3248,0.8653846
425.3448,0.8653846
425.3648,0.8653846
425.3848,0.8653846
425.4048,0.8653846
425.4247,0.8653846
425.4447,0.8653846
425.4647,0.8653846
425.4847,0.8653846
425.5047,0.8653846
425.5247,0.8653846
425.5447,0.8653846
425.5647,0.8653846
425.5847,0.8653846
425.6046,0.8653846
425.6246,0.8653846
425.6446,0.8653846
425.6646,0.8653846
425.6846,0.8653846
425.7046,0.8653846
425.7246,0.8653846
425.7446,0.8653846
425.7646,0.8653846
425.7845,0.8653846
425.8045,0.8653846
425.8245,0.8653846
425.8445,0.8653846
425.8645,0.8653846
425.8845,0.8653846
425.9045,0.8653846
425.9245,0.8653846
425.9445,0.8653846
425.9644,0.8653846
425.9844,0.8653846
426.0044,0.8653846
426.0244,0.8653846
426.0444,0.8653846
426.0644,0.8653846
426.0844,0.8653846
426.1044,0.8653846
426.1244,0.8653846
426.1443,0.8653846
426.1643,0.8653846
426.1843,0.8653846
426.2043,0.8653846
426.2243,0.8653846
426.2443,0.8653846
426.2643,0.8653846
426.2843,0.8653846
426.3043,0.8653846
426.3242,0.8653846
426.3442,0.8653846
426.3642,0.8653846
426.3842,0.8653846
426.4042,0.8653846
426.4242,0.8653846
426.4442,0.8653846
426.4642,0.8653846
426.4842,0.8653846
426.5042,0.8653846
426.5241,0.8653846
426.5441,0.8653846
426.5641,0.8653846
426.5841,0.8653846
426.6041,0.8653846
426.6241,0.8653846
426.6441,0.8653846
426.6641,0.8653846
426.6841,0.8653846
426.704,0.8653846
426.724,0.8653846
426.744,0.8653846
426.764,0.8653846
426.784,0.8653846
426.804,0.8653846
426.824,0.8653846
426.844,0.8653846
426.864,0.8653846
426.8839,0.8653846
426.9039,0.8653846
426.9239,0.8653846
426.9439,0.8653846
426.9639,0.8653846
426.9839,0.8653846
427.0039,0.8653846
427.0239,0.8653846
427.0439,0.8653846
427.0638,0.8653846
427.0838,0.8653846
427.1038,0.8653846
427.1238,0.8653846
427.1438,0.8653846
427.1638,0.8653846
427.1838,0.8653846
427.2038,0.8653846
427.2238,0.8653846
427.2437,0.8653846
427.2637,0.8653846
427.2837,0.8653846
427.3037,0.8653846
427.3237,0.8653846
427.3437,0.8653846
427.3637,0.8653846
427.3837,0.8653846
427.4037,0.8653846
427.4236,0.8653846
427.4436,0.8653846
427.4636,0.8653846
427.4836,0.8653846
427.5036,0.8653846
427.5236,0.8653846
427.5436,0.8653846
427.5636,0.8653846
427.5836,0.8653846
427.6035,0.8653846
427.6235,0.8653846
427.6435,0.8653846
427.6635,0.8653846
427.6835,0.8653846
427.7035,0.8653846
427.7235,0.8653846
427.7435,0.8653846
427.7635,0.8653846
427.7834,0.8653846
427.8034,0.8653846
427.8234,0.8653846
427.8434,0.8653846
427.8634,0.8653846
427.8834,0.8653846
427.9034,0.8653846
427.9234,0.8653846
427.9434,0.8653846
427.9633,0.8653846
427.9833,0.8653846
428.0033,0.8653846
428.0233,0.8653846
428.0433,0.8653846
428.0633,0.8653846
428.0833,0.8653846
428.1033,0.8653846
428.1233,0.8653846
428.1432,0.8653846
428.1632,0.8653846
428.1832,0.8653846
428.2032,0.8653846
428.2232,0.8653846
428.2432,0.8653846
428.2632,0.8653846
428.2832,0.8653846
428.3032,0.8653846
428.3232,0.8653846
428.3431,0.8653846
428.3631,0.8653846
428.3831,0.8653846
428.4031,0.8653846
428.4231,0.8653846
428.4431,0.8653846
428.4631,0.8653846
428.4831,0.8653846
428.5031,0.8653846
428.523,0.8653846
428.543,0.8653846
428.563,0.8653846
428.583,0.8653846
428.603,0.8653846
428.623,0.8653846
428.643,0.8653846
428.663,0.8653846
428.683,0.8653846
428.7029,0.8653846
428.7229,0.8653846
428.7429,0.8653846
428.7629,0.8653846
428.7829,0.8653846
428.8029,0.8653846
428.8229,0.8653846
428.8429,0.8653846
428.8629,0.8653846
428.8828,0.8653846
428.9028,0.8653846
428.9228,0.8653846
428.9428,0.8653846
428.9628,0.8653846
428.9828,0.8653846
429.0028,0.8653846
429.0228,0.8653846
429.0428,0.8653846
429.0627,0.8653846
429.0827,0.8653846
429.1027,0.8653846
429.1227,0.8653846
429.1427,0.8653846
429.1627,0.8653846
429.1827,0.8653846
429.2027,0.8653846
429.2227,0.8653846
429.2426,0.8653846
429.2626,0.8653846
429.2826,0.8653846
429.3026,0.8653846
429.3226,0.8653846
429.3426,0.8653846
429.3626,0.8653846
429.3826,0.8653846
429.4026,0.8653846
429.4225,0.8653846
429.4425,0.8653846
429.4625,0.8653846
429.4825,0.8653846
429.5025,0.8653846
429.5225,0.8653846
429.5425,0.8653846
429.5625,0.8653846
429.5825,0.8653846
429.6024,0.8653846
429.6224,0.8653846
429.6424,0.8653846
429.6624,0.8653846
429.6824,0.8653846
429.7024,0.8653846
429.7224,0.8653846
429.7424,0.8653846
429.7624,0.8653846
429.7823,0.8653846
429.8023,0.8653846
429.8223,0.8653846
429.8423,0.8653846
429.8623,0.8653846
429.8823,0.8653846
429.9023,0.8653846
429.9223,0.8653846
429.9423,0.8653846
429.9622,0.8653846
429.9822,0.8653846
430.0022,0.8653846
430.0222,0.8653846
430.0422,0.8653846
430.0622,0.8653846
430.0822,0.8653846
430.1022,0.8653846
430.1222,0.8653846
430.1422,0.8653846
430.1621,0.8653846
430.1821,0.8653846
430.2021,0.8653846
430.2221,0.8653846
430.2421,0.8653846
430.2621,0.8653846
430.2821,0.8653846
430.3021,0.8653846
430.3221,0.8653846
430.342,0.8653846
430.362,0.8653846
430.382,0.8653846
430.402,0.8653846
430.422,0.8653846
430.442,0.8653846
430.462,0.8653846
430.482,0.8653846
430.502,0.8653846
430.5219,0.8653846
430.5419,0.8653846
430.5619,0.8653846
430.5819,0.8653846
430.6019,0.8653846
430.6219,0.8653846
430.6419,0.8653846
430.6619,0.8653846
430.6819,0.8653846
430.7018,0.8653846
430.7218,0.8653846
430.7418,0.8653846
430.7618,0.8653846
430.7818,0.8653846
430.8018,0.8653846
430.8218,0.8653846
430.8418,0.8653846
430.8618,0.8653846
430.8817,0.8653846
430.9017,0.8653846
430.9217,0.8653846
430.9417,0.8653846
430.9617,0.8653846
430.9817,0.8653846
431.0017,0.8653846
431.0217,0.8653846
431.0417,0.8653846
431.0616,0.8653846
431.0816,0.8653846
431.1016,0.8653846
431.1216,0.8653846
431.1416,0.8653846
431.1616,0.8653846
431.1816,0.8653846
431.2016,0.8653846
431.2216,0.8653846
431.2415,0.8653846
431.2615,0.8653846
431.2815,0.8653846
431.3015,0.8653846
431.3215,0.8653846
431.3415,0.8653846
431.3615,0.8653846
431.3815,0.8653846
431.4015,0.8653846
431.4214,0.8653846
431.4414,0.8653846
431.4614,0.8653846
431.4814,0.8653846
431.5014,0.8653846
431.5214,0.8653846
431.5414,0.8653846
431.5614,0.8653846
431.5814,0.8653846
431.6013,0.8653846
431.6213,0.8653846
431.6413,0.8653846
431.6613,0.8653846
431.6813,0.8653846
431.7013,0.8653846
431.7213,0.8653846
431.7413,0.8653846
431.7613,0.8653846
431.7813,0.8653846
431.8012,0.8653846
431.8212,0.8653846
431.8412,0.8653846
431.8612,0.8653846
431.8812,0.8653846
431.9012,0.8653846
431.9212,0.8653846
431.9412,0.8653846
431.9612,0.8653846
431.9811,0.8653846
432.0011,0.8653846
432.0211,0.8653846
432.0411,0.8653846
432.0611,0.8653846
432.0811,0.8653846
432.1011,0.8653846
432.1211,0.8653846
432.1411,0.8653846
432.161,0.8653846
432.181,0.8653846
432.201,0.8653846
432.221,0.8653846
432.241,0.8653846
432.261,0.8653846
432.281,0.8653846
432.301,0.8653846
432.321,0.8653846
432.3409,0.8653846
432.3609,0.8653846
432.3809,0.8653846
432.4009,0.8653846
432.4209,0.8653846
432.4409,0.8653846
432.4609,0.8653846
432.4809,0.8653846
432.5009,0.8653846
432.5208,0.8653846
432.5408,0.8653846
432.5608,0.8653846
432.5808,0.8653846
432.6008,0.8653846
432.6208,0.8653846
432.6408,0.8653846
432.6608,0.8653846
432.6808,0.8653846
432.7007,0.8653846
432.7207,0.8653846
432.7407,0.8653846
432.7607,0.8653846
432.7807,0.8653846
432.8007,0.8653846
432.8207,0.8653846
432.8407,0.8653846
432.8607,0.8653846
432.8806,0.8653846
432.9006,0.8653846
432.9206,0.8653846
432.9406,0.8653846
432.9606,0.8653846
432.9806,0.8653846
433.0006,0.8653846
433.0206,0.8653846
433.0406,0.8653846
433.0605,0.8653846
433.0805,0.8653846
433.1005,0.8653846
433.1205,0.8653846
433.1405,0.8653846
433.1605,0.8653846
433.1805,0.8653846
433.2005,0.8653846
433.2205,0.8653846
433.2404,0.8653846
433.2604,0.8653846
433.2804,0.8653846
433.3004,0.8653846
433.3204,0.8653846
433.3404,0.8653846
433.3604,0.8653846
433.3804,0.8653846
433.4004,0.8653846
433.4203,0.8653846
433.4403,0.8653846
433.4603,0.8653846
433.4803,0.8653846
433.5003,0.8653846
433.5203,0.8653846
433.5403,0.8653846
433.5603,0.8653846
433.5803,0.8653846
433.6003,0.8653846
433.6202,0.8653846
433.6402,0.8653846
433.6602,0.8653846
433.6802,0.8653846
433.7002,0.8653846
433.7202,0.8653846
433.7402,0.8653846
433.7602,0.8653846
433.7802,0.8653846
433.8001,0.8653846
433.8201,0.8653846
433.8401,0.8653846
433.8601,0.8653846
433.8801,0.8653846
433.9001,0.8653846
433.9201,0.8653846
433.9401,0.8653846
433.9601,0.8653846
433.98,0.8653846
434,0.8653846
434.02,0.8653846
434.04,0.8653846
434.06,0.8653846
434.08,0.8653846
434.1,0.8653846
434.12,0.8653846
434.14,0.8653846
434.1599,0.8653846
434.1799,0.8653846
434.1999,0.8653846
434.2199,0.8653846
434.2399,0.8653846
434.2599,0.8653846
434.2799,0.8653846
434.2999,0.8653846
434.3199,0.8653846
434.3398,0.8653846
434.3598,0.8653846
434.3798,0.8653846
434.3998,0.8653846
434.4198,0.8653846
434.4398,0.8653846
434.4598,0.8653846
434.4798,0.8653846
434.4998,0.8653846
434.5197,0.8653846
434.5397,0.8653846
434.5597,0.8653846
434.5797,0.8653846
434.5997,0.8653846
434.6197,0.8653846
434.6397,0.8653846
434.6597,0.8653846
434.6797,0.8653846
434.6996,0.8653846
434.7196,0.8653846
434.7396,0.8653846
434.7596,0.8653846
434.7796,0.8653846
434.7996,0.8653846
434.8196,0.8653846
434.8396,0.8653846
434.8596,0.8653846
434.8795,0.8653846
434.8995,0.8653846
434.9195,0.8653846
434.9395,0.8653846
434.9595,0.8653846
434.9795,0.8653846
434.9995,0.8653846
435.0195,0.8653846
435.0395,0.8653846
435.0594,0.8653846
435.0794,0.8653846
435.0994,0.8653846
435.1194,0.8653846
435.1394,0.8653846
435.1594,0.8653846
435.1794,0.8653846
435.1994,0.8653846
435.2194,0.8653846
435.2393,0.8653846
435.2593,0.8653846
435.2793,0.8653846
435.2993,0.8653846
435.3193,0.8653846
435.3393,0.8653846
435.3593,0.8653846
435.3793,0.8653846
435.3993,0.8653846
435.4193,0.8653846
435.4392,0.8653846
435.4592,0.8653846
435.4792,0.8653846
435.4992,0.8653846
435.5192,0.8653846
435.5392,0.8653846
435.5592,0.8653846
435.5792,0.8653846
435.5992,0.8653846
435.6191,0.8653846
435.6391,0.8653846
435.6591,0.8653846
435.6791,0.8653846
435.6991,0.8653846
435.7191,0.8653846
435.7391,0.8653846
435.7591,0.8653846
435.7791,0.8653846
435.799,0.8653846
435.819,0.8653846
435.839,0.8653846
435.859,0.8653846
435.879,0.8653846
435.899,0.8653846
435.919,0.8653846
435.939,0.8653846
435.959,0.8653846
435.9789,0.8653846
435.9989,0.8653846
436.0189,0.8653846
436.0389,0.8653846
436.0589,0.8653846
436.0789,0.8653846
436.0989,0.8653846
436.1189,0.8653846
436.1389,0.8653846
436.1588,0.8653846
436.1788,0.8653846
436.1988,0.8653846
436.2188,0.8653846
436.2388,0.8653846
436.2588,0.8653846
436.2788,0.8653846
436.2988,0.8653846
436.3188,0.8653846
436.3387,0.8653846
436.3587,0.8653846
436.3787,0.8653846
436.3987,0.8653846
436.4187,0.8653846
436.4387,0.8653846
436.4587,0.8653846
436.4787,0.8653846
436.4987,0.8653846
436.5186,0.8653846
436.5386,0.8653846
436.5586,0.8653846
436.5786,0.8653846
436.5986,0.8653846
436.6186,0.8653846
436.6386,0.8653846
436.6586,0.8653846
436.6786,0.8653846
436.6985,0.8653846
436.7185,0.8653846
436.7385,0.8653846
436.7585,0.8653846
436.7785,0.8653846
436.7985,0.8653846
436.8185,0.8653846
436.8385,0.8653846
436.8585,0.8653846
436.8784,0.8653846
436.8984,0.8653846
436.9184,0.8653846
436.9384,0.8653846
436.9584,0.8653846
436.9784,0.8653846
436.9984,0.8653846
437.0184,0.8653846
437.0384,0.8653846
437.0583,0.8653846
437.0783,0.8653846
437.0983,0.8653846
437.1183,0.8653846
437.1383,0.8653846
437.1583,0.8653846
437.1783,0.8653846
437.1983,0.8653846
437.2183,0.8653846
437.2383,0.8653846
437.2582,0.8653846
437.2782,0.8653846
437.2982,0.8653846
437.3182,0.8653846
437.3382,0.8653846
437.3582,0.8653846
437.3782,0.8653846
437.3982,0.8653846
437.4182,0.8653846
437.4381,0.8653846
437.4581,0.8653846
437.4781,0.8653846
437.4981,0.8653846
437.5181,0.8653846
437.5381,0.8653846
437.5581,0.8653846
437.5781,0.8653846
437.5981,0.8653846
437.618,0.8653846
437.638,0.8653846
437.658,0.8653846
437.678,0.8653846
437.698,0.8653846
437.718,0.8653846
437.738,0.8653846
437.758,0.8653846
437.778,0.8653846
437.7979,0.8653846
437.8179,0.8653846
437.8379,0.8653846
437.8579,0.8653846
437.8779,0.8653846
437.8979,0.8653846
437.9179,0.8653846
437.9379,0.8653846
437.9579,0.8653846
437.9778,0.8653846
437.9978,0.8653846
438.0178,0.8653846
438.0378,0.8653846
438.0578,0.8653846
438.0778,0.8653846
438.0978,0.8653846
438.1178,0.8653846
438.1378,0.8653846
438.1577,0.8653846
438.1777,0.8653846
438.1977,0.8653846
438.2177,0.8653846
438.2377,0.8653846
438.2577,0.8653846
438.2777,0.8653846
438.2977,0.8653846
438.3177,0.8653846
438.3376,0.8653846
438.3576,0.8653846
438.3776,0.8653846
438.3976,0.8653846
438.4176,0.8653846
438.4376,0.8653846
438.4576,0.8653846
438.4776,0.8653846
438.4976,0.8653846
438.5175,0.8653846
438.5375,0.8653846
438.5575,0.8653846
438.5775,0.8653846
438.5975,0.8653846
438.6175,0.8653846
438.6375,0.8653846
438.6575,0.8653846
438.6775,0.8653846
438.6974,0.8653846
438.7174,0.8653846
438.7374,0.8653846
438.7574,0.8653846
438.7774,0.8653846
438.7974,0.8653846
438.8174,0.8653846
438.8374,0.8653846
438.8574,0.8653846
438.8773,0.8653846
438.8973,0.8653846
438.9173,0.8653846
438.9373,0.8653846
438.9573,0.8653846
438.9773,0.8653846
438.9973,0.8653846
439.0173,0.8653846
439.0373,0.8653846
439.0573,0.8653846
439.0772,0.8653846
439.0972,0.8653846
439.1172,0.8653846
439.1372,0.8653846
439.1572,0.8653846
439.1772,0.8653846
439.1972,0.8653846
439.2172,0.8653846
439.2372,0.8653846
439.2571,0.8653846
439.2771,0.8653846
439.2971,0.8653846
439.3171,0.8653846
439.3371,0.8653846
439.3571,0.8653846
439.3771,0.8653846
439.3971,0.8653846
439.4171,0.8653846
439.437,0.8653846
439.457,0.8653846
439.477,0.8653846
439.497,0.8653846
439.517,0.8653846
439.537,0.8653846
439.557,0.8653846
439.577,0.8653846
439.597,0.8653846
439.6169,0.8653846
439.6369,0.8653846
439.6569,0.8653846
439.6769,0.8653846
439.6969,0.8653846
439.7169,0.8653846
439.7369,0.8653846
439.7569,0.8653846
439.7769,0.8653846
439.7968,0.8653846
439.8168,0.8653846
439.8368,0.8653846
439.8568,0.8653846
439.8768,0.8653846
439.8968,0.8653846
439.9168,0.8653846
439.9368,0.8653846
439.9568,0.8653846
439.9767,0.8653846
439.9967,0.8653846
440.0167,0.8653846
440.0367,0.8653846
440.0567,0.8653846
440.0767,0.8653846
440.0967,0.8653846
440.1167,0.8653846
440.1367,0.8653846
440.1566,0.8653846
440.1766,0.8653846
440.1966,0.8653846
440.2166,0.8653846
440.2366,0.8653846
440.2566,0.8653846
440.2766,0.8653846
440.2966,0.8653846
440.3166,0.8653846
440.3365,0.8653846
440.3565,0.8653846
440.3765,0.8653846
440.3965,0.8653846
440.4165,0.8653846
440.4365,0.8653846
440.4565,0.8653846
440.4765,0.8653846
440.4965,0.8653846
440.5164,0.8653846
440.5364,0.8653846
440.5564,0.8653846
440.5764,0.8653846
440.5964,0.8653846
440.6164,0.8653846
440.6364,0.8653846
440.6564,0.8653846
440.6764,0.8653846
440.6964,0.8653846
440.7163,0.8653846
440.7363,0.8653846
440.7563,0.8653846
440.7763,0.8653846
440.7963,0.8653846
440.8163,0.8653846
440.8363,0.8653846
440.8563,0.8653846
440.8763,0.8653846
440.8962,0.8653846
440.9162,0.8653846
440.9362,0.8653846
440.9562,0.8653846
440.9762,0.8653846
440.9962,0.8653846
441.0162,0.8653846
441.0362,0.8653846
441.0562,0.8653846
441.0761,0.8653846
441.0961,0.8653846
441.1161,0.8653846
441.1361,0.8653846
441.1561,0.8653846
441.1761,0.8653846
441.1961,0.8653846
441.2161,0.8653846
441.2361,0.8653846
441.256,0.8653846
441.276,0.8653846
441.296,0.8653846
441.316,0.8653846
441.336,0.8653846
441.356,0.8653846
441.376,0.8653846
441.396,0.8653846
441.416,0.8653846
441.4359,0.8653846
441.4559,0.8653846
441.4759,0.8653846
441.4959,0.8653846
441.5159,0.8653846
441.5359,0.8653846
441.5559,0.8653846
441.5759,0.8653846
441.5959,0.8653846
441.6158,0.8653846
441.6358,0.8653846
441.6558,0.8653846
441.6758,0.8653846
441.6958,0.8653846
441.7158,0.8653846
441.7358,0.8653846
441.7558,0.8653846
441.7758,0.8653846
441.7957,0.8653846
441.8157,0.8653846
441.8357,0.8653846
441.8557,0.8653846
441.8757,0.8653846
441.8957,0.8653846
441.9157,0.8653846
441.9357,0.8653846
441.9557,0.8653846
441.9756,0.8653846
441.9956,0.8653846
442.0156,0.8653846
442.0356,0.8653846
442.0556,0.8653846
442.0756,0.8653846
442.0956,0.8653846
442.1156,0.8653846
442.1356,0.8653846
442.1555,0.8653846
442.1755,0.8653846
442.1955,0.8653846
442.2155,0.8653846
442.2355,0.8653846
442.2555,0.8653846
442.2755,0.8653846
442.2955,0.8653846
442.3155,0.8653846
442.3354,0.8653846
442.3554,0.8653846
442.3754,0.8653846
442.3954,0.8653846
442.4154,0.8653846
442.4354,0.8653846
442.4554,0.8653846
442.4754,0.8653846
442.4954,0.8653846
442.5154,0.8653846
442.5353,0.8653846
442.5553,0.8653846
442.5753,0.8653846
442.5953,0.8653846
442.6153,0.8653846
442.6353,0.8653846
442.6553,0.8653846
442.6753,0.8653846
442.6953,0.8653846
442.7152,0.8653846
442.7352,0.8653846
442.7552,0.8653846
442.7752,0.8653846
442.7952,0.8653846
442.8152,0.8653846
442.8352,0.8653846
442.8552,0.8653846
442.8752,0.8653846
442.8951,0.8653846
442.9151,0.8653846
442.9351,0.8653846
442.9551,0.8653846
442.9751,0.8653846
442.9951,0.8653846
443.0151,0.8653846
443.0351,0.8653846
443.0551,0.8653846
443.075,0.8653846
443.095,0.8653846
443.115,0.8653846
443.135,0.8653846
443.155,0.8653846
443.175,0.8653846
443.195,0.8653846
443.215,0.8653846
443.235,0.8653846
443.2549,0.8653846
443.2749,0.8653846
443.2949,0.8653846
443.3149,0.8653846
443.3349,0.8653846
443.3549,0.8653846
443.3749,0.8653846
443.3949,0.8653846
443.4149,0.8653846
443.4348,0.8653846
443.4548,0.8653846
443.4748,0.8653846
443.4948,0.8653846
443.5148,0.8653846
443.5348,0.8653846
443.5548,0.8653846
443.5748,0.8653846
443.5948,0.8653846
443.6147,0.8653846
443.6347,0.8653846
443.6547,0.8653846
443.6747,0.8653846
443.6947,0.8653846
443.7147,0.8653846
443.7347,0.8653846
443.7547,0.8653846
443.7747,0.8653846
443.7946,0.8653846
443.8146,0.8653846
443.8346,0.8653846
443.8546,0.8653846
443.8746,0.8653846
443.8946,0.8653846
443.9146,0.8653846
443.9346,0.8653846
443.9546,0.8653846
443.9745,0.8653846
443.9945,0.8653846
444.0145,0.8653846
444.0345,0.8653846
444.0545,0.8653846
444.0745,0.8653846
444.0945,0.8653846
444.1145,0.8653846
444.1345,0.8653846
444.1544,0.8653846
444.1744,0.8653846
444.1944,0.8653846
444.2144,0.8653846
444.2344,0.8653846
444.2544,0.8653846
444.2744,0.8653846
444.2944,0.8653846
444.3144,0.8653846
444.3344,0.8653846
444.3543,0.8653846
444.3743,0.8653846
444.3943,0.8653846
444.4143,0.8653846
444.4343,0.8653846
444.4543,0.8653846
444.4743,0.8653846
444.4943,0.8653846
444.5143,0.8653846
444.5342,0.8653846
444.5542,0.8653846
444.5742,0.8653846
444.5942,0.8653846
444.6142,0.8653846
444.6342,0.8653846
444.6542,0.8653846
444.6742,0.8653846
444.6942,0.8653846
444.7141,0.8653846
444.7341,0.8653846
444.7541,0.8653846
444.7741,0.8653846
444.7941,0.8653846
444.8141,0.8653846
444.8341,0.8653846
444.8541,0.8653846
444.8741,0.8653846
444.894,0.8653846
444.914,0.8653846
444.934,0.8653846
444.954,0.8653846
444.974,0.8653846
444.994,0.8653846
445.014,0.8653846
445.034,0.8653846
445.054,0.8653846
445.0739,0.8653846
445.0939,0.8653846
445.1139,0.8653846
445.1339,0.8653846
445.1539,0.8653846
445.1739,0.8653846
445.1939,0.8653846
445.2139,0.8653846
445.2339,0.8653846
445.2538,0.8653846
445.2738,0.8653846
445.2938,0.8653846
445.3138,0.8653846
445.3338,0.8653846
445.3538,0.8653846
445.3738,0.8653846
445.3938,0.8653846
445.4138,0.8653846
445.4337,0.8653846
445.4537,0.8653846
445.4737,0.8653846
445.4937,0.8653846
445.5137,0.8653846
445.5337,0.8653846
445.5537,0.8653846
445.5737,0.8653846
445.5937,0.8653846
445.6136,0.8653846
445.6336,0.8653846
445.6536,0.8653846
445.6736,0.8653846
445.6936,0.8653846
445.7136,0.8653846
445.7336,0.8653846
445.7536,0.8653846
445.7736,0.8653846
445.7935,0.8653846
445.8135,0.8653846
445.8335,0.8653846
445.8535,0.8653846
445.8735,0.8653846
445.8935,0.8653846
445.9135,0.8653846
445.9335,0.8653846
445.9535,0.8653846
445.9734,0.8653846
445.9934,0.8653846
446.0134,0.8653846
446.0334,0.8653846
446.0534,0.8653846
446.0734,0.8653846
446.0934,0.8653846
446.1134,0.8653846
446.1334,0.8653846
446.1534,0.8653846
446.1733,0.8653846
446.1933,0.8653846
446.2133,0.8653846
446.2333,0.8653846
446.2533,0.8653846
446.2733,0.8653846
446.2933,0.8653846
446.3133,0.8653846
446.3333,0.8653846
446.3532,0.8653846
446.3732,0.8653846
446.3932,0.8653846
446.4132,0.8653846
446.4332,0.8653846
446.4532,0.8653846
446.4732,0.8653846
446.4932,0.8653846
446.5132,0.8653846
446.5331,0.8653846
446.5531,0.8653846
446.5731,0.8653846
446.5931,0.8653846
446.6131,0.8653846
446.6331,0.8653846
446.6531,0.8653846
446.6731,0.8653846
446.6931,0.8653846
446.713,0.8653846
446.733,0.8653846
446.753,0.8653846
446.773,0.8653846
446.793,0.8653846
446.813,0.8653846
446.833,0.8653846
446.853,0.8653846
446.873,0.8653846
446.8929,0.8653846
446.9129,0.8653846
446.9329,0.8653846
446.9529,0.8653846
446.9729,0.8653846
446.9929,0.8653846
447.0129,0.8653846
447.0329,0.8653846
447.0529,0.8653846
447.0728,0.8653846
447.0928,0.8653846
447.1128,0.8653846
447.1328,0.8653846
447.1528,0.8653846
447.1728,0.8653846
447.1928,0.8653846
447.2128,0.8653846
447.2328,0.8653846
447.2527,0.8653846
447.2727,0.8653846
447.2927,0.8653846
447.3127,0.8653846
447.3327,0.8653846
447.3527,0.8653846
447.3727,0.8653846
447.3927,0.8653846
447.4127,0.8653846
447.4326,0.8653846
447.4526,0.8653846
447.4726,0.8653846
447.4926,0.8653846
447.5126,0.8653846
447.5326,0.8653846
447.5526,0.8653846
447.5726,0.8653846
447.5926,0.8653846
447.6125,0.8653846
447.6325,0.8653846
447.6525,0.8653846
447.6725,0.8653846
447.6925,0.8653846
447.7125,0.8653846
447.7325,0.8653846
447.7525,0.8653846
447.7725,0.8653846
447.7924,0.8653846
447.8124,0.8653846
447.8324,0.8653846
447.8524,0.8653846
447.8724,0.8653846
447.8924,0.8653846
447.9124,0.8653846
447.9324,0.8653846
447.9524,0.8653846
447.9724,0.8653846
447.9923,0.8653846
448.0123,0.8653846
448.0323,0.8653846
448.0523,0.8653846
448.0723,0.8653846
448.0923,0.8653846
448.1123,0.8653846
448.1323,0.8653846
448.1523,0.8653846
448.1722,0.8653846
448.1922,0.8653846
448.2122,0.8653846
448.2322,0.8653846
448.2522,0.8653846
448.2722,0.8653846
448.2922,0.8653846
448.3122,0.8653846
448.3322,0.8653846
448.3521,0.8653846
448.3721,0.8653846
448.3921,0.8653846
448.4121,0.8653846
448.4321,0.8653846
448.4521,0.8653846
448.4721,0.8653846
448.4921,0.8653846
448.5121,0.8653846
448.532,0.8653846
448.552,0.8653846
448.572,0.8653846
448.592,0.8653846
448.612,0.8653846
448.632,0.8653846
448.652,0.8653846
448.672,0.8653846
448.692,0.8653846
448.7119,0.8653846
448.7319,0.8653846
448.7519,0.8653846
448.7719,0.8653846
448.7919,0.8653846
448.8119,0.8653846
448.8319,0.8653846
448.8519,0.8653846
448.8719,0.8653846
448.8918,0.8653846
448.9118,0.8653846
448.9318,0.8653846
448.9518,0.8653846
448.9718,0.8653846
448.9918,0.8653846
449.0118,0.8653846
449.0318,0.8653846
449.0518,0.8653846
449.0717,0.8653846
449.0917,0.8653846
449.1117,0.8653846
449.1317,0.8653846
449.1517,0.8653846
449.1717,0.8653846
449.1917,0.8653846
449.2117,0.8653846
449.2317,0.8653846
449.2516,0.8653846
449.2716,0.8653846
449.2916,0.8653846
449.3116,0.8653846
449.3316,0.8653846
449.3516,0.8653846
449.3716,0.8653846
449.3916,0.8653846
449.4116,0.8653846
449.4315,0.8653846
449.4515,0.8653846
449.4715,0.8653846
449.4915,0.8653846
449.5115,0.8653846
449.5315,0.8653846
449.5515,0.8653846
449.5715,0.8653846
449.5915,0.8653846
449.6115,0.8653846
449.6314,0.8653846
449.6514,0.8653846
449.6714,0.8653846
449.6914,0.8653846
449.7114,0.8653846
449.7314,0.8653846
449.7514,0.8653846
449.7714,0.8653846
449.7914,0.8653846
449.8113,0.8653846
449.8313,0.8653846
449.8513,0.8653846
449.8713,0.8653846
449.8913,0.8653846
449.9113,0.8653846
449.9313,0.8653846
449.9513,0.8653846
449.9713,0.8653846
449.9912,0.8653846
450.0112,0.8653846
450.0312,0.8653846
450.0512,0.8653846
450.0712,0.8653846
450.0912,0.8653846
450.1112,0.8653846
450.1312,0.8653846
450.1512,0.8653846
450.1711,0.8653846
450.1911,0.8653846
450.2111,0.8653846
450.2311,0.8653846
450.2511,0.8653846
450.2711,0.8653846
450.2911,0.8653846
450.3111,0.8653846
450.3311,0.8653846
450.351,0.8653846
450.371,0.8653846
450.391,0.8653846
450.411,0.8653846
450.431,0.8653846
450.451,0.8653846
450.471,0.8653846
450.491,0.8653846
450.511,0.8653846
450.5309,0.8653846
450.5509,0.8653846
450.5709,0.8653846
450.5909,0.8653846
450.6109,0.8653846
450.6309,0.8653846
450.6509,0.8653846
450.6709,0.8653846
450.6909,0.8653846
450.7108,0.8653846
450.7308,0.8653846
450.7508,0.8653846
450.7708,0.8653846
450.7908,0.8653846
450.8108,0.8653846
450.8308,0.8653846
450.8508,0.8653846
450.8708,0.8653846
450.8907,0.8653846
450.9107,0.8653846
450.9307,0.8653846
450.9507,0.8653846
450.9707,0.8653846
450.9907,0.8653846
451.0107,0.8653846
451.0307,0.8653846
451.0507,0.8653846
451.0706,0.8653846
451.0906,0.8653846
451.1106,0.8653846
451.1306,0.8653846
451.1506,0.8653846
451.1706,0.8653846
451.1906,0.8653846
451.2106,0.8653846
451.2306,0.8653846
451.2505,0.8653846
451.2705,0.8653846
451.2905,0.8653846
451.3105,0.8653846
451.3305,0.8653846
451.3505,0.8653846
451.3705,0.8653846
451.3905,0.8653846
451.4105,0.8653846
451.4305,0.8653846
451.4504,0.8653846
451.4704,0.8653846
451.4904,0.8653846
451.5104,0.8653846
451.5304,0.8653846
451.5504,0.8653846
451.5704,0.8653846
451.5904,0.8653846
451.6104,0.8653846
451.6303,0.8653846
451.6503,0.8653846
451.6703,0.8653846
451.6903,0.8653846
451.7103,0.8653846
451.7303,0.8653846
451.7503,0.8653846
451.7703,0.8653846
451.7903,0.8653846
451.8102,0.8653846
451.8302,0.8653846
451.8502,0.8653846
451.8702,0.8653846
451.8902,0.8653846
451.9102,0.8653846
451.9302,0.8653846
451.9502,0.8653846
451.9702,0.8653846
451.9901,0.8653846
452.0101,0.8653846
452.0301,0.8653846
452.0501,0.8653846
452.0701,0.8653846
452.0901,0.8653846
452.1101,0.8653846
452.1301,0.8653846
452.1501,0.8653846
452.17,0.8653846
452.19,0.8653846
452.21,0.8653846
452.23,0.8653846
452.25,0.8653846
452.27,0.8653846
452.29,0.8653846
452.31,0.8653846
452.33,0.8653846
452.3499,0.8653846
452.3699,0.8653846
452.3899,0.8653846
452.4099,0.8653846
452.4299,0.8653846
452.4499,0.8653846
452.4699,0.8653846
452.4899,0.8653846
452.5099,0.8653846
452.5298,0.8653846
452.5498,0.8653846
452.5698,0.8653846
452.5898,0.8653846
452.6098,0.8653846
452.6298,0.8653846
452.6498,0.8653846
452.6698,0.8653846
452.6898,0.8653846
452.7097,0.8653846
452.7297,0.8653846
452.7497,0.8653846
452.7697,0.8653846
452.7897,0.8653846
452.8097,0.8653846
452.8297,0.8653846
452.8497,0.8653846
452.8697,0.8653846
452.8896,0.8653846
452.9096,0.8653846
452.9296,0.8653846
452.9496,0.8653846
452.9696,0.8653846
452.9896,0.8653846
453.0096,0.8653846
453.0296,0.8653846
453.0496,0.8653846
453.0695,0.8653846
453.0895,0.8653846
453.1095,0.8653846
453.1295,0.8653846
453.1495,0.8653846
453.1695,0.8653846
453.1895,0.8653846
453.2095,0.8653846
453.2295,0.8653846
453.2495,0.8653846
453.2694,0.8653846
453.2894,0.8653846
453.3094,0.8653846
453.3294,0.8653846
453.3494,0.8653846
453.3694,0.8653846
453.3894,0.8653846
453.4094,0.8653846
453.4294,0.8653846
453.4493,0.8653846
453.4693,0.8653846
453.4893,0.8653846
453.5093,0.8653846
453.5293,0.8653846
453.5493,0.8653846
453.5693,0.8653846
453.5893,0.8653846
453.6093,0.8653846
453.6292,0.8653846
453.6492,0.8653846
453.6692,0.8653846
453.6892,0.8653846
453.7092,0.8653846
453.7292,0.8653846
453.7492,0.8653846
453.7692,0.8653846
453.7892,0.8653846
453.8091,0.8653846
453.8291,0.8653846
453.8491,0.8653846
453.8691,0.8653846
453.8891,0.8653846
453.9091,0.8653846
453.9291,0.8653846
453.9491,0.8653846
453.9691,0.8653846
453.989,0.8653846
454.009,0.8653846
454.029,0.8653846
454.049,0.8653846
454.069,0.8653846
454.089,0.8653846
454.109,0.8653846
454.129,0.8653846
454.149,0.8653846
454.1689,0.8653846
454.1889,0.8653846
454.2089,0.8653846
454.2289,0.8653846
454.2489,0.8653846
454.2689,0.8653846
454.2889,0.8653846
454.3089,0.8653846
454.3289,0.8653846
454.3488,0.8653846
454.3688,0.8653846
454.3888,0.8653846
454.4088,0.8653846
454.4288,0.8653846
454.4488,0.8653846
454.4688,0.8653846
454.4888,0.8653846
454.5088,0.8653846
454.5287,0.8653846
454.5487,0.8653846
454.5687,0.8653846
454.5887,0.8653846
454.6087,0.8653846
454.6287,0.8653846
454.6487,0.8653846
454.6687,0.8653846
454.6887,0.8653846
454.7086,0.8653846
454.7286,0.8653846
454.7486,0.8653846
454.7686,0.8653846
454.7886,0.8653846
454.8086,0.8653846
454.8286,0.8653846
454.8486,0.8653846
454.8686,0.8653846
454.8885,0.8653846
454.9085,0.8653846
454.9285,0.8653846
454.9485,0.8653846
454.9685,0.8653846
454.9885,0.8653846
455.0085,0.8653846
455.0285,0.8653846
455.0485,0.8653846
455.0685,0.8653846
455.0884,0.8653846
455.1084,0.8653846
455.1284,0.8653846
455.1484,0.8653846
455.1684,0.8653846
455.1884,0.8653846
455.2084,0.8653846
455.2284,0.8653846
455.2484,0.8653846
455.2683,0.8653846
455.2883,0.8653846
455.3083,0.8653846
455.3283,0.8653846
455.3483,0.8653846
455.3683,0.8653846
455.3883,0.8653846
455.4083,0.8653846
455.4283,0.8653846
455.4482,0.8653846
455.4682,0.8653846
455.4882,0.8653846
455.5082,0.8653846
455.5282,0.8653846
455.5482,0.8653846
455.5682,0.8653846
455.5882,0.8653846
455.6082,0.8653846
455.6281,0.8653846
455.6481,0.8653846
455.6681,0.8653846
455.6881,0.8653846
455.7081,0.8653846
455.7281,0.8653846
455.7481,0.8653846
455.7681,0.8653846
455.7881,0.8653846
455.808,0.8653846
455.828,0.8653846
455.848,0.8653846
455.868,0.8653846
455.888,0.8653846
455.908,0.8653846
455.928,0.8653846
455.948,0.8653846
455.968,0.8653846
455.9879,0.8653846
456.0079,0.8653846
456.0279,0.8653846
456.0479,0.8653846
456.0679,0.8653846
456.0879,0.8653846
456.1079,0.8653846
456.1279,0.8653846
456.1479,0.8653846
456.1678,0.8653846
456.1878,0.8653846
456.2078,0.8653846
456.2278,0.8653846
456.2478,0.8653846
456.2678,0.8653846
456.2878,0.8653846
456.3078,0.8653846
456.3278,0.8653846
456.3477,0.8653846
456.3677,0.8653846
456.3877,0.8653846
456.4077,0.8653846
456.4277,0.8653846
456.4477,0.8653846
456.4677,0.8653846
456.4877,0.8653846
456.5077,0.8653846
456.5276,0.8653846
456.5476,0.8653846
456.5676,0.8653846
456.5876,0.8653846
456.6076,0.8653846
456.6276,0.8653846
456.6476,0.8653846
456.6676,0.8653846
456.6876,0.8653846
456.7076,0.8653846
456.7275,0.8653846
456.7475,0.8653846
456.7675,0.8653846
456.7875,0.8653846
456.8075,0.8653846
456.8275,0.8653846
456.8475,0.8653846
456.8675,0.8653846
456.8875,0.8653846
456.9074,0.8653846
456.9274,0.8653846
456.9474,0.8653846
456.9674,0.8653846
456.9874,0.8653846
457.0074,0.8653846
457.0274,0.8653846
457.0474,0.8653846
457.0674,0.8653846
457.0873,0.8653846
457.1073,0.8653846
457.1273,0.8653846
457.1473,0.8653846
457.1673,0.8653846
457.1873,0.8653846
457.2073,0.8653846
457.2273,0.8653846
457.2473,0.8653846
457.2672,0.8653846
457.2872,0.8653846
457.3072,0.8653846
457.3272,0.8653846
457.3472,0.8653846
457.3672,0.8653846
457.3872,0.8653846
457.4072,0.8653846
457.4272,0.8653846
457.4471,0.8653846
457.4671,0.8653846
457.4871,0.8653846
457.5071,0.8653846
457.5271,0.8653846
457.5471,0.8653846
457.5671,0.8653846
457.5871,0.8653846
457.6071,0.8653846
457.627,0.8653846
457.647,0.8653846
457.667,0.8653846
457.687,0.8653846
457.707,0.8653846
457.727,0.8653846
457.747,0.8653846
457.767,0.8653846
457.787,0.8653846
457.8069,0.8653846
457.8269,0.8653846
457.8469,0.8653846
457.8669,0.8653846
457.8869,0.8653846
457.9069,0.8653846
457.9269,0.8653846
457.9469,0.8653846
457.9669,0.8653846
457.9868,0.8653846
458.0068,0.8653846
458.0268,0.8653846
458.0468,0.8653846
458.0668,0.8653846
458.0868,0.8653846
458.1068,0.8653846
458.1268,0.8653846
458.1468,0.8653846
458.1667,0.8653846
458.1867,0.8653846
458.2067,0.8653846
458.2267,0.8653846
458.2467,0.8653846
458.2667,0.8653846
458.2867,0.8653846
458.3067,0.8653846
458.3267,0.8653846
458.3466,0.8653846
458.3666,0.8653846
458.3866,0.8653846
458.4066,0.8653846
458.4266,0.8653846
458.4466,0.8653846
458.4666,0.8653846
458.4866,0.8653846
458.5066,0.8653846
458.5266,0.8653846
458.5465,0.8653846
458.5665,0.8653846
458.5865,0.8653846
458.6065,0.8653846
458.6265,0.8653846
458.6465,0.8653846
458.6665,0.8653846
458.6865,0.8653846
458.7065,0.8653846
458.7264,0.8653846
458.7464,0.8653846
458.7664,0.8653846
458.7864,0.8653846
458.8064,0.8653846
458.8264,0.8653846
458.8464,0.8653846
458.8664,0.8653846
458.8864,0.8653846
458.9063,0.8653846
458.9263,0.8653846
458.9463,0.8653846
458.9663,0.8653846
458.9863,0.8653846
459.0063,0.8653846
459.0263,0.8653846
459.0463,0.8653846
459.0663,0.8653846
459.0862,0.8653846
459.1062,0.8653846
459.1262,0.8653846
459.1462,0.8653846
459.1662,0.8653846
459.1862,0.8653846
459.2062,0.8653846
459.2262,0.8653846
459.2462,0.8653846
459.2661,0.8653846
459.2861,0.8653846
459.3061,0.8653846
459.3261,0.8653846
459.3461,0.8653846
459.3661,0.8653846
459.3861,0.8653846
459.4061,0.8653846
459.4261,0.8653846
459.446,0.8653846
459.466,0.8653846
459.486,0.8653846
459.506,0.8653846
459.526,0.8653846
459.546,0.8653846
459.566,0.8653846
459.586,0.8653846
459.606,0.8653846
459.6259,0.8653846
459.6459,0.8653846
459.6659,0.8653846
459.6859,0.8653846
459.7059,0.8653846
459.7259,0.8653846
459.7459,0.8653846
459.7659,0.8653846
459.7859,0.8653846
459.8058,0.8653846
459.8258,0.8653846
459.8458,0.8653846
459.8658,0.8653846
459.8858,0.8653846
459.9058,0.8653846
459.9258,0.8653846
459.9458,0.8653846
459.9658,0.8653846
459.9857,0.8653846
460.0057,0.8653846
460.0257,0.8653846
460.0457,0.8653846
460.0657,0.8653846
460.0857,0.8653846
460.1057,0.8653846
460.1257,0.8653846
460.1457,0.8653846
460.1656,0.8653846
460.1856,0.8653846
460.2056,0.8653846
460.2256,0.8653846
460.2456,0.8653846
460.2656,0.8653846
460.2856,0.8653846
460.3056,0.8653846
460.3256,0.8653846
460.3456,0.8653846
460.3655,0.8653846
460.3855,0.8653846
460.4055,0.8653846
460.4255,0.8653846
460.4455,0.8653846
460.4655,0.8653846
460.4855,0.8653846
460.5055,0.8653846
460.5255,0.8653846
460.5454,0.8653846
460.5654,0.8653846
460.5854,0.8653846
460.6054,0.8653846
460.6254,0.8653846
460.6454,0.8653846
460.6654,0.8653846
460.6854,0.8653846
460.7054,0.8653846
460.7253,0.8653846
460.7453,0.8653846
460.7653,0.8653846
460.7853,0.8653846
460.8053,0.8653846
460.8253,0.8653846
460.8453,0.8653846
460.8653,0.8653846
460.8853,0.8653846
460.9052,0.8653846
460.9252,0.8653846
460.9452,0.8653846
460.9652,0.8653846
460.9852,0.8653846
461.0052,0.8653846
461.0252,0.8653846
461.0452,0.8653846
461.0652,0.8653846
461.0851,0.8653846
461.1051,0.8653846
461.1251,0.8653846
461.1451,0.8653846
461.1651,0.8653846
461.1851,0.8653846
461.2051,0.8653846
461.2251,0.8653846
461.2451,0.8653846
461.265,0.8653846
461.285,0.8653846
461.305,0.8653846
461.325,0.8653846
461.345,0.8653846
461.365,0.8653846
461.385,0.8653846
461.405,0.8653846
461.425,0.8653846
461.4449,0.8653846
461.4649,0.8653846
461.4849,0.8653846
461.5049,0.8653846
461.5249,0.8653846
461.5449,0.8653846
461.5649,0.8653846
461.5849,0.8653846
461.6049,0.8653846
461.6248,0.8653846
461.6448,0.8653846
461.6648,0.8653846
461.6848,0.8653846
461.7048,0.8653846
461.7248,0.8653846
461.7448,0.8653846
461.7648,0.8653846
461.7848,0.8653846
461.8047,0.8653846
461.8247,0.8653846
461.8447,0.8653846
461.8647,0.8653846
461.8847,0.8653846
461.9047,0.8653846
461.9247,0.8653846
461.9447,0.8653846
461.9647,0.8653846
461.9846,0.8653846
462.0046,0.8653846
462.0246,0.8653846
462.0446,0.8653846
462.0646,0.8653846
462.0846,0.8653846
462.1046,0.8653846
462.1246,0.8653846
462.1446,0.8653846
462.1646,0.8653846
462.1845,0.8653846
462.2045,0.8653846
462.2245,0.8653846
462.2445,0.8653846
462.2645,0.8653846
462.2845,0.8653846
462.3045,0.8653846
462.3245,0.8653846
462.3445,0.8653846
462.3644,0.8653846
462.3844,0.8653846
462.4044,0.8653846
462.4244,0.8653846
462.4444,0.8653846
462.4644,0.8653846
462.4844,0.8653846
462.5044,0.8653846
462.5244,0.8653846
462.5443,0.8653846
462.5643,0.8653846
462.5843,0.8653846
462.6043,0.8653846
462.6243,0.8653846
462.6443,0.8653846
462.6643,0.8653846
462.6843,0.8653846
462.7043,0.8653846
462.7242,0.8653846
462.7442,0.8653846
462.7642,0.8653846
462.7842,0.8653846
462.8042,0.8653846
462.8242,0.8653846
462.8442,0.8653846
462.8642,0.8653846
462.8842,0.8653846
462.9041,0.8653846
462.9241,0.8653846
462.9441,0.8653846
462.9641,0.8653846
462.9841,0.8653846
463.0041,0.8653846
463.0241,0.8653846
463.0441,0.8653846
463.0641,0.8653846
463.084,0.8653846
463.104,0.8653846
463.124,0.8653846
463.144,0.8653846
463.164,0.8653846
463.184,0.8653846
463.204,0.8653846
463.224,0.8653846
463.244,0.8653846
463.2639,0.8653846
463.2839,0.8653846
463.3039,0.8653846
463.3239,0.8653846
463.3439,0.8653846
463.3639,0.8653846
463.3839,0.8653846
463.4039,0.8653846
463.4239,0.8653846
463.4438,0.8653846
463.4638,0.8653846
463.4838,0.8653846
463.5038,0.8653846
463.5238,0.8653846
463.5438,0.8653846
463.5638,0.8653846
463.5838,0.8653846
463.6038,0.8653846
463.6237,0.8653846
463.6437,0.8653846
463.6637,0.8653846
463.6837,0.8653846
463.7037,0.8653846
463.7237,0.8653846
463.7437,0.8653846
463.7637,0.8653846
463.7837,0.8653846
463.8036,0.8653846
463.8236,0.8653846
463.8436,0.8653846
463.8636,0.8653846
463.8836,0.8653846
463.9036,0.8653846
463.9236,0.8653846
463.9436,0.8653846
463.9636,0.8653846
463.9836,0.8653846
464.0035,0.8653846
464.0235,0.8653846
464.0435,0.8701923
464.0635,0.8701923
464.0835,0.8701923
464.1035,0.8701923
464.1235,0.8701923
464.1435,0.8701923
464.1635,0.8701923
464.1834,0.8701923
464.2034,0.8701923
464.2234,0.8701923
464.2434,0.8701923
464.2634,0.8701923
464.2834,0.8701923
464.3034,0.8701923
464.3234,0.8701923
464.3434,0.8701923
464.3633,0.8701923
464.3833,0.8701923
464.4033,0.8701923
464.4233,0.8701923
464.4433,0.8701923
464.4633,0.8701923
464.4833,0.8701923
464.5033,0.8701923
464.5233,0.8701923
464.5432,0.8701923
464.5632,0.8701923
464.5832,0.8701923
464.6032,0.8701923
464.6232,0.8701923
464.6432,0.8701923
464.6632,0.8701923
464.6832,0.8701923
464.7032,0.8701923
464.7231,0.8701923
464.7431,0.8701923
464.7631,0.8701923
464.7831,0.8701923
464.8031,0.8701923
464.8231,0.8701923
464.8431,0.8701923
464.8631,0.8701923
464.8831,0.8701923
464.903,0.8701923
464.923,0.8701923
464.943,0.8701923
464.963,0.8701923
464.983,0.8701923
465.003,0.8701923
465.023,0.8701923
465.043,0.8701923
465.063,0.8701923
465.0829,0.8701923
465.1029,0.8701923
465.1229,0.8701923
465.1429,0.8701923
465.1629,0.8701923
465.1829,0.8701923
465.2029,0.8701923
465.2229,0.8701923
465.2429,0.8701923
465.2628,0.8701923
465.2828,0.8701923
465.3028,0.8701923
465.3228,0.8701923
465.3428,0.8701923
465.3628,0.8701923
465.3828,0.8701923
465.4028,0.8701923
465.4228,0.8701923
465.4427,0.8701923
465.4627,0.8701923
465.4827,0.8701923
465.5027,0.8701923
465.5227,0.8701923
465.5427,0.8701923
465.5627,0.8701923
465.5827,0.8701923
465.6027,0.8701923
465.6227,0.8701923
465.6426,0.8701923
465.6626,0.8701923
465.6826,0.8701923
465.7026,0.8701923
465.7226,0.8701923
465.7426,0.8701923
465.7626,0.8701923
465.7826,0.8701923
465.8026,0.8701923
465.8225,0.8701923
465.8425,0.8701923
465.8625,0.8701923
465.8825,0.8701923
465.9025,0.8701923
465.9225,0.8701923
465.9425,0.8701923
465.9625,0.8701923
465.9825,0.8701923
466.0024,0.8701923
466.0224,0.8701923
466.0424,0.8701923
466.0624,0.8701923
466.0824,0.8701923
466.1024,0.8701923
466.1224,0.8701923
466.1424,0.8701923
466.1624,0.8701923
466.1823,0.8701923
466.2023,0.8701923
466.2223,0.8701923
466.2423,0.8701923
466.2623,0.8701923
466.2823,0.8701923
466.3023,0.8701923
466.3223,0.8701923
466.3423,0.8701923
466.3622,0.8701923
466.3822,0.8701923
466.4022,0.8701923
466.4222,0.8701923
466.4422,0.8701923
466.4622,0.8701923
466.4822,0.8701923
466.5022,0.8701923
466.5222,0.8701923
466.5421,0.8701923
466.5621,0.8701923
466.5821,0.8701923
466.6021,0.8701923
466.6221,0.8701923
466.6421,0.8701923
466.6621,0.8701923
466.6821,0.8701923
466.7021,0.8701923
466.722,0.8701923
466.742,0.8701923
466.762,0.8701923
466.782,0.8701923
466.802,0.8701923
466.822,0.8701923
466.842,0.8701923
466.862,0.8701923
466.882,0.8701923
466.9019,0.8701923
466.9219,0.8701923
466.9419,0.8701923
466.9619,0.8701923
466.9819,0.8701923
467.0019,0.8701923
467.0219,0.8701923
467.0419,0.8701923
467.0619,0.8701923
467.0818,0.8701923
467.1018,0.8701923
467.1218,0.8701923
467.1418,0.8701923
467.1618,0.8701923
467.1818,0.8701923
467.2018,0.8701923
467.2218,0.8701923
467.2418,0.8701923
467.2617,0.8701923
467.2817,0.8701923
467.3017,0.8701923
467.3217,0.8701923
467.3417,0.8701923
467.3617,0.8701923
467.3817,0.8701923
467.4017,0.8701923
467.4217,0.8701923
467.4417,0.8701923
467.4616,0.8701923
467.4816,0.8701923
467.5016,0.8701923
467.5216,0.8701923
467.5416,0.8701923
467.5616,0.8701923
467.5816,0.8701923
467.6016,0.8701923
467.6216,0.8701923
467.6415,0.8701923
467.6615,0.8701923
467.6815,0.8701923
467.7015,0.8701923
467.7215,0.8701923
467.7415,0.8701923
467.7615,0.8701923
467.7815,0.8701923
467.8015,0.8701923
467.8214,0.8701923
467.8414,0.8701923
467.8614,0.8701923
467.8814,0.8701923
467.9014,0.8701923
467.9214,0.8701923
467.9414,0.8701923
467.9614,0.8701923
467.9814,0.8701923
468.0013,0.8701923
468.0213,0.8701923
468.0413,0.8701923
468.0613,0.8701923
468.0813,0.8701923
468.1013,0.8701923
468.1213,0.8701923
468.1413,0.8701923
468.1613,0.8701923
468.1812,0.8701923
468.2012,0.8701923
468.2212,0.8701923
468.2412,0.8701923
468.2612,0.8701923
468.2812,0.8701923
468.3012,0.8701923
468.3212,0.8701923
468.3412,0.8701923
468.3611,0.8701923
468.3811,0.8701923
468.4011,0.8701923
468.4211,0.8701923
468.4411,0.8701923
468.4611,0.8701923
468.4811,0.8701923
468.5011,0.8701923
468.5211,0.8701923
468.541,0.8701923
468.561,0.8701923
468.581,0.8701923
468.601,0.8701923
468.621,0.8701923
468.641,0.8701923
468.661,0.8701923
468.681,0.8701923
468.701,0.8701923
468.7209,0.8701923
468.7409,0.8701923
468.7609,0.8701923
468.7809,0.8701923
468.8009,0.8701923
468.8209,0.8701923
468.8409,0.8701923
468.8609,0.8701923
468.8809,0.8701923
468.9008,0.8701923
468.9208,0.8701923
468.9408,0.8701923
468.9608,0.8701923
468.9808,0.8701923
469.0008,0.8701923
469.0208,0.8701923
469.0408,0.8701923
469.0608,0.8701923
469.0807,0.8701923
469.1007,0.8701923
469.1207,0.8701923
469.1407,0.8701923
469.1607,0.8701923
469.1807,0.8701923
469.2007,0.8701923
469.2207,0.8701923
469.2407,0.8701923
469.2607,0.8701923
469.2806,0.8701923
469.3006,0.8701923
469.3206,0.8701923
469.3406,0.8701923
469.3606,0.8701923
469.3806,0.8701923
469.4006,0.8701923
469.4206,0.8701923
469.4406,0.8701923
469.4605,0.8701923
469.4805,0.8701923
469.5005,0.8701923
469.5205,0.8701923
469.5405,0.8701923
469.5605,0.8701923
469.5805,0.8701923
469.6005,0.8701923
469.6205,0.8701923
469.6404,0.8701923
469.6604,0.8701923
469.6804,0.8701923
469.7004,0.8701923
469.7204,0.8701923
469.7404,0.8701923
469.7604,0.8701923
469.7804,0.8701923
469.8004,0.8701923
469.8203,0.8701923
469.8403,0.8701923
469.8603,0.8701923
469.8803,0.8701923
469.9003,0.8701923
469.9203,0.8701923
469.9403,0.8701923
469.9603,0.8701923
469.9803,0.8701923
470.0002,0.8701923
470.0202,0.8701923
470.0402,0.8701923
470.0602,0.8701923
470.0802,0.8701923
470.1002,0.8701923
470.1202,0.8701923
470.1402,0.8701923
470.1602,0.8701923
470.1801,0.8701923
470.2001,0.8701923
470.2201,0.8701923
470.2401,0.8701923
470.2601,0.8701923
470.2801,0.8701923
470.3001,0.8701923
470.3201,0.8701923
470.3401,0.8701923
470.36,0.8701923
470.38,0.8701923
470.4,0.8701923
470.42,0.8701923
470.44,0.8701923
470.46,0.8701923
470.48,0.8701923
470.5,0.8701923
470.52,0.8701923
470.5399,0.8701923
470.5599,0.8701923
470.5799,0.8701923
470.5999,0.8701923
470.6199,0.8701923
470.6399,0.8701923
470.6599,0.8701923
470.6799,0.8701923
470.6999,0.8701923
470.7198,0.8701923
470.7398,0.8701923
470.7598,0.8701923
470.7798,0.8701923
470.7998,0.8701923
470.8198,0.8701923
470.8398,0.8701923
470.8598,0.8701923
470.8798,0.8701923
470.8997,0.8701923
470.9197,0.8701923
470.9397,0.8701923
470.9597,0.8701923
470.9797,0.8701923
470.9997,0.8701923
471.0197,0.8701923
471.0397,0.8701923
471.0597,0.8701923
471.0797,0.8701923
471.0996,0.8701923
471.1196,0.8701923
471.1396,0.8701923
471.1596,0.8701923
471.1796,0.8701923
471.1996,0.8701923
471.2196,0.8701923
471.2396,0.8701923
471.2596,0.8701923
471.2795,0.8701923
471.2995,0.8701923
471.3195,0.8701923
471.3395,0.8701923
471.3595,0.8701923
471.3795,0.8701923
471.3995,0.8701923
471.4195,0.8701923
471.4395,0.8701923
471.4594,0.8701923
471.4794,0.8701923
471.4994,0.8701923
471.5194,0.8701923
471.5394,0.8701923
471.5594,0.8701923
471.5794,0.8701923
471.5994,0.8701923
471.6194,0.8701923
471.6393,0.8701923
471.6593,0.8701923
471.6793,0.8701923
471.6993,0.8701923
471.7193,0.8701923
471.7393,0.8701923
471.7593,0.8701923
471.7793,0.8701923
471.7993,0.8701923
471.8192,0.8701923
471.8392,0.8701923
471.8592,0.8701923
471.8792,0.8701923
471.8992,0.8701923
471.9192,0.8701923
471.9392,0.8701923
471.9592,0.8701923
471.9792,0.8701923
471.9991,0.8701923
472.0191,0.8701923
472.0391,0.8701923
472.0591,0.8701923
472.0791,0.8701923
472.0991,0.8701923
472.1191,0.8701923
472.1391,0.8701923
472.1591,0.8701923
472.179,0.8701923
472.199,0.8701923
472.219,0.8701923
472.239,0.8701923
472.259,0.8701923
472.279,0.8701923
472.299,0.8701923
472.319,0.8701923
472.339,0.8701923
472.3589,0.8701923
472.3789,0.8701923
472.3989,0.8701923
472.4189,0.8701923
472.4389,0.8701923
472.4589,0.8701923
472.4789,0.8701923
472.4989,0.8701923
472.5189,0.8701923
472.5388,0.8701923
472.5588,0.8701923
472.5788,0.8701923
472.5988,0.8701923
472.6188,0.8701923
472.6388,0.8701923
472.6588,0.8701923
472.6788,0.8701923
472.6988,0.8701923
472.7188,0.8701923
472.7387,0.8701923
472.7587,0.8701923
472.7787,0.8701923
472.7987,0.8701923
472.8187,0.8701923
472.8387,0.8701923
472.8587,0.8701923
472.8787,0.8701923
472.8987,0.8701923
472.9186,0.8701923
472.9386,0.8701923
472.9586,0.8701923
472.9786,0.8701923
472.9986,0.8701923
473.0186,0.8701923
473.0386,0.8701923
473.0586,0.8701923
473.0786,0.8701923
473.0985,0.8701923
473.1185,0.8701923
473.1385,0.8701923
473.1585,0.8701923
473.1785,0.8701923
473.1985,0.8701923
473.2185,0.8701923
473.2385,0.8701923
473.2585,0.8701923
473.2784,0.8701923
473.2984,0.8701923
473.3184,0.8701923
473.3384,0.8701923
473.3584,0.8701923
473.3784,0.8701923
473.3984,0.8701923
473.4184,0.8701923
473.4384,0.8701923
473.4583,0.8701923
473.4783,0.8701923
473.4983,0.8701923
473.5183,0.8701923
473.5383,0.8701923
473.5583,0.8701923
473.5783,0.8701923
473.5983,0.8701923
473.6183,0.8701923
473.6382,0.8701923
473.6582,0.8701923
473.6782,0.8701923
473.6982,0.8701923
473.7182,0.8701923
473.7382,0.8701923
473.7582,0.8701923
473.7782,0.8701923
473.7982,0.8701923
473.8181,0.8701923
473.8381,0.8701923
473.8581,0.8701923
473.8781,0.8701923
473.8981,0.8701923
473.9181,0.8701923
473.9381,0.8701923
473.9581,0.8701923
473.9781,0.8701923
473.998,0.8701923
474.018,0.8701923
474.038,0.8701923
474.058,0.8701923
474.078,0.8701923
474.098,0.8701923
474.118,0.8701923
474.138,0.8701923
474.158,0.8701923
474.1779,0.8701923
474.1979,0.8701923
474.2179,0.8701923
474.2379,0.8701923
474.2579,0.8701923
474.2779,0.8701923
474.2979,0.8701923
474.3179,0.8701923
474.3379,0.8701923
474.3578,0.8701923
474.3778,0.8701923
474.3978,0.8701923
474.4178,0.8701923
474.4378,0.8701923
474.4578,0.8701923
474.4778,0.8701923
474.4978,0.8701923
474.5178,0.8701923
474.5378,0.8701923
474.5577,0.8701923
474.5777,0.8701923
474.5977,0.8701923
474.6177,0.8701923
474.6377,0.8701923
474.6577,0.8701923
474.6777,0.8701923
474.6977,0.8701923
474.7177,0.8701923
474.7376,0.8701923
474.7576,0.8701923
474.7776,0.8701923
474.7976,0.8701923
474.8176,0.8701923
474.8376,0.8701923
474.8576,0.8701923
474.8776,0.8701923
474.8976,0.8701923
474.9175,0.8701923
474.9375,0.8701923
474.9575,0.8701923
474.9775,0.8701923
474.9975,0.8701923
475.0175,0.8701923
475.0375,0.8701923
475.0575,0.8701923
475.0775,0.8701923
475.0974,0.8701923
475.1174,0.8701923
475.1374,0.8701923
475.1574,0.8701923
475.1774,0.8701923
475.1974,0.8701923
475.2174,0.8701923
475.2374,0.8701923
475.2574,0.8701923
475.2773,0.8701923
475.2973,0.8701923
475.3173,0.8701923
475.3373,0.8701923
475.3573,0.8701923
475.3773,0.8701923
475.3973,0.8701923
475.4173,0.8701923
475.4373,0.8701923
475.4572,0.8701923
475.4772,0.8701923
475.4972,0.8701923
475.5172,0.8701923
475.5372,0.8701923
475.5572,0.8701923
475.5772,0.8701923
475.5972,0.8701923
475.6172,0.8701923
475.6371,0.8701923
475.6571,0.8701923
475.6771,0.8701923
475.6971,0.8701923
475.7171,0.8701923
475.7371,0.8701923
475.7571,0.8701923
475.7771,0.8701923
475.7971,0.8701923
475.817,0.8701923
475.837,0.8701923
475.857,0.8701923
475.877,0.8701923
475.897,0.8701923
475.917,0.8701923
475.937,0.8701923
475.957,0.8701923
475.977,0.8701923
475.9969,0.8701923
476.0169,0.8701923
476.0369,0.8701923
476.0569,0.8701923
476.0769,0.8701923
476.0969,0.8701923
476.1169,0.8701923
476.1369,0.8701923
476.1569,0.8701923
476.1768,0.8701923
476.1968,0.8701923
476.2168,0.8701923
476.2368,0.8701923
476.2568,0.8701923
476.2768,0.8701923
476.2968,0.8701923
476.3168,0.8701923
476.3368,0.8701923
476.3568,0.8701923
476.3767,0.8701923
476.3967,0.8701923
476.4167,0.8701923
476.4367,0.8701923
476.4567,0.8701923
476.4767,0.8701923
476.4967,0.8701923
476.5167,0.8701923
476.5367,0.8701923
476.5566,0.8701923
476.5766,0.8701923
476.5966,0.8701923
476.6166,0.8701923
476.6366,0.8701923
476.6566,0.8701923
476.6766,0.8701923
476.6966,0.8701923
476.7166,0.8701923
476.7365,0.8701923
476.7565,0.8701923
476.7765,0.8701923
476.7965,0.8701923
476.8165,0.8701923
476.8365,0.8701923
476.8565,0.8701923
476.8765,0.8701923
476.8965,0.8701923
476.9164,0.8701923
476.9364,0.8701923
476.9564,0.8701923
476.9764,0.8701923
476.9964,0.8701923
477.0164,0.8701923
477.0364,0.8701923
477.0564,0.8701923
477.0764,0.8701923
477.0963,0.8701923
477.1163,0.8701923
477.1363,0.8701923
477.1563,0.8701923
477.1763,0.8701923
477.1963,0.8701923
477.2163,0.8701923
477.2363,0.8701923
477.2563,0.8701923
477.2762,0.8701923
477.2962,0.8701923
477.3162,0.8701923
477.3362,0.8701923
477.3562,0.8701923
477.3762,0.8701923
477.3962,0.8701923
477.4162,0.8701923
477.4362,0.8701923
477.4561,0.8701923
477.4761,0.8701923
477.4961,0.8701923
477.5161,0.8701923
477.5361,0.8701923
477.5561,0.8701923
477.5761,0.8701923
477.5961,0.8701923
477.6161,0.8701923
477.636,0.8701923
477.656,0.8701923
477.676,0.8701923
477.696,0.8701923
477.716,0.8701923
477.736,0.8701923
477.756,0.8701923
477.776,0.8701923
477.796,0.8701923
477.8159,0.8701923
477.8359,0.8701923
477.8559,0.8701923
477.8759,0.8701923
477.8959,0.8701923
477.9159,0.8701923
477.9359,0.8701923
477.9559,0.8701923
477.9759,0.8701923
477.9958,0.8701923
478.0158,0.8701923
478.0358,0.8701923
478.0558,0.8701923
478.0758,0.8701923
478.0958,0.8701923
478.1158,0.8701923
478.1358,0.8701923
478.1558,0.8701923
478.1758,0.8701923
478.1957,0.8701923
478.2157,0.8701923
478.2357,0.8701923
478.2557,0.8701923
478.2757,0.8701923
478.2957,0.8701923
478.3157,0.8701923
478.3357,0.8701923
478.3557,0.8701923
478.3756,0.8701923
478.3956,0.8701923
478.4156,0.8701923
478.4356,0.8701923
478.4556,0.8701923
478.4756,0.8701923
478.4956,0.8701923
478.5156,0.8701923
478.5356,0.8701923
478.5555,0.8701923
478.5755,0.8701923
478.5955,0.8701923
478.6155,0.8701923
478.6355,0.8701923
478.6555,0.8701923
478.6755,0.8701923
478.6955,0.8701923
478.7155,0.8701923
478.7354,0.8701923
478.7554,0.8701923
478.7754,0.8701923
478.7954,0.8701923
478.8154,0.8701923
478.8354,0.8701923
478.8554,0.8701923
478.8754,0.8701923
478.8954,0.8701923
478.9153,0.8701923
478.9353,0.8701923
478.9553,0.8701923
478.9753,0.8701923
478.9953,0.8701923
479.0153,0.8701923
479.0353,0.8701923
479.0553,0.8701923
479.0753,0.8701923
479.0952,0.8701923
479.1152,0.8701923
479.1352,0.8701923
479.1552,0.8701923
479.1752,0.8701923
479.1952,0.8701923
479.2152,0.8701923
479.2352,0.8701923
479.2552,0.8701923
479.2751,0.8701923
479.2951,0.8701923
479.3151,0.8701923
479.3351,0.8701923
479.3551,0.8701923
479.3751,0.8701923
479.3951,0.8701923
479.4151,0.8701923
479.4351,0.8701923
479.455,0.8701923
479.475,0.8701923
479.495,0.8701923
479.515,0.8701923
479.535,0.8701923
479.555,0.8701923
479.575,0.8701923
479.595,0.8701923
479.615,0.8701923
479.6349,0.8701923
479.6549,0.8701923
479.6749,0.8701923
479.6949,0.8701923
479.7149,0.8701923
479.7349,0.8701923
479.7549,0.8701923
479.7749,0.8701923
479.7949,0.8701923
479.8148,0.8701923
479.8348,0.8701923
479.8548,0.8701923
479.8748,0.8701923
479.8948,0.8701923
479.9148,0.8701923
479.9348,0.8701923
479.9548,0.8701923
479.9748,0.8701923
479.9948,0.8701923
480.0147,0.8701923
480.0347,0.8701923
480.0547,0.8701923
480.0747,0.8701923
480.0947,0.8701923
480.1147,0.8701923
480.1347,0.8701923
480.1547,0.8701923
480.1747,0.8701923
480.1946,0.8701923
480.2146,0.8701923
480.2346,0.8701923
480.2546,0.8701923
480.2746,0.8701923
480.2946,0.8701923
480.3146,0.8701923
480.3346,0.8701923
480.3546,0.8701923
480.3745,0.8701923
480.3945,0.8701923
480.4145,0.8701923
480.4345,0.8701923
480.4545,0.8701923
480.4745,0.8701923
480.4945,0.8701923
480.5145,0.8701923
480.5345,0.8701923
480.5544,0.8701923
480.5744,0.8701923
480.5944,0.8701923
480.6144,0.8701923
480.6344,0.8701923
480.6544,0.8701923
480.6744,0.8701923
480.6944,0.8701923
480.7144,0.8701923
480.7343,0.8701923
480.7543,0.8701923
480.7743,0.8701923
480.7943,0.8701923
480.8143,0.8701923
480.8343,0.8701923
480.8543,0.8701923
480.8743,0.8701923
480.8943,0.8701923
480.9142,0.8701923
480.9342,0.8701923
480.9542,0.8701923
480.9742,0.8701923
480.9942,0.8701923
481.0142,0.8701923
481.0342,0.8701923
481.0542,0.8701923
481.0742,0.8701923
481.0941,0.8701923
481.1141,0.8701923
481.1341,0.8701923
481.1541,0.8701923
481.1741,0.8701923
481.1941,0.8701923
481.2141,0.8701923
481.2341,0.8701923
481.2541,0.8701923
481.274,0.8701923
481.294,0.8701923
481.314,0.8701923
481.334,0.8701923
481.354,0.8701923
481.374,0.8701923
481.394,0.8701923
481.414,0.8701923
481.434,0.8701923
481.4539,0.8701923
481.4739,0.8701923
481.4939,0.8701923
481.5139,0.8701923
481.5339,0.8701923
481.5539,0.8701923
481.5739,0.8701923
481.5939,0.8701923
481.6139,0.8701923
481.6339,0.8701923
481.6538,0.8701923
481.6738,0.8701923
481.6938,0.8701923
481.7138,0.8701923
481.7338,0.8701923
481.7538,0.8701923
481.7738,0.8701923
481.7938,0.8701923
481.8138,0.8701923
481.8337,0.8701923
481.8537,0.8701923
481.8737,0.8701923
481.8937,0.8701923
481.9137,0.8701923
481.9337,0.8701923
481.9537,0.8701923
481.9737,0.8701923
481.9937,0.8701923
482.0136,0.8701923
482.0336,0.8701923
482.0536,0.8701923
482.0736,0.8701923
482.0936,0.8701923
482.1136,0.8701923
482.1336,0.8701923
482.1536,0.8701923
482.1736,0.8701923
482.1935,0.8701923
482.2135,0.8701923
482.2335,0.8701923
482.2535,0.8701923
482.2735,0.8701923
482.2935,0.8701923
482.3135,0.8701923
482.3335,0.8701923
482.3535,0.8701923
482.3734,0.8701923
482.3934,0.8701923
482.4134,0.8701923
482.4334,0.8701923
482.4534,0.8701923
482.4734,0.8701923
482.4934,0.8701923
482.5134,0.8701923
482.5334,0.8701923
482.5533,0.8701923
482.5733,0.8701923
482.5933,0.8701923
482.6133,0.8701923
482.6333,0.8701923
482.6533,0.8701923
482.6733,0.8701923
482.6933,0.8701923
482.7133,0.8701923
482.7332,0.8701923
482.7532,0.8701923
482.7732,0.8701923
482.7932,0.8701923
482.8132,0.8701923
482.8332,0.8701923
482.8532,0.8701923
482.8732,0.8701923
482.8932,0.8701923
482.9131,0.8701923
482.9331,0.8701923
482.9531,0.8701923
482.9731,0.8701923
482.9931,0.8701923
483.0131,0.8701923
483.0331,0.8701923
483.0531,0.8701923
483.0731,0.8701923
483.093,0.8701923
483.113,0.8701923
483.133,0.8701923
483.153,0.8701923
483.173,0.8701923
483.193,0.8701923
483.213,0.8701923
483.233,0.8701923
483.253,0.8701923
483.2729,0.8701923
483.2929,0.8701923
483.3129,0.8701923
483.3329,0.8701923
483.3529,0.8701923
483.3729,0.8701923
483.3929,0.8701923
483.4129,0.8701923
483.4329,0.8701923
483.4529,0.8701923
483.4728,0.8701923
483.4928,0.8701923
483.5128,0.8701923
483.5328,0.8701923
483.5528,0.8701923
483.5728,0.8701923
483.5928,0.8701923
483.6128,0.8701923
483.6328,0.8701923
483.6527,0.8701923
483.6727,0.8701923
483.6927,0.8701923
483.7127,0.8701923
483.7327,0.8701923
483.7527,0.8701923
483.7727,0.8701923
483.7927,0.8701923
483.8127,0.8701923
483.8326,0.8701923
483.8526,0.8701923
483.8726,0.8701923
483.8926,0.8701923
483.9126,0.8701923
483.9326,0.8701923
483.9526,0.8701923
483.9726,0.8701923
483.9926,0.8701923
484.0125,0.8701923
484.0325,0.8701923
484.0525,0.8701923
484.0725,0.8701923
484.0925,0.8701923
484.1125,0.8701923
484.1325,0.8701923
484.1525,0.8701923
484.1725,0.8701923
484.1924,0.8701923
484.2124,0.8701923
484.2324,0.8701923
484.2524,0.8701923
484.2724,0.8701923
484.2924,0.8701923
484.3124,0.8701923
484.3324,0.8701923
484.3524,0.8701923
484.3723,0.8701923
484.3923,0.8701923
484.4123,0.8701923
484.4323,0.8701923
484.4523,0.8701923
484.4723,0.8701923
484.4923,0.8701923
484.5123,0.8701923
484.5323,0.8701923
484.5522,0.8701923
484.5722,0.8701923
484.5922,0.8701923
484.6122,0.8701923
484.6322,0.8701923
484.6522,0.8701923
484.6722,0.8701923
484.6922,0.8701923
484.7122,0.8701923
484.7321,0.8701923
484.7521,0.8701923
484.7721,0.8701923
484.7921,0.8701923
484.8121,0.8701923
484.8321,0.8701923
484.8521,0.8701923
484.8721,0.8701923
484.8921,0.8701923
484.912,0.8701923
484.932,0.8701923
484.952,0.8701923
484.972,0.8701923
484.992,0.8701923
485.012,0.8701923
485.032,0.8701923
485.052,0.8701923
485.072,0.8701923
485.0919,0.8701923
485.1119,0.8701923
485.1319,0.8701923
485.1519,0.8701923
485.1719,0.8701923
485.1919,0.8701923
485.2119,0.8701923
485.2319,0.8701923
485.2519,0.8701923
485.2719,0.8701923
485.2918,0.8701923
485.3118,0.8701923
485.3318,0.8701923
485.3518,0.8701923
485.3718,0.8701923
485.3918,0.8701923
485.4118,0.8701923
485.4318,0.8701923
485.4518,0.8701923
485.4717,0.8701923
485.4917,0.8701923
485.5117,0.8701923
485.5317,0.8701923
485.5517,0.8701923
485.5717,0.8701923
485.5917,0.8701923
485.6117,0.8701923
485.6317,0.8701923
485.6516,0.8701923
485.6716,0.8701923
485.6916,0.8701923
485.7116,0.8701923
485.7316,0.8701923
485.7516,0.8701923
485.7716,0.8701923
485.7916,0.8701923
485.8116,0.8701923
485.8315,0.8701923
485.8515,0.8701923
485.8715,0.8701923
485.8915,0.8701923
485.9115,0.8701923
485.9315,0.8701923
485.9515,0.8701923
485.9715,0.8701923
485.9915,0.8701923
486.0114,0.8701923
486.0314,0.8701923
486.0514,0.8701923
486.0714,0.8701923
486.0914,0.8701923
486.1114,0.8701923
486.1314,0.8701923
486.1514,0.8701923
486.1714,0.8701923
486.1913,0.8701923
486.2113,0.8701923
486.2313,0.8701923
486.2513,0.8701923
486.2713,0.8701923
486.2913,0.8701923
486.3113,0.8701923
486.3313,0.8701923
486.3513,0.8701923
486.3712,0.8701923
486.3912,0.8701923
486.4112,0.8701923
486.4312,0.8701923
486.4512,0.8701923
486.4712,0.8701923
486.4912,0.8701923
486.5112,0.8701923
486.5312,0.8701923
486.5511,0.8701923
486.5711,0.8701923
486.5911,0.8701923
486.6111,0.8701923
486.6311,0.8701923
486.6511,0.8701923
486.6711,0.8701923
486.6911,0.8701923
486.7111,0.8701923
486.731,0.8701923
486.751,0.8701923
486.771,0.8701923
486.791,0.8701923
486.811,0.8701923
486.831,0.8701923
486.851,0.8701923
486.871,0.8701923
486.891,0.8701923
486.9109,0.8701923
486.9309,0.8701923
486.9509,0.8701923
486.9709,0.8701923
486.9909,0.8701923
487.0109,0.8701923
487.0309,0.8701923
487.0509,0.8701923
487.0709,0.8701923
487.0909,0.8701923
487.1108,0.8701923
487.1308,0.8701923
487.1508,0.8701923
487.1708,0.8701923
487.1908,0.8701923
487.2108,0.8701923
487.2308,0.8701923
487.2508,0.8701923
487.2708,0.8701923
487.2907,0.8701923
487.3107,0.8701923
487.3307,0.8701923
487.3507,0.8701923
487.3707,0.8701923
487.3907,0.8701923
487.4107,0.8701923
487.4307,0.8701923
487.4507,0.8701923
487.4706,0.8701923
487.4906,0.8701923
487.5106,0.8701923
487.5306,0.8701923
487.5506,0.8701923
487.5706,0.8701923
487.5906,0.8701923
487.6106,0.8701923
487.6306,0.8701923
487.6505,0.8701923
487.6705,0.8701923
487.6905,0.8701923
487.7105,0.8701923
487.7305,0.8701923
487.7505,0.8701923
487.7705,0.8701923
487.7905,0.8701923
487.8105,0.8701923
487.8304,0.8701923
487.8504,0.8701923
487.8704,0.8701923
487.8904,0.8701923
487.9104,0.8701923
487.9304,0.8701923
487.9504,0.8701923
487.9704,0.8701923
487.9904,0.8701923
488.0103,0.8701923
488.0303,0.8701923
488.0503,0.8701923
488.0703,0.8701923
488.0903,0.8701923
488.1103,0.8701923
488.1303,0.8701923
488.1503,0.8701923
488.1703,0.8701923
488.1902,0.8701923
488.2102,0.8701923
488.2302,0.8701923
488.2502,0.8701923
488.2702,0.8701923
488.2902,0.8701923
488.3102,0.8701923
488.3302,0.8701923
488.3502,0.8701923
488.3701,0.8701923
488.3901,0.8701923
488.4101,0.8701923
488.4301,0.8701923
488.4501,0.8701923
488.4701,0.8701923
488.4901,0.8701923
488.5101,0.8701923
488.5301,0.8701923
488.55,0.8701923
488.57,0.8701923
488.59,0.8701923
488.61,0.8701923
488.63,0.8701923
488.65,0.8701923
488.67,0.8701923
488.69,0.8701923
488.71,0.8701923
488.7299,0.8701923
488.7499,0.8701923
488.7699,0.8701923
488.7899,0.8701923
488.8099,0.8701923
488.8299,0.8701923
488.8499,0.8701923
488.8699,0.8701923
488.8899,0.8701923
488.9099,0.8701923
488.9298,0.8701923
488.9498,0.8701923
488.9698,0.8701923
488.9898,0.8701923
489.0098,0.8701923
489.0298,0.8701923
489.0498,0.8701923
489.0698,0.8701923
489.0898,0.8701923
489.1097,0.8701923
489.1297,0.8701923
489.1497,0.8701923
489.1697,0.8701923
489.1897,0.8701923
489.2097,0.8701923
489.2297,0.8701923
489.2497,0.8701923
489.2697,0.8701923
489.2896,0.8701923
489.3096,0.8701923
489.3296,0.8701923
489.3496,0.8701923
489.3696,0.8701923
489.3896,0.8701923
489.4096,0.8701923
489.4296,0.8701923
489.4496,0.8701923
489.4695,0.8701923
489.4895,0.8701923
489.5095,0.8701923
489.5295,0.8701923
489.5495,0.8701923
489.5695,0.8701923
489.5895,0.8701923
489.6095,0.8701923
489.6295,0.8701923
489.6494,0.8701923
489.6694,0.8701923
489.6894,0.8701923
489.7094,0.8701923
489.7294,0.8701923
489.7494,0.8701923
489.7694,0.8701923
489.7894,0.8701923
489.8094,0.8701923
489.8293,0.8701923
489.8493,0.8701923
489.8693,0.8701923
489.8893,0.8701923
489.9093,0.8701923
489.9293,0.8701923
489.9493,0.8701923
489.9693,0.8701923
489.9893,0.8701923
490.0092,0.8701923
490.0292,0.8701923
490.0492,0.8701923
490.0692,0.8701923
490.0892,0.8701923
490.1092,0.8701923
490.1292,0.8701923
490.1492,0.8701923
490.1692,0.8701923
490.1891,0.8701923
490.2091,0.8701923
490.2291,0.8701923
490.2491,0.8701923
490.2691,0.8701923
490.2891,0.8701923
490.3091,0.8701923
490.3291,0.8701923
490.3491,0.8701923
490.369,0.8701923
490.389,0.8701923
490.409,0.8701923
490.429,0.8701923
490.449,0.8701923
490.469,0.8701923
490.489,0.8701923
490.509,0.8701923
490.529,0.8701923
490.549,0.8701923
490.5689,0.8701923
490.5889,0.8701923
490.6089,0.8701923
490.6289,0.8701923
490.6489,0.8701923
490.6689,0.8701923
490.6889,0.8701923
490.7089,0.8701923
490.7289,0.8701923
490.7488,0.8701923
490.7688,0.8701923
490.7888,0.8701923
490.8088,0.8701923
490.8288,0.8701923
490.8488,0.8701923
490.8688,0.8701923
490.8888,0.8701923
490.9088,0.8701923
490.9287,0.8701923
490.9487,0.8701923
490.9687,0.8701923
490.9887,0.8701923
491.0087,0.8701923
491.0287,0.8701923
491.0487,0.8701923
491.0687,0.8701923
491.0887,0.8701923
491.1086,0.8701923
491.1286,0.8701923
491.1486,0.8701923
491.1686,0.8701923
491.1886,0.8701923
491.2086,0.8701923
491.2286,0.8701923
491.2486,0.8701923
491.2686,0.8701923
491.2885,0.8701923
491.3085,0.8701923
491.3285,0.8701923
491.3485,0.8701923
491.3685,0.8701923
491.3885,0.8701923
491.4085,0.8701923
491.4285,0.8701923
491.4485,0.8701923
491.4684,0.8701923
491.4884,0.8701923
491.5084,0.8701923
491.5284,0.8701923
491.5484,0.8701923
491.5684,0.8701923
491.5884,0.8701923
491.6084,0.8701923
491.6284,0.8701923
491.6483,0.8701923
491.6683,0.8701923
491.6883,0.8701923
491.7083,0.8701923
491.7283,0.8701923
491.7483,0.8701923
491.7683,0.8701923
491.7883,0.8701923
491.8083,0.8701923
491.8282,0.8701923
491.8482,0.8701923
491.8682,0.8701923
491.8882,0.8701923
491.9082,0.8701923
491.9282,0.8701923
491.9482,0.8701923
491.9682,0.8701923
491.9882,0.8701923
492.0081,0.8701923
492.0281,0.8701923
492.0481,0.8701923
492.0681,0.8701923
492.0881,0.8701923
492.1081,0.8701923
492.1281,0.8701923
492.1481,0.8701923
492.1681,0.8701923
492.188,0.8701923
492.208,0.8701923
492.228,0.8701923
492.248,0.8701923
492.268,0.8701923
492.288,0.8701923
492.308,0.8701923
492.328,0.8701923
492.348,0.8701923
492.368,0.8701923
492.3879,0.8701923
492.4079,0.8701923
492.4279,0.8701923
492.4479,0.8701923
492.4679,0.8701923
492.4879,0.8701923
492.5079,0.8701923
492.5279,0.8701923
492.5479,0.8701923
492.5678,0.8701923
492.5878,0.8701923
492.6078,0.8701923
492.6278,0.8701923
492.6478,0.8701923
492.6678,0.8701923
492.6878,0.8701923
492.7078,0.8701923
492.7278,0.8701923
492.7477,0.8701923
492.7677,0.8701923
492.7877,0.8701923
492.8077,0.8701923
492.8277,0.8701923
492.8477,0.8701923
492.8677,0.8701923
492.8877,0.8701923
492.9077,0.8701923
492.9276,0.8701923
492.9476,0.8701923
492.9676,0.8701923
492.9876,0.8701923
493.0076,0.8701923
493.0276,0.8701923
493.0476,0.8701923
493.0676,0.8701923
493.0876,0.8701923
493.1075,0.8701923
493.1275,0.8701923
493.1475,0.8701923
493.1675,0.8701923
493.1875,0.8701923
493.2075,0.8701923
493.2275,0.8701923
493.2475,0.8701923
493.2675,0.8701923
493.2874,0.8701923
493.3074,0.8701923
493.3274,0.8701923
493.3474,0.8701923
493.3674,0.8701923
493.3874,0.8701923
493.4074,0.8701923
493.4274,0.8701923
493.4474,0.8701923
493.4673,0.8701923
493.4873,0.8701923
493.5073,0.8701923
493.5273,0.8701923
493.5473,0.8701923
493.5673,0.8701923
493.5873,0.8701923
493.6073,0.8701923
493.6273,0.8701923
493.6472,0.8701923
493.6672,0.8701923
493.6872,0.8701923
493.7072,0.8701923
493.7272,0.8701923
493.7472,0.8701923
493.7672,0.8701923
493.7872,0.8701923
493.8072,0.8701923
493.8271,0.8701923
493.8471,0.8701923
493.8671,0.8701923
493.8871,0.8701923
493.9071,0.8701923
493.9271,0.8701923
493.9471,0.8701923
493.9671,0.8701923
493.9871,0.8701923
494.007,0.8701923
494.027,0.8701923
494.047,0.8701923
494.067,0.8701923
494.087,0.8701923
494.107,0.8701923
494.127,0.8701923
494.147,0.8701923
494.167,0.8701923
494.187,0.8701923
494.2069,0.8701923
494.2269,0.8701923
494.2469,0.8701923
494.2669,0.8701923
494.2869,0.8701923
494.3069,0.8701923
494.3269,0.8701923
494.3469,0.8701923
494.3669,0.8701923
494.3868,0.8701923
494.4068,0.8701923
494.4268,0.8701923
494.4468,0.8701923
494.4668,0.8701923
494.4868,0.8701923
494.5068,0.8701923
494.5268,0.8701923
494.5468,0.8701923
494.5667,0.8701923
494.5867,0.8701923
494.6067,0.8701923
494.6267,0.8701923
494.6467,0.8701923
494.6667,0.8701923
494.6867,0.8701923
494.7067,0.8701923
494.7267,0.8701923
494.7466,0.8701923
494.7666,0.8701923
494.7866,0.8701923
494.8066,0.8701923
494.8266,0.8701923
494.8466,0.8701923
494.8666,0.8701923
494.8866,0.8701923
494.9066,0.8701923
494.9265,0.8701923
494.9465,0.8701923
494.9665,0.8701923
494.9865,0.8701923
495.0065,0.8701923
495.0265,0.8701923
495.0465,0.8701923
495.0665,0.8701923
495.0865,0.8701923
495.1064,0.8701923
495.1264,0.8701923
495.1464,0.8701923
495.1664,0.8701923
495.1864,0.8701923
495.2064,0.8701923
495.2264,0.8701923
495.2464,0.8701923
495.2664,0.8701923
495.2863,0.8701923
495.3063,0.8701923
495.3263,0.8701923
495.3463,0.8701923
495.3663,0.8701923
495.3863,0.8701923
495.4063,0.8701923
495.4263,0.8701923
495.4463,0.8701923
495.4662,0.8701923
495.4862,0.8701923
495.5062,0.8701923
495.5262,0.8701923
495.5462,0.8701923
495.5662,0.8701923
495.5862,0.8701923
495.6062,0.8701923
495.6262,0.8701923
495.6461,0.8701923
495.6661,0.8701923
495.6861,0.8701923
495.7061,0.8701923
495.7261,0.8701923
495.7461,0.8701923
495.7661,0.8701923
495.7861,0.8701923
495.8061,0.8701923
495.826,0.8701923
495.846,0.8701923
495.866,0.8701923
495.886,0.8701923
495.906,0.8701923
495.926,0.8701923
495.946,0.8701923
495.966,0.8701923
495.986,0.8701923
496.006,0.8701923
496.0259,0.8701923
496.0459,0.8701923
496.0659,0.8701923
496.0859,0.8701923
496.1059,0.8701923
496.1259,0.8701923
496.1459,0.8701923
496.1659,0.8701923
496.1859,0.8701923
496.2058,0.8701923
496.2258,0.8701923
496.2458,0.8701923
496.2658,0.8701923
496.2858,0.8701923
496.3058,0.8701923
496.3258,0.8701923
496.3458,0.8701923
496.3658,0.8701923
496.3857,0.8701923
496.4057,0.8701923
496.4257,0.8701923
496.4457,0.8701923
496.4657,0.8701923
496.4857,0.8701923
496.5057,0.8701923
496.5257,0.8701923
496.5457,0.8701923
496.5656,0.8701923
496.5856,0.8701923
496.6056,0.8701923
496.6256,0.8701923
496.6456,0.8701923
496.6656,0.8701923
496.6856,0.8701923
496.7056,0.8701923
496.7256,0.8701923
496.7455,0.8701923
496.7655,0.8701923
496.7855,0.8701923
496.8055,0.8701923
496.8255,0.8701923
496.8455,0.8701923
496.8655,0.8701923
496.8855,0.8701923
496.9055,0.8701923
496.9254,0.8701923
496.9454,0.8701923
496.9654,0.8701923
496.9854,0.8701923
497.0054,0.8701923
497.0254,0.8701923
497.0454,0.8701923
497.0654,0.8701923
497.0854,0.8701923
497.1053,0.8701923
497.1253,0.8701923
497.1453,0.8701923
497.1653,0.8701923
497.1853,0.8701923
497.2053,0.8701923
497.2253,0.8701923
497.2453,0.8701923
497.2653,0.8701923
497.2852,0.8701923
497.3052,0.8701923
497.3252,0.8701923
497.3452,0.8701923
497.3652,0.8701923
497.3852,0.8701923
497.4052,0.8701923
497.4252,0.8701923
497.4452,0.8701923
497.4651,0.8701923
497.4851,0.8701923
497.5051,0.8701923
497.5251,0.8701923
497.5451,0.8701923
497.5651,0.8701923
497.5851,0.8701923
497.6051,0.8701923
497.6251,0.8701923
497.6451,0.8701923
497.665,0.8701923
497.685,0.8701923
497.705,0.8701923
497.725,0.8701923
497.745,0.8701923
497.765,0.8701923
497.785,0.8701923
497.805,0.8701923
497.825,0.8701923
497.8449,0.8701923
497.8649,0.8701923
497.8849,0.8701923
497.9049,0.8701923
497.9249,0.8701923
497.9449,0.8701923
497.9649,0.8701923
497.9849,0.8701923
498.0049,0.8701923
498.0248,0.8701923
498.0448,0.8701923
498.0648,0.8701923
498.0848,0.8701923
498.1048,0.8701923
498.1248,0.8701923
498.1448,0.8701923
498.1648,0.8701923
498.1848,0.8701923
498.2047,0.8701923
498.2247,0.8701923
498.2447,0.8701923
498.2647,0.8701923
498.2847,0.8701923
498.3047,0.8701923
498.3247,0.8701923
498.3447,0.8701923
498.3647,0.8701923
498.3846,0.8701923
498.4046,0.8701923
498.4246,0.8701923
498.4446,0.8701923
498.4646,0.8701923
498.4846,0.8701923
498.5046,0.8701923
498.5246,0.8701923
498.5446,0.8701923
498.5645,0.8701923
498.5845,0.8701923
498.6045,0.8701923
498.6245,0.8701923
498.6445,0.8701923
498.6645,0.8701923
498.6845,0.8701923
498.7045,0.8701923
498.7245,0.8701923
498.7444,0.8701923
498.7644,0.8701923
498.7844,0.8701923
498.8044,0.8701923
498.8244,0.8701923
498.8444,0.8701923
498.8644,0.8701923
498.8844,0.8701923
498.9044,0.8701923
498.9243,0.8701923
498.9443,0.8701923
498.9643,0.8701923
498.9843,0.8701923
499.0043,0.8701923
499.0243,0.8701923
499.0443,0.8701923
499.0643,0.8701923
499.0843,0.8701923
499.1042,0.8701923
499.1242,0.8701923
499.1442,0.8701923
499.1642,0.8701923
499.1842,0.8701923
499.2042,0.8701923
499.2242,0.8701923
499.2442,0.8701923
499.2642,0.8701923
499.2841,0.8701923
499.3041,0.8701923
499.3241,0.8701923
499.3441,0.8701923
499.3641,0.8701923
499.3841,0.8701923
499.4041,0.8701923
499.4241,0.8701923
499.4441,0.8701923
499.4641,0.8701923
499.484,0.8701923
499.504,0.8701923
499.524,0.8701923
499.544,0.8701923
499.564,0.8701923
499.584,0.8701923
499.604,0.8701923
499.624,0.8701923
499.644,0.8701923
499.6639,0.8701923
499.6839,0.8701923
499.7039,0.8701923
499.7239,0.8701923
499.7439,0.8701923
499.7639,0.8701923
499.7839,0.8701923
499.8039,0.8701923
499.8239,0.8701923
499.8438,0.8701923
499.8638,0.8701923
499.8838,0.8701923
499.9038,0.8701923
499.9238,0.8701923
499.9438,0.8701923
499.9638,0.8701923
499.9838,0.8701923
500.0038,0.8701923
500.0237,0.8701923
500.0437,0.8701923
500.0637,0.8701923
500.0837,0.8701923
500.1037,0.8701923
500.1237,0.8701923
500.1437,0.8701923
500.1637,0.8701923
500.1837,0.8701923
500.2036,0.8701923
500.2236,0.8701923
500.2436,0.8701923
500.2636,0.8701923
500.2836,0.8701923
500.3036,0.8701923
500.3236,0.8701923
500.3436,0.8701923
500.3636,0.8701923
500.3835,0.8701923
500.4035,0.8701923
500.4235,0.8701923
500.4435,0.8701923
500.4635,0.8701923
500.4835,0.8701923
500.5035,0.8701923
500.5235,0.8701923
500.5435,0.8701923
500.5634,0.8701923
500.5834,0.8701923
500.6034,0.8701923
500.6234,0.8701923
500.6434,0.8701923
500.6634,0.8701923
500.6834,0.8701923
500.7034,0.8701923
500.7234,0.8701923
500.7433,0.8701923
500.7633,0.8701923
500.7833,0.8701923
500.8033,0.8701923
500.8233,0.8701923
500.8433,0.8701923
500.8633,0.8701923
500.8833,0.8701923
500.9033,0.8701923
500.9232,0.8701923
500.9432,0.8701923
500.9632,0.8701923
500.9832,0.8701923
501.0032,0.8701923
501.0232,0.8701923
501.0432,0.8701923
501.0632,0.8701923
501.0832,0.8701923
501.1031,0.8701923
501.1231,0.8701923
501.1431,0.8701923
501.1631,0.8701923
501.1831,0.8701923
501.2031,0.8701923
501.2231,0.8701923
501.2431,0.8701923
501.2631,0.8701923
501.2831,0.8701923
501.303,0.8701923
501.323,0.8701923
501.343,0.8701923
501.363,0.8701923
501.383,0.8701923
501.403,0.8701923
501.423,0.8701923
501.443,0.8701923
501.463,0.8701923
501.4829,0.8701923
501.5029,0.8701923
501.5229,0.8701923
501.5429,0.8701923
501.5629,0.8701923
501.5829,0.8701923
501.6029,0.8701923
501.6229,0.8701923
501.6429,0.8701923
501.6628,0.8701923
501.6828,0.8701923
501.7028,0.8701923
501.7228,0.8701923
501.7428,0.8701923
501.7628,0.8701923
501.7828,0.8701923
501.8028,0.8701923
501.8228,0.8701923
501.8427,0.8701923
501.8627,0.8701923
501.8827,0.8701923
501.9027,0.8701923
501.9227,0.8701923
501.9427,0.8701923
501.9627,0.8701923
501.9827,0.8701923
502.0027,0.8701923
502.0226,0.8701923
502.0426,0.8701923
502.0626,0.8701923
502.0826,0.8701923
502.1026,0.8701923
502.1226,0.8701923
502.1426,0.8701923
502.1626,0.8701923
502.1826,0.8701923
502.2025,0.8701923
502.2225,0.8701923
502.2425,0.8701923
502.2625,0.8701923
502.2825,0.8701923
502.3025,0.8701923
502.3225,0.8701923
502.3425,0.8701923
502.3625,0.8701923
502.3824,0.8701923
502.4024,0.8701923
502.4224,0.8701923
502.4424,0.8701923
502.4624,0.8701923
502.4824,0.8701923
502.5024,0.8701923
502.5224,0.8701923
502.5424,0.8701923
502.5623,0.8701923
502.5823,0.8701923
502.6023,0.8701923
502.6223,0.8701923
502.6423,0.8701923
502.6623,0.8701923
502.6823,0.8701923
502.7023,0.8701923
502.7223,0.8701923
502.7422,0.8701923
502.7622,0.8701923
502.7822,0.8701923
502.8022,0.8701923
502.8222,0.8701923
502.8422,0.8701923
502.8622,0.8701923
502.8822,0.8701923
502.9022,0.8701923
502.9221,0.8701923
502.9421,0.8701923
502.9621,0.8701923
502.9821,0.8701923
503.0021,0.8701923
503.0221,0.8701923
503.0421,0.8701923
503.0621,0.8701923
503.0821,0.8701923
503.1021,0.8701923
503.122,0.8701923
503.142,0.8701923
503.162,0.8701923
503.182,0.8701923
503.202,0.8701923
503.222,0.8701923
503.242,0.8701923
503.262,0.8701923
503.282,0.8701923
503.3019,0.8701923
503.3219,0.8701923
503.3419,0.8701923
503.3619,0.8701923
503.3819,0.8701923
503.4019,0.8701923
503.4219,0.8701923
503.4419,0.8701923
503.4619,0.8701923
503.4818,0.8701923
503.5018,0.8701923
503.5218,0.8701923
503.5418,0.8701923
503.5618,0.8701923
503.5818,0.8701923
503.6018,0.8701923
503.6218,0.8701923
503.6418,0.8701923
503.6617,0.8701923
503.6817,0.8701923
503.7017,0.8701923
503.7217,0.8701923
503.7417,0.8701923
503.7617,0.8701923
503.7817,0.8701923
503.8017,0.8701923
503.8217,0.8701923
503.8416,0.8701923
503.8616,0.8701923
503.8816,0.8701923
503.9016,0.8701923
503.9216,0.8701923
503.9416,0.8701923
503.9616,0.8701923
503.9816,0.8701923
504.0016,0.8701923
504.0215,0.8701923
504.0415,0.8701923
504.0615,0.8701923
504.0815,0.8701923
504.1015,0.8701923
504.1215,0.8701923
504.1415,0.8701923
504.1615,0.8701923
504.1815,0.8701923
504.2014,0.8701923
504.2214,0.8701923
504.2414,0.8701923
504.2614,0.8701923
504.2814,0.8701923
504.3014,0.8701923
504.3214,0.8701923
504.3414,0.8701923
504.3614,0.8701923
504.3813,0.8701923
504.4013,0.8701923
504.4213,0.8701923
504.4413,0.8701923
504.4613,0.8701923
504.4813,0.8701923
504.5013,0.8701923
504.5213,0.8701923
504.5413,0.8701923
504.5612,0.8701923
504.5812,0.8701923
504.6012,0.8701923
504.6212,0.8701923
504.6412,0.8701923
504.6612,0.8701923
504.6812,0.8701923
504.7012,0.8701923
504.7212,0.8701923
504.7411,0.8701923
504.7611,0.8701923
504.7811,0.8701923
504.8011,0.8701923
504.8211,0.8701923
504.8411,0.8701923
504.8611,0.8701923
504.8811,0.8701923
504.9011,0.8701923
504.9211,0.8701923
504.941,0.8701923
504.961,0.8701923
504.981,0.8701923
505.001,0.8701923
505.021,0.8701923
505.041,0.8701923
505.061,0.8701923
505.081,0.8701923
505.101,0.8701923
505.1209,0.8701923
505.1409,0.8701923
505.1609,0.8701923
505.1809,0.8701923
505.2009,0.8701923
505.2209,0.8701923
505.2409,0.8701923
505.2609,0.8701923
505.2809,0.8701923
505.3008,0.8701923
505.3208,0.8701923
505.3408,0.8701923
505.3608,0.8701923
505.3808,0.8701923
505.4008,0.8701923
505.4208,0.8701923
505.4408,0.8701923
505.4608,0.8701923
505.4807,0.8701923
505.5007,0.8701923
505.5207,0.8701923
505.5407,0.8701923
505.5607,0.8701923
505.5807,0.8701923
505.6007,0.8701923
505.6207,0.8701923
505.6407,0.8701923
505.6606,0.8701923
505.6806,0.8701923
505.7006,0.8701923
505.7206,0.8701923
505.7406,0.8701923
505.7606,0.8701923
505.7806,0.8701923
505.8006,0.8701923
505.8206,0.8701923
505.8405,0.8701923
505.8605,0.8701923
505.8805,0.8701923
505.9005,0.8701923
505.9205,0.8701923
505.9405,0.8701923
505.9605,0.8701923
505.9805,0.8701923
506.0005,0.8701923
506.0204,0.8701923
506.0404,0.8701923
506.0604,0.8701923
506.0804,0.8701923
506.1004,0.8701923
506.1204,0.8701923
506.1404,0.8701923
506.1604,0.8701923
506.1804,0.8701923
506.2003,0.8701923
506.2203,0.8701923
506.2403,0.8701923
506.2603,0.8701923
506.2803,0.8701923
506.3003,0.8701923
506.3203,0.8701923
506.3403,0.8701923
506.3603,0.8701923
506.3802,0.8701923
506.4002,0.8701923
506.4202,0.8701923
506.4402,0.8701923
506.4602,0.8701923
506.4802,0.8701923
506.5002,0.8701923
506.5202,0.8701923
506.5402,0.8701923
506.5602,0.8701923
506.5801,0.8701923
506.6001,0.8701923
506.6201,0.8701923
506.6401,0.8701923
506.6601,0.8701923
506.6801,0.8701923
506.7001,0.8701923
506.7201,0.8701923
506.7401,0.8701923
506.76,0.8701923
506.78,0.8701923
506.8,0.8701923
506.82,0.8701923
506.84,0.8701923
506.86,0.8701923
506.88,0.8701923
506.9,0.8701923
506.92,0.8701923
506.9399,0.8701923
506.9599,0.8701923
506.9799,0.8701923
506.9999,0.8701923
507.0199,0.8701923
507.0399,0.8701923
507.0599,0.8701923
507.0799,0.8701923
507.0999,0.8701923
507.1198,0.8701923
507.1398,0.8701923
507.1598,0.8701923
507.1798,0.8701923
507.1998,0.8701923
507.2198,0.8701923
507.2398,0.8701923
507.2598,0.8701923
507.2798,0.8701923
507.2997,0.8701923
507.3197,0.8701923
507.3397,0.8701923
507.3597,0.8701923
507.3797,0.8701923
507.3997,0.8701923
507.4197,0.8701923
507.4397,0.8701923
507.4597,0.8701923
507.4796,0.8701923
507.4996,0.8701923
507.5196,0.8701923
507.5396,0.8701923
507.5596,0.8701923
507.5796,0.8701923
507.5996,0.8701923
507.6196,0.8701923
507.6396,0.8701923
507.6595,0.8701923
507.6795,0.8701923
507.6995,0.8701923
507.7195,0.8701923
507.7395,0.8701923
507.7595,0.8701923
507.7795,0.8701923
507.7995,0.8701923
507.8195,0.8701923
507.8394,0.8701923
507.8594,0.8701923
507.8794,0.8701923
507.8994,0.8701923
507.9194,0.8701923
507.9394,0.8701923
507.9594,0.8701923
507.9794,0.8701923
507.9994,0.8701923
508.0193,0.8701923
508.0393,0.8701923
508.0593,0.8701923
508.0793,0.8701923
508.0993,0.8701923
508.1193,0.8701923
508.1393,0.8701923
508.1593,0.8701923
508.1793,0.8701923
508.1992,0.8701923
508.2192,0.8701923
508.2392,0.8701923
508.2592,0.8701923
508.2792,0.8701923
508.2992,0.8701923
508.3192,0.8701923
508.3392,0.8701923
508.3592,0.8701923
508.3792,0.8701923
508.3991,0.8701923
508.4191,0.8701923
508.4391,0.8701923
508.4591,0.8701923
508.4791,0.8701923
508.4991,0.8701923
508.5191,0.8701923
508.5391,0.8701923
508.5591,0.8701923
508.579,0.8701923
508.599,0.8701923
508.619,0.8701923
508.639,0.8701923
508.659,0.8701923
508.679,0.8701923
508.699,0.8701923
508.719,0.8701923
508.739,0.8701923
508.7589,0.8701923
508.7789,0.8701923
508.7989,0.8701923
508.8189,0.8701923
508.8389,0.8701923
508.8589,0.8701923
508.8789,0.8701923
508.8989,0.8701923
508.9189,0.8701923
508.9388,0.8701923
508.9588,0.8701923
508.9788,0.8701923
508.9988,0.8701923
509.0188,0.8701923
509.0388,0.8701923
509.0588,0.8701923
509.0788,0.8701923
509.0988,0.8701923
509.1187,0.8701923
509.1387,0.8701923
509.1587,0.8701923
509.1787,0.8701923
509.1987,0.8701923
509.2187,0.8701923
509.2387,0.8701923
509.2587,0.8701923
509.2787,0.8701923
509.2986,0.8701923
509.3186,0.8701923
509.3386,0.8701923
509.3586,0.8701923
509.3786,0.8701923
509.3986,0.8701923
509.4186,0.8701923
509.4386,0.8701923
509.4586,0.8701923
509.4785,0.8701923
509.4985,0.8701923
509.5185,0.8701923
509.5385,0.8701923
509.5585,0.8701923
509.5785,0.8701923
509.5985,0.8701923
509.6185,0.8701923
509.6385,0.8701923
509.6584,0.8701923
509.6784,0.8701923
509.6984,0.8701923
509.7184,0.8701923
509.7384,0.8701923
509.7584,0.8701923
509.7784,0.8701923
509.7984,0.8701923
509.8184,0.8701923
509.8383,0.8701923
509.8583,0.8701923
509.8783,0.8701923
509.8983,0.8701923
509.9183,0.8701923
509.9383,0.8701923
509.9583,0.8701923
509.9783,0.8701923
509.9983,0.8701923
510.0182,0.8701923
510.0382,0.8701923
510.0582,0.8701923
510.0782,0.8701923
510.0982,0.8701923
510.1182,0.8701923
510.1382,0.8701923
510.1582,0.8701923
510.1782,0.8701923
510.1982,0.8701923
510.2181,0.8701923
510.2381,0.8701923
510.2581,0.8701923
510.2781,0.8701923
510.2981,0.8701923
510.3181,0.8701923
510.3381,0.8701923
510.3581,0.8701923
510.3781,0.8701923
510.398,0.8701923
510.418,0.8701923
510.438,0.8701923
510.458,0.8701923
510.478,0.8701923
510.498,0.8701923
510.518,0.8701923
510.538,0.8701923
510.558,0.8701923
510.5779,0.8701923
510.5979,0.8701923
510.6179,0.8701923
510.6379,0.8701923
510.6579,0.8701923
510.6779,0.8701923
510.6979,0.8701923
510.7179,0.8701923
510.7379,0.8701923
510.7578,0.8701923
510.7778,0.8701923
510.7978,0.8701923
510.8178,0.8701923
510.8378,0.8701923
510.8578,0.8701923
510.8778,0.8701923
510.8978,0.8701923
510.9178,0.8701923
510.9377,0.8701923
510.9577,0.8701923
510.9777,0.8701923
510.9977,0.8701923
511.0177,0.8701923
511.0377,0.8701923
511.0577,0.8701923
511.0777,0.8701923
511.0977,0.8701923
511.1176,0.8701923
511.1376,0.8701923
511.1576,0.8701923
511.1776,0.8701923
511.1976,0.8701923
511.2176,0.8701923
511.2376,0.8701923
511.2576,0.8701923
511.2776,0.8701923
511.2975,0.8701923
511.3175,0.8701923
511.3375,0.8701923
511.3575,0.8701923
511.3775,0.8701923
511.3975,0.8701923
511.4175,0.8701923
511.4375,0.8701923
511.4575,0.8701923
511.4774,0.8701923
511.4974,0.8701923
511.5174,0.8701923
511.5374,0.8701923
511.5574,0.8701923
511.5774,0.8701923
511.5974,0.8701923
511.6174,0.8701923
511.6374,0.8701923
511.6573,0.8701923
511.6773,0.8701923
511.6973,0.8701923
511.7173,0.8701923
511.7373,0.8701923
511.7573,0.8701923
511.7773,0.8701923
511.7973,0.8701923
511.8173,0.8701923
511.8372,0.8701923
511.8572,0.8701923
511.8772,0.8701923
511.8972,0.8701923
511.9172,0.8701923
511.9372,0.8701923
511.9572,0.8701923
511.9772,0.8701923
511.9972,0.8701923
512.0172,0.8701923
512.0372,0.8701923
512.0572,0.8701923
512.0772,0.8701923
512.0972,0.8701923
512.1172,0.8701923
512.1373,0.8701923
512.1573,0.8701923
512.1773,0.8701923
512.1973,0.8701923
512.2173,0.8701923
512.2374,0.8701923
512.2574,0.8701923
512.2774,0.8701923
512.2974,0.8701923
512.3174,0.8701923
512.3375,0.8701923
512.3575,0.8701923
512.3775,0.8701923
512.3975,0.8701923
512.4175,0.8701923
512.4376,0.8701923
512.4576,0.8701923
512.4776,0.8701923
512.4976,0.8701923
512.5176,0.8701923
512.5377,0.8701923
512.5577,0.8701923
512.5777,0.8701923
512.5977,0.8701923
512.6177,0.8701923
512.6378,0.8701923
512.6578,0.8701923
512.6778,0.8701923
512.6978,0.8701923
512.7178,0.8701923
512.7379,0.8701923
512.7579,0.8701923
512.7779,0.8701923
512.7979,0.8701923
512.8179,0.8701923
512.838,0.8701923
512.858,0.8701923
512.878,0.8701923
512.898,0.8701923
512.918,0.8701923
512.938,0.8701923
512.9581,0.8701923
512.9781,0.8701923
512.9981,0.8701923
513.0181,0.8701923
513.0381,0.8701923
513.0582,0.8701923
513.0782,0.8701923
513.0982,0.8701923
513.1182,0.8701923
513.1382,0.8701923
513.1583,0.8701923
513.1783,0.8701923
513.1983,0.8701923
513.2183,0.8701923
513.2383,0.8701923
513.2584,0.8701923
513.2784,0.8701923
513.2984,0.8701923
513.3184,0.8701923
513.3384,0.8701923
513.3585,0.8701923
513.3785,0.8701923
513.3985,0.8701923
513.4185,0.8701923
513.4385,0.8701923
513.4586,0.8701923
513.4786,0.8701923
513.4986,0.8701923
513.5186,0.8701923
513.5386,0.8701923
513.5587,0.8701923
513.5787,0.8701923
513.5987,0.8701923
513.6187,0.8701923
513.6387,0.8701923
513.6588,0.8701923
513.6788,0.8701923
513.6988,0.8701923
513.7188,0.8701923
513.7388,0.8701923
513.7589,0.8701923
513.7789,0.8701923
513.7989,0.8701923
513.8189,0.8701923
513.8389,0.8701923
513.8589,0.8701923
513.879,0.8701923
513.899,0.8701923
513.919,0.8701923
513.939,0.8701923
513.959,0.8701923
513.9791,0.8701923
513.9991,0.8701923
514.0191,0.8701923
514.0391,0.8701923
514.0591,0.8701923
514.0792,0.8701923
514.0992,0.8701923
514.1192,0.8701923
514.1392,0.8701923
514.1592,0.8701923
514.1793,0.8701923
514.1993,0.8701923
514.2193,0.8701923
514.2393,0.8701923
514.2593,0.8701923
514.2794,0.8701923
514.2994,0.8701923
514.3194,0.8701923
514.3394,0.8701923
514.3594,0.8701923
514.3795,0.8701923
514.3995,0.8701923
514.4195,0.8701923
514.4395,0.8701923
514.4595,0.8701923
514.4796,0.8701923
514.4996,0.8701923
514.5196,0.8701923
514.5396,0.8701923
514.5596,0.8701923
514.5797,0.8701923
514.5997,0.8701923
514.6197,0.8701923
514.6397,0.8701923
514.6597,0.8701923
514.6797,0.8701923
514.6998,0.8701923
514.7198,0.8701923
514.7398,0.8701923
514.7598,0.8701923
514.7798,0.8701923
514.7999,0.8701923
514.8199,0.8701923
514.8399,0.8701923
514.8599,0.8701923
514.8799,0.8701923
514.9,0.8701923
514.92,0.8701923
514.94,0.8701923
514.96,0.8701923
514.98,0.8701923
515.0001,0.8701923
515.0201,0.8701923
515.0401,0.8701923
515.0601,0.8701923
515.0801,0.8701923
515.1002,0.8701923
515.1202,0.8701923
515.1402,0.8701923
515.1602,0.8701923
515.1802,0.8701923
515.2003,0.8701923
515.2203,0.8701923
515.2403,0.8701923
515.2603,0.8701923
515.2803,0.8701923
515.3004,0.8701923
515.3204,0.8701923
515.3404,0.8701923
515.3604,0.8701923
515.3804,0.8701923
515.4005,0.8701923
515.4205,0.8701923
515.4405,0.8701923
515.4605,0.8701923
515.4805,0.8701923
515.5005,0.8701923
515.5206,0.8701923
515.5406,0.8701923
515.5606,0.8701923
515.5806,0.8701923
515.6006,0.8701923
515.6207,0.8701923
515.6407,0.8701923
515.6607,0.8701923
515.6807,0.8701923
515.7007,0.8701923
515.7208,0.8701923
515.7408,0.8701923
515.7608,0.8701923
515.7808,0.8701923
515.8008,0.8701923
515.8209,0.8701923
515.8409,0.8701923
515.8609,0.8701923
515.8809,0.8701923
515.9009,0.8701923
515.921,0.8701923
515.941,0.8701923
515.961,0.8701923
515.981,0.8701923
516.001,0.8701923
516.0211,0.8701923
516.0411,0.8701923
516.0611,0.8701923
516.0811,0.8701923
516.1011,0.8701923
516.1212,0.8701923
516.1412,0.8701923
516.1612,0.8701923
516.1812,0.8701923
516.2012,0.8701923
516.2213,0.8701923
516.2413,0.8701923
516.2613,0.8701923
516.2813,0.8701923
516.3013,0.8701923
516.3214,0.8701923
516.3414,0.8701923
516.3614,0.8701923
516.3814,0.8701923
516.4014,0.8701923
516.4214,0.8701923
516.4415,0.8701923
516.4615,0.8701923
516.4815,0.8701923
516.5015,0.8701923
516.5215,0.8701923
516.5416,0.8701923
516.5616,0.8701923
516.5816,0.8701923
516.6016,0.8701923
516.6216,0.8701923
516.6417,0.8701923
516.6617,0.8701923
516.6817,0.8701923
516.7017,0.8701923
516.7217,0.8701923
516.7418,0.8701923
516.7618,0.8701923
516.7818,0.8701923
516.8018,0.8701923
516.8218,0.8701923
516.8419,0.8701923
516.8619,0.8701923
516.8819,0.8701923
516.9019,0.8701923
516.9219,0.8701923
516.942,0.8701923
516.962,0.8701923
516.982,0.8701923
517.002,0.8701923
517.022,0.8701923
517.0421,0.8701923
517.0621,0.8701923
517.0821,0.8701923
517.1021,0.8701923
517.1221,0.8701923
517.1422,0.8701923
517.1622,0.8701923
517.1822,0.8701923
517.2022,0.8701923
517.2222,0.8701923
517.2422,0.8701923
517.2623,0.8701923
517.2823,0.8701923
517.3023,0.8701923
517.3223,0.8701923
517.3423,0.8701923
517.3624,0.8701923
517.3824,0.8701923
517.4024,0.8701923
517.4224,0.8701923
517.4424,0.8701923
517.4625,0.8701923
517.4825,0.8701923
517.5025,0.8701923
517.5225,0.8701923
517.5425,0.8701923
517.5626,0.8701923
517.5826,0.8701923
517.6026,0.8701923
517.6226,0.8701923
517.6426,0.8701923
517.6627,0.8701923
517.6827,0.8701923
517.7027,0.8701923
517.7227,0.8701923
517.7427,0.8701923
517.7628,0.8701923
517.7828,0.8701923
517.8028,0.8701923
517.8228,0.8701923
517.8428,0.8701923
517.8629,0.8701923
517.8829,0.8701923
517.9029,0.8701923
517.9229,0.8701923
517.9429,0.8701923
517.963,0.8701923
517.983,0.8701923
518.003,0.8701923
518.023,0.8701923
518.043,0.8701923
518.063,0.8701923
518.0831,0.8701923
518.1031,0.8701923
518.1231,0.8701923
518.1431,0.8701923
518.1631,0.8701923
518.1832,0.8701923
518.2032,0.8701923
518.2232,0.8701923
518.2432,0.8701923
518.2632,0.8701923
518.2833,0.8701923
518.3033,0.8701923
518.3233,0.8701923
518.3433,0.8701923
518.3633,0.8701923
518.3834,0.8701923
518.4034,0.8701923
518.4234,0.8701923
518.4434,0.8701923
518.4634,0.8701923
518.4835,0.8701923
518.5035,0.8701923
518.5235,0.8701923
518.5435,0.8701923
518.5635,0.8701923
518.5836,0.8701923
518.6036,0.8701923
518.6236,0.8701923
518.6436,0.8701923
518.6636,0.8701923
518.6837,0.8701923
518.7037,0.8701923
518.7237,0.8701923
518.7437,0.8701923
518.7637,0.8701923
518.7838,0.8701923
518.8038,0.8701923
518.8238,0.8701923
518.8438,0.8701923
518.8638,0.8701923
518.8839,0.8701923
518.9039,0.8701923
518.9239,0.8701923
518.9439,0.8701923
518.9639,0.8701923
518.9839,0.8701923
519.004,0.8701923
519.024,0.8701923
519.044,0.8701923
519.064,0.8701923
519.084,0.8701923
519.1041,0.8701923
519.1241,0.8701923
519.1441,0.8701923
519.1641,0.8701923
519.1841,0.8701923
519.2042,0.8701923
519.2242,0.8701923
519.2442,0.8701923
519.2642,0.8701923
519.2842,0.8701923
519.3043,0.8701923
519.3243,0.8701923
519.3443,0.8701923
519.3643,0.8701923
519.3843,0.8701923
519.4044,0.8701923
519.4244,0.8701923
519.4444,0.8701923
519.4644,0.8701923
519.4844,0.8701923
519.5045,0.8701923
519.5245,0.8701923
519.5445,0.8701923
519.5645,0.8701923
519.5845,0.8701923
519.6046,0.8701923
519.6246,0.8701923
519.6446,0.8701923
519.6646,0.8701923
519.6846,0.8701923
519.7047,0.8701923
519.7247,0.8701923
519.7447,0.8701923
519.7647,0.8701923
519.7847,0.8701923
519.8047,0.8701923
519.8248,0.8701923
519.8448,0.8701923
519.8648,0.8701923
519.8848,0.8701923
519.9048,0.8701923
519.9249,0.8701923
519.9449,0.8701923
519.9649,0.8701923
519.9849,0.8701923
520.0049,0.8701923
520.025,0.8701923
520.045,0.8701923
520.065,0.8701923
520.085,0.8701923
520.105,0.8701923
520.1251,0.8701923
520.1451,0.8701923
520.1651,0.8701923
520.1851,0.8701923
520.2051,0.8701923
520.2252,0.8701923
520.2452,0.8701923
520.2652,0.8701923
520.2852,0.8701923
520.3052,0.8701923
520.3253,0.8701923
520.3453,0.8701923
520.3653,0.8701923
520.3853,0.8701923
520.4053,0.8701923
520.4254,0.8701923
520.4454,0.8701923
520.4654,0.8701923
520.4854,0.8701923
520.5054,0.8701923
520.5255,0.8701923
520.5455,0.8701923
520.5655,0.8701923
520.5855,0.8701923
520.6055,0.8701923
520.6255,0.8701923
520.6456,0.8701923
520.6656,0.8701923
520.6856,0.8701923
520.7056,0.8701923
520.7256,0.8701923
520.7457,0.8701923
520.7657,0.8701923
520.7857,0.8701923
520.8057,0.8701923
520.8257,0.8701923
520.8458,0.8701923
520.8658,0.8701923
520.8858,0.8701923
520.9058,0.8701923
520.9258,0.8701923
520.9459,0.8701923
520.9659,0.8701923
520.9859,0.8701923
521.0059,0.8701923
521.0259,0.8701923
521.046,0.8701923
521.066,0.8701923
521.086,0.8701923
521.106,0.8701923
521.126,0.8701923
521.1461,0.8701923
521.1661,0.8701923
521.1861,0.8701923
521.2061,0.8701923
521.2261,0.8701923
521.2462,0.8701923
521.2662,0.8701923
521.2862,0.8701923
521.3062,0.8701923
521.3262,0.8701923
521.3463,0.8701923
521.3663,0.8701923
521.3863,0.8701923
521.4063,0.8701923
521.4263,0.8701923
521.4464,0.8701923
521.4664,0.8701923
521.4864,0.8701923
521.5064,0.8701923
521.5264,0.8701923
521.5464,0.8701923
521.5665,0.8701923
521.5865,0.8701923
521.6065,0.8701923
521.6265,0.8701923
521.6465,0.8701923
521.6666,0.8701923
521.6866,0.8701923
521.7066,0.8701923
521.7266,0.8701923
521.7466,0.8701923
521.7667,0.8701923
521.7867,0.8701923
521.8067,0.8701923
521.8267,0.8701923
521.8467,0.8701923
521.8668,0.8701923
521.8868,0.8701923
521.9068,0.8701923
521.9268,0.8701923
521.9468,0.8701923
521.9669,0.8701923
521.9869,0.8701923
522.0069,0.8701923
522.0269,0.8701923
522.0469,0.8701923
522.067,0.8701923
522.087,0.8701923
522.107,0.8701923
522.127,0.8701923
522.147,0.8701923
522.1671,0.8701923
522.1871,0.8701923
522.2071,0.8701923
522.2271,0.8701923
522.2471,0.8701923
522.2672,0.8701923
522.2872,0.8701923
522.3072,0.8701923
522.3272,0.8701923
522.3472,0.8701923
522.3672,0.8701923
522.3873,0.8701923
522.4073,0.8701923
522.4273,0.8701923
522.4473,0.8701923
522.4673,0.8701923
522.4874,0.8701923
522.5074,0.8701923
522.5274,0.8701923
522.5474,0.8701923
522.5674,0.8701923
522.5875,0.8701923
522.6075,0.8701923
522.6275,0.8701923
522.6475,0.8701923
522.6675,0.8701923
522.6876,0.8701923
522.7076,0.8701923
522.7276,0.8701923
522.7476,0.8701923
522.7676,0.8701923
522.7877,0.8701923
522.8077,0.8701923
522.8277,0.8701923
522.8477,0.8701923
522.8677,0.8701923
522.8878,0.8701923
522.9078,0.8701923
522.9278,0.8701923
522.9478,0.8701923
522.9678,0.8701923
522.9879,0.8701923
523.0079,0.8701923
523.0279,0.8701923
523.0479,0.8701923
523.0679,0.8701923
523.088,0.8701923
523.108,0.8701923
523.128,0.8701923
523.148,0.8701923
523.168,0.8701923
523.188,0.8701923
523.2081,0.8701923
523.2281,0.8701923
523.2481,0.8701923
523.2681,0.8701923
523.2881,0.8701923
523.3082,0.8701923
523.3282,0.8701923
523.3482,0.8701923
523.3682,0.8701923
523.3882,0.8701923
523.4083,0.8701923
523.4283,0.8701923
523.4483,0.8701923
523.4683,0.8701923
523.4883,0.8701923
523.5084,0.8701923
523.5284,0.8701923
523.5484,0.8701923
523.5684,0.8701923
523.5884,0.8701923
523.6085,0.8701923
523.6285,0.8701923
523.6485,0.8701923
523.6685,0.8701923
523.6885,0.8701923
523.7086,0.8701923
523.7286,0.8701923
523.7486,0.8701923
523.7686,0.8701923
523.7886,0.8701923
523.8087,0.8701923
523.8287,0.8701923
523.8487,0.8701923
523.8687,0.8701923
523.8887,0.8701923
523.9088,0.8701923
523.9288,0.8701923
523.9488,0.8701923
523.9688,0.8701923
523.9888,0.8701923
524.0089,0.8701923
524.0289,0.8701923
524.0489,0.8701923
524.0689,0.8701923
524.0889,0.8701923
524.1089,0.8701923
524.129,0.8701923
524.149,0.8701923
524.169,0.8701923
524.189,0.8701923
524.209,0.8701923
524.2291,0.8701923
524.2491,0.8701923
524.2691,0.8701923
524.2891,0.8701923
524.3091,0.8701923
524.3292,0.8701923
524.3492,0.8701923
524.3692,0.8701923
524.3892,0.8701923
524.4092,0.8701923
524.4293,0.8701923
524.4493,0.8701923
524.4693,0.8701923
524.4893,0.8701923
524.5093,0.8701923
524.5294,0.8701923
524.5494,0.8701923
524.5694,0.8701923
524.5894,0.8701923
524.6094,0.8701923
524.6295,0.8701923
524.6495,0.8701923
524.6695,0.8701923
524.6895,0.8701923
524.7095,0.8701923
524.7296,0.8701923
524.7496,0.8701923
524.7696,0.8701923
524.7896,0.8701923
524.8096,0.8701923
524.8297,0.8701923
524.8497,0.8701923
524.8697,0.8701923
524.8897,0.8701923
524.9097,0.8701923
524.9297,0.8701923
524.9498,0.8701923
524.9698,0.8701923
524.9898,0.8701923
525.0098,0.8701923
525.0298,0.8701923
525.0499,0.8701923
525.0699,0.8701923
525.0899,0.8701923
525.1099,0.8701923
525.1299,0.8701923
525.15,0.8701923
525.17,0.8701923
525.19,0.8701923
525.21,0.8701923
525.23,0.8701923
525.2501,0.8701923
525.2701,0.8701923
525.2901,0.8701923
525.3101,0.8701923
525.3301,0.8701923
525.3502,0.8701923
525.3702,0.8701923
525.3902,0.8701923
525.4102,0.8701923
525.4302,0.8701923
525.4503,0.8701923
525.4703,0.8701923
525.4903,0.8701923
525.5103,0.8701923
525.5303,0.8701923
525.5504,0.8701923
525.5704,0.8701923
525.5904,0.8701923
525.6104,0.8701923
525.6304,0.8701923
525.6505,0.8701923
525.6705,0.8701923
525.6905,0.8701923
525.7105,0.8701923
525.7305,0.8701923
525.7505,0.8701923
525.7706,0.8701923
525.7906,0.8701923
525.8106,0.8701923
525.8306,0.8701923
525.8506,0.8701923
525.8707,0.8701923
525.8907,0.8701923
525.9107,0.8701923
525.9307,0.8701923
525.9507,0.8701923
525.9708,0.8701923
525.9908,0.8701923
526.0108,0.8701923
526.0308,0.8701923
526.0508,0.8701923
526.0709,0.8701923
526.0909,0.8701923
526.1109,0.8701923
526.1309,0.8701923
526.1509,0.8701923
526.171,0.8701923
526.191,0.8701923
526.211,0.8701923
526.231,0.8701923
526.251,0.8701923
526.2711,0.8701923
526.2911,0.8701923
526.3111,0.8701923
526.3311,0.8701923
526.3511,0.8701923
526.3712,0.8701923
526.3912,0.8701923
526.4112,0.8701923
526.4312,0.8701923
526.4512,0.8701923
526.4713,0.8701923
526.4913,0.8701923
526.5113,0.8701923
526.5313,0.8701923
526.5513,0.8701923
526.5714,0.8701923
526.5914,0.8701923
526.6114,0.8701923
526.6314,0.8701923
526.6514,0.8701923
526.6714,0.8701923
526.6915,0.8701923
526.7115,0.8701923
526.7315,0.8701923
526.7515,0.8701923
526.7715,0.8701923
526.7916,0.8701923
526.8116,0.8701923
526.8316,0.8701923
526.8516,0.8701923
526.8716,0.8701923
526.8917,0.8701923
526.9117,0.8701923
526.9317,0.8701923
526.9517,0.8701923
526.9717,0.8701923
526.9918,0.8701923
527.0118,0.8701923
527.0318,0.8701923
527.0518,0.8701923
527.0718,0.8701923
527.0919,0.8701923
527.1119,0.8701923
527.1319,0.8701923
527.1519,0.8701923
527.1719,0.8701923
527.192,0.8701923
527.212,0.8701923
527.232,0.8701923
527.252,0.8701923
527.272,0.8701923
527.2921,0.8701923
527.3121,0.8701923
527.3321,0.8701923
527.3521,0.8701923
527.3721,0.8701923
527.3922,0.8701923
527.4122,0.8701923
527.4322,0.8701923
527.4522,0.8701923
527.4722,0.8701923
527.4922,0.8701923
527.5123,0.8701923
527.5323,0.8701923
527.5523,0.8701923
527.5723,0.8701923
527.5923,0.8701923
527.6124,0.8701923
527.6324,0.8701923
527.6524,0.8701923
527.6724,0.8701923
527.6924,0.8701923
527.7125,0.8701923
527.7325,0.8701923
527.7525,0.8701923
527.7725,0.8701923
527.7925,0.8701923
527.8126,0.8701923
527.8326,0.8701923
527.8526,0.8701923
527.8726,0.8701923
527.8926,0.8701923
527.9127,0.8701923
527.9327,0.8701923
527.9527,0.8701923
527.9727,0.8701923
527.9927,0.8701923
528.0128,0.8701923
528.0328,0.8701923
528.0528,0.8701923
528.0728,0.8701923
528.0928,0.8701923
528.1129,0.8701923
528.1329,0.8701923
528.1529,0.8701923
528.1729,0.8701923
528.1929,0.8701923
528.213,0.8701923
528.233,0.8701923
528.253,0.8701923
528.273,0.8701923
528.293,0.8701923
528.313,0.8701923
528.3331,0.8701923
528.3531,0.8701923
528.3731,0.8701923
528.3931,0.8701923
528.4131,0.8701923
528.4332,0.8701923
528.4532,0.8701923
528.4732,0.8701923
528.4932,0.8701923
528.5132,0.8701923
528.5333,0.8701923
528.5533,0.8701923
528.5733,0.8701923
528.5933,0.8701923
528.6133,0.8701923
528.6334,0.8701923
528.6534,0.8701923
528.6734,0.8701923
528.6934,0.8701923
528.7134,0.8701923
528.7335,0.8701923
528.7535,0.8701923
528.7735,0.8701923
528.7935,0.8701923
528.8135,0.8701923
528.8336,0.8701923
528.8536,0.8701923
528.8736,0.8701923
528.8936,0.8701923
528.9136,0.8701923
528.9337,0.8701923
528.9537,0.8701923
528.9737,0.8701923
528.9937,0.8701923
529.0137,0.8701923
529.0338,0.8701923
529.0538,0.8701923
529.0738,0.8701923
529.0938,0.8701923
529.1138,0.8701923
529.1339,0.8701923
529.1539,0.8701923
529.1739,0.8701923
529.1939,0.8701923
529.2139,0.8701923
529.2339,0.8701923
529.254,0.8701923
529.274,0.8701923
529.294,0.8701923
529.314,0.8701923
529.334,0.8701923
529.3541,0.8701923
529.3741,0.8701923
529.3941,0.8701923
529.4141,0.8701923
529.4341,0.8701923
529.4542,0.8701923
529.4742,0.8701923
529.4942,0.8701923
529.5142,0.8701923
529.5342,0.8701923
529.5543,0.8701923
529.5743,0.8701923
529.5943,0.8701923
529.6143,0.8701923
529.6343,0.8701923
529.6544,0.8701923
529.6744,0.8701923
529.6944,0.8701923
529.7144,0.8701923
529.7344,0.8701923
529.7545,0.8701923
529.7745,0.8701923
529.7945,0.8701923
529.8145,0.8701923
529.8345,0.8701923
529.8546,0.8701923
529.8746,0.8701923
529.8946,0.8701923
529.9146,0.8701923
529.9346,0.8701923
529.9547,0.8701923
529.9747,0.8701923
529.9947,0.8701923
530.0147,0.8701923
530.0347,0.8701923
530.0547,0.8701923
530.0748,0.8701923
530.0948,0.8701923
530.1148,0.8701923
530.1348,0.8701923
530.1548,0.8701923
530.1749,0.8701923
530.1949,0.8701923
530.2149,0.8701923
530.2349,0.8701923
530.2549,0.8701923
530.275,0.8701923
530.295,0.8701923
530.315,0.8701923
530.335,0.8701923
530.355,0.8701923
530.3751,0.8701923
530.3951,0.8701923
530.4151,0.8701923
530.4351,0.8701923
530.4551,0.8701923
530.4752,0.8701923
530.4952,0.8701923
530.5152,0.8701923
530.5352,0.8701923
530.5552,0.8701923
530.5753,0.8701923
530.5953,0.8701923
530.6153,0.8701923
530.6353,0.8701923
530.6553,0.8701923
530.6754,0.8701923
530.6954,0.8701923
530.7154,0.8701923
530.7354,0.8701923
530.7554,0.8701923
530.7755,0.8701923
530.7955,0.8701923
530.8155,0.8701923
530.8355,0.8701923
530.8555,0.8701923
530.8755,0.8701923
530.8956,0.8701923
530.9156,0.8701923
530.9356,0.8701923
530.9556,0.8701923
530.9756,0.8701923
530.9957,0.8701923
531.0157,0.8701923
531.0357,0.8701923
531.0557,0.8701923
531.0757,0.8701923
531.0958,0.8701923
531.1158,0.8701923
531.1358,0.8701923
531.1558,0.8701923
531.1758,0.8701923
531.1959,0.8701923
531.2159,0.8701923
531.2359,0.8701923
531.2559,0.8701923
531.2759,0.8701923
531.296,0.8701923
531.316,0.8701923
531.336,0.8701923
531.356,0.8701923
531.376,0.8701923
531.3961,0.8701923
531.4161,0.8701923
531.4361,0.8701923
531.4561,0.8701923
531.4761,0.8701923
531.4962,0.8701923
531.5162,0.8701923
531.5362,0.8701923
531.5562,0.8701923
531.5762,0.8701923
531.5963,0.8701923
531.6163,0.8701923
531.6363,0.8701923
531.6563,0.8701923
531.6763,0.8701923
531.6964,0.8701923
531.7164,0.8701923
531.7364,0.8701923
531.7564,0.8701923
531.7764,0.8701923
531.7964,0.8701923
531.8165,0.8701923
531.8365,0.8701923
531.8565,0.8701923
531.8765,0.8701923
531.8965,0.8701923
531.9166,0.8701923
531.9366,0.8701923
531.9566,0.8701923
531.9766,0.8701923
531.9966,0.8701923
532.0167,0.8701923
532.0367,0.8701923
532.0567,0.8701923
532.0767,0.8701923
532.0967,0.8701923
532.1168,0.8701923
532.1368,0.8701923
532.1568,0.8701923
532.1768,0.8701923
532.1968,0.8701923
532.2169,0.8701923
532.2369,0.8701923
532.2569,0.8701923
532.2769,0.8701923
532.2969,0.8701923
532.317,0.8701923
532.337,0.8701923
532.357,0.8701923
532.377,0.8701923
532.397,0.8701923
532.4171,0.8701923
532.4371,0.8701923
532.4571,0.8701923
532.4771,0.8701923
532.4971,0.8701923
532.5172,0.8701923
532.5372,0.8701923
532.5572,0.8701923
532.5772,0.8701923
532.5972,0.8701923
532.6172,0.8701923
532.6373,0.8701923
532.6573,0.8701923
532.6773,0.8701923
532.6973,0.8701923
532.7173,0.8701923
532.7374,0.8701923
532.7574,0.8701923
532.7774,0.8701923
532.7974,0.8701923
532.8174,0.8701923
532.8375,0.8701923
532.8575,0.8701923
532.8775,0.8701923
532.8975,0.8701923
532.9175,0.8701923
532.9376,0.8701923
532.9576,0.8701923
532.9776,0.8701923
532.9976,0.8701923
533.0176,0.8701923
533.0377,0.8701923
533.0577,0.8701923
533.0777,0.8701923
533.0977,0.8701923
533.1177,0.8701923
533.1378,0.8701923
533.1578,0.8701923
533.1778,0.8701923
533.1978,0.8701923
533.2178,0.8701923
533.2379,0.8701923
533.2579,0.8701923
533.2779,0.8701923
533.2979,0.8701923
533.3179,0.8701923
533.338,0.8701923
533.358,0.8701923
533.378,0.8701923
533.398,0.8701923
533.418,0.8701923
533.438,0.8701923
533.4581,0.8701923
533.4781,0.8701923
533.4981,0.8701923
533.5181,0.8701923
533.5381,0.8701923
533.5582,0.8701923
533.5782,0.8701923
533.5982,0.8701923
533.6182,0.8701923
533.6382,0.8701923
533.6583,0.8701923
533.6783,0.8701923
533.6983,0.8701923
533.7183,0.8701923
533.7383,0.8701923
533.7584,0.8701923
533.7784,0.8701923
533.7984,0.8701923
533.8184,0.8701923
533.8384,0.8701923
533.8585,0.8701923
533.8785,0.8701923
533.8985,0.8701923
533.9185,0.8701923
533.9385,0.8701923
533.9586,0.8701923
533.9786,0.8701923
533.9986,0.8701923
534.0186,0.8701923
534.0386,0.8701923
534.0587,0.8701923
534.0787,0.8701923
534.0987,0.8701923
534.1187,0.8701923
534.1387,0.8701923
534.1588,0.8701923
534.1788,0.8701923
534.1988,0.8701923
534.2188,0.8701923
534.2388,0.8701923
534.2589,0.8701923
534.2789,0.8701923
534.2989,0.8701923
534.3189,0.8701923
534.3389,0.8701923
534.3589,0.8701923
534.379,0.8701923
534.399,0.8701923
534.419,0.8701923
534.439,0.8701923
534.459,0.8701923
534.4791,0.8701923
534.4991,0.8701923
534.5191,0.8701923
534.5391,0.8701923
534.5591,0.8701923
534.5792,0.8701923
534.5992,0.8701923
534.6192,0.8701923
534.6392,0.8701923
534.6592,0.8701923
534.6793,0.8701923
534.6993,0.8701923
534.7193,0.8701923
534.7393,0.8701923
534.7593,0.8701923
534.7794,0.8701923
534.7994,0.8701923
534.8194,0.8701923
534.8394,0.8701923
534.8594,0.8701923
534.8795,0.8701923
534.8995,0.8701923
534.9195,0.8701923
534.9395,0.8701923
534.9595,0.8701923
534.9796,0.8701923
534.9996,0.8701923
535.0196,0.8701923
535.0396,0.8701923
535.0596,0.8701923
535.0797,0.8701923
535.0997,0.8701923
535.1197,0.8701923
535.1397,0.8701923
535.1597,0.8701923
535.1797,0.8701923
535.1998,0.8701923
535.2198,0.8701923
535.2398,0.8701923
535.2598,0.8701923
535.2798,0.8701923
535.2999,0.8701923
535.3199,0.8701923
535.3399,0.8701923
535.3599,0.8701923
535.3799,0.8701923
535.4,0.8701923
535.42,0.8701923
535.44,0.8701923
535.46,0.8701923
535.48,0.8701923
535.5001,0.8701923
535.5201,0.8701923
535.5401,0.8701923
535.5601,0.8701923
535.5801,0.8701923
535.6002,0.8701923
535.6202,0.8701923
535.6402,0.8701923
535.6602,0.8701923
535.6802,0.8701923
535.7003,0.8701923
535.7203,0.8701923
535.7403,0.8701923
535.7603,0.8701923
535.7803,0.8701923
535.8004,0.8701923
535.8204,0.8701923
535.8404,0.8701923
535.8604,0.8701923
535.8804,0.8701923
535.9005,0.8701923
535.9205,0.8701923
535.9405,0.8701923
535.9605,0.8701923
535.9805,0.8701923
536.0005,0.8701923
536.0206,0.8701923
536.0406,0.8701923
536.0606,0.8701923
536.0806,0.8701923
536.1006,0.8701923
536.1207,0.8701923
536.1407,0.8701923
536.1607,0.8701923
536.1807,0.8701923
536.2007,0.8701923
536.2208,0.8701923
536.2408,0.8701923
536.2608,0.8701923
536.2808,0.8701923
536.3008,0.8701923
536.3209,0.8701923
536.3409,0.8701923
536.3609,0.8701923
536.3809,0.8701923
536.4009,0.8701923
536.421,0.8701923
536.441,0.8701923
536.461,0.8701923
536.481,0.8701923
536.501,0.8701923
536.5211,0.8701923
536.5411,0.8701923
536.5611,0.8701923
536.5811,0.8701923
536.6011,0.8701923
536.6212,0.8701923
536.6412,0.8701923
536.6612,0.8701923
536.6812,0.8701923
536.7012,0.8701923
536.7213,0.8701923
536.7413,0.8701923
536.7613,0.8701923
536.7813,0.8701923
536.8013,0.8701923
536.8214,0.8701923
536.8414,0.8701923
536.8614,0.8701923
536.8814,0.8701923
536.9014,0.8701923
536.9214,0.8701923
536.9415,0.8701923
536.9615,0.8701923
536.9815,0.8701923
537.0015,0.8701923
537.0215,0.8701923
537.0416,0.8701923
537.0616,0.8701923
537.0816,0.8701923
537.1016,0.8701923
537.1216,0.8701923
537.1417,0.8701923
537.1617,0.8701923
537.1817,0.8701923
537.2017,0.8701923
537.2217,0.8701923
537.2418,0.8701923
537.2618,0.8701923
537.2818,0.8701923
537.3018,0.8701923
537.3218,0.8701923
537.3419,0.8701923
537.3619,0.8701923
537.3819,0.8701923
537.4019,0.8701923
537.4219,0.8701923
537.442,0.8701923
537.462,0.8701923
537.482,0.8701923
537.502,0.8701923
537.522,0.8701923
537.5421,0.8701923
537.5621,0.8701923
537.5821,0.8701923
537.6021,0.8701923
537.6221,0.8701923
537.6422,0.8701923
537.6622,0.8701923
537.6822,0.8701923
537.7022,0.8701923
537.7222,0.8701923
537.7422,0.8701923
537.7623,0.8701923
537.7823,0.8701923
537.8023,0.8701923
537.8223,0.8701923
537.8423,0.8701923
537.8624,0.8701923
537.8824,0.8701923
537.9024,0.8701923
537.9224,0.8701923
537.9424,0.8701923
537.9625,0.8701923
537.9825,0.8701923
538.0025,0.8701923
538.0225,0.8701923
538.0425,0.8701923
538.0626,0.8701923
538.0826,0.8701923
538.1026,0.8701923
538.1226,0.8701923
538.1426,0.8701923
538.1627,0.8701923
538.1827,0.8701923
538.2027,0.8701923
538.2227,0.8701923
538.2427,0.8701923
538.2628,0.8701923
538.2828,0.8701923
538.3028,0.8701923
538.3228,0.8701923
538.3428,0.8701923
538.3629,0.8701923
538.3829,0.8701923
538.4029,0.8701923
538.4229,0.8701923
538.4429,0.8701923
538.463,0.8701923
538.483,0.8701923
538.503,0.8701923
538.523,0.8701923
538.543,0.8701923
538.563,0.8701923
538.5831,0.8701923
538.6031,0.8701923
538.6231,0.8701923
538.6431,0.8701923
538.6631,0.8701923
538.6832,0.8701923
538.7032,0.8701923
538.7232,0.8701923
538.7432,0.8701923
538.7632,0.8701923
538.7833,0.8701923
538.8033,0.8701923
538.8233,0.8701923
538.8433,0.8701923
538.8633,0.8701923
538.8834,0.8701923
538.9034,0.8701923
538.9234,0.8701923
538.9434,0.8701923
538.9634,0.8701923
538.9835,0.8701923
539.0035,0.8701923
539.0235,0.8701923
539.0435,0.8701923
539.0635,0.8701923
539.0836,0.8701923
539.1036,0.8701923
539.1236,0.8701923
539.1436,0.8701923
539.1636,0.8701923
539.1837,0.8701923
539.2037,0.8701923
539.2237,0.8701923
539.2437,0.8701923
539.2637,0.8701923
539.2838,0.8701923
539.3038,0.8701923
539.3238,0.8701923
539.3438,0.8701923
539.3638,0.8701923
539.3839,0.8701923
539.4039,0.8701923
539.4239,0.8701923
539.4439,0.8701923
539.4639,0.8701923
539.4839,0.8701923
539.504,0.8701923
539.524,0.8701923
539.544,0.8701923
539.564,0.8701923
539.584,0.8701923
539.6041,0.8701923
539.6241,0.8701923
539.6441,0.8701923
539.6641,0.8701923
539.6841,0.8701923
539.7042,0.8701923
539.7242,0.8701923
539.7442,0.8701923
539.7642,0.8701923
539.7842,0.8701923
539.8043,0.8701923
539.8243,0.8701923
539.8443,0.8701923
539.8643,0.8701923
539.8843,0.8701923
539.9044,0.8701923
539.9244,0.8701923
539.9444,0.8701923
539.9644,0.8701923
539.9844,0.8701923
540.0045,0.8701923
540.0245,0.8701923
540.0445,0.8701923
540.0645,0.8701923
540.0845,0.8701923
540.1046,0.8701923
540.1246,0.8701923
540.1446,0.8701923
540.1646,0.8701923
540.1846,0.8701923
540.2047,0.8701923
540.2247,0.8701923
540.2447,0.8701923
540.2647,0.8701923
540.2847,0.8701923
540.3047,0.8701923
540.3248,0.8701923
540.3448,0.8701923
540.3648,0.8701923
540.3848,0.8701923
540.4048,0.8701923
540.4249,0.8701923
540.4449,0.8701923
540.4649,0.8701923
540.4849,0.8701923
540.5049,0.8701923
540.525,0.8701923
540.545,0.8701923
540.565,0.8701923
540.585,0.8701923
540.605,0.8701923
540.6251,0.8701923
540.6451,0.8701923
540.6651,0.8701923
540.6851,0.8701923
540.7051,0.8701923
540.7252,0.8701923
540.7452,0.8701923
540.7652,0.8701923
540.7852,0.8701923
540.8052,0.8701923
540.8253,0.8701923
540.8453,0.8701923
540.8653,0.8701923
540.8853,0.8701923
540.9053,0.8701923
540.9254,0.8701923
540.9454,0.8701923
540.9654,0.8701923
540.9854,0.8701923
541.0054,0.8701923
541.0255,0.8701923
541.0455,0.8701923
541.0655,0.8701923
541.0855,0.8701923
541.1055,0.8701923
541.1255,0.8701923
541.1456,0.8701923
541.1656,0.8701923
541.1856,0.8701923
541.2056,0.8701923
541.2256,0.8701923
541.2457,0.8701923
541.2657,0.8701923
541.2857,0.8701923
541.3057,0.8701923
541.3257,0.8701923
541.3458,0.8701923
541.3658,0.8701923
541.3858,0.8701923
541.4058,0.8701923
541.4258,0.8701923
541.4459,0.8701923
541.4659,0.8701923
541.4859,0.8701923
541.5059,0.8701923
541.5259,0.8701923
541.546,0.8701923
541.566,0.8701923
541.586,0.8701923
541.606,0.8701923
541.626,0.8701923
541.6461,0.8701923
541.6661,0.8701923
541.6861,0.8701923
541.7061,0.8701923
541.7261,0.8701923
541.7462,0.8701923
541.7662,0.8701923
541.7862,0.8701923
541.8062,0.8701923
541.8262,0.8701923
541.8463,0.8701923
541.8663,0.8701923
541.8863,0.8701923
541.9063,0.8701923
541.9263,0.8701923
541.9464,0.8701923
541.9664,0.8701923
541.9864,0.8701923
542.0064,0.8701923
542.0264,0.8701923
542.0464,0.8701923
542.0665,0.8701923
542.0865,0.8701923
542.1065,0.8701923
542.1265,0.8701923
542.1465,0.8701923
542.1666,0.8701923
542.1866,0.8701923
542.2066,0.8701923
542.2266,0.8701923
542.2466,0.8701923
542.2667,0.8701923
542.2867,0.8701923
542.3067,0.8701923
542.3267,0.8701923
542.3467,0.8701923
542.3668,0.8701923
542.3868,0.8701923
542.4068,0.8701923
542.4268,0.8701923
542.4468,0.8701923
542.4669,0.8701923
542.4869,0.8701923
542.5069,0.8701923
542.5269,0.8701923
542.5469,0.8701923
542.567,0.8701923
542.587,0.8701923
542.607,0.8701923
542.627,0.8701923
542.647,0.8701923
542.6671,0.8701923
542.6871,0.8701923
542.7071,0.8701923
542.7271,0.8701923
542.7471,0.8701923
542.7672,0.8701923
542.7872,0.8701923
542.8072,0.8701923
542.8272,0.8701923
542.8472,0.8701923
542.8672,0.8701923
542.8873,0.8701923
542.9073,0.8701923
542.9273,0.8701923
542.9473,0.8701923
542.9673,0.8701923
542.9874,0.8701923
543.0074,0.8701923
543.0274,0.8701923
543.0474,0.8701923
543.0674,0.8701923
543.0875,0.8701923
543.1075,0.8701923
543.1275,0.8701923
543.1475,0.8701923
543.1675,0.8701923
543.1876,0.8701923
543.2076,0.8701923
543.2276,0.8701923
543.2476,0.8701923
543.2676,0.8701923
543.2877,0.8701923
543.3077,0.8701923
543.3277,0.8701923
543.3477,0.8701923
543.3677,0.8701923
543.3878,0.8701923
543.4078,0.8701923
543.4278,0.8701923
543.4478,0.8701923
543.4678,0.8701923
543.4879,0.8701923
543.5079,0.8701923
543.5279,0.8701923
543.5479,0.8701923
543.5679,0.8701923
543.588,0.8701923
543.608,0.8701923
543.628,0.8701923
543.648,0.8701923
543.668,0.8701923
543.688,0.8701923
543.7081,0.8701923
543.7281,0.8701923
543.7481,0.8701923
543.7681,0.8701923
543.7881,0.8701923
543.8082,0.8701923
543.8282,0.8701923
543.8482,0.8701923
543.8682,0.8701923
543.8882,0.8701923
543.9083,0.8701923
543.9283,0.8701923
543.9483,0.8701923
543.9683,0.8701923
543.9883,0.8701923
544.0084,0.8701923
544.0284,0.8701923
544.0484,0.8701923
544.0684,0.8701923
544.0884,0.8701923
544.1085,0.8701923
544.1285,0.8701923
544.1485,0.8701923
544.1685,0.8701923
544.1885,0.8701923
544.2086,0.8701923
544.2286,0.8701923
544.2486,0.8701923
544.2686,0.8701923
544.2886,0.8701923
544.3087,0.8701923
544.3287,0.8701923
544.3487,0.8701923
544.3687,0.8701923
544.3887,0.8701923
544.4088,0.8701923
544.4288,0.8701923
544.4488,0.8701923
544.4688,0.8701923
544.4888,0.8701923
544.5089,0.8701923
544.5289,0.8701923
544.5489,0.8701923
544.5689,0.8701923
544.5889,0.8701923
544.6089,0.8701923
544.629,0.8701923
544.649,0.8701923
544.669,0.8701923
544.689,0.8701923
544.709,0.8701923
544.7291,0.8701923
544.7491,0.8701923
544.7691,0.8701923
544.7891,0.8701923
544.8091,0.8701923
544.8292,0.8701923
544.8492,0.8701923
544.8692,0.8701923
544.8892,0.8701923
544.9092,0.8701923
544.9293,0.8701923
544.9493,0.8701923
544.9693,0.8701923
544.9893,0.8701923
545.0093,0.8701923
545.0294,0.8701923
545.0494,0.8701923
545.0694,0.8701923
545.0894,0.8701923
545.1094,0.8701923
545.1295,0.8701923
545.1495,0.8701923
545.1695,0.8701923
545.1895,0.8701923
545.2095,0.8701923
545.2296,0.8701923
545.2496,0.8701923
545.2696,0.8701923
545.2896,0.8701923
545.3096,0.8701923
545.3297,0.8701923
545.3497,0.8701923
545.3697,0.8701923
545.3897,0.8701923
545.4097,0.8701923
545.4297,0.8701923
545.4498,0.8701923
545.4698,0.8701923
545.4898,0.8701923
545.5098,0.8701923
545.5298,0.8701923
545.5499,0.8701923
545.5699,0.8701923
545.5899,0.8701923
545.6099,0.8701923
545.6299,0.8701923
545.65,0.8701923
545.67,0.8701923
545.69,0.8701923
545.71,0.8701923
545.73,0.8701923
545.7501,0.8701923
545.7701,0.8701923
545.7901,0.8701923
545.8101,0.8701923
545.8301,0.8701923
545.8502,0.8701923
545.8702,0.8701923
545.8902,0.8701923
545.9102,0.8701923
545.9302,0.8701923
545.9503,0.8701923
545.9703,0.8701923
545.9903,0.8701923
546.0103,0.8701923
546.0303,0.8701923
546.0504,0.8701923
546.0704,0.8701923
546.0904,0.8701923
546.1104,0.8701923
546.1304,0.8701923
546.1505,0.8701923
546.1705,0.8701923
546.1905,0.8701923
546.2105,0.8701923
546.2305,0.8701923
546.2505,0.8701923
546.2706,0.8701923
546.2906,0.8701923
546.3106,0.8701923
546.3306,0.8701923
546.3506,0.8701923
546.3707,0.8701923
546.3907,0.8701923
546.4107,0.8701923
546.4307,0.8701923
546.4507,0.8701923
546.4708,0.8701923
546.4908,0.8701923
546.5108,0.8701923
546.5308,0.8701923
546.5508,0.8701923
546.5709,0.8701923
546.5909,0.8701923
546.6109,0.8701923
546.6309,0.8701923
546.6509,0.8701923
546.671,0.8701923
546.691,0.8701923
546.711,0.8701923
546.731,0.8701923
546.751,0.8701923
546.7711,0.8701923
546.7911,0.8701923
546.8111,0.8701923
546.8311,0.8701923
546.8511,0.8701923
546.8712,0.8701923
546.8912,0.8701923
546.9112,0.8701923
546.9312,0.8701923
546.9512,0.8701923
546.9713,0.8701923
546.9913,0.8701923
547.0113,0.8701923
547.0313,0.8701923
547.0513,0.8701923
547.0714,0.8701923
547.0914,0.8701923
547.1114,0.8701923
547.1314,0.8701923
547.1514,0.8701923
547.1714,0.8701923
547.1915,0.8701923
547.2115,0.8701923
547.2315,0.8701923
547.2515,0.8701923
547.2715,0.8701923
547.2916,0.8701923
547.3116,0.8701923
547.3316,0.8701923
547.3516,0.8701923
547.3716,0.8701923
547.3917,0.8701923
547.4117,0.8701923
547.4317,0.8701923
547.4517,0.8701923
547.4717,0.8701923
547.4918,0.8701923
547.5118,0.8701923
547.5318,0.8701923
547.5518,0.8701923
547.5718,0.8701923
547.5919,0.8701923
547.6119,0.8701923
547.6319,0.8701923
547.6519,0.8701923
547.6719,0.8701923
547.692,0.8701923
547.712,0.8701923
547.732,0.8701923
547.752,0.8701923
547.772,0.8701923
547.7921,0.8701923
547.8121,0.8701923
547.8321,0.8701923
547.8521,0.8701923
547.8721,0.8701923
547.8922,0.8701923
547.9122,0.8701923
547.9322,0.8701923
547.9522,0.8701923
547.9722,0.8701923
547.9922,0.8701923
548.0123,0.8701923
548.0323,0.8701923
548.0523,0.8701923
548.0723,0.8701923
548.0923,0.8701923
548.1124,0.8701923
548.1324,0.8701923
548.1524,0.8701923
548.1724,0.8701923
548.1924,0.8701923
548.2125,0.8701923
548.2325,0.8701923
548.2525,0.8701923
548.2725,0.8701923
548.2925,0.8701923
548.3126,0.8701923
548.3326,0.8701923
548.3526,0.8701923
548.3726,0.8701923
548.3926,0.8701923
548.4127,0.8701923
548.4327,0.8701923
548.4527,0.8701923
548.4727,0.8701923
548.4927,0.8701923
548.5128,0.8701923
548.5328,0.8701923
548.5528,0.8701923
548.5728,0.8701923
548.5928,0.8701923
548.6129,0.8701923
548.6329,0.8701923
548.6529,0.8701923
548.6729,0.8701923
548.6929,0.8701923
548.713,0.8701923
548.733,0.8701923
548.753,0.8701923
548.773,0.8701923
548.793,0.8701923
548.813,0.8701923
548.8331,0.8701923
548.8531,0.8701923
548.8731,0.8701923
548.8931,0.8701923
548.9131,0.8701923
548.9332,0.8701923
548.9532,0.8701923
548.9732,0.8701923
548.9932,0.8701923
549.0132,0.8701923
549.0333,0.8701923
549.0533,0.8701923
549.0733,0.8701923
549.0933,0.8701923
549.1133,0.8701923
549.1334,0.8701923
549.1534,0.8701923
549.1734,0.8701923
549.1934,0.8701923
549.2134,0.8701923
549.2335,0.8701923
549.2535,0.8701923
549.2735,0.8701923
549.2935,0.8701923
549.3135,0.8701923
549.3336,0.8701923
549.3536,0.8701923
549.3736,0.8701923
549.3936,0.8701923
549.4136,0.8701923
549.4337,0.8701923
549.4537,0.8701923
549.4737,0.8701923
549.4937,0.8701923
549.5137,0.8701923
549.5338,0.8701923
549.5538,0.8701923
549.5738,0.8701923
549.5938,0.8701923
549.6138,0.8701923
549.6339,0.8701923
549.6539,0.8701923
549.6739,0.8701923
549.6939,0.8701923
549.7139,0.8701923
549.7339,0.8701923
549.754,0.8701923
549.774,0.8701923
549.794,0.8701923
549.814,0.8701923
549.834,0.8701923
549.8541,0.8701923
549.8741,0.8701923
549.8941,0.8701923
549.9141,0.8701923
549.9341,0.8701923
549.9542,0.8701923
549.9742,0.8701923
549.9942,0.8701923
550.0142,0.8701923
550.0342,0.8701923
550.0543,0.8701923
550.0743,0.8701923
550.0943,0.8701923
550.1143,0.8701923
550.1343,0.8701923
550.1544,0.8701923
550.1744,0.8701923
550.1944,0.8701923
550.2144,0.8701923
550.2344,0.8701923
550.2545,0.8701923
550.2745,0.8701923
550.2945,0.8701923
550.3145,0.8701923
550.3345,0.8701923
550.3546,0.8701923
550.3746,0.8701923
550.3946,0.8701923
550.4146,0.8701923
550.4346,0.8701923
550.4547,0.8701923
550.4747,0.8701923
550.4947,0.8701923
550.5147,0.8701923
550.5347,0.8701923
550.5547,0.8701923
550.5748,0.8701923
550.5948,0.8701923
550.6148,0.8701923
550.6348,0.8701923
550.6548,0.8701923
550.6749,0.8701923
550.6949,0.8701923
550.7149,0.8701923
550.7349,0.8701923
550.7549,0.8701923
550.775,0.8701923
550.795,0.8701923
550.815,0.8701923
550.835,0.8701923
550.855,0.8701923
550.8751,0.8701923
550.8951,0.8701923
550.9151,0.8701923
550.9351,0.8701923
550.9551,0.8701923
550.9752,0.8701923
550.9952,0.8701923
551.0152,0.8701923
551.0352,0.8701923
551.0552,0.8701923
551.0753,0.8701923
551.0953,0.8701923
551.1153,0.8701923
551.1353,0.8701923
551.1553,0.8701923
551.1754,0.8701923
551.1954,0.8701923
551.2154,0.8701923
551.2354,0.8701923
551.2554,0.8701923
551.2755,0.8701923
551.2955,0.8701923
551.3155,0.8701923
551.3355,0.8701923
551.3555,0.8701923
551.3755,0.8701923
551.3956,0.8701923
551.4156,0.8701923
551.4356,0.8701923
551.4556,0.8701923
551.4756,0.8701923
551.4957,0.8701923
551.5157,0.8701923
551.5357,0.8701923
551.5557,0.8701923
551.5757,0.8701923
551.5958,0.8701923
551.6158,0.8701923
551.6358,0.8701923
551.6558,0.8701923
551.6758,0.8701923
551.6959,0.8701923
551.7159,0.8701923
551.7359,0.8701923
551.7559,0.8701923
551.7759,0.8701923
551.796,0.8701923
551.816,0.8701923
551.836,0.8701923
551.856,0.8701923
551.876,0.8701923
551.8961,0.8701923
551.9161,0.8701923
551.9361,0.8701923
551.9561,0.8701923
551.9761,0.8701923
551.9962,0.8701923
552.0162,0.8701923
552.0362,0.8701923
552.0562,0.8701923
552.0762,0.8701923
552.0963,0.8701923
552.1163,0.8701923
552.1363,0.8701923
552.1563,0.8701923
552.1763,0.8701923
552.1964,0.8701923
552.2164,0.8701923
552.2364,0.8701923
552.2564,0.8701923
552.2764,0.8701923
552.2964,0.8701923
552.3165,0.8701923
552.3365,0.8701923
552.3565,0.8701923
552.3765,0.8701923
552.3965,0.8701923
552.4166,0.8701923
552.4366,0.8701923
552.4566,0.8701923
552.4766,0.8701923
552.4966,0.8701923
552.5167,0.8701923
552.5367,0.8701923
552.5567,0.8701923
552.5767,0.8701923
552.5967,0.8701923
552.6168,0.8701923
552.6368,0.8701923
552.6568,0.8701923
552.6768,0.8701923
552.6968,0.8701923
552.7169,0.8701923
552.7369,0.8701923
552.7569,0.8701923
552.7769,0.8701923
552.7969,0.8701923
552.817,0.8701923
552.837,0.8701923
552.857,0.8701923
552.877,0.8701923
552.897,0.8701923
552.9171,0.8701923
552.9371,0.8701923
552.9571,0.8701923
552.9771,0.8701923
552.9971,0.8701923
553.0172,0.8701923
553.0372,0.8701923
553.0572,0.8701923
553.0772,0.8701923
553.0972,0.8701923
553.1172,0.8701923
553.1373,0.8701923
553.1573,0.8701923
553.1773,0.8701923
553.1973,0.8701923
553.2173,0.8701923
553.2374,0.8701923
553.2574,0.8701923
553.2774,0.8701923
553.2974,0.8701923
553.3174,0.8701923
553.3375,0.8701923
553.3575,0.8701923
553.3775,0.8701923
553.3975,0.8701923
553.4175,0.8701923
553.4376,0.8701923
553.4576,0.8701923
553.4776,0.8701923
553.4976,0.8701923
553.5176,0.8701923
553.5377,0.8701923
553.5577,0.8701923
553.5777,0.8701923
553.5977,0.8701923
553.6177,0.8701923
553.6378,0.8701923
553.6578,0.8701923
553.6778,0.8701923
553.6978,0.8701923
553.7178,0.8701923
553.7379,0.8701923
553.7579,0.8701923
553.7779,0.8701923
553.7979,0.8701923
553.8179,0.8701923
553.838,0.8701923
553.858,0.8701923
553.878,0.8701923
553.898,0.8701923
553.918,0.8701923
553.938,0.8701923
553.9581,0.8701923
553.9781,0.8701923
553.9981,0.8701923
554.0181,0.8701923
554.0381,0.8701923
554.0582,0.8701923
554.0782,0.8701923
554.0982,0.8701923
554.1182,0.8701923
554.1382,0.8701923
554.1583,0.8701923
554.1783,0.8701923
554.1983,0.8701923
554.2183,0.8701923
554.2383,0.8701923
554.2584,0.8701923
554.2784,0.8701923
554.2984,0.8701923
554.3184,0.8701923
554.3384,0.8701923
554.3585,0.8701923
554.3785,0.8701923
554.3985,0.8701923
554.4185,0.8701923
554.4385,0.8701923
554.4586,0.8701923
554.4786,0.8701923
554.4986,0.8701923
554.5186,0.8701923
554.5386,0.8701923
554.5587,0.8701923
554.5787,0.8701923
554.5987,0.8701923
554.6187,0.8701923
554.6387,0.8701923
554.6588,0.8701923
554.6788,0.8701923
554.6988,0.8701923
554.7188,0.8701923
554.7388,0.8701923
554.7589,0.8701923
554.7789,0.8701923
554.7989,0.8701923
554.8189,0.8701923
554.8389,0.8701923
554.8589,0.8701923
554.879,0.8701923
554.899,0.8701923
554.919,0.8701923
554.939,0.8701923
554.959,0.8701923
554.9791,0.8701923
554.9991,0.8701923
555.0191,0.8701923
555.0391,0.8701923
555.0591,0.8701923
555.0792,0.8701923
555.0992,0.8701923
555.1192,0.8701923
555.1392,0.8701923
555.1592,0.8701923
555.1793,0.8701923
555.1993,0.8701923
555.2193,0.8701923
555.2393,0.8701923
555.2593,0.8701923
555.2794,0.8701923
555.2994,0.8701923
555.3194,0.8701923
555.3394,0.8701923
555.3594,0.8701923
555.3795,0.8701923
555.3995,0.8701923
555.4195,0.8701923
555.4395,0.8701923
555.4595,0.8701923
555.4796,0.8701923
555.4996,0.8701923
555.5196,0.8701923
555.5396,0.8701923
555.5596,0.8701923
555.5797,0.8701923
555.5997,0.8701923
555.6197,0.8701923
555.6397,0.8701923
555.6597,0.8701923
555.6797,0.8701923
555.6998,0.8701923
555.7198,0.8701923
555.7398,0.8701923
555.7598,0.8701923
555.7798,0.8701923
555.7999,0.8701923
555.8199,0.8701923
555.8399,0.8701923
555.8599,0.8701923
555.8799,0.8701923
555.9,0.8701923
555.92,0.8701923
555.94,0.8701923
555.96,0.8701923
555.98,0.8701923
556.0001,0.8701923
556.0201,0.8701923
556.0401,0.8701923
556.0601,0.8701923
556.0801,0.8701923
556.1002,0.8701923
556.1202,0.8701923
556.1402,0.8701923
556.1602,0.8701923
556.1802,0.8701923
556.2003,0.8701923
556.2203,0.8701923
556.2403,0.8701923
556.2603,0.8701923
556.2803,0.8701923
556.3004,0.8701923
556.3204,0.8701923
556.3404,0.8701923
556.3604,0.8701923
556.3804,0.8701923
556.4005,0.8701923
556.4205,0.8701923
556.4405,0.8701923
556.4605,0.8701923
556.4805,0.8701923
556.5005,0.8701923
556.5206,0.8701923
556.5406,0.8701923
556.5606,0.8701923
556.5806,0.8701923
556.6006,0.8701923
556.6207,0.8701923
556.6407,0.8701923
556.6607,0.8701923
556.6807,0.8701923
556.7007,0.8701923
556.7208,0.8701923
556.7408,0.8701923
556.7608,0.8701923
556.7808,0.8701923
556.8008,0.8701923
556.8209,0.8701923
556.8409,0.8701923
556.8609,0.8701923
556.8809,0.8701923
556.9009,0.8701923
556.921,0.8701923
556.941,0.8701923
556.961,0.8701923
556.981,0.8701923
557.001,0.8701923
557.0211,0.8701923
557.0411,0.8701923
557.0611,0.8701923
557.0811,0.8701923
557.1011,0.8701923
557.1212,0.8701923
557.1412,0.8701923
557.1612,0.8701923
557.1812,0.8701923
557.2012,0.8701923
557.2213,0.8701923
557.2413,0.8701923
557.2613,0.8701923
557.2813,0.8701923
557.3013,0.8701923
557.3214,0.8701923
557.3414,0.8701923
557.3614,0.8701923
557.3814,0.8701923
557.4014,0.8701923
557.4214,0.8701923
557.4415,0.8701923
557.4615,0.8701923
557.4815,0.8701923
557.5015,0.8701923
557.5215,0.8701923
557.5416,0.8701923
557.5616,0.8701923
557.5816,0.8701923
557.6016,0.8701923
557.6216,0.8701923
557.6417,0.8701923
557.6617,0.8701923
557.6817,0.8701923
557.7017,0.8701923
557.7217,0.8701923
557.7418,0.8701923
557.7618,0.8701923
557.7818,0.8701923
557.8018,0.8701923
557.8218,0.8701923
557.8419,0.8701923
557.8619,0.8701923
557.8819,0.8701923
557.9019,0.8701923
557.9219,0.8701923
557.942,0.8701923
557.962,0.8701923
557.982,0.8701923
558.002,0.8701923
558.022,0.8701923
558.0421,0.8701923
558.0621,0.8701923
558.0821,0.8701923
558.1021,0.8701923
558.1221,0.8701923
558.1422,0.8701923
558.1622,0.8701923
558.1822,0.8701923
558.2022,0.8701923
558.2222,0.8701923
558.2422,0.8701923
558.2623,0.8701923
558.2823,0.8701923
558.3023,0.8701923
558.3223,0.8701923
558.3423,0.8701923
558.3624,0.8701923
558.3824,0.8701923
558.4024,0.8701923
558.4224,0.8701923
558.4424,0.8701923
558.4625,0.8701923
558.4825,0.8701923
558.5025,0.8701923
558.5225,0.8701923
558.5425,0.8701923
558.5626,0.8701923
558.5826,0.8701923
558.6026,0.8701923
558.6226,0.8701923
558.6426,0.8701923
558.6627,0.8701923
558.6827,0.8701923
558.7027,0.8701923
558.7227,0.8701923
558.7427,0.8701923
558.7628,0.8701923
558.7828,0.8701923
558.8028,0.8701923
558.8228,0.8701923
558.8428,0.8701923
558.8629,0.8701923
558.8829,0.8701923
558.9029,0.8701923
558.9229,0.8701923
558.9429,0.8701923
558.963,0.8701923
558.983,0.8701923
559.003,0.8701923
559.023,0.8701923
559.043,0.8701923
559.063,0.8701923
559.0831,0.8701923
559.1031,0.8701923
559.1231,0.8701923
559.1431,0.8701923
559.1631,0.8701923
559.1832,0.8701923
559.2032,0.8701923
559.2232,0.8701923
559.2432,0.8701923
559.2632,0.8701923
559.2833,0.8701923
559.3033,0.8701923
559.3233,0.8701923
559.3433,0.8701923
559.3633,0.8701923
559.3834,0.8701923
559.4034,0.8701923
559.4234,0.8701923
559.4434,0.8701923
559.4634,0.8701923
559.4835,0.8701923
559.5035,0.8701923
559.5235,0.8701923
559.5435,0.8701923
559.5635,0.8701923
559.5836,0.8701923
559.6036,0.8701923
559.6236,0.8701923
559.6436,0.8701923
559.6636,0.8701923
559.6837,0.8701923
559.7037,0.8701923
559.7237,0.8701923
559.7437,0.8701923
559.7637,0.8701923
559.7838,0.8701923
559.8038,0.8701923
559.8238,0.8701923
559.8438,0.8701923
559.8638,0.8701923
559.8839,0.8701923
559.9039,0.8701923
559.9239,0.8701923
559.9439,0.8701923
559.9639,0.8701923
559.9839,0.8701923
560.004,0.8701923
560.024,0.8701923
560.044,0.8701923
560.064,0.8701923
560.084,0.8701923
560.1041,0.8701923
560.1241,0.8701923
560.1441,0.8701923
560.1641,0.8701923
560.1841,0.8701923
560.2042,0.8701923
560.2242,0.8701923
560.2442,0.8701923
560.2642,0.8701923
560.2842,0.8701923
560.3043,0.8701923
560.3243,0.8701923
560.3443,0.8701923
560.3643,0.8701923
560.3843,0.8701923
560.4044,0.8701923
560.4244,0.8701923
560.4444,0.8701923
560.4644,0.8701923
560.4844,0.8701923
560.5045,0.8701923
560.5245,0.8701923
560.5445,0.8701923
560.5645,0.8701923
560.5845,0.8701923
560.6046,0.8701923
560.6246,0.8701923
560.6446,0.8701923
560.6646,0.8701923
560.6846,0.8701923
560.7047,0.8701923
560.7247,0.8701923
560.7447,0.8701923
560.7647,0.8701923
560.7847,0.8701923
560.8047,0.8701923
560.8248,0.8701923
560.8448,0.8701923
560.8648,0.8701923
560.8848,0.8701923
560.9048,0.8701923
560.9249,0.8701923
560.9449,0.8701923
560.9649,0.8701923
560.9849,0.8701923
561.0049,0.8701923
561.025,0.8701923
561.045,0.8701923
561.065,0.8701923
561.085,0.8701923
561.105,0.8701923
561.1251,0.8701923
561.1451,0.8701923
561.1651,0.8701923
561.1851,0.8701923
561.2051,0.8701923
561.2252,0.8701923
561.2452,0.8701923
561.2652,0.8701923
561.2852,0.8701923
561.3052,0.8701923
561.3253,0.8701923
561.3453,0.8701923
561.3653,0.8701923
561.3853,0.8701923
561.4053,0.8701923
561.4254,0.8701923
561.4454,0.8701923
561.4654,0.8701923
561.4854,0.8701923
561.5054,0.8701923
561.5255,0.8701923
561.5455,0.8701923
561.5655,0.8701923
561.5855,0.8701923
561.6055,0.8701923
561.6255,0.8701923
561.6456,0.8701923
561.6656,0.8701923
561.6856,0.8701923
561.7056,0.8701923
561.7256,0.8701923
561.7457,0.8701923
561.7657,0.8701923
561.7857,0.8701923
561.8057,0.8701923
561.8257,0.8701923
561.8458,0.8701923
561.8658,0.8701923
561.8858,0.8701923
561.9058,0.8701923
561.9258,0.8701923
561.9459,0.8701923
561.9659,0.8701923
561.9859,0.8701923
562.0059,0.8701923
562.0259,0.8701923
562.046,0.8701923
562.066,0.8701923
562.086,0.8701923
562.106,0.8701923
562.126,0.8701923
562.1461,0.8701923
562.1661,0.8701923
562.1861,0.8701923
562.2061,0.8701923
562.2261,0.8701923
562.2462,0.8701923
562.2662,0.8701923
562.2862,0.8701923
562.3062,0.8701923
562.3262,0.8701923
562.3463,0.8701923
562.3663,0.8701923
562.3863,0.8701923
562.4063,0.8701923
562.4263,0.8701923
562.4464,0.8701923
562.4664,0.8701923
562.4864,0.8701923
562.5064,0.8701923
562.5264,0.8701923
562.5464,0.8701923
562.5665,0.8701923
562.5865,0.8701923
562.6065,0.8701923
562.6265,0.8701923
562.6465,0.8701923
562.6666,0.8701923
562.6866,0.8701923
562.7066,0.8701923
562.7266,0.8701923
562.7466,0.8701923
562.7667,0.8701923
562.7867,0.8701923
562.8067,0.8701923
562.8267,0.8701923
562.8467,0.8701923
562.8668,0.8701923
562.8868,0.8701923
562.9068,0.8701923
562.9268,0.8701923
562.9468,0.8701923
562.9669,0.8701923
562.9869,0.8701923
563.0069,0.8701923
563.0269,0.8701923
563.0469,0.8701923
563.067,0.8701923
563.087,0.8701923
563.107,0.8701923
563.127,0.8701923
563.147,0.8701923
563.1671,0.8701923
563.1871,0.8701923
563.2071,0.8701923
563.2271,0.8701923
563.2471,0.8701923
563.2672,0.8701923
563.2872,0.8701923
563.3072,0.8701923
563.3272,0.8701923
563.3472,0.8701923
563.3672,0.8701923
563.3873,0.8701923
563.4073,0.8701923
563.4273,0.8701923
563.4473,0.8701923
563.4673,0.8701923
563.4874,0.8701923
563.5074,0.8701923
563.5274,0.8701923
563.5474,0.8701923
563.5674,0.8701923
563.5875,0.8701923
563.6075,0.8701923
563.6275,0.8701923
563.6475,0.8701923
563.6675,0.8701923
563.6876,0.8701923
563.7076,0.8701923
563.7276,0.8701923
563.7476,0.8701923
563.7676,0.8701923
563.7877,0.8701923
563.8077,0.8701923
563.8277,0.8701923
563.8477,0.8701923
563.8677,0.8701923
563.8878,0.8701923
563.9078,0.8701923
563.9278,0.8701923
563.9478,0.8701923
563.9678,0.8701923
563.9879,0.8701923
564.0079,0.8701923
564.0279,0.8701923
564.0479,0.8701923
564.0679,0.8701923
564.088,0.8701923
564.108,0.8701923
564.128,0.8701923
564.148,0.8701923
564.168,0.8701923
564.188,0.8701923
564.2081,0.8701923
564.2281,0.8701923
564.2481,0.8701923
564.2681,0.8701923
564.2881,0.8701923
564.3082,0.8701923
564.3282,0.8701923
564.3482,0.8701923
564.3682,0.8701923
564.3882,0.8701923
564.4083,0.8701923
564.4283,0.8701923
564.4483,0.8701923
564.4683,0.8701923
564.4883,0.8701923
564.5084,0.8701923
564.5284,0.8701923
564.5484,0.8701923
564.5684,0.8701923
564.5884,0.8701923
564.6085,0.8701923
564.6285,0.8701923
564.6485,0.8701923
564.6685,0.8701923
564.6885,0.8701923
564.7086,0.8701923
564.7286,0.8701923
564.7486,0.8701923
564.7686,0.8701923
564.7886,0.8701923
564.8087,0.8701923
564.8287,0.8701923
564.8487,0.8701923
564.8687,0.8701923
564.8887,0.8701923
564.9088,0.8701923
564.9288,0.8701923
564.9488,0.8701923
564.9688,0.8701923
564.9888,0.8701923
565.0089,0.8701923
565.0289,0.8701923
565.0489,0.8701923
565.0689,0.8701923
565.0889,0.8701923
565.1089,0.8701923
565.129,0.8701923
565.149,0.8701923
565.169,0.8701923
565.189,0.8701923
565.209,0.8701923
565.2291,0.8701923
565.2491,0.8701923
565.2691,0.8701923
565.2891,0.8701923
565.3091,0.8701923
565.3292,0.8701923
565.3492,0.8701923
565.3692,0.8701923
565.3892,0.8701923
565.4092,0.8701923
565.4293,0.8701923
565.4493,0.8701923
565.4693,0.8701923
565.4893,0.8701923
565.5093,0.8701923
565.5294,0.8701923
565.5494,0.8701923
565.5694,0.8701923
565.5894,0.8701923
565.6094,0.8701923
565.6295,0.8701923
565.6495,0.8701923
565.6695,0.8701923
565.6895,0.8701923
565.7095,0.8701923
565.7296,0.8701923
565.7496,0.8701923
565.7696,0.8701923
565.7896,0.8701923
565.8096,0.8701923
565.8297,0.8701923
565.8497,0.8701923
565.8697,0.8701923
565.8897,0.8701923
565.9097,0.8701923
565.9297,0.8701923
565.9498,0.8701923
565.9698,0.8701923
565.9898,0.8701923
566.0098,0.8701923
566.0298,0.8701923
566.0499,0.8701923
566.0699,0.8701923
566.0899,0.8701923
566.1099,0.8701923
566.1299,0.8701923
566.15,0.8701923
566.17,0.8701923
566.19,0.8701923
566.21,0.8701923
566.23,0.8701923
566.2501,0.8701923
566.2701,0.8701923
566.2901,0.8701923
566.3101,0.8701923
566.3301,0.8701923
566.3502,0.8701923
566.3702,0.8701923
566.3902,0.8701923
566.4102,0.8701923
566.4302,0.8701923
566.4503,0.8701923
566.4703,0.8701923
566.4903,0.8701923
566.5103,0.8701923
566.5303,0.8701923
566.5504,0.8701923
566.5704,0.8701923
566.5904,0.8701923
566.6104,0.8701923
566.6304,0.8701923
566.6505,0.8701923
566.6705,0.8701923
566.6905,0.8701923
566.7105,0.8701923
566.7305,0.8701923
566.7505,0.8701923
566.7706,0.8701923
566.7906,0.8701923
566.8106,0.8701923
566.8306,0.8701923
566.8506,0.8701923
566.8707,0.8701923
566.8907,0.8701923
566.9107,0.8701923
566.9307,0.8701923
566.9507,0.8701923
566.9708,0.8701923
566.9908,0.8701923
567.0108,0.8701923
567.0308,0.8701923
567.0508,0.8701923
567.0709,0.8701923
567.0909,0.8701923
567.1109,0.8701923
567.1309,0.8701923
567.1509,0.8701923
567.171,0.8701923
567.191,0.8701923
567.211,0.8701923
567.231,0.8701923
567.251,0.8701923
567.2711,0.8701923
567.2911,0.8701923
567.3111,0.8701923
567.3311,0.8701923
567.3511,0.8701923
567.3712,0.8701923
567.3912,0.8701923
567.4112,0.8701923
567.4312,0.8701923
567.4512,0.8701923
567.4713,0.8701923
567.4913,0.8701923
567.5113,0.8701923
567.5313,0.8701923
567.5513,0.8701923
567.5714,0.8701923
567.5914,0.8701923
567.6114,0.8701923
567.6314,0.8701923
567.6514,0.8701923
567.6714,0.8701923
567.6915,0.8701923
567.7115,0.8701923
567.7315,0.8701923
567.7515,0.8701923
567.7715,0.8701923
567.7916,0.8701923
567.8116,0.8701923
567.8316,0.8701923
567.8516,0.8701923
567.8716,0.8701923
567.8917,0.8701923
567.9117,0.8701923
567.9317,0.8701923
567.9517,0.8701923
567.9717,0.8701923
567.9918,0.8701923
568.0118,0.8701923
568.0318,0.8701923
568.0518,0.8701923
568.0718,0.8701923
568.0919,0.8701923
568.1119,0.8701923
568.1319,0.8701923
568.1519,0.8701923
568.1719,0.8701923
568.192,0.8701923
568.212,0.8701923
568.232,0.8701923
568.252,0.8701923
568.272,0.8701923
568.2921,0.8701923
568.3121,0.8701923
568.3321,0.8701923
568.3521,0.8701923
568.3721,0.8701923
568.3922,0.8701923
568.4122,0.8701923
568.4322,0.8701923
568.4522,0.8701923
568.4722,0.8701923
568.4922,0.8701923
568.5123,0.8701923
568.5323,0.8701923
568.5523,0.8701923
568.5723,0.8701923
568.5923,0.8701923
568.6124,0.8701923
568.6324,0.8701923
568.6524,0.8701923
568.6724,0.8701923
568.6924,0.8701923
568.7125,0.8701923
568.7325,0.8701923
568.7525,0.8701923
568.7725,0.8701923
568.7925,0.8701923
568.8126,0.8701923
568.8326,0.8701923
568.8526,0.8701923
568.8726,0.8701923
568.8926,0.8701923
568.9127,0.8701923
568.9327,0.8701923
568.9527,0.8701923
568.9727,0.8701923
568.9927,0.8701923
569.0128,0.8701923
569.0328,0.8701923
569.0528,0.8701923
569.0728,0.8701923
569.0928,0.8701923
569.1129,0.8701923
569.1329,0.8701923
569.1529,0.8701923
569.1729,0.8701923
569.1929,0.8701923
569.213,0.8701923
569.233,0.8701923
569.253,0.8701923
569.273,0.8701923
569.293,0.8701923
569.313,0.8701923
569.3331,0.8701923
569.3531,0.8701923
569.3731,0.8701923
569.3931,0.8701923
569.4131,0.8701923
569.4332,0.8701923
569.4532,0.8701923
569.4732,0.8701923
569.4932,0.8701923
569.5132,0.8701923
569.5333,0.8701923
569.5533,0.8701923
569.5733,0.8701923
569.5933,0.8701923
569.6133,0.8701923
569.6334,0.8701923
569.6534,0.8701923
569.6734,0.8701923
569.6934,0.8701923
569.7134,0.8701923
569.7335,0.8701923
569.7535,0.8701923
569.7735,0.8701923
569.7935,0.8701923
569.8135,0.8701923
569.8336,0.8701923
569.8536,0.8701923
569.8736,0.8701923
569.8936,0.8701923
569.9136,0.8701923
569.9337,0.8701923
569.9537,0.8701923
569.9737,0.8701923
569.9937,0.8701923
570.0137,0.8701923
570.0338,0.8701923
570.0538,0.8701923
570.0738,0.8701923
570.0938,0.8701923
570.1138,0.8701923
570.1339,0.8701923
570.1539,0.8701923
570.1739,0.8701923
570.1939,0.8701923
570.2139,0.8701923
570.2339,0.8701923
570.254,0.8701923
570.274,0.8701923
570.294,0.8701923
570.314,0.8701923
570.334,0.8701923
570.3541,0.8701923
570.3741,0.8701923
570.3941,0.8701923
570.4141,0.8701923
570.4341,0.8701923
570.4542,0.8701923
570.4742,0.8701923
570.4942,0.8701923
570.5142,0.8701923
570.5342,0.8701923
570.5543,0.8701923
570.5743,0.8701923
570.5943,0.8701923
570.6143,0.8701923
570.6343,0.8701923
570.6544,0.8701923
570.6744,0.8701923
570.6944,0.8701923
570.7144,0.8701923
570.7344,0.8701923
570.7545,0.8701923
570.7745,0.8701923
570.7945,0.8701923
570.8145,0.8701923
570.8345,0.8701923
570.8546,0.8701923
570.8746,0.8701923
570.8946,0.8701923
570.9146,0.8701923
570.9346,0.8701923
570.9547,0.8701923
570.9747,0.8701923
570.9947,0.8701923
571.0147,0.8701923
571.0347,0.8701923
571.0547,0.8701923
571.0748,0.8701923
571.0948,0.8701923
571.1148,0.8701923
571.1348,0.8701923
571.1548,0.8701923
571.1749,0.8701923
571.1949,0.8701923
571.2149,0.8701923
571.2349,0.8701923
571.2549,0.8701923
571.275,0.8701923
571.295,0.8701923
571.315,0.8701923
571.335,0.8701923
571.355,0.8701923
571.3751,0.8701923
571.3951,0.8701923
571.4151,0.8701923
571.4351,0.8701923
571.4551,0.8701923
571.4752,0.8701923
571.4952,0.8701923
571.5152,0.8701923
571.5352,0.8701923
571.5552,0.8701923
571.5753,0.8701923
571.5953,0.8701923
571.6153,0.8701923
571.6353,0.8701923
571.6553,0.8701923
571.6754,0.8701923
571.6954,0.8701923
571.7154,0.8701923
571.7354,0.8701923
571.7554,0.8701923
571.7755,0.8701923
571.7955,0.8701923
571.8155,0.8701923
571.8355,0.8701923
571.8555,0.8701923
571.8755,0.8701923
571.8956,0.8701923
571.9156,0.8701923
571.9356,0.8701923
571.9556,0.8701923
571.9756,0.8701923
571.9957,0.8701923
572.0157,0.8701923
572.0357,0.8701923
572.0557,0.8701923
572.0757,0.8701923
572.0958,0.8701923
572.1158,0.8701923
572.1358,0.8701923
572.1558,0.8701923
572.1758,0.8701923
572.1959,0.8701923
572.2159,0.8701923
572.2359,0.8701923
572.2559,0.8701923
572.2759,0.8701923
572.296,0.8701923
572.316,0.8701923
572.336,0.8701923
572.356,0.8701923
572.376,0.8701923
572.3961,0.8701923
572.4161,0.8701923
572.4361,0.8701923
572.4561,0.8701923
572.4761,0.8701923
572.4962,0.8701923
572.5162,0.8701923
572.5362,0.8701923
572.5562,0.8701923
572.5762,0.8701923
572.5963,0.8701923
572.6163,0.8701923
572.6363,0.8701923
572.6563,0.8701923
572.6763,0.8701923
572.6964,0.8701923
572.7164,0.8701923
572.7364,0.8701923
572.7564,0.8701923
572.7764,0.8701923
572.7964,0.8701923
572.8165,0.8701923
572.8365,0.8701923
572.8565,0.8701923
572.8765,0.8701923
572.8965,0.8701923
572.9166,0.8701923
572.9366,0.8701923
572.9566,0.8701923
572.9766,0.8701923
572.9966,0.8701923
573.0167,0.8701923
573.0367,0.8701923
573.0567,0.8701923
573.0767,0.8701923
573.0967,0.8701923
573.1168,0.8701923
573.1368,0.8701923
573.1568,0.8701923
573.1768,0.8701923
573.1968,0.8701923
573.2169,0.8701923
573.2369,0.8701923
573.2569,0.8701923
573.2769,0.8701923
573.2969,0.8701923
573.317,0.8701923
573.337,0.8701923
573.357,0.8701923
573.377,0.8701923
573.397,0.8701923
573.4171,0.8701923
573.4371,0.8701923
573.4571,0.8701923
573.4771,0.8701923
573.4971,0.8701923
573.5172,0.8701923
573.5372,0.8701923
573.5572,0.8701923
573.5772,0.8701923
573.5972,0.8701923
573.6172,0.8701923
573.6373,0.8701923
573.6573,0.8701923
573.6773,0.8701923
573.6973,0.8701923
573.7173,0.8701923
573.7374,0.8701923
573.7574,0.8701923
573.7774,0.8701923
573.7974,0.8701923
573.8174,0.8701923
573.8375,0.8701923
573.8575,0.8701923
573.8775,0.8701923
573.8975,0.8701923
573.9175,0.8701923
573.9376,0.8701923
573.9576,0.8701923
573.9776,0.8701923
573.9976,0.8701923
574.0176,0.8701923
574.0377,0.8701923
574.0577,0.8701923
574.0777,0.8701923
574.0977,0.8701923
574.1177,0.8701923
574.1378,0.8701923
574.1578,0.8701923
574.1778,0.8701923
574.1978,0.8701923
574.2178,0.8701923
574.2379,0.8701923
574.2579,0.8701923
574.2779,0.8701923
574.2979,0.8701923
574.3179,0.8701923
574.338,0.8701923
574.358,0.8701923
574.378,0.8701923
574.398,0.8701923
574.418,0.8701923
574.438,0.8701923
574.4581,0.8701923
574.4781,0.8701923
574.4981,0.8701923
574.5181,0.8701923
574.5381,0.8701923
574.5582,0.8701923
574.5782,0.8701923
574.5982,0.8701923
574.6182,0.8701923
574.6382,0.8701923
574.6583,0.8701923
574.6783,0.8701923
574.6983,0.8701923
574.7183,0.8701923
574.7383,0.8701923
574.7584,0.8701923
574.7784,0.8701923
574.7984,0.8701923
574.8184,0.8701923
574.8384,0.8701923
574.8585,0.8701923
574.8785,0.8701923
574.8985,0.8701923
574.9185,0.8701923
574.9385,0.8701923
574.9586,0.8701923
574.9786,0.8701923
574.9986,0.8701923
575.0186,0.8701923
575.0386,0.8701923
575.0587,0.8701923
575.0787,0.8701923
575.0987,0.8701923
575.1187,0.8701923
575.1387,0.8701923
575.1588,0.8701923
575.1788,0.8701923
575.1988,0.8701923
575.2188,0.8701923
575.2388,0.8701923
575.2589,0.8701923
575.2789,0.8701923
575.2989,0.8701923
575.3189,0.8701923
575.3389,0.8701923
575.3589,0.8701923
575.379,0.8701923
575.399,0.8701923
575.419,0.8701923
575.439,0.8701923
575.459,0.8701923
575.4791,0.8701923
575.4991,0.8701923
575.5191,0.8701923
575.5391,0.8701923
575.5591,0.8701923
575.5792,0.8701923
575.5992,0.8701923
575.6192,0.8701923
575.6392,0.8701923
575.6592,0.8701923
575.6793,0.8701923
575.6993,0.8701923
575.7193,0.8701923
575.7393,0.8701923
575.7593,0.8701923
575.7794,0.8701923
575.7994,0.8701923
575.8194,0.8701923
575.8394,0.8701923
575.8594,0.8701923
575.8795,0.8701923
575.8995,0.8701923
575.9195,0.8701923
575.9395,0.8701923
575.9595,0.8701923
575.9796,0.8701923
575.9996,0.8701923
576.0196,0.8701923
576.0396,0.8701923
576.0596,0.8701923
576.0797,0.8701923
576.0997,0.8701923
576.1197,0.8701923
576.1397,0.8701923
576.1597,0.8701923
576.1797,0.8701923
576.1998,0.8701923
576.2198,0.8701923
576.2398,0.8701923
576.2598,0.8701923
576.2798,0.8701923
576.2999,0.8701923
576.3199,0.8701923
576.3399,0.8701923
576.3599,0.8701923
576.3799,0.8701923
576.4,0.8701923
576.42,0.8701923
576.44,0.8701923
576.46,0.8701923
576.48,0.8701923
576.5001,0.8701923
576.5201,0.8701923
576.5401,0.8701923
576.5601,0.8701923
576.5801,0.8701923
576.6002,0.8701923
576.6202,0.8701923
576.6402,0.8701923
576.6602,0.8701923
576.6802,0.8701923
576.7003,0.8701923
576.7203,0.8701923
576.7403,0.8701923
576.7603,0.8701923
576.7803,0.8701923
576.8004,0.8701923
576.8204,0.8701923
576.8404,0.8701923
576.8604,0.8701923
576.8804,0.8701923
576.9005,0.8701923
576.9205,0.8701923
576.9405,0.8701923
576.9605,0.8701923
576.9805,0.8701923
577.0005,0.8701923
577.0206,0.8701923
577.0406,0.8701923
577.0606,0.8701923
577.0806,0.8701923
577.1006,0.8701923
577.1207,0.8701923
577.1407,0.8701923
577.1607,0.8701923
577.1807,0.8701923
577.2007,0.8701923
577.2208,0.8701923
577.2408,0.8701923
577.2608,0.8701923
577.2808,0.8701923
577.3008,0.8701923
577.3209,0.8701923
577.3409,0.8701923
577.3609,0.8701923
577.3809,0.8701923
577.4009,0.8701923
577.421,0.8701923
577.441,0.8701923
577.461,0.8701923
577.481,0.8701923
577.501,0.8701923
577.5211,0.8701923
577.5411,0.8701923
577.5611,0.8701923
577.5811,0.8701923
577.6011,0.8701923
577.6212,0.8701923
577.6412,0.8701923
577.6612,0.8701923
577.6812,0.8701923
577.7012,0.8701923
577.7213,0.8701923
577.7413,0.8701923
577.7613,0.8701923
577.7813,0.8701923
577.8013,0.8701923
577.8214,0.8701923
577.8414,0.8701923
577.8614,0.8701923
577.8814,0.8701923
577.9014,0.8701923
577.9214,0.8701923
577.9415,0.8701923
577.9615,0.8701923
577.9815,0.8701923
578.0015,0.8701923
578.0215,0.8701923
578.0416,0.8701923
578.0616,0.8701923
578.0816,0.8701923
578.1016,0.8701923
578.1216,0.8701923
578.1417,0.8701923
578.1617,0.8701923
578.1817,0.8701923
578.2017,0.8701923
578.2217,0.8701923
578.2418,0.8701923
578.2618,0.8701923
578.2818,0.8701923
578.3018,0.8701923
578.3218,0.8701923
578.3419,0.8701923
578.3619,0.8701923
578.3819,0.8701923
578.4019,0.8701923
578.4219,0.8701923
578.442,0.8701923
578.462,0.8701923
578.482,0.8701923
578.502,0.8701923
578.522,0.8701923
578.5421,0.8701923
578.5621,0.8701923
578.5821,0.8701923
578.6021,0.8701923
578.6221,0.8701923
578.6422,0.8701923
578.6622,0.8701923
578.6822,0.8701923
578.7022,0.8701923
578.7222,0.8701923
578.7422,0.8701923
578.7623,0.8701923
578.7823,0.8701923
578.8023,0.8701923
578.8223,0.8701923
578.8423,0.8701923
578.8624,0.8701923
578.8824,0.8701923
578.9024,0.8701923
578.9224,0.8701923
578.9424,0.8701923
578.9625,0.8701923
578.9825,0.8701923
579.0025,0.8701923
579.0225,0.8701923
579.0425,0.8701923
579.0626,0.8701923
579.0826,0.8701923
579.1026,0.8701923
579.1226,0.8701923
579.1426,0.8701923
579.1627,0.8701923
579.1827,0.8701923
579.2027,0.8701923
579.2227,0.8701923
579.2427,0.8701923
579.2628,0.8701923
579.2828,0.8701923
579.3028,0.8701923
579.3228,0.8701923
579.3428,0.8701923
579.3629,0.8701923
579.3829,0.8701923
579.4029,0.8701923
579.4229,0.8701923
579.4429,0.8701923
579.463,0.8701923
579.483,0.8701923
579.503,0.8701923
579.523,0.8701923
579.543,0.8701923
579.563,0.8701923
579.5831,0.8701923
579.6031,0.8701923
579.6231,0.8701923
579.6431,0.8701923
579.6631,0.8701923
579.6832,0.8701923
579.7032,0.8701923
579.7232,0.8701923
579.7432,0.8701923
579.7632,0.8701923
579.7833,0.8701923
579.8033,0.8701923
579.8233,0.8701923
579.8433,0.8701923
579.8633,0.8701923
579.8834,0.8701923
579.9034,0.8701923
579.9234,0.8701923
579.9434,0.8701923
579.9634,0.8701923
579.9835,0.8701923
580.0035,0.8701923
580.0235,0.8701923
580.0435,0.8701923
580.0635,0.8701923
580.0836,0.8701923
580.1036,0.8701923
580.1236,0.8701923
580.1436,0.8701923
580.1636,0.8701923
580.1837,0.8701923
580.2037,0.8701923
580.2237,0.8701923
580.2437,0.8701923
580.2637,0.8701923
580.2838,0.8701923
580.3038,0.8701923
580.3238,0.8701923
580.3438,0.8701923
580.3638,0.8701923
580.3839,0.8701923
580.4039,0.8701923
580.4239,0.8701923
580.4439,0.8701923
580.4639,0.8701923
580.4839,0.8701923
580.504,0.8701923
580.524,0.8701923
580.544,0.8701923
580.564,0.8701923
580.584,0.8701923
580.6041,0.8701923
580.6241,0.8701923
580.6441,0.8701923
580.6641,0.8701923
580.6841,0.8701923
580.7042,0.8701923
580.7242,0.8701923
580.7442,0.8701923
580.7642,0.8701923
580.7842,0.8701923
580.8043,0.8701923
580.8243,0.8701923
580.8443,0.8701923
580.8643,0.8701923
580.8843,0.8701923
580.9044,0.8701923
580.9244,0.8701923
580.9444,0.8701923
580.9644,0.8701923
580.9844,0.8701923
581.0045,0.8701923
581.0245,0.8701923
581.0445,0.8701923
581.0645,0.8701923
581.0845,0.8701923
581.1046,0.8701923
581.1246,0.8701923
581.1446,0.8701923
581.1646,0.8701923
581.1846,0.8701923
581.2047,0.8701923
581.2247,0.8701923
581.2447,0.8701923
581.2647,0.8701923
581.2847,0.8701923
581.3047,0.8701923
581.3248,0.8701923
581.3448,0.8701923
581.3648,0.8701923
581.3848,0.8701923
581.4048,0.8701923
581.4249,0.8701923
581.4449,0.8701923
581.4649,0.8701923
581.4849,0.8701923
581.5049,0.8701923
581.525,0.8701923
581.545,0.8701923
581.565,0.8701923
581.585,0.8701923
581.605,0.8701923
581.6251,0.8701923
581.6451,0.8701923
581.6651,0.8701923
581.6851,0.8701923
581.7051,0.8701923
581.7252,0.8701923
581.7452,0.8701923
581.7652,0.8701923
581.7852,0.8701923
581.8052,0.8701923
581.8253,0.8701923
581.8453,0.8701923
581.8653,0.8701923
581.8853,0.8701923
581.9053,0.8701923
581.9254,0.8701923
581.9454,0.8701923
581.9654,0.8701923
581.9854,0.8701923
582.0054,0.8701923
582.0255,0.8701923
582.0455,0.8701923
582.0655,0.8701923
582.0855,0.8701923
582.1055,0.8701923
582.1255,0.8701923
582.1456,0.8701923
582.1656,0.8701923
582.1856,0.8701923
582.2056,0.8701923
582.2256,0.8701923
582.2457,0.8701923
582.2657,0.8701923
582.2857,0.8701923
582.3057,0.8701923
582.3257,0.8701923
582.3458,0.8701923
582.3658,0.8701923
582.3858,0.8701923
582.4058,0.8701923
582.4258,0.8701923
582.4459,0.8701923
582.4659,0.8701923
582.4859,0.8701923
582.5059,0.8701923
582.5259,0.8701923
582.546,0.8701923
582.566,0.8701923
582.586,0.8701923
582.606,0.8701923
582.626,0.8701923
582.6461,0.8701923
582.6661,0.8701923
582.6861,0.8701923
582.7061,0.8701923
582.7261,0.8701923
582.7462,0.8701923
582.7662,0.8701923
582.7862,0.8701923
582.8062,0.8701923
582.8262,0.8701923
582.8463,0.8701923
582.8663,0.8701923
582.8863,0.8701923
582.9063,0.875
582.9263,0.875
582.9464,0.875
582.9664,0.875
582.9864,0.875
583.0064,0.875
583.0264,0.875
583.0464,0.875
583.0665,0.875
583.0865,0.875
583.1065,0.875
583.1265,0.875
583.1465,0.875
583.1666,0.875
583.1866,0.875
583.2066,0.875
583.2266,0.875
583.2466,0.875
583.2667,0.875
583.2867,0.875
583.3067,0.875
583.3267,0.875
583.3467,0.875
583.3668,0.875
583.3868,0.875
583.4068,0.875
583.4268,0.875
583.4468,0.875
583.4669,0.875
583.4869,0.875
583.5069,0.875
583.5269,0.875
583.5469,0.875
583.567,0.875
583.587,0.875
583.607,0.875
583.627,0.875
583.647,0.875
583.6671,0.875
583.6871,0.875
583.7071,0.875
583.7271,0.875
583.7471,0.875
583.7672,0.875
583.7872,0.875
583.8072,0.875
583.8272,0.875
583.8472,0.875
583.8672,0.875
583.8873,0.875
583.9073,0.875
583.9273,0.875
583.9473,0.875
583.9673,0.875
583.9874,0.875
584.0074,0.875
584.0274,0.875
584.0474,0.875
584.0674,0.875
584.0875,0.875
584.1075,0.875
584.1275,0.875
584.1475,0.875
584.1675,0.875
584.1876,0.875
584.2076,0.875
584.2276,0.875
584.2476,0.875
584.2676,0.875
584.2877,0.875
584.3077,0.875
584.3277,0.875
584.3477,0.875
584.3677,0.875
584.3878,0.875
584.4078,0.875
584.4278,0.875
584.4478,0.875
584.4678,0.875
584.4879,0.875
584.5079,0.875
584.5279,0.875
584.5479,0.875
584.5679,0.875
584.588,0.875
584.608,0.875
584.628,0.875
584.648,0.875
584.668,0.875
584.688,0.875
584.7081,0.875
584.7281,0.875
584.7481,0.875
584.7681,0.875
584.7881,0.875
584.8082,0.875
584.8282,0.875
584.8482,0.875
584.8682,0.875
584.8882,0.875
584.9083,0.875
584.9283,0.875
584.9483,0.875
584.9683,0.875
584.9883,0.875
585.0084,0.875
585.0284,0.875
585.0484,0.875
585.0684,0.875
585.0884,0.875
585.1085,0.875
585.1285,0.875
585.1485,0.875
585.1685,0.875
585.1885,0.875
585.2086,0.875
585.2286,0.875
585.2486,0.875
585.2686,0.875
585.2886,0.875
585.3087,0.875
585.3287,0.875
585.3487,0.875
585.3687,0.875
585.3887,0.875
585.4088,0.875
585.4288,0.875
585.4488,0.875
585.4688,0.875
585.4888,0.875
585.5089,0.875
585.5289,0.875
585.5489,0.875
585.5689,0.875
585.5889,0.875
585.6089,0.875
585.629,0.875
585.649,0.875
585.669,0.875
585.689,0.875
585.709,0.875
585.7291,0.875
585.7491,0.875
585.7691,0.875
585.7891,0.875
585.8091,0.875
585.8292,0.875
585.8492,0.875
585.8692,0.875
585.8892,0.875
585.9092,0.875
585.9293,0.875
585.9493,0.875
585.9693,0.875
585.9893,0.875
586.0093,0.875
586.0294,0.875
586.0494,0.875
586.0694,0.875
586.0894,0.875
586.1094,0.875
586.1295,0.875
586.1495,0.875
586.1695,0.875
586.1895,0.875
586.2095,0.875
586.2296,0.875
586.2496,0.875
586.2696,0.875
586.2896,0.875
586.3096,0.875
586.3297,0.875
586.3497,0.875
586.3697,0.875
586.3897,0.875
586.4097,0.875
586.4297,0.875
586.4498,0.875
586.4698,0.875
586.4898,0.875
586.5098,0.875
586.5298,0.875
586.5499,0.875
586.5699,0.875
586.5899,0.875
586.6099,0.875
586.6299,0.875
586.65,0.875
586.67,0.875
586.69,0.875
586.71,0.875
586.73,0.875
586.7501,0.875
586.7701,0.875
586.7901,0.875
586.8101,0.875
586.8301,0.875
586.8502,0.875
586.8702,0.875
586.8902,0.875
586.9102,0.875
586.9302,0.875
586.9503,0.875
586.9703,0.875
586.9903,0.875
587.0103,0.875
587.0303,0.875
587.0504,0.875
587.0704,0.875
587.0904,0.875
587.1104,0.875
587.1304,0.875
587.1505,0.875
587.1705,0.875
587.1905,0.875
587.2105,0.875
587.2305,0.875
587.2505,0.875
587.2706,0.875
587.2906,0.875
587.3106,0.875
587.3306,0.875
587.3506,0.875
587.3707,0.875
587.3907,0.875
587.4107,0.875
587.4307,0.875
587.4507,0.875
587.4708,0.875
587.4908,0.875
587.5108,0.875
587.5308,0.875
587.5508,0.875
587.5709,0.875
587.5909,0.875
587.6109,0.875
587.6309,0.875
587.6509,0.875
587.671,0.875
587.691,0.875
587.711,0.875
587.731,0.875
587.751,0.875
587.7711,0.875
587.7911,0.875
587.8111,0.875
587.8311,0.875
587.8511,0.875
587.8712,0.875
587.8912,0.875
587.9112,0.875
587.9312,0.875
587.9512,0.875
587.9713,0.875
587.9913,0.875
588.0113,0.875
588.0313,0.875
588.0513,0.875
588.0714,0.875
588.0914,0.875
588.1114,0.875
588.1314,0.875
588.1514,0.875
588.1714,0.875
588.1915,0.875
588.2115,0.875
588.2315,0.875
588.2515,0.875
588.2715,0.875
588.2916,0.875
588.3116,0.875
588.3316,0.875
588.3516,0.875
588.3716,0.875
588.3917,0.875
588.4117,0.875
588.4317,0.875
588.4517,0.875
588.4717,0.875
588.4918,0.875
588.5118,0.875
588.5318,0.875
588.5518,0.875
588.5718,0.875
588.5919,0.875
588.6119,0.875
588.6319,0.875
588.6519,0.875
588.6719,0.875
588.692,0.875
588.712,0.875
588.732,0.875
588.752,0.875
588.772,0.875
588.7921,0.875
588.8121,0.875
588.8321,0.875
588.8521,0.875
588.8721,0.875
588.8922,0.875
588.9122,0.875
588.9322,0.875
588.9522,0.875
588.9722,0.875
588.9922,0.875
589.0123,0.875
589.0323,0.875
589.0523,0.875
589.0723,0.875
589.0923,0.875
589.1124,0.875
589.1324,0.875
589.1524,0.875
589.1724,0.875
589.1924,0.875
589.2125,0.875
589.2325,0.875
589.2525,0.875
589.2725,0.875
589.2925,0.875
589.3126,0.875
589.3326,0.875
589.3526,0.875
589.3726,0.875
589.3926,0.875
589.4127,0.875
589.4327,0.875
589.4527,0.875
589.4727,0.875
589.4927,0.875
589.5128,0.875
589.5328,0.875
589.5528,0.875
589.5728,0.875
589.5928,0.875
589.6129,0.875
589.6329,0.875
589.6529,0.875
589.6729,0.875
589.6929,0.875
589.713,0.875
589.733,0.875
589.753,0.875
589.773,0.875
589.793,0.875
589.813,0.875
589.8331,0.875
589.8531,0.875
589.8731,0.875
589.8931,0.875
589.9131,0.875
589.9332,0.875
589.9532,0.875
589.9732,0.875
589.9932,0.875
590.0132,0.875
590.0333,0.875
590.0533,0.875
590.0733,0.875
590.0933,0.875
590.1133,0.875
590.1334,0.875
590.1534,0.875
590.1734,0.875
590.1934,0.875
590.2134,0.875
590.2335,0.875
590.2535,0.875
590.2735,0.875
590.2935,0.875
590.3135,0.875
590.3336,0.875
590.3536,0.875
590.3736,0.875
590.3936,0.875
590.4136,0.875
590.4337,0.875
590.4537,0.875
590.4737,0.875
590.4937,0.875
590.5137,0.875
590.5338,0.875
590.5538,0.875
590.5738,0.875
590.5938,0.875
590.6138,0.875
590.6339,0.875
590.6539,0.875
590.6739,0.875
590.6939,0.875
590.7139,0.875
590.7339,0.875
590.754,0.875
590.774,0.875
590.794,0.875
590.814,0.875
590.834,0.875
590.8541,0.875
590.8741,0.875
590.8941,0.875
590.9141,0.875
590.9341,0.875
590.9542,0.875
590.9742,0.875
590.9942,0.875
591.0142,0.875
591.0342,0.875
591.0543,0.875
591.0743,0.875
591.0943,0.875
591.1143,0.875
591.1343,0.875
591.1544,0.875
591.1744,0.875
591.1944,0.875
591.2144,0.875
591.2344,0.875
591.2545,0.875
591.2745,0.875
591.2945,0.875
591.3145,0.875
591.3345,0.875
591.3546,0.875
591.3746,0.875
591.3946,0.875
591.4146,0.875
591.4346,0.875
591.4547,0.875
591.4747,0.875
591.4947,0.875
591.5147,0.875
591.5347,0.875
591.5547,0.875
591.5748,0.875
591.5948,0.875
591.6148,0.875
591.6348,0.875
591.6548,0.875
591.6749,0.875
591.6949,0.875
591.7149,0.875
591.7349,0.875
591.7549,0.875
591.775,0.875
591.795,0.875
591.815,0.875
591.835,0.875
591.855,0.875
591.8751,0.875
591.8951,0.875
591.9151,0.875
591.9351,0.875
591.9551,0.875
591.9752,0.875
591.9952,0.875
592.0152,0.875
592.0352,0.875
592.0552,0.875
592.0753,0.875
592.0953,0.875
592.1153,0.875
592.1353,0.875
592.1553,0.875
592.1754,0.875
592.1954,0.875
592.2154,0.875
592.2354,0.875
592.2554,0.875
592.2755,0.875
592.2955,0.875
592.3155,0.875
592.3355,0.875
592.3555,0.875
592.3755,0.875
592.3956,0.875
592.4156,0.875
592.4356,0.875
592.4556,0.875
592.4756,0.875
592.4957,0.875
592.5157,0.875
592.5357,0.875
592.5557,0.875
592.5757,0.875
592.5958,0.875
592.6158,0.875
592.6358,0.875
592.6558,0.875
592.6758,0.875
592.6959,0.875
592.7159,0.875
592.7359,0.875
592.7559,0.875
592.7759,0.875
592.796,0.875
592.816,0.875
592.836,0.875
592.856,0.875
592.876,0.875
592.8961,0.875
592.9161,0.875
592.9361,0.875
592.9561,0.875
592.9761,0.875
592.9962,0.875
593.0162,0.875
593.0362,0.875
593.0562,0.875
593.0762,0.875
593.0963,0.875
593.1163,0.875
593.1363,0.875
593.1563,0.875
593.1763,0.875
593.1964,0.875
593.2164,0.875
593.2364,0.875
593.2564,0.875
593.2764,0.875
593.2964,0.875
593.3165,0.875
593.3365,0.875
593.3565,0.875
593.3765,0.875
593.3965,0.875
593.4166,0.875
593.4366,0.875
593.4566,0.875
593.4766,0.875
593.4966,0.875
593.5167,0.875
593.5367,0.875
593.5567,0.875
593.5767,0.875
593.5967,0.875
593.6168,0.875
593.6368,0.875
593.6568,0.875
593.6768,0.875
593.6968,0.875
593.7169,0.875
593.7369,0.875
593.7569,0.875
593.7769,0.875
593.7969,0.875
593.817,0.875
593.837,0.875
593.857,0.875
593.877,0.875
593.897,0.875
593.9171,0.875
593.9371,0.875
593.9571,0.875
593.9771,0.875
593.9971,0.875
594.0172,0.875
594.0372,0.875
594.0572,0.875
594.0772,0.875
594.0972,0.875
594.1172,0.875
594.1373,0.875
594.1573,0.875
594.1773,0.875
594.1973,0.875
594.2173,0.875
594.2374,0.875
594.2574,0.875
594.2774,0.875
594.2974,0.875
594.3174,0.875
594.3375,0.875
594.3575,0.875
594.3775,0.875
594.3975,0.875
594.4175,0.875
594.4376,0.875
594.4576,0.875
594.4776,0.875
594.4976,0.875
594.5176,0.875
594.5377,0.875
594.5577,0.875
594.5777,0.875
594.5977,0.875
594.6177,0.875
594.6378,0.875
594.6578,0.875
594.6778,0.875
594.6978,0.875
594.7178,0.875
594.7379,0.875
594.7579,0.875
594.7779,0.875
594.7979,0.875
594.8179,0.875
594.838,0.875
594.858,0.875
594.878,0.875
594.898,0.875
594.918,0.875
594.938,0.875
594.9581,0.875
594.9781,0.875
594.9981,0.875
595.0181,0.875
595.0381,0.875
595.0582,0.875
595.0782,0.875
595.0982,0.875
595.1182,0.875
595.1382,0.875
595.1583,0.875
595.1783,0.875
595.1983,0.875
595.2183,0.875
595.2383,0.875
595.2584,0.875
595.2784,0.875
595.2984,0.875
595.3184,0.875
595.3384,0.875
595.3585,0.875
595.3785,0.875
595.3985,0.875
595.4185,0.875
595.4385,0.875
595.4586,0.875
595.4786,0.875
595.4986,0.875
595.5186,0.875
595.5386,0.875
595.5587,0.875
595.5787,0.875
595.5987,0.875
595.6187,0.875
595.6387,0.875
595.6588,0.875
595.6788,0.875
595.6988,0.875
595.7188,0.875
595.7388,0.875
595.7589,0.875
595.7789,0.875
595.7989,0.875
595.8189,0.875
595.8389,0.875
595.8589,0.875
595.879,0.875
595.899,0.875
595.919,0.875
595.939,0.875
595.959,0.875
595.9791,0.875
595.9991,0.875
596.0191,0.875
596.0391,0.875
596.0591,0.875
596.0792,0.875
596.0992,0.875
596.1192,0.875
596.1392,0.875
596.1592,0.875
596.1793,0.875
596.1993,0.875
596.2193,0.875
596.2393,0.875
596.2593,0.875
596.2794,0.875
596.2994,0.875
596.3194,0.875
596.3394,0.875
596.3594,0.875
596.3795,0.875
596.3995,0.875
596.4195,0.875
596.4395,0.875
596.4595,0.875
596.4796,0.875
596.4996,0.875
596.5196,0.875
596.5396,0.875
596.5596,0.875
596.5797,0.875
596.5997,0.875
596.6197,0.875
596.6397,0.875
596.6597,0.875
596.6797,0.875
596.6998,0.875
596.7198,0.875
596.7398,0.875
596.7598,0.875
596.7798,0.875
596.7999,0.875
596.8199,0.875
596.8399,0.875
596.8599,0.875
596.8799,0.875
596.9,0.875
596.92,0.875
596.94,0.875
596.96,0.875
596.98,0.875
597.0001,0.875
597.0201,0.875
597.0401,0.875
597.0601,0.875
597.0801,0.875
597.1002,0.875
597.1202,0.875
597.1402,0.875
597.1602,0.875
597.1802,0.875
597.2003,0.875
597.2203,0.875
597.2403,0.875
597.2603,0.875
597.2803,0.875
597.3004,0.875
597.3204,0.875
597.3404,0.875
597.3604,0.875
597.3804,0.875
597.4005,0.875
597.4205,0.875
597.4405,0.875
597.4605,0.875
597.4805,0.875
597.5005,0.875
597.5206,0.875
597.5406,0.875
597.5606,0.875
597.5806,0.875
597.6006,0.875
597.6207,0.875
597.6407,0.875
597.6607,0.875
597.6807,0.875
597.7007,0.875
597.7208,0.875
597.7408,0.875
597.7608,0.875
597.7808,0.875
597.8008,0.875
597.8209,0.875
597.8409,0.875
597.8609,0.875
597.8809,0.875
597.9009,0.875
597.921,0.875
597.941,0.875
597.961,0.875
597.981,0.875
598.001,0.875
598.0211,0.875
598.0411,0.875
598.0611,0.875
598.0811,0.875
598.1011,0.875
598.1212,0.875
598.1412,0.875
598.1612,0.875
598.1812,0.875
598.2012,0.875
598.2213,0.875
598.2413,0.875
598.2613,0.875
598.2813,0.875
598.3013,0.875
598.3214,0.875
598.3414,0.875
598.3614,0.875
598.3814,0.875
598.4014,0.875
598.4214,0.875
598.4415,0.875
598.4615,0.875
598.4815,0.875
598.5015,0.875
598.5215,0.875
598.5416,0.875
598.5616,0.875
598.5816,0.875
598.6016,0.875
598.6216,0.875
598.6417,0.875
598.6617,0.875
598.6817,0.875
598.7017,0.875
598.7217,0.875
598.7418,0.875
598.7618,0.875
598.7818,0.875
598.8018,0.875
598.8218,0.875
598.8419,0.875
598.8619,0.875
598.8819,0.875
598.9019,0.875
598.9219,0.875
598.942,0.875
598.962,0.875
598.982,0.875
599.002,0.875
599.022,0.875
599.0421,0.875
599.0621,0.875
599.0821,0.875
599.1021,0.875
599.1221,0.875
599.1422,0.875
599.1622,0.875
599.1822,0.875
599.2022,0.875
599.2222,0.875
599.2422,0.875
599.2623,0.875
599.2823,0.875
599.3023,0.875
599.3223,0.875
599.3423,0.875
599.3624,0.875
599.3824,0.875
599.4024,0.875
599.4224,0.875
599.4424,0.875
599.4625,0.875
599.4825,0.875
599.5025,0.875
599.5225,0.875
599.5425,0.875
599.5626,0.875
599.5826,0.875
599.6026,0.875
599.6226,0.875
599.6426,0.875
599.6627,0.875
599.6827,0.875
599.7027,0.875
599.7227,0.875
599.7427,0.875
599.7628,0.875
599.7828,0.875
599.8028,0.875
599.8228,0.875
599.8428,0.875
599.8629,0.875
599.8829,0.875
599.9029,0.875
599.9229,0.875
599.9429,0.875
599.963,0.875
599.983,0.875
600.003,0.875
600.023,0.875
600.043,0.875
600.063,0.875
600.0831,0.875
600.1031,0.875
600.1231,0.875
600.1431,0.875
600.1631,0.875
600.1832,0.875
600.2032,0.875
600.2232,0.875
600.2432,0.875
600.2632,0.875
600.2833,0.875
600.3033,0.875
600.3233,0.875
600.3433,0.875
600.3633,0.875
600.3834,0.875
600.4034,0.875
600.4234,0.875
600.4434,0.875
600.4634,0.875
600.4835,0.875
600.5035,0.875
600.5235,0.875
600.5435,0.875
600.5635,0.875
600.5836,0.875
600.6036,0.875
600.6236,0.875
600.6436,0.875
600.6636,0.875
600.6837,0.875
600.7037,0.875
600.7237,0.875
600.7437,0.875
600.7637,0.875
600.7838,0.875
600.8038,0.875
600.8238,0.875
600.8438,0.875
600.8638,0.875
600.8839,0.875
600.9039,0.875
600.9239,0.875
600.9439,0.875
600.9639,0.875
600.9839,0.875
601.004,0.875
601.024,0.875
601.044,0.875
601.064,0.875
601.084,0.875
601.1041,0.875
601.1241,0.875
601.1441,0.875
601.1641,0.875
601.1841,0.875
601.2042,0.875
601.2242,0.875
601.2442,0.875
601.2642,0.875
601.2842,0.875
601.3043,0.875
601.3243,0.875
601.3443,0.875
601.3643,0.875
601.3843,0.875
601.4044,0.875
601.4244,0.875
601.4444,0.875
601.4644,0.875
601.4844,0.875
601.5045,0.875
601.5245,0.875
601.5445,0.875
601.5645,0.875
601.5845,0.875
601.6046,0.875
601.6246,0.875
601.6446,0.875
601.6646,0.875
601.6846,0.875
601.7047,0.875
601.7247,0.875
601.7447,0.875
601.7647,0.875
601.7847,0.875
601.8047,0.875
601.8248,0.875
601.8448,0.875
601.8648,0.875
601.8848,0.875
601.9048,0.875
601.9249,0.875
601.9449,0.875
601.9649,0.875
601.9849,0.875
602.0049,0.875
602.025,0.875
602.045,0.875
602.065,0.875
602.085,0.875
602.105,0.875
602.1251,0.875
602.1451,0.875
602.1651,0.875
602.1851,0.875
602.2051,0.875
602.2252,0.875
602.2452,0.875
602.2652,0.875
602.2852,0.875
602.3052,0.875
602.3253,0.875
602.3453,0.875
602.3653,0.875
602.3853,0.875
602.4053,0.875
602.4254,0.875
602.4454,0.875
602.4654,0.875
602.4854,0.875
602.5054,0.875
602.5255,0.875
602.5455,0.875
602.5655,0.875
602.5855,0.875
602.6055,0.875
602.6255,0.875
602.6456,0.875
602.6656,0.875
602.6856,0.875
602.7056,0.875
602.7256,0.875
602.7457,0.875
602.7657,0.875
602.7857,0.875
602.8057,0.875
602.8257,0.875
602.8458,0.875
602.8658,0.875
602.8858,0.875
602.9058,0.875
602.9258,0.875
602.9459,0.875
602.9659,0.875
602.9859,0.875
603.0059,0.875
603.0259,0.875
603.046,0.875
603.066,0.875
603.086,0.875
603.106,0.875
603.126,0.875
603.1461,0.875
603.1661,0.875
603.1861,0.875
603.2061,0.875
603.2261,0.875
603.2462,0.875
603.2662,0.875
603.2862,0.875
603.3062,0.875
603.3262,0.875
603.3463,0.875
603.3663,0.875
603.3863,0.875
603.4063,0.875
603.4263,0.875
603.4464,0.875
603.4664,0.875
603.4864,0.875
603.5064,0.875
603.5264,0.875
603.5464,0.875
603.5665,0.875
603.5865,0.875
603.6065,0.875
603.6265,0.875
603.6465,0.875
603.6666,0.875
603.6866,0.875
603.7066,0.875
603.7266,0.875
603.7466,0.875
603.7667,0.875
603.7867,0.875
603.8067,0.875
603.8267,0.875
603.8467,0.875
603.8668,0.875
603.8868,0.875
603.9068,0.875
603.9268,0.875
603.9468,0.875
603.9669,0.875
603.9869,0.875
604.0069,0.875
604.0269,0.875
604.0469,0.875
604.067,0.875
604.087,0.875
604.107,0.875
604.127,0.875
604.147,0.875
604.1671,0.875
604.1871,0.875
604.2071,0.875
604.2271,0.875
604.2471,0.875
604.2672,0.875
604.2872,0.875
604.3072,0.875
604.3272,0.875
604.3472,0.875
604.3672,0.875
604.3873,0.875
604.4073,0.875
604.4273,0.875
604.4473,0.875
604.4673,0.875
604.4874,0.875
604.5074,0.875
604.5274,0.875
604.5474,0.875
604.5674,0.875
604.5875,0.875
604.6075,0.875
604.6275,0.875
604.6475,0.875
604.6675,0.875
604.6876,0.875
604.7076,0.875
604.7276,0.875
604.7476,0.875
604.7676,0.875
604.7877,0.875
604.8077,0.875
604.8277,0.875
604.8477,0.875
604.8677,0.875
604.8878,0.875
604.9078,0.875
604.9278,0.875
604.9478,0.875
604.9678,0.875
604.9879,0.875
605.0079,0.875
605.0279,0.875
605.0479,0.875
605.0679,0.875
605.088,0.875
605.108,0.875
605.128,0.875
605.148,0.875
605.168,0.875
605.188,0.875
605.2081,0.875
605.2281,0.875
605.2481,0.875
605.2681,0.875
605.2881,0.875
605.3082,0.875
605.3282,0.875
605.3482,0.875
605.3682,0.875
605.3882,0.875
605.4083,0.875
605.4283,0.875
605.4483,0.875
605.4683,0.875
605.4883,0.875
605.5084,0.875
605.5284,0.875
605.5484,0.875
605.5684,0.875
605.5884,0.875
605.6085,0.875
605.6285,0.875
605.6485,0.875
605.6685,0.875
605.6885,0.875
605.7086,0.875
605.7286,0.875
605.7486,0.875
605.7686,0.875
605.7886,0.875
605.8087,0.875
605.8287,0.875
605.8487,0.875
605.8687,0.875
605.8887,0.875
605.9088,0.875
605.9288,0.875
605.9488,0.875
605.9688,0.875
605.9888,0.875
606.0089,0.875
606.0289,0.875
606.0489,0.875
606.0689,0.875
606.0889,0.875
606.1089,0.875
606.129,0.875
606.149,0.875
606.169,0.875
606.189,0.875
606.209,0.875
606.2291,0.875
606.2491,0.875
606.2691,0.875
606.2891,0.875
606.3091,0.875
606.3292,0.875
606.3492,0.875
606.3692,0.875
606.3892,0.875
606.4092,0.875
606.4293,0.875
606.4493,0.875
606.4693,0.875
606.4893,0.875
606.5093,0.875
606.5294,0.875
606.5494,0.875
606.5694,0.875
606.5894,0.875
606.6094,0.875
606.6295,0.875
606.6495,0.875
606.6695,0.875
606.6895,0.875
606.7095,0.875
606.7296,0.875
606.7496,0.875
606.7696,0.875
606.7896,0.875
606.8096,0.875
606.8297,0.875
606.8497,0.875
606.8697,0.875
606.8897,0.875
606.9097,0.875
606.9297,0.875
606.9498,0.875
606.9698,0.875
606.9898,0.875
607.0098,0.875
607.0298,0.875
607.0499,0.875
607.0699,0.875
607.0899,0.875
607.1099,0.875
607.1299,0.875
607.15,0.875
607.17,0.875
607.19,0.875
607.21,0.875
607.23,0.875
607.2501,0.875
607.2701,0.875
607.2901,0.875
607.3101,0.875
607.3301,0.875
607.3502,0.875
607.3702,0.875
607.3902,0.8894231
607.4102,0.8894231
607.4302,0.8894231
607.4503,0.8894231
607.4703,0.8894231
607.4903,0.8894231
607.5103,0.8894231
607.5303,0.8894231
607.5504,0.8894231
607.5704,0.8894231
607.5904,0.8894231
607.6104,0.8894231
607.6304,0.8894231
607.6505,0.8894231
607.6705,0.8894231
607.6905,0.8894231
607.7105,0.8894231
607.7305,0.8894231
607.7505,0.8894231
607.7706,0.8894231
607.7906,0.8894231
607.8106,0.8894231
607.8306,0.8894231
607.8506,0.8894231
607.8707,0.8894231
607.8907,0.8894231
607.9107,0.8894231
607.9307,0.8894231
607.9507,0.8894231
607.9708,0.8894231
607.9908,0.8894231
608.0108,0.8894231
608.0308,0.8894231
608.0508,0.8894231
608.0709,0.8894231
608.0909,0.8894231
608.1109,0.8894231
608.1309,0.8894231
608.1509,0.8894231
608.171,0.8894231
608.191,0.8894231
608.211,0.8894231
608.231,0.8894231
608.251,0.8894231
608.2711,0.8894231
608.2911,0.8894231
608.3111,0.8894231
608.3311,0.8894231
608.3511,0.8894231
608.3712,0.8894231
608.3912,0.8894231
608.4112,0.8894231
608.4312,0.8894231
608.4512,0.8894231
608.4713,0.8894231
608.4913,0.8894231
608.5113,0.8894231
608.5313,0.8894231
608.5513,0.8894231
608.5714,0.8894231
608.5914,0.8894231
608.6114,0.8894231
608.6314,0.8894231
608.6514,0.8894231
608.6714,0.8894231
608.6915,0.8894231
608.7115,0.8894231
608.7315,0.8894231
608.7515,0.8894231
608.7715,0.8894231
608.7916,0.8894231
608.8116,0.8894231
608.8316,0.8894231
608.8516,0.8894231
608.8716,0.8894231
608.8917,0.8894231
608.9117,0.8894231
608.9317,0.8894231
608.9517,0.8894231
608.9717,0.8894231
608.9918,0.8894231
609.0118,0.8894231
609.0318,0.8894231
609.0518,0.8894231
609.0718,0.8894231
609.0919,0.8894231
609.1119,0.8894231
609.1319,0.8894231
609.1519,0.8894231
609.1719,0.8894231
609.192,0.8894231
609.212,0.8894231
609.232,0.8894231
609.252,0.8894231
609.272,0.8894231
609.2921,0.8894231
609.3121,0.8894231
609.3321,0.8894231
609.3521,0.8894231
609.3721,0.8894231
609.3922,0.8894231
609.4122,0.8894231
609.4322,0.8894231
609.4522,0.8894231
609.4722,0.8894231
609.4922,0.8894231
609.5123,0.8894231
609.5323,0.8894231
609.5523,0.8894231
609.5723,0.8894231
609.5923,0.8894231
609.6124,0.8894231
609.6324,0.8894231
609.6524,0.8894231
609.6724,0.8894231
609.6924,0.8894231
609.7125,0.8894231
609.7325,0.8894231
609.7525,0.8894231
609.7725,0.8894231
609.7925,0.8894231
609.8126,0.8894231
609.8326,0.8894231
609.8526,0.8894231
609.8726,0.8894231
609.8926,0.8894231
609.9127,0.8894231
609.9327,0.8894231
609.9527,0.8894231
609.9727,0.8894231
609.9927,0.8894231
610.0128,0.8894231
610.0328,0.8894231
610.0528,0.8894231
610.0728,0.8894231
610.0928,0.8894231
610.1129,0.8894231
610.1329,0.8894231
610.1529,0.8894231
610.1729,0.8894231
610.1929,0.8894231
610.213,0.8894231
610.233,0.8894231
610.253,0.8894231
610.273,0.8894231
610.293,0.8894231
610.313,0.8894231
610.3331,0.8894231
610.3531,0.8894231
610.3731,0.8894231
610.3931,0.8894231
610.4131,0.8894231
610.4332,0.8894231
610.4532,0.8894231
610.4732,0.8894231
610.4932,0.8894231
610.5132,0.8894231
610.5333,0.8894231
610.5533,0.8894231
610.5733,0.8894231
610.5933,0.8894231
610.6133,0.8894231
610.6334,0.8894231
610.6534,0.8894231
610.6734,0.8894231
610.6934,0.8894231
610.7134,0.8894231
610.7335,0.8894231
610.7535,0.8894231
610.7735,0.8894231
610.7935,0.8894231
610.8135,0.8894231
610.8336,0.8894231
610.8536,0.8894231
610.8736,0.8894231
610.8936,0.8894231
610.9136,0.8894231
610.9337,0.8894231
610.9537,0.8894231
610.9737,0.8894231
610.9937,0.8894231
611.0137,0.8894231
611.0338,0.8894231
611.0538,0.8894231
611.0738,0.8894231
611.0938,0.8894231
611.1138,0.8894231
611.1339,0.8894231
611.1539,0.8894231
611.1739,0.8894231
611.1939,0.8894231
611.2139,0.8894231
611.2339,0.8894231
611.254,0.8894231
611.274,0.8894231
611.294,0.8894231
611.314,0.8894231
611.334,0.8894231
611.3541,0.8894231
611.3741,0.8894231
611.3941,0.8894231
611.4141,0.8894231
611.4341,0.8894231
611.4542,0.8894231
611.4742,0.8894231
611.4942,0.8894231
611.5142,0.8894231
611.5342,0.8894231
611.5543,0.8894231
611.5743,0.8894231
611.5943,0.8894231
611.6143,0.8894231
611.6343,0.8894231
611.6544,0.8894231
611.6744,0.8894231
611.6944,0.8894231
611.7144,0.8894231
611.7344,0.8894231
611.7545,0.8894231
611.7745,0.8894231
611.7945,0.8894231
611.8145,0.8894231
611.8345,0.8894231
611.8546,0.8894231
611.8746,0.8894231
611.8946,0.8894231
611.9146,0.8894231
611.9346,0.8894231
611.9547,0.8894231
611.9747,0.8894231
611.9947,0.8894231
612.0147,0.8894231
612.0347,0.8894231
612.0547,0.8894231
612.0748,0.8894231
612.0948,0.8894231
612.1148,0.8894231
612.1348,0.8894231
612.1548,0.8894231
612.1749,0.8894231
612.1949,0.8894231
612.2149,0.8894231
612.2349,0.8894231
612.2549,0.8894231
612.275,0.8894231
612.295,0.8894231
612.315,0.8894231
612.335,0.8894231
612.355,0.8894231
612.3751,0.8894231
612.3951,0.8894231
612.4151,0.8894231
612.4351,0.8894231
612.4551,0.8894231
612.4752,0.8894231
612.4952,0.8894231
612.5152,0.8894231
612.5352,0.8894231
612.5552,0.8894231
612.5753,0.8894231
612.5953,0.8894231
612.6153,0.8894231
612.6353,0.8894231
612.6553,0.8894231
612.6754,0.8894231
612.6954,0.8894231
612.7154,0.8894231
612.7354,0.8894231
612.7554,0.8894231
612.7755,0.8894231
612.7955,0.8894231
612.8155,0.8894231
612.8355,0.8894231
612.8555,0.8894231
612.8755,0.8894231
612.8956,0.8894231
612.9156,0.8894231
612.9356,0.8894231
612.9556,0.8894231
612.9756,0.8894231
612.9957,0.8894231
613.0157,0.8894231
613.0357,0.8894231
613.0557,0.8894231
613.0757,0.8894231
613.0958,0.8894231
613.1158,0.8894231
613.1358,0.8894231
613.1558,0.8894231
613.1758,0.8894231
613.1959,0.8894231
613.2159,0.8894231
613.2359,0.8894231
613.2559,0.8894231
613.2759,0.8894231
613.296,0.8894231
613.316,0.8894231
613.336,0.8894231
613.356,0.8894231
613.376,0.8894231
613.3961,0.8894231
613.4161,0.8894231
613.4361,0.8894231
613.4561,0.8894231
613.4761,0.8894231
613.4962,0.8894231
613.5162,0.8894231
613.5362,0.8894231
613.5562,0.8894231
613.5762,0.8894231
613.5963,0.8894231
613.6163,0.8894231
613.6363,0.8894231
613.6563,0.8894231
613.6763,0.8894231
613.6964,0.8894231
613.7164,0.8894231
613.7364,0.8894231
613.7564,0.8894231
613.7764,0.8894231
613.7964,0.8894231
613.8165,0.8894231
613.8365,0.8894231
613.8565,0.8894231
613.8765,0.8894231
613.8965,0.8894231
613.9166,0.8894231
613.9366,0.8894231
613.9566,0.8894231
613.9766,0.8894231
613.9966,0.8894231
614.0167,0.8894231
614.0367,0.8894231
614.0567,0.8894231
614.0767,0.8894231
614.0967,0.8894231
614.1168,0.8894231
614.1368,0.8894231
614.1568,0.8894231
614.1768,0.8894231
614.1968,0.8894231
614.2169,0.8894231
614.2369,0.8894231
614.2569,0.8894231
614.2769,0.8894231
614.2969,0.8894231
614.317,0.8894231
614.337,0.8894231
614.357,0.8894231
614.377,0.8894231
614.397,0.8894231
614.4171,0.8894231
614.4371,0.8894231
614.4571,0.8894231
614.4771,0.8894231
614.4971,0.8894231
614.5172,0.8894231
614.5372,0.8894231
614.5572,0.8894231
614.5772,0.8894231
614.5972,0.8894231
614.6172,0.8894231
614.6373,0.8894231
614.6573,0.8894231
614.6773,0.8894231
614.6973,0.8894231
614.7173,0.8894231
614.7374,0.8894231
614.7574,0.8894231
614.7774,0.8894231
614.7974,0.8894231
614.8174,0.8894231
614.8375,0.8894231
614.8575,0.8894231
614.8775,0.8894231
614.8975,0.8894231
614.9175,0.8894231
614.9376,0.8894231
614.9576,0.8894231
614.9776,0.8894231
614.9976,0.8894231
615.0176,0.8894231
615.0377,0.8894231
615.0577,0.8894231
615.0777,0.8894231
615.0977,0.8894231
615.1177,0.8894231
615.1378,0.8894231
615.1578,0.8894231
615.1778,0.8894231
615.1978,0.8894231
615.2178,0.8894231
615.2379,0.8894231
615.2579,0.8894231
615.2779,0.8894231
615.2979,0.8894231
615.3179,0.8894231
615.338,0.8894231
615.358,0.8894231
615.378,0.8894231
615.398,0.8894231
615.418,0.8894231
615.438,0.8894231
615.4581,0.8894231
615.4781,0.8894231
615.4981,0.8894231
615.5181,0.8894231
615.5381,0.8894231
615.5582,0.8894231
615.5782,0.8894231
615.5982,0.8894231
615.6182,0.8894231
615.6382,0.8894231
615.6583,0.8894231
615.6783,0.8894231
615.6983,0.8894231
615.7183,0.8894231
615.7383,0.8894231
615.7584,0.8894231
615.7784,0.8894231
615.7984,0.8894231
615.8184,0.8894231
615.8384,0.8894231
615.8585,0.8894231
615.8785,0.8894231
615.8985,0.8894231
615.9185,0.8894231
615.9385,0.8894231
615.9586,0.8894231
615.9786,0.8894231
615.9986,0.8894231
616.0186,0.8894231
616.0386,0.8894231
616.0587,0.8894231
616.0787,0.8894231
616.0987,0.8894231
616.1187,0.8894231
616.1387,0.8894231
616.1588,0.8894231
616.1788,0.8894231
616.1988,0.8894231
616.2188,0.8894231
616.2388,0.8894231
616.2589,0.8894231
616.2789,0.8894231
616.2989,0.8894231
616.3189,0.8894231
616.3389,0.8894231
616.3589,0.8894231
616.379,0.8894231
616.399,0.8894231
616.419,0.8894231
616.439,0.8894231
616.459,0.8894231
616.4791,0.8894231
616.4991,0.8894231
616.5191,0.8894231
616.5391,0.8894231
616.5591,0.8894231
616.5792,0.8894231
616.5992,0.8894231
616.6192,0.8894231
616.6392,0.8894231
616.6592,0.8894231
616.6793,0.8894231
616.6993,0.8894231
616.7193,0.8894231
616.7393,0.8894231
616.7593,0.8894231
616.7794,0.8894231
616.7994,0.8894231
616.8194,0.8894231
616.8394,0.8894231
616.8594,0.8894231
616.8795,0.8894231
616.8995,0.8894231
616.9195,0.8894231
616.9395,0.8894231
616.9595,0.8894231
616.9796,0.8894231
616.9996,0.8894231
617.0196,0.8894231
617.0396,0.8894231
617.0596,0.8894231
617.0797,0.8894231
617.0997,0.8894231
617.1197,0.8894231
617.1397,0.8894231
617.1597,0.8894231
617.1797,0.8894231
617.1998,0.8894231
617.2198,0.8894231
617.2398,0.8894231
617.2598,0.8894231
617.2798,0.8894231
617.2999,0.8894231
617.3199,0.8894231
617.3399,0.8894231
617.3599,0.8894231
617.3799,0.8894231
617.4,0.8894231
617.42,0.8894231
617.44,0.8894231
617.46,0.8894231
617.48,0.8894231
617.5001,0.8894231
617.5201,0.8894231
617.5401,0.8894231
617.5601,0.8894231
617.5801,0.8894231
617.6002,0.8894231
617.6202,0.8894231
617.6402,0.8894231
617.6602,0.8894231
617.6802,0.8894231
617.7003,0.8894231
617.7203,0.8894231
617.7403,0.8894231
617.7603,0.8894231
617.7803,0.8894231
617.8004,0.8894231
617.8204,0.8894231
617.8404,0.8894231
617.8604,0.8894231
617.8804,0.8894231
617.9005,0.8894231
617.9205,0.8894231
617.9405,0.8894231
617.9605,0.8894231
617.9805,0.8894231
618.0005,0.8894231
618.0206,0.8894231
618.0406,0.8894231
618.0606,0.8894231
618.0806,0.8894231
618.1006,0.8894231
618.1207,0.8894231
618.1407,0.8894231
618.1607,0.8894231
618.1807,0.8894231
618.2007,0.8894231
618.2208,0.8894231
618.2408,0.8894231
618.2608,0.8894231
618.2808,0.8894231
618.3008,0.8894231
618.3209,0.8894231
618.3409,0.8894231
618.3609,0.8894231
618.3809,0.8894231
618.4009,0.8894231
618.421,0.8894231
618.441,0.8894231
618.461,0.8894231
618.481,0.8894231
618.501,0.8894231
618.5211,0.8894231
618.5411,0.8894231
618.5611,0.8894231
618.5811,0.8894231
618.6011,0.8894231
618.6212,0.8894231
618.6412,0.8894231
618.6612,0.8894231
618.6812,0.8894231
618.7012,0.8894231
618.7213,0.8894231
618.7413,0.8894231
618.7613,0.8894231
618.7813,0.8894231
618.8013,0.8894231
618.8214,0.8894231
618.8414,0.8894231
618.8614,0.8894231
618.8814,0.8894231
618.9014,0.8894231
618.9214,0.8894231
618.9415,0.8894231
618.9615,0.8894231
618.9815,0.8894231
619.0015,0.8894231
619.0215,0.8894231
619.0416,0.8894231
619.0616,0.8894231
619.0816,0.8894231
619.1016,0.8894231
619.1216,0.8894231
619.1417,0.8894231
619.1617,0.8894231
619.1817,0.8894231
619.2017,0.8894231
619.2217,0.8894231
619.2418,0.8894231
619.2618,0.8894231
619.2818,0.8894231
619.3018,0.8894231
619.3218,0.8894231
619.3419,0.8894231
619.3619,0.8894231
619.3819,0.8894231
619.4019,0.8894231
619.4219,0.8894231
619.442,0.8894231
619.462,0.8894231
619.482,0.8894231
619.502,0.8894231
619.522,0.8894231
619.5421,0.8894231
619.5621,0.8894231
619.5821,0.8894231
619.6021,0.8894231
619.6221,0.8894231
619.6422,0.8894231
619.6622,0.8894231
619.6822,0.8894231
619.7022,0.8894231
619.7222,0.8894231
619.7422,0.8894231
619.7623,0.8894231
619.7823,0.8894231
619.8023,0.8894231
619.8223,0.8894231
619.8423,0.8894231
619.8624,0.8894231
619.8824,0.8894231
619.9024,0.8894231
619.9224,0.8894231
619.9424,0.8894231
619.9625,0.8894231
619.9825,0.8894231
620.0025,0.8894231
620.0225,0.8894231
620.0425,0.8894231
620.0626,0.8894231
620.0826,0.8894231
620.1026,0.8894231
620.1226,0.8894231
620.1426,0.8894231
620.1627,0.8894231
620.1827,0.8894231
620.2027,0.8894231
620.2227,0.8894231
620.2427,0.8894231
620.2628,0.8894231
620.2828,0.8894231
620.3028,0.8894231
620.3228,0.8894231
620.3428,0.8894231
620.3629,0.8894231
620.3829,0.8894231
620.4029,0.8894231
620.4229,0.8894231
620.4429,0.8894231
620.463,0.8894231
620.483,0.8894231
620.503,0.8894231
620.523,0.8894231
620.543,0.8894231
620.563,0.8894231
620.5831,0.8894231
620.6031,0.8894231
620.6231,0.8894231
620.6431,0.8894231
620.6631,0.8894231
620.6832,0.8894231
620.7032,0.8894231
620.7232,0.8894231
620.7432,0.8894231
620.7632,0.8894231
620.7833,0.8894231
620.8033,0.8894231
620.8233,0.8894231
620.8433,0.8894231
620.8633,0.8894231
620.8834,0.8894231
620.9034,0.8894231
620.9234,0.8894231
620.9434,0.8894231
620.9634,0.8894231
620.9835,0.8894231
621.0035,0.8894231
621.0235,0.8894231
621.0435,0.8894231
621.0635,0.8894231
621.0836,0.8894231
621.1036,0.8894231
621.1236,0.8894231
621.1436,0.8894231
621.1636,0.8894231
621.1837,0.8894231
621.2037,0.8894231
621.2237,0.8894231
621.2437,0.8894231
621.2637,0.8894231
621.2838,0.8894231
621.3038,0.8894231
621.3238,0.8894231
621.3438,0.8894231
621.3638,0.8894231
621.3839,0.8894231
621.4039,0.8894231
621.4239,0.8894231
621.4439,0.8894231
621.4639,0.8894231
621.4839,0.8894231
621.504,0.8894231
621.524,0.8894231
621.544,0.8894231
621.564,0.8894231
621.584,0.8894231
621.6041,0.8894231
621.6241,0.8894231
621.6441,0.8894231
621.6641,0.8894231
621.6841,0.8894231
621.7042,0.8894231
621.7242,0.8894231
621.7442,0.8894231
621.7642,0.8894231
621.7842,0.8894231
621.8043,0.8894231
621.8243,0.8894231
621.8443,0.8894231
621.8643,0.8894231
621.8843,0.8894231
621.9044,0.8894231
621.9244,0.8894231
621.9444,0.8894231
621.9644,0.8894231
621.9844,0.8894231
622.0045,0.8894231
622.0245,0.8894231
622.0445,0.8894231
622.0645,0.8894231
622.0845,0.8894231
622.1046,0.8894231
622.1246,0.8894231
622.1446,0.8894231
622.1646,0.8894231
622.1846,0.8894231
622.2047,0.8894231
622.2247,0.8894231
622.2447,0.8894231
622.2647,0.8894231
622.2847,0.8894231
622.3047,0.8894231
622.3248,0.8894231
622.3448,0.8894231
622.3648,0.8894231
622.3848,0.8894231
622.4048,0.8894231
622.4249,0.8894231
622.4449,0.8894231
622.4649,0.8894231
622.4849,0.8894231
622.5049,0.8894231
622.525,0.8894231
622.545,0.8894231
622.565,0.8894231
622.585,0.8894231
622.605,0.8894231
622.6251,0.8894231
622.6451,0.8894231
622.6651,0.8894231
622.6851,0.8894231
622.7051,0.8894231
622.7252,0.8894231
622.7452,0.8894231
622.7652,0.8894231
622.7852,0.8894231
622.8052,0.8894231
622.8253,0.8894231
622.8453,0.8894231
622.8653,0.8894231
622.8853,0.8894231
622.9053,0.8894231
622.9254,0.8894231
622.9454,0.8894231
622.9654,0.8894231
622.9854,0.8894231
623.0054,0.8894231
623.0255,0.8894231
623.0455,0.8894231
623.0655,0.8894231
623.0855,0.8894231
623.1055,0.8894231
623.1255,0.8894231
623.1456,0.8894231
623.1656,0.8894231
623.1856,0.8894231
623.2056,0.8894231
623.2256,0.8894231
623.2457,0.8894231
623.2657,0.8894231
623.2857,0.8894231
623.3057,0.8894231
623.3257,0.8894231
623.3458,0.8894231
623.3658,0.8894231
623.3858,0.8894231
623.4058,0.8894231
623.4258,0.8894231
623.4459,0.8894231
623.4659,0.8894231
623.4859,0.8894231
623.5059,0.8894231
623.5259,0.8894231
623.546,0.8894231
623.566,0.8894231
623.586,0.8894231
623.606,0.8894231
623.626,0.8894231
623.6461,0.8894231
623.6661,0.8894231
623.6861,0.8894231
623.7061,0.8894231
623.7261,0.8894231
623.7462,0.8894231
623.7662,0.8894231
623.7862,0.8894231
623.8062,0.8894231
623.8262,0.8894231
623.8463,0.8894231
623.8663,0.8894231
623.8863,0.8894231
623.9063,0.8894231
623.9263,0.8894231
623.9464,0.8894231
623.9664,0.8894231
623.9864,0.8894231
624.0064,0.8894231
624.0264,0.8894231
624.0464,0.8894231
624.0665,0.8894231
624.0865,0.8894231
624.1065,0.8894231
624.1265,0.8894231
624.1465,0.8894231
624.1666,0.8894231
624.1866,0.8894231
624.2066,0.8894231
624.2266,0.8894231
624.2466,0.8894231
624.2667,0.8894231
624.2867,0.8894231
624.3067,0.8894231
624.3267,0.8894231
624.3467,0.8894231
624.3668,0.8894231
624.3868,0.8894231
624.4068,0.8894231
624.4268,0.8894231
624.4468,0.8894231
624.4669,0.8894231
624.4869,0.8894231
624.5069,0.8894231
624.5269,0.8894231
624.5469,0.8894231
624.567,0.8894231
624.587,0.8894231
624.607,0.8894231
624.627,0.8894231
624.647,0.8894231
624.6671,0.8894231
624.6871,0.8894231
624.7071,0.8894231
624.7271,0.8894231
624.7471,0.8894231
624.7672,0.8894231
624.7872,0.8894231
624.8072,0.8894231
624.8272,0.8894231
624.8472,0.8894231
624.8672,0.8894231
624.8873,0.8894231
624.9073,0.8894231
624.9273,0.8894231
624.9473,0.8894231
624.9673,0.8894231
624.9874,0.8894231
625.0074,0.8894231
625.0274,0.8894231
625.0474,0.8894231
625.0674,0.8894231
625.0875,0.8894231
625.1075,0.8894231
625.1275,0.8894231
625.1475,0.8894231
625.1675,0.8894231
625.1876,0.8894231
625.2076,0.8894231
625.2276,0.8894231
625.2476,0.8894231
625.2676,0.8894231
625.2877,0.8894231
625.3077,0.8894231
625.3277,0.8894231
625.3477,0.8894231
625.3677,0.8894231
625.3878,0.8894231
625.4078,0.8894231
625.4278,0.8894231
625.4478,0.8894231
625.4678,0.8894231
625.4879,0.8894231
625.5079,0.8894231
625.5279,0.8894231
625.5479,0.8894231
625.5679,0.8894231
625.588,0.8894231
625.608,0.8894231
625.628,0.8894231
625.648,0.8894231
625.668,0.8894231
625.688,0.8894231
625.7081,0.8894231
625.7281,0.8894231
625.7481,0.8894231
625.7681,0.8894231
625.7881,0.8894231
625.8082,0.8894231
625.8282,0.8894231
625.8482,0.8894231
625.8682,0.8894231
625.8882,0.8894231
625.9083,0.8894231
625.9283,0.8894231
625.9483,0.8894231
625.9683,0.8894231
625.9883,0.8894231
626.0084,0.8894231
626.0284,0.8894231
626.0484,0.8894231
626.0684,0.8894231
626.0884,0.8894231
626.1085,0.8894231
626.1285,0.8894231
626.1485,0.8894231
626.1685,0.8894231
626.1885,0.8894231
626.2086,0.8894231
626.2286,0.8894231
626.2486,0.8894231
626.2686,0.8894231
626.2886,0.8894231
626.3087,0.8894231
626.3287,0.8894231
626.3487,0.8894231
626.3687,0.8894231
626.3887,0.8894231
626.4088,0.8894231
626.4288,0.8894231
626.4488,0.8894231
626.4688,0.8894231
626.4888,0.8894231
626.5089,0.8894231
626.5289,0.8894231
626.5489,0.8894231
626.5689,0.8894231
626.5889,0.8894231
626.6089,0.8894231
626.629,0.8894231
626.649,0.8894231
626.669,0.8894231
626.689,0.8894231
626.709,0.8894231
626.7291,0.8894231
626.7491,0.8894231
626.7691,0.8894231
626.7891,0.8894231
626.8091,0.8894231
626.8292,0.8894231
626.8492,0.8894231
626.8692,0.8894231
626.8892,0.8894231
626.9092,0.8894231
626.9293,0.8894231
626.9493,0.8894231
626.9693,0.8894231
626.9893,0.8894231
627.0093,0.8894231
627.0294,0.8894231
627.0494,0.8894231
627.0694,0.8894231
627.0894,0.8894231
627.1094,0.8894231
627.1295,0.8894231
627.1495,0.8894231
627.1695,0.8894231
627.1895,0.8894231
627.2095,0.8894231
627.2296,0.8894231
627.2496,0.8894231
627.2696,0.8894231
627.2896,0.8894231
627.3096,0.8894231
627.3297,0.8894231
627.3497,0.8894231
627.3697,0.8894231
627.3897,0.8894231
627.4097,0.8894231
627.4297,0.8894231
627.4498,0.8894231
627.4698,0.8894231
627.4898,0.8894231
627.5098,0.8894231
627.5298,0.8894231
627.5499,0.8894231
627.5699,0.8894231
627.5899,0.8894231
627.6099,0.8894231
627.6299,0.8894231
627.65,0.8894231
627.67,0.8894231
627.69,0.8894231
627.71,0.8894231
627.73,0.8894231
627.7501,0.8894231
627.7701,0.8894231
627.7901,0.8894231
627.8101,0.8894231
627.8301,0.8894231
627.8502,0.8894231
627.8702,0.8894231
627.8902,0.8894231
627.9102,0.8894231
627.9302,0.8894231
627.9503,0.8894231
627.9703,0.8894231
627.9903,0.8894231
628.0103,0.8894231
628.0303,0.8894231
628.0504,0.8894231
628.0704,0.8894231
628.0904,0.8894231
628.1104,0.8894231
628.1304,0.8894231
628.1505,0.8894231
628.1705,0.8894231
628.1905,0.8894231
628.2105,0.8894231
628.2305,0.8894231
628.2505,0.8894231
628.2706,0.8894231
628.2906,0.8894231
628.3106,0.8894231
628.3306,0.8894231
628.3506,0.8894231
628.3707,0.8894231
628.3907,0.8894231
628.4107,0.8894231
628.4307,0.8894231
628.4507,0.8894231
628.4708,0.8894231
628.4908,0.8894231
628.5108,0.8894231
628.5308,0.8894231
628.5508,0.8894231
628.5709,0.8894231
628.5909,0.8894231
628.6109,0.8894231
628.6309,0.8894231
628.6509,0.8894231
628.671,0.8894231
628.691,0.8894231
628.711,0.8894231
628.731,0.8894231
628.751,0.8894231
628.7711,0.8894231
628.7911,0.8894231
628.8111,0.8894231
628.8311,0.8894231
628.8511,0.8894231
628.8712,0.8894231
628.8912,0.8894231
628.9112,0.8894231
628.9312,0.8894231
628.9512,0.8894231
628.9713,0.8894231
628.9913,0.8894231
629.0113,0.8894231
629.0313,0.8894231
629.0513,0.8894231
629.0714,0.8894231
629.0914,0.8894231
629.1114,0.8894231
629.1314,0.8894231
629.1514,0.8894231
629.1714,0.8894231
629.1915,0.8894231
629.2115,0.8894231
629.2315,0.8894231
629.2515,0.8894231
629.2715,0.8894231
629.2916,0.8894231
629.3116,0.8894231
629.3316,0.8894231
629.3516,0.8894231
629.3716,0.8894231
629.3917,0.8894231
629.4117,0.8894231
629.4317,0.8894231
629.4517,0.8894231
629.4717,0.8894231
629.4918,0.8894231
629.5118,0.8894231
629.5318,0.8894231
629.5518,0.8894231
629.5718,0.8894231
629.5919,0.8894231
629.6119,0.8894231
629.6319,0.8894231
629.6519,0.8894231
629.6719,0.8894231
629.692,0.8894231
629.712,0.8894231
629.732,0.8894231
629.752,0.8894231
629.772,0.8894231
629.7921,0.8894231
629.8121,0.8894231
629.8321,0.8894231
629.8521,0.8894231
629.8721,0.8894231
629.8922,0.8894231
629.9122,0.8894231
629.9322,0.8894231
629.9522,0.8894231
629.9722,0.8894231
629.9922,0.8894231
630.0123,0.8894231
630.0323,0.8894231
630.0523,0.8894231
630.0723,0.8894231
630.0923,0.8894231
630.1124,0.8894231
630.1324,0.8894231
630.1524,0.8894231
630.1724,0.8894231
630.1924,0.8894231
630.2125,0.8894231
630.2325,0.8894231
630.2525,0.8894231
630.2725,0.8894231
630.2925,0.8894231
630.3126,0.8894231
630.3326,0.8894231
630.3526,0.8894231
630.3726,0.8894231
630.3926,0.8894231
630.4127,0.8894231
630.4327,0.8894231
630.4527,0.8894231
630.4727,0.8894231
630.4927,0.8894231
630.5128,0.8894231
630.5328,0.8894231
630.5528,0.8894231
630.5728,0.8894231
630.5928,0.8894231
630.6129,0.8894231
630.6329,0.8894231
630.6529,0.8894231
630.6729,0.8894231
630.6929,0.8894231
630.713,0.8894231
630.733,0.8894231
630.753,0.8894231
630.773,0.8894231
630.793,0.8894231
630.813,0.8894231
630.8331,0.8894231
630.8531,0.8894231
630.8731,0.8894231
630.8931,0.8894231
630.9131,0.8894231
630.9332,0.8894231
630.9532,0.8894231
630.9732,0.8894231
630.9932,0.8894231
631.0132,0.8894231
631.0333,0.8894231
631.0533,0.8894231
631.0733,0.8894231
631.0933,0.8894231
631.1133,0.8894231
631.1334,0.8894231
631.1534,0.8894231
631.1734,0.8894231
631.1934,0.8894231
631.2134,0.8894231
631.2335,0.8894231
631.2535,0.8894231
631.2735,0.8894231
631.2935,0.8894231
631.3135,0.8894231
631.3336,0.8894231
631.3536,0.8894231
631.3736,0.8894231
631.3936,0.8894231
631.4136,0.8894231
631.4337,0.8894231
631.4537,0.8894231
631.4737,0.8894231
631.4937,0.8894231
631.5137,0.8894231
631.5338,0.8894231
631.5538,0.8894231
631.5738,0.8894231
631.5938,0.8894231
631.6138,0.8894231
631.6339,0.8894231
631.6539,0.8894231
631.6739,0.8894231
631.6939,0.8894231
631.7139,0.8894231
631.7339,0.8894231
631.754,0.8894231
631.774,0.8894231
631.794,0.8894231
631.814,0.8894231
631.834,0.8894231
631.8541,0.8894231
631.8741,0.8894231
631.8941,0.8894231
631.9141,0.8894231
631.9341,0.8894231
631.9542,0.8894231
631.9742,0.8894231
631.9942,0.8894231
632.0142,0.8894231
632.0342,0.8894231
632.0543,0.8894231
632.0743,0.8894231
632.0943,0.8894231
632.1143,0.8894231
632.1343,0.8894231
632.1544,0.8894231
632.1744,0.8894231
632.1944,0.8894231
632.2144,0.8894231
632.2344,0.8894231
632.2545,0.8894231
632.2745,0.8894231
632.2945,0.8894231
632.3145,0.8894231
632.3345,0.8894231
632.3546,0.8894231
632.3746,0.8894231
632.3946,0.8894231
632.4146,0.8894231
632.4346,0.8894231
632.4547,0.8894231
632.4747,0.8894231
632.4947,0.8894231
632.5147,0.8894231
632.5347,0.8894231
632.5547,0.8894231
632.5748,0.8894231
632.5948,0.8894231
632.6148,0.8894231
632.6348,0.8894231
632.6548,0.8894231
632.6749,0.8894231
632.6949,0.8894231
632.7149,0.8894231
632.7349,0.8894231
632.7549,0.8894231
632.775,0.8894231
632.795,0.8894231
632.815,0.8894231
632.835,0.8894231
632.855,0.8894231
632.8751,0.8894231
632.8951,0.8894231
632.9151,0.8894231
632.9351,0.8894231
632.9551,0.8894231
632.9752,0.8894231
632.9952,0.8894231
633.0152,0.8894231
633.0352,0.8894231
633.0552,0.8894231
633.0753,0.8894231
633.0953,0.8894231
633.1153,0.8894231
633.1353,0.8894231
633.1553,0.8894231
633.1754,0.8894231
633.1954,0.8894231
633.2154,0.8894231
633.2354,0.8894231
633.2554,0.8894231
633.2755,0.8894231
633.2955,0.8894231
633.3155,0.8894231
633.3355,0.8894231
633.3555,0.8894231
633.3755,0.8894231
633.3956,0.8894231
633.4156,0.8894231
633.4356,0.8894231
633.4556,0.8894231
633.4756,0.8894231
633.4957,0.8894231
633.5157,0.8894231
633.5357,0.8894231
633.5557,0.8894231
633.5757,0.8894231
633.5958,0.8894231
633.6158,0.8894231
633.6358,0.8894231
633.6558,0.8894231
633.6758,0.8894231
633.6959,0.8894231
633.7159,0.8894231
633.7359,0.8894231
633.7559,0.8894231
633.7759,0.8894231
633.796,0.8894231
633.816,0.8894231
633.836,0.8894231
633.856,0.8894231
633.876,0.8894231
633.8961,0.8894231
633.9161,0.8894231
633.9361,0.8894231
633.9561,0.8894231
633.9761,0.8894231
633.9962,0.8894231
634.0162,0.8894231
634.0362,0.8894231
634.0562,0.8894231
634.0762,0.8894231
634.0963,0.8894231
634.1163,0.8894231
634.1363,0.8894231
634.1563,0.8894231
634.1763,0.8894231
634.1964,0.8894231
634.2164,0.8894231
634.2364,0.8894231
634.2564,0.8894231
634.2764,0.8894231
634.2964,0.8894231
634.3165,0.8894231
634.3365,0.8894231
634.3565,0.8894231
634.3765,0.8894231
634.3965,0.8894231
634.4166,0.8894231
634.4366,0.8894231
634.4566,0.8894231
634.4766,0.8894231
634.4966,0.8894231
634.5167,0.8894231
634.5367,0.8894231
634.5567,0.8894231
634.5767,0.8894231
634.5967,0.8894231
634.6168,0.8894231
634.6368,0.8894231
634.6568,0.8894231
634.6768,0.8894231
634.6968,0.8894231
634.7169,0.8894231
634.7369,0.8894231
634.7569,0.8894231
634.7769,0.8894231
634.7969,0.8894231
634.817,0.8894231
634.837,0.8894231
634.857,0.8894231
634.877,0.8894231
634.897,0.8894231
634.9171,0.8894231
634.9371,0.8894231
634.9571,0.8894231
634.9771,0.8894231
634.9971,0.8894231
635.0172,0.8894231
635.0372,0.8894231
635.0572,0.8894231
635.0772,0.8894231
635.0972,0.8894231
635.1172,0.8894231
635.1373,0.8894231
635.1573,0.8894231
635.1773,0.8894231
635.1973,0.8894231
635.2173,0.8894231
635.2374,0.8894231
635.2574,0.8894231
635.2774,0.8894231
635.2974,0.8894231
635.3174,0.8894231
635.3375,0.8894231
635.3575,0.8894231
635.3775,0.8894231
635.3975,0.8894231
635.4175,0.8894231
635.4376,0.8894231
635.4576,0.8894231
635.4776,0.8894231
635.4976,0.8894231
635.5176,0.8894231
635.5377,0.8894231
635.5577,0.8894231
635.5777,0.8894231
635.5977,0.8894231
635.6177,0.8894231
635.6378,0.8894231
635.6578,0.8894231
635.6778,0.8942308
635.6978,0.8942308
635.7178,0.8942308
635.7379,0.8942308
635.7579,0.8942308
635.7779,0.8942308
635.7979,0.8942308
635.8179,0.8942308
635.838,0.8942308
635.858,0.8942308
635.878,0.8942308
635.898,0.8942308
635.918,0.8942308
635.938,0.8942308
635.9581,0.8942308
635.9781,0.8942308
635.9981,0.8942308
636.0181,0.8942308
636.0381,0.8942308
636.0582,0.8942308
636.0782,0.8942308
636.0982,0.8942308
636.1182,0.8942308
636.1382,0.8942308
636.1583,0.8942308
636.1783,0.8942308
636.1983,0.8942308
636.2183,0.8942308
636.2383,0.8942308
636.2584,0.8942308
636.2784,0.8942308
636.2984,0.8942308
636.3184,0.8942308
636.3384,0.8942308
636.3585,0.8942308
636.3785,0.8942308
636.3985,0.8942308
636.4185,0.8942308
636.4385,0.8942308
636.4586,0.8942308
636.4786,0.8942308
636.4986,0.8942308
636.5186,0.8942308
636.5386,0.8942308
636.5587,0.8942308
636.5787,0.8942308
636.5987,0.8942308
636.6187,0.8942308
636.6387,0.8942308
636.6588,0.8942308
636.6788,0.8942308
636.6988,0.8942308
636.7188,0.8942308
636.7388,0.8942308
636.7589,0.8942308
636.7789,0.8942308
636.7989,0.8942308
636.8189,0.8942308
636.8389,0.8942308
636.8589,0.8942308
636.879,0.8942308
636.899,0.8942308
636.919,0.8942308
636.939,0.8942308
636.959,0.8942308
636.9791,0.8942308
636.9991,0.8942308
637.0191,0.8942308
637.0391,0.8942308
637.0591,0.8942308
637.0792,0.8942308
637.0992,0.8942308
637.1192,0.8942308
637.1392,0.8942308
637.1592,0.8942308
637.1793,0.8942308
637.1993,0.8942308
637.2193,0.8942308
637.2393,0.8942308
637.2593,0.8942308
637.2794,0.8942308
637.2994,0.8942308
637.3194,0.8942308
637.3394,0.8942308
637.3594,0.8942308
637.3795,0.8942308
637.3995,0.8942308
637.4195,0.8942308
637.4395,0.8942308
637.4595,0.8942308
637.4796,0.8942308
637.4996,0.8942308
637.5196,0.8942308
637.5396,0.8942308
637.5596,0.8942308
637.5797,0.8942308
637.5997,0.8942308
637.6197,0.8942308
637.6397,0.8942308
637.6597,0.8942308
637.6797,0.8942308
637.6998,0.8942308
637.7198,0.8942308
637.7398,0.8942308
637.7598,0.8942308
637.7798,0.8942308
637.7999,0.8942308
637.8199,0.8942308
637.8399,0.8942308
637.8599,0.8942308
637.8799,0.8942308
637.9,0.8942308
637.92,0.8942308
637.94,0.8942308
637.96,0.8942308
637.98,0.8942308
638.0001,0.8942308
638.0201,0.8942308
638.0401,0.8942308
638.0601,0.8942308
638.0801,0.8942308
638.1002,0.8942308
638.1202,0.8942308
638.1402,0.8942308
638.1602,0.8942308
638.1802,0.8942308
638.2003,0.8942308
638.2203,0.8942308
638.2403,0.8942308
638.2603,0.8942308
638.2803,0.8942308
638.3004,0.8942308
638.3204,0.8942308
638.3404,0.8942308
638.3604,0.8942308
638.3804,0.8942308
638.4005,0.8942308
638.4205,0.8942308
638.4405,0.8942308
638.4605,0.8942308
638.4805,0.8942308
638.5005,0.8942308
638.5206,0.8942308
638.5406,0.8942308
638.5606,0.8942308
638.5806,0.8942308
638.6006,0.8942308
638.6207,0.8942308
638.6407,0.8942308
638.6607,0.8942308
638.6807,0.8942308
638.7007,0.8942308
638.7208,0.8942308
638.7408,0.8942308
638.7608,0.8942308
638.7808,0.8942308
638.8008,0.8942308
638.8209,0.8942308
638.8409,0.8942308
638.8609,0.8942308
638.8809,0.8942308
638.9009,0.8942308
638.921,0.8942308
638.941,0.8942308
638.961,0.8942308
638.981,0.8942308
639.001,0.8942308
639.0211,0.8942308
639.0411,0.8942308
639.0611,0.8942308
639.0811,0.8942308
639.1011,0.8942308
639.1212,0.8942308
639.1412,0.8942308
639.1612,0.8942308
639.1812,0.8942308
639.2012,0.8942308
639.2213,0.8942308
639.2413,0.8942308
639.2613,0.8942308
639.2813,0.8942308
639.3013,0.8942308
639.3214,0.8942308
639.3414,0.8942308
639.3614,0.8942308
639.3814,0.8942308
639.4014,0.8942308
639.4214,0.8942308
639.4415,0.8942308
639.4615,0.8942308
639.4815,0.8942308
639.5015,0.8942308
639.5215,0.8942308
639.5416,0.8942308
639.5616,0.8942308
639.5816,0.8942308
639.6016,0.8942308
639.6216,0.8942308
639.6417,0.8942308
639.6617,0.8942308
639.6817,0.8942308
639.7017,0.8942308
639.7217,0.8942308
639.7418,0.8942308
639.7618,0.8942308
639.7818,0.8942308
639.8018,0.8942308
639.8218,0.8942308
639.8419,0.8942308
639.8619,0.8942308
639.8819,0.8942308
639.9019,0.8942308
639.9219,0.8942308
639.942,0.8942308
639.962,0.8942308
639.982,0.8942308
640.002,0.8942308
640.022,0.8942308
640.0421,0.8942308
640.0621,0.8942308
640.0821,0.8942308
640.1021,0.8942308
640.1221,0.8942308
640.1422,0.8942308
640.1622,0.8942308
640.1822,0.8942308
640.2022,0.8942308
640.2222,0.8942308
640.2422,0.8942308
640.2623,0.8942308
640.2823,0.8942308
640.3023,0.8942308
640.3223,0.8942308
640.3423,0.8942308
640.3624,0.8942308
640.3824,0.8942308
640.4024,0.8942308
640.4224,0.8942308
640.4424,0.8942308
640.4625,0.8942308
640.4825,0.8942308
640.5025,0.8942308
640.5225,0.8942308
640.5425,0.8942308
640.5626,0.8942308
640.5826,0.8942308
640.6026,0.8942308
640.6226,0.8942308
640.6426,0.8942308
640.6627,0.8942308
640.6827,0.8942308
640.7027,0.8942308
640.7227,0.8942308
640.7427,0.8942308
640.7628,0.8942308
640.7828,0.8942308
640.8028,0.8942308
640.8228,0.8942308
640.8428,0.8942308
640.8629,0.8942308
640.8829,0.8942308
640.9029,0.8942308
640.9229,0.8942308
640.9429,0.8942308
640.963,0.8942308
640.983,0.8942308
641.003,0.8942308
641.023,0.8942308
641.043,0.8942308
641.063,0.8942308
641.0831,0.8942308
641.1031,0.8942308
641.1231,0.8942308
641.1431,0.8942308
641.1631,0.8942308
641.1832,0.8942308
641.2032,0.8942308
641.2232,0.8942308
641.2432,0.8942308
641.2632,0.8942308
641.2833,0.8942308
641.3033,0.8942308
641.3233,0.8942308
641.3433,0.8942308
641.3633,0.8942308
641.3834,0.8942308
641.4034,0.8942308
641.4234,0.8942308
641.4434,0.8942308
641.4634,0.8942308
641.4835,0.8942308
641.5035,0.8942308
641.5235,0.8942308
641.5435,0.8942308
641.5635,0.8942308
641.5836,0.8942308
641.6036,0.8942308
641.6236,0.8942308
641.6436,0.8942308
641.6636,0.8942308
641.6837,0.8942308
641.7037,0.8942308
641.7237,0.8942308
641.7437,0.8942308
641.7637,0.8942308
641.7838,0.8942308
641.8038,0.8942308
641.8238,0.8942308
641.8438,0.8942308
641.8638,0.8942308
641.8839,0.8942308
641.9039,0.8942308
641.9239,0.8942308
641.9439,0.8942308
641.9639,0.8942308
641.9839,0.8942308
642.004,0.8942308
642.024,0.8942308
642.044,0.8942308
642.064,0.8942308
642.084,0.8942308
642.1041,0.8942308
642.1241,0.8942308
642.1441,0.8942308
642.1641,0.8942308
642.1841,0.8942308
642.2042,0.8942308
642.2242,0.8942308
642.2442,0.8942308
642.2642,0.8942308
642.2842,0.8942308
642.3043,0.8942308
642.3243,0.8942308
642.3443,0.8942308
642.3643,0.8942308
642.3843,0.8942308
642.4044,0.8942308
642.4244,0.8942308
642.4444,0.8942308
642.4644,0.8942308
642.4844,0.8942308
642.5045,0.8942308
642.5245,0.8942308
642.5445,0.8942308
642.5645,0.8942308
642.5845,0.8942308
642.6046,0.8942308
642.6246,0.8942308
642.6446,0.8942308
642.6646,0.8942308
642.6846,0.8942308
642.7047,0.8942308
642.7247,0.8942308
642.7447,0.8942308
642.7647,0.8942308
642.7847,0.8942308
642.8047,0.8942308
642.8248,0.8942308
642.8448,0.8942308
642.8648,0.8942308
642.8848,0.8942308
642.9048,0.8942308
642.9249,0.8942308
642.9449,0.8942308
642.9649,0.8942308
642.9849,0.8942308
643.0049,0.8942308
643.025,0.8942308
643.045,0.8942308
643.065,0.8942308
643.085,0.8942308
643.105,0.8942308
643.1251,0.8942308
643.1451,0.8942308
643.1651,0.8942308
643.1851,0.8942308
643.2051,0.8942308
643.2252,0.8942308
643.2452,0.8942308
643.2652,0.8942308
643.2852,0.8942308
643.3052,0.8942308
643.3253,0.8942308
643.3453,0.8942308
643.3653,0.8942308
643.3853,0.8942308
643.4053,0.8942308
643.4254,0.8942308
643.4454,0.8942308
643.4654,0.8942308
643.4854,0.8942308
643.5054,0.8942308
643.5255,0.8942308
643.5455,0.8942308
643.5655,0.8942308
643.5855,0.8942308
643.6055,0.8942308
643.6255,0.8942308
643.6456,0.8942308
643.6656,0.8942308
643.6856,0.8942308
643.7056,0.8942308
643.7256,0.8942308
643.7457,0.8942308
643.7657,0.8942308
643.7857,0.8942308
643.8057,0.8942308
643.8257,0.8942308
643.8458,0.8942308
643.8658,0.8942308
643.8858,0.8942308
643.9058,0.8942308
643.9258,0.8942308
643.9459,0.8942308
643.9659,0.8942308
643.9859,0.8942308
644.0059,0.8942308
644.0259,0.8942308
644.046,0.8942308
644.066,0.8942308
644.086,0.8942308
644.106,0.8942308
644.126,0.8942308
644.1461,0.8942308
644.1661,0.8942308
644.1861,0.8942308
644.2061,0.8942308
644.2261,0.8942308
644.2462,0.8942308
644.2662,0.8942308
644.2862,0.8942308
644.3062,0.8942308
644.3262,0.8942308
644.3463,0.8942308
644.3663,0.8942308
644.3863,0.8942308
644.4063,0.8942308
644.4263,0.8942308
644.4464,0.8942308
644.4664,0.8942308
644.4864,0.8942308
644.5064,0.8942308
644.5264,0.8942308
644.5464,0.8942308
644.5665,0.8942308
644.5865,0.8942308
644.6065,0.8942308
644.6265,0.8942308
644.6465,0.8942308
644.6666,0.8942308
644.6866,0.8942308
644.7066,0.8942308
644.7266,0.8942308
644.7466,0.8942308
644.7667,0.8942308
644.7867,0.8942308
644.8067,0.8942308
644.8267,0.8942308
644.8467,0.8942308
644.8668,0.8942308
644.8868,0.8942308
644.9068,0.8942308
644.9268,0.8942308
644.9468,0.8942308
644.9669,0.8942308
644.9869,0.8942308
645.0069,0.8942308
645.0269,0.8942308
645.0469,0.8942308
645.067,0.8942308
645.087,0.8942308
645.107,0.8942308
645.127,0.8942308
645.147,0.8942308
645.1671,0.8942308
645.1871,0.8942308
645.2071,0.8942308
645.2271,0.8942308
645.2471,0.8942308
645.2672,0.8942308
645.2872,0.8942308
645.3072,0.8942308
645.3272,0.8942308
645.3472,0.8942308
645.3672,0.8942308
645.3873,0.8942308
645.4073,0.8942308
645.4273,0.8942308
645.4473,0.8942308
645.4673,0.8942308
645.4874,0.8942308
645.5074,0.8942308
645.5274,0.8942308
645.5474,0.8942308
645.5674,0.8942308
645.5875,0.8942308
645.6075,0.8942308
645.6275,0.8942308
645.6475,0.8942308
645.6675,0.8942308
645.6876,0.8942308
645.7076,0.8942308
645.7276,0.8942308
645.7476,0.8942308
645.7676,0.8942308
645.7877,0.8942308
645.8077,0.8942308
645.8277,0.8942308
645.8477,0.8942308
645.8677,0.8942308
645.8878,0.8942308
645.9078,0.8942308
645.9278,0.8942308
645.9478,0.8942308
645.9678,0.8942308
645.9879,0.8942308
646.0079,0.8942308
646.0279,0.8942308
646.0479,0.8942308
646.0679,0.8942308
646.088,0.8942308
646.108,0.8942308
646.128,0.8942308
646.148,0.8942308
646.168,0.8942308
646.188,0.8942308
646.2081,0.8942308
646.2281,0.8942308
646.2481,0.8942308
646.2681,0.8942308
646.2881,0.8942308
646.3082,0.8942308
646.3282,0.8942308
646.3482,0.8942308
646.3682,0.8942308
646.3882,0.8942308
646.4083,0.8942308
646.4283,0.8942308
646.4483,0.8942308
646.4683,0.8942308
646.4883,0.8942308
646.5084,0.8942308
646.5284,0.8942308
646.5484,0.8942308
646.5684,0.8942308
646.5884,0.8942308
646.6085,0.8942308
646.6285,0.8942308
646.6485,0.8942308
646.6685,0.8942308
646.6885,0.8942308
646.7086,0.8942308
646.7286,0.8942308
646.7486,0.8942308
646.7686,0.8942308
646.7886,0.8942308
646.8087,0.8942308
646.8287,0.8942308
646.8487,0.8942308
646.8687,0.8942308
646.8887,0.8942308
646.9088,0.8942308
646.9288,0.8942308
646.9488,0.8942308
646.9688,0.8942308
646.9888,0.8942308
647.0089,0.8942308
647.0289,0.8942308
647.0489,0.8942308
647.0689,0.8942308
647.0889,0.8942308
647.1089,0.8942308
647.129,0.8942308
647.149,0.8942308
647.169,0.8942308
647.189,0.8942308
647.209,0.8942308
647.2291,0.8942308
647.2491,0.8942308
647.2691,0.8942308
647.2891,0.8942308
647.3091,0.8942308
647.3292,0.8942308
647.3492,0.8942308
647.3692,0.8942308
647.3892,0.8942308
647.4092,0.8942308
647.4293,0.8942308
647.4493,0.8942308
647.4693,0.8942308
647.4893,0.8942308
647.5093,0.8942308
647.5294,0.8942308
647.5494,0.8942308
647.5694,0.8942308
647.5894,0.8942308
647.6094,0.8942308
647.6295,0.8942308
647.6495,0.8942308
647.6695,0.8942308
647.6895,0.8942308
647.7095,0.8942308
647.7296,0.8942308
647.7496,0.8942308
647.7696,0.8942308
647.7896,0.8942308
647.8096,0.8942308
647.8297,0.8942308
647.8497,0.8942308
647.8697,0.8942308
647.8897,0.8942308
647.9097,0.8942308
647.9297,0.8942308
647.9498,0.8942308
647.9698,0.8942308
647.9898,0.8942308
648.0098,0.8942308
648.0298,0.8942308
648.0499,0.8942308
648.0699,0.8942308
648.0899,0.8942308
648.1099,0.8942308
648.1299,0.8942308
648.15,0.8942308
648.17,0.8942308
648.19,0.8942308
648.21,0.8942308
648.23,0.8942308
648.2501,0.8942308
648.2701,0.8942308
648.2901,0.8942308
648.3101,0.8942308
648.3301,0.8942308
648.3502,0.8942308
648.3702,0.8942308
648.3902,0.8942308
648.4102,0.8942308
648.4302,0.8942308
648.4503,0.8942308
648.4703,0.8942308
648.4903,0.8942308
648.5103,0.8942308
648.5303,0.8942308
648.5504,0.8942308
648.5704,0.8942308
648.5904,0.8942308
648.6104,0.8942308
648.6304,0.8942308
648.6505,0.8942308
648.6705,0.8942308
648.6905,0.8942308
648.7105,0.8942308
648.7305,0.8942308
648.7505,0.8942308
648.7706,0.8942308
648.7906,0.8942308
648.8106,0.8942308
648.8306,0.8942308
648.8506,0.8942308
648.8707,0.8942308
648.8907,0.8942308
648.9107,0.8942308
648.9307,0.8942308
648.9507,0.8942308
648.9708,0.8942308
648.9908,0.8942308
649.0108,0.8942308
649.0308,0.8942308
649.0508,0.8942308
649.0709,0.8942308
649.0909,0.8942308
649.1109,0.8942308
649.1309,0.8942308
649.1509,0.8942308
649.171,0.8942308
649.191,0.8942308
649.211,0.8942308
649.231,0.8942308
649.251,0.8942308
649.2711,0.8942308
649.2911,0.8942308
649.3111,0.8942308
649.3311,0.8942308
649.3511,0.8942308
649.3712,0.8942308
649.3912,0.8942308
649.4112,0.8942308
649.4312,0.8942308
649.4512,0.8942308
649.4713,0.8942308
649.4913,0.8942308
649.5113,0.8942308
649.5313,0.8942308
649.5513,0.8942308
649.5714,0.8942308
649.5914,0.8942308
649.6114,0.8942308
649.6314,0.8942308
649.6514,0.8942308
649.6714,0.8942308
649.6915,0.8942308
649.7115,0.8942308
649.7315,0.8942308
649.7515,0.8942308
649.7715,0.8942308
649.7916,0.8942308
649.8116,0.8942308
649.8316,0.8942308
649.8516,0.8942308
649.8716,0.8942308
649.8917,0.8942308
649.9117,0.8942308
649.9317,0.8942308
649.9517,0.8942308
649.9717,0.8942308
649.9918,0.8942308
650.0118,0.8942308
650.0318,0.8942308
650.0518,0.8942308
650.0718,0.8942308
650.0919,0.8942308
650.1119,0.8942308
650.1319,0.8942308
650.1519,0.8942308
650.1719,0.8942308
650.192,0.8942308
650.212,0.8942308
650.232,0.8942308
650.252,0.8942308
650.272,0.8942308
650.2921,0.8942308
650.3121,0.8942308
650.3321,0.8942308
650.3521,0.8942308
650.3721,0.8942308
650.3922,0.8942308
650.4122,0.8942308
650.4322,0.8942308
650.4522,0.8942308
650.4722,0.8942308
650.4922,0.8942308
650.5123,0.8942308
650.5323,0.8942308
650.5523,0.8942308
650.5723,0.8942308
650.5923,0.8942308
650.6124,0.8942308
650.6324,0.8942308
650.6524,0.8942308
650.6724,0.8942308
650.6924,0.8942308
650.7125,0.8942308
650.7325,0.8942308
650.7525,0.8942308
650.7725,0.8942308
650.7925,0.8942308
650.8126,0.8942308
650.8326,0.8942308
650.8526,0.8942308
650.8726,0.8942308
650.8926,0.8942308
650.9127,0.8942308
650.9327,0.8942308
650.9527,0.8942308
650.9727,0.8942308
650.9927,0.8942308
651.0128,0.8942308
651.0328,0.8942308
651.0528,0.8942308
651.0728,0.8942308
651.0928,0.8942308
651.1129,0.8942308
651.1329,0.8942308
651.1529,0.8942308
651.1729,0.8942308
651.1929,0.8942308
651.213,0.8942308
651.233,0.8942308
651.253,0.8942308
651.273,0.8942308
651.293,0.8942308
651.313,0.8942308
651.3331,0.8942308
651.3531,0.8942308
651.3731,0.8942308
651.3931,0.8942308
651.4131,0.8942308
651.4332,0.8942308
651.4532,0.8942308
651.4732,0.8942308
651.4932,0.8942308
651.5132,0.8942308
651.5333,0.8942308
651.5533,0.8942308
651.5733,0.8942308
651.5933,0.8942308
651.6133,0.8942308
651.6334,0.8942308
651.6534,0.8942308
651.6734,0.8942308
651.6934,0.8942308
651.7134,0.8942308
651.7335,0.8942308
651.7535,0.8942308
651.7735,0.8942308
651.7935,0.8942308
651.8135,0.8942308
651.8336,0.8942308
651.8536,0.8942308
651.8736,0.8942308
651.8936,0.8942308
651.9136,0.8942308
651.9337,0.8942308
651.9537,0.8942308
651.9737,0.8942308
651.9937,0.8942308
652.0137,0.8942308
652.0338,0.8942308
652.0538,0.8942308
652.0738,0.8942308
652.0938,0.8942308
652.1138,0.8942308
652.1339,0.8942308
652.1539,0.8942308
652.1739,0.8942308
652.1939,0.8942308
652.2139,0.8942308
652.2339,0.8942308
652.254,0.8942308
652.274,0.8942308
652.294,0.8942308
652.314,0.8942308
652.334,0.8942308
652.3541,0.8942308
652.3741,0.8942308
652.3941,0.8942308
652.4141,0.8942308
652.4341,0.8942308
652.4542,0.8942308
652.4742,0.8942308
652.4942,0.8942308
652.5142,0.8942308
652.5342,0.8942308
652.5543,0.8942308
652.5743,0.8942308
652.5943,0.8942308
652.6143,0.8942308
652.6343,0.8942308
652.6544,0.8942308
652.6744,0.8942308
652.6944,0.8942308
652.7144,0.8942308
652.7344,0.8942308
652.7545,0.8942308
652.7745,0.8942308
652.7945,0.8942308
652.8145,0.8942308
652.8345,0.8942308
652.8546,0.8942308
652.8746,0.8942308
652.8946,0.8942308
652.9146,0.8942308
652.9346,0.8942308
652.9547,0.8942308
652.9747,0.8942308
652.9947,0.8942308
653.0147,0.8942308
653.0347,0.8942308
653.0547,0.8942308
653.0748,0.8942308
653.0948,0.8942308
653.1148,0.8942308
653.1348,0.8942308
653.1548,0.8942308
653.1749,0.8942308
653.1949,0.8942308
653.2149,0.8942308
653.2349,0.8942308
653.2549,0.8942308
653.275,0.8942308
653.295,0.8942308
653.315,0.8942308
653.335,0.8942308
653.355,0.8942308
653.3751,0.8942308
653.3951,0.8942308
653.4151,0.8942308
653.4351,0.8942308
653.4551,0.8942308
653.4752,0.8942308
653.4952,0.8942308
653.5152,0.8942308
653.5352,0.8942308
653.5552,0.8942308
653.5753,0.8942308
653.5953,0.8942308
653.6153,0.8942308
653.6353,0.8942308
653.6553,0.8942308
653.6754,0.8942308
653.6954,0.8942308
653.7154,0.8942308
653.7354,0.8942308
653.7554,0.8942308
653.7755,0.8942308
653.7955,0.8942308
653.8155,0.8942308
653.8355,0.8942308
653.8555,0.8942308
653.8755,0.8942308
653.8956,0.8942308
653.9156,0.8942308
653.9356,0.8942308
653.9556,0.8942308
653.9756,0.8942308
653.9957,0.8942308
654.0157,0.8942308
654.0357,0.8942308
654.0557,0.8942308
654.0757,0.8942308
654.0958,0.8942308
654.1158,0.8942308
654.1358,0.8942308
654.1558,0.8942308
654.1758,0.8942308
654.1959,0.8942308
654.2159,0.8942308
654.2359,0.8942308
654.2559,0.8942308
654.2759,0.8942308
654.296,0.8942308
654.316,0.8942308
654.336,0.8942308
654.356,0.8942308
654.376,0.8942308
654.3961,0.8942308
654.4161,0.8942308
654.4361,0.8942308
654.4561,0.8942308
654.4761,0.8942308
654.4962,0.8942308
654.5162,0.8942308
654.5362,0.8942308
654.5562,0.8942308
654.5762,0.8942308
654.5963,0.8942308
654.6163,0.8942308
654.6363,0.8942308
654.6563,0.8942308
654.6763,0.8942308
654.6964,0.8942308
654.7164,0.8942308
654.7364,0.8942308
654.7564,0.8942308
654.7764,0.8942308
654.7964,0.8942308
654.8165,0.8942308
654.8365,0.8942308
654.8565,0.8942308
654.8765,0.8942308
654.8965,0.8942308
654.9166,0.8942308
654.9366,0.8942308
654.9566,0.8942308
654.9766,0.8942308
654.9966,0.8942308
655.0167,0.8942308
655.0367,0.8942308
655.0567,0.8942308
655.0767,0.8942308
655.0967,0.8942308
655.1168,0.8942308
655.1368,0.8942308
655.1568,0.8942308
655.1768,0.8942308
655.1968,0.8942308
655.2169,0.8942308
655.2369,0.8942308
655.2569,0.8942308
655.2769,0.8942308
655.2969,0.8942308
655.317,0.8942308
655.337,0.8942308
655.357,0.8942308
655.377,0.8942308
655.397,0.8942308
655.4171,0.8942308
655.4371,0.8942308
655.4571,0.8942308
655.4771,0.8942308
655.4971,0.8942308
655.5172,0.8942308
655.5372,0.8942308
655.5572,0.8942308
655.5772,0.8942308
655.5972,0.8942308
655.6172,0.8942308
655.6373,0.8942308
655.6573,0.8942308
655.6773,0.8942308
655.6973,0.8942308
655.7173,0.8942308
655.7374,0.8942308
655.7574,0.8942308
655.7774,0.8942308
655.7974,0.8942308
655.8174,0.8942308
655.8375,0.8942308
655.8575,0.8942308
655.8775,0.8942308
655.8975,0.8942308
655.9175,0.8942308
655.9376,0.8942308
655.9576,0.8942308
655.9776,0.8942308
655.9976,0.8942308
656.0176,0.8942308
656.0377,0.8942308
656.0577,0.8942308
656.0777,0.8942308
656.0977,0.8942308
656.1177,0.8942308
656.1378,0.8942308
656.1578,0.8942308
656.1778,0.8942308
656.1978,0.8942308
656.2178,0.8942308
656.2379,0.8942308
656.2579,0.8942308
656.2779,0.8942308
656.2979,0.8942308
656.3179,0.8942308
656.338,0.8942308
656.358,0.8942308
656.378,0.8942308
656.398,0.8942308
656.418,0.8942308
656.438,0.8942308
656.4581,0.8942308
656.4781,0.8942308
656.4981,0.8942308
656.5181,0.8942308
656.5381,0.8942308
656.5582,0.8942308
656.5782,0.8942308
656.5982,0.8942308
656.6182,0.8942308
656.6382,0.8942308
656.6583,0.8942308
656.6783,0.8942308
656.6983,0.8942308
656.7183,0.8942308
656.7383,0.8942308
656.7584,0.8942308
656.7784,0.8942308
656.7984,0.8942308
656.8184,0.8942308
656.8384,0.8942308
656.8585,0.8942308
656.8785,0.8942308
656.8985,0.8942308
656.9185,0.8942308
656.9385,0.8942308
656.9586,0.8942308
656.9786,0.8942308
656.9986,0.8942308
657.0186,0.8942308
657.0386,0.8942308
657.0587,0.8942308
657.0787,0.8942308
657.0987,0.8942308
657.1187,0.8942308
657.1387,0.8942308
657.1588,0.8942308
657.1788,0.8942308
657.1988,0.8942308
657.2188,0.8942308
657.2388,0.8942308
657.2589,0.8942308
657.2789,0.8942308
657.2989,0.8942308
657.3189,0.8942308
657.3389,0.8942308
657.3589,0.8942308
657.379,0.8942308
657.399,0.8942308
657.419,0.8942308
657.439,0.8942308
657.459,0.8942308
657.4791,0.8942308
657.4991,0.8942308
657.5191,0.8942308
657.5391,0.8942308
657.5591,0.8942308
657.5792,0.8942308
657.5992,0.8942308
657.6192,0.8942308
657.6392,0.8942308
657.6592,0.8942308
657.6793,0.8942308
657.6993,0.8942308
657.7193,0.8942308
657.7393,0.8942308
657.7593,0.8942308
657.7794,0.8942308
657.7994,0.8942308
657.8194,0.8942308
657.8394,0.8942308
657.8594,0.8942308
657.8795,0.8942308
657.8995,0.8942308
657.9195,0.8942308
657.9395,0.8942308
657.9595,0.8942308
657.9796,0.8942308
657.9996,0.8942308
658.0196,0.8942308
658.0396,0.8942308
658.0596,0.8942308
658.0797,0.8942308
658.0997,0.8942308
658.1197,0.8942308
658.1397,0.8942308
658.1597,0.8942308
658.1797,0.8942308
658.1998,0.8942308
658.2198,0.8942308
658.2398,0.8942308
658.2598,0.8942308
658.2798,0.8942308
658.2999,0.8942308
658.3199,0.8942308
658.3399,0.8942308
658.3599,0.8942308
658.3799,0.8942308
658.4,0.8942308
658.42,0.8942308
658.44,0.8942308
658.46,0.8942308
658.48,0.8942308
658.5001,0.8942308
658.5201,0.8942308
658.5401,0.8942308
658.5601,0.8942308
658.5801,0.8942308
658.6002,0.8942308
658.6202,0.8942308
658.6402,0.8942308
658.6602,0.8942308
658.6802,0.8942308
658.7003,0.8942308
658.7203,0.8942308
658.7403,0.8942308
658.7603,0.8942308
658.7803,0.8942308
658.8004,0.8942308
658.8204,0.8942308
658.8404,0.8942308
658.8604,0.8942308
658.8804,0.8942308
658.9005,0.8942308
658.9205,0.8942308
658.9405,0.8942308
658.9605,0.8942308
658.9805,0.8942308
659.0005,0.8942308
659.0206,0.8942308
659.0406,0.8942308
659.0606,0.8942308
659.0806,0.8942308
659.1006,0.8942308
659.1207,0.8942308
659.1407,0.8942308
659.1607,0.8942308
659.1807,0.8942308
659.2007,0.8942308
659.2208,0.8942308
659.2408,0.8942308
659.2608,0.8942308
659.2808,0.8942308
659.3008,0.8942308
659.3209,0.8942308
659.3409,0.8942308
659.3609,0.8942308
659.3809,0.8942308
659.4009,0.8942308
659.421,0.8942308
659.441,0.8942308
659.461,0.8942308
659.481,0.8942308
659.501,0.8942308
659.5211,0.8942308
659.5411,0.8942308
659.5611,0.8942308
659.5811,0.8942308
659.6011,0.8942308
659.6212,0.8942308
659.6412,0.8942308
659.6612,0.8942308
659.6812,0.8942308
659.7012,0.8942308
659.7213,0.8942308
659.7413,0.8942308
659.7613,0.8942308
659.7813,0.8942308
659.8013,0.8942308
659.8214,0.8942308
659.8414,0.8942308
659.8614,0.8942308
659.8814,0.8942308
659.9014,0.8942308
659.9214,0.8942308
659.9415,0.8942308
659.9615,0.8942308
659.9815,0.8942308
660.0015,0.8942308
660.0215,0.8942308
660.0416,0.8942308
660.0616,0.8942308
660.0816,0.8942308
660.1016,0.8942308
660.1216,0.8942308
660.1417,0.8942308
660.1617,0.8942308
660.1817,0.8942308
660.2017,0.8942308
660.2217,0.8942308
660.2418,0.8942308
660.2618,0.8942308
660.2818,0.8942308
660.3018,0.8942308
660.3218,0.8942308
660.3419,0.8942308
660.3619,0.8942308
660.3819,0.8942308
660.4019,0.8942308
660.4219,0.8942308
660.442,0.8942308
660.462,0.8942308
660.482,0.8942308
660.502,0.8942308
660.522,0.8942308
660.5421,0.8942308
660.5621,0.8942308
660.5821,0.8942308
660.6021,0.8942308
660.6221,0.8942308
660.6422,0.8942308
660.6622,0.8942308
660.6822,0.8942308
660.7022,0.8942308
660.7222,0.8942308
660.7422,0.8942308
660.7623,0.8942308
660.7823,0.8942308
660.8023,0.8942308
660.8223,0.8942308
660.8423,0.8942308
660.8624,0.8942308
660.8824,0.8942308
660.9024,0.8942308
660.9224,0.8942308
660.9424,0.8942308
660.9625,0.8942308
660.9825,0.8942308
661.0025,0.8942308
661.0225,0.8942308
661.0425,0.8942308
661.0626,0.8942308
661.0826,0.8942308
661.1026,0.8942308
661.1226,0.8942308
661.1426,0.8942308
661.1627,0.8942308
661.1827,0.8942308
661.2027,0.8942308
661.2227,0.8942308
661.2427,0.8942308
661.2628,0.8942308
661.2828,0.8942308
661.3028,0.8942308
661.3228,0.8942308
661.3428,0.8942308
661.3629,0.8942308
661.3829,0.8942308
661.4029,0.8942308
661.4229,0.8942308
661.4429,0.8942308
661.463,0.8942308
661.483,0.8942308
661.503,0.8942308
661.523,0.8942308
661.543,0.8942308
661.563,0.8942308
661.5831,0.8942308
661.6031,0.8942308
661.6231,0.8942308
661.6431,0.8942308
661.6631,0.8942308
661.6832,0.8942308
661.7032,0.8942308
661.7232,0.8942308
661.7432,0.8942308
661.7632,0.8942308
661.7833,0.8942308
661.8033,0.8942308
661.8233,0.8942308
661.8433,0.8942308
661.8633,0.8942308
661.8834,0.8942308
661.9034,0.8942308
661.9234,0.8942308
661.9434,0.8942308
661.9634,0.8942308
661.9835,0.8942308
662.0035,0.8942308
662.0235,0.8942308
662.0435,0.8942308
662.0635,0.8942308
662.0836,0.8942308
662.1036,0.8942308
662.1236,0.8942308
662.1436,0.8942308
662.1636,0.8942308
662.1837,0.8942308
662.2037,0.8942308
662.2237,0.8942308
662.2437,0.8942308
662.2637,0.8942308
662.2838,0.8942308
662.3038,0.8942308
662.3238,0.8942308
662.3438,0.8942308
662.3638,0.8942308
662.3839,0.8942308
662.4039,0.8942308
662.4239,0.8942308
662.4439,0.8942308
662.4639,0.8942308
662.4839,0.8942308
662.504,0.8942308
662.524,0.8942308
662.544,0.8942308
662.564,0.8942308
662.584,0.8942308
662.6041,0.8942308
662.6241,0.8942308
662.6441,0.8942308
662.6641,0.8942308
662.6841,0.8942308
662.7042,0.8942308
662.7242,0.8942308
662.7442,0.8942308
662.7642,0.8942308
662.7842,0.8942308
662.8043,0.8942308
662.8243,0.8942308
662.8443,0.8942308
662.8643,0.8942308
662.8843,0.8942308
662.9044,0.8942308
662.9244,0.8942308
662.9444,0.8942308
662.9644,0.8942308
662.9844,0.8942308
663.0045,0.8942308
663.0245,0.8942308
663.0445,0.8942308
663.0645,0.8942308
663.0845,0.8942308
663.1046,0.8942308
663.1246,0.8942308
663.1446,0.8942308
663.1646,0.8942308
663.1846,0.8942308
663.2047,0.8942308
663.2247,0.8942308
663.2447,0.8942308
663.2647,0.8942308
663.2847,0.8942308
663.3047,0.8942308
663.3248,0.8942308
663.3448,0.8942308
663.3648,0.8942308
663.3848,0.8942308
663.4048,0.8942308
663.4249,0.8942308
663.4449,0.8942308
663.4649,0.8942308
663.4849,0.8942308
663.5049,0.8942308
663.525,0.8942308
663.545,0.8942308
663.565,0.8942308
663.585,0.8942308
663.605,0.8942308
663.6251,0.8942308
663.6451,0.8942308
663.6651,0.8942308
663.6851,0.8942308
663.7051,0.8942308
663.7252,0.8942308
663.7452,0.8942308
663.7652,0.8942308
663.7852,0.8942308
663.8052,0.8942308
663.8253,0.8942308
663.8453,0.8942308
663.8653,0.8942308
663.8853,0.8942308
663.9053,0.8942308
663.9254,0.8942308
663.9454,0.8942308
663.9654,0.8942308
663.9854,0.8942308
664.0054,0.8942308
664.0255,0.8942308
664.0455,0.8942308
664.0655,0.8942308
664.0855,0.8942308
664.1055,0.8942308
664.1255,0.8942308
664.1456,0.8942308
664.1656,0.8942308
664.1856,0.8942308
664.2056,0.8942308
664.2256,0.8942308
664.2457,0.8942308
664.2657,0.8942308
664.2857,0.8942308
664.3057,0.8942308
664.3257,0.8942308
664.3458,0.8942308
664.3658,0.8942308
664.3858,0.8942308
664.4058,0.8942308
664.4258,0.8942308
664.4459,0.8942308
664.4659,0.8942308
664.4859,0.8942308
664.5059,0.8942308
664.5259,0.8942308
664.546,0.8942308
664.566,0.8942308
664.586,0.8942308
664.606,0.8942308
664.626,0.8942308
664.6461,0.8942308
664.6661,0.8942308
664.6861,0.8942308
664.7061,0.8942308
664.7261,0.8942308
664.7462,0.8942308
664.7662,0.8942308
664.7862,0.8942308
664.8062,0.8942308
664.8262,0.8942308
664.8463,0.8942308
664.8663,0.8942308
664.8863,0.8942308
664.9063,0.8942308
664.9263,0.8942308
664.9464,0.8942308
664.9664,0.8942308
664.9864,0.8942308
665.0064,0.8942308
665.0264,0.8942308
665.0464,0.8942308
665.0665,0.8942308
665.0865,0.8942308
665.1065,0.8942308
665.1265,0.8942308
665.1465,0.8942308
665.1666,0.8942308
665.1866,0.8942308
665.2066,0.8942308
665.2266,0.8942308
665.2466,0.8942308
665.2667,0.8942308
665.2867,0.8942308
665.3067,0.8942308
665.3267,0.8942308
665.3467,0.8942308
665.3668,0.8942308
665.3868,0.8942308
665.4068,0.8942308
665.4268,0.8942308
665.4468,0.8942308
665.4669,0.8942308
665.4869,0.8942308
665.5069,0.8942308
665.5269,0.8942308
665.5469,0.8942308
665.567,0.8942308
665.587,0.8942308
665.607,0.8942308
665.627,0.8942308
665.647,0.8942308
665.6671,0.8942308
665.6871,0.8942308
665.7071,0.8942308
665.7271,0.8942308
665.7471,0.8942308
665.7672,0.8942308
665.7872,0.8942308
665.8072,0.8942308
665.8272,0.8942308
665.8472,0.8942308
665.8672,0.8942308
665.8873,0.8942308
665.9073,0.8942308
665.9273,0.8942308
665.9473,0.8942308
665.9673,0.8942308
665.9874,0.8942308
666.0074,0.8942308
666.0274,0.8942308
666.0474,0.8942308
666.0674,0.8942308
666.0875,0.8942308
666.1075,0.8942308
666.1275,0.8942308
666.1475,0.8942308
666.1675,0.8942308
666.1876,0.8942308
666.2076,0.8942308
666.2276,0.8942308
666.2476,0.8942308
666.2676,0.8942308
666.2877,0.8942308
666.3077,0.8942308
666.3277,0.8942308
666.3477,0.8942308
666.3677,0.8942308
666.3878,0.8942308
666.4078,0.8942308
666.4278,0.8942308
666.4478,0.8942308
666.4678,0.8942308
666.4879,0.8942308
666.5079,0.8942308
666.5279,0.8942308
666.5479,0.8942308
666.5679,0.8942308
666.588,0.8942308
666.608,0.8942308
666.628,0.8942308
666.648,0.8942308
666.668,0.8942308
666.688,0.8942308
666.7081,0.8942308
666.7281,0.8942308
666.7481,0.8942308
666.7681,0.8942308
666.7881,0.8942308
666.8082,0.8942308
666.8282,0.8942308
666.8482,0.8942308
666.8682,0.8942308
666.8882,0.8942308
666.9083,0.8942308
666.9283,0.8942308
666.9483,0.8942308
666.9683,0.8942308
666.9883,0.8942308
667.0084,0.8942308
667.0284,0.8942308
667.0484,0.8942308
667.0684,0.8942308
667.0884,0.8942308
667.1085,0.8942308
667.1285,0.8942308
667.1485,0.8942308
667.1685,0.8942308
667.1885,0.8942308
667.2086,0.8942308
667.2286,0.8942308
667.2486,0.8942308
667.2686,0.8942308
667.2886,0.8942308
667.3087,0.8942308
667.3287,0.8942308
667.3487,0.8942308
667.3687,0.8942308
667.3887,0.8942308
667.4088,0.8942308
667.4288,0.8942308
667.4488,0.8942308
667.4688,0.8942308
667.4888,0.8942308
667.5089,0.8942308
667.5289,0.8942308
667.5489,0.8942308
667.5689,0.8942308
667.5889,0.8942308
667.6089,0.8942308
667.629,0.8942308
667.649,0.8942308
667.669,0.8942308
667.689,0.8942308
667.709,0.8942308
667.7291,0.8942308
667.7491,0.8942308
667.7691,0.8942308
667.7891,0.8942308
667.8091,0.8942308
667.8292,0.8942308
667.8492,0.8942308
667.8692,0.8942308
667.8892,0.8942308
667.9092,0.8942308
667.9293,0.8942308
667.9493,0.8942308
667.9693,0.8942308
667.9893,0.8942308
668.0093,0.8942308
668.0294,0.8942308
668.0494,0.8942308
668.0694,0.8942308
668.0894,0.8942308
668.1094,0.8942308
668.1295,0.8942308
668.1495,0.8942308
668.1695,0.8942308
668.1895,0.8942308
668.2095,0.8942308
668.2296,0.8942308
668.2496,0.8942308
668.2696,0.8942308
668.2896,0.8942308
668.3096,0.8942308
668.3297,0.8942308
668.3497,0.8942308
668.3697,0.8942308
668.3897,0.8942308
668.4097,0.8942308
668.4297,0.8942308
668.4498,0.8942308
668.4698,0.8942308
668.4898,0.8942308
668.5098,0.8942308
668.5298,0.8942308
668.5499,0.8942308
668.5699,0.8942308
668.5899,0.8942308
668.6099,0.8942308
668.6299,0.8942308
668.65,0.8942308
668.67,0.8942308
668.69,0.8942308
668.71,0.8942308
668.73,0.8942308
668.7501,0.8942308
668.7701,0.8942308
668.7901,0.8942308
668.8101,0.8942308
668.8301,0.8942308
668.8502,0.8942308
668.8702,0.8942308
668.8902,0.8942308
668.9102,0.8942308
668.9302,0.8942308
668.9503,0.8942308
668.9703,0.8942308
668.9903,0.8942308
669.0103,0.8942308
669.0303,0.8942308
669.0504,0.8942308
669.0704,0.8942308
669.0904,0.8942308
669.1104,0.8942308
669.1304,0.8942308
669.1505,0.8942308
669.1705,0.8942308
669.1905,0.8942308
669.2105,0.8942308
669.2305,0.8942308
669.2505,0.8942308
669.2706,0.8942308
669.2906,0.8942308
669.3106,0.8942308
669.3306,0.8942308
669.3506,0.8942308
669.3707,0.8942308
669.3907,0.8942308
669.4107,0.8942308
669.4307,0.8942308
669.4507,0.8942308
669.4708,0.8942308
669.4908,0.8942308
669.5108,0.8942308
669.5308,0.8942308
669.5508,0.8942308
669.5709,0.8942308
669.5909,0.8942308
669.6109,0.8942308
669.6309,0.8942308
669.6509,0.8942308
669.671,0.8942308
669.691,0.8942308
669.711,0.8942308
669.731,0.8942308
669.751,0.8942308
669.7711,0.8942308
669.7911,0.8942308
669.8111,0.8942308
669.8311,0.8942308
669.8511,0.8942308
669.8712,0.8942308
669.8912,0.8942308
669.9112,0.8942308
669.9312,0.8942308
669.9512,0.8942308
669.9713,0.8942308
669.9913,0.8942308
670.0113,0.8942308
670.0313,0.8942308
670.0513,0.8942308
670.0714,0.8942308
670.0914,0.8942308
670.1114,0.8942308
670.1314,0.8942308
670.1514,0.8942308
670.1714,0.8942308
670.1915,0.8942308
670.2115,0.8942308
670.2315,0.8942308
670.2515,0.8942308
670.2715,0.8942308
670.2916,0.8942308
670.3116,0.8942308
670.3316,0.8942308
670.3516,0.8942308
670.3716,0.8942308
670.3917,0.8942308
670.4117,0.8942308
670.4317,0.8942308
670.4517,0.8942308
670.4717,0.8942308
670.4918,0.8942308
670.5118,0.8942308
670.5318,0.8942308
670.5518,0.8942308
670.5718,0.8942308
670.5919,0.8942308
670.6119,0.8942308
670.6319,0.8942308
670.6519,0.8942308
670.6719,0.8942308
670.692,0.8942308
670.712,0.8942308
670.732,0.8942308
670.752,0.8942308
670.772,0.8942308
670.7921,0.8942308
670.8121,0.8942308
670.8321,0.8942308
670.8521,0.8942308
670.8721,0.8942308
670.8922,0.8942308
670.9122,0.8942308
670.9322,0.8942308
670.9522,0.8942308
670.9722,0.8942308
670.9922,0.8942308
671.0123,0.8942308
671.0323,0.8942308
671.0523,0.8942308
671.0723,0.8942308
671.0923,0.8942308
671.1124,0.8942308
671.1324,0.8942308
671.1524,0.8942308
671.1724,0.8942308
671.1924,0.8942308
671.2125,0.8942308
671.2325,0.8942308
671.2525,0.8942308
671.2725,0.8942308
671.2925,0.8942308
671.3126,0.8942308
671.3326,0.8942308
671.3526,0.8942308
671.3726,0.8942308
671.3926,0.8942308
671.4127,0.8942308
671.4327,0.8942308
671.4527,0.8942308
671.4727,0.8942308
671.4927,0.8942308
671.5128,0.8942308
671.5328,0.8942308
671.5528,0.8942308
671.5728,0.8942308
671.5928,0.8942308
671.6129,0.8942308
671.6329,0.8942308
671.6529,0.8942308
671.6729,0.8942308
671.6929,0.8942308
671.713,0.8942308
671.733,0.8942308
671.753,0.8942308
671.773,0.8942308
671.793,0.8942308
671.813,0.8942308
671.8331,0.8942308
671.8531,0.8942308
671.8731,0.8942308
671.8931,0.8942308
671.9131,0.8942308
671.9332,0.8942308
671.9532,0.8942308
671.9732,0.8942308
671.9932,0.8942308
672.0132,0.8942308
672.0333,0.8942308
672.0533,0.8942308
672.0733,0.8942308
672.0933,0.8942308
672.1133,0.8942308
672.1334,0.8942308
672.1534,0.8942308
672.1734,0.8942308
672.1934,0.8942308
672.2134,0.8942308
672.2335,0.8942308
672.2535,0.8942308
672.2735,0.8942308
672.2935,0.8942308
672.3135,0.8942308
672.3336,0.8942308
672.3536,0.8942308
672.3736,0.8942308
672.3936,0.8942308
672.4136,0.8942308
672.4337,0.8942308
672.4537,0.8942308
672.4737,0.8942308
672.4937,0.8942308
672.5137,0.8942308
672.5338,0.8942308
672.5538,0.8942308
672.5738,0.8942308
672.5938,0.8942308
672.6138,0.8942308
672.6339,0.8942308
672.6539,0.8942308
672.6739,0.8942308
672.6939,0.8942308
672.7139,0.8942308
672.7339,0.8942308
672.754,0.8942308
672.774,0.8942308
672.794,0.8942308
672.814,0.8942308
672.834,0.8942308
672.8541,0.8942308
672.8741,0.8942308
672.8941,0.8942308
672.9141,0.8942308
672.9341,0.8942308
672.9542,0.8942308
672.9742,0.8942308
672.9942,0.8942308
673.0142,0.8942308
673.0342,0.8942308
673.0543,0.8942308
673.0743,0.8942308
673.0943,0.8942308
673.1143,0.8942308
673.1343,0.8942308
673.1544,0.8942308
673.1744,0.8942308
673.1944,0.8942308
673.2144,0.8942308
673.2344,0.8942308
673.2545,0.8942308
673.2745,0.8942308
673.2945,0.8942308
673.3145,0.8942308
673.3345,0.8942308
673.3546,0.8942308
673.3746,0.8942308
673.3946,0.8942308
673.4146,0.8942308
673.4346,0.8942308
673.4547,0.8942308
673.4747,0.8942308
673.4947,0.8942308
673.5147,0.8942308
673.5347,0.8942308
673.5547,0.8942308
673.5748,0.8942308
673.5948,0.8942308
673.6148,0.8942308
673.6348,0.8942308
673.6548,0.8942308
673.6749,0.8942308
673.6949,0.8942308
673.7149,0.8942308
673.7349,0.8942308
673.7549,0.8942308
673.775,0.8942308
673.795,0.8942308
673.815,0.8942308
673.835,0.8942308
673.855,0.8942308
673.8751,0.8942308
673.8951,0.8942308
673.9151,0.8942308
673.9351,0.8942308
673.9551,0.8942308
673.9752,0.8942308
673.9952,0.8942308
674.0152,0.8942308
674.0352,0.8942308
674.0552,0.8942308
674.0753,0.8942308
674.0953,0.8942308
674.1153,0.8942308
674.1353,0.8942308
674.1553,0.8942308
674.1754,0.8942308
674.1954,0.8942308
674.2154,0.8942308
674.2354,0.8942308
674.2554,0.8942308
674.2755,0.8942308
674.2955,0.8942308
674.3155,0.8942308
674.3355,0.8942308
674.3555,0.8942308
674.3755,0.8942308
674.3956,0.8942308
674.4156,0.8942308
674.4356,0.8942308
674.4556,0.8942308
674.4756,0.8942308
674.4957,0.8942308
674.5157,0.8942308
674.5357,0.8942308
674.5557,0.8942308
674.5757,0.8942308
674.5958,0.8942308
674.6158,0.8942308
674.6358,0.8942308
674.6558,0.8942308
674.6758,0.8942308
674.6959,0.8942308
674.7159,0.8942308
674.7359,0.8942308
674.7559,0.8942308
674.7759,0.8942308
674.796,0.8942308
674.816,0.8942308
674.836,0.8942308
674.856,0.8942308
674.876,0.8942308
674.8961,0.8942308
674.9161,0.8942308
674.9361,0.8942308
674.9561,0.8942308
674.9761,0.8942308
674.9962,0.8942308
675.0162,0.8942308
675.0362,0.8942308
675.0562,0.8942308
675.0762,0.8942308
675.0963,0.8942308
675.1163,0.8942308
675.1363,0.8942308
675.1563,0.8942308
675.1763,0.8942308
675.1964,0.8942308
675.2164,0.8942308
675.2364,0.8942308
675.2564,0.8942308
675.2764,0.8942308
675.2964,0.8942308
675.3165,0.8942308
675.3365,0.8942308
675.3565,0.8942308
675.3765,0.8942308
675.3965,0.8942308
675.4166,0.8942308
675.4366,0.8942308
675.4566,0.8942308
675.4766,0.8942308
675.4966,0.8942308
675.5167,0.8942308
675.5367,0.8942308
675.5567,0.8942308
675.5767,0.8942308
675.5967,0.8942308
675.6168,0.8942308
675.6368,0.8942308
675.6568,0.8942308
675.6768,0.8942308
675.6968,0.8942308
675.7169,0.8942308
675.7369,0.8942308
675.7569,0.8942308
675.7769,0.8942308
675.7969,0.8942308
675.817,0.8942308
675.837,0.8942308
675.857,0.8942308
675.877,0.8942308
675.897,0.8942308
675.9171,0.8942308
675.9371,0.8942308
675.9571,0.8942308
675.9771,0.8942308
675.9971,0.8942308
676.0172,0.8942308
676.0372,0.8942308
676.0572,0.8942308
676.0772,0.8942308
676.0972,0.8942308
676.1172,0.8942308
676.1373,0.8942308
676.1573,0.8942308
676.1773,0.8942308
676.1973,0.8942308
676.2173,0.8942308
676.2374,0.8942308
676.2574,0.8942308
676.2774,0.8942308
676.2974,0.8942308
676.3174,0.8942308
676.3375,0.8942308
676.3575,0.8942308
676.3775,0.8942308
676.3975,0.8942308
676.4175,0.8942308
676.4376,0.8942308
676.4576,0.8942308
676.4776,0.8942308
676.4976,0.8942308
676.5176,0.8942308
676.5377,0.8942308
676.5577,0.8942308
676.5777,0.8942308
676.5977,0.8942308
676.6177,0.8942308
676.6378,0.8942308
676.6578,0.8942308
676.6778,0.8942308
676.6978,0.8942308
676.7178,0.8942308
676.7379,0.8942308
676.7579,0.8942308
676.7779,0.8942308
676.7979,0.8942308
676.8179,0.8942308
676.838,0.8942308
676.858,0.8942308
676.878,0.8942308
676.898,0.8942308
676.918,0.8942308
676.938,0.8942308
676.9581,0.8942308
676.9781,0.8942308
676.9981,0.8942308
677.0181,0.8942308
677.0381,0.8942308
677.0582,0.8942308
677.0782,0.8942308
677.0982,0.8942308
677.1182,0.8942308
677.1382,0.8942308
677.1583,0.8942308
677.1783,0.8942308
677.1983,0.8942308
677.2183,0.8942308
677.2383,0.8942308
677.2584,0.8942308
677.2784,0.8942308
677.2984,0.8942308
677.3184,0.8942308
677.3384,0.8942308
677.3585,0.8942308
677.3785,0.8942308
677.3985,0.8942308
677.4185,0.8942308
677.4385,0.8942308
677.4586,0.8942308
677.4786,0.8942308
677.4986,0.8942308
677.5186,0.8942308
677.5386,0.8942308
677.5587,0.8942308
677.5787,0.8942308
677.5987,0.8942308
677.6187,0.8942308
677.6387,0.8942308
677.6588,0.8942308
677.6788,0.8942308
677.6988,0.8942308
677.7188,0.8942308
677.7388,0.8942308
677.7589,0.8942308
677.7789,0.8942308
677.7989,0.8942308
677.8189,0.8942308
677.8389,0.8942308
677.8589,0.8942308
677.879,0.8942308
677.899,0.8942308
677.919,0.8942308
677.939,0.8942308
677.959,0.8942308
677.9791,0.8942308
677.9991,0.8942308
678.0191,0.8942308
678.0391,0.8942308
678.0591,0.8942308
678.0792,0.8942308
678.0992,0.8942308
678.1192,0.8942308
678.1392,0.8942308
678.1592,0.8942308
678.1793,0.8942308
678.1993,0.8942308
678.2193,0.8942308
678.2393,0.8942308
678.2593,0.8942308
678.2794,0.8942308
678.2994,0.8942308
678.3194,0.8942308
678.3394,0.8942308
678.3594,0.8942308
678.3795,0.8942308
678.3995,0.8942308
678.4195,0.8942308
678.4395,0.8942308
678.4595,0.8942308
678.4796,0.8942308
678.4996,0.8942308
678.5196,0.8942308
678.5396,0.8942308
678.5596,0.8942308
678.5797,0.8942308
678.5997,0.8942308
678.6197,0.8942308
678.6397,0.8942308
678.6597,0.8942308
678.6797,0.8942308
678.6998,0.8942308
678.7198,0.8942308
678.7398,0.8942308
678.7598,0.8942308
678.7798,0.8942308
678.7999,0.8942308
678.8199,0.8942308
678.8399,0.8942308
678.8599,0.8942308
678.8799,0.8942308
678.9,0.8942308
678.92,0.8942308
678.94,0.8942308
678.96,0.8942308
678.98,0.8942308
679.0001,0.8942308
679.0201,0.8942308
679.0401,0.8942308
679.0601,0.8942308
679.0801,0.8942308
679.1002,0.8942308
679.1202,0.8942308
679.1402,0.8942308
679.1602,0.8942308
679.1802,0.8942308
679.2003,0.8942308
679.2203,0.8942308
679.2403,0.8942308
679.2603,0.8942308
679.2803,0.8942308
679.3004,0.8942308
679.3204,0.8942308
679.3404,0.8942308
679.3604,0.8942308
679.3804,0.8942308
679.4005,0.8942308
679.4205,0.8942308
679.4405,0.8942308
679.4605,0.8942308
679.4805,0.8942308
679.5005,0.8942308
679.5206,0.8942308
679.5406,0.8942308
679.5606,0.8942308
679.5806,0.8942308
679.6006,0.8942308
679.6207,0.8942308
679.6407,0.8942308
679.6607,0.8942308
679.6807,0.8942308
679.7007,0.8942308
679.7208,0.8942308
679.7408,0.8942308
679.7608,0.8942308
679.7808,0.8942308
679.8008,0.8942308
679.8209,0.8942308
679.8409,0.8942308
679.8609,0.8942308
679.8809,0.8942308
679.9009,0.8942308
679.921,0.8942308
679.941,0.8942308
679.961,0.8942308
679.981,0.8942308
680.001,0.8942308
680.0211,0.8942308
680.0411,0.8942308
680.0611,0.8942308
680.0811,0.8942308
680.1011,0.8942308
680.1212,0.8942308
680.1412,0.8942308
680.1612,0.8942308
680.1812,0.8942308
680.2012,0.8942308
680.2213,0.8942308
680.2413,0.8942308
680.2613,0.8942308
680.2813,0.8942308
680.3013,0.8942308
680.3214,0.8942308
680.3414,0.8942308
680.3614,0.8942308
680.3814,0.8942308
680.4014,0.8942308
680.4214,0.8942308
680.4415,0.8942308
680.4615,0.8942308
680.4815,0.8942308
680.5015,0.8942308
680.5215,0.8942308
680.5416,0.8942308
680.5616,0.8942308
680.5816,0.8942308
680.6016,0.8942308
680.6216,0.8942308
680.6417,0.8942308
680.6617,0.8942308
680.6817,0.8942308
680.7017,0.8942308
680.7217,0.8942308
680.7418,0.8942308
680.7618,0.8942308
680.7818,0.8942308
680.8018,0.8942308
680.8218,0.8942308
680.8419,0.8942308
680.8619,0.8942308
680.8819,0.8942308
680.9019,0.8942308
680.9219,0.8942308
680.942,0.8942308
680.962,0.8942308
680.982,0.8942308
681.002,0.8942308
681.022,0.8942308
681.0421,0.8942308
681.0621,0.8942308
681.0821,0.8942308
681.1021,0.8942308
681.1221,0.8942308
681.1422,0.8942308
681.1622,0.8942308
681.1822,0.8942308
681.2022,0.8942308
681.2222,0.8942308
681.2422,0.8942308
681.2623,0.8942308
681.2823,0.8942308
681.3023,0.8942308
681.3223,0.8942308
681.3423,0.8942308
681.3624,0.8942308
681.3824,0.8942308
681.4024,0.8942308
681.4224,0.8942308
681.4424,0.8942308
681.4625,0.8942308
681.4825,0.8942308
681.5025,0.8942308
681.5225,0.8942308
681.5425,0.8942308
681.5626,0.8942308
681.5826,0.8942308
681.6026,0.8942308
681.6226,0.8942308
681.6426,0.8942308
681.6627,0.8942308
681.6827,0.8942308
681.7027,0.8942308
681.7227,0.8942308
681.7427,0.8942308
681.7628,0.8942308
681.7828,0.8942308
681.8028,0.8942308
681.8228,0.8942308
681.8428,0.8942308
681.8629,0.8942308
681.8829,0.8942308
681.9029,0.8942308
681.9229,0.8942308
681.9429,0.8942308
681.963,0.8942308
681.983,0.8942308
682.003,0.8942308
682.023,0.8942308
682.043,0.8942308
682.063,0.8942308
682.0831,0.8942308
682.1031,0.8942308
682.1231,0.8942308
682.1431,0.8942308
682.1631,0.8942308
682.1832,0.8942308
682.2032,0.8942308
682.2232,0.8942308
682.2432,0.8942308
682.2632,0.8942308
682.2833,0.8942308
682.3033,0.8942308
682.3233,0.8942308
682.3433,0.8942308
682.3633,0.8942308
682.3834,0.8942308
682.4034,0.8942308
682.4234,0.8942308
682.4434,0.8942308
682.4634,0.8942308
682.4835,0.8942308
682.5035,0.8942308
682.5235,0.8942308
682.5435,0.8942308
682.5635,0.8942308
682.5836,0.8942308
682.6036,0.8942308
682.6236,0.8942308
682.6436,0.8942308
682.6636,0.8942308
682.6837,0.8942308
682.7037,0.8942308
682.7237,0.8942308
682.7437,0.8942308
682.7637,0.8942308
682.7838,0.8942308
682.8038,0.8942308
682.8238,0.8942308
682.8438,0.8942308
682.8638,0.8942308
682.8839,0.8942308
682.9039,0.8942308
682.9239,0.8942308
682.9439,0.8942308
682.9639,0.8942308
682.9839,0.8942308
683.004,0.8942308
683.024,0.8942308
683.044,0.8942308
683.064,0.8942308
683.084,0.8942308
683.1041,0.8942308
683.1241,0.8942308
683.1441,0.8942308
683.1641,0.8942308
683.1841,0.8942308
683.2042,0.8942308
683.2242,0.8942308
683.2442,0.8942308
683.2642,0.8942308
683.2842,0.8942308
683.3043,0.8942308
683.3243,0.8942308
683.3443,0.8942308
683.3643,0.8942308
683.3843,0.8942308
683.4044,0.8942308
683.4244,0.8942308
683.4444,0.8942308
683.4644,0.8942308
683.4844,0.8942308
683.5045,0.8942308
683.5245,0.8942308
683.5445,0.8942308
683.5645,0.8942308
683.5845,0.8942308
683.6046,0.8942308
683.6246,0.8942308
683.6446,0.8942308
683.6646,0.8942308
683.6846,0.8942308
683.7047,0.8942308
683.7247,0.8942308
683.7447,0.8942308
683.7647,0.8942308
683.7847,0.8942308
683.8047,0.8942308
683.8248,0.8942308
683.8448,0.8942308
683.8648,0.8942308
683.8848,0.8942308
683.9048,0.8942308
683.9249,0.8942308
683.9449,0.8942308
683.9649,0.8942308
683.9849,0.8942308
684.0049,0.8942308
684.025,0.8942308
684.045,0.8942308
684.065,0.8942308
684.085,0.8942308
684.105,0.8942308
684.1251,0.8942308
684.1451,0.8942308
684.1651,0.8942308
684.1851,0.8942308
684.2051,0.8942308
684.2252,0.8942308
684.2452,0.8942308
684.2652,0.8942308
684.2852,0.8942308
684.3052,0.8942308
684.3253,0.8942308
684.3453,0.8942308
684.3653,0.8942308
684.3853,0.8942308
684.4053,0.8942308
684.4254,0.8942308
684.4454,0.8942308
684.4654,0.8942308
684.4854,0.8942308
684.5054,0.8942308
684.5255,0.8942308
684.5455,0.8942308
684.5655,0.8942308
684.5855,0.8942308
684.6055,0.8942308
684.6255,0.8942308
684.6456,0.8942308
684.6656,0.8942308
684.6856,0.8942308
684.7056,0.8942308
684.7256,0.8942308
684.7457,0.8942308
684.7657,0.8942308
684.7857,0.8942308
684.8057,0.8942308
684.8257,0.8942308
684.8458,0.8942308
684.8658,0.8942308
684.8858,0.8942308
684.9058,0.8942308
684.9258,0.8942308
684.9459,0.8942308
684.9659,0.8942308
684.9859,0.8942308
685.0059,0.8942308
685.0259,0.8942308
685.046,0.8942308
685.066,0.8942308
685.086,0.8942308
685.106,0.8942308
685.126,0.8942308
685.1461,0.8942308
685.1661,0.8942308
685.1861,0.8942308
685.2061,0.8942308
685.2261,0.8942308
685.2462,0.8942308
685.2662,0.8942308
685.2862,0.8942308
685.3062,0.8942308
685.3262,0.8942308
685.3463,0.8942308
685.3663,0.8942308
685.3863,0.8942308
685.4063,0.8942308
685.4263,0.8942308
685.4464,0.8942308
685.4664,0.8942308
685.4864,0.8942308
685.5064,0.8942308
685.5264,0.8942308
685.5464,0.8942308
685.5665,0.8942308
685.5865,0.8942308
685.6065,0.8942308
685.6265,0.8942308
685.6465,0.8942308
685.6666,0.8942308
685.6866,0.8942308
685.7066,0.8942308
685.7266,0.8942308
685.7466,0.8942308
685.7667,0.8942308
685.7867,0.8942308
685.8067,0.8942308
685.8267,0.8942308
685.8467,0.8942308
685.8668,0.8942308
685.8868,0.8942308
685.9068,0.8942308
685.9268,0.8942308
685.9468,0.8942308
685.9669,0.8942308
685.9869,0.8942308
686.0069,0.8942308
686.0269,0.8942308
686.0469,0.8942308
686.067,0.8942308
686.087,0.8942308
686.107,0.8942308
686.127,0.8942308
686.147,0.8942308
686.1671,0.8942308
686.1871,0.8942308
686.2071,0.8942308
686.2271,0.8942308
686.2471,0.8942308
686.2672,0.8942308
686.2872,0.8942308
686.3072,0.8942308
686.3272,0.8942308
686.3472,0.8942308
686.3672,0.8942308
686.3873,0.8942308
686.4073,0.8942308
686.4273,0.8942308
686.4473,0.8942308
686.4673,0.8942308
686.4874,0.8942308
686.5074,0.8942308
686.5274,0.8942308
686.5474,0.8942308
686.5674,0.8942308
686.5875,0.8942308
686.6075,0.8942308
686.6275,0.8942308
686.6475,0.8942308
686.6675,0.8942308
686.6876,0.8942308
686.7076,0.8942308
686.7276,0.8942308
686.7476,0.8942308
686.7676,0.8942308
686.7877,0.8942308
686.8077,0.8942308
686.8277,0.8942308
686.8477,0.8942308
686.8677,0.8942308
686.8878,0.8942308
686.9078,0.8942308
686.9278,0.8942308
686.9478,0.8942308
686.9678,0.8942308
686.9879,0.8942308
687.0079,0.8942308
687.0279,0.8942308
687.0479,0.8942308
687.0679,0.8942308
687.088,0.8942308
687.108,0.8942308
687.128,0.8942308
687.148,0.8942308
687.168,0.8942308
687.188,0.8942308
687.2081,0.8942308
687.2281,0.8942308
687.2481,0.8942308
687.2681,0.8942308
687.2881,0.8942308
687.3082,0.8942308
687.3282,0.8942308
687.3482,0.8942308
687.3682,0.8942308
687.3882,0.8942308
687.4083,0.8942308
687.4283,0.8942308
687.4483,0.8942308
687.4683,0.8942308
687.4883,0.8942308
687.5084,0.8942308
687.5284,0.8942308
687.5484,0.8942308
687.5684,0.8942308
687.5884,0.8942308
687.6085,0.8942308
687.6285,0.8942308
687.6485,0.8942308
687.6685,0.8942308
687.6885,0.8942308
687.7086,0.8942308
687.7286,0.8942308
687.7486,0.8942308
687.7686,0.8942308
687.7886,0.8942308
687.8087,0.8942308
687.8287,0.8942308
687.8487,0.8942308
687.8687,0.8942308
687.8887,0.8942308
687.9088,0.8942308
687.9288,0.8942308
687.9488,0.8942308
687.9688,0.8942308
687.9888,0.8942308
688.0089,0.8942308
688.0289,0.8942308
688.0489,0.8942308
688.0689,0.8942308
688.0889,0.8942308
688.1089,0.8942308
688.129,0.8942308
688.149,0.8942308
688.169,0.8942308
688.189,0.8942308
688.209,0.8942308
688.2291,0.8942308
688.2491,0.8942308
688.2691,0.8942308
688.2891,0.8942308
688.3091,0.8942308
688.3292,0.8942308
688.3492,0.8942308
688.3692,0.8942308
688.3892,0.8942308
688.4092,0.8942308
688.4293,0.8942308
688.4493,0.8942308
688.4693,0.8942308
688.4893,0.8942308
688.5093,0.8942308
688.5294,0.8942308
688.5494,0.8942308
688.5694,0.8942308
688.5894,0.8942308
688.6094,0.8942308
688.6295,0.8942308
688.6495,0.8942308
688.6695,0.8942308
688.6895,0.8942308
688.7095,0.8942308
688.7296,0.8942308
688.7496,0.8942308
688.7696,0.8942308
688.7896,0.8942308
688.8096,0.8942308
688.8297,0.8942308
688.8497,0.8942308
688.8697,0.8942308
688.8897,0.8942308
688.9097,0.8942308
688.9297,0.8942308
688.9498,0.8942308
688.9698,0.8942308
688.9898,0.8942308
689.0098,0.8942308
689.0298,0.8942308
689.0499,0.8942308
689.0699,0.8942308
689.0899,0.8942308
689.1099,0.8942308
689.1299,0.8942308
689.15,0.8942308
689.17,0.8942308
689.19,0.8942308
689.21,0.8942308
689.23,0.8942308
689.2501,0.8942308
689.2701,0.8942308
689.2901,0.8942308
689.3101,0.8942308
689.3301,0.8942308
689.3502,0.8942308
689.3702,0.8942308
689.3902,0.8942308
689.4102,0.8942308
689.4302,0.8942308
689.4503,0.8942308
689.4703,0.8942308
689.4903,0.8942308
689.5103,0.8942308
689.5303,0.8942308
689.5504,0.8942308
689.5704,0.8942308
689.5904,0.8942308
689.6104,0.8942308
689.6304,0.8942308
689.6505,0.8942308
689.6705,0.8942308
689.6905,0.8942308
689.7105,0.8942308
689.7305,0.8942308
689.7505,0.8942308
689.7706,0.8942308
689.7906,0.8942308
689.8106,0.8942308
689.8306,0.8942308
689.8506,0.8942308
689.8707,0.8942308
689.8907,0.8942308
689.9107,0.8942308
689.9307,0.8942308
689.9507,0.8942308
689.9708,0.8942308
689.9908,0.8942308
690.0108,0.8942308
690.0308,0.8942308
690.0508,0.8942308
690.0709,0.8942308
690.0909,0.8942308
690.1109,0.8942308
690.1309,0.8942308
690.1509,0.8942308
690.171,0.8942308
690.191,0.8942308
690.211,0.8942308
690.231,0.8942308
690.251,0.8942308
690.2711,0.8942308
690.2911,0.8942308
690.3111,0.8942308
690.3311,0.8942308
690.3511,0.8942308
690.3712,0.8942308
690.3912,0.8942308
690.4112,0.8942308
690.4312,0.8942308
690.4512,0.8942308
690.4713,0.8942308
690.4913,0.8942308
690.5113,0.8942308
690.5313,0.8942308
690.5513,0.8942308
690.5714,0.8942308
690.5914,0.8942308
690.6114,0.8942308
690.6314,0.8942308
690.6514,0.8942308
690.6714,0.8942308
690.6915,0.8942308
690.7115,0.8942308
690.7315,0.8942308
690.7515,0.8942308
690.7715,0.8942308
690.7916,0.8942308
690.8116,0.8942308
690.8316,0.8942308
690.8516,0.8942308
690.8716,0.8942308
690.8917,0.8942308
690.9117,0.8942308
690.9317,0.8942308
690.9517,0.8942308
690.9717,0.8942308
690.9918,0.8942308
691.0118,0.8942308
691.0318,0.8942308
691.0518,0.8942308
691.0718,0.8942308
691.0919,0.8942308
691.1119,0.8942308
691.1319,0.8942308
691.1519,0.8942308
691.1719,0.8942308
691.192,0.8942308
691.212,0.8942308
691.232,0.8942308
691.252,0.8942308
691.272,0.8942308
691.2921,0.8942308
691.3121,0.8942308
691.3321,0.8942308
691.3521,0.8942308
691.3721,0.8942308
691.3922,0.8942308
691.4122,0.8942308
691.4322,0.8942308
691.4522,0.8942308
691.4722,0.8942308
691.4922,0.8942308
691.5123,0.8942308
691.5323,0.8942308
691.5523,0.8942308
691.5723,0.8942308
691.5923,0.8942308
691.6124,0.8942308
691.6324,0.8942308
691.6524,0.8942308
691.6724,0.8942308
691.6924,0.8942308
691.7125,0.8942308
691.7325,0.8942308
691.7525,0.8942308
691.7725,0.8942308
691.7925,0.8942308
691.8126,0.8942308
691.8326,0.8942308
691.8526,0.8942308
691.8726,0.8942308
691.8926,0.8942308
691.9127,0.8942308
691.9327,0.8942308
691.9527,0.8942308
691.9727,0.8942308
691.9927,0.8942308
692.0128,0.8942308
692.0328,0.8942308
692.0528,0.8942308
692.0728,0.8942308
692.0928,0.8942308
692.1129,0.8942308
692.1329,0.8942308
692.1529,0.8942308
692.1729,0.8942308
692.1929,0.8942308
692.213,0.8942308
692.233,0.8942308
692.253,0.8942308
692.273,0.8942308
692.293,0.8942308
692.313,0.8942308
692.3331,0.8942308
692.3531,0.8942308
692.3731,0.8942308
692.3931,0.8942308
692.4131,0.8942308
692.4332,0.8942308
692.4532,0.8942308
692.4732,0.8942308
692.4932,0.8942308
692.5132,0.8942308
692.5333,0.8942308
692.5533,0.8942308
692.5733,0.8942308
692.5933,0.8942308
692.6133,0.8942308
692.6334,0.8942308
692.6534,0.8942308
692.6734,0.8942308
692.6934,0.8942308
692.7134,0.8942308
692.7335,0.8942308
692.7535,0.8942308
692.7735,0.8942308
692.7935,0.8942308
692.8135,0.8942308
692.8336,0.8942308
692.8536,0.8942308
692.8736,0.8942308
692.8936,0.8942308
692.9136,0.8942308
692.9337,0.8942308
692.9537,0.8942308
692.9737,0.8942308
692.9937,0.8942308
693.0137,0.8942308
693.0338,0.8942308
693.0538,0.8942308
693.0738,0.8942308
693.0938,0.8942308
693.1138,0.8942308
693.1339,0.8942308
693.1539,0.8942308
693.1739,0.8942308
693.1939,0.8942308
693.2139,0.8942308
693.2339,0.8942308
693.254,0.8942308
693.274,0.8942308
693.294,0.8942308
693.314,0.8942308
693.334,0.8942308
693.3541,0.8942308
693.3741,0.8942308
693.3941,0.8942308
693.4141,0.8942308
693.4341,0.8942308
693.4542,0.8942308
693.4742,0.8942308
693.4942,0.8942308
693.5142,0.8942308
693.5342,0.8942308
693.5543,0.8942308
693.5743,0.8942308
693.5943,0.8942308
693.6143,0.8942308
693.6343,0.8942308
693.6544,0.8942308
693.6744,0.8942308
693.6944,0.8942308
693.7144,0.8942308
693.7344,0.8942308
693.7545,0.8942308
693.7745,0.8942308
693.7945,0.8942308
693.8145,0.8942308
693.8345,0.8942308
693.8546,0.8942308
693.8746,0.8942308
693.8946,0.8942308
693.9146,0.8942308
693.9346,0.8942308
693.9547,0.8942308
693.9747,0.8942308
693.9947,0.8942308
694.0147,0.8942308
694.0347,0.8942308
694.0547,0.8942308
694.0748,0.8942308
694.0948,0.8942308
694.1148,0.8942308
694.1348,0.8942308
694.1548,0.8942308
694.1749,0.8942308
694.1949,0.8942308
694.2149,0.8942308
694.2349,0.8942308
694.2549,0.8942308
694.275,0.8942308
694.295,0.8942308
694.315,0.8942308
694.335,0.8942308
694.355,0.8942308
694.3751,0.8942308
694.3951,0.8942308
694.4151,0.8942308
694.4351,0.8942308
694.4551,0.8942308
694.4752,0.8942308
694.4952,0.8942308
694.5152,0.8942308
694.5352,0.8942308
694.5552,0.8942308
694.5753,0.8942308
694.5953,0.8942308
694.6153,0.8942308
694.6353,0.8942308
694.6553,0.8942308
694.6754,0.8942308
694.6954,0.8942308
694.7154,0.8942308
694.7354,0.8942308
694.7554,0.8942308
694.7755,0.8942308
694.7955,0.8942308
694.8155,0.8942308
694.8355,0.8942308
694.8555,0.8942308
694.8755,0.8942308
694.8956,0.8942308
694.9156,0.8942308
694.9356,0.8942308
694.9556,0.8942308
694.9756,0.8942308
694.9957,0.8942308
695.0157,0.8942308
695.0357,0.8942308
695.0557,0.8942308
695.0757,0.8942308
695.0958,0.8942308
695.1158,0.8942308
695.1358,0.8942308
695.1558,0.8942308
695.1758,0.8942308
695.1959,0.8942308
695.2159,0.8942308
695.2359,0.8942308
695.2559,0.8942308
695.2759,0.8942308
695.296,0.8942308
695.316,0.8942308
695.336,0.8942308
695.356,0.8942308
695.376,0.8942308
695.3961,0.8942308
695.4161,0.8942308
695.4361,0.8942308
695.4561,0.8942308
695.4761,0.8942308
695.4962,0.8942308
695.5162,0.8942308
695.5362,0.8942308
695.5562,0.8942308
695.5762,0.8942308
695.5963,0.8942308
695.6163,0.8942308
695.6363,0.8942308
695.6563,0.8942308
695.6763,0.8942308
695.6964,0.8942308
695.7164,0.8942308
695.7364,0.8942308
695.7564,0.8942308
695.7764,0.8942308
695.7964,0.8942308
695.8165,0.8942308
695.8365,0.8942308
695.8565,0.8942308
695.8765,0.8942308
695.8965,0.8942308
695.9166,0.8942308
695.9366,0.8942308
695.9566,0.8942308
695.9766,0.8942308
695.9966,0.8942308
696.0167,0.8942308
696.0367,0.8942308
696.0567,0.8942308
696.0767,0.8942308
696.0967,0.8942308
696.1168,0.8942308
696.1368,0.8942308
696.1568,0.8942308
696.1768,0.8942308
696.1968,0.8942308
696.2169,0.8942308
696.2369,0.8942308
696.2569,0.8942308
696.2769,0.8942308
696.2969,0.8942308
696.317,0.8942308
696.337,0.8942308
696.357,0.8942308
696.377,0.8942308
696.397,0.8942308
696.4171,0.8942308
696.4371,0.8942308
696.4571,0.8942308
696.4771,0.8942308
696.4971,0.8942308
696.5172,0.8942308
696.5372,0.8942308
696.5572,0.8942308
696.5772,0.8942308
696.5972,0.8942308
696.6172,0.8942308
696.6373,0.8942308
696.6573,0.8942308
696.6773,0.8942308
696.6973,0.8942308
696.7173,0.8942308
696.7374,0.8942308
696.7574,0.8942308
696.7774,0.8942308
696.7974,0.8942308
696.8174,0.8942308
696.8375,0.8942308
696.8575,0.8942308
696.8775,0.8942308
696.8975,0.8942308
696.9175,0.8942308
696.9376,0.8942308
696.9576,0.8942308
696.9776,0.8942308
696.9976,0.8942308
697.0176,0.8942308
697.0377,0.8942308
697.0577,0.8942308
697.0777,0.8942308
697.0977,0.8942308
697.1177,0.8942308
697.1378,0.8942308
697.1578,0.8942308
697.1778,0.8942308
697.1978,0.8942308
697.2178,0.8942308
697.2379,0.8942308
697.2579,0.8942308
697.2779,0.8942308
697.2979,0.8942308
697.3179,0.8942308
697.338,0.8942308
697.358,0.8942308
697.378,0.8942308
697.398,0.8942308
697.418,0.8942308
697.438,0.8942308
697.4581,0.8942308
697.4781,0.8942308
697.4981,0.8942308
697.5181,0.8942308
697.5381,0.8942308
697.5582,0.8942308
697.5782,0.8942308
697.5982,0.8942308
697.6182,0.8942308
697.6382,0.8942308
697.6583,0.8942308
697.6783,0.8942308
697.6983,0.8942308
697.7183,0.8942308
697.7383,0.8942308
697.7584,0.8942308
697.7784,0.8942308
697.7984,0.8942308
697.8184,0.8942308
697.8384,0.8942308
697.8585,0.8942308
697.8785,0.8942308
697.8985,0.8942308
697.9185,0.8942308
697.9385,0.8942308
697.9586,0.8942308
697.9786,0.8942308
697.9986,0.8942308
698.0186,0.8942308
698.0386,0.8942308
698.0587,0.8942308
698.0787,0.8942308
698.0987,0.8942308
698.1187,0.8942308
698.1387,0.8942308
698.1588,0.8942308
698.1788,0.8942308
698.1988,0.8942308
698.2188,0.8942308
698.2388,0.8942308
698.2589,0.8942308
698.2789,0.8942308
698.2989,0.8942308
698.3189,0.8942308
698.3389,0.8942308
698.3589,0.8942308
698.379,0.8942308
698.399,0.8942308
698.419,0.8942308
698.439,0.8942308
698.459,0.8942308
698.4791,0.8942308
698.4991,0.8942308
698.5191,0.8942308
698.5391,0.8942308
698.5591,0.8942308
698.5792,0.8942308
698.5992,0.8942308
698.6192,0.8942308
698.6392,0.8942308
698.6592,0.8942308
698.6793,0.8942308
698.6993,0.8942308
698.7193,0.8942308
698.7393,0.8942308
698.7593,0.8942308
698.7794,0.8942308
698.7994,0.8942308
698.8194,0.8942308
698.8394,0.8942308
698.8594,0.8942308
698.8795,0.8942308
698.8995,0.8942308
698.9195,0.8942308
698.9395,0.8942308
698.9595,0.8942308
698.9796,0.8942308
698.9996,0.8942308
699.0196,0.8942308
699.0396,0.8942308
699.0596,0.8942308
699.0797,0.8942308
699.0997,0.8942308
699.1197,0.8942308
699.1397,0.8942308
699.1597,0.8942308
699.1797,0.8942308
699.1998,0.8942308
699.2198,0.8942308
699.2398,0.8942308
699.2598,0.8942308
699.2798,0.8942308
699.2999,0.8942308
699.3199,0.8942308
699.3399,0.8942308
699.3599,0.8942308
699.3799,0.8942308
699.4,0.8942308
699.42,0.8942308
699.44,0.8942308
699.46,0.8942308
699.48,0.8942308
699.5001,0.8942308
699.5201,0.8942308
699.5401,0.8942308
699.5601,0.8942308
699.5801,0.8942308
699.6002,0.8942308
699.6202,0.8942308
699.6402,0.8942308
699.6602,0.8942308
699.6802,0.8942308
699.7003,0.8942308
699.7203,0.8942308
699.7403,0.8942308
699.7603,0.8942308
699.7803,0.8942308
699.8004,0.8942308
699.8204,0.8942308
699.8404,0.8942308
699.8604,0.8942308
699.8804,0.8942308
699.9005,0.8942308
699.9205,0.8942308
699.9405,0.8942308
699.9605,0.8942308
699.9805,0.8942308
700.0005,0.8942308
700.0206,0.8942308
700.0406,0.8942308
700.0606,0.8942308
700.0806,0.8942308
700.1006,0.8942308
700.1207,0.8942308
700.1407,0.8942308
700.1607,0.8942308
700.1807,0.8942308
700.2007,0.8942308
700.2208,0.8942308
700.2408,0.8942308
700.2608,0.8942308
700.2808,0.8942308
700.3008,0.8942308
700.3209,0.8942308
700.3409,0.8942308
700.3609,0.8942308
700.3809,0.8942308
700.4009,0.8942308
700.421,0.8942308
700.441,0.8942308
700.461,0.8942308
700.481,0.8942308
700.501,0.8942308
700.5211,0.8942308
700.5411,0.8942308
700.5611,0.8942308
700.5811,0.8942308
700.6011,0.8942308
700.6212,0.8942308
700.6412,0.8942308
700.6612,0.8942308
700.6812,0.8942308
700.7012,0.8942308
700.7213,0.8942308
700.7413,0.8942308
700.7613,0.8942308
700.7813,0.8942308
700.8013,0.8942308
700.8214,0.8942308
700.8414,0.8942308
700.8614,0.8942308
700.8814,0.8942308
700.9014,0.8942308
700.9214,0.8942308
700.9415,0.8942308
700.9615,0.8942308
700.9815,0.8942308
701.0015,0.8942308
701.0215,0.8942308
701.0416,0.8942308
701.0616,0.8942308
701.0816,0.8942308
701.1016,0.8942308
701.1216,0.8942308
701.1417,0.8942308
701.1617,0.8942308
701.1817,0.8942308
701.2017,0.8942308
701.2217,0.8942308
701.2418,0.8942308
701.2618,0.8942308
701.2818,0.8942308
701.3018,0.8942308
701.3218,0.8942308
701.3419,0.8942308
701.3619,0.8942308
701.3819,0.8942308
701.4019,0.8942308
701.4219,0.8942308
701.442,0.8942308
701.462,0.8942308
701.482,0.8942308
701.502,0.8942308
701.522,0.8942308
701.5421,0.8942308
701.5621,0.8942308
701.5821,0.8942308
701.6021,0.8942308
701.6221,0.8942308
701.6422,0.8942308
701.6622,0.8942308
701.6822,0.8942308
701.7022,0.8942308
701.7222,0.8942308
701.7422,0.8942308
701.7623,0.8942308
701.7823,0.8942308
701.8023,0.8942308
701.8223,0.8942308
701.8423,0.8942308
701.8624,0.8942308
701.8824,0.8942308
701.9024,0.8942308
701.9224,0.8942308
701.9424,0.8942308
701.9625,0.8942308
701.9825,0.8942308
702.0025,0.8942308
702.0225,0.8942308
702.0425,0.8942308
702.0626,0.8942308
702.0826,0.8942308
702.1026,0.8942308
702.1226,0.8942308
702.1426,0.8942308
702.1627,0.8942308
702.1827,0.8942308
702.2027,0.8942308
702.2227,0.8942308
702.2427,0.8942308
702.2628,0.8942308
702.2828,0.8942308
702.3028,0.8942308
702.3228,0.8942308
702.3428,0.8942308
702.3629,0.8942308
702.3829,0.8942308
702.4029,0.8942308
702.4229,0.8942308
702.4429,0.8942308
702.463,0.8942308
702.483,0.8942308
702.503,0.8942308
702.523,0.8942308
702.543,0.8942308
702.563,0.8942308
702.5831,0.8942308
702.6031,0.8942308
702.6231,0.8942308
702.6431,0.8942308
702.6631,0.8942308
702.6832,0.8942308
702.7032,0.8942308
702.7232,0.8942308
702.7432,0.8942308
702.7632,0.8942308
702.7833,0.8942308
702.8033,0.8942308
702.8233,0.8942308
702.8433,0.8942308
702.8633,0.8942308
702.8834,0.8942308
702.9034,0.8942308
702.9234,0.8942308
702.9434,0.8942308
702.9634,0.8942308
702.9835,0.8942308
703.0035,0.8942308
703.0235,0.8942308
703.0435,0.8942308
703.0635,0.8942308
703.0836,0.8942308
703.1036,0.8942308
703.1236,0.8942308
703.1436,0.8942308
703.1636,0.8942308
703.1837,0.8942308
703.2037,0.8942308
703.2237,0.8942308
703.2437,0.8942308
703.2637,0.8942308
703.2838,0.8942308
703.3038,0.8942308
703.3238,0.8942308
703.3438,0.8942308
703.3638,0.8942308
703.3839,0.8942308
703.4039,0.8942308
703.4239,0.8942308
703.4439,0.8942308
703.4639,0.8942308
703.4839,0.8942308
703.504,0.8942308
703.524,0.8942308
703.544,0.8942308
703.564,0.8942308
703.584,0.8942308
703.6041,0.8942308
703.6241,0.8942308
703.6441,0.8942308
703.6641,0.8942308
703.6841,0.8942308
703.7042,0.8942308
703.7242,0.8942308
703.7442,0.8942308
703.7642,0.8942308
703.7842,0.8942308
703.8043,0.8942308
703.8243,0.8942308
703.8443,0.8942308
703.8643,0.8942308
703.8843,0.8942308
703.9044,0.8942308
703.9244,0.8942308
703.9444,0.8942308
703.9644,0.8942308
703.9844,0.8942308
704.0045,0.8942308
704.0245,0.8942308
704.0445,0.8942308
704.0645,0.8942308
704.0845,0.8942308
704.1046,0.8942308
704.1246,0.8942308
704.1446,0.8942308
704.1646,0.8942308
704.1846,0.8942308
704.2047,0.8942308
704.2247,0.8942308
704.2447,0.8942308
704.2647,0.8942308
704.2847,0.8942308
704.3047,0.8942308
704.3248,0.8942308
704.3448,0.8942308
704.3648,0.8942308
704.3848,0.8942308
704.4048,0.8942308
704.4249,0.8942308
704.4449,0.8942308
704.4649,0.8942308
704.4849,0.8942308
704.5049,0.8942308
704.525,0.8942308
704.545,0.8942308
704.565,0.8942308
704.585,0.8942308
704.605,0.8942308
704.6251,0.8942308
704.6451,0.8942308
704.6651,0.8942308
704.6851,0.8942308
704.7051,0.8942308
704.7252,0.8942308
704.7452,0.8942308
704.7652,0.8942308
704.7852,0.8942308
704.8052,0.8942308
704.8253,0.8942308
704.8453,0.8942308
704.8653,0.8942308
704.8853,0.8942308
704.9053,0.8942308
704.9254,0.8942308
704.9454,0.8942308
704.9654,0.8942308
704.9854,0.8942308
705.0054,0.8942308
705.0255,0.8942308
705.0455,0.8942308
705.0655,0.8942308
705.0855,0.8942308
705.1055,0.8942308
705.1255,0.8942308
705.1456,0.8942308
705.1656,0.8942308
705.1856,0.8942308
705.2056,0.8942308
705.2256,0.8942308
705.2457,0.8942308
705.2657,0.8942308
705.2857,0.8942308
705.3057,0.8942308
705.3257,0.8942308
705.3458,0.8942308
705.3658,0.8942308
705.3858,0.8942308
705.4058,0.8942308
705.4258,0.8942308
705.4459,0.8942308
705.4659,0.8942308
705.4859,0.8942308
705.5059,0.8942308
705.5259,0.8942308
705.546,0.8942308
705.566,0.8942308
705.586,0.8942308
705.606,0.8942308
705.626,0.8942308
705.6461,0.8942308
705.6661,0.8942308
705.6861,0.8942308
705.7061,0.8942308
705.7261,0.8942308
705.7462,0.8942308
705.7662,0.8942308
705.7862,0.8942308
705.8062,0.8942308
705.8262,0.8942308
705.8463,0.8942308
705.8663,0.8942308
705.8863,0.8942308
705.9063,0.8942308
705.9263,0.8942308
705.9464,0.8942308
705.9664,0.8942308
705.9864,0.8942308
706.0064,0.8942308
706.0264,0.8942308
706.0464,0.8942308
706.0665,0.8942308
706.0865,0.8942308
706.1065,0.8942308
706.1265,0.8942308
706.1465,0.8942308
706.1666,0.8942308
706.1866,0.8942308
706.2066,0.8942308
706.2266,0.8942308
706.2466,0.8942308
706.2667,0.8942308
706.2867,0.8942308
706.3067,0.8942308
706.3267,0.8942308
706.3467,0.8942308
706.3668,0.8942308
706.3868,0.8942308
706.4068,0.8942308
706.4268,0.8942308
706.4468,0.8942308
706.4669,0.8942308
706.4869,0.8942308
706.5069,0.8942308
706.5269,0.8942308
706.5469,0.8942308
706.567,0.8942308
706.587,0.8942308
706.607,0.8942308
706.627,0.8942308
706.647,0.8942308
706.6671,0.8942308
706.6871,0.8942308
706.7071,0.8942308
706.7271,0.8942308
706.7471,0.8942308
706.7672,0.8942308
706.7872,0.8942308
706.8072,0.8942308
706.8272,0.8942308
706.8472,0.8942308
706.8672,0.8942308
706.8873,0.8942308
706.9073,0.8942308
706.9273,0.8942308
706.9473,0.8942308
706.9673,0.8942308
706.9874,0.8942308
707.0074,0.8942308
707.0274,0.8942308
707.0474,0.8942308
707.0674,0.8942308
707.0875,0.8942308
707.1075,0.8942308
707.1275,0.8942308
707.1475,0.8942308
707.1675,0.8942308
707.1876,0.8942308
707.2076,0.8942308
707.2276,0.8942308
707.2476,0.8942308
707.2676,0.8942308
707.2877,0.8942308
707.3077,0.8942308
707.3277,0.8942308
707.3477,0.8942308
707.3677,0.8942308
707.3878,0.8942308
707.4078,0.8942308
707.4278,0.8942308
707.4478,0.8942308
707.4678,0.8942308
707.4879,0.8942308
707.5079,0.8942308
707.5279,0.8942308
707.5479,0.8942308
707.5679,0.8942308
707.588,0.8942308
707.608,0.8942308
707.628,0.8942308
707.648,0.8942308
707.668,0.8942308
707.688,0.8942308
707.7081,0.8942308
707.7281,0.8942308
707.7481,0.8942308
707.7681,0.8942308
707.7881,0.8942308
707.8082,0.8942308
707.8282,0.8942308
707.8482,0.8942308
707.8682,0.8942308
707.8882,0.8942308
707.9083,0.8942308
707.9283,0.8942308
707.9483,0.8942308
707.9683,0.8942308
707.9883,0.8942308
708.0084,0.8942308
708.0284,0.8942308
708.0484,0.8942308
708.0684,0.8942308
708.0884,0.8942308
708.1085,0.8942308
708.1285,0.8942308
708.1485,0.8942308
708.1685,0.8942308
708.1885,0.8942308
708.2086,0.8942308
708.2286,0.8942308
708.2486,0.8942308
708.2686,0.8942308
708.2886,0.8942308
708.3087,0.8942308
708.3287,0.8942308
708.3487,0.8942308
708.3687,0.8942308
708.3887,0.8942308
708.4088,0.8942308
708.4288,0.8942308
708.4488,0.8942308
708.4688,0.8942308
708.4888,0.8942308
708.5089,0.8942308
708.5289,0.8942308
708.5489,0.8942308
708.5689,0.8942308
708.5889,0.8942308
708.6089,0.8942308
708.629,0.8942308
708.649,0.8942308
708.669,0.8942308
708.689,0.8942308
708.709,0.8942308
708.7291,0.8942308
708.7491,0.8942308
708.7691,0.8942308
708.7891,0.8942308
708.8091,0.8942308
708.8292,0.8942308
708.8492,0.8942308
708.8692,0.8942308
708.8892,0.8942308
708.9092,0.8942308
708.9293,0.8942308
708.9493,0.8942308
708.9693,0.8942308
708.9893,0.8942308
709.0093,0.8942308
709.0294,0.8942308
709.0494,0.8942308
709.0694,0.8942308
709.0894,0.8942308
709.1094,0.8942308
709.1295,0.8942308
709.1495,0.8942308
709.1695,0.8942308
709.1895,0.8942308
709.2095,0.8942308
709.2296,0.8942308
709.2496,0.8942308
709.2696,0.8942308
709.2896,0.8942308
709.3096,0.8942308
709.3297,0.8942308
709.3497,0.8942308
709.3697,0.8942308
709.3897,0.8942308
709.4097,0.8942308
709.4297,0.8942308
709.4498,0.8942308
709.4698,0.8942308
709.4898,0.8942308
709.5098,0.8942308
709.5298,0.8942308
709.5499,0.8942308
709.5699,0.8942308
709.5899,0.8942308
709.6099,0.8942308
709.6299,0.8942308
709.65,0.8942308
709.67,0.8942308
709.69,0.8942308
709.71,0.8942308
709.73,0.8942308
709.7501,0.8942308
709.7701,0.8942308
709.7901,0.8942308
709.8101,0.8942308
709.8301,0.8942308
709.8502,0.8942308
709.8702,0.8942308
709.8902,0.8942308
709.9102,0.8942308
709.9302,0.8942308
709.9503,0.8942308
709.9703,0.8942308
709.9903,0.8942308
710.0103,0.8942308
710.0303,0.8942308
710.0504,0.8942308
710.0704,0.8942308
710.0904,0.8942308
710.1104,0.8942308
710.1304,0.8942308
710.1505,0.8942308
710.1705,0.8942308
710.1905,0.8942308
710.2105,0.8942308
710.2305,0.8942308
710.2505,0.8942308
710.2706,0.8942308
710.2906,0.8942308
710.3106,0.8942308
710.3306,0.8942308
710.3506,0.8942308
710.3707,0.8942308
710.3907,0.8942308
710.4107,0.8942308
710.4307,0.8942308
710.4507,0.8942308
710.4708,0.8942308
710.4908,0.8942308
710.5108,0.8942308
710.5308,0.8942308
710.5508,0.8942308
710.5709,0.8942308
710.5909,0.8942308
710.6109,0.8942308
710.6309,0.8942308
710.6509,0.8942308
710.671,0.8942308
710.691,0.8942308
710.711,0.8942308
710.731,0.8942308
710.751,0.8942308
710.7711,0.8942308
710.7911,0.8942308
710.8111,0.8942308
710.8311,0.8942308
710.8511,0.8942308
710.8712,0.8942308
710.8912,0.8942308
710.9112,0.8942308
710.9312,0.8942308
710.9512,0.8942308
710.9713,0.8942308
710.9913,0.8942308
711.0113,0.8942308
711.0313,0.8942308
711.0513,0.8942308
711.0714,0.8942308
711.0914,0.8942308
711.1114,0.8942308
711.1314,0.8942308
711.1514,0.8942308
711.1714,0.8942308
711.1915,0.8942308
711.2115,0.8942308
711.2315,0.8942308
711.2515,0.8942308
711.2715,0.8942308
711.2916,0.8942308
711.3116,0.8942308
711.3316,0.8942308
711.3516,0.8942308
711.3716,0.8942308
711.3917,0.8942308
711.4117,0.8942308
711.4317,0.8942308
711.4517,0.8942308
711.4717,0.8942308
711.4918,0.8942308
711.5118,0.8942308
711.5318,0.8942308
711.5518,0.8942308
711.5718,0.8942308
711.5919,0.8942308
711.6119,0.8942308
711.6319,0.8942308
711.6519,0.8942308
711.6719,0.8942308
711.692,0.8942308
711.712,0.8942308
711.732,0.8942308
711.752,0.8942308
711.772,0.8942308
711.7921,0.8942308
711.8121,0.8942308
711.8321,0.8942308
711.8521,0.8942308
711.8721,0.8942308
711.8922,0.8942308
711.9122,0.8942308
711.9322,0.8942308
711.9522,0.8942308
711.9722,0.8942308
711.9922,0.8942308
712.0123,0.8942308
712.0323,0.8942308
712.0523,0.8942308
712.0723,0.8942308
712.0923,0.8942308
712.1124,0.8942308
712.1324,0.8942308
712.1524,0.8942308
712.1724,0.8942308
712.1924,0.8942308
712.2125,0.8942308
712.2325,0.8942308
712.2525,0.8942308
712.2725,0.8942308
712.2925,0.8942308
712.3126,0.8942308
712.3326,0.8942308
712.3526,0.8942308
712.3726,0.8942308
712.3926,0.8942308
712.4127,0.8942308
712.4327,0.8942308
712.4527,0.8942308
712.4727,0.8942308
712.4927,0.8942308
712.5128,0.8942308
712.5328,0.8942308
712.5528,0.8942308
712.5728,0.8942308
712.5928,0.8942308
712.6129,0.8942308
712.6329,0.8942308
712.6529,0.8942308
712.6729,0.8942308
712.6929,0.8942308
712.713,0.8942308
712.733,0.8942308
712.753,0.8942308
712.773,0.8942308
712.793,0.8942308
712.813,0.8942308
712.8331,0.8942308
712.8531,0.8942308
712.8731,0.8942308
712.8931,0.8942308
712.9131,0.8942308
712.9332,0.8942308
712.9532,0.8942308
712.9732,0.8942308
712.9932,0.8942308
713.0132,0.8942308
713.0333,0.8942308
713.0533,0.8942308
713.0733,0.8942308
713.0933,0.8942308
713.1133,0.8942308
713.1334,0.8942308
713.1534,0.8942308
713.1734,0.8942308
713.1934,0.8942308
713.2134,0.8942308
713.2335,0.8942308
713.2535,0.8942308
713.2735,0.8942308
713.2935,0.8942308
713.3135,0.8942308
713.3336,0.8942308
713.3536,0.8942308
713.3736,0.8942308
713.3936,0.8942308
713.4136,0.8942308
713.4337,0.8942308
713.4537,0.8942308
713.4737,0.8942308
713.4937,0.8942308
713.5137,0.8942308
713.5338,0.8942308
713.5538,0.8942308
713.5738,0.8942308
713.5938,0.8942308
713.6138,0.8942308
713.6339,0.8942308
713.6539,0.8942308
713.6739,0.8942308
713.6939,0.8942308
713.7139,0.8942308
713.7339,0.8942308
713.754,0.8942308
713.774,0.8942308
713.794,0.8942308
713.814,0.8942308
713.834,0.8942308
713.8541,0.8942308
713.8741,0.8942308
713.8941,0.8942308
713.9141,0.8942308
713.9341,0.8942308
713.9542,0.8942308
713.9742,0.8942308
713.9942,0.8942308
714.0142,0.8942308
714.0342,0.8942308
714.0543,0.8942308
714.0743,0.8942308
714.0943,0.8942308
714.1143,0.8942308
714.1343,0.8942308
714.1544,0.8942308
714.1744,0.8942308
714.1944,0.8942308
714.2144,0.8942308
714.2344,0.8942308
714.2545,0.8942308
714.2745,0.8942308
714.2945,0.8942308
714.3145,0.8942308
714.3345,0.8942308
714.3546,0.8942308
714.3746,0.8942308
714.3946,0.8942308
714.4146,0.8942308
714.4346,0.8942308
714.4547,0.8942308
714.4747,0.8942308
714.4947,0.8942308
714.5147,0.8942308
714.5347,0.8942308
714.5547,0.8942308
714.5748,0.8942308
714.5948,0.8942308
714.6148,0.8942308
714.6348,0.8942308
714.6548,0.8942308
714.6749,0.8942308
714.6949,0.8942308
714.7149,0.8942308
714.7349,0.8942308
714.7549,0.8942308
714.775,0.8942308
714.795,0.8942308
714.815,0.8942308
714.835,0.8942308
714.855,0.8942308
714.8751,0.8942308
714.8951,0.8942308
714.9151,0.8942308
714.9351,0.8942308
714.9551,0.8942308
714.9752,0.8942308
714.9952,0.8942308
715.0152,0.8942308
715.0352,0.8942308
715.0552,0.8942308
715.0753,0.8942308
715.0953,0.8942308
715.1153,0.8942308
715.1353,0.8942308
715.1553,0.8942308
715.1754,0.8942308
715.1954,0.8942308
715.2154,0.8942308
715.2354,0.8942308
715.2554,0.8942308
715.2755,0.8942308
715.2955,0.8942308
715.3155,0.8942308
715.3355,0.8942308
715.3555,0.8942308
715.3755,0.8942308
715.3956,0.8942308
715.4156,0.8942308
715.4356,0.8942308
715.4556,0.8942308
715.4756,0.8942308
715.4957,0.8942308
715.5157,0.8942308
715.5357,0.8942308
715.5557,0.8942308
715.5757,0.8942308
715.5958,0.8942308
715.6158,0.8942308
715.6358,0.8942308
715.6558,0.8942308
715.6758,0.8942308
715.6959,0.8942308
715.7159,0.8942308
715.7359,0.8942308
715.7559,0.8942308
715.7759,0.8942308
715.796,0.8942308
715.816,0.8942308
715.836,0.8942308
715.856,0.8942308
715.876,0.8942308
715.8961,0.8942308
715.9161,0.8942308
715.9361,0.8942308
715.9561,0.8942308
715.9761,0.8942308
715.9962,0.8942308
716.0162,0.8942308
716.0362,0.8942308
716.0562,0.8942308
716.0762,0.8942308
716.0963,0.8942308
716.1163,0.8942308
716.1363,0.8942308
716.1563,0.8942308
716.1763,0.8942308
716.1964,0.8942308
716.2164,0.8942308
716.2364,0.8942308
716.2564,0.8942308
716.2764,0.8942308
716.2964,0.8942308
716.3165,0.8942308
716.3365,0.8942308
716.3565,0.8942308
716.3765,0.8942308
716.3965,0.8942308
716.4166,0.8942308
716.4366,0.8942308
716.4566,0.8942308
716.4766,0.8942308
716.4966,0.8942308
716.5167,0.8942308
716.5367,0.8942308
716.5567,0.8942308
716.5767,0.8942308
716.5967,0.8942308
716.6168,0.8942308
716.6368,0.8942308
716.6568,0.8942308
716.6768,0.8942308
716.6968,0.8942308
716.7169,0.8942308
716.7369,0.8942308
716.7569,0.8942308
716.7769,0.8942308
716.7969,0.8942308
716.817,0.8942308
716.837,0.8942308
716.857,0.8942308
716.877,0.8942308
716.897,0.8942308
716.9171,0.8942308
716.9371,0.8942308
716.9571,0.8942308
716.9771,0.8942308
716.9971,0.8942308
717.0172,0.8942308
717.0372,0.8942308
717.0572,0.8942308
717.0772,0.8942308
717.0972,0.8942308
717.1172,0.8942308
717.1373,0.8942308
717.1573,0.8942308
717.1773,0.8942308
717.1973,0.8942308
717.2173,0.8942308
717.2374,0.8942308
717.2574,0.8942308
717.2774,0.8942308
717.2974,0.8942308
717.3174,0.8942308
717.3375,0.8942308
717.3575,0.8942308
717.3775,0.8942308
717.3975,0.8942308
717.4175,0.8942308
717.4376,0.8942308
717.4576,0.8942308
717.4776,0.8942308
717.4976,0.8942308
717.5176,0.8942308
717.5377,0.8942308
717.5577,0.8942308
717.5777,0.8942308
717.5977,0.8942308
717.6177,0.8942308
717.6378,0.8942308
717.6578,0.8942308
717.6778,0.8942308
717.6978,0.8942308
717.7178,0.8942308
717.7379,0.8942308
717.7579,0.8942308
717.7779,0.8942308
717.7979,0.8942308
717.8179,0.8942308
717.838,0.8942308
717.858,0.8942308
717.878,0.8942308
717.898,0.8942308
717.918,0.8942308
717.938,0.8942308
717.9581,0.8942308
717.9781,0.8942308
717.9981,0.8942308
718.0181,0.8942308
718.0381,0.8942308
718.0582,0.8942308
718.0782,0.8942308
718.0982,0.8942308
718.1182,0.8942308
718.1382,0.8942308
718.1583,0.8942308
718.1783,0.8942308
718.1983,0.8942308
718.2183,0.8942308
718.2383,0.8942308
718.2584,0.8942308
718.2784,0.8942308
718.2984,0.8942308
718.3184,0.8942308
718.3384,0.8942308
718.3585,0.8942308
718.3785,0.8942308
718.3985,0.8942308
718.4185,0.8942308
718.4385,0.8942308
718.4586,0.8942308
718.4786,0.8942308
718.4986,0.8942308
718.5186,0.8942308
718.5386,0.8942308
718.5587,0.8942308
718.5787,0.8942308
718.5987,0.8942308
718.6187,0.8942308
718.6387,0.8942308
718.6588,0.8942308
718.6788,0.8942308
718.6988,0.8942308
718.7188,0.8942308
718.7388,0.8942308
718.7589,0.8942308
718.7789,0.8942308
718.7989,0.8942308
718.8189,0.8942308
718.8389,0.8942308
718.8589,0.8942308
718.879,0.8942308
718.899,0.8942308
718.919,0.8942308
718.939,0.8942308
718.959,0.8942308
718.9791,0.8942308
718.9991,0.8942308
719.0191,0.8942308
719.0391,0.8942308
719.0591,0.8942308
719.0792,0.8942308
719.0992,0.8942308
719.1192,0.8942308
719.1392,0.8942308
719.1592,0.8942308
719.1793,0.8942308
719.1993,0.8942308
719.2193,0.8942308
719.2393,0.8942308
719.2593,0.8942308
719.2794,0.8942308
719.2994,0.8942308
719.3194,0.8942308
719.3394,0.8942308
719.3594,0.8942308
719.3795,0.8942308
719.3995,0.8942308
719.4195,0.8942308
719.4395,0.8942308
719.4595,0.8942308
719.4796,0.8942308
719.4996,0.8942308
719.5196,0.8942308
719.5396,0.8942308
719.5596,0.8942308
719.5797,0.8942308
719.5997,0.8942308
719.6197,0.8942308
719.6397,0.8942308
719.6597,0.8942308
719.6797,0.8942308
719.6998,0.8942308
719.7198,0.8942308
719.7398,0.8942308
719.7598,0.8942308
719.7798,0.8942308
719.7999,0.8942308
719.8199,0.8942308
719.8399,0.8942308
719.8599,0.8942308
719.8799,0.8942308
719.9,0.8942308
719.92,0.8942308
719.94,0.8942308
719.96,0.8942308
719.98,0.8942308
720.0001,0.8942308
720.0201,0.8942308
720.0401,0.8942308
720.0601,0.8942308
720.0801,0.8942308
720.1002,0.8942308
720.1202,0.8942308
720.1402,0.8942308
720.1602,0.8942308
720.1802,0.8942308
720.2003,0.8942308
720.2203,0.8942308
720.2403,0.8942308
720.2603,0.8942308
720.2803,0.8942308
720.3004,0.8942308
720.3204,0.8942308
720.3404,0.8942308
720.3604,0.8942308
720.3804,0.8942308
720.4005,0.8942308
720.4205,0.8942308
720.4405,0.8942308
720.4605,0.8942308
720.4805,0.8942308
720.5005,0.8942308
720.5206,0.8942308
720.5406,0.8942308
720.5606,0.8942308
720.5806,0.8942308
720.6006,0.8942308
720.6207,0.8942308
720.6407,0.8942308
720.6607,0.8942308
720.6807,0.8942308
720.7007,0.8942308
720.7208,0.8942308
720.7408,0.8942308
720.7608,0.8942308
720.7808,0.8942308
720.8008,0.8942308
720.8209,0.8942308
720.8409,0.8942308
720.8609,0.8942308
720.8809,0.8942308
720.9009,0.8942308
720.921,0.8942308
720.941,0.8942308
720.961,0.8942308
720.981,0.8942308
721.001,0.8942308
721.0211,0.8942308
721.0411,0.8942308
721.0611,0.8942308
721.0811,0.8942308
721.1011,0.8942308
721.1212,0.8942308
721.1412,0.8942308
721.1612,0.8942308
721.1812,0.8942308
721.2012,0.8942308
721.2213,0.8942308
721.2413,0.8942308
721.2613,0.8942308
721.2813,0.8942308
721.3013,0.8942308
721.3214,0.8942308
721.3414,0.8942308
721.3614,0.8942308
721.3814,0.8942308
721.4014,0.8942308
721.4214,0.8942308
721.4415,0.8942308
721.4615,0.8942308
721.4815,0.8942308
721.5015,0.8942308
721.5215,0.8942308
721.5416,0.8942308
721.5616,0.8942308
721.5816,0.8942308
721.6016,0.8942308
721.6216,0.8942308
721.6417,0.8942308
721.6617,0.8942308
721.6817,0.8942308
721.7017,0.8942308
721.7217,0.8942308
721.7418,0.8942308
721.7618,0.8942308
721.7818,0.8942308
721.8018,0.8942308
721.8218,0.8942308
721.8419,0.8942308
721.8619,0.8942308
721.8819,0.8942308
721.9019,0.8942308
721.9219,0.8942308
721.942,0.8942308
721.962,0.8942308
721.982,0.8942308
722.002,0.8942308
722.022,0.8942308
722.0421,0.8942308
722.0621,0.8942308
722.0821,0.8942308
722.1021,0.8942308
722.1221,0.8942308
722.1422,0.8942308
722.1622,0.8942308
722.1822,0.8942308
722.2022,0.8942308
722.2222,0.8942308
722.2422,0.8942308
722.2623,0.8942308
722.2823,0.8942308
722.3023,0.8942308
722.3223,0.8942308
722.3423,0.8942308
722.3624,0.8942308
722.3824,0.8942308
722.4024,0.8942308
722.4224,0.8942308
722.4424,0.8942308
722.4625,0.8942308
722.4825,0.8942308
722.5025,0.8942308
722.5225,0.8942308
722.5425,0.8942308
722.5626,0.8942308
722.5826,0.8942308
722.6026,0.8942308
722.6226,0.8942308
722.6426,0.8942308
722.6627,0.8942308
722.6827,0.8942308
722.7027,0.8942308
722.7227,0.8942308
722.7427,0.8942308
722.7628,0.8942308
722.7828,0.8942308
722.8028,0.8942308
722.8228,0.8942308
722.8428,0.8942308
722.8629,0.8942308
722.8829,0.8942308
722.9029,0.8942308
722.9229,0.8942308
722.9429,0.8942308
722.963,0.8942308
722.983,0.8942308
723.003,0.8942308
723.023,0.8942308
723.043,0.8942308
723.063,0.8942308
723.0831,0.8942308
723.1031,0.8942308
723.1231,0.8942308
723.1431,0.8942308
723.1631,0.8942308
723.1832,0.8942308
723.2032,0.8942308
723.2232,0.8942308
723.2432,0.8942308
723.2632,0.8942308
723.2833,0.8942308
723.3033,0.8942308
723.3233,0.8942308
723.3433,0.8942308
723.3633,0.8942308
723.3834,0.8942308
723.4034,0.8942308
723.4234,0.8942308
723.4434,0.8942308
723.4634,0.8942308
723.4835,0.8942308
723.5035,0.8942308
723.5235,0.8942308
723.5435,0.8942308
723.5635,0.8942308
723.5836,0.8942308
723.6036,0.8942308
723.6236,0.8942308
723.6436,0.8942308
723.6636,0.8942308
723.6837,0.8942308
723.7037,0.8942308
723.7237,0.8942308
723.7437,0.8942308
723.7637,0.8942308
723.7838,0.8942308
723.8038,0.8942308
723.8238,0.8942308
723.8438,0.8942308
723.8638,0.8942308
723.8839,0.8942308
723.9039,0.8942308
723.9239,0.8942308
723.9439,0.8942308
723.9639,0.8942308
723.9839,0.8942308
724.004,0.8942308
724.024,0.8942308
724.044,0.8942308
724.064,0.8942308
724.084,0.8942308
724.1041,0.8942308
724.1241,0.8942308
724.1441,0.8942308
724.1641,0.8942308
724.1841,0.8942308
724.2042,0.8942308
724.2242,0.8942308
724.2442,0.8942308
724.2642,0.8942308
724.2842,0.8942308
724.3043,0.8942308
724.3243,0.8942308
724.3443,0.8942308
724.3643,0.8942308
724.3843,0.8942308
724.4044,0.8942308
724.4244,0.8942308
724.4444,0.8942308
724.4644,0.8942308
724.4844,0.8942308
724.5045,0.8942308
724.5245,0.8942308
724.5445,0.8942308
724.5645,0.8942308
724.5845,0.8942308
724.6046,0.8942308
724.6246,0.8942308
724.6446,0.8942308
724.6646,0.8942308
724.6846,0.8942308
724.7047,0.8942308
724.7247,0.8942308
724.7447,0.8942308
724.7647,0.8942308
724.7847,0.8942308
724.8047,0.8942308
724.8248,0.8942308
724.8448,0.8942308
724.8648,0.8942308
724.8848,0.8942308
724.9048,0.8942308
724.9249,0.8942308
724.9449,0.8942308
724.9649,0.8942308
724.9849,0.8942308
725.0049,0.8942308
725.025,0.8942308
725.045,0.8942308
725.065,0.8942308
725.085,0.8942308
725.105,0.8942308
725.1251,0.8942308
725.1451,0.8942308
725.1651,0.8942308
725.1851,0.8942308
725.2051,0.8942308
725.2252,0.8942308
725.2452,0.8942308
725.2652,0.8942308
725.2852,0.8942308
725.3052,0.8942308
725.3253,0.8942308
725.3453,0.8942308
725.3653,0.8942308
725.3853,0.8942308
725.4053,0.8942308
725.4254,0.8942308
725.4454,0.8942308
725.4654,0.8942308
725.4854,0.8942308
725.5054,0.8942308
725.5255,0.8942308
725.5455,0.8942308
725.5655,0.8942308
725.5855,0.8942308
725.6055,0.8942308
725.6255,0.8942308
725.6456,0.8942308
725.6656,0.8942308
725.6856,0.8942308
725.7056,0.8942308
725.7256,0.8942308
725.7457,0.8942308
725.7657,0.8942308
725.7857,0.8942308
725.8057,0.8942308
725.8257,0.8942308
725.8458,0.8942308
725.8658,0.8942308
725.8858,0.8942308
725.9058,0.8942308
725.9258,0.8942308
725.9459,0.8942308
725.9659,0.8942308
725.9859,0.8942308
726.0059,0.8942308
726.0259,0.8942308
726.046,0.8942308
726.066,0.8942308
726.086,0.8942308
726.106,0.8942308
726.126,0.8942308
726.1461,0.8942308
726.1661,0.8942308
726.1861,0.8942308
726.2061,0.8942308
726.2261,0.8942308
726.2462,0.8942308
726.2662,0.8942308
726.2862,0.8942308
726.3062,0.8942308
726.3262,0.8942308
726.3463,0.8942308
726.3663,0.8942308
726.3863,0.8942308
726.4063,0.8942308
726.4263,0.8942308
726.4464,0.8942308
726.4664,0.8942308
726.4864,0.8942308
726.5064,0.8942308
726.5264,0.8942308
726.5464,0.8942308
726.5665,0.8942308
726.5865,0.8942308
726.6065,0.8942308
726.6265,0.8942308
726.6465,0.8942308
726.6666,0.8942308
726.6866,0.8942308
726.7066,0.8942308
726.7266,0.8942308
726.7466,0.8942308
726.7667,0.8942308
726.7867,0.8942308
726.8067,0.8942308
726.8267,0.8942308
726.8467,0.8942308
726.8668,0.8942308
726.8868,0.8942308
726.9068,0.8942308
726.9268,0.8942308
726.9468,0.8942308
726.9669,0.8942308
726.9869,0.8942308
727.0069,0.8942308
727.0269,0.8942308
727.0469,0.8942308
727.067,0.8942308
727.087,0.8942308
727.107,0.8942308
727.127,0.8942308
727.147,0.8942308
727.1671,0.8942308
727.1871,0.8942308
727.2071,0.8942308
727.2271,0.8942308
727.2471,0.8942308
727.2672,0.8942308
727.2872,0.8942308
727.3072,0.8942308
727.3272,0.8942308
727.3472,0.8942308
727.3672,0.8942308
727.3873,0.8942308
727.4073,0.8942308
727.4273,0.8942308
727.4473,0.8942308
727.4673,0.8942308
727.4874,0.8942308
727.5074,0.8942308
727.5274,0.8942308
727.5474,0.8942308
727.5674,0.8942308
727.5875,0.8942308
727.6075,0.8942308
727.6275,0.8942308
727.6475,0.8942308
727.6675,0.8942308
727.6876,0.8942308
727.7076,0.8942308
727.7276,0.8942308
727.7476,0.8942308
727.7676,0.8942308
727.7877,0.8942308
727.8077,0.8942308
727.8277,0.8942308
727.8477,0.8942308
727.8677,0.8942308
727.8878,0.8942308
727.9078,0.8942308
727.9278,0.8942308
727.9478,0.8942308
727.9678,0.8942308
727.9879,0.8942308
728.0079,0.8942308
728.0279,0.8942308
728.0479,0.8942308
728.0679,0.8942308
728.088,0.8942308
728.108,0.8942308
728.128,0.8942308
728.148,0.8942308
728.168,0.8942308
728.188,0.8942308
728.2081,0.8942308
728.2281,0.8942308
728.2481,0.8942308
728.2681,0.8942308
728.2881,0.8942308
728.3082,0.8942308
728.3282,0.8942308
728.3482,0.8942308
728.3682,0.8942308
728.3882,0.8942308
728.4083,0.8942308
728.4283,0.8942308
728.4483,0.8942308
728.4683,0.8942308
728.4883,0.8942308
728.5084,0.8942308
728.5284,0.8942308
728.5484,0.8942308
728.5684,0.8942308
728.5884,0.8942308
728.6085,0.8942308
728.6285,0.8942308
728.6485,0.8942308
728.6685,0.8942308
728.6885,0.8942308
728.7086,0.8942308
728.7286,0.8942308
728.7486,0.8942308
728.7686,0.8942308
728.7886,0.8942308
728.8087,0.8942308
728.8287,0.8942308
728.8487,0.8942308
728.8687,0.8942308
728.8887,0.8942308
728.9088,0.8942308
728.9288,0.8942308
728.9488,0.8942308
728.9688,0.8942308
728.9888,0.8942308
729.0089,0.8942308
729.0289,0.8942308
729.0489,0.8942308
729.0689,0.8942308
729.0889,0.8942308
729.1089,0.8942308
729.129,0.8942308
729.149,0.8942308
729.169,0.8942308
729.189,0.8942308
729.209,0.8942308
729.2291,0.8942308
729.2491,0.8942308
729.2691,0.8942308
729.2891,0.8942308
729.3091,0.8942308
729.3292,0.8942308
729.3492,0.8942308
729.3692,0.8942308
729.3892,0.8942308
729.4092,0.8942308
729.4293,0.8942308
729.4493,0.8942308
729.4693,0.8942308
729.4893,0.8942308
729.5093,0.8942308
729.5294,0.8942308
729.5494,0.8942308
729.5694,0.8942308
729.5894,0.8942308
729.6094,0.8942308
729.6295,0.8942308
729.6495,0.8942308
729.6695,0.8942308
729.6895,0.8942308
729.7095,0.8942308
729.7296,0.8942308
729.7496,0.8942308
729.7696,0.8942308
729.7896,0.8942308
729.8096,0.8942308
729.8297,0.8942308
729.8497,0.8942308
729.8697,0.8942308
729.8897,0.8942308
729.9097,0.8942308
729.9297,0.8942308
729.9498,0.8942308
729.9698,0.8942308
729.9898,0.8942308
730.0098,0.8942308
730.0298,0.8942308
730.0499,0.8942308
730.0699,0.8942308
730.0899,0.8942308
730.1099,0.8942308
730.1299,0.8942308
730.15,0.8942308
730.17,0.8942308
730.19,0.8942308
730.21,0.8942308
730.23,0.8942308
730.2501,0.8942308
730.2701,0.8942308
730.2901,0.8942308
730.3101,0.8942308
730.3301,0.8942308
730.3502,0.8942308
730.3702,0.8942308
730.3902,0.8942308
730.4102,0.8942308
730.4302,0.8942308
730.4503,0.8942308
730.4703,0.8942308
730.4903,0.8942308
730.5103,0.8942308
730.5303,0.8942308
730.5504,0.8942308
730.5704,0.8942308
730.5904,0.8942308
730.6104,0.8942308
730.6304,0.8942308
730.6505,0.8942308
730.6705,0.8942308
730.6905,0.8942308
730.7105,0.8942308
730.7305,0.8942308
730.7505,0.8942308
730.7706,0.8942308
730.7906,0.8942308
730.8106,0.8942308
730.8306,0.8942308
730.8506,0.8942308
730.8707,0.8942308
730.8907,0.8942308
730.9107,0.8942308
730.9307,0.8942308
730.9507,0.8942308
730.9708,0.8942308
730.9908,0.8942308
731.0108,0.8942308
731.0308,0.8942308
731.0508,0.8942308
731.0709,0.8942308
731.0909,0.8942308
731.1109,0.8942308
731.1309,0.8942308
731.1509,0.8942308
731.171,0.8942308
731.191,0.8942308
731.211,0.8942308
731.231,0.8942308
731.251,0.8942308
731.2711,0.8942308
731.2911,0.8942308
731.3111,0.8942308
731.3311,0.8942308
731.3511,0.8942308
731.3712,0.8942308
731.3912,0.8942308
731.4112,0.8942308
731.4312,0.8942308
731.4512,0.8942308
731.4713,0.8942308
731.4913,0.8942308
731.5113,0.8942308
731.5313,0.8942308
731.5513,0.8942308
731.5714,0.8942308
731.5914,0.8942308
731.6114,0.8942308
731.6314,0.8942308
731.6514,0.8942308
731.6714,0.8942308
731.6915,0.8942308
731.7115,0.8942308
731.7315,0.8942308
731.7515,0.8942308
731.7715,0.8942308
731.7916,0.8942308
731.8116,0.8942308
731.8316,0.8942308
731.8516,0.8942308
731.8716,0.8942308
731.8917,0.8942308
731.9117,0.8942308
731.9317,0.8942308
731.9517,0.8942308
731.9717,0.8942308
731.9918,0.8942308
732.0118,0.8942308
732.0318,0.8942308
732.0518,0.8942308
732.0718,0.8942308
732.0919,0.8942308
732.1119,0.8942308
732.1319,0.8942308
732.1519,0.8942308
732.1719,0.8942308
732.192,0.8942308
732.212,0.8942308
732.232,0.8942308
732.252,0.8942308
732.272,0.8942308
732.2921,0.8942308
732.3121,0.8942308
732.3321,0.8942308
732.3521,0.8942308
732.3721,0.8942308
732.3922,0.8942308
732.4122,0.8942308
732.4322,0.8942308
732.4522,0.8942308
732.4722,0.8942308
732.4922,0.8942308
732.5123,0.8942308
732.5323,0.8942308
732.5523,0.8942308
732.5723,0.8942308
732.5923,0.8942308
732.6124,0.8942308
732.6324,0.8942308
732.6524,0.8942308
732.6724,0.8942308
732.6924,0.8942308
732.7125,0.8942308
732.7325,0.8942308
732.7525,0.8942308
732.7725,0.8942308
732.7925,0.8942308
732.8126,0.8942308
732.8326,0.8942308
732.8526,0.8942308
732.8726,0.8942308
732.8926,0.8942308
732.9127,0.8942308
732.9327,0.8942308
732.9527,0.8942308
732.9727,0.8942308
732.9927,0.8942308
733.0128,0.8942308
733.0328,0.8942308
733.0528,0.8942308
733.0728,0.8942308
733.0928,0.8942308
733.1129,0.8942308
733.1329,0.8942308
733.1529,0.8942308
733.1729,0.8942308
733.1929,0.8942308
733.213,0.8942308
733.233,0.8942308
733.253,0.8942308
733.273,0.8942308
733.293,0.8942308
733.313,0.8942308
733.3331,0.8942308
733.3531,0.8942308
733.3731,0.8942308
733.3931,0.8942308
733.4131,0.8942308
733.4332,0.8942308
733.4532,0.8942308
733.4732,0.8942308
733.4932,0.8942308
733.5132,0.8942308
733.5333,0.8942308
733.5533,0.8942308
733.5733,0.8942308
733.5933,0.8942308
733.6133,0.8942308
733.6334,0.8942308
733.6534,0.8942308
733.6734,0.8942308
733.6934,0.8942308
733.7134,0.8942308
733.7335,0.8942308
733.7535,0.8942308
733.7735,0.8942308
733.7935,0.8942308
733.8135,0.8942308
733.8336,0.8942308
733.8536,0.8942308
733.8736,0.8942308
733.8936,0.8942308
733.9136,0.8942308
733.9337,0.8942308
733.9537,0.8942308
733.9737,0.8942308
733.9937,0.8942308
734.0137,0.8942308
734.0338,0.8942308
734.0538,0.8942308
734.0738,0.8942308
734.0938,0.8942308
734.1138,0.8942308
734.1339,0.8942308
734.1539,0.8942308
734.1739,0.8990384
734.1939,0.8990384
734.2139,0.8990384
734.2339,0.8990384
734.254,0.8990384
734.274,0.8990384
734.294,0.8990384
734.314,0.8990384
734.334,0.8990384
734.3541,0.8990384
734.3741,0.8990384
734.3941,0.8990384
734.4141,0.8990384
734.4341,0.8990384
734.4542,0.8990384
734.4742,0.8990384
734.4942,0.8990384
734.5142,0.8990384
734.5342,0.8990384
734.5543,0.8990384
734.5743,0.8990384
734.5943,0.8990384
734.6143,0.8990384
734.6343,0.8990384
734.6544,0.8990384
734.6744,0.8990384
734.6944,0.8990384
734.7144,0.8990384
734.7344,0.8990384
734.7545,0.8990384
734.7745,0.8990384
734.7945,0.8990384
734.8145,0.8990384
734.8345,0.8990384
734.8546,0.8990384
734.8746,0.8990384
734.8946,0.8990384
734.9146,0.8990384
734.9346,0.8990384
734.9547,0.8990384
734.9747,0.8990384
734.9947,0.8990384
735.0147,0.8990384
735.0347,0.8990384
735.0547,0.8990384
735.0748,0.8990384
735.0948,0.8990384
735.1148,0.8990384
735.1348,0.8990384
735.1548,0.8990384
735.1749,0.8990384
735.1949,0.8990384
735.2149,0.8990384
735.2349,0.8990384
735.2549,0.8990384
735.275,0.8990384
735.295,0.8990384
735.315,0.8990384
735.335,0.8990384
735.355,0.8990384
735.3751,0.8990384
735.3951,0.8990384
735.4151,0.8990384
735.4351,0.8990384
735.4551,0.8990384
735.4752,0.8990384
735.4952,0.8990384
735.5152,0.8990384
735.5352,0.8990384
735.5552,0.8990384
735.5753,0.8990384
735.5953,0.8990384
735.6153,0.8990384
735.6353,0.8990384
735.6553,0.8990384
735.6754,0.8990384
735.6954,0.8990384
735.7154,0.8990384
735.7354,0.8990384
735.7554,0.8990384
735.7755,0.8990384
735.7955,0.8990384
735.8155,0.8990384
735.8355,0.8990384
735.8555,0.8990384
735.8755,0.8990384
735.8956,0.8990384
735.9156,0.8990384
735.9356,0.8990384
735.9556,0.8990384
735.9756,0.8990384
735.9957,0.8990384
736.0157,0.8990384
736.0357,0.8990384
736.0557,0.8990384
736.0757,0.8990384
736.0958,0.8990384
736.1158,0.8990384
736.1358,0.8990384
736.1558,0.8990384
736.1758,0.8990384
736.1959,0.8990384
736.2159,0.8990384
736.2359,0.8990384
736.2559,0.8990384
736.2759,0.8990384
736.296,0.8990384
736.316,0.8990384
736.336,0.8990384
736.356,0.8990384
736.376,0.8990384
736.3961,0.8990384
736.4161,0.8990384
736.4361,0.8990384
736.4561,0.8990384
736.4761,0.8990384
736.4962,0.8990384
736.5162,0.8990384
736.5362,0.8990384
736.5562,0.8990384
736.5762,0.8990384
736.5963,0.8990384
736.6163,0.8990384
736.6363,0.8990384
736.6563,0.8990384
736.6763,0.8990384
736.6964,0.8990384
736.7164,0.8990384
736.7364,0.8990384
736.7564,0.8990384
736.7764,0.8990384
736.7964,0.8990384
736.8165,0.8990384
736.8365,0.8990384
736.8565,0.8990384
736.8765,0.8990384
736.8965,0.8990384
736.9166,0.8990384
736.9366,0.8990384
736.9566,0.8990384
736.9766,0.8990384
736.9966,0.8990384
737.0167,0.8990384
737.0367,0.8990384
737.0567,0.8990384
737.0767,0.8990384
737.0967,0.8990384
737.1168,0.8990384
737.1368,0.8990384
737.1568,0.8990384
737.1768,0.8990384
737.1968,0.8990384
737.2169,0.8990384
737.2369,0.8990384
737.2569,0.8990384
737.2769,0.8990384
737.2969,0.8990384
737.317,0.8990384
737.337,0.8990384
737.357,0.8990384
737.377,0.8990384
737.397,0.8990384
737.4171,0.8990384
737.4371,0.8990384
737.4571,0.8990384
737.4771,0.8990384
737.4971,0.8990384
737.5172,0.8990384
737.5372,0.8990384
737.5572,0.8990384
737.5772,0.8990384
737.5972,0.8990384
737.6172,0.8990384
737.6373,0.8990384
737.6573,0.8990384
737.6773,0.8990384
737.6973,0.8990384
737.7173,0.8990384
737.7374,0.8990384
737.7574,0.8990384
737.7774,0.8990384
737.7974,0.8990384
737.8174,0.8990384
737.8375,0.8990384
737.8575,0.8990384
737.8775,0.8990384
737.8975,0.8990384
737.9175,0.8990384
737.9376,0.8990384
737.9576,0.8990384
737.9776,0.8990384
737.9976,0.8990384
738.0176,0.8990384
738.0377,0.8990384
738.0577,0.8990384
738.0777,0.8990384
738.0977,0.8990384
738.1177,0.8990384
738.1378,0.8990384
738.1578,0.8990384
738.1778,0.8990384
738.1978,0.8990384
738.2178,0.8990384
738.2379,0.8990384
738.2579,0.8990384
738.2779,0.8990384
738.2979,0.8990384
738.3179,0.8990384
738.338,0.8990384
738.358,0.8990384
738.378,0.8990384
738.398,0.8990384
738.418,0.8990384
738.438,0.8990384
738.4581,0.8990384
738.4781,0.8990384
738.4981,0.8990384
738.5181,0.8990384
738.5381,0.8990384
738.5582,0.8990384
738.5782,0.8990384
738.5982,0.8990384
738.6182,0.8990384
738.6382,0.8990384
738.6583,0.8990384
738.6783,0.8990384
738.6983,0.8990384
738.7183,0.8990384
738.7383,0.8990384
738.7584,0.8990384
738.7784,0.8990384
738.7984,0.8990384
738.8184,0.8990384
738.8384,0.8990384
738.8585,0.8990384
738.8785,0.8990384
738.8985,0.8990384
738.9185,0.8990384
738.9385,0.8990384
738.9586,0.8990384
738.9786,0.8990384
738.9986,0.8990384
739.0186,0.8990384
739.0386,0.8990384
739.0587,0.8990384
739.0787,0.8990384
739.0987,0.8990384
739.1187,0.8990384
739.1387,0.8990384
739.1588,0.8990384
739.1788,0.8990384
739.1988,0.8990384
739.2188,0.8990384
739.2388,0.8990384
739.2589,0.8990384
739.2789,0.8990384
739.2989,0.8990384
739.3189,0.8990384
739.3389,0.8990384
739.3589,0.8990384
739.379,0.8990384
739.399,0.8990384
739.419,0.8990384
739.439,0.8990384
739.459,0.8990384
739.4791,0.8990384
739.4991,0.8990384
739.5191,0.8990384
739.5391,0.8990384
739.5591,0.8990384
739.5792,0.8990384
739.5992,0.8990384
739.6192,0.8990384
739.6392,0.8990384
739.6592,0.8990384
739.6793,0.8990384
739.6993,0.8990384
739.7193,0.8990384
739.7393,0.8990384
739.7593,0.8990384
739.7794,0.8990384
739.7994,0.8990384
739.8194,0.8990384
739.8394,0.8990384
739.8594,0.8990384
739.8795,0.8990384
739.8995,0.8990384
739.9195,0.8990384
739.9395,0.8990384
739.9595,0.8990384
739.9796,0.8990384
739.9996,0.8990384
740.0196,0.8990384
740.0396,0.8990384
740.0596,0.8990384
740.0797,0.8990384
740.0997,0.8990384
740.1197,0.8990384
740.1397,0.8990384
740.1597,0.8990384
740.1797,0.8990384
740.1998,0.8990384
740.2198,0.8990384
740.2398,0.8990384
740.2598,0.8990384
740.2798,0.8990384
740.2999,0.8990384
740.3199,0.8990384
740.3399,0.8990384
740.3599,0.8990384
740.3799,0.8990384
740.4,0.8990384
740.42,0.8990384
740.44,0.8990384
740.46,0.8990384
740.48,0.8990384
740.5001,0.8990384
740.5201,0.8990384
740.5401,0.8990384
740.5601,0.8990384
740.5801,0.8990384
740.6002,0.8990384
740.6202,0.8990384
740.6402,0.8990384
740.6602,0.8990384
740.6802,0.8990384
740.7003,0.8990384
740.7203,0.8990384
740.7403,0.8990384
740.7603,0.8990384
740.7803,0.8990384
740.8004,0.8990384
740.8204,0.8990384
740.8404,0.8990384
740.8604,0.8990384
740.8804,0.8990384
740.9005,0.8990384
740.9205,0.8990384
740.9405,0.8990384
740.9605,0.8990384
740.9805,0.8990384
741.0005,0.8990384
741.0206,0.8990384
741.0406,0.8990384
741.0606,0.8990384
741.0806,0.8990384
741.1006,0.8990384
741.1207,0.8990384
741.1407,0.8990384
741.1607,0.8990384
741.1807,0.8990384
741.2007,0.8990384
741.2208,0.8990384
741.2408,0.8990384
741.2608,0.8990384
741.2808,0.8990384
741.3008,0.8990384
741.3209,0.8990384
741.3409,0.8990384
741.3609,0.8990384
741.3809,0.8990384
741.4009,0.8990384
741.421,0.8990384
741.441,0.8990384
741.461,0.8990384
741.481,0.8990384
741.501,0.8990384
741.5211,0.8990384
741.5411,0.8990384
741.5611,0.8990384
741.5811,0.8990384
741.6011,0.8990384
741.6212,0.8990384
741.6412,0.8990384
741.6612,0.8990384
741.6812,0.8990384
741.7012,0.8990384
741.7213,0.8990384
741.7413,0.8990384
741.7613,0.8990384
741.7813,0.8990384
741.8013,0.8990384
741.8214,0.8990384
741.8414,0.8990384
741.8614,0.8990384
741.8814,0.8990384
741.9014,0.8990384
741.9214,0.8990384
741.9415,0.8990384
741.9615,0.8990384
741.9815,0.8990384
742.0015,0.8990384
742.0215,0.8990384
742.0416,0.8990384
742.0616,0.8990384
742.0816,0.8990384
742.1016,0.8990384
742.1216,0.8990384
742.1417,0.8990384
742.1617,0.8990384
742.1817,0.8990384
742.2017,0.8990384
742.2217,0.8990384
742.2418,0.8990384
742.2618,0.8990384
742.2818,0.8990384
742.3018,0.8990384
742.3218,0.8990384
742.3419,0.8990384
742.3619,0.8990384
742.3819,0.8990384
742.4019,0.8990384
742.4219,0.8990384
742.442,0.8990384
742.462,0.8990384
742.482,0.8990384
742.502,0.8990384
742.522,0.8990384
742.5421,0.8990384
742.5621,0.8990384
742.5821,0.8990384
742.6021,0.8990384
742.6221,0.8990384
742.6422,0.8990384
742.6622,0.8990384
742.6822,0.8990384
742.7022,0.8990384
742.7222,0.8990384
742.7422,0.8990384
742.7623,0.8990384
742.7823,0.8990384
742.8023,0.8990384
742.8223,0.8990384
742.8423,0.8990384
742.8624,0.8990384
742.8824,0.8990384
742.9024,0.8990384
742.9224,0.8990384
742.9424,0.8990384
742.9625,0.8990384
742.9825,0.8990384
743.0025,0.8990384
743.0225,0.8990384
743.0425,0.8990384
743.0626,0.8990384
743.0826,0.8990384
743.1026,0.8990384
743.1226,0.8990384
743.1426,0.8990384
743.1627,0.8990384
743.1827,0.8990384
743.2027,0.8990384
743.2227,0.8990384
743.2427,0.8990384
743.2628,0.8990384
743.2828,0.8990384
743.3028,0.8990384
743.3228,0.8990384
743.3428,0.8990384
743.3629,0.8990384
743.3829,0.8990384
743.4029,0.8990384
743.4229,0.8990384
743.4429,0.8990384
743.463,0.8990384
743.483,0.8990384
743.503,0.8990384
743.523,0.8990384
743.543,0.8990384
743.563,0.8990384
743.5831,0.8990384
743.6031,0.8990384
743.6231,0.8990384
743.6431,0.8990384
743.6631,0.8990384
743.6832,0.8990384
743.7032,0.8990384
743.7232,0.8990384
743.7432,0.8990384
743.7632,0.8990384
743.7833,0.8990384
743.8033,0.8990384
743.8233,0.8990384
743.8433,0.8990384
743.8633,0.8990384
743.8834,0.8990384
743.9034,0.8990384
743.9234,0.8990384
743.9434,0.8990384
743.9634,0.8990384
743.9835,0.8990384
744.0035,0.8990384
744.0235,0.8990384
744.0435,0.8990384
744.0635,0.8990384
744.0836,0.8990384
744.1036,0.8990384
744.1236,0.8990384
744.1436,0.8990384
744.1636,0.8990384
744.1837,0.8990384
744.2037,0.8990384
744.2237,0.8990384
744.2437,0.8990384
744.2637,0.8990384
744.2838,0.8990384
744.3038,0.8990384
744.3238,0.8990384
744.3438,0.8990384
744.3638,0.8990384
744.3839,0.8990384
744.4039,0.8990384
744.4239,0.8990384
744.4439,0.8990384
744.4639,0.8990384
744.4839,0.8990384
744.504,0.8990384
744.524,0.8990384
744.544,0.8990384
744.564,0.8990384
744.584,0.8990384
744.6041,0.8990384
744.6241,0.8990384
744.6441,0.8990384
744.6641,0.8990384
744.6841,0.8990384
744.7042,0.8990384
744.7242,0.8990384
744.7442,0.8990384
744.7642,0.8990384
744.7842,0.8990384
744.8043,0.8990384
744.8243,0.8990384
744.8443,0.8990384
744.8643,0.8990384
744.8843,0.8990384
744.9044,0.8990384
744.9244,0.8990384
744.9444,0.8990384
744.9644,0.8990384
744.9844,0.8990384
745.0045,0.8990384
745.0245,0.8990384
745.0445,0.8990384
745.0645,0.8990384
745.0845,0.8990384
745.1046,0.8990384
745.1246,0.8990384
745.1446,0.8990384
745.1646,0.8990384
745.1846,0.8990384
745.2047,0.8990384
745.2247,0.8990384
745.2447,0.8990384
745.2647,0.8990384
745.2847,0.8990384
745.3047,0.8990384
745.3248,0.8990384
745.3448,0.8990384
745.3648,0.8990384
745.3848,0.8990384
745.4048,0.8990384
745.4249,0.8990384
745.4449,0.8990384
745.4649,0.8990384
745.4849,0.8990384
745.5049,0.8990384
745.525,0.8990384
745.545,0.8990384
745.565,0.8990384
745.585,0.8990384
745.605,0.8990384
745.6251,0.8990384
745.6451,0.8990384
745.6651,0.8990384
745.6851,0.8990384
745.7051,0.8990384
745.7252,0.8990384
745.7452,0.8990384
745.7652,0.8990384
745.7852,0.8990384
745.8052,0.8990384
745.8253,0.8990384
745.8453,0.8990384
745.8653,0.8990384
745.8853,0.8990384
745.9053,0.8990384
745.9254,0.8990384
745.9454,0.8990384
745.9654,0.8990384
745.9854,0.8990384
746.0054,0.8990384
746.0255,0.8990384
746.0455,0.8990384
746.0655,0.8990384
746.0855,0.8990384
746.1055,0.8990384
746.1255,0.8990384
746.1456,0.8990384
746.1656,0.8990384
746.1856,0.8990384
746.2056,0.8990384
746.2256,0.8990384
746.2457,0.8990384
746.2657,0.8990384
746.2857,0.8990384
746.3057,0.8990384
746.3257,0.8990384
746.3458,0.8990384
746.3658,0.8990384
746.3858,0.8990384
746.4058,0.8990384
746.4258,0.8990384
746.4459,0.8990384
746.4659,0.8990384
746.4859,0.8990384
746.5059,0.8990384
746.5259,0.8990384
746.546,0.8990384
746.566,0.8990384
746.586,0.8990384
746.606,0.8990384
746.626,0.8990384
746.6461,0.8990384
746.6661,0.8990384
746.6861,0.8990384
746.7061,0.8990384
746.7261,0.8990384
746.7462,0.8990384
746.7662,0.8990384
746.7862,0.8990384
746.8062,0.8990384
746.8262,0.8990384
746.8463,0.8990384
746.8663,0.8990384
746.8863,0.8990384
746.9063,0.8990384
746.9263,0.8990384
746.9464,0.8990384
746.9664,0.8990384
746.9864,0.8990384
747.0064,0.8990384
747.0264,0.8990384
747.0464,0.8990384
747.0665,0.8990384
747.0865,0.8990384
747.1065,0.8990384
747.1265,0.8990384
747.1465,0.8990384
747.1666,0.8990384
747.1866,0.8990384
747.2066,0.8990384
747.2266,0.8990384
747.2466,0.8990384
747.2667,0.8990384
747.2867,0.8990384
747.3067,0.8990384
747.3267,0.8990384
747.3467,0.8990384
747.3668,0.8990384
747.3868,0.8990384
747.4068,0.8990384
747.4268,0.8990384
747.4468,0.8990384
747.4669,0.8990384
747.4869,0.8990384
747.5069,0.8990384
747.5269,0.8990384
747.5469,0.8990384
747.567,0.8990384
747.587,0.8990384
747.607,0.8990384
747.627,0.8990384
747.647,0.8990384
747.6671,0.8990384
747.6871,0.8990384
747.7071,0.8990384
747.7271,0.8990384
747.7471,0.8990384
747.7672,0.8990384
747.7872,0.8990384
747.8072,0.8990384
747.8272,0.8990384
747.8472,0.8990384
747.8672,0.8990384
747.8873,0.8990384
747.9073,0.8990384
747.9273,0.8990384
747.9473,0.8990384
747.9673,0.8990384
747.9874,0.8990384
748.0074,0.8990384
748.0274,0.8990384
748.0474,0.8990384
748.0674,0.8990384
748.0875,0.8990384
748.1075,0.8990384
748.1275,0.8990384
748.1475,0.8990384
748.1675,0.8990384
748.1876,0.8990384
748.2076,0.8990384
748.2276,0.8990384
748.2476,0.8990384
748.2676,0.8990384
748.2877,0.8990384
748.3077,0.8990384
748.3277,0.8990384
748.3477,0.8990384
748.3677,0.8990384
748.3878,0.8990384
748.4078,0.8990384
748.4278,0.8990384
748.4478,0.8990384
748.4678,0.8990384
748.4879,0.8990384
748.5079,0.8990384
748.5279,0.8990384
748.5479,0.8990384
748.5679,0.8990384
748.588,0.8990384
748.608,0.8990384
748.628,0.8990384
748.648,0.8990384
748.668,0.8990384
748.688,0.8990384
748.7081,0.8990384
748.7281,0.8990384
748.7481,0.8990384
748.7681,0.8990384
748.7881,0.8990384
748.8082,0.8990384
748.8282,0.8990384
748.8482,0.8990384
748.8682,0.8990384
748.8882,0.8990384
748.9083,0.8990384
748.9283,0.8990384
748.9483,0.8990384
748.9683,0.8990384
748.9883,0.8990384
749.0084,0.8990384
749.0284,0.8990384
749.0484,0.8990384
749.0684,0.8990384
749.0884,0.8990384
749.1085,0.8990384
749.1285,0.8990384
749.1485,0.8990384
749.1685,0.8990384
749.1885,0.8990384
749.2086,0.8990384
749.2286,0.8990384
749.2486,0.8990384
749.2686,0.8990384
749.2886,0.8990384
749.3087,0.8990384
749.3287,0.8990384
749.3487,0.8990384
749.3687,0.8990384
749.3887,0.8990384
749.4088,0.8990384
749.4288,0.8990384
749.4488,0.8990384
749.4688,0.8990384
749.4888,0.8990384
749.5089,0.8990384
749.5289,0.8990384
749.5489,0.8990384
749.5689,0.8990384
749.5889,0.8990384
749.6089,0.8990384
749.629,0.8990384
749.649,0.8990384
749.669,0.8990384
749.689,0.8990384
749.709,0.8990384
749.7291,0.8990384
749.7491,0.8990384
749.7691,0.8990384
749.7891,0.8990384
749.8091,0.8990384
749.8292,0.8990384
749.8492,0.8990384
749.8692,0.8990384
749.8892,0.8990384
749.9092,0.8990384
749.9293,0.8990384
749.9493,0.8990384
749.9693,0.8990384
749.9893,0.8990384
750.0093,0.8990384
750.0294,0.8990384
750.0494,0.8990384
750.0694,0.8990384
750.0894,0.8990384
750.1094,0.8990384
750.1295,0.8990384
750.1495,0.8990384
750.1695,0.8990384
750.1895,0.8990384
750.2095,0.8990384
750.2296,0.8990384
750.2496,0.8990384
750.2696,0.8990384
750.2896,0.8990384
750.3096,0.8990384
750.3297,0.8990384
750.3497,0.8990384
750.3697,0.8990384
750.3897,0.8990384
750.4097,0.8990384
750.4297,0.8990384
750.4498,0.8990384
750.4698,0.8990384
750.4898,0.8990384
750.5098,0.8990384
750.5298,0.8990384
750.5499,0.8990384
750.5699,0.8990384
750.5899,0.8990384
750.6099,0.8990384
750.6299,0.8990384
750.65,0.8990384
750.67,0.8990384
750.69,0.8990384
750.71,0.8990384
750.73,0.8990384
750.7501,0.8990384
750.7701,0.8990384
750.7901,0.8990384
750.8101,0.8990384
750.8301,0.8990384
750.8502,0.8990384
750.8702,0.8990384
750.8902,0.8990384
750.9102,0.8990384
750.9302,0.8990384
750.9503,0.8990384
750.9703,0.8990384
750.9903,0.8990384
751.0103,0.8990384
751.0303,0.8990384
751.0504,0.8990384
751.0704,0.8990384
751.0904,0.8990384
751.1104,0.8990384
751.1304,0.8990384
751.1505,0.8990384
751.1705,0.8990384
751.1905,0.8990384
751.2105,0.8990384
751.2305,0.8990384
751.2505,0.8990384
751.2706,0.8990384
751.2906,0.8990384
751.3106,0.8990384
751.3306,0.8990384
751.3506,0.8990384
751.3707,0.8990384
751.3907,0.8990384
751.4107,0.8990384
751.4307,0.8990384
751.4507,0.8990384
751.4708,0.8990384
751.4908,0.8990384
751.5108,0.8990384
751.5308,0.8990384
751.5508,0.8990384
751.5709,0.8990384
751.5909,0.8990384
751.6109,0.8990384
751.6309,0.8990384
751.6509,0.8990384
751.671,0.8990384
751.691,0.8990384
751.711,0.8990384
751.731,0.8990384
751.751,0.8990384
751.7711,0.8990384
751.7911,0.8990384
751.8111,0.8990384
751.8311,0.8990384
751.8511,0.8990384
751.8712,0.8990384
751.8912,0.8990384
751.9112,0.8990384
751.9312,0.8990384
751.9512,0.8990384
751.9713,0.8990384
751.9913,0.8990384
752.0113,0.8990384
752.0313,0.8990384
752.0513,0.8990384
752.0714,0.8990384
752.0914,0.8990384
752.1114,0.8990384
752.1314,0.8990384
752.1514,0.8990384
752.1714,0.8990384
752.1915,0.8990384
752.2115,0.8990384
752.2315,0.8990384
752.2515,0.8990384
752.2715,0.8990384
752.2916,0.8990384
752.3116,0.8990384
752.3316,0.8990384
752.3516,0.8990384
752.3716,0.8990384
752.3917,0.8990384
752.4117,0.8990384
752.4317,0.8990384
752.4517,0.8990384
752.4717,0.8990384
752.4918,0.8990384
752.5118,0.8990384
752.5318,0.8990384
752.5518,0.8990384
752.5718,0.8990384
752.5919,0.8990384
752.6119,0.8990384
752.6319,0.8990384
752.6519,0.8990384
752.6719,0.8990384
752.692,0.8990384
752.712,0.8990384
752.732,0.8990384
752.752,0.8990384
752.772,0.8990384
752.7921,0.8990384
752.8121,0.8990384
752.8321,0.8990384
752.8521,0.8990384
752.8721,0.8990384
752.8922,0.8990384
752.9122,0.8990384
752.9322,0.8990384
752.9522,0.8990384
752.9722,0.8990384
752.9922,0.8990384
753.0123,0.8990384
753.0323,0.8990384
753.0523,0.8990384
753.0723,0.8990384
753.0923,0.8990384
753.1124,0.8990384
753.1324,0.8990384
753.1524,0.8990384
753.1724,0.8990384
753.1924,0.8990384
753.2125,0.8990384
753.2325,0.8990384
753.2525,0.8990384
753.2725,0.8990384
753.2925,0.8990384
753.3126,0.8990384
753.3326,0.8990384
753.3526,0.8990384
753.3726,0.8990384
753.3926,0.8990384
753.4127,0.8990384
753.4327,0.8990384
753.4527,0.8990384
753.4727,0.8990384
753.4927,0.8990384
753.5128,0.8990384
753.5328,0.8990384
753.5528,0.8990384
753.5728,0.8990384
753.5928,0.8990384
753.6129,0.8990384
753.6329,0.8990384
753.6529,0.8990384
753.6729,0.8990384
753.6929,0.8990384
753.713,0.8990384
753.733,0.8990384
753.753,0.8990384
753.773,0.8990384
753.793,0.8990384
753.813,0.8990384
753.8331,0.8990384
753.8531,0.8990384
753.8731,0.8990384
753.8931,0.8990384
753.9131,0.8990384
753.9332,0.8990384
753.9532,0.8990384
753.9732,0.8990384
753.9932,0.8990384
754.0132,0.8990384
754.0333,0.8990384
754.0533,0.8990384
754.0733,0.8990384
754.0933,0.8990384
754.1133,0.8990384
754.1334,0.8990384
754.1534,0.8990384
754.1734,0.8990384
754.1934,0.8990384
754.2134,0.8990384
754.2335,0.8990384
754.2535,0.8990384
754.2735,0.8990384
754.2935,0.8990384
754.3135,0.8990384
754.3336,0.8990384
754.3536,0.8990384
754.3736,0.8990384
754.3936,0.8990384
754.4136,0.8990384
754.4337,0.8990384
754.4537,0.8990384
754.4737,0.8990384
754.4937,0.8990384
754.5137,0.8990384
754.5338,0.8990384
754.5538,0.8990384
754.5738,0.8990384
754.5938,0.8990384
754.6138,0.8990384
754.6339,0.8990384
754.6539,0.8990384
754.6739,0.8990384
754.6939,0.8990384
754.7139,0.8990384
754.7339,0.8990384
754.754,0.8990384
754.774,0.8990384
754.794,0.8990384
754.814,0.8990384
754.834,0.8990384
754.8541,0.8990384
754.8741,0.8990384
754.8941,0.8990384
754.9141,0.8990384
754.9341,0.8990384
754.9542,0.8990384
754.9742,0.8990384
754.9942,0.8990384
755.0142,0.8990384
755.0342,0.8990384
755.0543,0.8990384
755.0743,0.8990384
755.0943,0.8990384
755.1143,0.8990384
755.1343,0.8990384
755.1544,0.8990384
755.1744,0.8990384
755.1944,0.8990384
755.2144,0.8990384
755.2344,0.8990384
755.2545,0.8990384
755.2745,0.8990384
755.2945,0.8990384
755.3145,0.8990384
755.3345,0.8990384
755.3546,0.8990384
755.3746,0.8990384
755.3946,0.8990384
755.4146,0.8990384
755.4346,0.8990384
755.4547,0.8990384
755.4747,0.8990384
755.4947,0.8990384
755.5147,0.8990384
755.5347,0.8990384
755.5547,0.8990384
755.5748,0.8990384
755.5948,0.8990384
755.6148,0.8990384
755.6348,0.8990384
755.6548,0.8990384
755.6749,0.8990384
755.6949,0.8990384
755.7149,0.8990384
755.7349,0.8990384
755.7549,0.8990384
755.775,0.8990384
755.795,0.8990384
755.815,0.8990384
755.835,0.8990384
755.855,0.8990384
755.8751,0.8990384
755.8951,0.8990384
755.9151,0.8990384
755.9351,0.8990384
755.9551,0.8990384
755.9752,0.8990384
755.9952,0.8990384
756.0152,0.8990384
756.0352,0.8990384
756.0552,0.8990384
756.0753,0.8990384
756.0953,0.8990384
756.1153,0.8990384
756.1353,0.8990384
756.1553,0.8990384
756.1754,0.8990384
756.1954,0.8990384
756.2154,0.8990384
756.2354,0.8990384
756.2554,0.8990384
756.2755,0.8990384
756.2955,0.8990384
756.3155,0.8990384
756.3355,0.8990384
756.3555,0.8990384
756.3755,0.8990384
756.3956,0.8990384
756.4156,0.8990384
756.4356,0.8990384
756.4556,0.8990384
756.4756,0.8990384
756.4957,0.8990384
756.5157,0.8990384
756.5357,0.8990384
756.5557,0.8990384
756.5757,0.8990384
756.5958,0.8990384
756.6158,0.8990384
756.6358,0.8990384
756.6558,0.8990384
756.6758,0.8990384
756.6959,0.8990384
756.7159,0.8990384
756.7359,0.8990384
756.7559,0.8990384
756.7759,0.8990384
756.796,0.8990384
756.816,0.8990384
756.836,0.8990384
756.856,0.8990384
756.876,0.8990384
756.8961,0.8990384
756.9161,0.8990384
756.9361,0.8990384
756.9561,0.8990384
756.9761,0.8990384
756.9962,0.8990384
757.0162,0.8990384
757.0362,0.8990384
757.0562,0.8990384
757.0762,0.8990384
757.0963,0.8990384
757.1163,0.8990384
757.1363,0.8990384
757.1563,0.8990384
757.1763,0.8990384
757.1964,0.8990384
757.2164,0.8990384
757.2364,0.8990384
757.2564,0.8990384
757.2764,0.8990384
757.2964,0.8990384
757.3165,0.8990384
757.3365,0.8990384
757.3565,0.8990384
757.3765,0.8990384
757.3965,0.8990384
757.4166,0.8990384
757.4366,0.8990384
757.4566,0.8990384
757.4766,0.8990384
757.4966,0.8990384
757.5167,0.8990384
757.5367,0.8990384
757.5567,0.8990384
757.5767,0.8990384
757.5967,0.8990384
757.6168,0.8990384
757.6368,0.8990384
757.6568,0.8990384
757.6768,0.8990384
757.6968,0.8990384
757.7169,0.8990384
757.7369,0.8990384
757.7569,0.8990384
757.7769,0.8990384
757.7969,0.8990384
757.817,0.8990384
757.837,0.8990384
757.857,0.8990384
757.877,0.8990384
757.897,0.8990384
757.9171,0.8990384
757.9371,0.8990384
757.9571,0.8990384
757.9771,0.8990384
757.9971,0.8990384
758.0172,0.8990384
758.0372,0.8990384
758.0572,0.8990384
758.0772,0.8990384
758.0972,0.8990384
758.1172,0.8990384
758.1373,0.8990384
758.1573,0.8990384
758.1773,0.8990384
758.1973,0.8990384
758.2173,0.8990384
758.2374,0.8990384
758.2574,0.8990384
758.2774,0.8990384
758.2974,0.8990384
758.3174,0.8990384
758.3375,0.8990384
758.3575,0.8990384
758.3775,0.8990384
758.3975,0.8990384
758.4175,0.8990384
758.4376,0.8990384
758.4576,0.8990384
758.4776,0.8990384
758.4976,0.8990384
758.5176,0.8990384
758.5377,0.8990384
758.5577,0.8990384
758.5777,0.8990384
758.5977,0.8990384
758.6177,0.8990384
758.6378,0.8990384
758.6578,0.8990384
758.6778,0.8990384
758.6978,0.8990384
758.7178,0.8990384
758.7379,0.8990384
758.7579,0.8990384
758.7779,0.8990384
758.7979,0.8990384
758.8179,0.8990384
758.838,0.8990384
758.858,0.8990384
758.878,0.8990384
758.898,0.8990384
758.918,0.8990384
758.938,0.8990384
758.9581,0.8990384
758.9781,0.8990384
758.9981,0.8990384
759.0181,0.8990384
759.0381,0.8990384
759.0582,0.8990384
759.0782,0.8990384
759.0982,0.8990384
759.1182,0.8990384
759.1382,0.8990384
759.1583,0.8990384
759.1783,0.8990384
759.1983,0.8990384
759.2183,0.8990384
759.2383,0.8990384
759.2584,0.8990384
759.2784,0.8990384
759.2984,0.8990384
759.3184,0.8990384
759.3384,0.8990384
759.3585,0.8990384
759.3785,0.8990384
759.3985,0.8990384
759.4185,0.8990384
759.4385,0.8990384
759.4586,0.8990384
759.4786,0.8990384
759.4986,0.8990384
759.5186,0.8990384
759.5386,0.8990384
759.5587,0.8990384
759.5787,0.8990384
759.5987,0.8990384
759.6187,0.8990384
759.6387,0.8990384
759.6588,0.8990384
759.6788,0.8990384
759.6988,0.8990384
759.7188,0.8990384
759.7388,0.8990384
759.7589,0.8990384
759.7789,0.8990384
759.7989,0.8990384
759.8189,0.8990384
759.8389,0.8990384
759.8589,0.8990384
759.879,0.8990384
759.899,0.8990384
759.919,0.8990384
759.939,0.8990384
759.959,0.8990384
759.9791,0.8990384
759.9991,0.8990384
760.0191,0.8990384
760.0391,0.8990384
760.0591,0.8990384
760.0792,0.8990384
760.0992,0.8990384
760.1192,0.8990384
760.1392,0.8990384
760.1592,0.8990384
760.1793,0.8990384
760.1993,0.8990384
760.2193,0.8990384
760.2393,0.8990384
760.2593,0.8990384
760.2794,0.8990384
760.2994,0.8990384
760.3194,0.8990384
760.3394,0.8990384
760.3594,0.8990384
760.3795,0.8990384
760.3995,0.8990384
760.4195,0.8990384
760.4395,0.8990384
760.4595,0.8990384
760.4796,0.8990384
760.4996,0.8990384
760.5196,0.8990384
760.5396,0.8990384
760.5596,0.8990384
760.5797,0.8990384
760.5997,0.8990384
760.6197,0.8990384
760.6397,0.8990384
760.6597,0.8990384
760.6797,0.8990384
760.6998,0.8990384
760.7198,0.8990384
760.7398,0.8990384
760.7598,0.8990384
760.7798,0.8990384
760.7999,0.8990384
760.8199,0.8990384
760.8399,0.8990384
760.8599,0.8990384
760.8799,0.8990384
760.9,0.8990384
760.92,0.8990384
760.94,0.8990384
760.96,0.8990384
760.98,0.8990384
761.0001,0.8990384
761.0201,0.8990384
761.0401,0.8990384
761.0601,0.8990384
761.0801,0.8990384
761.1002,0.8990384
761.1202,0.8990384
761.1402,0.8990384
761.1602,0.8990384
761.1802,0.8990384
761.2003,0.8990384
761.2203,0.8990384
761.2403,0.8990384
761.2603,0.8990384
761.2803,0.8990384
761.3004,0.8990384
761.3204,0.8990384
761.3404,0.8990384
761.3604,0.8990384
761.3804,0.8990384
761.4005,0.8990384
761.4205,0.8990384
761.4405,0.8990384
761.4605,0.8990384
761.4805,0.8990384
761.5005,0.8990384
761.5206,0.8990384
761.5406,0.8990384
761.5606,0.8990384
761.5806,0.8990384
761.6006,0.8990384
761.6207,0.8990384
761.6407,0.8990384
761.6607,0.8990384
761.6807,0.8990384
761.7007,0.8990384
761.7208,0.8990384
761.7408,0.8990384
761.7608,0.8990384
761.7808,0.8990384
761.8008,0.8990384
761.8209,0.8990384
761.8409,0.8990384
761.8609,0.8990384
761.8809,0.8990384
761.9009,0.8990384
761.921,0.8990384
761.941,0.8990384
761.961,0.8990384
761.981,0.8990384
762.001,0.8990384
762.0211,0.8990384
762.0411,0.8990384
762.0611,0.8990384
762.0811,0.8990384
762.1011,0.8990384
762.1212,0.8990384
762.1412,0.8990384
762.1612,0.8990384
762.1812,0.8990384
762.2012,0.8990384
762.2213,0.8990384
762.2413,0.8990384
762.2613,0.8990384
762.2813,0.8990384
762.3013,0.8990384
762.3214,0.8990384
762.3414,0.8990384
762.3614,0.8990384
762.3814,0.8990384
762.4014,0.8990384
762.4214,0.8990384
762.4415,0.8990384
762.4615,0.8990384
762.4815,0.8990384
762.5015,0.8990384
762.5215,0.8990384
762.5416,0.8990384
762.5616,0.8990384
762.5816,0.8990384
762.6016,0.8990384
762.6216,0.8990384
762.6417,0.8990384
762.6617,0.8990384
762.6817,0.8990384
762.7017,0.8990384
762.7217,0.8990384
762.7418,0.8990384
762.7618,0.8990384
762.7818,0.8990384
762.8018,0.8990384
762.8218,0.8990384
762.8419,0.8990384
762.8619,0.8990384
762.8819,0.8990384
762.9019,0.8990384
762.9219,0.8990384
762.942,0.8990384
762.962,0.8990384
762.982,0.8990384
763.002,0.8990384
763.022,0.8990384
763.0421,0.8990384
763.0621,0.8990384
763.0821,0.8990384
763.1021,0.8990384
763.1221,0.8990384
763.1422,0.8990384
763.1622,0.8990384
763.1822,0.8990384
763.2022,0.8990384
763.2222,0.8990384
763.2422,0.8990384
763.2623,0.8990384
763.2823,0.8990384
763.3023,0.8990384
763.3223,0.8990384
763.3423,0.8990384
763.3624,0.8990384
763.3824,0.8990384
763.4024,0.8990384
763.4224,0.8990384
763.4424,0.8990384
763.4625,0.8990384
763.4825,0.8990384
763.5025,0.8990384
763.5225,0.8990384
763.5425,0.8990384
763.5626,0.8990384
763.5826,0.8990384
763.6026,0.8990384
763.6226,0.8990384
763.6426,0.8990384
763.6627,0.8990384
763.6827,0.8990384
763.7027,0.8990384
763.7227,0.8990384
763.7427,0.8990384
763.7628,0.8990384
763.7828,0.8990384
763.8028,0.8990384
763.8228,0.8990384
763.8428,0.8990384
763.8629,0.8990384
763.8829,0.8990384
763.9029,0.8990384
763.9229,0.8990384
763.9429,0.8990384
763.963,0.8990384
763.983,0.8990384
764.003,0.8990384
764.023,0.8990384
764.043,0.8990384
764.063,0.8990384
764.0831,0.8990384
764.1031,0.8990384
764.1231,0.8990384
764.1431,0.8990384
764.1631,0.8990384
764.1832,0.8990384
764.2032,0.8990384
764.2232,0.8990384
764.2432,0.8990384
764.2632,0.8990384
764.2833,0.8990384
764.3033,0.8990384
764.3233,0.8990384
764.3433,0.8990384
764.3633,0.8990384
764.3834,0.8990384
764.4034,0.8990384
764.4234,0.8990384
764.4434,0.8990384
764.4634,0.8990384
764.4835,0.8990384
764.5035,0.8990384
764.5235,0.8990384
764.5435,0.8990384
764.5635,0.8990384
764.5836,0.8990384
764.6036,0.8990384
764.6236,0.8990384
764.6436,0.8990384
764.6636,0.8990384
764.6837,0.8990384
764.7037,0.8990384
764.7237,0.8990384
764.7437,0.8990384
764.7637,0.8990384
764.7838,0.8990384
764.8038,0.8990384
764.8238,0.8990384
764.8438,0.8990384
764.8638,0.8990384
764.8839,0.8990384
764.9039,0.8990384
764.9239,0.8990384
764.9439,0.8990384
764.9639,0.8990384
764.9839,0.8990384
765.004,0.8990384
765.024,0.8990384
765.044,0.8990384
765.064,0.8990384
765.084,0.8990384
765.1041,0.8990384
765.1241,0.8990384
765.1441,0.8990384
765.1641,0.8990384
765.1841,0.8990384
765.2042,0.8990384
765.2242,0.8990384
765.2442,0.8990384
765.2642,0.8990384
765.2842,0.8990384
765.3043,0.8990384
765.3243,0.8990384
765.3443,0.8990384
765.3643,0.8990384
765.3843,0.8990384
765.4044,0.8990384
765.4244,0.8990384
765.4444,0.8990384
765.4644,0.8990384
765.4844,0.8990384
765.5045,0.8990384
765.5245,0.8990384
765.5445,0.8990384
765.5645,0.8990384
765.5845,0.8990384
765.6046,0.8990384
765.6246,0.8990384
765.6446,0.8990384
765.6646,0.8990384
765.6846,0.8990384
765.7047,0.8990384
765.7247,0.8990384
765.7447,0.8990384
765.7647,0.8990384
765.7847,0.8990384
765.8047,0.8990384
765.8248,0.8990384
765.8448,0.8990384
765.8648,0.8990384
765.8848,0.8990384
765.9048,0.8990384
765.9249,0.8990384
765.9449,0.8990384
765.9649,0.8990384
765.9849,0.8990384
766.0049,0.8990384
766.025,0.8990384
766.045,0.8990384
766.065,0.8990384
766.085,0.8990384
766.105,0.8990384
766.1251,0.8990384
766.1451,0.8990384
766.1651,0.8990384
766.1851,0.8990384
766.2051,0.8990384
766.2252,0.8990384
766.2452,0.8990384
766.2652,0.8990384
766.2852,0.8990384
766.3052,0.8990384
766.3253,0.8990384
766.3453,0.8990384
766.3653,0.8990384
766.3853,0.8990384
766.4053,0.8990384
766.4254,0.8990384
766.4454,0.8990384
766.4654,0.8990384
766.4854,0.8990384
766.5054,0.8990384
766.5255,0.8990384
766.5455,0.8990384
766.5655,0.8990384
766.5855,0.8990384
766.6055,0.8990384
766.6255,0.8990384
766.6456,0.8990384
766.6656,0.8990384
766.6856,0.8990384
766.7056,0.8990384
766.7256,0.8990384
766.7457,0.8990384
766.7657,0.8990384
766.7857,0.8990384
766.8057,0.8990384
766.8257,0.8990384
766.8458,0.8990384
766.8658,0.8990384
766.8858,0.8990384
766.9058,0.8990384
766.9258,0.8990384
766.9459,0.8990384
766.9659,0.8990384
766.9859,0.8990384
767.0059,0.8990384
767.0259,0.8990384
767.046,0.8990384
767.066,0.8990384
767.086,0.8990384
767.106,0.8990384
767.126,0.8990384
767.1461,0.8990384
767.1661,0.8990384
767.1861,0.8990384
767.2061,0.8990384
767.2261,0.8990384
767.2462,0.8990384
767.2662,0.8990384
767.2862,0.8990384
767.3062,0.8990384
767.3262,0.8990384
767.3463,0.8990384
767.3663,0.8990384
767.3863,0.8990384
767.4063,0.8990384
767.4263,0.8990384
767.4464,0.8990384
767.4664,0.8990384
767.4864,0.8990384
767.5064,0.8990384
767.5264,0.8990384
767.5464,0.8990384
767.5665,0.8990384
767.5865,0.8990384
767.6065,0.8990384
767.6265,0.8990384
767.6465,0.8990384
767.6666,0.8990384
767.6866,0.8990384
767.7066,0.8990384
767.7266,0.8990384
767.7466,0.8990384
767.7667,0.8990384
767.7867,0.8990384
767.8067,0.8990384
767.8267,0.8990384
767.8467,0.8990384
767.8668,0.8990384
767.8868,0.8990384
767.9068,0.8990384
767.9268,0.8990384
767.9468,0.8990384
767.9669,0.8990384
767.9869,0.8990384
768.0069,0.8990384
768.0269,0.8990384
768.0469,0.8990384
768.067,0.8990384
768.087,0.8990384
768.107,0.8990384
768.127,0.8990384
768.147,0.8990384
768.1671,0.8990384
768.1871,0.8990384
768.2071,0.8990384
768.2271,0.8990384
768.2471,0.8990384
768.2672,0.8990384
768.2872,0.8990384
768.3072,0.8990384
768.3272,0.8990384
768.3472,0.8990384
768.3672,0.8990384
768.3873,0.8990384
768.4073,0.8990384
768.4273,0.8990384
768.4473,0.8990384
768.4673,0.8990384
768.4874,0.8990384
768.5074,0.8990384
768.5274,0.8990384
768.5474,0.8990384
768.5674,0.8990384
768.5875,0.8990384
768.6075,0.8990384
768.6275,0.8990384
768.6475,0.8990384
768.6675,0.8990384
768.6876,0.8990384
768.7076,0.8990384
768.7276,0.8990384
768.7476,0.8990384
768.7676,0.8990384
768.7877,0.8990384
768.8077,0.8990384
768.8277,0.8990384
768.8477,0.8990384
768.8677,0.8990384
768.8878,0.8990384
768.9078,0.8990384
768.9278,0.8990384
768.9478,0.8990384
768.9678,0.8990384
768.9879,0.8990384
769.0079,0.8990384
769.0279,0.8990384
769.0479,0.8990384
769.0679,0.8990384
769.088,0.8990384
769.108,0.8990384
769.128,0.8990384
769.148,0.8990384
769.168,0.8990384
769.188,0.8990384
769.2081,0.8990384
769.2281,0.8990384
769.2481,0.8990384
769.2681,0.8990384
769.2881,0.8990384
769.3082,0.8990384
769.3282,0.8990384
769.3482,0.8990384
769.3682,0.8990384
769.3882,0.8990384
769.4083,0.8990384
769.4283,0.8990384
769.4483,0.8990384
769.4683,0.8990384
769.4883,0.8990384
769.5084,0.8990384
769.5284,0.8990384
769.5484,0.8990384
769.5684,0.8990384
769.5884,0.8990384
769.6085,0.8990384
769.6285,0.8990384
769.6485,0.8990384
769.6685,0.8990384
769.6885,0.8990384
769.7086,0.8990384
769.7286,0.8990384
769.7486,0.8990384
769.7686,0.8990384
769.7886,0.8990384
769.8087,0.8990384
769.8287,0.8990384
769.8487,0.8990384
769.8687,0.8990384
769.8887,0.8990384
769.9088,0.8990384
769.9288,0.8990384
769.9488,0.8990384
769.9688,0.8990384
769.9888,0.8990384
770.0089,0.8990384
770.0289,0.8990384
770.0489,0.8990384
770.0689,0.8990384
770.0889,0.8990384
770.1089,0.8990384
770.129,0.8990384
770.149,0.8990384
770.169,0.8990384
770.189,0.8990384
770.209,0.8990384
770.2291,0.8990384
770.2491,0.8990384
770.2691,0.8990384
770.2891,0.8990384
770.3091,0.8990384
770.3292,0.8990384
770.3492,0.8990384
770.3692,0.8990384
770.3892,0.8990384
770.4092,0.8990384
770.4293,0.8990384
770.4493,0.8990384
770.4693,0.8990384
770.4893,0.8990384
770.5093,0.8990384
770.5294,0.8990384
770.5494,0.8990384
770.5694,0.8990384
770.5894,0.8990384
770.6094,0.8990384
770.6295,0.8990384
770.6495,0.8990384
770.6695,0.8990384
770.6895,0.8990384
770.7095,0.8990384
770.7296,0.8990384
770.7496,0.8990384
770.7696,0.8990384
770.7896,0.8990384
770.8096,0.8990384
770.8297,0.8990384
770.8497,0.8990384
770.8697,0.8990384
770.8897,0.8990384
770.9097,0.8990384
770.9297,0.8990384
770.9498,0.8990384
770.9698,0.8990384
770.9898,0.8990384
771.0098,0.8990384
771.0298,0.8990384
771.0499,0.8990384
771.0699,0.8990384
771.0899,0.8990384
771.1099,0.8990384
771.1299,0.8990384
771.15,0.8990384
771.17,0.8990384
771.19,0.8990384
771.21,0.8990384
771.23,0.8990384
771.2501,0.8990384
771.2701,0.8990384
771.2901,0.8990384
771.3101,0.8990384
771.3301,0.8990384
771.3502,0.8990384
771.3702,0.8990384
771.3902,0.8990384
771.4102,0.8990384
771.4302,0.8990384
771.4503,0.8990384
771.4703,0.8990384
771.4903,0.8990384
771.5103,0.8990384
771.5303,0.8990384
771.5504,0.8990384
771.5704,0.8990384
771.5904,0.8990384
771.6104,0.8990384
771.6304,0.8990384
771.6505,0.8990384
771.6705,0.8990384
771.6905,0.8990384
771.7105,0.8990384
771.7305,0.8990384
771.7505,0.8990384
771.7706,0.8990384
771.7906,0.8990384
771.8106,0.8990384
771.8306,0.8990384
771.8506,0.8990384
771.8707,0.8990384
771.8907,0.8990384
771.9107,0.8990384
771.9307,0.8990384
771.9507,0.8990384
771.9708,0.8990384
771.9908,0.8990384
772.0108,0.8990384
772.0308,0.8990384
772.0508,0.8990384
772.0709,0.8990384
772.0909,0.8990384
772.1109,0.8990384
772.1309,0.8990384
772.1509,0.8990384
772.171,0.8990384
772.191,0.8990384
772.211,0.8990384
772.231,0.8990384
772.251,0.8990384
772.2711,0.8990384
772.2911,0.8990384
772.3111,0.8990384
772.3311,0.8990384
772.3511,0.8990384
772.3712,0.8990384
772.3912,0.8990384
772.4112,0.8990384
772.4312,0.8990384
772.4512,0.8990384
772.4713,0.8990384
772.4913,0.8990384
772.5113,0.8990384
772.5313,0.8990384
772.5513,0.8990384
772.5714,0.8990384
772.5914,0.8990384
772.6114,0.8990384
772.6314,0.8990384
772.6514,0.8990384
772.6714,0.8990384
772.6915,0.8990384
772.7115,0.8990384
772.7315,0.8990384
772.7515,0.8990384
772.7715,0.8990384
772.7916,0.8990384
772.8116,0.8990384
772.8316,0.8990384
772.8516,0.8990384
772.8716,0.8990384
772.8917,0.8990384
772.9117,0.8990384
772.9317,0.8990384
772.9517,0.8990384
772.9717,0.8990384
772.9918,0.8990384
773.0118,0.8990384
773.0318,0.8990384
773.0518,0.8990384
773.0718,0.8990384
773.0919,0.8990384
773.1119,0.8990384
773.1319,0.8990384
773.1519,0.8990384
773.1719,0.8990384
773.192,0.8990384
773.212,0.8990384
773.232,0.8990384
773.252,0.8990384
773.272,0.8990384
773.2921,0.8990384
773.3121,0.8990384
773.3321,0.8990384
773.3521,0.8990384
773.3721,0.8990384
773.3922,0.8990384
773.4122,0.8990384
773.4322,0.8990384
773.4522,0.8990384
773.4722,0.8990384
773.4922,0.8990384
773.5123,0.8990384
773.5323,0.8990384
773.5523,0.8990384
773.5723,0.8990384
773.5923,0.8990384
773.6124,0.8990384
773.6324,0.8990384
773.6524,0.8990384
773.6724,0.8990384
773.6924,0.8990384
773.7125,0.8990384
773.7325,0.8990384
773.7525,0.8990384
773.7725,0.8990384
773.7925,0.8990384
773.8126,0.8990384
773.8326,0.8990384
773.8526,0.8990384
773.8726,0.8990384
773.8926,0.8990384
773.9127,0.8990384
773.9327,0.8990384
773.9527,0.8990384
773.9727,0.8990384
773.9927,0.8990384
774.0128,0.8990384
774.0328,0.8990384
774.0528,0.8990384
774.0728,0.8990384
774.0928,0.8990384
774.1129,0.8990384
774.1329,0.8990384
774.1529,0.8990384
774.1729,0.8990384
774.1929,0.8990384
774.213,0.8990384
774.233,0.8990384
774.253,0.8990384
774.273,0.8990384
774.293,0.8990384
774.313,0.8990384
774.3331,0.8990384
774.3531,0.8990384
774.3731,0.8990384
774.3931,0.8990384
774.4131,0.8990384
774.4332,0.8990384
774.4532,0.8990384
774.4732,0.8990384
774.4932,0.8990384
774.5132,0.8990384
774.5333,0.8990384
774.5533,0.8990384
774.5733,0.8990384
774.5933,0.8990384
774.6133,0.8990384
774.6334,0.8990384
774.6534,0.8990384
774.6734,0.8990384
774.6934,0.8990384
774.7134,0.8990384
774.7335,0.8990384
774.7535,0.8990384
774.7735,0.8990384
774.7935,0.8990384
774.8135,0.8990384
774.8336,0.8990384
774.8536,0.8990384
774.8736,0.8990384
774.8936,0.8990384
774.9136,0.8990384
774.9337,0.8990384
774.9537,0.8990384
774.9737,0.8990384
774.9937,0.8990384
775.0137,0.8990384
775.0338,0.8990384
775.0538,0.8990384
775.0738,0.8990384
775.0938,0.8990384
775.1138,0.8990384
775.1339,0.8990384
775.1539,0.8990384
775.1739,0.8990384
775.1939,0.8990384
775.2139,0.8990384
775.2339,0.8990384
775.254,0.8990384
775.274,0.8990384
775.294,0.8990384
775.314,0.8990384
775.334,0.8990384
775.3541,0.8990384
775.3741,0.8990384
775.3941,0.8990384
775.4141,0.8990384
775.4341,0.8990384
775.4542,0.8990384
775.4742,0.8990384
775.4942,0.8990384
775.5142,0.8990384
775.5342,0.8990384
775.5543,0.8990384
775.5743,0.8990384
775.5943,0.8990384
775.6143,0.8990384
775.6343,0.8990384
775.6544,0.8990384
775.6744,0.8990384
775.6944,0.8990384
775.7144,0.8990384
775.7344,0.8990384
775.7545,0.8990384
775.7745,0.8990384
775.7945,0.8990384
775.8145,0.8990384
775.8345,0.8990384
775.8546,0.8990384
775.8746,0.8990384
775.8946,0.8990384
775.9146,0.8990384
775.9346,0.8990384
775.9547,0.8990384
775.9747,0.8990384
775.9947,0.8990384
776.0147,0.8990384
776.0347,0.8990384
776.0547,0.8990384
776.0748,0.8990384
776.0948,0.8990384
776.1148,0.8990384
776.1348,0.8990384
776.1548,0.8990384
776.1749,0.8990384
776.1949,0.8990384
776.2149,0.8990384
776.2349,0.8990384
776.2549,0.8990384
776.275,0.8990384
776.295,0.8990384
776.315,0.8990384
776.335,0.8990384
776.355,0.8990384
776.3751,0.8990384
776.3951,0.8990384
776.4151,0.8990384
776.4351,0.8990384
776.4551,0.8990384
776.4752,0.8990384
776.4952,0.8990384
776.5152,0.8990384
776.5352,0.8990384
776.5552,0.8990384
776.5753,0.8990384
776.5953,0.8990384
776.6153,0.8990384
776.6353,0.8990384
776.6553,0.8990384
776.6754,0.8990384
776.6954,0.8990384
776.7154,0.8990384
776.7354,0.8990384
776.7554,0.8990384
776.7755,0.8990384
776.7955,0.8990384
776.8155,0.8990384
776.8355,0.8990384
776.8555,0.8990384
776.8755,0.8990384
776.8956,0.8990384
776.9156,0.8990384
776.9356,0.8990384
776.9556,0.8990384
776.9756,0.8990384
776.9957,0.8990384
777.0157,0.8990384
777.0357,0.8990384
777.0557,0.8990384
777.0757,0.8990384
777.0958,0.8990384
777.1158,0.8990384
777.1358,0.8990384
777.1558,0.8990384
777.1758,0.8990384
777.1959,0.8990384
777.2159,0.8990384
777.2359,0.8990384
777.2559,0.8990384
777.2759,0.8990384
777.296,0.8990384
777.316,0.8990384
777.336,0.8990384
777.356,0.8990384
777.376,0.8990384
777.3961,0.8990384
777.4161,0.8990384
777.4361,0.8990384
777.4561,0.8990384
777.4761,0.8990384
777.4962,0.8990384
777.5162,0.8990384
777.5362,0.8990384
777.5562,0.8990384
777.5762,0.8990384
777.5963,0.8990384
777.6163,0.8990384
777.6363,0.8990384
777.6563,0.8990384
777.6763,0.8990384
777.6964,0.8990384
777.7164,0.8990384
777.7364,0.8990384
777.7564,0.8990384
777.7764,0.8990384
777.7964,0.8990384
777.8165,0.8990384
777.8365,0.8990384
777.8565,0.8990384
777.8765,0.8990384
777.8965,0.8990384
777.9166,0.8990384
777.9366,0.8990384
777.9566,0.8990384
777.9766,0.8990384
777.9966,0.8990384
778.0167,0.8990384
778.0367,0.8990384
778.0567,0.8990384
778.0767,0.8990384
778.0967,0.8990384
778.1168,0.8990384
778.1368,0.8990384
778.1568,0.8990384
778.1768,0.8990384
778.1968,0.8990384
778.2169,0.8990384
778.2369,0.8990384
778.2569,0.8990384
778.2769,0.8990384
778.2969,0.8990384
778.317,0.8990384
778.337,0.8990384
778.357,0.8990384
778.377,0.8990384
778.397,0.8990384
778.4171,0.8990384
778.4371,0.8990384
778.4571,0.8990384
778.4771,0.8990384
778.4971,0.8990384
778.5172,0.8990384
778.5372,0.8990384
778.5572,0.8990384
778.5772,0.8990384
778.5972,0.8990384
778.6172,0.8990384
778.6373,0.8990384
778.6573,0.8990384
778.6773,0.8990384
778.6973,0.8990384
778.7173,0.8990384
778.7374,0.8990384
778.7574,0.8990384
778.7774,0.8990384
778.7974,0.8990384
778.8174,0.8990384
778.8375,0.8990384
778.8575,0.8990384
778.8775,0.8990384
778.8975,0.8990384
778.9175,0.8990384
778.9376,0.8990384
778.9576,0.8990384
778.9776,0.8990384
778.9976,0.8990384
779.0176,0.8990384
779.0377,0.8990384
779.0577,0.8990384
779.0777,0.8990384
779.0977,0.8990384
779.1177,0.8990384
779.1378,0.8990384
779.1578,0.8990384
779.1778,0.8990384
779.1978,0.8990384
779.2178,0.8990384
779.2379,0.8990384
779.2579,0.8990384
779.2779,0.8990384
779.2979,0.8990384
779.3179,0.8990384
779.338,0.8990384
779.358,0.8990384
779.378,0.8990384
779.398,0.8990384
779.418,0.8990384
779.438,0.8990384
779.4581,0.8990384
779.4781,0.8990384
779.4981,0.8990384
779.5181,0.8990384
779.5381,0.8990384
779.5582,0.8990384
779.5782,0.8990384
779.5982,0.8990384
779.6182,0.8990384
779.6382,0.8990384
779.6583,0.8990384
779.6783,0.8990384
779.6983,0.8990384
779.7183,0.8990384
779.7383,0.8990384
779.7584,0.8990384
779.7784,0.8990384
779.7984,0.8990384
779.8184,0.8990384
779.8384,0.8990384
779.8585,0.8990384
779.8785,0.8990384
779.8985,0.8990384
779.9185,0.8990384
779.9385,0.8990384
779.9586,0.8990384
779.9786,0.8990384
779.9986,0.8990384
780.0186,0.8990384
780.0386,0.8990384
780.0587,0.8990384
780.0787,0.8990384
780.0987,0.8990384
780.1187,0.8990384
780.1387,0.8990384
780.1588,0.8990384
780.1788,0.8990384
780.1988,0.8990384
780.2188,0.8990384
780.2388,0.8990384
780.2589,0.8990384
780.2789,0.8990384
780.2989,0.8990384
780.3189,0.8990384
780.3389,0.8990384
780.3589,0.8990384
780.379,0.8990384
780.399,0.8990384
780.419,0.8990384
780.439,0.8990384
780.459,0.8990384
780.4791,0.8990384
780.4991,0.8990384
780.5191,0.8990384
780.5391,0.8990384
780.5591,0.8990384
780.5792,0.8990384
780.5992,0.8990384
780.6192,0.8990384
780.6392,0.8990384
780.6592,0.8990384
780.6793,0.8990384
780.6993,0.8990384
780.7193,0.8990384
780.7393,0.8990384
780.7593,0.8990384
780.7794,0.8990384
780.7994,0.8990384
780.8194,0.8990384
780.8394,0.8990384
780.8594,0.8990384
780.8795,0.8990384
780.8995,0.8990384
780.9195,0.8990384
780.9395,0.8990384
780.9595,0.8990384
780.9796,0.8990384
780.9996,0.8990384
781.0196,0.8990384
781.0396,0.8990384
781.0596,0.8990384
781.0797,0.8990384
781.0997,0.8990384
781.1197,0.8990384
781.1397,0.8990384
781.1597,0.8990384
781.1797,0.8990384
781.1998,0.8990384
781.2198,0.8990384
781.2398,0.8990384
781.2598,0.8990384
781.2798,0.8990384
781.2999,0.8990384
781.3199,0.8990384
781.3399,0.8990384
781.3599,0.8990384
781.3799,0.8990384
781.4,0.8990384
781.42,0.8990384
781.44,0.8990384
781.46,0.8990384
781.48,0.8990384
781.5001,0.8990384
781.5201,0.8990384
781.5401,0.8990384
781.5601,0.8990384
781.5801,0.8990384
781.6002,0.8990384
781.6202,0.8990384
781.6402,0.8990384
781.6602,0.8990384
781.6802,0.8990384
781.7003,0.8990384
781.7203,0.8990384
781.7403,0.8990384
781.7603,0.8990384
781.7803,0.8990384
781.8004,0.8990384
781.8204,0.8990384
781.8404,0.8990384
781.8604,0.8990384
781.8804,0.8990384
781.9005,0.8990384
781.9205,0.8990384
781.9405,0.8990384
781.9605,0.8990384
781.9805,0.8990384
782.0005,0.8990384
782.0206,0.8990384
782.0406,0.8990384
782.0606,0.8990384
782.0806,0.8990384
782.1006,0.8990384
782.1207,0.8990384
782.1407,0.8990384
782.1607,0.8990384
782.1807,0.8990384
782.2007,0.8990384
782.2208,0.8990384
782.2408,0.8990384
782.2608,0.8990384
782.2808,0.8990384
782.3008,0.8990384
782.3209,0.8990384
782.3409,0.8990384
782.3609,0.8990384
782.3809,0.8990384
782.4009,0.8990384
782.421,0.8990384
782.441,0.8990384
782.461,0.8990384
782.481,0.8990384
782.501,0.8990384
782.5211,0.8990384
782.5411,0.8990384
782.5611,0.8990384
782.5811,0.8990384
782.6011,0.8990384
782.6212,0.8990384
782.6412,0.8990384
782.6612,0.8990384
782.6812,0.8990384
782.7012,0.8990384
782.7213,0.8990384
782.7413,0.8990384
782.7613,0.8990384
782.7813,0.8990384
782.8013,0.8990384
782.8214,0.8990384
782.8414,0.8990384
782.8614,0.8990384
782.8814,0.8990384
782.9014,0.8990384
782.9214,0.8990384
782.9415,0.8990384
782.9615,0.8990384
782.9815,0.8990384
783.0015,0.8990384
783.0215,0.8990384
783.0416,0.8990384
783.0616,0.8990384
783.0816,0.8990384
783.1016,0.8990384
783.1216,0.8990384
783.1417,0.8990384
783.1617,0.8990384
783.1817,0.8990384
783.2017,0.8990384
783.2217,0.8990384
783.2418,0.8990384
783.2618,0.8990384
783.2818,0.8990384
783.3018,0.8990384
783.3218,0.8990384
783.3419,0.8990384
783.3619,0.8990384
783.3819,0.8990384
783.4019,0.8990384
783.4219,0.8990384
783.442,0.8990384
783.462,0.8990384
783.482,0.8990384
783.502,0.8990384
783.522,0.8990384
783.5421,0.8990384
783.5621,0.8990384
783.5821,0.8990384
783.6021,0.8990384
783.6221,0.8990384
783.6422,0.8990384
783.6622,0.8990384
783.6822,0.8990384
783.7022,0.8990384
783.7222,0.8990384
783.7422,0.8990384
783.7623,0.8990384
783.7823,0.8990384
783.8023,0.8990384
783.8223,0.8990384
783.8423,0.8990384
783.8624,0.8990384
783.8824,0.8990384
783.9024,0.8990384
783.9224,0.8990384
783.9424,0.8990384
783.9625,0.8990384
783.9825,0.8990384
784.0025,0.8990384
784.0225,0.8990384
784.0425,0.8990384
784.0626,0.8990384
784.0826,0.8990384
784.1026,0.8990384
784.1226,0.8990384
784.1426,0.8990384
784.1627,0.8990384
784.1827,0.8990384
784.2027,0.8990384
784.2227,0.8990384
784.2427,0.8990384
784.2628,0.8990384
784.2828,0.8990384
784.3028,0.8990384
784.3228,0.8990384
784.3428,0.8990384
784.3629,0.8990384
784.3829,0.8990384
784.4029,0.8990384
784.4229,0.8990384
784.4429,0.8990384
784.463,0.8990384
784.483,0.8990384
784.503,0.8990384
784.523,0.8990384
784.543,0.8990384
784.563,0.8990384
784.5831,0.8990384
784.6031,0.8990384
784.6231,0.8990384
784.6431,0.8990384
784.6631,0.8990384
784.6832,0.8990384
784.7032,0.8990384
784.7232,0.8990384
784.7432,0.8990384
784.7632,0.8990384
784.7833,0.8990384
784.8033,0.8990384
784.8233,0.8990384
784.8433,0.8990384
784.8633,0.8990384
784.8834,0.8990384
784.9034,0.8990384
784.9234,0.8990384
784.9434,0.8990384
784.9634,0.8990384
784.9835,0.8990384
785.0035,0.8990384
785.0235,0.8990384
785.0435,0.8990384
785.0635,0.8990384
785.0836,0.8990384
785.1036,0.8990384
785.1236,0.8990384
785.1436,0.8990384
785.1636,0.8990384
785.1837,0.8990384
785.2037,0.8990384
785.2237,0.8990384
785.2437,0.8990384
785.2637,0.8990384
785.2838,0.8990384
785.3038,0.8990384
785.3238,0.8990384
785.3438,0.8990384
785.3638,0.8990384
785.3839,0.8990384
785.4039,0.8990384
785.4239,0.8990384
785.4439,0.8990384
785.4639,0.8990384
785.4839,0.8990384
785.504,0.8990384
785.524,0.8990384
785.544,0.8990384
785.564,0.8990384
785.584,0.8990384
785.6041,0.8990384
785.6241,0.8990384
785.6441,0.8990384
785.6641,0.8990384
785.6841,0.8990384
785.7042,0.8990384
785.7242,0.8990384
785.7442,0.8990384
785.7642,0.8990384
785.7842,0.8990384
785.8043,0.8990384
785.8243,0.8990384
785.8443,0.8990384
785.8643,0.8990384
785.8843,0.8990384
785.9044,0.8990384
785.9244,0.8990384
785.9444,0.8990384
785.9644,0.8990384
785.9844,0.8990384
786.0045,0.8990384
786.0245,0.8990384
786.0445,0.8990384
786.0645,0.8990384
786.0845,0.8990384
786.1046,0.8990384
786.1246,0.8990384
786.1446,0.8990384
786.1646,0.8990384
786.1846,0.8990384
786.2047,0.8990384
786.2247,0.8990384
786.2447,0.8990384
786.2647,0.8990384
786.2847,0.8990384
786.3047,0.8990384
786.3248,0.8990384
786.3448,0.8990384
786.3648,0.8990384
786.3848,0.8990384
786.4048,0.8990384
786.4249,0.8990384
786.4449,0.8990384
786.4649,0.8990384
786.4849,0.8990384
786.5049,0.8990384
786.525,0.8990384
786.545,0.8990384
786.565,0.8990384
786.585,0.8990384
786.605,0.8990384
786.6251,0.8990384
786.6451,0.8990384
786.6651,0.8990384
786.6851,0.8990384
786.7051,0.8990384
786.7252,0.8990384
786.7452,0.8990384
786.7652,0.8990384
786.7852,0.8990384
786.8052,0.8990384
786.8253,0.8990384
786.8453,0.8990384
786.8653,0.8990384
786.8853,0.8990384
786.9053,0.8990384
786.9254,0.8990384
786.9454,0.8990384
786.9654,0.8990384
786.9854,0.8990384
787.0054,0.8990384
787.0255,0.8990384
787.0455,0.8990384
787.0655,0.8990384
787.0855,0.8990384
787.1055,0.8990384
787.1255,0.8990384
787.1456,0.8990384
787.1656,0.8990384
787.1856,0.8990384
787.2056,0.8990384
787.2256,0.8990384
787.2457,0.8990384
787.2657,0.8990384
787.2857,0.8990384
787.3057,0.8990384
787.3257,0.8990384
787.3458,0.8990384
787.3658,0.8990384
787.3858,0.8990384
787.4058,0.8990384
787.4258,0.8990384
787.4459,0.8990384
787.4659,0.8990384
787.4859,0.8990384
787.5059,0.8990384
787.5259,0.8990384
787.546,0.8990384
787.566,0.8990384
787.586,0.8990384
787.606,0.8990384
787.626,0.8990384
787.6461,0.8990384
787.6661,0.8990384
787.6861,0.8990384
787.7061,0.8990384
787.7261,0.8990384
787.7462,0.8990384
787.7662,0.8990384
787.7862,0.8990384
787.8062,0.8990384
787.8262,0.8990384
787.8463,0.8990384
787.8663,0.8990384
787.8863,0.8990384
787.9063,0.8990384
787.9263,0.8990384
787.9464,0.8990384
787.9664,0.8990384
787.9864,0.8990384
788.0064,0.8990384
788.0264,0.8990384
788.0464,0.8990384
788.0665,0.8990384
788.0865,0.8990384
788.1065,0.8990384
788.1265,0.8990384
788.1465,0.8990384
788.1666,0.8990384
788.1866,0.8990384
788.2066,0.8990384
788.2266,0.8990384
788.2466,0.8990384
788.2667,0.8990384
788.2867,0.8990384
788.3067,0.8990384
788.3267,0.8990384
788.3467,0.8990384
788.3668,0.8990384
788.3868,0.8990384
788.4068,0.8990384
788.4268,0.8990384
788.4468,0.8990384
788.4669,0.8990384
788.4869,0.8990384
788.5069,0.8990384
788.5269,0.8990384
788.5469,0.8990384
788.567,0.8990384
788.587,0.8990384
788.607,0.8990384
788.627,0.8990384
788.647,0.8990384
788.6671,0.8990384
788.6871,0.8990384
788.7071,0.8990384
788.7271,0.8990384
788.7471,0.8990384
788.7672,0.8990384
788.7872,0.8990384
788.8072,0.8990384
788.8272,0.8990384
788.8472,0.8990384
788.8672,0.8990384
788.8873,0.8990384
788.9073,0.8990384
788.9273,0.8990384
788.9473,0.8990384
788.9673,0.8990384
788.9874,0.8990384
789.0074,0.8990384
789.0274,0.8990384
789.0474,0.8990384
789.0674,0.8990384
789.0875,0.8990384
789.1075,0.8990384
789.1275,0.8990384
789.1475,0.8990384
789.1675,0.8990384
789.1876,0.8990384
789.2076,0.8990384
789.2276,0.8990384
789.2476,0.8990384
789.2676,0.8990384
789.2877,0.8990384
789.3077,0.8990384
789.3277,0.8990384
789.3477,0.8990384
789.3677,0.8990384
789.3878,0.8990384
789.4078,0.8990384
789.4278,0.8990384
789.4478,0.8990384
789.4678,0.8990384
789.4879,0.8990384
789.5079,0.8990384
789.5279,0.8990384
789.5479,0.8990384
789.5679,0.8990384
789.588,0.8990384
789.608,0.8990384
789.628,0.8990384
789.648,0.8990384
789.668,0.8990384
789.688,0.8990384
789.7081,0.8990384
789.7281,0.8990384
789.7481,0.8990384
789.7681,0.8990384
789.7881,0.8990384
789.8082,0.8990384
789.8282,0.8990384
789.8482,0.8990384
789.8682,0.8990384
789.8882,0.8990384
789.9083,0.8990384
789.9283,0.8990384
789.9483,0.8990384
789.9683,0.8990384
789.9883,0.8990384
790.0084,0.8990384
790.0284,0.8990384
790.0484,0.8990384
790.0684,0.8990384
790.0884,0.8990384
790.1085,0.8990384
790.1285,0.8990384
790.1485,0.8990384
790.1685,0.8990384
790.1885,0.8990384
790.2086,0.8990384
790.2286,0.8990384
790.2486,0.8990384
790.2686,0.8990384
790.2886,0.8990384
790.3087,0.8990384
790.3287,0.8990384
790.3487,0.8990384
790.3687,0.8990384
790.3887,0.8990384
790.4088,0.8990384
790.4288,0.8990384
790.4488,0.8990384
790.4688,0.8990384
790.4888,0.8990384
790.5089,0.8990384
790.5289,0.8990384
790.5489,0.8990384
790.5689,0.8990384
790.5889,0.8990384
790.6089,0.8990384
790.629,0.8990384
790.649,0.8990384
790.669,0.8990384
790.689,0.8990384
790.709,0.8990384
790.7291,0.8990384
790.7491,0.8990384
790.7691,0.8990384
790.7891,0.8990384
790.8091,0.8990384
790.8292,0.8990384
790.8492,0.8990384
790.8692,0.8990384
790.8892,0.8990384
790.9092,0.8990384
790.9293,0.8990384
790.9493,0.8990384
790.9693,0.8990384
790.9893,0.8990384
791.0093,0.8990384
791.0294,0.8990384
791.0494,0.8990384
791.0694,0.8990384
791.0894,0.8990384
791.1094,0.8990384
791.1295,0.8990384
791.1495,0.8990384
791.1695,0.8990384
791.1895,0.8990384
791.2095,0.8990384
791.2296,0.8990384
791.2496,0.8990384
791.2696,0.8990384
791.2896,0.8990384
791.3096,0.8990384
791.3297,0.8990384
791.3497,0.8990384
791.3697,0.8990384
791.3897,0.8990384
791.4097,0.8990384
791.4297,0.8990384
791.4498,0.8990384
791.4698,0.8990384
791.4898,0.8990384
791.5098,0.8990384
791.5298,0.8990384
791.5499,0.8990384
791.5699,0.8990384
791.5899,0.8990384
791.6099,0.8990384
791.6299,0.8990384
791.65,0.8990384
791.67,0.8990384
791.69,0.8990384
791.71,0.8990384
791.73,0.8990384
791.7501,0.8990384
791.7701,0.8990384
791.7901,0.8990384
791.8101,0.8990384
791.8301,0.8990384
791.8502,0.8990384
791.8702,0.8990384
791.8902,0.8990384
791.9102,0.8990384
791.9302,0.8990384
791.9503,0.8990384
791.9703,0.8990384
791.9903,0.8990384
792.0103,0.8990384
792.0303,0.8990384
792.0504,0.8990384
792.0704,0.8990384
792.0904,0.8990384
792.1104,0.8990384
792.1304,0.8990384
792.1505,0.8990384
792.1705,0.8990384
792.1905,0.8990384
792.2105,0.8990384
792.2305,0.8990384
792.2505,0.8990384
792.2706,0.8990384
792.2906,0.8990384
792.3106,0.8990384
792.3306,0.8990384
792.3506,0.8990384
792.3707,0.8990384
792.3907,0.8990384
792.4107,0.8990384
792.4307,0.8990384
792.4507,0.8990384
792.4708,0.8990384
792.4908,0.8990384
792.5108,0.8990384
792.5308,0.8990384
792.5508,0.8990384
792.5709,0.8990384
792.5909,0.8990384
792.6109,0.8990384
792.6309,0.8990384
792.6509,0.8990384
792.671,0.8990384
792.691,0.8990384
792.711,0.8990384
792.731,0.8990384
792.751,0.8990384
792.7711,0.8990384
792.7911,0.8990384
792.8111,0.8990384
792.8311,0.8990384
792.8511,0.8990384
792.8712,0.8990384
792.8912,0.8990384
792.9112,0.8990384
792.9312,0.8990384
792.9512,0.8990384
792.9713,0.8990384
792.9913,0.8990384
793.0113,0.8990384
793.0313,0.8990384
793.0513,0.8990384
793.0714,0.8990384
793.0914,0.8990384
793.1114,0.8990384
793.1314,0.8990384
793.1514,0.8990384
793.1714,0.8990384
793.1915,0.8990384
793.2115,0.8990384
793.2315,0.8990384
793.2515,0.8990384
793.2715,0.8990384
793.2916,0.8990384
793.3116,0.8990384
793.3316,0.8990384
793.3516,0.8990384
793.3716,0.8990384
793.3917,0.8990384
793.4117,0.8990384
793.4317,0.8990384
793.4517,0.8990384
793.4717,0.8990384
793.4918,0.8990384
793.5118,0.8990384
793.5318,0.8990384
793.5518,0.8990384
793.5718,0.8990384
793.5919,0.8990384
793.6119,0.8990384
793.6319,0.8990384
793.6519,0.8990384
793.6719,0.8990384
793.692,0.8990384
793.712,0.8990384
793.732,0.8990384
793.752,0.8990384
793.772,0.8990384
793.7921,0.8990384
793.8121,0.8990384
793.8321,0.8990384
793.8521,0.8990384
793.8721,0.8990384
793.8922,0.8990384
793.9122,0.8990384
793.9322,0.8990384
793.9522,0.8990384
793.9722,0.8990384
793.9922,0.8990384
794.0123,0.8990384
794.0323,0.8990384
794.0523,0.8990384
794.0723,0.8990384
794.0923,0.8990384
794.1124,0.8990384
794.1324,0.8990384
794.1524,0.8990384
794.1724,0.8990384
794.1924,0.8990384
794.2125,0.8990384
794.2325,0.8990384
794.2525,0.8990384
794.2725,0.8990384
794.2925,0.8990384
794.3126,0.8990384
794.3326,0.8990384
794.3526,0.8990384
794.3726,0.8990384
794.3926,0.8990384
794.4127,0.8990384
794.4327,0.8990384
794.4527,0.8990384
794.4727,0.8990384
794.4927,0.8990384
794.5128,0.8990384
794.5328,0.8990384
794.5528,0.8990384
794.5728,0.8990384
794.5928,0.8990384
794.6129,0.8990384
794.6329,0.8990384
794.6529,0.8990384
794.6729,0.8990384
794.6929,0.8990384
794.713,0.8990384
794.733,0.8990384
794.753,0.8990384
794.773,0.8990384
794.793,0.8990384
794.813,0.8990384
794.8331,0.8990384
794.8531,0.8990384
794.8731,0.8990384
794.8931,0.8990384
794.9131,0.8990384
794.9332,0.8990384
794.9532,0.8990384
794.9732,0.8990384
794.9932,0.8990384
795.0132,0.8990384
795.0333,0.8990384
795.0533,0.8990384
795.0733,0.8990384
795.0933,0.8990384
795.1133,0.8990384
795.1334,0.8990384
795.1534,0.8990384
795.1734,0.8990384
795.1934,0.8990384
795.2134,0.8990384
795.2335,0.8990384
795.2535,0.8990384
795.2735,0.8990384
795.2935,0.8990384
795.3135,0.8990384
795.3336,0.8990384
795.3536,0.8990384
795.3736,0.8990384
795.3936,0.8990384
795.4136,0.8990384
795.4337,0.8990384
795.4537,0.8990384
795.4737,0.8990384
795.4937,0.8990384
795.5137,0.8990384
795.5338,0.8990384
795.5538,0.8990384
795.5738,0.8990384
795.5938,0.8990384
795.6138,0.8990384
795.6339,0.8990384
795.6539,0.8990384
795.6739,0.8990384
795.6939,0.8990384
795.7139,0.8990384
795.7339,0.8990384
795.754,0.8990384
795.774,0.8990384
795.794,0.8990384
795.814,0.8990384
795.834,0.8990384
795.8541,0.8990384
795.8741,0.8990384
795.8941,0.8990384
795.9141,0.8990384
795.9341,0.8990384
795.9542,0.8990384
795.9742,0.8990384
795.9942,0.8990384
796.0142,0.8990384
796.0342,0.8990384
796.0543,0.8990384
796.0743,0.8990384
796.0943,0.8990384
796.1143,0.8990384
796.1343,0.8990384
796.1544,0.8990384
796.1744,0.8990384
796.1944,0.8990384
796.2144,0.8990384
796.2344,0.8990384
796.2545,0.8990384
796.2745,0.8990384
796.2945,0.8990384
796.3145,0.8990384
796.3345,0.8990384
796.3546,0.8990384
796.3746,0.8990384
796.3946,0.8990384
796.4146,0.8990384
796.4346,0.8990384
796.4547,0.8990384
796.4747,0.8990384
796.4947,0.8990384
796.5147,0.8990384
796.5347,0.8990384
796.5547,0.8990384
796.5748,0.8990384
796.5948,0.8990384
796.6148,0.8990384
796.6348,0.8990384
796.6548,0.8990384
796.6749,0.8990384
796.6949,0.8990384
796.7149,0.8990384
796.7349,0.8990384
796.7549,0.8990384
796.775,0.8990384
796.795,0.8990384
796.815,0.8990384
796.835,0.8990384
796.855,0.8990384
796.8751,0.8990384
796.8951,0.8990384
796.9151,0.8990384
796.9351,0.8990384
796.9551,0.8990384
796.9752,0.8990384
796.9952,0.8990384
797.0152,0.8990384
797.0352,0.8990384
797.0552,0.8990384
797.0753,0.8990384
797.0953,0.8990384
797.1153,0.8990384
797.1353,0.8990384
797.1553,0.8990384
797.1754,0.8990384
797.1954,0.8990384
797.2154,0.8990384
797.2354,0.8990384
797.2554,0.8990384
797.2755,0.8990384
797.2955,0.8990384
797.3155,0.8990384
797.3355,0.8990384
797.3555,0.8990384
797.3755,0.8990384
797.3956,0.8990384
797.4156,0.8990384
797.4356,0.8990384
797.4556,0.8990384
797.4756,0.8990384
797.4957,0.8990384
797.5157,0.8990384
797.5357,0.8990384
797.5557,0.8990384
797.5757,0.8990384
797.5958,0.8990384
797.6158,0.8990384
797.6358,0.8990384
797.6558,0.8990384
797.6758,0.8990384
797.6959,0.8990384
797.7159,0.8990384
797.7359,0.8990384
797.7559,0.8990384
797.7759,0.8990384
797.796,0.8990384
797.816,0.8990384
797.836,0.8990384
797.856,0.8990384
797.876,0.8990384
797.8961,0.8990384
797.9161,0.8990384
797.9361,0.8990384
797.9561,0.8990384
797.9761,0.8990384
797.9962,0.8990384
798.0162,0.8990384
798.0362,0.8990384
798.0562,0.8990384
798.0762,0.8990384
798.0963,0.8990384
798.1163,0.8990384
798.1363,0.8990384
798.1563,0.8990384
798.1763,0.8990384
798.1964,0.8990384
798.2164,0.8990384
798.2364,0.8990384
798.2564,0.8990384
798.2764,0.8990384
798.2964,0.8990384
798.3165,0.8990384
798.3365,0.8990384
798.3565,0.8990384
798.3765,0.8990384
798.3965,0.8990384
798.4166,0.8990384
798.4366,0.8990384
798.4566,0.8990384
798.4766,0.8990384
798.4966,0.8990384
798.5167,0.8990384
798.5367,0.8990384
798.5567,0.8990384
798.5767,0.8990384
798.5967,0.8990384
798.6168,0.8990384
798.6368,0.8990384
798.6568,0.8990384
798.6768,0.8990384
798.6968,0.8990384
798.7169,0.8990384
798.7369,0.8990384
798.7569,0.8990384
798.7769,0.8990384
798.7969,0.8990384
798.817,0.8990384
798.837,0.8990384
798.857,0.8990384
798.877,0.8990384
798.897,0.8990384
798.9171,0.8990384
798.9371,0.8990384
798.9571,0.8990384
798.9771,0.8990384
798.9971,0.8990384
799.0172,0.8990384
799.0372,0.8990384
799.0572,0.8990384
799.0772,0.8990384
799.0972,0.8990384
799.1172,0.8990384
799.1373,0.8990384
799.1573,0.8990384
799.1773,0.8990384
799.1973,0.8990384
799.2173,0.8990384
799.2374,0.8990384
799.2574,0.8990384
799.2774,0.8990384
799.2974,0.8990384
799.3174,0.8990384
799.3375,0.8990384
799.3575,0.8990384
799.3775,0.8990384
799.3975,0.8990384
799.4175,0.8990384
799.4376,0.8990384
799.4576,0.8990384
799.4776,0.8990384
799.4976,0.8990384
799.5176,0.8990384
799.5377,0.8990384
799.5577,0.8990384
799.5777,0.8990384
799.5977,0.8990384
799.6177,0.8990384
799.6378,0.8990384
799.6578,0.8990384
799.6778,0.8990384
799.6978,0.8990384
799.7178,0.8990384
799.7379,0.8990384
799.7579,0.8990384
799.7779,0.8990384
799.7979,0.8990384
799.8179,0.8990384
799.838,0.8990384
799.858,0.8990384
799.878,0.8990384
799.898,0.8990384
799.918,0.8990384
799.938,0.8990384
799.9581,0.8990384
799.9781,0.8990384
799.9981,0.8990384
800.0181,0.8990384
800.0381,0.8990384
800.0582,0.8990384
800.0782,0.8990384
800.0982,0.8990384
800.1182,0.8990384
800.1382,0.8990384
800.1583,0.8990384
800.1783,0.8990384
800.1983,0.8990384
800.2183,0.8990384
800.2383,0.8990384
800.2584,0.8990384
800.2784,0.8990384
800.2984,0.8990384
800.3184,0.8990384
800.3384,0.8990384
800.3585,0.8990384
800.3785,0.8990384
800.3985,0.8990384
800.4185,0.8990384
800.4385,0.8990384
800.4586,0.8990384
800.4786,0.8990384
800.4986,0.8990384
800.5186,0.8990384
800.5386,0.8990384
800.5587,0.8990384
800.5787,0.8990384
800.5987,0.8990384
800.6187,0.8990384
800.6387,0.8990384
800.6588,0.8990384
800.6788,0.8990384
800.6988,0.8990384
800.7188,0.8990384
800.7388,0.8990384
800.7589,0.8990384
800.7789,0.8990384
800.7989,0.8990384
800.8189,0.8990384
800.8389,0.8990384
800.8589,0.8990384
800.879,0.8990384
800.899,0.8990384
800.919,0.8990384
800.939,0.8990384
800.959,0.8990384
800.9791,0.8990384
800.9991,0.8990384
801.0191,0.8990384
801.0391,0.8990384
801.0591,0.8990384
801.0792,0.8990384
801.0992,0.8990384
801.1192,0.8990384
801.1392,0.8990384
801.1592,0.8990384
801.1793,0.8990384
801.1993,0.8990384
801.2193,0.8990384
801.2393,0.8990384
801.2593,0.8990384
801.2794,0.8990384
801.2994,0.8990384
801.3194,0.8990384
801.3394,0.8990384
801.3594,0.8990384
801.3795,0.8990384
801.3995,0.8990384
801.4195,0.8990384
801.4395,0.8990384
801.4595,0.8990384
801.4796,0.8990384
801.4996,0.8990384
801.5196,0.8990384
801.5396,0.8990384
801.5596,0.8990384
801.5797,0.8990384
801.5997,0.8990384
801.6197,0.8990384
801.6397,0.8990384
801.6597,0.8990384
801.6797,0.8990384
801.6998,0.8990384
801.7198,0.8990384
801.7398,0.8990384
801.7598,0.8990384
801.7798,0.8990384
801.7999,0.8990384
801.8199,0.8990384
801.8399,0.8990384
801.8599,0.8990384
801.8799,0.8990384
801.9,0.8990384
801.92,0.8990384
801.94,0.8990384
801.96,0.8990384
801.98,0.8990384
802.0001,0.8990384
802.0201,0.8990384
802.0401,0.8990384
802.0601,0.8990384
802.0801,0.8990384
802.1002,0.8990384
802.1202,0.8990384
802.1402,0.8990384
802.1602,0.8990384
802.1802,0.8990384
802.2003,0.8990384
802.2203,0.8990384
802.2403,0.8990384
802.2603,0.8990384
802.2803,0.8990384
802.3004,0.8990384
802.3204,0.8990384
802.3404,0.8990384
802.3604,0.8990384
802.3804,0.8990384
802.4005,0.8990384
802.4205,0.8990384
802.4405,0.8990384
802.4605,0.8990384
802.4805,0.8990384
802.5005,0.8990384
802.5206,0.8990384
802.5406,0.8990384
802.5606,0.8990384
802.5806,0.8990384
802.6006,0.8990384
802.6207,0.8990384
802.6407,0.8990384
802.6607,0.8990384
802.6807,0.8990384
802.7007,0.8990384
802.7208,0.8990384
802.7408,0.8990384
802.7608,0.8990384
802.7808,0.8990384
802.8008,0.8990384
802.8209,0.8990384
802.8409,0.8990384
802.8609,0.8990384
802.8809,0.8990384
802.9009,0.8990384
802.921,0.8990384
802.941,0.8990384
802.961,0.8990384
802.981,0.8990384
803.001,0.8990384
803.0211,0.8990384
803.0411,0.8990384
803.0611,0.8990384
803.0811,0.8990384
803.1011,0.8990384
803.1212,0.8990384
803.1412,0.8990384
803.1612,0.8990384
803.1812,0.8990384
803.2012,0.8990384
803.2213,0.8990384
803.2413,0.8990384
803.2613,0.8990384
803.2813,0.8990384
803.3013,0.8990384
803.3214,0.8990384
803.3414,0.8990384
803.3614,0.8990384
803.3814,0.8990384
803.4014,0.8990384
803.4214,0.8990384
803.4415,0.8990384
803.4615,0.8990384
803.4815,0.8990384
803.5015,0.8990384
803.5215,0.8990384
803.5416,0.8990384
803.5616,0.8990384
803.5816,0.8990384
803.6016,0.8990384
803.6216,0.8990384
803.6417,0.8990384
803.6617,0.8990384
803.6817,0.8990384
803.7017,0.8990384
803.7217,0.8990384
803.7418,0.8990384
803.7618,0.8990384
803.7818,0.8990384
803.8018,0.8990384
803.8218,0.8990384
803.8419,0.8990384
803.8619,0.8990384
803.8819,0.8990384
803.9019,0.8990384
803.9219,0.8990384
803.942,0.8990384
803.962,0.8990384
803.982,0.8990384
804.002,0.8990384
804.022,0.8990384
804.0421,0.8990384
804.0621,0.8990384
804.0821,0.8990384
804.1021,0.8990384
804.1221,0.8990384
804.1422,0.8990384
804.1622,0.8990384
804.1822,0.8990384
804.2022,0.8990384
804.2222,0.8990384
804.2422,0.8990384
804.2623,0.8990384
804.2823,0.8990384
804.3023,0.8990384
804.3223,0.8990384
804.3423,0.8990384
804.3624,0.8990384
804.3824,0.8990384
804.4024,0.8990384
804.4224,0.8990384
804.4424,0.8990384
804.4625,0.8990384
804.4825,0.8990384
804.5025,0.8990384
804.5225,0.8990384
804.5425,0.8990384
804.5626,0.8990384
804.5826,0.8990384
804.6026,0.8990384
804.6226,0.8990384
804.6426,0.8990384
804.6627,0.8990384
804.6827,0.8990384
804.7027,0.8990384
804.7227,0.8990384
804.7427,0.8990384
804.7628,0.8990384
804.7828,0.8990384
804.8028,0.8990384
804.8228,0.8990384
804.8428,0.8990384
804.8629,0.8990384
804.8829,0.8990384
804.9029,0.8990384
804.9229,0.8990384
804.9429,0.8990384
804.963,0.8990384
804.983,0.8990384
805.003,0.8990384
805.023,0.8990384
805.043,0.8990384
805.063,0.8990384
805.0831,0.8990384
805.1031,0.8990384
805.1231,0.8990384
805.1431,0.8990384
805.1631,0.8990384
805.1832,0.8990384
805.2032,0.8990384
805.2232,0.8990384
805.2432,0.8990384
805.2632,0.8990384
805.2833,0.8990384
805.3033,0.8990384
805.3233,0.8990384
805.3433,0.8990384
805.3633,0.8990384
805.3834,0.8990384
805.4034,0.8990384
805.4234,0.8990384
805.4434,0.8990384
805.4634,0.8990384
805.4835,0.8990384
805.5035,0.8990384
805.5235,0.8990384
805.5435,0.8990384
805.5635,0.8990384
805.5836,0.8990384
805.6036,0.8990384
805.6236,0.8990384
805.6436,0.8990384
805.6636,0.8990384
805.6837,0.8990384
805.7037,0.8990384
805.7237,0.8990384
805.7437,0.8990384
805.7637,0.8990384
805.7838,0.8990384
805.8038,0.8990384
805.8238,0.8990384
805.8438,0.8990384
805.8638,0.8990384
805.8839,0.8990384
805.9039,0.8990384
805.9239,0.8990384
805.9439,0.8990384
805.9639,0.8990384
805.9839,0.8990384
806.004,0.8990384
806.024,0.8990384
806.044,0.8990384
806.064,0.8990384
806.084,0.8990384
806.1041,0.8990384
806.1241,0.8990384
806.1441,0.8990384
806.1641,0.8990384
806.1841,0.8990384
806.2042,0.8990384
806.2242,0.8990384
806.2442,0.8990384
806.2642,0.8990384
806.2842,0.8990384
806.3043,0.8990384
806.3243,0.8990384
806.3443,0.8990384
806.3643,0.8990384
806.3843,0.8990384
806.4044,0.8990384
806.4244,0.8990384
806.4444,0.8990384
806.4644,0.8990384
806.4844,0.8990384
806.5045,0.8990384
806.5245,0.8990384
806.5445,0.8990384
806.5645,0.8990384
806.5845,0.8990384
806.6046,0.8990384
806.6246,0.8990384
806.6446,0.8990384
806.6646,0.8990384
806.6846,0.8990384
806.7047,0.8990384
806.7247,0.8990384
806.7447,0.8990384
806.7647,0.8990384
806.7847,0.8990384
806.8047,0.8990384
806.8248,0.8990384
806.8448,0.8990384
806.8648,0.8990384
806.8848,0.8990384
806.9048,0.8990384
806.9249,0.8990384
806.9449,0.8990384
806.9649,0.8990384
806.9849,0.8990384
807.0049,0.8990384
807.025,0.8990384
807.045,0.8990384
807.065,0.8990384
807.085,0.8990384
807.105,0.8990384
807.1251,0.8990384
807.1451,0.8990384
807.1651,0.8990384
807.1851,0.8990384
807.2051,0.8990384
807.2252,0.8990384
807.2452,0.8990384
807.2652,0.8990384
807.2852,0.8990384
807.3052,0.8990384
807.3253,0.8990384
807.3453,0.8990384
807.3653,0.8990384
807.3853,0.8990384
807.4053,0.8990384
807.4254,0.8990384
807.4454,0.8990384
807.4654,0.8990384
807.4854,0.8990384
807.5054,0.8990384
807.5255,0.8990384
807.5455,0.8990384
807.5655,0.8990384
807.5855,0.8990384
807.6055,0.8990384
807.6255,0.8990384
807.6456,0.8990384
807.6656,0.8990384
807.6856,0.8990384
807.7056,0.8990384
807.7256,0.8990384
807.7457,0.8990384
807.7657,0.8990384
807.7857,0.8990384
807.8057,0.8990384
807.8257,0.8990384
807.8458,0.8990384
807.8658,0.8990384
807.8858,0.8990384
807.9058,0.8990384
807.9258,0.8990384
807.9459,0.8990384
807.9659,0.8990384
807.9859,0.8990384
808.0059,0.8990384
808.0259,0.8990384
808.046,0.8990384
808.066,0.8990384
808.086,0.8990384
808.106,0.8990384
808.126,0.8990384
808.1461,0.8990384
808.1661,0.8990384
808.1861,0.8990384
808.2061,0.8990384
808.2261,0.8990384
808.2462,0.8990384
808.2662,0.8990384
808.2862,0.8990384
808.3062,0.8990384
808.3262,0.8990384
808.3463,0.8990384
808.3663,0.8990384
808.3863,0.8990384
808.4063,0.8990384
808.4263,0.8990384
808.4464,0.8990384
808.4664,0.8990384
808.4864,0.8990384
808.5064,0.8990384
808.5264,0.8990384
808.5464,0.8990384
808.5665,0.8990384
808.5865,0.8990384
808.6065,0.8990384
808.6265,0.8990384
808.6465,0.8990384
808.6666,0.8990384
808.6866,0.8990384
808.7066,0.8990384
808.7266,0.8990384
808.7466,0.8990384
808.7667,0.8990384
808.7867,0.8990384
808.8067,0.8990384
808.8267,0.8990384
808.8467,0.8990384
808.8668,0.8990384
808.8868,0.8990384
808.9068,0.8990384
808.9268,0.8990384
808.9468,0.8990384
808.9669,0.8990384
808.9869,0.8990384
809.0069,0.8990384
809.0269,0.8990384
809.0469,0.8990384
809.067,0.8990384
809.087,0.8990384
809.107,0.8990384
809.127,0.8990384
809.147,0.8990384
809.1671,0.8990384
809.1871,0.8990384
809.2071,0.8990384
809.2271,0.8990384
809.2471,0.8990384
809.2672,0.8990384
809.2872,0.8990384
809.3072,0.8990384
809.3272,0.8990384
809.3472,0.8990384
809.3672,0.8990384
809.3873,0.8990384
809.4073,0.8990384
809.4273,0.8990384
809.4473,0.8990384
809.4673,0.8990384
809.4874,0.8990384
809.5074,0.8990384
809.5274,0.8990384
809.5474,0.8990384
809.5674,0.8990384
809.5875,0.8990384
809.6075,0.8990384
809.6275,0.8990384
809.6475,0.8990384
809.6675,0.8990384
809.6876,0.8990384
809.7076,0.8990384
809.7276,0.8990384
809.7476,0.8990384
809.7676,0.8990384
809.7877,0.8990384
809.8077,0.8990384
809.8277,0.8990384
809.8477,0.8990384
809.8677,0.8990384
809.8878,0.8990384
809.9078,0.8990384
809.9278,0.8990384
809.9478,0.8990384
809.9678,0.8990384
809.9879,0.8990384
810.0079,0.8990384
810.0279,0.8990384
810.0479,0.8990384
810.0679,0.8990384
810.088,0.8990384
810.108,0.8990384
810.128,0.8990384
810.148,0.8990384
810.168,0.8990384
810.188,0.8990384
810.2081,0.8990384
810.2281,0.8990384
810.2481,0.8990384
810.2681,0.8990384
810.2881,0.8990384
810.3082,0.8990384
810.3282,0.8990384
810.3482,0.8990384
810.3682,0.8990384
810.3882,0.8990384
810.4083,0.8990384
810.4283,0.8990384
810.4483,0.8990384
810.4683,0.8990384
810.4883,0.8990384
810.5084,0.8990384
810.5284,0.8990384
810.5484,0.8990384
810.5684,0.8990384
810.5884,0.8990384
810.6085,0.8990384
810.6285,0.8990384
810.6485,0.8990384
810.6685,0.8990384
810.6885,0.8990384
810.7086,0.8990384
810.7286,0.8990384
810.7486,0.8990384
810.7686,0.8990384
810.7886,0.8990384
810.8087,0.8990384
810.8287,0.8990384
810.8487,0.9038461
810.8687,0.9038461
810.8887,0.9038461
810.9088,0.9038461
810.9288,0.9038461
810.9488,0.9038461
810.9688,0.9038461
810.9888,0.9038461
811.0089,0.9038461
811.0289,0.9038461
811.0489,0.9038461
811.0689,0.9038461
811.0889,0.9038461
811.1089,0.9038461
811.129,0.9038461
811.149,0.9038461
811.169,0.9038461
811.189,0.9038461
811.209,0.9038461
811.2291,0.9038461
811.2491,0.9038461
811.2691,0.9038461
811.2891,0.9038461
811.3091,0.9038461
811.3292,0.9038461
811.3492,0.9038461
811.3692,0.9038461
811.3892,0.9038461
811.4092,0.9038461
811.4293,0.9038461
811.4493,0.9038461
811.4693,0.9038461
811.4893,0.9038461
811.5093,0.9038461
811.5294,0.9038461
811.5494,0.9038461
811.5694,0.9038461
811.5894,0.9038461
811.6094,0.9038461
811.6295,0.9038461
811.6495,0.9038461
811.6695,0.9038461
811.6895,0.9038461
811.7095,0.9038461
811.7296,0.9038461
811.7496,0.9038461
811.7696,0.9038461
811.7896,0.9038461
811.8096,0.9038461
811.8297,0.9038461
811.8497,0.9038461
811.8697,0.9038461
811.8897,0.9038461
811.9097,0.9038461
811.9297,0.9038461
811.9498,0.9038461
811.9698,0.9038461
811.9898,0.9038461
812.0098,0.9038461
812.0298,0.9038461
812.0499,0.9038461
812.0699,0.9038461
812.0899,0.9038461
812.1099,0.9038461
812.1299,0.9038461
812.15,0.9038461
812.17,0.9038461
812.19,0.9038461
812.21,0.9038461
812.23,0.9038461
812.2501,0.9038461
812.2701,0.9038461
812.2901,0.9038461
812.3101,0.9038461
812.3301,0.9038461
812.3502,0.9038461
812.3702,0.9038461
812.3902,0.9038461
812.4102,0.9038461
812.4302,0.9038461
812.4503,0.9038461
812.4703,0.9038461
812.4903,0.9038461
812.5103,0.9038461
812.5303,0.9038461
812.5504,0.9038461
812.5704,0.9038461
812.5904,0.9038461
812.6104,0.9038461
812.6304,0.9038461
812.6505,0.9038461
812.6705,0.9038461
812.6905,0.9038461
812.7105,0.9038461
812.7305,0.9038461
812.7505,0.9038461
812.7706,0.9038461
812.7906,0.9038461
812.8106,0.9038461
812.8306,0.9038461
812.8506,0.9038461
812.8707,0.9038461
812.8907,0.9038461
812.9107,0.9038461
812.9307,0.9038461
812.9507,0.9038461
812.9708,0.9038461
812.9908,0.9038461
813.0108,0.9038461
813.0308,0.9038461
813.0508,0.9038461
813.0709,0.9038461
813.0909,0.9038461
813.1109,0.9038461
813.1309,0.9038461
813.1509,0.9038461
813.171,0.9038461
813.191,0.9038461
813.211,0.9038461
813.231,0.9038461
813.251,0.9038461
813.2711,0.9038461
813.2911,0.9038461
813.3111,0.9038461
813.3311,0.9038461
813.3511,0.9038461
813.3712,0.9038461
813.3912,0.9038461
813.4112,0.9038461
813.4312,0.9038461
813.4512,0.9038461
813.4713,0.9038461
813.4913,0.9038461
813.5113,0.9038461
813.5313,0.9038461
813.5513,0.9038461
813.5714,0.9038461
813.5914,0.9038461
813.6114,0.9038461
813.6314,0.9038461
813.6514,0.9038461
813.6714,0.9038461
813.6915,0.9038461
813.7115,0.9038461
813.7315,0.9038461
813.7515,0.9038461
813.7715,0.9038461
813.7916,0.9038461
813.8116,0.9038461
813.8316,0.9038461
813.8516,0.9038461
813.8716,0.9038461
813.8917,0.9038461
813.9117,0.9038461
813.9317,0.9038461
813.9517,0.9038461
813.9717,0.9038461
813.9918,0.9038461
814.0118,0.9038461
814.0318,0.9038461
814.0518,0.9038461
814.0718,0.9038461
814.0919,0.9038461
814.1119,0.9038461
814.1319,0.9038461
814.1519,0.9038461
814.1719,0.9038461
814.192,0.9038461
814.212,0.9038461
814.232,0.9038461
814.252,0.9038461
814.272,0.9038461
814.2921,0.9038461
814.3121,0.9038461
814.3321,0.9038461
814.3521,0.9038461
814.3721,0.9038461
814.3922,0.9038461
814.4122,0.9038461
814.4322,0.9038461
814.4522,0.9038461
814.4722,0.9038461
814.4922,0.9038461
814.5123,0.9038461
814.5323,0.9038461
814.5523,0.9038461
814.5723,0.9038461
814.5923,0.9038461
814.6124,0.9038461
814.6324,0.9038461
814.6524,0.9038461
814.6724,0.9038461
814.6924,0.9038461
814.7125,0.9038461
814.7325,0.9038461
814.7525,0.9038461
814.7725,0.9038461
814.7925,0.9038461
814.8126,0.9038461
814.8326,0.9038461
814.8526,0.9038461
814.8726,0.9038461
814.8926,0.9038461
814.9127,0.9038461
814.9327,0.9038461
814.9527,0.9038461
814.9727,0.9038461
814.9927,0.9038461
815.0128,0.9038461
815.0328,0.9038461
815.0528,0.9038461
815.0728,0.9038461
815.0928,0.9038461
815.1129,0.9038461
815.1329,0.9038461
815.1529,0.9038461
815.1729,0.9038461
815.1929,0.9038461
815.213,0.9038461
815.233,0.9038461
815.253,0.9038461
815.273,0.9038461
815.293,0.9038461
815.313,0.9038461
815.3331,0.9038461
815.3531,0.9038461
815.3731,0.9038461
815.3931,0.9038461
815.4131,0.9038461
815.4332,0.9038461
815.4532,0.9038461
815.4732,0.9038461
815.4932,0.9038461
815.5132,0.9038461
815.5333,0.9038461
815.5533,0.9038461
815.5733,0.9038461
815.5933,0.9038461
815.6133,0.9038461
815.6334,0.9038461
815.6534,0.9038461
815.6734,0.9038461
815.6934,0.9038461
815.7134,0.9038461
815.7335,0.9038461
815.7535,0.9038461
815.7735,0.9038461
815.7935,0.9038461
815.8135,0.9038461
815.8336,0.9038461
815.8536,0.9038461
815.8736,0.9038461
815.8936,0.9038461
815.9136,0.9038461
815.9337,0.9038461
815.9537,0.9038461
815.9737,0.9038461
815.9937,0.9038461
816.0137,0.9038461
816.0338,0.9038461
816.0538,0.9038461
816.0738,0.9038461
816.0938,0.9038461
816.1138,0.9038461
816.1339,0.9038461
816.1539,0.9038461
816.1739,0.9038461
816.1939,0.9038461
816.2139,0.9038461
816.2339,0.9038461
816.254,0.9038461
816.274,0.9038461
816.294,0.9038461
816.314,0.9038461
816.334,0.9038461
816.3541,0.9038461
816.3741,0.9038461
816.3941,0.9038461
816.4141,0.9038461
816.4341,0.9038461
816.4542,0.9038461
816.4742,0.9038461
816.4942,0.9038461
816.5142,0.9038461
816.5342,0.9038461
816.5543,0.9038461
816.5743,0.9038461
816.5943,0.9038461
816.6143,0.9038461
816.6343,0.9038461
816.6544,0.9038461
816.6744,0.9038461
816.6944,0.9038461
816.7144,0.9038461
816.7344,0.9038461
816.7545,0.9038461
816.7745,0.9038461
816.7945,0.9038461
816.8145,0.9038461
816.8345,0.9038461
816.8546,0.9038461
816.8746,0.9038461
816.8946,0.9038461
816.9146,0.9038461
816.9346,0.9038461
816.9547,0.9038461
816.9747,0.9038461
816.9947,0.9038461
817.0147,0.9038461
817.0347,0.9038461
817.0547,0.9038461
817.0748,0.9038461
817.0948,0.9038461
817.1148,0.9038461
817.1348,0.9038461
817.1548,0.9038461
817.1749,0.9038461
817.1949,0.9038461
817.2149,0.9038461
817.2349,0.9038461
817.2549,0.9038461
817.275,0.9038461
817.295,0.9038461
817.315,0.9038461
817.335,0.9038461
817.355,0.9038461
817.3751,0.9038461
817.3951,0.9038461
817.4151,0.9038461
817.4351,0.9038461
817.4551,0.9038461
817.4752,0.9038461
817.4952,0.9038461
817.5152,0.9038461
817.5352,0.9038461
817.5552,0.9038461
817.5753,0.9038461
817.5953,0.9038461
817.6153,0.9038461
817.6353,0.9038461
817.6553,0.9038461
817.6754,0.9038461
817.6954,0.9038461
817.7154,0.9038461
817.7354,0.9038461
817.7554,0.9038461
817.7755,0.9038461
817.7955,0.9038461
817.8155,0.9038461
817.8355,0.9038461
817.8555,0.9038461
817.8755,0.9038461
817.8956,0.9038461
817.9156,0.9038461
817.9356,0.9038461
817.9556,0.9038461
817.9756,0.9038461
817.9957,0.9038461
818.0157,0.9038461
818.0357,0.9038461
818.0557,0.9038461
818.0757,0.9038461
818.0958,0.9038461
818.1158,0.9038461
818.1358,0.9038461
818.1558,0.9038461
818.1758,0.9038461
818.1959,0.9038461
818.2159,0.9038461
818.2359,0.9038461
818.2559,0.9038461
818.2759,0.9038461
818.296,0.9038461
818.316,0.9038461
818.336,0.9038461
818.356,0.9038461
818.376,0.9038461
818.3961,0.9038461
818.4161,0.9038461
818.4361,0.9038461
818.4561,0.9038461
818.4761,0.9038461
818.4962,0.9038461
818.5162,0.9038461
818.5362,0.9038461
818.5562,0.9038461
818.5762,0.9038461
818.5963,0.9038461
818.6163,0.9038461
818.6363,0.9038461
818.6563,0.9038461
818.6763,0.9038461
818.6964,0.9038461
818.7164,0.9038461
818.7364,0.9038461
818.7564,0.9038461
818.7764,0.9038461
818.7964,0.9038461
818.8165,0.9038461
818.8365,0.9038461
818.8565,0.9038461
818.8765,0.9038461
818.8965,0.9038461
818.9166,0.9038461
818.9366,0.9038461
818.9566,0.9038461
818.9766,0.9038461
818.9966,0.9038461
819.0167,0.9038461
819.0367,0.9038461
819.0567,0.9038461
819.0767,0.9038461
819.0967,0.9038461
819.1168,0.9038461
819.1368,0.9038461
819.1568,0.9038461
819.1768,0.9038461
819.1968,0.9038461
819.2169,0.9038461
819.2369,0.9038461
819.2569,0.9038461
819.2769,0.9038461
819.2969,0.9038461
819.317,0.9038461
819.337,0.9038461
819.357,0.9038461
819.377,0.9038461
819.397,0.9038461
819.4171,0.9038461
819.4371,0.9038461
819.4571,0.9038461
819.4771,0.9038461
819.4971,0.9038461
819.5172,0.9038461
819.5372,0.9038461
819.5572,0.9038461
819.5772,0.9038461
819.5972,0.9038461
819.6172,0.9038461
819.6373,0.9038461
819.6573,0.9038461
819.6773,0.9038461
819.6973,0.9038461
819.7173,0.9038461
819.7374,0.9038461
819.7574,0.9038461
819.7774,0.9038461
819.7974,0.9038461
819.8174,0.9038461
819.8375,0.9038461
819.8575,0.9038461
819.8775,0.9038461
819.8975,0.9038461
819.9175,0.9038461
819.9376,0.9038461
819.9576,0.9038461
819.9776,0.9038461
819.9976,0.9038461
820.0176,0.9038461
820.0377,0.9038461
820.0577,0.9038461
820.0777,0.9038461
820.0977,0.9038461
820.1177,0.9038461
820.1378,0.9038461
820.1578,0.9038461
820.1778,0.9038461
820.1978,0.9038461
820.2178,0.9038461
820.2379,0.9038461
820.2579,0.9038461
820.2779,0.9038461
820.2979,0.9038461
820.3179,0.9038461
820.338,0.9038461
820.358,0.9038461
820.378,0.9038461
820.398,0.9038461
820.418,0.9038461
820.438,0.9038461
820.4581,0.9038461
820.4781,0.9038461
820.4981,0.9038461
820.5181,0.9038461
820.5381,0.9038461
820.5582,0.9038461
820.5782,0.9038461
820.5982,0.9038461
820.6182,0.9038461
820.6382,0.9038461
820.6583,0.9038461
820.6783,0.9038461
820.6983,0.9038461
820.7183,0.9038461
820.7383,0.9038461
820.7584,0.9038461
820.7784,0.9038461
820.7984,0.9038461
820.8184,0.9038461
820.8384,0.9038461
820.8585,0.9038461
820.8785,0.9038461
820.8985,0.9038461
820.9185,0.9038461
820.9385,0.9038461
820.9586,0.9038461
820.9786,0.9038461
820.9986,0.9038461
821.0186,0.9038461
821.0386,0.9038461
821.0587,0.9038461
821.0787,0.9038461
821.0987,0.9038461
821.1187,0.9038461
821.1387,0.9038461
821.1588,0.9038461
821.1788,0.9038461
821.1988,0.9038461
821.2188,0.9038461
821.2388,0.9038461
821.2589,0.9038461
821.2789,0.9038461
821.2989,0.9038461
821.3189,0.9038461
821.3389,0.9038461
821.3589,0.9038461
821.379,0.9038461
821.399,0.9038461
821.419,0.9038461
821.439,0.9038461
821.459,0.9038461
821.4791,0.9038461
821.4991,0.9038461
821.5191,0.9038461
821.5391,0.9038461
821.5591,0.9038461
821.5792,0.9038461
821.5992,0.9038461
821.6192,0.9038461
821.6392,0.9038461
821.6592,0.9038461
821.6793,0.9038461
821.6993,0.9038461
821.7193,0.9038461
821.7393,0.9038461
821.7593,0.9038461
821.7794,0.9038461
821.7994,0.9038461
821.8194,0.9038461
821.8394,0.9038461
821.8594,0.9038461
821.8795,0.9038461
821.8995,0.9038461
821.9195,0.9038461
821.9395,0.9038461
821.9595,0.9038461
821.9796,0.9038461
821.9996,0.9038461
822.0196,0.9038461
822.0396,0.9038461
822.0596,0.9038461
822.0797,0.9038461
822.0997,0.9038461
822.1197,0.9038461
822.1397,0.9038461
822.1597,0.9038461
822.1797,0.9038461
822.1998,0.9038461
822.2198,0.9038461
822.2398,0.9038461
822.2598,0.9038461
822.2798,0.9038461
822.2999,0.9038461
822.3199,0.9038461
822.3399,0.9038461
822.3599,0.9038461
822.3799,0.9038461
822.4,0.9038461
822.42,0.9038461
822.44,0.9038461
822.46,0.9038461
822.48,0.9038461
822.5001,0.9038461
822.5201,0.9038461
822.5401,0.9038461
822.5601,0.9038461
822.5801,0.9038461
822.6002,0.9038461
822.6202,0.9038461
822.6402,0.9038461
822.6602,0.9038461
822.6802,0.9038461
822.7003,0.9038461
822.7203,0.9038461
822.7403,0.9038461
822.7603,0.9038461
822.7803,0.9038461
822.8004,0.9038461
822.8204,0.9038461
822.8404,0.9038461
822.8604,0.9038461
822.8804,0.9038461
822.9005,0.9038461
822.9205,0.9038461
822.9405,0.9038461
822.9605,0.9038461
822.9805,0.9038461
823.0005,0.9038461
823.0206,0.9038461
823.0406,0.9038461
823.0606,0.9038461
823.0806,0.9038461
823.1006,0.9038461
823.1207,0.9038461
823.1407,0.9038461
823.1607,0.9038461
823.1807,0.9038461
823.2007,0.9038461
823.2208,0.9038461
823.2408,0.9038461
823.2608,0.9038461
823.2808,0.9038461
823.3008,0.9038461
823.3209,0.9038461
823.3409,0.9038461
823.3609,0.9038461
823.3809,0.9038461
823.4009,0.9038461
823.421,0.9038461
823.441,0.9038461
823.461,0.9038461
823.481,0.9038461
823.501,0.9038461
823.5211,0.9038461
823.5411,0.9038461
823.5611,0.9038461
823.5811,0.9038461
823.6011,0.9038461
823.6212,0.9038461
823.6412,0.9038461
823.6612,0.9038461
823.6812,0.9038461
823.7012,0.9038461
823.7213,0.9038461
823.7413,0.9038461
823.7613,0.9038461
823.7813,0.9038461
823.8013,0.9038461
823.8214,0.9038461
823.8414,0.9038461
823.8614,0.9038461
823.8814,0.9038461
823.9014,0.9038461
823.9214,0.9038461
823.9415,0.9038461
823.9615,0.9038461
823.9815,0.9038461
824.0015,0.9038461
824.0215,0.9038461
824.0416,0.9038461
824.0616,0.9038461
824.0816,0.9038461
824.1016,0.9038461
824.1216,0.9038461
824.1417,0.9038461
824.1617,0.9038461
824.1817,0.9038461
824.2017,0.9038461
824.2217,0.9038461
824.2418,0.9038461
824.2618,0.9038461
824.2818,0.9038461
824.3018,0.9038461
824.3218,0.9038461
824.3419,0.9038461
824.3619,0.9038461
824.3819,0.9038461
824.4019,0.9038461
824.4219,0.9038461
824.442,0.9038461
824.462,0.9038461
824.482,0.9038461
824.502,0.9038461
824.522,0.9038461
824.5421,0.9038461
824.5621,0.9038461
824.5821,0.9038461
824.6021,0.9038461
824.6221,0.9038461
824.6422,0.9038461
824.6622,0.9038461
824.6822,0.9038461
824.7022,0.9038461
824.7222,0.9038461
824.7422,0.9038461
824.7623,0.9038461
824.7823,0.9038461
824.8023,0.9038461
824.8223,0.9038461
824.8423,0.9038461
824.8624,0.9038461
824.8824,0.9038461
824.9024,0.9038461
824.9224,0.9038461
824.9424,0.9038461
824.9625,0.9038461
824.9825,0.9038461
825.0025,0.9038461
825.0225,0.9038461
825.0425,0.9038461
825.0626,0.9038461
825.0826,0.9038461
825.1026,0.9038461
825.1226,0.9038461
825.1426,0.9038461
825.1627,0.9038461
825.1827,0.9038461
825.2027,0.9038461
825.2227,0.9038461
825.2427,0.9038461
825.2628,0.9038461
825.2828,0.9038461
825.3028,0.9038461
825.3228,0.9038461
825.3428,0.9038461
825.3629,0.9038461
825.3829,0.9038461
825.4029,0.9038461
825.4229,0.9038461
825.4429,0.9038461
825.463,0.9038461
825.483,0.9038461
825.503,0.9038461
825.523,0.9038461
825.543,0.9038461
825.563,0.9038461
825.5831,0.9038461
825.6031,0.9038461
825.6231,0.9038461
825.6431,0.9038461
825.6631,0.9038461
825.6832,0.9038461
825.7032,0.9038461
825.7232,0.9038461
825.7432,0.9038461
825.7632,0.9038461
825.7833,0.9038461
825.8033,0.9038461
825.8233,0.9038461
825.8433,0.9038461
825.8633,0.9038461
825.8834,0.9038461
825.9034,0.9038461
825.9234,0.9038461
825.9434,0.9038461
825.9634,0.9038461
825.9835,0.9038461
826.0035,0.9038461
826.0235,0.9038461
826.0435,0.9038461
826.0635,0.9038461
826.0836,0.9038461
826.1036,0.9038461
826.1236,0.9038461
826.1436,0.9038461
826.1636,0.9038461
826.1837,0.9038461
826.2037,0.9038461
826.2237,0.9038461
826.2437,0.9038461
826.2637,0.9038461
826.2838,0.9038461
826.3038,0.9038461
826.3238,0.9038461
826.3438,0.9038461
826.3638,0.9038461
826.3839,0.9038461
826.4039,0.9038461
826.4239,0.9038461
826.4439,0.9038461
826.4639,0.9038461
826.4839,0.9038461
826.504,0.9038461
826.524,0.9038461
826.544,0.9038461
826.564,0.9038461
826.584,0.9038461
826.6041,0.9038461
826.6241,0.9038461
826.6441,0.9038461
826.6641,0.9038461
826.6841,0.9038461
826.7042,0.9038461
826.7242,0.9038461
826.7442,0.9038461
826.7642,0.9038461
826.7842,0.9038461
826.8043,0.9038461
826.8243,0.9038461
826.8443,0.9038461
826.8643,0.9038461
826.8843,0.9038461
826.9044,0.9038461
826.9244,0.9038461
826.9444,0.9038461
826.9644,0.9038461
826.9844,0.9038461
827.0045,0.9038461
827.0245,0.9038461
827.0445,0.9038461
827.0645,0.9038461
827.0845,0.9038461
827.1046,0.9038461
827.1246,0.9038461
827.1446,0.9038461
827.1646,0.9038461
827.1846,0.9038461
827.2047,0.9038461
827.2247,0.9038461
827.2447,0.9038461
827.2647,0.9038461
827.2847,0.9038461
827.3047,0.9038461
827.3248,0.9038461
827.3448,0.9038461
827.3648,0.9038461
827.3848,0.9038461
827.4048,0.9038461
827.4249,0.9038461
827.4449,0.9038461
827.4649,0.9038461
827.4849,0.9038461
827.5049,0.9038461
827.525,0.9038461
827.545,0.9038461
827.565,0.9038461
827.585,0.9038461
827.605,0.9038461
827.6251,0.9038461
827.6451,0.9038461
827.6651,0.9038461
827.6851,0.9038461
827.7051,0.9038461
827.7252,0.9038461
827.7452,0.9038461
827.7652,0.9038461
827.7852,0.9038461
827.8052,0.9038461
827.8253,0.9038461
827.8453,0.9038461
827.8653,0.9038461
827.8853,0.9038461
827.9053,0.9038461
827.9254,0.9038461
827.9454,0.9038461
827.9654,0.9038461
827.9854,0.9038461
828.0054,0.9038461
828.0255,0.9038461
828.0455,0.9038461
828.0655,0.9038461
828.0855,0.9038461
828.1055,0.9038461
828.1255,0.9038461
828.1456,0.9038461
828.1656,0.9038461
828.1856,0.9038461
828.2056,0.9038461
828.2256,0.9038461
828.2457,0.9038461
828.2657,0.9038461
828.2857,0.9038461
828.3057,0.9038461
828.3257,0.9038461
828.3458,0.9038461
828.3658,0.9038461
828.3858,0.9038461
828.4058,0.9038461
828.4258,0.9038461
828.4459,0.9038461
828.4659,0.9038461
828.4859,0.9038461
828.5059,0.9038461
828.5259,0.9038461
828.546,0.9038461
828.566,0.9038461
828.586,0.9038461
828.606,0.9038461
828.626,0.9038461
828.6461,0.9038461
828.6661,0.9038461
828.6861,0.9038461
828.7061,0.9038461
828.7261,0.9038461
828.7462,0.9038461
828.7662,0.9038461
828.7862,0.9038461
828.8062,0.9038461
828.8262,0.9038461
828.8463,0.9038461
828.8663,0.9038461
828.8863,0.9038461
828.9063,0.9038461
828.9263,0.9038461
828.9464,0.9038461
828.9664,0.9038461
828.9864,0.9038461
829.0064,0.9038461
829.0264,0.9038461
829.0464,0.9038461
829.0665,0.9038461
829.0865,0.9038461
829.1065,0.9038461
829.1265,0.9038461
829.1465,0.9038461
829.1666,0.9038461
829.1866,0.9038461
829.2066,0.9038461
829.2266,0.9038461
829.2466,0.9038461
829.2667,0.9038461
829.2867,0.9038461
829.3067,0.9038461
829.3267,0.9038461
829.3467,0.9038461
829.3668,0.9038461
829.3868,0.9038461
829.4068,0.9038461
829.4268,0.9038461
829.4468,0.9038461
829.4669,0.9038461
829.4869,0.9038461
829.5069,0.9038461
829.5269,0.9038461
829.5469,0.9038461
829.567,0.9038461
829.587,0.9038461
829.607,0.9038461
829.627,0.9038461
829.647,0.9038461
829.6671,0.9038461
829.6871,0.9038461
829.7071,0.9038461
829.7271,0.9038461
829.7471,0.9038461
829.7672,0.9038461
829.7872,0.9038461
829.8072,0.9038461
829.8272,0.9038461
829.8472,0.9038461
829.8672,0.9038461
829.8873,0.9038461
829.9073,0.9038461
829.9273,0.9038461
829.9473,0.9038461
829.9673,0.9038461
829.9874,0.9038461
830.0074,0.9038461
830.0274,0.9038461
830.0474,0.9038461
830.0674,0.9038461
830.0875,0.9038461
830.1075,0.9038461
830.1275,0.9038461
830.1475,0.9038461
830.1675,0.9038461
830.1876,0.9038461
830.2076,0.9038461
830.2276,0.9038461
830.2476,0.9038461
830.2676,0.9038461
830.2877,0.9038461
830.3077,0.9038461
830.3277,0.9038461
830.3477,0.9038461
830.3677,0.9038461
830.3878,0.9038461
830.4078,0.9038461
830.4278,0.9038461
830.4478,0.9038461
830.4678,0.9038461
830.4879,0.9038461
830.5079,0.9038461
830.5279,0.9038461
830.5479,0.9038461
830.5679,0.9038461
830.588,0.9038461
830.608,0.9038461
830.628,0.9038461
830.648,0.9038461
830.668,0.9038461
830.688,0.9038461
830.7081,0.9038461
830.7281,0.9038461
830.7481,0.9038461
830.7681,0.9038461
830.7881,0.9038461
830.8082,0.9038461
830.8282,0.9038461
830.8482,0.9038461
830.8682,0.9038461
830.8882,0.9038461
830.9083,0.9038461
830.9283,0.9038461
830.9483,0.9038461
830.9683,0.9038461
830.9883,0.9038461
831.0084,0.9038461
831.0284,0.9038461
831.0484,0.9038461
831.0684,0.9038461
831.0884,0.9038461
831.1085,0.9038461
831.1285,0.9038461
831.1485,0.9038461
831.1685,0.9038461
831.1885,0.9038461
831.2086,0.9038461
831.2286,0.9038461
831.2486,0.9038461
831.2686,0.9038461
831.2886,0.9038461
831.3087,0.9038461
831.3287,0.9038461
831.3487,0.9038461
831.3687,0.9038461
831.3887,0.9038461
831.4088,0.9038461
831.4288,0.9038461
831.4488,0.9038461
831.4688,0.9038461
831.4888,0.9038461
831.5089,0.9038461
831.5289,0.9038461
831.5489,0.9038461
831.5689,0.9038461
831.5889,0.9038461
831.6089,0.9038461
831.629,0.9038461
831.649,0.9038461
831.669,0.9038461
831.689,0.9038461
831.709,0.9038461
831.7291,0.9038461
831.7491,0.9038461
831.7691,0.9038461
831.7891,0.9038461
831.8091,0.9038461
831.8292,0.9038461
831.8492,0.9038461
831.8692,0.9038461
831.8892,0.9038461
831.9092,0.9038461
831.9293,0.9038461
831.9493,0.9038461
831.9693,0.9038461
831.9893,0.9038461
832.0093,0.9038461
832.0294,0.9038461
832.0494,0.9038461
832.0694,0.9038461
832.0894,0.9038461
832.1094,0.9038461
832.1295,0.9038461
832.1495,0.9038461
832.1695,0.9038461
832.1895,0.9038461
832.2095,0.9038461
832.2296,0.9038461
832.2496,0.9038461
832.2696,0.9038461
832.2896,0.9038461
832.3096,0.9038461
832.3297,0.9038461
832.3497,0.9038461
832.3697,0.9038461
832.3897,0.9038461
832.4097,0.9038461
832.4297,0.9038461
832.4498,0.9038461
832.4698,0.9038461
832.4898,0.9038461
832.5098,0.9038461
832.5298,0.9038461
832.5499,0.9038461
832.5699,0.9038461
832.5899,0.9038461
832.6099,0.9038461
832.6299,0.9038461
832.65,0.9038461
832.67,0.9038461
832.69,0.9038461
832.71,0.9038461
832.73,0.9038461
832.7501,0.9038461
832.7701,0.9038461
832.7901,0.9038461
832.8101,0.9038461
832.8301,0.9038461
832.8502,0.9038461
832.8702,0.9038461
832.8902,0.9038461
832.9102,0.9038461
832.9302,0.9038461
832.9503,0.9038461
832.9703,0.9038461
832.9903,0.9038461
833.0103,0.9038461
833.0303,0.9038461
833.0504,0.9038461
833.0704,0.9038461
833.0904,0.9038461
833.1104,0.9038461
833.1304,0.9038461
833.1505,0.9038461
833.1705,0.9038461
833.1905,0.9038461
833.2105,0.9038461
833.2305,0.9038461
833.2505,0.9038461
833.2706,0.9038461
833.2906,0.9038461
833.3106,0.9038461
833.3306,0.9038461
833.3506,0.9038461
833.3707,0.9038461
833.3907,0.9038461
833.4107,0.9038461
833.4307,0.9038461
833.4507,0.9038461
833.4708,0.9038461
833.4908,0.9038461
833.5108,0.9038461
833.5308,0.9038461
833.5508,0.9038461
833.5709,0.9038461
833.5909,0.9038461
833.6109,0.9038461
833.6309,0.9038461
833.6509,0.9038461
833.671,0.9038461
833.691,0.9038461
833.711,0.9038461
833.731,0.9038461
833.751,0.9038461
833.7711,0.9038461
833.7911,0.9038461
833.8111,0.9038461
833.8311,0.9038461
833.8511,0.9038461
833.8712,0.9038461
833.8912,0.9038461
833.9112,0.9038461
833.9312,0.9038461
833.9512,0.9038461
833.9713,0.9038461
833.9913,0.9038461
834.0113,0.9038461
834.0313,0.9038461
834.0513,0.9038461
834.0714,0.9038461
834.0914,0.9038461
834.1114,0.9038461
834.1314,0.9038461
834.1514,0.9038461
834.1714,0.9038461
834.1915,0.9038461
834.2115,0.9038461
834.2315,0.9038461
834.2515,0.9038461
834.2715,0.9038461
834.2916,0.9038461
834.3116,0.9038461
834.3316,0.9038461
834.3516,0.9038461
834.3716,0.9038461
834.3917,0.9038461
834.4117,0.9038461
834.4317,0.9038461
834.4517,0.9038461
834.4717,0.9038461
834.4918,0.9038461
834.5118,0.9038461
834.5318,0.9038461
834.5518,0.9038461
834.5718,0.9038461
834.5919,0.9038461
834.6119,0.9038461
834.6319,0.9038461
834.6519,0.9038461
834.6719,0.9038461
834.692,0.9038461
834.712,0.9038461
834.732,0.9038461
834.752,0.9038461
834.772,0.9038461
834.7921,0.9038461
834.8121,0.9038461
834.8321,0.9038461
834.8521,0.9038461
834.8721,0.9038461
834.8922,0.9038461
834.9122,0.9038461
834.9322,0.9038461
834.9522,0.9038461
834.9722,0.9038461
834.9922,0.9038461
835.0123,0.9038461
835.0323,0.9038461
835.0523,0.9038461
835.0723,0.9038461
835.0923,0.9038461
835.1124,0.9038461
835.1324,0.9038461
835.1524,0.9038461
835.1724,0.9038461
835.1924,0.9038461
835.2125,0.9038461
835.2325,0.9038461
835.2525,0.9038461
835.2725,0.9038461
835.2925,0.9038461
835.3126,0.9038461
835.3326,0.9038461
835.3526,0.9038461
835.3726,0.9038461
835.3926,0.9038461
835.4127,0.9038461
835.4327,0.9038461
835.4527,0.9038461
835.4727,0.9038461
835.4927,0.9038461
835.5128,0.9038461
835.5328,0.9038461
835.5528,0.9038461
835.5728,0.9038461
835.5928,0.9038461
835.6129,0.9038461
835.6329,0.9038461
835.6529,0.9038461
835.6729,0.9038461
835.6929,0.9038461
835.713,0.9038461
835.733,0.9038461
835.753,0.9038461
835.773,0.9038461
835.793,0.9038461
835.813,0.9038461
835.8331,0.9038461
835.8531,0.9038461
835.8731,0.9038461
835.8931,0.9038461
835.9131,0.9038461
835.9332,0.9038461
835.9532,0.9038461
835.9732,0.9038461
835.9932,0.9038461
836.0132,0.9038461
836.0333,0.9038461
836.0533,0.9038461
836.0733,0.9038461
836.0933,0.9038461
836.1133,0.9038461
836.1334,0.9038461
836.1534,0.9038461
836.1734,0.9038461
836.1934,0.9038461
836.2134,0.9038461
836.2335,0.9038461
836.2535,0.9038461
836.2735,0.9038461
836.2935,0.9038461
836.3135,0.9038461
836.3336,0.9038461
836.3536,0.9038461
836.3736,0.9038461
836.3936,0.9038461
836.4136,0.9038461
836.4337,0.9038461
836.4537,0.9038461
836.4737,0.9038461
836.4937,0.9038461
836.5137,0.9038461
836.5338,0.9038461
836.5538,0.9038461
836.5738,0.9038461
836.5938,0.9038461
836.6138,0.9038461
836.6339,0.9038461
836.6539,0.9038461
836.6739,0.9038461
836.6939,0.9038461
836.7139,0.9038461
836.7339,0.9038461
836.754,0.9038461
836.774,0.9038461
836.794,0.9038461
836.814,0.9038461
836.834,0.9038461
836.8541,0.9038461
836.8741,0.9038461
836.8941,0.9038461
836.9141,0.9038461
836.9341,0.9038461
836.9542,0.9038461
836.9742,0.9038461
836.9942,0.9038461
837.0142,0.9038461
837.0342,0.9038461
837.0543,0.9038461
837.0743,0.9038461
837.0943,0.9038461
837.1143,0.9038461
837.1343,0.9038461
837.1544,0.9038461
837.1744,0.9038461
837.1944,0.9038461
837.2144,0.9038461
837.2344,0.9038461
837.2545,0.9038461
837.2745,0.9038461
837.2945,0.9038461
837.3145,0.9038461
837.3345,0.9038461
837.3546,0.9038461
837.3746,0.9038461
837.3946,0.9038461
837.4146,0.9038461
837.4346,0.9038461
837.4547,0.9038461
837.4747,0.9038461
837.4947,0.9038461
837.5147,0.9038461
837.5347,0.9038461
837.5547,0.9038461
837.5748,0.9038461
837.5948,0.9038461
837.6148,0.9038461
837.6348,0.9038461
837.6548,0.9038461
837.6749,0.9038461
837.6949,0.9038461
837.7149,0.9038461
837.7349,0.9038461
837.7549,0.9038461
837.775,0.9038461
837.795,0.9038461
837.815,0.9038461
837.835,0.9038461
837.855,0.9038461
837.8751,0.9038461
837.8951,0.9038461
837.9151,0.9038461
837.9351,0.9038461
837.9551,0.9038461
837.9752,0.9038461
837.9952,0.9038461
838.0152,0.9038461
838.0352,0.9038461
838.0552,0.9038461
838.0753,0.9038461
838.0953,0.9038461
838.1153,0.9038461
838.1353,0.9038461
838.1553,0.9038461
838.1754,0.9038461
838.1954,0.9038461
838.2154,0.9038461
838.2354,0.9038461
838.2554,0.9038461
838.2755,0.9038461
838.2955,0.9038461
838.3155,0.9038461
838.3355,0.9038461
838.3555,0.9038461
838.3755,0.9038461
838.3956,0.9038461
838.4156,0.9038461
838.4356,0.9038461
838.4556,0.9038461
838.4756,0.9038461
838.4957,0.9038461
838.5157,0.9038461
838.5357,0.9038461
838.5557,0.9038461
838.5757,0.9038461
838.5958,0.9038461
838.6158,0.9038461
838.6358,0.9038461
838.6558,0.9038461
838.6758,0.9038461
838.6959,0.9038461
838.7159,0.9038461
838.7359,0.9038461
838.7559,0.9038461
838.7759,0.9038461
838.796,0.9038461
838.816,0.9038461
838.836,0.9038461
838.856,0.9038461
838.876,0.9038461
838.8961,0.9038461
838.9161,0.9038461
838.9361,0.9038461
838.9561,0.9038461
838.9761,0.9038461
838.9962,0.9038461
839.0162,0.9038461
839.0362,0.9038461
839.0562,0.9038461
839.0762,0.9038461
839.0963,0.9038461
839.1163,0.9038461
839.1363,0.9038461
839.1563,0.9038461
839.1763,0.9038461
839.1964,0.9038461
839.2164,0.9038461
839.2364,0.9038461
839.2564,0.9038461
839.2764,0.9038461
839.2964,0.9038461
839.3165,0.9038461
839.3365,0.9038461
839.3565,0.9038461
839.3765,0.9038461
839.3965,0.9038461
839.4166,0.9038461
839.4366,0.9038461
839.4566,0.9038461
839.4766,0.9038461
839.4966,0.9038461
839.5167,0.9038461
839.5367,0.9038461
839.5567,0.9038461
839.5767,0.9038461
839.5967,0.9038461
839.6168,0.9038461
839.6368,0.9038461
839.6568,0.9038461
839.6768,0.9038461
839.6968,0.9038461
839.7169,0.9038461
839.7369,0.9038461
839.7569,0.9038461
839.7769,0.9038461
839.7969,0.9038461
839.817,0.9038461
839.837,0.9038461
839.857,0.9038461
839.877,0.9038461
839.897,0.9038461
839.9171,0.9038461
839.9371,0.9038461
839.9571,0.9038461
839.9771,0.9038461
839.9971,0.9038461
840.0172,0.9038461
840.0372,0.9038461
840.0572,0.9038461
840.0772,0.9038461
840.0972,0.9038461
840.1172,0.9038461
840.1373,0.9038461
840.1573,0.9038461
840.1773,0.9038461
840.1973,0.9038461
840.2173,0.9038461
840.2374,0.9038461
840.2574,0.9038461
840.2774,0.9038461
840.2974,0.9038461
840.3174,0.9038461
840.3375,0.9038461
840.3575,0.9038461
840.3775,0.9038461
840.3975,0.9038461
840.4175,0.9038461
840.4376,0.9038461
840.4576,0.9038461
840.4776,0.9038461
840.4976,0.9038461
840.5176,0.9038461
840.5377,0.9038461
840.5577,0.9038461
840.5777,0.9038461
840.5977,0.9038461
840.6177,0.9038461
840.6378,0.9038461
840.6578,0.9038461
840.6778,0.9038461
840.6978,0.9038461
840.7178,0.9038461
840.7379,0.9038461
840.7579,0.9038461
840.7779,0.9038461
840.7979,0.9038461
840.8179,0.9038461
840.838,0.9038461
840.858,0.9038461
840.878,0.9038461
840.898,0.9038461
840.918,0.9038461
840.938,0.9038461
840.9581,0.9038461
840.9781,0.9038461
840.9981,0.9038461
841.0181,0.9038461
841.0381,0.9038461
841.0582,0.9038461
841.0782,0.9038461
841.0982,0.9038461
841.1182,0.9038461
841.1382,0.9038461
841.1583,0.9038461
841.1783,0.9038461
841.1983,0.9038461
841.2183,0.9038461
841.2383,0.9038461
841.2584,0.9038461
841.2784,0.9038461
841.2984,0.9038461
841.3184,0.9038461
841.3384,0.9038461
841.3585,0.9038461
841.3785,0.9038461
841.3985,0.9038461
841.4185,0.9038461
841.4385,0.9038461
841.4586,0.9038461
841.4786,0.9038461
841.4986,0.9038461
841.5186,0.9038461
841.5386,0.9038461
841.5587,0.9038461
841.5787,0.9038461
841.5987,0.9038461
841.6187,0.9038461
841.6387,0.9038461
841.6588,0.9038461
841.6788,0.9038461
841.6988,0.9038461
841.7188,0.9038461
841.7388,0.9038461
841.7589,0.9038461
841.7789,0.9038461
841.7989,0.9038461
841.8189,0.9038461
841.8389,0.9038461
841.8589,0.9038461
841.879,0.9038461
841.899,0.9038461
841.919,0.9038461
841.939,0.9038461
841.959,0.9038461
841.9791,0.9038461
841.9991,0.9038461
842.0191,0.9038461
842.0391,0.9038461
842.0591,0.9038461
842.0792,0.9038461
842.0992,0.9038461
842.1192,0.9038461
842.1392,0.9038461
842.1592,0.9038461
842.1793,0.9038461
842.1993,0.9038461
842.2193,0.9038461
842.2393,0.9038461
842.2593,0.9038461
842.2794,0.9038461
842.2994,0.9038461
842.3194,0.9038461
842.3394,0.9038461
842.3594,0.9038461
842.3795,0.9038461
842.3995,0.9038461
842.4195,0.9038461
842.4395,0.9038461
842.4595,0.9038461
842.4796,0.9038461
842.4996,0.9038461
842.5196,0.9038461
842.5396,0.9038461
842.5596,0.9038461
842.5797,0.9038461
842.5997,0.9038461
842.6197,0.9038461
842.6397,0.9038461
842.6597,0.9038461
842.6797,0.9038461
842.6998,0.9038461
842.7198,0.9038461
842.7398,0.9038461
842.7598,0.9038461
842.7798,0.9038461
842.7999,0.9038461
842.8199,0.9038461
842.8399,0.9038461
842.8599,0.9038461
842.8799,0.9038461
842.9,0.9038461
842.92,0.9038461
842.94,0.9038461
842.96,0.9038461
842.98,0.9038461
843.0001,0.9038461
843.0201,0.9038461
843.0401,0.9038461
843.0601,0.9038461
843.0801,0.9038461
843.1002,0.9038461
843.1202,0.9038461
843.1402,0.9038461
843.1602,0.9038461
843.1802,0.9038461
843.2003,0.9038461
843.2203,0.9038461
843.2403,0.9038461
843.2603,0.9038461
843.2803,0.9038461
843.3004,0.9038461
843.3204,0.9038461
843.3404,0.9038461
843.3604,0.9038461
843.3804,0.9038461
843.4005,0.9038461
843.4205,0.9038461
843.4405,0.9038461
843.4605,0.9038461
843.4805,0.9038461
843.5005,0.9038461
843.5206,0.9038461
843.5406,0.9038461
843.5606,0.9038461
843.5806,0.9038461
843.6006,0.9038461
843.6207,0.9038461
843.6407,0.9038461
843.6607,0.9038461
843.6807,0.9038461
843.7007,0.9038461
843.7208,0.9038461
843.7408,0.9038461
843.7608,0.9038461
843.7808,0.9038461
843.8008,0.9038461
843.8209,0.9038461
843.8409,0.9038461
843.8609,0.9038461
843.8809,0.9038461
843.9009,0.9038461
843.921,0.9038461
843.941,0.9038461
843.961,0.9038461
843.981,0.9038461
844.001,0.9038461
844.0211,0.9038461
844.0411,0.9038461
844.0611,0.9038461
844.0811,0.9038461
844.1011,0.9038461
844.1212,0.9038461
844.1412,0.9038461
844.1612,0.9038461
844.1812,0.9038461
844.2012,0.9038461
844.2213,0.9038461
844.2413,0.9038461
844.2613,0.9038461
844.2813,0.9038461
844.3013,0.9038461
844.3214,0.9038461
844.3414,0.9038461
844.3614,0.9038461
844.3814,0.9038461
844.4014,0.9038461
844.4214,0.9038461
844.4415,0.9038461
844.4615,0.9038461
844.4815,0.9038461
844.5015,0.9038461
844.5215,0.9038461
844.5416,0.9038461
844.5616,0.9038461
844.5816,0.9038461
844.6016,0.9038461
844.6216,0.9038461
844.6417,0.9086539
844.6617,0.9086539
844.6817,0.9086539
844.7017,0.9086539
844.7217,0.9086539
844.7418,0.9086539
844.7618,0.9086539
844.7818,0.9086539
844.8018,0.9086539
844.8218,0.9086539
844.8419,0.9086539
844.8619,0.9086539
844.8819,0.9086539
844.9019,0.9086539
844.9219,0.9086539
844.942,0.9086539
844.962,0.9086539
844.982,0.9086539
845.002,0.9086539
845.022,0.9086539
845.0421,0.9086539
845.0621,0.9086539
845.0821,0.9086539
845.1021,0.9086539
845.1221,0.9086539
845.1422,0.9086539
845.1622,0.9086539
845.1822,0.9086539
845.2022,0.9086539
845.2222,0.9086539
845.2422,0.9086539
845.2623,0.9086539
845.2823,0.9086539
845.3023,0.9086539
845.3223,0.9086539
845.3423,0.9086539
845.3624,0.9086539
845.3824,0.9086539
845.4024,0.9086539
845.4224,0.9086539
845.4424,0.9086539
845.4625,0.9086539
845.4825,0.9086539
845.5025,0.9086539
845.5225,0.9086539
845.5425,0.9086539
845.5626,0.9086539
845.5826,0.9086539
845.6026,0.9086539
845.6226,0.9086539
845.6426,0.9086539
845.6627,0.9086539
845.6827,0.9086539
845.7027,0.9086539
845.7227,0.9086539
845.7427,0.9086539
845.7628,0.9086539
845.7828,0.9086539
845.8028,0.9086539
845.8228,0.9086539
845.8428,0.9086539
845.8629,0.9086539
845.8829,0.9086539
845.9029,0.9086539
845.9229,0.9086539
845.9429,0.9086539
845.963,0.9086539
845.983,0.9086539
846.003,0.9086539
846.023,0.9086539
846.043,0.9086539
846.063,0.9086539
846.0831,0.9086539
846.1031,0.9086539
846.1231,0.9086539
846.1431,0.9086539
846.1631,0.9086539
846.1832,0.9086539
846.2032,0.9086539
846.2232,0.9086539
846.2432,0.9086539
846.2632,0.9086539
846.2833,0.9086539
846.3033,0.9086539
846.3233,0.9086539
846.3433,0.9086539
846.3633,0.9086539
846.3834,0.9086539
846.4034,0.9086539
846.4234,0.9086539
846.4434,0.9086539
846.4634,0.9086539
846.4835,0.9086539
846.5035,0.9086539
846.5235,0.9086539
846.5435,0.9086539
846.5635,0.9086539
846.5836,0.9086539
846.6036,0.9086539
846.6236,0.9086539
846.6436,0.9086539
846.6636,0.9086539
846.6837,0.9086539
846.7037,0.9086539
846.7237,0.9086539
846.7437,0.9086539
846.7637,0.9086539
846.7838,0.9086539
846.8038,0.9086539
846.8238,0.9086539
846.8438,0.9086539
846.8638,0.9086539
846.8839,0.9086539
846.9039,0.9086539
846.9239,0.9086539
846.9439,0.9086539
846.9639,0.9086539
846.9839,0.9086539
847.004,0.9086539
847.024,0.9086539
847.044,0.9086539
847.064,0.9086539
847.084,0.9086539
847.1041,0.9086539
847.1241,0.9086539
847.1441,0.9086539
847.1641,0.9086539
847.1841,0.9086539
847.2042,0.9086539
847.2242,0.9086539
847.2442,0.9086539
847.2642,0.9086539
847.2842,0.9086539
847.3043,0.9086539
847.3243,0.9086539
847.3443,0.9086539
847.3643,0.9086539
847.3843,0.9086539
847.4044,0.9086539
847.4244,0.9086539
847.4444,0.9086539
847.4644,0.9086539
847.4844,0.9086539
847.5045,0.9086539
847.5245,0.9086539
847.5445,0.9086539
847.5645,0.9086539
847.5845,0.9086539
847.6046,0.9086539
847.6246,0.9086539
847.6446,0.9086539
847.6646,0.9086539
847.6846,0.9086539
847.7047,0.9086539
847.7247,0.9086539
847.7447,0.9086539
847.7647,0.9086539
847.7847,0.9086539
847.8047,0.9086539
847.8248,0.9086539
847.8448,0.9086539
847.8648,0.9086539
847.8848,0.9086539
847.9048,0.9086539
847.9249,0.9086539
847.9449,0.9086539
847.9649,0.9086539
847.9849,0.9086539
848.0049,0.9086539
848.025,0.9086539
848.045,0.9086539
848.065,0.9086539
848.085,0.9086539
848.105,0.9086539
848.1251,0.9086539
848.1451,0.9086539
848.1651,0.9086539
848.1851,0.9086539
848.2051,0.9086539
848.2252,0.9086539
848.2452,0.9086539
848.2652,0.9086539
848.2852,0.9086539
848.3052,0.9086539
848.3253,0.9086539
848.3453,0.9086539
848.3653,0.9086539
848.3853,0.9086539
848.4053,0.9086539
848.4254,0.9086539
848.4454,0.9086539
848.4654,0.9086539
848.4854,0.9086539
848.5054,0.9086539
848.5255,0.9086539
848.5455,0.9086539
848.5655,0.9086539
848.5855,0.9086539
848.6055,0.9086539
848.6255,0.9086539
848.6456,0.9086539
848.6656,0.9086539
848.6856,0.9086539
848.7056,0.9086539
848.7256,0.9086539
848.7457,0.9086539
848.7657,0.9086539
848.7857,0.9086539
848.8057,0.9086539
848.8257,0.9086539
848.8458,0.9086539
848.8658,0.9086539
848.8858,0.9086539
848.9058,0.9086539
848.9258,0.9086539
848.9459,0.9086539
848.9659,0.9086539
848.9859,0.9086539
849.0059,0.9086539
849.0259,0.9086539
849.046,0.9086539
849.066,0.9086539
849.086,0.9086539
849.106,0.9086539
849.126,0.9086539
849.1461,0.9086539
849.1661,0.9086539
849.1861,0.9086539
849.2061,0.9086539
849.2261,0.9086539
849.2462,0.9086539
849.2662,0.9086539
849.2862,0.9086539
849.3062,0.9086539
849.3262,0.9086539
849.3463,0.9086539
849.3663,0.9086539
849.3863,0.9086539
849.4063,0.9086539
849.4263,0.9086539
849.4464,0.9086539
849.4664,0.9086539
849.4864,0.9086539
849.5064,0.9086539
849.5264,0.9086539
849.5464,0.9086539
849.5665,0.9086539
849.5865,0.9086539
849.6065,0.9086539
849.6265,0.9086539
849.6465,0.9086539
849.6666,0.9086539
849.6866,0.9086539
849.7066,0.9086539
849.7266,0.9086539
849.7466,0.9086539
849.7667,0.9086539
849.7867,0.9086539
849.8067,0.9086539
849.8267,0.9086539
849.8467,0.9086539
849.8668,0.9086539
849.8868,0.9086539
849.9068,0.9086539
849.9268,0.9086539
849.9468,0.9086539
849.9669,0.9086539
849.9869,0.9086539
850.0069,0.9086539
850.0269,0.9086539
850.0469,0.9086539
850.067,0.9086539
850.087,0.9086539
850.107,0.9086539
850.127,0.9086539
850.147,0.9086539
850.1671,0.9086539
850.1871,0.9086539
850.2071,0.9086539
850.2271,0.9086539
850.2471,0.9086539
850.2672,0.9086539
850.2872,0.9086539
850.3072,0.9086539
850.3272,0.9086539
850.3472,0.9086539
850.3672,0.9086539
850.3873,0.9086539
850.4073,0.9086539
850.4273,0.9086539
850.4473,0.9086539
850.4673,0.9086539
850.4874,0.9086539
850.5074,0.9086539
850.5274,0.9086539
850.5474,0.9086539
850.5674,0.9086539
850.5875,0.9086539
850.6075,0.9086539
850.6275,0.9086539
850.6475,0.9086539
850.6675,0.9086539
850.6876,0.9086539
850.7076,0.9086539
850.7276,0.9086539
850.7476,0.9086539
850.7676,0.9086539
850.7877,0.9086539
850.8077,0.9086539
850.8277,0.9086539
850.8477,0.9086539
850.8677,0.9086539
850.8878,0.9086539
850.9078,0.9086539
850.9278,0.9086539
850.9478,0.9086539
850.9678,0.9086539
850.9879,0.9086539
851.0079,0.9086539
851.0279,0.9086539
851.0479,0.9086539
851.0679,0.9086539
851.088,0.9086539
851.108,0.9086539
851.128,0.9086539
851.148,0.9086539
851.168,0.9086539
851.188,0.9086539
851.2081,0.9086539
851.2281,0.9086539
851.2481,0.9086539
851.2681,0.9086539
851.2881,0.9086539
851.3082,0.9086539
851.3282,0.9086539
851.3482,0.9086539
851.3682,0.9086539
851.3882,0.9086539
851.4083,0.9086539
851.4283,0.9086539
851.4483,0.9086539
851.4683,0.9086539
851.4883,0.9086539
851.5084,0.9086539
851.5284,0.9086539
851.5484,0.9086539
851.5684,0.9086539
851.5884,0.9086539
851.6085,0.9086539
851.6285,0.9086539
851.6485,0.9086539
851.6685,0.9086539
851.6885,0.9086539
851.7086,0.9086539
851.7286,0.9086539
851.7486,0.9086539
851.7686,0.9086539
851.7886,0.9086539
851.8087,0.9086539
851.8287,0.9086539
851.8487,0.9086539
851.8687,0.9086539
851.8887,0.9086539
851.9088,0.9086539
851.9288,0.9086539
851.9488,0.9086539
851.9688,0.9086539
851.9888,0.9086539
852.0089,0.9086539
852.0289,0.9086539
852.0489,0.9086539
852.0689,0.9086539
852.0889,0.9086539
852.1089,0.9086539
852.129,0.9086539
852.149,0.9086539
852.169,0.9086539
852.189,0.9086539
852.209,0.9086539
852.2291,0.9086539
852.2491,0.9086539
852.2691,0.9086539
852.2891,0.9086539
852.3091,0.9086539
852.3292,0.9086539
852.3492,0.9086539
852.3692,0.9086539
852.3892,0.9086539
852.4092,0.9086539
852.4293,0.9086539
852.4493,0.9086539
852.4693,0.9086539
852.4893,0.9086539
852.5093,0.9086539
852.5294,0.9086539
852.5494,0.9086539
852.5694,0.9086539
852.5894,0.9086539
852.6094,0.9086539
852.6295,0.9086539
852.6495,0.9086539
852.6695,0.9086539
852.6895,0.9086539
852.7095,0.9086539
852.7296,0.9086539
852.7496,0.9086539
852.7696,0.9086539
852.7896,0.9086539
852.8096,0.9086539
852.8297,0.9086539
852.8497,0.9086539
852.8697,0.9086539
852.8897,0.9086539
852.9097,0.9086539
852.9297,0.9086539
852.9498,0.9086539
852.9698,0.9086539
852.9898,0.9086539
853.0098,0.9086539
853.0298,0.9086539
853.0499,0.9086539
853.0699,0.9086539
853.0899,0.9086539
853.1099,0.9086539
853.1299,0.9086539
853.15,0.9086539
853.17,0.9086539
853.19,0.9086539
853.21,0.9086539
853.23,0.9086539
853.2501,0.9086539
853.2701,0.9086539
853.2901,0.9086539
853.3101,0.9086539
853.3301,0.9086539
853.3502,0.9086539
853.3702,0.9086539
853.3902,0.9086539
853.4102,0.9086539
853.4302,0.9086539
853.4503,0.9086539
853.4703,0.9086539
853.4903,0.9086539
853.5103,0.9086539
853.5303,0.9086539
853.5504,0.9086539
853.5704,0.9086539
853.5904,0.9086539
853.6104,0.9086539
853.6304,0.9086539
853.6505,0.9086539
853.6705,0.9086539
853.6905,0.9086539
853.7105,0.9086539
853.7305,0.9086539
853.7505,0.9086539
853.7706,0.9086539
853.7906,0.9086539
853.8106,0.9086539
853.8306,0.9086539
853.8506,0.9086539
853.8707,0.9086539
853.8907,0.9086539
853.9107,0.9086539
853.9307,0.9086539
853.9507,0.9086539
853.9708,0.9086539
853.9908,0.9086539
854.0108,0.9086539
854.0308,0.9086539
854.0508,0.9086539
854.0709,0.9086539
854.0909,0.9086539
854.1109,0.9086539
854.1309,0.9086539
854.1509,0.9086539
854.171,0.9086539
854.191,0.9086539
854.211,0.9086539
854.231,0.9086539
854.251,0.9086539
854.2711,0.9086539
854.2911,0.9086539
854.3111,0.9086539
854.3311,0.9086539
854.3511,0.9086539
854.3712,0.9086539
854.3912,0.9086539
854.4112,0.9086539
854.4312,0.9086539
854.4512,0.9086539
854.4713,0.9086539
854.4913,0.9086539
854.5113,0.9086539
854.5313,0.9086539
854.5513,0.9086539
854.5714,0.9086539
854.5914,0.9086539
854.6114,0.9086539
854.6314,0.9086539
854.6514,0.9086539
854.6714,0.9086539
854.6915,0.9086539
854.7115,0.9086539
854.7315,0.9086539
854.7515,0.9086539
854.7715,0.9086539
854.7916,0.9086539
854.8116,0.9086539
854.8316,0.9086539
854.8516,0.9086539
854.8716,0.9086539
854.8917,0.9086539
854.9117,0.9086539
854.9317,0.9086539
854.9517,0.9086539
854.9717,0.9086539
854.9918,0.9086539
855.0118,0.9086539
855.0318,0.9086539
855.0518,0.9086539
855.0718,0.9086539
855.0919,0.9086539
855.1119,0.9086539
855.1319,0.9086539
855.1519,0.9086539
855.1719,0.9086539
855.192,0.9086539
855.212,0.9086539
855.232,0.9086539
855.252,0.9086539
855.272,0.9086539
855.2921,0.9086539
855.3121,0.9086539
855.3321,0.9086539
855.3521,0.9086539
855.3721,0.9086539
855.3922,0.9086539
855.4122,0.9086539
855.4322,0.9086539
855.4522,0.9086539
855.4722,0.9086539
855.4922,0.9086539
855.5123,0.9086539
855.5323,0.9086539
855.5523,0.9086539
855.5723,0.9086539
855.5923,0.9086539
855.6124,0.9086539
855.6324,0.9086539
855.6524,0.9086539
855.6724,0.9086539
855.6924,0.9086539
855.7125,0.9086539
855.7325,0.9086539
855.7525,0.9086539
855.7725,0.9086539
855.7925,0.9086539
855.8126,0.9086539
855.8326,0.9086539
855.8526,0.9086539
855.8726,0.9086539
855.8926,0.9086539
855.9127,0.9086539
855.9327,0.9086539
855.9527,0.9086539
855.9727,0.9086539
855.9927,0.9086539
856.0128,0.9086539
856.0328,0.9086539
856.0528,0.9086539
856.0728,0.9086539
856.0928,0.9086539
856.1129,0.9086539
856.1329,0.9086539
856.1529,0.9086539
856.1729,0.9086539
856.1929,0.9086539
856.213,0.9086539
856.233,0.9086539
856.253,0.9086539
856.273,0.9086539
856.293,0.9086539
856.313,0.9086539
856.3331,0.9086539
856.3531,0.9086539
856.3731,0.9086539
856.3931,0.9086539
856.4131,0.9086539
856.4332,0.9086539
856.4532,0.9086539
856.4732,0.9086539
856.4932,0.9086539
856.5132,0.9086539
856.5333,0.9086539
856.5533,0.9086539
856.5733,0.9086539
856.5933,0.9086539
856.6133,0.9086539
856.6334,0.9086539
856.6534,0.9086539
856.6734,0.9086539
856.6934,0.9086539
856.7134,0.9086539
856.7335,0.9086539
856.7535,0.9086539
856.7735,0.9086539
856.7935,0.9086539
856.8135,0.9086539
856.8336,0.9086539
856.8536,0.9086539
856.8736,0.9086539
856.8936,0.9086539
856.9136,0.9086539
856.9337,0.9086539
856.9537,0.9086539
856.9737,0.9086539
856.9937,0.9086539
857.0137,0.9086539
857.0338,0.9086539
857.0538,0.9086539
857.0738,0.9086539
857.0938,0.9086539
857.1138,0.9086539
857.1339,0.9086539
857.1539,0.9086539
857.1739,0.9086539
857.1939,0.9086539
857.2139,0.9086539
857.2339,0.9086539
857.254,0.9086539
857.274,0.9086539
857.294,0.9086539
857.314,0.9086539
857.334,0.9086539
857.3541,0.9086539
857.3741,0.9086539
857.3941,0.9086539
857.4141,0.9086539
857.4341,0.9086539
857.4542,0.9086539
857.4742,0.9086539
857.4942,0.9086539
857.5142,0.9086539
857.5342,0.9086539
857.5543,0.9086539
857.5743,0.9086539
857.5943,0.9086539
857.6143,0.9086539
857.6343,0.9086539
857.6544,0.9086539
857.6744,0.9086539
857.6944,0.9086539
857.7144,0.9086539
857.7344,0.9086539
857.7545,0.9086539
857.7745,0.9086539
857.7945,0.9086539
857.8145,0.9086539
857.8345,0.9086539
857.8546,0.9086539
857.8746,0.9086539
857.8946,0.9086539
857.9146,0.9086539
857.9346,0.9086539
857.9547,0.9086539
857.9747,0.9086539
857.9947,0.9086539
858.0147,0.9086539
858.0347,0.9086539
858.0547,0.9086539
858.0748,0.9086539
858.0948,0.9086539
858.1148,0.9086539
858.1348,0.9086539
858.1548,0.9086539
858.1749,0.9086539
858.1949,0.9086539
858.2149,0.9086539
858.2349,0.9086539
858.2549,0.9086539
858.275,0.9086539
858.295,0.9086539
858.315,0.9086539
858.335,0.9086539
858.355,0.9086539
858.3751,0.9086539
858.3951,0.9086539
858.4151,0.9086539
858.4351,0.9086539
858.4551,0.9086539
858.4752,0.9086539
858.4952,0.9086539
858.5152,0.9086539
858.5352,0.9086539
858.5552,0.9086539
858.5753,0.9086539
858.5953,0.9086539
858.6153,0.9086539
858.6353,0.9086539
858.6553,0.9086539
858.6754,0.9086539
858.6954,0.9086539
858.7154,0.9086539
858.7354,0.9086539
858.7554,0.9086539
858.7755,0.9086539
858.7955,0.9086539
858.8155,0.9086539
858.8355,0.9086539
858.8555,0.9086539
858.8755,0.9086539
858.8956,0.9086539
858.9156,0.9086539
858.9356,0.9086539
858.9556,0.9086539
858.9756,0.9086539
858.9957,0.9086539
859.0157,0.9086539
859.0357,0.9086539
859.0557,0.9086539
859.0757,0.9086539
859.0958,0.9086539
859.1158,0.9086539
859.1358,0.9086539
859.1558,0.9086539
859.1758,0.9086539
859.1959,0.9086539
859.2159,0.9086539
859.2359,0.9086539
859.2559,0.9086539
859.2759,0.9086539
859.296,0.9086539
859.316,0.9086539
859.336,0.9086539
859.356,0.9086539
859.376,0.9086539
859.3961,0.9086539
859.4161,0.9086539
859.4361,0.9086539
859.4561,0.9086539
859.4761,0.9086539
859.4962,0.9086539
859.5162,0.9086539
859.5362,0.9086539
859.5562,0.9086539
859.5762,0.9086539
859.5963,0.9086539
859.6163,0.9086539
859.6363,0.9086539
859.6563,0.9086539
859.6763,0.9086539
859.6964,0.9086539
859.7164,0.9086539
859.7364,0.9086539
859.7564,0.9086539
859.7764,0.9086539
859.7964,0.9086539
859.8165,0.9086539
859.8365,0.9086539
859.8565,0.9086539
859.8765,0.9086539
859.8965,0.9086539
859.9166,0.9086539
859.9366,0.9086539
859.9566,0.9086539
859.9766,0.9086539
859.9966,0.9086539
860.0167,0.9086539
860.0367,0.9086539
860.0567,0.9086539
860.0767,0.9086539
860.0967,0.9086539
860.1168,0.9086539
860.1368,0.9086539
860.1568,0.9086539
860.1768,0.9086539
860.1968,0.9086539
860.2169,0.9086539
860.2369,0.9086539
860.2569,0.9086539
860.2769,0.9086539
860.2969,0.9086539
860.317,0.9086539
860.337,0.9086539
860.357,0.9086539
860.377,0.9086539
860.397,0.9086539
860.4171,0.9086539
860.4371,0.9086539
860.4571,0.9086539
860.4771,0.9086539
860.4971,0.9086539
860.5172,0.9086539
860.5372,0.9086539
860.5572,0.9086539
860.5772,0.9086539
860.5972,0.9086539
860.6172,0.9086539
860.6373,0.9086539
860.6573,0.9086539
860.6773,0.9086539
860.6973,0.9086539
860.7173,0.9086539
860.7374,0.9086539
860.7574,0.9086539
860.7774,0.9086539
860.7974,0.9086539
860.8174,0.9086539
860.8375,0.9086539
860.8575,0.9086539
860.8775,0.9086539
860.8975,0.9086539
860.9175,0.9086539
860.9376,0.9086539
860.9576,0.9086539
860.9776,0.9086539
860.9976,0.9086539
861.0176,0.9086539
861.0377,0.9086539
861.0577,0.9086539
861.0777,0.9086539
861.0977,0.9086539
861.1177,0.9086539
861.1378,0.9086539
861.1578,0.9086539
861.1778,0.9086539
861.1978,0.9086539
861.2178,0.9086539
861.2379,0.9086539
861.2579,0.9086539
861.2779,0.9086539
861.2979,0.9086539
861.3179,0.9086539
861.338,0.9086539
861.358,0.9086539
861.378,0.9086539
861.398,0.9086539
861.418,0.9086539
861.438,0.9086539
861.4581,0.9086539
861.4781,0.9086539
861.4981,0.9086539
861.5181,0.9086539
861.5381,0.9086539
861.5582,0.9086539
861.5782,0.9086539
861.5982,0.9086539
861.6182,0.9086539
861.6382,0.9086539
861.6583,0.9086539
861.6783,0.9086539
861.6983,0.9086539
861.7183,0.9086539
861.7383,0.9086539
861.7584,0.9086539
861.7784,0.9086539
861.7984,0.9086539
861.8184,0.9086539
861.8384,0.9086539
861.8585,0.9086539
861.8785,0.9086539
861.8985,0.9086539
861.9185,0.9086539
861.9385,0.9086539
861.9586,0.9086539
861.9786,0.9086539
861.9986,0.9086539
862.0186,0.9086539
862.0386,0.9086539
862.0587,0.9086539
862.0787,0.9086539
862.0987,0.9086539
862.1187,0.9086539
862.1387,0.9086539
862.1588,0.9086539
862.1788,0.9086539
862.1988,0.9086539
862.2188,0.9086539
862.2388,0.9086539
862.2589,0.9086539
862.2789,0.9086539
862.2989,0.9086539
862.3189,0.9086539
862.3389,0.9086539
862.3589,0.9086539
862.379,0.9086539
862.399,0.9086539
862.419,0.9086539
862.439,0.9086539
862.459,0.9086539
862.4791,0.9086539
862.4991,0.9086539
862.5191,0.9086539
862.5391,0.9086539
862.5591,0.9086539
862.5792,0.9086539
862.5992,0.9086539
862.6192,0.9086539
862.6392,0.9086539
862.6592,0.9086539
862.6793,0.9086539
862.6993,0.9086539
862.7193,0.9086539
862.7393,0.9086539
862.7593,0.9086539
862.7794,0.9086539
862.7994,0.9086539
862.8194,0.9086539
862.8394,0.9086539
862.8594,0.9086539
862.8795,0.9086539
862.8995,0.9086539
862.9195,0.9086539
862.9395,0.9086539
862.9595,0.9086539
862.9796,0.9086539
862.9996,0.9086539
863.0196,0.9086539
863.0396,0.9086539
863.0596,0.9086539
863.0797,0.9086539
863.0997,0.9086539
863.1197,0.9086539
863.1397,0.9086539
863.1597,0.9086539
863.1797,0.9086539
863.1998,0.9086539
863.2198,0.9086539
863.2398,0.9086539
863.2598,0.9086539
863.2798,0.9086539
863.2999,0.9086539
863.3199,0.9086539
863.3399,0.9086539
863.3599,0.9086539
863.3799,0.9086539
863.4,0.9086539
863.42,0.9086539
863.44,0.9086539
863.46,0.9086539
863.48,0.9086539
863.5001,0.9086539
863.5201,0.9086539
863.5401,0.9086539
863.5601,0.9086539
863.5801,0.9086539
863.6002,0.9086539
863.6202,0.9086539
863.6402,0.9086539
863.6602,0.9086539
863.6802,0.9086539
863.7003,0.9086539
863.7203,0.9086539
863.7403,0.9086539
863.7603,0.9086539
863.7803,0.9086539
863.8004,0.9086539
863.8204,0.9086539
863.8404,0.9086539
863.8604,0.9086539
863.8804,0.9086539
863.9005,0.9086539
863.9205,0.9086539
863.9405,0.9086539
863.9605,0.9086539
863.9805,0.9086539
864.0005,0.9086539
864.0206,0.9086539
864.0406,0.9086539
864.0606,0.9086539
864.0806,0.9086539
864.1006,0.9086539
864.1207,0.9086539
864.1407,0.9086539
864.1607,0.9086539
864.1807,0.9086539
864.2007,0.9086539
864.2208,0.9086539
864.2408,0.9086539
864.2608,0.9086539
864.2808,0.9086539
864.3008,0.9086539
864.3209,0.9086539
864.3409,0.9086539
864.3609,0.9086539
864.3809,0.9086539
864.4009,0.9086539
864.421,0.9086539
864.441,0.9086539
864.461,0.9086539
864.481,0.9086539
864.501,0.9086539
864.5211,0.9086539
864.5411,0.9086539
864.5611,0.9086539
864.5811,0.9086539
864.6011,0.9086539
864.6212,0.9086539
864.6412,0.9086539
864.6612,0.9086539
864.6812,0.9086539
864.7012,0.9086539
864.7213,0.9086539
864.7413,0.9086539
864.7613,0.9086539
864.7813,0.9086539
864.8013,0.9086539
864.8214,0.9086539
864.8414,0.9086539
864.8614,0.9086539
864.8814,0.9086539
864.9014,0.9086539
864.9214,0.9086539
864.9415,0.9086539
864.9615,0.9086539
864.9815,0.9086539
865.0015,0.9086539
865.0215,0.9086539
865.0416,0.9086539
865.0616,0.9086539
865.0816,0.9086539
865.1016,0.9086539
865.1216,0.9086539
865.1417,0.9086539
865.1617,0.9086539
865.1817,0.9086539
865.2017,0.9086539
865.2217,0.9086539
865.2418,0.9086539
865.2618,0.9086539
865.2818,0.9086539
865.3018,0.9086539
865.3218,0.9086539
865.3419,0.9086539
865.3619,0.9086539
865.3819,0.9086539
865.4019,0.9086539
865.4219,0.9086539
865.442,0.9086539
865.462,0.9086539
865.482,0.9086539
865.502,0.9086539
865.522,0.9086539
865.5421,0.9086539
865.5621,0.9086539
865.5821,0.9086539
865.6021,0.9086539
865.6221,0.9086539
865.6422,0.9086539
865.6622,0.9086539
865.6822,0.9086539
865.7022,0.9086539
865.7222,0.9086539
865.7422,0.9086539
865.7623,0.9086539
865.7823,0.9086539
865.8023,0.9086539
865.8223,0.9086539
865.8423,0.9086539
865.8624,0.9086539
865.8824,0.9086539
865.9024,0.9086539
865.9224,0.9086539
865.9424,0.9086539
865.9625,0.9086539
865.9825,0.9086539
866.0025,0.9086539
866.0225,0.9086539
866.0425,0.9086539
866.0626,0.9086539
866.0826,0.9086539
866.1026,0.9086539
866.1226,0.9086539
866.1426,0.9086539
866.1627,0.9086539
866.1827,0.9086539
866.2027,0.9086539
866.2227,0.9086539
866.2427,0.9086539
866.2628,0.9086539
866.2828,0.9086539
866.3028,0.9086539
866.3228,0.9086539
866.3428,0.9086539
866.3629,0.9086539
866.3829,0.9086539
866.4029,0.9086539
866.4229,0.9086539
866.4429,0.9086539
866.463,0.9086539
866.483,0.9086539
866.503,0.9086539
866.523,0.9086539
866.543,0.9086539
866.563,0.9086539
866.5831,0.9086539
866.6031,0.9086539
866.6231,0.9086539
866.6431,0.9086539
866.6631,0.9086539
866.6832,0.9086539
866.7032,0.9086539
866.7232,0.9086539
866.7432,0.9086539
866.7632,0.9086539
866.7833,0.9086539
866.8033,0.9086539
866.8233,0.9086539
866.8433,0.9086539
866.8633,0.9086539
866.8834,0.9086539
866.9034,0.9086539
866.9234,0.9086539
866.9434,0.9086539
866.9634,0.9086539
866.9835,0.9086539
867.0035,0.9086539
867.0235,0.9086539
867.0435,0.9086539
867.0635,0.9086539
867.0836,0.9086539
867.1036,0.9086539
867.1236,0.9086539
867.1436,0.9086539
867.1636,0.9086539
867.1837,0.9086539
867.2037,0.9086539
867.2237,0.9086539
867.2437,0.9086539
867.2637,0.9086539
867.2838,0.9086539
867.3038,0.9086539
867.3238,0.9086539
867.3438,0.9086539
867.3638,0.9086539
867.3839,0.9086539
867.4039,0.9086539
867.4239,0.9086539
867.4439,0.9086539
867.4639,0.9086539
867.4839,0.9086539
867.504,0.9086539
867.524,0.9086539
867.544,0.9086539
867.564,0.9086539
867.584,0.9086539
867.6041,0.9086539
867.6241,0.9086539
867.6441,0.9086539
867.6641,0.9086539
867.6841,0.9086539
867.7042,0.9086539
867.7242,0.9086539
867.7442,0.9086539
867.7642,0.9086539
867.7842,0.9086539
867.8043,0.9086539
867.8243,0.9086539
867.8443,0.9086539
867.8643,0.9086539
867.8843,0.9086539
867.9044,0.9086539
867.9244,0.9086539
867.9444,0.9086539
867.9644,0.9086539
867.9844,0.9086539
868.0045,0.9086539
868.0245,0.9086539
868.0445,0.9086539
868.0645,0.9086539
868.0845,0.9086539
868.1046,0.9086539
868.1246,0.9086539
868.1446,0.9086539
868.1646,0.9086539
868.1846,0.9086539
868.2047,0.9086539
868.2247,0.9086539
868.2447,0.9086539
868.2647,0.9086539
868.2847,0.9086539
868.3047,0.9086539
868.3248,0.9086539
868.3448,0.9086539
868.3648,0.9086539
868.3848,0.9086539
868.4048,0.9086539
868.4249,0.9086539
868.4449,0.9086539
868.4649,0.9086539
868.4849,0.9086539
868.5049,0.9086539
868.525,0.9086539
868.545,0.9086539
868.565,0.9086539
868.585,0.9086539
868.605,0.9086539
868.6251,0.9086539
868.6451,0.9086539
868.6651,0.9086539
868.6851,0.9086539
868.7051,0.9086539
868.7252,0.9086539
868.7452,0.9086539
868.7652,0.9086539
868.7852,0.9086539
868.8052,0.9086539
868.8253,0.9086539
868.8453,0.9086539
868.8653,0.9086539
868.8853,0.9086539
868.9053,0.9086539
868.9254,0.9086539
868.9454,0.9086539
868.9654,0.9086539
868.9854,0.9086539
869.0054,0.9086539
869.0255,0.9086539
869.0455,0.9086539
869.0655,0.9086539
869.0855,0.9086539
869.1055,0.9086539
869.1255,0.9086539
869.1456,0.9086539
869.1656,0.9086539
869.1856,0.9086539
869.2056,0.9086539
869.2256,0.9086539
869.2457,0.9086539
869.2657,0.9086539
869.2857,0.9086539
869.3057,0.9086539
869.3257,0.9086539
869.3458,0.9086539
869.3658,0.9086539
869.3858,0.9086539
869.4058,0.9086539
869.4258,0.9086539
869.4459,0.9086539
869.4659,0.9086539
869.4859,0.9086539
869.5059,0.9086539
869.5259,0.9086539
869.546,0.9086539
869.566,0.9086539
869.586,0.9086539
869.606,0.9086539
869.626,0.9086539
869.6461,0.9086539
869.6661,0.9086539
869.6861,0.9086539
869.7061,0.9086539
869.7261,0.9086539
869.7462,0.9086539
869.7662,0.9086539
869.7862,0.9086539
869.8062,0.9086539
869.8262,0.9086539
869.8463,0.9086539
869.8663,0.9086539
869.8863,0.9086539
869.9063,0.9086539
869.9263,0.9086539
869.9464,0.9086539
869.9664,0.9086539
869.9864,0.9086539
870.0064,0.9086539
870.0264,0.9086539
870.0464,0.9086539
870.0665,0.9086539
870.0865,0.9086539
870.1065,0.9086539
870.1265,0.9086539
870.1465,0.9086539
870.1666,0.9086539
870.1866,0.9086539
870.2066,0.9086539
870.2266,0.9086539
870.2466,0.9086539
870.2667,0.9086539
870.2867,0.9086539
870.3067,0.9086539
870.3267,0.9086539
870.3467,0.9086539
870.3668,0.9086539
870.3868,0.9086539
870.4068,0.9086539
870.4268,0.9086539
870.4468,0.9086539
870.4669,0.9086539
870.4869,0.9086539
870.5069,0.9086539
870.5269,0.9086539
870.5469,0.9086539
870.567,0.9086539
870.587,0.9086539
870.607,0.9086539
870.627,0.9086539
870.647,0.9086539
870.6671,0.9086539
870.6871,0.9086539
870.7071,0.9086539
870.7271,0.9086539
870.7471,0.9086539
870.7672,0.9086539
870.7872,0.9086539
870.8072,0.9086539
870.8272,0.9086539
870.8472,0.9086539
870.8672,0.9086539
870.8873,0.9086539
870.9073,0.9086539
870.9273,0.9086539
870.9473,0.9086539
870.9673,0.9086539
870.9874,0.9086539
871.0074,0.9086539
871.0274,0.9086539
871.0474,0.9086539
871.0674,0.9086539
871.0875,0.9086539
871.1075,0.9086539
871.1275,0.9086539
871.1475,0.9086539
871.1675,0.9086539
871.1876,0.9086539
871.2076,0.9086539
871.2276,0.9086539
871.2476,0.9086539
871.2676,0.9086539
871.2877,0.9086539
871.3077,0.9086539
871.3277,0.9086539
871.3477,0.9086539
871.3677,0.9086539
871.3878,0.9086539
871.4078,0.9086539
871.4278,0.9086539
871.4478,0.9086539
871.4678,0.9086539
871.4879,0.9086539
871.5079,0.9086539
871.5279,0.9086539
871.5479,0.9086539
871.5679,0.9086539
871.588,0.9086539
871.608,0.9086539
871.628,0.9086539
871.648,0.9086539
871.668,0.9086539
871.688,0.9086539
871.7081,0.9086539
871.7281,0.9086539
871.7481,0.9086539
871.7681,0.9086539
871.7881,0.9086539
871.8082,0.9086539
871.8282,0.9086539
871.8482,0.9086539
871.8682,0.9086539
871.8882,0.9086539
871.9083,0.9086539
871.9283,0.9086539
871.9483,0.9086539
871.9683,0.9086539
871.9883,0.9086539
872.0084,0.9086539
872.0284,0.9086539
872.0484,0.9086539
872.0684,0.9086539
872.0884,0.9086539
872.1085,0.9086539
872.1285,0.9086539
872.1485,0.9086539
872.1685,0.9086539
872.1885,0.9086539
872.2086,0.9086539
872.2286,0.9086539
872.2486,0.9086539
872.2686,0.9086539
872.2886,0.9086539
872.3087,0.9086539
872.3287,0.9086539
872.3487,0.9086539
872.3687,0.9086539
872.3887,0.9086539
872.4088,0.9086539
872.4288,0.9086539
872.4488,0.9086539
872.4688,0.9086539
872.4888,0.9086539
872.5089,0.9086539
872.5289,0.9086539
872.5489,0.9086539
872.5689,0.9086539
872.5889,0.9086539
872.6089,0.9086539
872.629,0.9086539
872.649,0.9086539
872.669,0.9086539
872.689,0.9086539
872.709,0.9086539
872.7291,0.9086539
872.7491,0.9086539
872.7691,0.9086539
872.7891,0.9086539
872.8091,0.9086539
872.8292,0.9086539
872.8492,0.9086539
872.8692,0.9086539
872.8892,0.9086539
872.9092,0.9086539
872.9293,0.9086539
872.9493,0.9086539
872.9693,0.9086539
872.9893,0.9086539
873.0093,0.9086539
873.0294,0.9086539
873.0494,0.9086539
873.0694,0.9086539
873.0894,0.9086539
873.1094,0.9086539
873.1295,0.9086539
873.1495,0.9086539
873.1695,0.9086539
873.1895,0.9086539
873.2095,0.9086539
873.2296,0.9086539
873.2496,0.9086539
873.2696,0.9086539
873.2896,0.9086539
873.3096,0.9086539
873.3297,0.9086539
873.3497,0.9086539
873.3697,0.9086539
873.3897,0.9086539
873.4097,0.9086539
873.4297,0.9086539
873.4498,0.9086539
873.4698,0.9086539
873.4898,0.9086539
873.5098,0.9086539
873.5298,0.9086539
873.5499,0.9086539
873.5699,0.9086539
873.5899,0.9086539
873.6099,0.9086539
873.6299,0.9086539
873.65,0.9086539
873.67,0.9086539
873.69,0.9086539
873.71,0.9086539
873.73,0.9086539
873.7501,0.9086539
873.7701,0.9086539
873.7901,0.9086539
873.8101,0.9086539
873.8301,0.9086539
873.8502,0.9086539
873.8702,0.9086539
873.8902,0.9086539
873.9102,0.9086539
873.9302,0.9086539
873.9503,0.9086539
873.9703,0.9086539
873.9903,0.9086539
874.0103,0.9086539
874.0303,0.9086539
874.0504,0.9086539
874.0704,0.9086539
874.0904,0.9086539
874.1104,0.9086539
874.1304,0.9086539
874.1505,0.9086539
874.1705,0.9086539
874.1905,0.9086539
874.2105,0.9086539
874.2305,0.9086539
874.2505,0.9086539
874.2706,0.9086539
874.2906,0.9086539
874.3106,0.9086539
874.3306,0.9086539
874.3506,0.9086539
874.3707,0.9086539
874.3907,0.9086539
874.4107,0.9086539
874.4307,0.9086539
874.4507,0.9086539
874.4708,0.9086539
874.4908,0.9086539
874.5108,0.9086539
874.5308,0.9086539
874.5508,0.9086539
874.5709,0.9086539
874.5909,0.9086539
874.6109,0.9086539
874.6309,0.9086539
874.6509,0.9086539
874.671,0.9086539
874.691,0.9086539
874.711,0.9086539
874.731,0.9086539
874.751,0.9086539
874.7711,0.9086539
874.7911,0.9086539
874.8111,0.9086539
874.8311,0.9086539
874.8511,0.9086539
874.8712,0.9086539
874.8912,0.9086539
874.9112,0.9086539
874.9312,0.9086539
874.9512,0.9086539
874.9713,0.9086539
874.9913,0.9086539
875.0113,0.9086539
875.0313,0.9086539
875.0513,0.9086539
875.0714,0.9086539
875.0914,0.9086539
875.1114,0.9086539
875.1314,0.9086539
875.1514,0.9086539
875.1714,0.9086539
875.1915,0.9086539
875.2115,0.9086539
875.2315,0.9086539
875.2515,0.9086539
875.2715,0.9086539
875.2916,0.9086539
875.3116,0.9086539
875.3316,0.9086539
875.3516,0.9086539
875.3716,0.9086539
875.3917,0.9086539
875.4117,0.9086539
875.4317,0.9086539
875.4517,0.9086539
875.4717,0.9086539
875.4918,0.9086539
875.5118,0.9086539
875.5318,0.9086539
875.5518,0.9086539
875.5718,0.9086539
875.5919,0.9086539
875.6119,0.9086539
875.6319,0.9086539
875.6519,0.9086539
875.6719,0.9086539
875.692,0.9086539
875.712,0.9086539
875.732,0.9086539
875.752,0.9086539
875.772,0.9086539
875.7921,0.9086539
875.8121,0.9086539
875.8321,0.9086539
875.8521,0.9086539
875.8721,0.9086539
875.8922,0.9086539
875.9122,0.9086539
875.9322,0.9086539
875.9522,0.9086539
875.9722,0.9086539
875.9922,0.9086539
876.0123,0.9086539
876.0323,0.9086539
876.0523,0.9086539
876.0723,0.9086539
876.0923,0.9086539
876.1124,0.9086539
876.1324,0.9086539
876.1524,0.9086539
876.1724,0.9086539
876.1924,0.9086539
876.2125,0.9086539
876.2325,0.9086539
876.2525,0.9086539
876.2725,0.9086539
876.2925,0.9086539
876.3126,0.9086539
876.3326,0.9086539
876.3526,0.9086539
876.3726,0.9086539
876.3926,0.9086539
876.4127,0.9086539
876.4327,0.9086539
876.4527,0.9086539
876.4727,0.9086539
876.4927,0.9086539
876.5128,0.9086539
876.5328,0.9086539
876.5528,0.9086539
876.5728,0.9086539
876.5928,0.9086539
876.6129,0.9086539
876.6329,0.9086539
876.6529,0.9086539
876.6729,0.9086539
876.6929,0.9086539
876.713,0.9086539
876.733,0.9086539
876.753,0.9086539
876.773,0.9086539
876.793,0.9086539
876.813,0.9086539
876.8331,0.9086539
876.8531,0.9086539
876.8731,0.9086539
876.8931,0.9086539
876.9131,0.9086539
876.9332,0.9086539
876.9532,0.9086539
876.9732,0.9086539
876.9932,0.9086539
877.0132,0.9086539
877.0333,0.9086539
877.0533,0.9086539
877.0733,0.9086539
877.0933,0.9086539
877.1133,0.9086539
877.1334,0.9086539
877.1534,0.9086539
877.1734,0.9086539
877.1934,0.9086539
877.2134,0.9086539
877.2335,0.9086539
877.2535,0.9086539
877.2735,0.9086539
877.2935,0.9086539
877.3135,0.9086539
877.3336,0.9086539
877.3536,0.9086539
877.3736,0.9086539
877.3936,0.9086539
877.4136,0.9086539
877.4337,0.9086539
877.4537,0.9086539
877.4737,0.9086539
877.4937,0.9086539
877.5137,0.9086539
877.5338,0.9086539
877.5538,0.9086539
877.5738,0.9086539
877.5938,0.9086539
877.6138,0.9086539
877.6339,0.9086539
877.6539,0.9086539
877.6739,0.9086539
877.6939,0.9086539
877.7139,0.9086539
877.7339,0.9086539
877.754,0.9086539
877.774,0.9086539
877.794,0.9086539
877.814,0.9086539
877.834,0.9086539
877.8541,0.9086539
877.8741,0.9086539
877.8941,0.9086539
877.9141,0.9086539
877.9341,0.9086539
877.9542,0.9086539
877.9742,0.9086539
877.9942,0.9086539
878.0142,0.9086539
878.0342,0.9086539
878.0543,0.9086539
878.0743,0.9086539
878.0943,0.9086539
878.1143,0.9086539
878.1343,0.9086539
878.1544,0.9086539
878.1744,0.9086539
878.1944,0.9086539
878.2144,0.9086539
878.2344,0.9086539
878.2545,0.9086539
878.2745,0.9086539
878.2945,0.9086539
878.3145,0.9086539
878.3345,0.9086539
878.3546,0.9086539
878.3746,0.9086539
878.3946,0.9086539
878.4146,0.9086539
878.4346,0.9086539
878.4547,0.9086539
878.4747,0.9086539
878.4947,0.9086539
878.5147,0.9086539
878.5347,0.9086539
878.5547,0.9086539
878.5748,0.9086539
878.5948,0.9086539
878.6148,0.9086539
878.6348,0.9086539
878.6548,0.9086539
878.6749,0.9086539
878.6949,0.9086539
878.7149,0.9086539
878.7349,0.9086539
878.7549,0.9086539
878.775,0.9086539
878.795,0.9086539
878.815,0.9086539
878.835,0.9086539
878.855,0.9086539
878.8751,0.9086539
878.8951,0.9086539
878.9151,0.9086539
878.9351,0.9086539
878.9551,0.9086539
878.9752,0.9086539
878.9952,0.9086539
879.0152,0.9086539
879.0352,0.9086539
879.0552,0.9086539
879.0753,0.9086539
879.0953,0.9086539
879.1153,0.9086539
879.1353,0.9086539
879.1553,0.9086539
879.1754,0.9086539
879.1954,0.9086539
879.2154,0.9086539
879.2354,0.9086539
879.2554,0.9086539
879.2755,0.9086539
879.2955,0.9086539
879.3155,0.9086539
879.3355,0.9086539
879.3555,0.9086539
879.3755,0.9086539
879.3956,0.9086539
879.4156,0.9086539
879.4356,0.9086539
879.4556,0.9086539
879.4756,0.9086539
879.4957,0.9086539
879.5157,0.9086539
879.5357,0.9086539
879.5557,0.9086539
879.5757,0.9086539
879.5958,0.9086539
879.6158,0.9086539
879.6358,0.9086539
879.6558,0.9086539
879.6758,0.9086539
879.6959,0.9086539
879.7159,0.9086539
879.7359,0.9086539
879.7559,0.9086539
879.7759,0.9086539
879.796,0.9086539
879.816,0.9086539
879.836,0.9086539
879.856,0.9086539
879.876,0.9086539
879.8961,0.9086539
879.9161,0.9086539
879.9361,0.9086539
879.9561,0.9086539
879.9761,0.9086539
879.9962,0.9086539
880.0162,0.9086539
880.0362,0.9086539
880.0562,0.9086539
880.0762,0.9086539
880.0963,0.9086539
880.1163,0.9086539
880.1363,0.9086539
880.1563,0.9086539
880.1763,0.9086539
880.1964,0.9086539
880.2164,0.9086539
880.2364,0.9086539
880.2564,0.9086539
880.2764,0.9086539
880.2964,0.9086539
880.3165,0.9086539
880.3365,0.9086539
880.3565,0.9086539
880.3765,0.9086539
880.3965,0.9086539
880.4166,0.9086539
880.4366,0.9086539
880.4566,0.9086539
880.4766,0.9086539
880.4966,0.9086539
880.5167,0.9086539
880.5367,0.9086539
880.5567,0.9086539
880.5767,0.9086539
880.5967,0.9086539
880.6168,0.9086539
880.6368,0.9086539
880.6568,0.9086539
880.6768,0.9086539
880.6968,0.9086539
880.7169,0.9086539
880.7369,0.9086539
880.7569,0.9086539
880.7769,0.9086539
880.7969,0.9086539
880.817,0.9086539
880.837,0.9086539
880.857,0.9086539
880.877,0.9086539
880.897,0.9086539
880.9171,0.9086539
880.9371,0.9086539
880.9571,0.9086539
880.9771,0.9086539
880.9971,0.9086539
881.0172,0.9086539
881.0372,0.9086539
881.0572,0.9086539
881.0772,0.9086539
881.0972,0.9086539
881.1172,0.9086539
881.1373,0.9086539
881.1573,0.9086539
881.1773,0.9086539
881.1973,0.9086539
881.2173,0.9086539
881.2374,0.9086539
881.2574,0.9086539
881.2774,0.9086539
881.2974,0.9086539
881.3174,0.9086539
881.3375,0.9086539
881.3575,0.9086539
881.3775,0.9086539
881.3975,0.9086539
881.4175,0.9086539
881.4376,0.9086539
881.4576,0.9086539
881.4776,0.9086539
881.4976,0.9086539
881.5176,0.9086539
881.5377,0.9086539
881.5577,0.9086539
881.5777,0.9086539
881.5977,0.9086539
881.6177,0.9086539
881.6378,0.9086539
881.6578,0.9086539
881.6778,0.9086539
881.6978,0.9086539
881.7178,0.9086539
881.7379,0.9086539
881.7579,0.9086539
881.7779,0.9086539
881.7979,0.9086539
881.8179,0.9086539
881.838,0.9086539
881.858,0.9086539
881.878,0.9086539
881.898,0.9086539
881.918,0.9086539
881.938,0.9086539
881.9581,0.9086539
881.9781,0.9086539
881.9981,0.9086539
882.0181,0.9086539
882.0381,0.9086539
882.0582,0.9086539
882.0782,0.9086539
882.0982,0.9086539
882.1182,0.9086539
882.1382,0.9086539
882.1583,0.9086539
882.1783,0.9086539
882.1983,0.9086539
882.2183,0.9086539
882.2383,0.9086539
882.2584,0.9086539
882.2784,0.9086539
882.2984,0.9086539
882.3184,0.9086539
882.3384,0.9086539
882.3585,0.9086539
882.3785,0.9086539
882.3985,0.9086539
882.4185,0.9086539
882.4385,0.9086539
882.4586,0.9086539
882.4786,0.9086539
882.4986,0.9086539
882.5186,0.9086539
882.5386,0.9086539
882.5587,0.9086539
882.5787,0.9086539
882.5987,0.9086539
882.6187,0.9086539
882.6387,0.9086539
882.6588,0.9086539
882.6788,0.9086539
882.6988,0.9086539
882.7188,0.9086539
882.7388,0.9086539
882.7589,0.9086539
882.7789,0.9086539
882.7989,0.9086539
882.8189,0.9086539
882.8389,0.9086539
882.8589,0.9086539
882.879,0.9086539
882.899,0.9086539
882.919,0.9086539
882.939,0.9086539
882.959,0.9086539
882.9791,0.9086539
882.9991,0.9086539
883.0191,0.9086539
883.0391,0.9086539
883.0591,0.9086539
883.0792,0.9086539
883.0992,0.9086539
883.1192,0.9086539
883.1392,0.9086539
883.1592,0.9086539
883.1793,0.9086539
883.1993,0.9086539
883.2193,0.9086539
883.2393,0.9086539
883.2593,0.9086539
883.2794,0.9086539
883.2994,0.9086539
883.3194,0.9086539
883.3394,0.9086539
883.3594,0.9086539
883.3795,0.9086539
883.3995,0.9086539
883.4195,0.9086539
883.4395,0.9086539
883.4595,0.9086539
883.4796,0.9086539
883.4996,0.9086539
883.5196,0.9086539
883.5396,0.9086539
883.5596,0.9086539
883.5797,0.9086539
883.5997,0.9086539
883.6197,0.9086539
883.6397,0.9086539
883.6597,0.9086539
883.6797,0.9086539
883.6998,0.9086539
883.7198,0.9086539
883.7398,0.9086539
883.7598,0.9086539
883.7798,0.9086539
883.7999,0.9086539
883.8199,0.9086539
883.8399,0.9086539
883.8599,0.9086539
883.8799,0.9086539
883.9,0.9086539
883.92,0.9086539
883.94,0.9086539
883.96,0.9086539
883.98,0.9086539
884.0001,0.9086539
884.0201,0.9086539
884.0401,0.9086539
884.0601,0.9086539
884.0801,0.9086539
884.1002,0.9086539
884.1202,0.9086539
884.1402,0.9086539
884.1602,0.9086539
884.1802,0.9086539
884.2003,0.9086539
884.2203,0.9086539
884.2403,0.9086539
884.2603,0.9086539
884.2803,0.9086539
884.3004,0.9086539
884.3204,0.9086539
884.3404,0.9086539
884.3604,0.9086539
884.3804,0.9086539
884.4005,0.9086539
884.4205,0.9086539
884.4405,0.9086539
884.4605,0.9086539
884.4805,0.9086539
884.5005,0.9086539
884.5206,0.9086539
884.5406,0.9086539
884.5606,0.9086539
884.5806,0.9086539
884.6006,0.9086539
884.6207,0.9086539
884.6407,0.9086539
884.6607,0.9086539
884.6807,0.9086539
884.7007,0.9086539
884.7208,0.9086539
884.7408,0.9086539
884.7608,0.9086539
884.7808,0.9086539
884.8008,0.9086539
884.8209,0.9086539
884.8409,0.9086539
884.8609,0.9086539
884.8809,0.9086539
884.9009,0.9086539
884.921,0.9086539
884.941,0.9086539
884.961,0.9086539
884.981,0.9086539
885.001,0.9086539
885.0211,0.9086539
885.0411,0.9086539
885.0611,0.9086539
885.0811,0.9086539
885.1011,0.9086539
885.1212,0.9086539
885.1412,0.9086539
885.1612,0.9086539
885.1812,0.9086539
885.2012,0.9086539
885.2213,0.9086539
885.2413,0.9086539
885.2613,0.9086539
885.2813,0.9086539
885.3013,0.9086539
885.3214,0.9086539
885.3414,0.9086539
885.3614,0.9086539
885.3814,0.9086539
885.4014,0.9086539
885.4214,0.9086539
885.4415,0.9086539
885.4615,0.9086539
885.4815,0.9086539
885.5015,0.9086539
885.5215,0.9086539
885.5416,0.9086539
885.5616,0.9086539
885.5816,0.9086539
885.6016,0.9086539
885.6216,0.9086539
885.6417,0.9086539
885.6617,0.9086539
885.6817,0.9086539
885.7017,0.9086539
885.7217,0.9086539
885.7418,0.9086539
885.7618,0.9086539
885.7818,0.9086539
885.8018,0.9086539
885.8218,0.9086539
885.8419,0.9086539
885.8619,0.9086539
885.8819,0.9086539
885.9019,0.9086539
885.9219,0.9086539
885.942,0.9086539
885.962,0.9086539
885.982,0.9086539
886.002,0.9086539
886.022,0.9086539
886.0421,0.9086539
886.0621,0.9086539
886.0821,0.9086539
886.1021,0.9086539
886.1221,0.9086539
886.1422,0.9086539
886.1622,0.9086539
886.1822,0.9086539
886.2022,0.9086539
886.2222,0.9086539
886.2422,0.9086539
886.2623,0.9086539
886.2823,0.9086539
886.3023,0.9086539
886.3223,0.9086539
886.3423,0.9086539
886.3624,0.9086539
886.3824,0.9086539
886.4024,0.9086539
886.4224,0.9086539
886.4424,0.9086539
886.4625,0.9086539
886.4825,0.9086539
886.5025,0.9086539
886.5225,0.9086539
886.5425,0.9086539
886.5626,0.9086539
886.5826,0.9086539
886.6026,0.9086539
886.6226,0.9086539
886.6426,0.9086539
886.6627,0.9086539
886.6827,0.9086539
886.7027,0.9086539
886.7227,0.9086539
886.7427,0.9086539
886.7628,0.9086539
886.7828,0.9086539
886.8028,0.9086539
886.8228,0.9086539
886.8428,0.9086539
886.8629,0.9086539
886.8829,0.9086539
886.9029,0.9086539
886.9229,0.9086539
886.9429,0.9086539
886.963,0.9086539
886.983,0.9086539
887.003,0.9086539
887.023,0.9086539
887.043,0.9086539
887.063,0.9086539
887.0831,0.9086539
887.1031,0.9086539
887.1231,0.9086539
887.1431,0.9086539
887.1631,0.9086539
887.1832,0.9086539
887.2032,0.9086539
887.2232,0.9086539
887.2432,0.9086539
887.2632,0.9086539
887.2833,0.9086539
887.3033,0.9086539
887.3233,0.9086539
887.3433,0.9086539
887.3633,0.9086539
887.3834,0.9086539
887.4034,0.9086539
887.4234,0.9086539
887.4434,0.9086539
887.4634,0.9086539
887.4835,0.9086539
887.5035,0.9086539
887.5235,0.9086539
887.5435,0.9086539
887.5635,0.9086539
887.5836,0.9086539
887.6036,0.9086539
887.6236,0.9086539
887.6436,0.9086539
887.6636,0.9086539
887.6837,0.9086539
887.7037,0.9086539
887.7237,0.9086539
887.7437,0.9086539
887.7637,0.9086539
887.7838,0.9086539
887.8038,0.9086539
887.8238,0.9086539
887.8438,0.9086539
887.8638,0.9086539
887.8839,0.9086539
887.9039,0.9086539
887.9239,0.9086539
887.9439,0.9086539
887.9639,0.9086539
887.9839,0.9086539
888.004,0.9086539
888.024,0.9086539
888.044,0.9086539
888.064,0.9086539
888.084,0.9086539
888.1041,0.9086539
888.1241,0.9086539
888.1441,0.9086539
888.1641,0.9086539
888.1841,0.9086539
888.2042,0.9086539
888.2242,0.9086539
888.2442,0.9086539
888.2642,0.9086539
888.2842,0.9086539
888.3043,0.9086539
888.3243,0.9086539
888.3443,0.9086539
888.3643,0.9086539
888.3843,0.9086539
888.4044,0.9086539
888.4244,0.9086539
888.4444,0.9086539
888.4644,0.9086539
888.4844,0.9086539
888.5045,0.9086539
888.5245,0.9086539
888.5445,0.9086539
888.5645,0.9086539
888.5845,0.9086539
888.6046,0.9086539
888.6246,0.9086539
888.6446,0.9086539
888.6646,0.9086539
888.6846,0.9086539
888.7047,0.9086539
888.7247,0.9086539
888.7447,0.9086539
888.7647,0.9086539
888.7847,0.9086539
888.8047,0.9086539
888.8248,0.9086539
888.8448,0.9086539
888.8648,0.9086539
888.8848,0.9086539
888.9048,0.9086539
888.9249,0.9086539
888.9449,0.9086539
888.9649,0.9086539
888.9849,0.9086539
889.0049,0.9086539
889.025,0.9086539
889.045,0.9086539
889.065,0.9086539
889.085,0.9086539
889.105,0.9086539
889.1251,0.9086539
889.1451,0.9086539
889.1651,0.9086539
889.1851,0.9086539
889.2051,0.9086539
889.2252,0.9086539
889.2452,0.9086539
889.2652,0.9086539
889.2852,0.9086539
889.3052,0.9086539
889.3253,0.9086539
889.3453,0.9086539
889.3653,0.9086539
889.3853,0.9086539
889.4053,0.9086539
889.4254,0.9086539
889.4454,0.9086539
889.4654,0.9086539
889.4854,0.9086539
889.5054,0.9086539
889.5255,0.9086539
889.5455,0.9086539
889.5655,0.9086539
889.5855,0.9086539
889.6055,0.9086539
889.6255,0.9086539
889.6456,0.9086539
889.6656,0.9086539
889.6856,0.9086539
889.7056,0.9086539
889.7256,0.9086539
889.7457,0.9086539
889.7657,0.9086539
889.7857,0.9086539
889.8057,0.9086539
889.8257,0.9086539
889.8458,0.9086539
889.8658,0.9086539
889.8858,0.9086539
889.9058,0.9086539
889.9258,0.9086539
889.9459,0.9086539
889.9659,0.9086539
889.9859,0.9086539
890.0059,0.9086539
890.0259,0.9086539
890.046,0.9086539
890.066,0.9086539
890.086,0.9086539
890.106,0.9086539
890.126,0.9086539
890.1461,0.9086539
890.1661,0.9086539
890.1861,0.9086539
890.2061,0.9086539
890.2261,0.9086539
890.2462,0.9086539
890.2662,0.9086539
890.2862,0.9086539
890.3062,0.9086539
890.3262,0.9086539
890.3463,0.9086539
890.3663,0.9086539
890.3863,0.9086539
890.4063,0.9086539
890.4263,0.9086539
890.4464,0.9086539
890.4664,0.9086539
890.4864,0.9086539
890.5064,0.9086539
890.5264,0.9086539
890.5464,0.9086539
890.5665,0.9086539
890.5865,0.9086539
890.6065,0.9086539
890.6265,0.9086539
890.6465,0.9086539
890.6666,0.9086539
890.6866,0.9086539
890.7066,0.9086539
890.7266,0.9086539
890.7466,0.9086539
890.7667,0.9086539
890.7867,0.9086539
890.8067,0.9086539
890.8267,0.9086539
890.8467,0.9086539
890.8668,0.9086539
890.8868,0.9086539
890.9068,0.9086539
890.9268,0.9086539
890.9468,0.9086539
890.9669,0.9086539
890.9869,0.9086539
891.0069,0.9086539
891.0269,0.9086539
891.0469,0.9086539
891.067,0.9086539
891.087,0.9086539
891.107,0.9086539
891.127,0.9086539
891.147,0.9086539
891.1671,0.9086539
891.1871,0.9086539
891.2071,0.9086539
891.2271,0.9086539
891.2471,0.9086539
891.2672,0.9086539
891.2872,0.9086539
891.3072,0.9086539
891.3272,0.9086539
891.3472,0.9086539
891.3672,0.9086539
891.3873,0.9086539
891.4073,0.9086539
891.4273,0.9086539
891.4473,0.9086539
891.4673,0.9086539
891.4874,0.9086539
891.5074,0.9086539
891.5274,0.9086539
891.5474,0.9086539
891.5674,0.9086539
891.5875,0.9086539
891.6075,0.9086539
891.6275,0.9086539
891.6475,0.9086539
891.6675,0.9086539
891.6876,0.9086539
891.7076,0.9086539
891.7276,0.9086539
891.7476,0.9086539
891.7676,0.9086539
891.7877,0.9086539
891.8077,0.9086539
891.8277,0.9086539
891.8477,0.9086539
891.8677,0.9086539
891.8878,0.9086539
891.9078,0.9086539
891.9278,0.9086539
891.9478,0.9086539
891.9678,0.9086539
891.9879,0.9086539
892.0079,0.9086539
892.0279,0.9086539
892.0479,0.9086539
892.0679,0.9086539
892.088,0.9086539
892.108,0.9086539
892.128,0.9086539
892.148,0.9086539
892.168,0.9086539
892.188,0.9086539
892.2081,0.9086539
892.2281,0.9086539
892.2481,0.9086539
892.2681,0.9086539
892.2881,0.9086539
892.3082,0.9086539
892.3282,0.9086539
892.3482,0.9086539
892.3682,0.9086539
892.3882,0.9086539
892.4083,0.9086539
892.4283,0.9086539
892.4483,0.9086539
892.4683,0.9086539
892.4883,0.9086539
892.5084,0.9086539
892.5284,0.9086539
892.5484,0.9086539
892.5684,0.9086539
892.5884,0.9086539
892.6085,0.9086539
892.6285,0.9086539
892.6485,0.9086539
892.6685,0.9086539
892.6885,0.9086539
892.7086,0.9086539
892.7286,0.9086539
892.7486,0.9086539
892.7686,0.9086539
892.7886,0.9086539
892.8087,0.9086539
892.8287,0.9086539
892.8487,0.9086539
892.8687,0.9086539
892.8887,0.9086539
892.9088,0.9086539
892.9288,0.9086539
892.9488,0.9086539
892.9688,0.9086539
892.9888,0.9086539
893.0089,0.9086539
893.0289,0.9086539
893.0489,0.9086539
893.0689,0.9086539
893.0889,0.9086539
893.1089,0.9086539
893.129,0.9086539
893.149,0.9086539
893.169,0.9086539
893.189,0.9086539
893.209,0.9086539
893.2291,0.9086539
893.2491,0.9086539
893.2691,0.9086539
893.2891,0.9086539
893.3091,0.9086539
893.3292,0.9086539
893.3492,0.9086539
893.3692,0.9086539
893.3892,0.9086539
893.4092,0.9086539
893.4293,0.9086539
893.4493,0.9086539
893.4693,0.9086539
893.4893,0.9086539
893.5093,0.9086539
893.5294,0.9086539
893.5494,0.9086539
893.5694,0.9086539
893.5894,0.9086539
893.6094,0.9086539
893.6295,0.9086539
893.6495,0.9086539
893.6695,0.9086539
893.6895,0.9086539
893.7095,0.9086539
893.7296,0.9086539
893.7496,0.9086539
893.7696,0.9086539
893.7896,0.9086539
893.8096,0.9086539
893.8297,0.9086539
893.8497,0.9086539
893.8697,0.9086539
893.8897,0.9086539
893.9097,0.9086539
893.9297,0.9086539
893.9498,0.9086539
893.9698,0.9086539
893.9898,0.9086539
894.0098,0.9086539
894.0298,0.9086539
894.0499,0.9086539
894.0699,0.9086539
894.0899,0.9086539
894.1099,0.9086539
894.1299,0.9086539
894.15,0.9086539
894.17,0.9086539
894.19,0.9086539
894.21,0.9086539
894.23,0.9086539
894.2501,0.9086539
894.2701,0.9086539
894.2901,0.9086539
894.3101,0.9086539
894.3301,0.9086539
894.3502,0.9086539
894.3702,0.9086539
894.3902,0.9086539
894.4102,0.9086539
894.4302,0.9086539
894.4503,0.9086539
894.4703,0.9086539
894.4903,0.9086539
894.5103,0.9086539
894.5303,0.9086539
894.5504,0.9086539
894.5704,0.9086539
894.5904,0.9086539
894.6104,0.9086539
894.6304,0.9086539
894.6505,0.9086539
894.6705,0.9086539
894.6905,0.9086539
894.7105,0.9086539
894.7305,0.9086539
894.7505,0.9086539
894.7706,0.9086539
894.7906,0.9086539
894.8106,0.9086539
894.8306,0.9086539
894.8506,0.9086539
894.8707,0.9086539
894.8907,0.9086539
894.9107,0.9086539
894.9307,0.9086539
894.9507,0.9086539
894.9708,0.9086539
894.9908,0.9086539
895.0108,0.9086539
895.0308,0.9086539
895.0508,0.9086539
895.0709,0.9086539
895.0909,0.9086539
895.1109,0.9086539
895.1309,0.9086539
895.1509,0.9086539
895.171,0.9086539
895.191,0.9086539
895.211,0.9086539
895.231,0.9086539
895.251,0.9086539
895.2711,0.9086539
895.2911,0.9086539
895.3111,0.9086539
895.3311,0.9086539
895.3511,0.9086539
895.3712,0.9086539
895.3912,0.9086539
895.4112,0.9086539
895.4312,0.9086539
895.4512,0.9086539
895.4713,0.9086539
895.4913,0.9086539
895.5113,0.9086539
895.5313,0.9086539
895.5513,0.9086539
895.5714,0.9086539
895.5914,0.9086539
895.6114,0.9086539
895.6314,0.9086539
895.6514,0.9086539
895.6714,0.9086539
895.6915,0.9086539
895.7115,0.9086539
895.7315,0.9086539
895.7515,0.9086539
895.7715,0.9086539
895.7916,0.9086539
895.8116,0.9086539
895.8316,0.9086539
895.8516,0.9086539
895.8716,0.9086539
895.8917,0.9086539
895.9117,0.9086539
895.9317,0.9086539
895.9517,0.9086539
895.9717,0.9086539
895.9918,0.9086539
896.0118,0.9086539
896.0318,0.9086539
896.0518,0.9086539
896.0718,0.9086539
896.0919,0.9086539
896.1119,0.9086539
896.1319,0.9086539
896.1519,0.9086539
896.1719,0.9086539
896.192,0.9086539
896.212,0.9086539
896.232,0.9086539
896.252,0.9086539
896.272,0.9086539
896.2921,0.9086539
896.3121,0.9086539
896.3321,0.9086539
896.3521,0.9086539
896.3721,0.9086539
896.3922,0.9086539
896.4122,0.9086539
896.4322,0.9086539
896.4522,0.9086539
896.4722,0.9086539
896.4922,0.9086539
896.5123,0.9086539
896.5323,0.9086539
896.5523,0.9086539
896.5723,0.9086539
896.5923,0.9086539
896.6124,0.9086539
896.6324,0.9086539
896.6524,0.9086539
896.6724,0.9086539
896.6924,0.9086539
896.7125,0.9086539
896.7325,0.9086539
896.7525,0.9086539
896.7725,0.9086539
896.7925,0.9086539
896.8126,0.9086539
896.8326,0.9086539
896.8526,0.9086539
896.8726,0.9086539
896.8926,0.9086539
896.9127,0.9086539
896.9327,0.9086539
896.9527,0.9086539
896.9727,0.9086539
896.9927,0.9086539
897.0128,0.9086539
897.0328,0.9086539
897.0528,0.9086539
897.0728,0.9086539
897.0928,0.9086539
897.1129,0.9086539
897.1329,0.9086539
897.1529,0.9086539
897.1729,0.9086539
897.1929,0.9086539
897.213,0.9086539
897.233,0.9086539
897.253,0.9086539
897.273,0.9086539
897.293,0.9086539
897.313,0.9086539
897.3331,0.9086539
897.3531,0.9086539
897.3731,0.9086539
897.3931,0.9086539
897.4131,0.9086539
897.4332,0.9086539
897.4532,0.9086539
897.4732,0.9086539
897.4932,0.9086539
897.5132,0.9086539
897.5333,0.9086539
897.5533,0.9086539
897.5733,0.9086539
897.5933,0.9086539
897.6133,0.9086539
897.6334,0.9086539
897.6534,0.9086539
897.6734,0.9086539
897.6934,0.9086539
897.7134,0.9086539
897.7335,0.9086539
897.7535,0.9086539
897.7735,0.9086539
897.7935,0.9086539
897.8135,0.9086539
897.8336,0.9086539
897.8536,0.9086539
897.8736,0.9086539
897.8936,0.9086539
897.9136,0.9086539
897.9337,0.9086539
897.9537,0.9086539
897.9737,0.9086539
897.9937,0.9086539
898.0137,0.9086539
898.0338,0.9086539
898.0538,0.9086539
898.0738,0.9086539
898.0938,0.9086539
898.1138,0.9086539
898.1339,0.9086539
898.1539,0.9086539
898.1739,0.9086539
898.1939,0.9086539
898.2139,0.9086539
898.2339,0.9086539
898.254,0.9086539
898.274,0.9086539
898.294,0.9086539
898.314,0.9086539
898.334,0.9086539
898.3541,0.9086539
898.3741,0.9086539
898.3941,0.9086539
898.4141,0.9086539
898.4341,0.9086539
898.4542,0.9086539
898.4742,0.9086539
898.4942,0.9086539
898.5142,0.9086539
898.5342,0.9086539
898.5543,0.9086539
898.5743,0.9086539
898.5943,0.9086539
898.6143,0.9086539
898.6343,0.9086539
898.6544,0.9086539
898.6744,0.9086539
898.6944,0.9086539
898.7144,0.9086539
898.7344,0.9086539
898.7545,0.9086539
898.7745,0.9086539
898.7945,0.9086539
898.8145,0.9086539
898.8345,0.9086539
898.8546,0.9086539
898.8746,0.9086539
898.8946,0.9086539
898.9146,0.9086539
898.9346,0.9086539
898.9547,0.9086539
898.9747,0.9086539
898.9947,0.9086539
899.0147,0.9086539
899.0347,0.9086539
899.0547,0.9086539
899.0748,0.9086539
899.0948,0.9086539
899.1148,0.9086539
899.1348,0.9086539
899.1548,0.9086539
899.1749,0.9086539
899.1949,0.9086539
899.2149,0.9086539
899.2349,0.9086539
899.2549,0.9086539
899.275,0.9086539
899.295,0.9086539
899.315,0.9086539
899.335,0.9086539
899.355,0.9086539
899.3751,0.9086539
899.3951,0.9086539
899.4151,0.9086539
899.4351,0.9086539
899.4551,0.9086539
899.4752,0.9086539
899.4952,0.9086539
899.5152,0.9086539
899.5352,0.9086539
899.5552,0.9086539
899.5753,0.9086539
899.5953,0.9086539
899.6153,0.9086539
899.6353,0.9086539
899.6553,0.9086539
899.6754,0.9086539
899.6954,0.9086539
899.7154,0.9086539
899.7354,0.9086539
899.7554,0.9086539
899.7755,0.9086539
899.7955,0.9086539
899.8155,0.9086539
899.8355,0.9086539
899.8555,0.9086539
899.8755,0.9086539
899.8956,0.9086539
899.9156,0.9086539
899.9356,0.9086539
899.9556,0.9086539
899.9756,0.9086539
899.9957,0.9086539
900.0157,0.9086539
900.0357,0.9086539
900.0557,0.9086539
900.0757,0.9086539
900.0958,0.9086539
900.1158,0.9086539
900.1358,0.9086539
900.1558,0.9086539
900.1758,0.9086539
900.1959,0.9086539
900.2159,0.9086539
900.2359,0.9086539
900.2559,0.9086539
900.2759,0.9086539
900.296,0.9086539
900.316,0.9086539
900.336,0.9086539
900.356,0.9086539
900.376,0.9086539
900.3961,0.9086539
900.4161,0.9086539
900.4361,0.9086539
900.4561,0.9086539
900.4761,0.9086539
900.4962,0.9086539
900.5162,0.9086539
900.5362,0.9086539
900.5562,0.9086539
900.5762,0.9086539
900.5963,0.9086539
900.6163,0.9086539
900.6363,0.9086539
900.6563,0.9086539
900.6763,0.9086539
900.6964,0.9086539
900.7164,0.9086539
900.7364,0.9086539
900.7564,0.9086539
900.7764,0.9086539
900.7964,0.9086539
900.8165,0.9086539
900.8365,0.9086539
900.8565,0.9086539
900.8765,0.9086539
900.8965,0.9086539
900.9166,0.9086539
900.9366,0.9086539
900.9566,0.9086539
900.9766,0.9086539
900.9966,0.9086539
901.0167,0.9086539
901.0367,0.9086539
901.0567,0.9086539
901.0767,0.9086539
901.0967,0.9086539
901.1168,0.9086539
901.1368,0.9086539
901.1568,0.9086539
901.1768,0.9086539
901.1968,0.9086539
901.2169,0.9086539
901.2369,0.9086539
901.2569,0.9086539
901.2769,0.9086539
901.2969,0.9086539
901.317,0.9086539
901.337,0.9086539
901.357,0.9086539
901.377,0.9086539
901.397,0.9086539
901.4171,0.9086539
901.4371,0.9086539
901.4571,0.9086539
901.4771,0.9086539
901.4971,0.9086539
901.5172,0.9086539
901.5372,0.9086539
901.5572,0.9086539
901.5772,0.9086539
901.5972,0.9086539
901.6172,0.9086539
901.6373,0.9086539
901.6573,0.9086539
901.6773,0.9086539
901.6973,0.9086539
901.7173,0.9086539
901.7374,0.9086539
901.7574,0.9086539
901.7774,0.9086539
901.7974,0.9086539
901.8174,0.9086539
901.8375,0.9086539
901.8575,0.9086539
901.8775,0.9086539
901.8975,0.9086539
901.9175,0.9086539
901.9376,0.9086539
901.9576,0.9086539
901.9776,0.9086539
901.9976,0.9086539
902.0176,0.9086539
902.0377,0.9086539
902.0577,0.9086539
902.0777,0.9086539
902.0977,0.9086539
902.1177,0.9086539
902.1378,0.9086539
902.1578,0.9086539
902.1778,0.9086539
902.1978,0.9086539
902.2178,0.9086539
902.2379,0.9086539
902.2579,0.9086539
902.2779,0.9086539
902.2979,0.9086539
902.3179,0.9086539
902.338,0.9086539
902.358,0.9086539
902.378,0.9086539
902.398,0.9086539
902.418,0.9086539
902.438,0.9086539
902.4581,0.9086539
902.4781,0.9086539
902.4981,0.9086539
902.5181,0.9086539
902.5381,0.9086539
902.5582,0.9086539
902.5782,0.9086539
902.5982,0.9086539
902.6182,0.9086539
902.6382,0.9086539
902.6583,0.9086539
902.6783,0.9086539
902.6983,0.9086539
902.7183,0.9086539
902.7383,0.9086539
902.7584,0.9086539
902.7784,0.9086539
902.7984,0.9086539
902.8184,0.9086539
902.8384,0.9086539
902.8585,0.9086539
902.8785,0.9086539
902.8985,0.9086539
902.9185,0.9086539
902.9385,0.9086539
902.9586,0.9086539
902.9786,0.9086539
902.9986,0.9086539
903.0186,0.9086539
903.0386,0.9086539
903.0587,0.9086539
903.0787,0.9086539
903.0987,0.9086539
903.1187,0.9086539
903.1387,0.9086539
903.1588,0.9086539
903.1788,0.9086539
903.1988,0.9086539
903.2188,0.9086539
903.2388,0.9086539
903.2589,0.9086539
903.2789,0.9086539
903.2989,0.9086539
903.3189,0.9086539
903.3389,0.9086539
903.3589,0.9086539
903.379,0.9086539
903.399,0.9086539
903.419,0.9086539
903.439,0.9086539
903.459,0.9086539
903.4791,0.9086539
903.4991,0.9086539
903.5191,0.9086539
903.5391,0.9086539
903.5591,0.9086539
903.5792,0.9086539
903.5992,0.9086539
903.6192,0.9086539
903.6392,0.9086539
903.6592,0.9086539
903.6793,0.9086539
903.6993,0.9086539
903.7193,0.9086539
903.7393,0.9086539
903.7593,0.9086539
903.7794,0.9086539
903.7994,0.9086539
903.8194,0.9086539
903.8394,0.9086539
903.8594,0.9086539
903.8795,0.9086539
903.8995,0.9086539
903.9195,0.9086539
903.9395,0.9086539
903.9595,0.9086539
903.9796,0.9086539
903.9996,0.9086539
904.0196,0.9086539
904.0396,0.9086539
904.0596,0.9086539
904.0797,0.9086539
904.0997,0.9086539
904.1197,0.9086539
904.1397,0.9086539
904.1597,0.9086539
904.1797,0.9086539
904.1998,0.9086539
904.2198,0.9086539
904.2398,0.9086539
904.2598,0.9086539
904.2798,0.9086539
904.2999,0.9086539
904.3199,0.9086539
904.3399,0.9086539
904.3599,0.9086539
904.3799,0.9086539
904.4,0.9086539
904.42,0.9086539
904.44,0.9086539
904.46,0.9086539
904.48,0.9086539
904.5001,0.9086539
904.5201,0.9086539
904.5401,0.9086539
904.5601,0.9086539
904.5801,0.9086539
904.6002,0.9086539
904.6202,0.9086539
904.6402,0.9086539
904.6602,0.9086539
904.6802,0.9086539
904.7003,0.9086539
904.7203,0.9086539
904.7403,0.9086539
904.7603,0.9086539
904.7803,0.9086539
904.8004,0.9086539
904.8204,0.9086539
904.8404,0.9086539
904.8604,0.9086539
904.8804,0.9086539
904.9005,0.9086539
904.9205,0.9086539
904.9405,0.9086539
904.9605,0.9086539
904.9805,0.9086539
905.0005,0.9086539
905.0206,0.9086539
905.0406,0.9086539
905.0606,0.9086539
905.0806,0.9086539
905.1006,0.9086539
905.1207,0.9086539
905.1407,0.9086539
905.1607,0.9086539
905.1807,0.9086539
905.2007,0.9086539
905.2208,0.9086539
905.2408,0.9086539
905.2608,0.9086539
905.2808,0.9086539
905.3008,0.9086539
905.3209,0.9086539
905.3409,0.9086539
905.3609,0.9086539
905.3809,0.9086539
905.4009,0.9086539
905.421,0.9086539
905.441,0.9086539
905.461,0.9086539
905.481,0.9086539
905.501,0.9086539
905.5211,0.9086539
905.5411,0.9086539
905.5611,0.9086539
905.5811,0.9086539
905.6011,0.9086539
905.6212,0.9086539
905.6412,0.9086539
905.6612,0.9086539
905.6812,0.9086539
905.7012,0.9086539
905.7213,0.9086539
905.7413,0.9086539
905.7613,0.9086539
905.7813,0.9086539
905.8013,0.9086539
905.8214,0.9086539
905.8414,0.9086539
905.8614,0.9086539
905.8814,0.9086539
905.9014,0.9086539
905.9214,0.9086539
905.9415,0.9086539
905.9615,0.9086539
905.9815,0.9086539
906.0015,0.9086539
906.0215,0.9086539
906.0416,0.9086539
906.0616,0.9086539
906.0816,0.9086539
906.1016,0.9086539
906.1216,0.9086539
906.1417,0.9086539
906.1617,0.9086539
906.1817,0.9086539
906.2017,0.9086539
906.2217,0.9086539
906.2418,0.9086539
906.2618,0.9086539
906.2818,0.9086539
906.3018,0.9086539
906.3218,0.9086539
906.3419,0.9086539
906.3619,0.9086539
906.3819,0.9086539
906.4019,0.9086539
906.4219,0.9086539
906.442,0.9086539
906.462,0.9086539
906.482,0.9086539
906.502,0.9086539
906.522,0.9086539
906.5421,0.9086539
906.5621,0.9086539
906.5821,0.9086539
906.6021,0.9086539
906.6221,0.9086539
906.6422,0.9086539
906.6622,0.9086539
906.6822,0.9086539
906.7022,0.9086539
906.7222,0.9086539
906.7422,0.9086539
906.7623,0.9086539
906.7823,0.9086539
906.8023,0.9086539
906.8223,0.9086539
906.8423,0.9086539
906.8624,0.9086539
906.8824,0.9086539
906.9024,0.9086539
906.9224,0.9086539
906.9424,0.9086539
906.9625,0.9086539
906.9825,0.9086539
907.0025,0.9086539
907.0225,0.9086539
907.0425,0.9086539
907.0626,0.9086539
907.0826,0.9086539
907.1026,0.9086539
907.1226,0.9086539
907.1426,0.9086539
907.1627,0.9086539
907.1827,0.9086539
907.2027,0.9086539
907.2227,0.9086539
907.2427,0.9086539
907.2628,0.9086539
907.2828,0.9086539
907.3028,0.9086539
907.3228,0.9086539
907.3428,0.9086539
907.3629,0.9086539
907.3829,0.9086539
907.4029,0.9086539
907.4229,0.9086539
907.4429,0.9086539
907.463,0.9086539
907.483,0.9086539
907.503,0.9086539
907.523,0.9086539
907.543,0.9086539
907.563,0.9086539
907.5831,0.9086539
907.6031,0.9086539
907.6231,0.9086539
907.6431,0.9086539
907.6631,0.9086539
907.6832,0.9086539
907.7032,0.9086539
907.7232,0.9086539
907.7432,0.9086539
907.7632,0.9086539
907.7833,0.9086539
907.8033,0.9086539
907.8233,0.9086539
907.8433,0.9086539
907.8633,0.9086539
907.8834,0.9086539
907.9034,0.9086539
907.9234,0.9086539
907.9434,0.9086539
907.9634,0.9086539
907.9835,0.9086539
908.0035,0.9086539
908.0235,0.9086539
908.0435,0.9086539
908.0635,0.9086539
908.0836,0.9086539
908.1036,0.9086539
908.1236,0.9086539
908.1436,0.9086539
908.1636,0.9086539
908.1837,0.9086539
908.2037,0.9086539
908.2237,0.9086539
908.2437,0.9086539
908.2637,0.9086539
908.2838,0.9086539
908.3038,0.9086539
908.3238,0.9086539
908.3438,0.9086539
908.3638,0.9086539
908.3839,0.9086539
908.4039,0.9086539
908.4239,0.9086539
908.4439,0.9086539
908.4639,0.9086539
908.4839,0.9086539
908.504,0.9086539
908.524,0.9086539
908.544,0.9086539
908.564,0.9086539
908.584,0.9086539
908.6041,0.9086539
908.6241,0.9086539
908.6441,0.9086539
908.6641,0.9086539
908.6841,0.9086539
908.7042,0.9086539
908.7242,0.9086539
908.7442,0.9086539
908.7642,0.9086539
908.7842,0.9086539
908.8043,0.9086539
908.8243,0.9086539
908.8443,0.9086539
908.8643,0.9086539
908.8843,0.9086539
908.9044,0.9086539
908.9244,0.9086539
908.9444,0.9086539
908.9644,0.9086539
908.9844,0.9086539
909.0045,0.9086539
909.0245,0.9086539
909.0445,0.9086539
909.0645,0.9086539
909.0845,0.9086539
909.1046,0.9086539
909.1246,0.9086539
909.1446,0.9086539
909.1646,0.9086539
909.1846,0.9086539
909.2047,0.9086539
909.2247,0.9086539
909.2447,0.9086539
909.2647,0.9086539
909.2847,0.9086539
909.3047,0.9086539
909.3248,0.9086539
909.3448,0.9086539
909.3648,0.9086539
909.3848,0.9086539
909.4048,0.9086539
909.4249,0.9086539
909.4449,0.9086539
909.4649,0.9086539
909.4849,0.9086539
909.5049,0.9086539
909.525,0.9086539
909.545,0.9086539
909.565,0.9086539
909.585,0.9086539
909.605,0.9086539
909.6251,0.9086539
909.6451,0.9086539
909.6651,0.9086539
909.6851,0.9086539
909.7051,0.9086539
909.7252,0.9086539
909.7452,0.9086539
909.7652,0.9086539
909.7852,0.9086539
909.8052,0.9086539
909.8253,0.9086539
909.8453,0.9086539
909.8653,0.9086539
909.8853,0.9086539
909.9053,0.9086539
909.9254,0.9086539
909.9454,0.9086539
909.9654,0.9086539
909.9854,0.9086539
910.0054,0.9086539
910.0255,0.9086539
910.0455,0.9086539
910.0655,0.9086539
910.0855,0.9086539
910.1055,0.9086539
910.1255,0.9086539
910.1456,0.9086539
910.1656,0.9086539
910.1856,0.9086539
910.2056,0.9086539
910.2256,0.9086539
910.2457,0.9086539
910.2657,0.9086539
910.2857,0.9086539
910.3057,0.9086539
910.3257,0.9086539
910.3458,0.9086539
910.3658,0.9086539
910.3858,0.9086539
910.4058,0.9086539
910.4258,0.9086539
910.4459,0.9086539
910.4659,0.9086539
910.4859,0.9086539
910.5059,0.9086539
910.5259,0.9086539
910.546,0.9086539
910.566,0.9086539
910.586,0.9086539
910.606,0.9086539
910.626,0.9086539
910.6461,0.9086539
910.6661,0.9086539
910.6861,0.9086539
910.7061,0.9086539
910.7261,0.9086539
910.7462,0.9086539
910.7662,0.9086539
910.7862,0.9086539
910.8062,0.9086539
910.8262,0.9086539
910.8463,0.9086539
910.8663,0.9086539
910.8863,0.9086539
910.9063,0.9086539
910.9263,0.9086539
910.9464,0.9086539
910.9664,0.9086539
910.9864,0.9086539
911.0064,0.9086539
911.0264,0.9086539
911.0464,0.9086539
911.0665,0.9086539
911.0865,0.9086539
911.1065,0.9086539
911.1265,0.9086539
911.1465,0.9086539
911.1666,0.9086539
911.1866,0.9086539
911.2066,0.9086539
911.2266,0.9086539
911.2466,0.9086539
911.2667,0.9086539
911.2867,0.9086539
911.3067,0.9086539
911.3267,0.9086539
911.3467,0.9086539
911.3668,0.9086539
911.3868,0.9086539
911.4068,0.9086539
911.4268,0.9086539
911.4468,0.9086539
911.4669,0.9086539
911.4869,0.9086539
911.5069,0.9086539
911.5269,0.9086539
911.5469,0.9086539
911.567,0.9086539
911.587,0.9086539
911.607,0.9086539
911.627,0.9086539
911.647,0.9086539
911.6671,0.9086539
911.6871,0.9086539
911.7071,0.9086539
911.7271,0.9086539
911.7471,0.9086539
911.7672,0.9086539
911.7872,0.9086539
911.8072,0.9086539
911.8272,0.9086539
911.8472,0.9086539
911.8672,0.9086539
911.8873,0.9086539
911.9073,0.9086539
911.9273,0.9086539
911.9473,0.9086539
911.9673,0.9086539
911.9874,0.9086539
912.0074,0.9086539
912.0274,0.9086539
912.0474,0.9086539
912.0674,0.9086539
912.0875,0.9086539
912.1075,0.9086539
912.1275,0.9086539
912.1475,0.9086539
912.1675,0.9086539
912.1876,0.9086539
912.2076,0.9086539
912.2276,0.9086539
912.2476,0.9086539
912.2676,0.9086539
912.2877,0.9086539
912.3077,0.9086539
912.3277,0.9086539
912.3477,0.9086539
912.3677,0.9086539
912.3878,0.9086539
912.4078,0.9086539
912.4278,0.9086539
912.4478,0.9086539
912.4678,0.9086539
912.4879,0.9086539
912.5079,0.9086539
912.5279,0.9086539
912.5479,0.9086539
912.5679,0.9086539
912.588,0.9086539
912.608,0.9086539
912.628,0.9086539
912.648,0.9086539
912.668,0.9086539
912.688,0.9086539
912.7081,0.9086539
912.7281,0.9086539
912.7481,0.9086539
912.7681,0.9086539
912.7881,0.9086539
912.8082,0.9086539
912.8282,0.9086539
912.8482,0.9086539
912.8682,0.9086539
912.8882,0.9086539
912.9083,0.9086539
912.9283,0.9086539
912.9483,0.9086539
912.9683,0.9086539
912.9883,0.9086539
913.0084,0.9086539
913.0284,0.9086539
913.0484,0.9086539
913.0684,0.9086539
913.0884,0.9086539
913.1085,0.9086539
913.1285,0.9086539
913.1485,0.9086539
913.1685,0.9086539
913.1885,0.9086539
913.2086,0.9086539
913.2286,0.9086539
913.2486,0.9086539
913.2686,0.9086539
913.2886,0.9086539
913.3087,0.9086539
913.3287,0.9086539
913.3487,0.9086539
913.3687,0.9086539
913.3887,0.9086539
913.4088,0.9086539
913.4288,0.9086539
913.4488,0.9086539
913.4688,0.9086539
913.4888,0.9086539
913.5089,0.9086539
913.5289,0.9086539
913.5489,0.9086539
913.5689,0.9086539
913.5889,0.9086539
913.6089,0.9086539
913.629,0.9086539
913.649,0.9086539
913.669,0.9086539
913.689,0.9086539
913.709,0.9086539
913.7291,0.9086539
913.7491,0.9086539
913.7691,0.9086539
913.7891,0.9086539
913.8091,0.9086539
913.8292,0.9086539
913.8492,0.9086539
913.8692,0.9086539
913.8892,0.9086539
913.9092,0.9086539
913.9293,0.9086539
913.9493,0.9086539
913.9693,0.9086539
913.9893,0.9086539
914.0093,0.9086539
914.0294,0.9086539
914.0494,0.9086539
914.0694,0.9086539
914.0894,0.9086539
914.1094,0.9086539
914.1295,0.9086539
914.1495,0.9086539
914.1695,0.9086539
914.1895,0.9086539
914.2095,0.9086539
914.2296,0.9086539
914.2496,0.9086539
914.2696,0.9086539
914.2896,0.9086539
914.3096,0.9086539
914.3297,0.9086539
914.3497,0.9086539
914.3697,0.9086539
914.3897,0.9086539
914.4097,0.9086539
914.4297,0.9086539
914.4498,0.9086539
914.4698,0.9086539
914.4898,0.9086539
914.5098,0.9086539
914.5298,0.9086539
914.5499,0.9086539
914.5699,0.9086539
914.5899,0.9086539
914.6099,0.9086539
914.6299,0.9086539
914.65,0.9086539
914.67,0.9086539
914.69,0.9086539
914.71,0.9086539
914.73,0.9086539
914.7501,0.9086539
914.7701,0.9086539
914.7901,0.9086539
914.8101,0.9086539
914.8301,0.9086539
914.8502,0.9086539
914.8702,0.9086539
914.8902,0.9086539
914.9102,0.9086539
914.9302,0.9086539
914.9503,0.9086539
914.9703,0.9086539
914.9903,0.9086539
915.0103,0.9086539
915.0303,0.9086539
915.0504,0.9086539
915.0704,0.9086539
915.0904,0.9086539
915.1104,0.9086539
915.1304,0.9086539
915.1505,0.9086539
915.1705,0.9086539
915.1905,0.9086539
915.2105,0.9086539
915.2305,0.9086539
915.2505,0.9086539
915.2706,0.9086539
915.2906,0.9086539
915.3106,0.9086539
915.3306,0.9086539
915.3506,0.9086539
915.3707,0.9086539
915.3907,0.9086539
915.4107,0.9086539
915.4307,0.9086539
915.4507,0.9086539
915.4708,0.9086539
915.4908,0.9086539
915.5108,0.9086539
915.5308,0.9086539
915.5508,0.9086539
915.5709,0.9086539
915.5909,0.9086539
915.6109,0.9086539
915.6309,0.9086539
915.6509,0.9086539
915.671,0.9086539
915.691,0.9086539
915.711,0.9086539
915.731,0.9086539
915.751,0.9086539
915.7711,0.9086539
915.7911,0.9086539
915.8111,0.9086539
915.8311,0.9086539
915.8511,0.9086539
915.8712,0.9086539
915.8912,0.9086539
915.9112,0.9086539
915.9312,0.9086539
915.9512,0.9086539
915.9713,0.9086539
915.9913,0.9086539
916.0113,0.9086539
916.0313,0.9086539
916.0513,0.9086539
916.0714,0.9086539
916.0914,0.9086539
916.1114,0.9086539
916.1314,0.9086539
916.1514,0.9086539
916.1714,0.9086539
916.1915,0.9086539
916.2115,0.9086539
916.2315,0.9086539
916.2515,0.9086539
916.2715,0.9086539
916.2916,0.9086539
916.3116,0.9086539
916.3316,0.9086539
916.3516,0.9086539
916.3716,0.9086539
916.3917,0.9086539
916.4117,0.9086539
916.4317,0.9086539
916.4517,0.9086539
916.4717,0.9086539
916.4918,0.9086539
916.5118,0.9086539
916.5318,0.9086539
916.5518,0.9086539
916.5718,0.9086539
916.5919,0.9086539
916.6119,0.9086539
916.6319,0.9086539
916.6519,0.9086539
916.6719,0.9086539
916.692,0.9086539
916.712,0.9086539
916.732,0.9086539
916.752,0.9086539
916.772,0.9086539
916.7921,0.9086539
916.8121,0.9086539
916.8321,0.9086539
916.8521,0.9086539
916.8721,0.9086539
916.8922,0.9086539
916.9122,0.9086539
916.9322,0.9086539
916.9522,0.9086539
916.9722,0.9086539
916.9922,0.9086539
917.0123,0.9086539
917.0323,0.9086539
917.0523,0.9086539
917.0723,0.9086539
917.0923,0.9086539
917.1124,0.9086539
917.1324,0.9086539
917.1524,0.9086539
917.1724,0.9086539
917.1924,0.9086539
917.2125,0.9086539
917.2325,0.9086539
917.2525,0.9086539
917.2725,0.9086539
917.2925,0.9086539
917.3126,0.9086539
917.3326,0.9086539
917.3526,0.9086539
917.3726,0.9086539
917.3926,0.9086539
917.4127,0.9086539
917.4327,0.9086539
917.4527,0.9086539
917.4727,0.9086539
917.4927,0.9086539
917.5128,0.9086539
917.5328,0.9086539
917.5528,0.9086539
917.5728,0.9086539
917.5928,0.9086539
917.6129,0.9086539
917.6329,0.9086539
917.6529,0.9086539
917.6729,0.9086539
917.6929,0.9086539
917.713,0.9086539
917.733,0.9086539
917.753,0.9086539
917.773,0.9086539
917.793,0.9086539
917.813,0.9086539
917.8331,0.9086539
917.8531,0.9086539
917.8731,0.9086539
917.8931,0.9086539
917.9131,0.9086539
917.9332,0.9086539
917.9532,0.9086539
917.9732,0.9086539
917.9932,0.9086539
918.0132,0.9086539
918.0333,0.9086539
918.0533,0.9086539
918.0733,0.9086539
918.0933,0.9086539
918.1133,0.9086539
918.1334,0.9086539
918.1534,0.9086539
918.1734,0.9086539
918.1934,0.9086539
918.2134,0.9086539
918.2335,0.9086539
918.2535,0.9086539
918.2735,0.9086539
918.2935,0.9086539
918.3135,0.9086539
918.3336,0.9086539
918.3536,0.9086539
918.3736,0.9086539
918.3936,0.9086539
918.4136,0.9086539
918.4337,0.9086539
918.4537,0.9086539
918.4737,0.9086539
918.4937,0.9086539
918.5137,0.9086539
918.5338,0.9086539
918.5538,0.9086539
918.5738,0.9086539
918.5938,0.9086539
918.6138,0.9086539
918.6339,0.9086539
918.6539,0.9086539
918.6739,0.9086539
918.6939,0.9086539
918.7139,0.9086539
918.7339,0.9086539
918.754,0.9086539
918.774,0.9086539
918.794,0.9086539
918.814,0.9086539
918.834,0.9086539
918.8541,0.9086539
918.8741,0.9086539
918.8941,0.9086539
918.9141,0.9086539
918.9341,0.9086539
918.9542,0.9086539
918.9742,0.9086539
918.9942,0.9086539
919.0142,0.9086539
919.0342,0.9086539
919.0543,0.9086539
919.0743,0.9086539
919.0943,0.9086539
919.1143,0.9086539
919.1343,0.9086539
919.1544,0.9086539
919.1744,0.9086539
919.1944,0.9086539
919.2144,0.9086539
919.2344,0.9086539
919.2545,0.9086539
919.2745,0.9086539
919.2945,0.9086539
919.3145,0.9086539
919.3345,0.9086539
919.3546,0.9086539
919.3746,0.9086539
919.3946,0.9086539
919.4146,0.9086539
919.4346,0.9086539
919.4547,0.9086539
919.4747,0.9086539
919.4947,0.9086539
919.5147,0.9086539
919.5347,0.9086539
919.5547,0.9086539
919.5748,0.9086539
919.5948,0.9086539
919.6148,0.9086539
919.6348,0.9086539
919.6548,0.9086539
919.6749,0.9086539
919.6949,0.9086539
919.7149,0.9086539
919.7349,0.9086539
919.7549,0.9086539
919.775,0.9086539
919.795,0.9086539
919.815,0.9086539
919.835,0.9086539
919.855,0.9086539
919.8751,0.9086539
919.8951,0.9086539
919.9151,0.9086539
919.9351,0.9086539
919.9551,0.9086539
919.9752,0.9086539
919.9952,0.9086539
920.0152,0.9086539
920.0352,0.9086539
920.0552,0.9086539
920.0753,0.9086539
920.0953,0.9086539
920.1153,0.9086539
920.1353,0.9086539
920.1553,0.9086539
920.1754,0.9086539
920.1954,0.9086539
920.2154,0.9086539
920.2354,0.9086539
920.2554,0.9086539
920.2755,0.9086539
920.2955,0.9086539
920.3155,0.9086539
920.3355,0.9086539
920.3555,0.9086539
920.3755,0.9086539
920.3956,0.9086539
920.4156,0.9086539
920.4356,0.9086539
920.4556,0.9086539
920.4756,0.9086539
920.4957,0.9086539
920.5157,0.9086539
920.5357,0.9086539
920.5557,0.9086539
920.5757,0.9086539
920.5958,0.9086539
920.6158,0.9086539
920.6358,0.9086539
920.6558,0.9086539
920.6758,0.9086539
920.6959,0.9086539
920.7159,0.9086539
920.7359,0.9086539
920.7559,0.9086539
920.7759,0.9086539
920.796,0.9086539
920.816,0.9086539
920.836,0.9086539
920.856,0.9086539
920.876,0.9086539
920.8961,0.9086539
920.9161,0.9086539
920.9361,0.9086539
920.9561,0.9086539
920.9761,0.9086539
920.9962,0.9086539
921.0162,0.9086539
921.0362,0.9086539
921.0562,0.9086539
921.0762,0.9086539
921.0963,0.9086539
921.1163,0.9086539
921.1363,0.9086539
921.1563,0.9086539
921.1763,0.9086539
921.1964,0.9086539
921.2164,0.9086539
921.2364,0.9086539
921.2564,0.9086539
921.2764,0.9086539
921.2964,0.9086539
921.3165,0.9086539
921.3365,0.9086539
921.3565,0.9086539
921.3765,0.9086539
921.3965,0.9086539
921.4166,0.9086539
921.4366,0.9086539
921.4566,0.9086539
921.4766,0.9086539
921.4966,0.9086539
921.5167,0.9086539
921.5367,0.9086539
921.5567,0.9086539
921.5767,0.9086539
921.5967,0.9086539
921.6168,0.9086539
921.6368,0.9086539
921.6568,0.9086539
921.6768,0.9086539
921.6968,0.9086539
921.7169,0.9086539
921.7369,0.9086539
921.7569,0.9086539
921.7769,0.9086539
921.7969,0.9086539
921.817,0.9086539
921.837,0.9086539
921.857,0.9086539
921.877,0.9086539
921.897,0.9086539
921.9171,0.9086539
921.9371,0.9086539
921.9571,0.9086539
921.9771,0.9086539
921.9971,0.9086539
922.0172,0.9086539
922.0372,0.9086539
922.0572,0.9086539
922.0772,0.9086539
922.0972,0.9086539
922.1172,0.9086539
922.1373,0.9086539
922.1573,0.9086539
922.1773,0.9086539
922.1973,0.9086539
922.2173,0.9086539
922.2374,0.9086539
922.2574,0.9086539
922.2774,0.9086539
922.2974,0.9086539
922.3174,0.9086539
922.3375,0.9086539
922.3575,0.9086539
922.3775,0.9086539
922.3975,0.9086539
922.4175,0.9086539
922.4376,0.9086539
922.4576,0.9086539
922.4776,0.9086539
922.4976,0.9086539
922.5176,0.9086539
922.5377,0.9086539
922.5577,0.9086539
922.5777,0.9086539
922.5977,0.9086539
922.6177,0.9086539
922.6378,0.9086539
922.6578,0.9086539
922.6778,0.9086539
922.6978,0.9086539
922.7178,0.9086539
922.7379,0.9086539
922.7579,0.9086539
922.7779,0.9086539
922.7979,0.9086539
922.8179,0.9086539
922.838,0.9086539
922.858,0.9086539
922.878,0.9086539
922.898,0.9086539
922.918,0.9086539
922.938,0.9086539
922.9581,0.9086539
922.9781,0.9086539
922.9981,0.9086539
923.0181,0.9086539
923.0381,0.9086539
923.0582,0.9086539
923.0782,0.9086539
923.0982,0.9086539
923.1182,0.9086539
923.1382,0.9086539
923.1583,0.9086539
923.1783,0.9086539
923.1983,0.9086539
923.2183,0.9086539
923.2383,0.9086539
923.2584,0.9086539
923.2784,0.9086539
923.2984,0.9086539
923.3184,0.9086539
923.3384,0.9086539
923.3585,0.9086539
923.3785,0.9086539
923.3985,0.9086539
923.4185,0.9086539
923.4385,0.9086539
923.4586,0.9086539
923.4786,0.9086539
923.4986,0.9086539
923.5186,0.9086539
923.5386,0.9086539
923.5587,0.9086539
923.5787,0.9086539
923.5987,0.9086539
923.6187,0.9086539
923.6387,0.9086539
923.6588,0.9086539
923.6788,0.9086539
923.6988,0.9086539
923.7188,0.9086539
923.7388,0.9086539
923.7589,0.9086539
923.7789,0.9086539
923.7989,0.9086539
923.8189,0.9086539
923.8389,0.9086539
923.8589,0.9086539
923.879,0.9086539
923.899,0.9086539
923.919,0.9086539
923.939,0.9086539
923.959,0.9086539
923.9791,0.9086539
923.9991,0.9086539
924.0191,0.9086539
924.0391,0.9086539
924.0591,0.9086539
924.0792,0.9086539
924.0992,0.9086539
924.1192,0.9086539
924.1392,0.9086539
924.1592,0.9086539
924.1793,0.9086539
924.1993,0.9086539
924.2193,0.9086539
924.2393,0.9086539
924.2593,0.9086539
924.2794,0.9086539
924.2994,0.9086539
924.3194,0.9086539
924.3394,0.9086539
924.3594,0.9086539
924.3795,0.9086539
924.3995,0.9086539
924.4195,0.9086539
924.4395,0.9086539
924.4595,0.9086539
924.4796,0.9086539
924.4996,0.9086539
924.5196,0.9086539
924.5396,0.9086539
924.5596,0.9086539
924.5797,0.9086539
924.5997,0.9086539
924.6197,0.9086539
924.6397,0.9086539
924.6597,0.9086539
924.6797,0.9086539
924.6998,0.9086539
924.7198,0.9086539
924.7398,0.9086539
924.7598,0.9086539
924.7798,0.9086539
924.7999,0.9086539
924.8199,0.9086539
924.8399,0.9086539
924.8599,0.9086539
924.8799,0.9086539
924.9,0.9086539
924.92,0.9086539
924.94,0.9086539
924.96,0.9086539
924.98,0.9086539
925.0001,0.9086539
925.0201,0.9086539
925.0401,0.9086539
925.0601,0.9086539
925.0801,0.9086539
925.1002,0.9086539
925.1202,0.9086539
925.1402,0.9086539
925.1602,0.9086539
925.1802,0.9086539
925.2003,0.9086539
925.2203,0.9086539
925.2403,0.9086539
925.2603,0.9086539
925.2803,0.9086539
925.3004,0.9086539
925.3204,0.9086539
925.3404,0.9086539
925.3604,0.9086539
925.3804,0.9086539
925.4005,0.9086539
925.4205,0.9086539
925.4405,0.9086539
925.4605,0.9086539
925.4805,0.9086539
925.5005,0.9086539
925.5206,0.9086539
925.5406,0.9086539
925.5606,0.9086539
925.5806,0.9086539
925.6006,0.9086539
925.6207,0.9086539
925.6407,0.9086539
925.6607,0.9086539
925.6807,0.9086539
925.7007,0.9086539
925.7208,0.9086539
925.7408,0.9086539
925.7608,0.9086539
925.7808,0.9086539
925.8008,0.9086539
925.8209,0.9086539
925.8409,0.9086539
925.8609,0.9086539
925.8809,0.9086539
925.9009,0.9086539
925.921,0.9086539
925.941,0.9086539
925.961,0.9086539
925.981,0.9086539
926.001,0.9086539
926.0211,0.9086539
926.0411,0.9086539
926.0611,0.9086539
926.0811,0.9086539
926.1011,0.9086539
926.1212,0.9086539
926.1412,0.9086539
926.1612,0.9086539
926.1812,0.9086539
926.2012,0.9086539
926.2213,0.9086539
926.2413,0.9086539
926.2613,0.9086539
926.2813,0.9086539
926.3013,0.9086539
926.3214,0.9086539
926.3414,0.9086539
926.3614,0.9086539
926.3814,0.9086539
926.4014,0.9086539
926.4214,0.9086539
926.4415,0.9086539
926.4615,0.9086539
926.4815,0.9086539
926.5015,0.9086539
926.5215,0.9086539
926.5416,0.9086539
926.5616,0.9086539
926.5816,0.9086539
926.6016,0.9086539
926.6216,0.9086539
926.6417,0.9086539
926.6617,0.9086539
926.6817,0.9086539
926.7017,0.9086539
926.7217,0.9086539
926.7418,0.9086539
926.7618,0.9086539
926.7818,0.9086539
926.8018,0.9086539
926.8218,0.9086539
926.8419,0.9086539
926.8619,0.9086539
926.8819,0.9086539
926.9019,0.9086539
926.9219,0.9086539
926.942,0.9086539
926.962,0.9086539
926.982,0.9086539
927.002,0.9086539
927.022,0.9086539
927.0421,0.9086539
927.0621,0.9086539
927.0821,0.9086539
927.1021,0.9086539
927.1221,0.9086539
927.1422,0.9086539
927.1622,0.9086539
927.1822,0.9086539
927.2022,0.9086539
927.2222,0.9086539
927.2422,0.9086539
927.2623,0.9086539
927.2823,0.9086539
927.3023,0.9086539
927.3223,0.9086539
927.3423,0.9086539
927.3624,0.9086539
927.3824,0.9086539
927.4024,0.9086539
927.4224,0.9086539
927.4424,0.9086539
927.4625,0.9086539
927.4825,0.9086539
927.5025,0.9086539
927.5225,0.9086539
927.5425,0.9086539
927.5626,0.9086539
927.5826,0.9086539
927.6026,0.9086539
927.6226,0.9086539
927.6426,0.9086539
927.6627,0.9086539
927.6827,0.9086539
927.7027,0.9086539
927.7227,0.9086539
927.7427,0.9086539
927.7628,0.9086539
927.7828,0.9086539
927.8028,0.9086539
927.8228,0.9086539
927.8428,0.9086539
927.8629,0.9086539
927.8829,0.9086539
927.9029,0.9086539
927.9229,0.9086539
927.9429,0.9086539
927.963,0.9086539
927.983,0.9086539
928.003,0.9086539
928.023,0.9086539
928.043,0.9086539
928.063,0.9086539
928.0831,0.9086539
928.1031,0.9086539
928.1231,0.9086539
928.1431,0.9086539
928.1631,0.9086539
928.1832,0.9086539
928.2032,0.9086539
928.2232,0.9086539
928.2432,0.9086539
928.2632,0.9086539
928.2833,0.9086539
928.3033,0.9086539
928.3233,0.9086539
928.3433,0.9086539
928.3633,0.9086539
928.3834,0.9086539
928.4034,0.9086539
928.4234,0.9086539
928.4434,0.9086539
928.4634,0.9086539
928.4835,0.9086539
928.5035,0.9086539
928.5235,0.9086539
928.5435,0.9086539
928.5635,0.9086539
928.5836,0.9086539
928.6036,0.9086539
928.6236,0.9086539
928.6436,0.9086539
928.6636,0.9086539
928.6837,0.9086539
928.7037,0.9086539
928.7237,0.9086539
928.7437,0.9086539
928.7637,0.9086539
928.7838,0.9086539
928.8038,0.9086539
928.8238,0.9086539
928.8438,0.9086539
928.8638,0.9086539
928.8839,0.9086539
928.9039,0.9086539
928.9239,0.9086539
928.9439,0.9086539
928.9639,0.9086539
928.9839,0.9086539
929.004,0.9086539
929.024,0.9086539
929.044,0.9086539
929.064,0.9086539
929.084,0.9086539
929.1041,0.9086539
929.1241,0.9086539
929.1441,0.9086539
929.1641,0.9086539
929.1841,0.9086539
929.2042,0.9086539
929.2242,0.9086539
929.2442,0.9086539
929.2642,0.9086539
929.2842,0.9086539
929.3043,0.9086539
929.3243,0.9086539
929.3443,0.9086539
929.3643,0.9086539
929.3843,0.9086539
929.4044,0.9086539
929.4244,0.9086539
929.4444,0.9086539
929.4644,0.9086539
929.4844,0.9086539
929.5045,0.9086539
929.5245,0.9086539
929.5445,0.9086539
929.5645,0.9086539
929.5845,0.9086539
929.6046,0.9086539
929.6246,0.9086539
929.6446,0.9086539
929.6646,0.9086539
929.6846,0.9086539
929.7047,0.9086539
929.7247,0.9086539
929.7447,0.9086539
929.7647,0.9086539
929.7847,0.9086539
929.8047,0.9086539
929.8248,0.9086539
929.8448,0.9086539
929.8648,0.9086539
929.8848,0.9086539
929.9048,0.9086539
929.9249,0.9086539
929.9449,0.9086539
929.9649,0.9086539
929.9849,0.9086539
930.0049,0.9086539
930.025,0.9086539
930.045,0.9086539
930.065,0.9086539
930.085,0.9086539
930.105,0.9086539
930.1251,0.9086539
930.1451,0.9086539
930.1651,0.9086539
930.1851,0.9086539
930.2051,0.9086539
930.2252,0.9086539
930.2452,0.9086539
930.2652,0.9086539
930.2852,0.9086539
930.3052,0.9086539
930.3253,0.9086539
930.3453,0.9086539
930.3653,0.9086539
930.3853,0.9086539
930.4053,0.9086539
930.4254,0.9086539
930.4454,0.9086539
930.4654,0.9086539
930.4854,0.9086539
930.5054,0.9086539
930.5255,0.9086539
930.5455,0.9086539
930.5655,0.9086539
930.5855,0.9086539
930.6055,0.9086539
930.6255,0.9086539
930.6456,0.9086539
930.6656,0.9086539
930.6856,0.9086539
930.7056,0.9086539
930.7256,0.9086539
930.7457,0.9086539
930.7657,0.9086539
930.7857,0.9086539
930.8057,0.9086539
930.8257,0.9086539
930.8458,0.9086539
930.8658,0.9086539
930.8858,0.9086539
930.9058,0.9086539
930.9258,0.9086539
930.9459,0.9086539
930.9659,0.9086539
930.9859,0.9086539
931.0059,0.9086539
931.0259,0.9086539
931.046,0.9086539
931.066,0.9086539
931.086,0.9086539
931.106,0.9086539
931.126,0.9086539
931.1461,0.9086539
931.1661,0.9086539
931.1861,0.9086539
931.2061,0.9086539
931.2261,0.9086539
931.2462,0.9086539
931.2662,0.9086539
931.2862,0.9086539
931.3062,0.9086539
931.3262,0.9086539
931.3463,0.9086539
931.3663,0.9086539
931.3863,0.9086539
931.4063,0.9086539
931.4263,0.9086539
931.4464,0.9086539
931.4664,0.9086539
931.4864,0.9086539
931.5064,0.9086539
931.5264,0.9086539
931.5464,0.9086539
931.5665,0.9086539
931.5865,0.9086539
931.6065,0.9086539
931.6265,0.9086539
931.6465,0.9086539
931.6666,0.9086539
931.6866,0.9086539
931.7066,0.9086539
931.7266,0.9086539
931.7466,0.9086539
931.7667,0.9086539
931.7867,0.9086539
931.8067,0.9086539
931.8267,0.9086539
931.8467,0.9086539
931.8668,0.9086539
931.8868,0.9086539
931.9068,0.9086539
931.9268,0.9086539
931.9468,0.9086539
931.9669,0.9086539
931.9869,0.9086539
932.0069,0.9086539
932.0269,0.9086539
932.0469,0.9086539
932.067,0.9086539
932.087,0.9086539
932.107,0.9086539
932.127,0.9086539
932.147,0.9086539
932.1671,0.9086539
932.1871,0.9086539
932.2071,0.9086539
932.2271,0.9086539
932.2471,0.9086539
932.2672,0.9086539
932.2872,0.9086539
932.3072,0.9086539
932.3272,0.9086539
932.3472,0.9086539
932.3672,0.9086539
932.3873,0.9086539
932.4073,0.9086539
932.4273,0.9086539
932.4473,0.9086539
932.4673,0.9086539
932.4874,0.9086539
932.5074,0.9086539
932.5274,0.9086539
932.5474,0.9086539
932.5674,0.9086539
932.5875,0.9086539
932.6075,0.9086539
932.6275,0.9086539
932.6475,0.9086539
932.6675,0.9086539
932.6876,0.9086539
932.7076,0.9086539
932.7276,0.9086539
932.7476,0.9086539
932.7676,0.9086539
932.7877,0.9086539
932.8077,0.9086539
932.8277,0.9086539
932.8477,0.9086539
932.8677,0.9086539
932.8878,0.9086539
932.9078,0.9086539
932.9278,0.9086539
932.9478,0.9086539
932.9678,0.9086539
932.9879,0.9086539
933.0079,0.9086539
933.0279,0.9086539
933.0479,0.9086539
933.0679,0.9086539
933.088,0.9086539
933.108,0.9086539
933.128,0.9086539
933.148,0.9086539
933.168,0.9086539
933.188,0.9086539
933.2081,0.9086539
933.2281,0.9086539
933.2481,0.9086539
933.2681,0.9086539
933.2881,0.9086539
933.3082,0.9086539
933.3282,0.9086539
933.3482,0.9086539
933.3682,0.9086539
933.3882,0.9086539
933.4083,0.9086539
933.4283,0.9086539
933.4483,0.9086539
933.4683,0.9086539
933.4883,0.9086539
933.5084,0.9086539
933.5284,0.9086539
933.5484,0.9086539
933.5684,0.9086539
933.5884,0.9086539
933.6085,0.9086539
933.6285,0.9086539
933.6485,0.9086539
933.6685,0.9086539
933.6885,0.9086539
933.7086,0.9086539
933.7286,0.9086539
933.7486,0.9086539
933.7686,0.9086539
933.7886,0.9086539
933.8087,0.9086539
933.8287,0.9086539
933.8487,0.9086539
933.8687,0.9086539
933.8887,0.9086539
933.9088,0.9086539
933.9288,0.9086539
933.9488,0.9086539
933.9688,0.9086539
933.9888,0.9086539
934.0089,0.9086539
934.0289,0.9086539
934.0489,0.9086539
934.0689,0.9086539
934.0889,0.9086539
934.1089,0.9086539
934.129,0.9086539
934.149,0.9086539
934.169,0.9086539
934.189,0.9086539
934.209,0.9086539
934.2291,0.9086539
934.2491,0.9086539
934.2691,0.9086539
934.2891,0.9086539
934.3091,0.9086539
934.3292,0.9086539
934.3492,0.9086539
934.3692,0.9086539
934.3892,0.9086539
934.4092,0.9086539
934.4293,0.9086539
934.4493,0.9086539
934.4693,0.9086539
934.4893,0.9086539
934.5093,0.9086539
934.5294,0.9086539
934.5494,0.9086539
934.5694,0.9086539
934.5894,0.9086539
934.6094,0.9086539
934.6295,0.9086539
934.6495,0.9086539
934.6695,0.9086539
934.6895,0.9086539
934.7095,0.9086539
934.7296,0.9086539
934.7496,0.9086539
934.7696,0.9086539
934.7896,0.9086539
934.8096,0.9086539
934.8297,0.9086539
934.8497,0.9086539
934.8697,0.9086539
934.8897,0.9086539
934.9097,0.9086539
934.9297,0.9086539
934.9498,0.9086539
934.9698,0.9086539
934.9898,0.9086539
935.0098,0.9086539
935.0298,0.9086539
935.0499,0.9086539
935.0699,0.9086539
935.0899,0.9086539
935.1099,0.9086539
935.1299,0.9086539
935.15,0.9086539
935.17,0.9086539
935.19,0.9086539
935.21,0.9086539
935.23,0.9086539
935.2501,0.9086539
935.2701,0.9086539
935.2901,0.9086539
935.3101,0.9086539
935.3301,0.9086539
935.3502,0.9086539
935.3702,0.9086539
935.3902,0.9086539
935.4102,0.9086539
935.4302,0.9086539
935.4503,0.9086539
935.4703,0.9086539
935.4903,0.9086539
935.5103,0.9086539
935.5303,0.9086539
935.5504,0.9086539
935.5704,0.9086539
935.5904,0.9086539
935.6104,0.9086539
935.6304,0.9086539
935.6505,0.9086539
935.6705,0.9086539
935.6905,0.9086539
935.7105,0.9086539
935.7305,0.9086539
935.7505,0.9086539
935.7706,0.9086539
935.7906,0.9086539
935.8106,0.9086539
935.8306,0.9086539
935.8506,0.9086539
935.8707,0.9086539
935.8907,0.9086539
935.9107,0.9086539
935.9307,0.9086539
935.9507,0.9086539
935.9708,0.9086539
935.9908,0.9086539
936.0108,0.9086539
936.0308,0.9086539
936.0508,0.9086539
936.0709,0.9086539
936.0909,0.9086539
936.1109,0.9086539
936.1309,0.9086539
936.1509,0.9086539
936.171,0.9086539
936.191,0.9086539
936.211,0.9086539
936.231,0.9086539
936.251,0.9086539
936.2711,0.9086539
936.2911,0.9086539
936.3111,0.9086539
936.3311,0.9086539
936.3511,0.9086539
936.3712,0.9086539
936.3912,0.9086539
936.4112,0.9086539
936.4312,0.9086539
936.4512,0.9086539
936.4713,0.9086539
936.4913,0.9086539
936.5113,0.9086539
936.5313,0.9086539
936.5513,0.9086539
936.5714,0.9086539
936.5914,0.9086539
936.6114,0.9086539
936.6314,0.9086539
936.6514,0.9086539
936.6714,0.9086539
936.6915,0.9086539
936.7115,0.9086539
936.7315,0.9086539
936.7515,0.9086539
936.7715,0.9086539
936.7916,0.9086539
936.8116,0.9086539
936.8316,0.9086539
936.8516,0.9086539
936.8716,0.9086539
936.8917,0.9086539
936.9117,0.9086539
936.9317,0.9086539
936.9517,0.9086539
936.9717,0.9086539
936.9918,0.9086539
937.0118,0.9086539
937.0318,0.9086539
937.0518,0.9086539
937.0718,0.9086539
937.0919,0.9086539
937.1119,0.9086539
937.1319,0.9086539
937.1519,0.9086539
937.1719,0.9086539
937.192,0.9086539
937.212,0.9086539
937.232,0.9086539
937.252,0.9086539
937.272,0.9086539
937.2921,0.9086539
937.3121,0.9086539
937.3321,0.9086539
937.3521,0.9086539
937.3721,0.9086539
937.3922,0.9086539
937.4122,0.9086539
937.4322,0.9086539
937.4522,0.9086539
937.4722,0.9086539
937.4922,0.9086539
937.5123,0.9086539
937.5323,0.9086539
937.5523,0.9086539
937.5723,0.9086539
937.5923,0.9086539
937.6124,0.9086539
937.6324,0.9086539
937.6524,0.9086539
937.6724,0.9086539
937.6924,0.9086539
937.7125,0.9086539
937.7325,0.9086539
937.7525,0.9086539
937.7725,0.9086539
937.7925,0.9086539
937.8126,0.9086539
937.8326,0.9086539
937.8526,0.9086539
937.8726,0.9086539
937.8926,0.9086539
937.9127,0.9086539
937.9327,0.9086539
937.9527,0.9086539
937.9727,0.9086539
937.9927,0.9086539
938.0128,0.9086539
938.0328,0.9086539
938.0528,0.9086539
938.0728,0.9086539
938.0928,0.9086539
938.1129,0.9086539
938.1329,0.9086539
938.1529,0.9086539
938.1729,0.9086539
938.1929,0.9086539
938.213,0.9086539
938.233,0.9086539
938.253,0.9086539
938.273,0.9086539
938.293,0.9086539
938.313,0.9086539
938.3331,0.9086539
938.3531,0.9086539
938.3731,0.9086539
938.3931,0.9086539
938.4131,0.9086539
938.4332,0.9086539
938.4532,0.9086539
938.4732,0.9086539
938.4932,0.9086539
938.5132,0.9086539
938.5333,0.9086539
938.5533,0.9086539
938.5733,0.9086539
938.5933,0.9086539
938.6133,0.9086539
938.6334,0.9086539
938.6534,0.9086539
938.6734,0.9086539
938.6934,0.9086539
938.7134,0.9086539
938.7335,0.9086539
938.7535,0.9086539
938.7735,0.9086539
938.7935,0.9086539
938.8135,0.9086539
938.8336,0.9086539
938.8536,0.9086539
938.8736,0.9086539
938.8936,0.9086539
938.9136,0.9086539
938.9337,0.9086539
938.9537,0.9086539
938.9737,0.9086539
938.9937,0.9086539
939.0137,0.9086539
939.0338,0.9086539
939.0538,0.9086539
939.0738,0.9086539
939.0938,0.9086539
939.1138,0.9086539
939.1339,0.9086539
939.1539,0.9086539
939.1739,0.9086539
939.1939,0.9086539
939.2139,0.9086539
939.2339,0.9086539
939.254,0.9086539
939.274,0.9086539
939.294,0.9086539
939.314,0.9086539
939.334,0.9086539
939.3541,0.9086539
939.3741,0.9086539
939.3941,0.9086539
939.4141,0.9086539
939.4341,0.9086539
939.4542,0.9086539
939.4742,0.9086539
939.4942,0.9086539
939.5142,0.9086539
939.5342,0.9086539
939.5543,0.9086539
939.5743,0.9086539
939.5943,0.9086539
939.6143,0.9086539
939.6343,0.9086539
939.6544,0.9086539
939.6744,0.9086539
939.6944,0.9086539
939.7144,0.9086539
939.7344,0.9086539
939.7545,0.9086539
939.7745,0.9086539
939.7945,0.9086539
939.8145,0.9086539
939.8345,0.9086539
939.8546,0.9086539
939.8746,0.9086539
939.8946,0.9086539
939.9146,0.9086539
939.9346,0.9086539
939.9547,0.9086539
939.9747,0.9086539
939.9947,0.9086539
940.0147,0.9086539
