Elapsed Sec,Evacuation Rate
0.01999999,0
0.03999998,0
0.05999998,0
0.07999997,0
0.09999996,0
0.12,0
0.14,0
0.16,0
0.1799999,0
0.1999999,0
0.2199999,0
0.2399999,0
0.2599999,0
0.2799999,0
0.2999999,0
0.3199999,0
0.3399999,0
0.3599998,0
0.3799998,0
0.3999998,0
0.4199998,0
0.4399998,0
0.4599997,0
0.4799997,0
0.4999997,0
0.5199997,0
0.5399997,0
0.5599996,0
0.5799996,0
0.5999996,0
0.6199996,0
0.6399996,0
0.6599995,0
0.6799995,0
0.6999995,0
0.7199995,0
0.7399995,0
0.7599995,0
0.7799994,0
0.7999994,0
0.8199994,0
0.8399994,0
0.8599994,0
0.8799993,0.2788461
0.8999993,0.2788461
0.9199993,0.2788461
0.9399993,0.2788461
0.9599993,0.2788461
0.9799992,0.2788461
0.9999992,0.2788461
1.019999,0.2788461
1.039999,0.2788461
1.059999,0.2788461
1.079999,0.2788461
1.099999,0.2788461
1.119999,0.2788461
1.139999,0.2788461
1.159999,0.2788461
1.179999,0.2788461
1.199999,0.2788461
1.219999,0.2788461
1.239999,0.2788461
1.259999,0.2788461
1.279999,0.2788461
1.299999,0.2788461
1.319999,0.2788461
1.339999,0.2788461
1.359999,0.2788461
1.379999,0.2788461
1.399999,0.2788461
1.419999,0.2788461
1.439999,0.2788461
1.459999,0.2788461
1.479999,0.2788461
1.499999,0.2788461
1.519999,0.2788461
1.539999,0.2788461
1.559999,0.2788461
1.579999,0.2788461
1.599999,0.2788461
1.619999,0.2788461
1.639999,0.2788461
1.659999,0.2788461
1.679999,0.2788461
1.699999,0.2788461
1.719999,0.2788461
1.739999,0.2788461
1.759999,0.2788461
1.779999,0.2788461
1.799999,0.2788461
1.819999,0.2788461
1.839998,0.2788461
1.859998,0.2788461
1.879998,0.2788461
1.899998,0.2788461
1.919998,0.2788461
1.939998,0.2788461
1.959998,0.2788461
1.979998,0.2788461
1.999998,0.2788461
2.019998,0.2788461
2.039998,0.2788461
2.059998,0.2788461
2.079998,0.2788461
2.099998,0.2788461
2.119998,0.2788461
2.139998,0.2788461
2.159998,0.2788461
2.179998,0.2788461
2.199998,0.2788461
2.219998,0.2788461
2.239998,0.2788461
2.259998,0.2788461
2.279998,0.2788461
2.299998,0.2788461
2.319998,0.2788461
2.339998,0.2788461
2.359998,0.2788461
2.379998,0.2788461
2.399998,0.2788461
2.419998,0.2788461
2.439998,0.2788461
2.459998,0.2788461
2.479998,0.2788461
2.499998,0.2788461
2.519998,0.2788461
2.539998,0.2788461
2.559998,0.2788461
2.579998,0.2788461
2.599998,0.2788461
2.619998,0.2788461
2.639998,0.2788461
2.659998,0.2788461
2.679998,0.2788461
2.699998,0.2788461
2.719998,0.2788461
2.739998,0.2788461
2.759998,0.2788461
2.779998,0.2788461
2.799998,0.2788461
2.819998,0.2788461
2.839998,0.2788461
2.859998,0.2788461
2.879997,0.2788461
2.899997,0.2788461
2.919997,0.2788461
2.939997,0.2788461
2.959997,0.2788461
2.979997,0.2788461
2.999997,0.2788461
3.019997,0.2788461
3.039997,0.2788461
3.059997,0.2788461
3.079997,0.2788461
3.099997,0.2788461
3.119997,0.2788461
3.139997,0.2788461
3.159997,0.2788461
3.179997,0.2788461
3.199997,0.2788461
3.219997,0.2788461
3.239997,0.2788461
3.259997,0.2788461
3.279997,0.2788461
3.299997,0.2788461
3.319997,0.2788461
3.339997,0.2788461
3.359997,0.2788461
3.379997,0.2788461
3.399997,0.2788461
3.419997,0.2788461
3.439997,0.2788461
3.459997,0.2788461
3.479997,0.2788461
3.499997,0.2788461
3.519997,0.2788461
3.539997,0.2788461
3.559997,0.2788461
3.579997,0.2788461
3.599997,0.2788461
3.619997,0.2788461
3.639997,0.2788461
3.659997,0.2788461
3.679997,0.2788461
3.699997,0.2788461
3.719997,0.2788461
3.739997,0.2788461
3.759997,0.2788461
3.779997,0.2788461
3.799997,0.2788461
3.819997,0.2788461
3.839997,0.2788461
3.859997,0.2788461
3.879997,0.2788461
3.899997,0.2788461
3.919997,0.2788461
3.939996,0.2788461
3.959996,0.2788461
3.979996,0.2788461
3.999996,0.2788461
4.019997,0.2788461
4.039997,0.2788461
4.059997,0.2788461
4.079997,0.2788461
4.099997,0.2788461
4.119997,0.2788461
4.139997,0.2788461
4.159997,0.2788461
4.179996,0.2788461
4.199996,0.2788461
4.219996,0.2788461
4.239996,0.2788461
4.259996,0.2788461
4.279996,0.2788461
4.299996,0.2788461
4.319996,0.2788461
4.339996,0.2788461
4.359996,0.2788461
4.379996,0.2788461
4.399996,0.2788461
4.419996,0.2788461
4.439996,0.2788461
4.459996,0.2788461
4.479996,0.2788461
4.499996,0.2788461
4.519996,0.2788461
4.539996,0.2788461
4.559996,0.2788461
4.579996,0.2788461
4.599996,0.2788461
4.619996,0.2788461
4.639996,0.2788461
4.659996,0.2788461
4.679996,0.2788461
4.699996,0.2788461
4.719996,0.2788461
4.739996,0.2788461
4.759996,0.2788461
4.779996,0.2788461
4.799996,0.2788461
4.819996,0.2788461
4.839996,0.2788461
4.859996,0.2788461
4.879996,0.2788461
4.899996,0.2788461
4.919996,0.2788461
4.939996,0.2788461
4.959996,0.2788461
4.979996,0.2788461
4.999996,0.2788461
5.019996,0.2788461
5.039996,0.2788461
5.059996,0.2788461
5.079996,0.2788461
5.099996,0.2788461
5.119996,0.2788461
5.139996,0.2788461
5.159996,0.2788461
5.179996,0.2788461
5.199996,0.2788461
5.219995,0.2788461
5.239995,0.2788461
5.259995,0.2788461
5.279995,0.2788461
5.299995,0.2788461
5.319995,0.2788461
5.339995,0.2788461
5.359995,0.2788461
5.379995,0.2788461
5.399995,0.2788461
5.419995,0.2788461
5.439995,0.2788461
5.459995,0.2788461
5.479995,0.2788461
5.499995,0.2788461
5.519995,0.2788461
5.539995,0.2788461
5.559995,0.2788461
5.579995,0.2788461
5.599995,0.2788461
5.619995,0.2788461
5.639995,0.2788461
5.659995,0.2788461
5.679995,0.2788461
5.699995,0.2788461
5.719995,0.2788461
5.739995,0.2788461
5.759995,0.2788461
5.779995,0.2788461
5.799995,0.2788461
5.819995,0.2788461
5.839995,0.2788461
5.859995,0.2788461
5.879995,0.2788461
5.899995,0.2788461
5.919995,0.2788461
5.939995,0.2788461
5.959995,0.2788461
5.979995,0.2788461
5.999995,0.2788461
6.019995,0.2788461
6.039995,0.2788461
6.059995,0.2788461
6.079995,0.2788461
6.099995,0.2788461
6.119995,0.2788461
6.139995,0.2788461
6.159995,0.2788461
6.179995,0.2788461
6.199995,0.2788461
6.219995,0.2788461
6.239995,0.2788461
6.259995,0.2788461
6.279994,0.2788461
6.299994,0.2788461
6.319994,0.2788461
6.339994,0.2788461
6.359994,0.2788461
6.379994,0.2788461
6.399994,0.2788461
6.419994,0.2788461
6.439994,0.2788461
6.459994,0.2788461
6.479994,0.2788461
6.499994,0.2788461
6.519994,0.2788461
6.539994,0.2788461
6.559994,0.2788461
6.579994,0.2788461
6.599994,0.2788461
6.619994,0.2788461
6.639994,0.2788461
6.659994,0.2788461
6.679994,0.2788461
6.699994,0.2788461
6.719994,0.2788461
6.739994,0.2788461
6.759994,0.2788461
6.779994,0.2788461
6.799994,0.2788461
6.819994,0.2788461
6.839994,0.2788461
6.859994,0.2788461
6.879994,0.2788461
6.899994,0.2788461
6.919994,0.2788461
6.939994,0.2788461
6.959994,0.2788461
6.979994,0.2788461
6.999994,0.2788461
7.019994,0.2788461
7.039994,0.2788461
7.059994,0.2788461
7.079994,0.2788461
7.099994,0.2788461
7.119994,0.2788461
7.139994,0.2788461
7.159994,0.2788461
7.179994,0.2788461
7.199994,0.2788461
7.219994,0.2788461
7.239994,0.2788461
7.259994,0.2788461
7.279994,0.2788461
7.299994,0.2788461
7.319993,0.2788461
7.339993,0.2788461
7.359993,0.2788461
7.379993,0.2788461
7.399993,0.2788461
7.419993,0.2788461
7.439993,0.2788461
7.459993,0.2788461
7.479993,0.2788461
7.499993,0.2788461
7.519993,0.2788461
7.539993,0.2836539
7.559993,0.2836539
7.579993,0.2836539
7.599993,0.2836539
7.619993,0.2836539
7.639993,0.2836539
7.659993,0.2836539
7.679993,0.2836539
7.699993,0.2836539
7.719993,0.2836539
7.739993,0.2836539
7.759993,0.2836539
7.779993,0.2836539
7.799993,0.2836539
7.819993,0.2836539
7.839993,0.2836539
7.859993,0.2836539
7.879993,0.2836539
7.899993,0.2836539
7.919993,0.2836539
7.939993,0.2836539
7.959993,0.2836539
7.979993,0.2836539
7.999993,0.2836539
8.019993,0.2836539
8.039993,0.2836539
8.059994,0.2836539
8.079994,0.2836539
8.099995,0.2836539
8.119995,0.2836539
8.139996,0.2836539
8.159996,0.2836539
8.179996,0.2836539
8.199997,0.2836539
8.219997,0.2836539
8.239998,0.2836539
8.259998,0.2836539
8.279999,0.2836539
8.299999,0.2836539
8.32,0.2836539
8.34,0.2836539
8.360001,0.2836539
8.380001,0.2836539
8.400002,0.2836539
8.420002,0.2836539
8.440002,0.2836539
8.460003,0.2836539
8.480003,0.2836539
8.500004,0.2836539
8.520004,0.2836539
8.540005,0.2836539
8.560005,0.2836539
8.580006,0.2836539
8.600006,0.2836539
8.620007,0.2836539
8.640007,0.2836539
8.660007,0.2836539
8.680008,0.2836539
8.700008,0.2836539
8.720009,0.2836539
8.740009,0.2836539
8.76001,0.2836539
8.78001,0.2836539
8.800011,0.2836539
8.820011,0.2836539
8.840012,0.2836539
8.860012,0.2836539
8.880013,0.2836539
8.900013,0.2836539
8.920013,0.2836539
8.940014,0.2836539
8.960014,0.2836539
8.980015,0.2836539
9.000015,0.2836539
9.020016,0.2836539
9.040016,0.2836539
9.060017,0.2836539
9.080017,0.2836539
9.100018,0.2836539
9.120018,0.2836539
9.140018,0.2836539
9.160019,0.2836539
9.180019,0.2836539
9.20002,0.2836539
9.22002,0.2836539
9.240021,0.2836539
9.260021,0.2836539
9.280022,0.2836539
9.300022,0.2836539
9.320023,0.2836539
9.340023,0.2836539
9.360023,0.2836539
9.380024,0.2836539
9.400024,0.2836539
9.420025,0.2836539
9.440025,0.2836539
9.460026,0.2836539
9.480026,0.2836539
9.500027,0.2836539
9.520027,0.2836539
9.540028,0.2836539
9.560028,0.2836539
9.580029,0.2836539
9.600029,0.2836539
9.620029,0.2836539
9.64003,0.2836539
9.66003,0.2836539
9.680031,0.2836539
9.700031,0.2836539
9.720032,0.2836539
9.740032,0.2836539
9.760033,0.2836539
9.780033,0.2836539
9.800034,0.2836539
9.820034,0.2836539
9.840034,0.2836539
9.860035,0.2836539
9.880035,0.2836539
9.900036,0.2836539
9.920036,0.2836539
9.940037,0.2836539
9.960037,0.2836539
9.980038,0.2836539
10.00004,0.2836539
10.02004,0.2836539
10.04004,0.2836539
10.06004,0.2836539
10.08004,0.2836539
10.10004,0.2836539
10.12004,0.2836539
10.14004,0.2836539
10.16004,0.2836539
10.18004,0.2836539
10.20004,0.2836539
10.22004,0.2836539
10.24004,0.2836539
10.26004,0.2836539
10.28004,0.2836539
10.30005,0.2836539
10.32005,0.2836539
10.34005,0.2836539
10.36005,0.2836539
10.38005,0.2836539
10.40005,0.2836539
10.42005,0.2836539
10.44005,0.2836539
10.46005,0.2836539
10.48005,0.2836539
10.50005,0.2836539
10.52005,0.2836539
10.54005,0.2836539
10.56005,0.2836539
10.58005,0.2836539
10.60005,0.2836539
10.62005,0.2836539
10.64005,0.2836539
10.66005,0.2836539
10.68005,0.2836539
10.70005,0.2836539
10.72005,0.2836539
10.74006,0.2836539
10.76006,0.2836539
10.78006,0.2836539
10.80006,0.2836539
10.82006,0.2836539
10.84006,0.2836539
10.86006,0.2836539
10.88006,0.2836539
10.90006,0.2836539
10.92006,0.2836539
10.94006,0.2836539
10.96006,0.2836539
10.98006,0.2836539
11.00006,0.2836539
11.02006,0.2836539
11.04006,0.2836539
11.06006,0.2836539
11.08006,0.2836539
11.10006,0.2836539
11.12006,0.2836539
11.14006,0.2836539
11.16006,0.2836539
11.18007,0.2836539
11.20007,0.2836539
11.22007,0.2836539
11.24007,0.2836539
11.26007,0.2836539
11.28007,0.2836539
11.30007,0.2836539
11.32007,0.2836539
11.34007,0.2836539
11.36007,0.2836539
11.38007,0.2836539
11.40007,0.2836539
11.42007,0.2836539
11.44007,0.2836539
11.46007,0.2836539
11.48007,0.2836539
11.50007,0.2836539
11.52007,0.2836539
11.54007,0.2836539
11.56007,0.2836539
11.58007,0.2836539
11.60007,0.2836539
11.62008,0.2836539
11.64008,0.2836539
11.66008,0.2836539
11.68008,0.2836539
11.70008,0.2836539
11.72008,0.2836539
11.74008,0.2836539
11.76008,0.2836539
11.78008,0.2836539
11.80008,0.2836539
11.82008,0.2836539
11.84008,0.2836539
11.86008,0.2836539
11.88008,0.2836539
11.90008,0.2836539
11.92008,0.2836539
11.94008,0.2836539
11.96008,0.2836539
11.98008,0.2836539
12.00008,0.2836539
12.02008,0.2836539
12.04008,0.2836539
12.06009,0.2836539
12.08009,0.2836539
12.10009,0.2836539
12.12009,0.2836539
12.14009,0.2836539
12.16009,0.2836539
12.18009,0.2836539
12.20009,0.2836539
12.22009,0.2836539
12.24009,0.2836539
12.26009,0.2836539
12.28009,0.2836539
12.30009,0.2836539
12.32009,0.2836539
12.34009,0.2836539
12.36009,0.2836539
12.38009,0.2836539
12.40009,0.2836539
12.42009,0.2836539
12.44009,0.2836539
12.46009,0.2836539
12.48009,0.2836539
12.5001,0.2836539
12.5201,0.2836539
12.5401,0.2836539
12.5601,0.2836539
12.5801,0.2836539
12.6001,0.2836539
12.6201,0.2836539
12.6401,0.2836539
12.6601,0.2836539
12.6801,0.2836539
12.7001,0.2836539
12.7201,0.2836539
12.7401,0.2836539
12.7601,0.2836539
12.7801,0.2836539
12.8001,0.2836539
12.8201,0.2836539
12.8401,0.2836539
12.8601,0.2836539
12.8801,0.2836539
12.9001,0.2836539
12.9201,0.2836539
12.94011,0.2836539
12.96011,0.2836539
12.98011,0.2836539
13.00011,0.2836539
13.02011,0.2836539
13.04011,0.2836539
13.06011,0.2836539
13.08011,0.2836539
13.10011,0.2836539
13.12011,0.2836539
13.14011,0.2836539
13.16011,0.2836539
13.18011,0.2836539
13.20011,0.2836539
13.22011,0.2836539
13.24011,0.2836539
13.26011,0.2836539
13.28011,0.2836539
13.30011,0.2836539
13.32011,0.2836539
13.34011,0.2836539
13.36012,0.2836539
13.38012,0.2836539
13.40012,0.2836539
13.42012,0.2836539
13.44012,0.2836539
13.46012,0.2836539
13.48012,0.2836539
13.50012,0.2836539
13.52012,0.2836539
13.54012,0.2836539
13.56012,0.2836539
13.58012,0.2836539
13.60012,0.2836539
13.62012,0.2836539
13.64012,0.2836539
13.66012,0.2836539
13.68012,0.2836539
13.70012,0.2836539
13.72012,0.2836539
13.74012,0.2836539
13.76012,0.2836539
13.78012,0.2836539
13.80013,0.2836539
13.82013,0.2836539
13.84013,0.2836539
13.86013,0.2836539
13.88013,0.2836539
13.90013,0.2836539
13.92013,0.2836539
13.94013,0.2836539
13.96013,0.2836539
13.98013,0.2836539
14.00013,0.2836539
14.02013,0.2836539
14.04013,0.2836539
14.06013,0.2836539
14.08013,0.2836539
14.10013,0.2836539
14.12013,0.2836539
14.14013,0.2836539
14.16013,0.2836539
14.18013,0.2836539
14.20013,0.2836539
14.22013,0.2884615
14.24014,0.2884615
14.26014,0.2884615
14.28014,0.2884615
14.30014,0.2884615
14.32014,0.2884615
14.34014,0.2884615
14.36014,0.2884615
14.38014,0.2884615
14.40014,0.2884615
14.42014,0.2884615
14.44014,0.2884615
14.46014,0.2884615
14.48014,0.2884615
14.50014,0.2884615
14.52014,0.2884615
14.54014,0.2884615
14.56014,0.2884615
14.58014,0.2884615
14.60014,0.2884615
14.62014,0.2884615
14.64014,0.2884615
14.66014,0.2884615
14.68015,0.2884615
14.70015,0.2884615
14.72015,0.2884615
14.74015,0.2884615
14.76015,0.2884615
14.78015,0.2884615
14.80015,0.2884615
14.82015,0.2884615
14.84015,0.2884615
14.86015,0.2884615
14.88015,0.2884615
14.90015,0.2884615
14.92015,0.2884615
14.94015,0.2884615
14.96015,0.2884615
14.98015,0.2884615
15.00015,0.2884615
15.02015,0.2884615
15.04015,0.2884615
15.06015,0.2884615
15.08015,0.2884615
15.10015,0.2884615
15.12016,0.2884615
15.14016,0.2884615
15.16016,0.2884615
15.18016,0.2884615
15.20016,0.2884615
15.22016,0.2884615
15.24016,0.2884615
15.26016,0.2884615
15.28016,0.2884615
15.30016,0.2884615
15.32016,0.2884615
15.34016,0.2884615
15.36016,0.2884615
15.38016,0.2884615
15.40016,0.2884615
15.42016,0.2884615
15.44016,0.2884615
15.46016,0.2884615
15.48016,0.2884615
15.50016,0.2884615
15.52016,0.2884615
15.54016,0.2884615
15.56017,0.2884615
15.58017,0.2884615
15.60017,0.2884615
15.62017,0.2884615
15.64017,0.2884615
15.66017,0.2884615
15.68017,0.2884615
15.70017,0.2884615
15.72017,0.2884615
15.74017,0.2884615
15.76017,0.2884615
15.78017,0.2884615
15.80017,0.2884615
15.82017,0.2884615
15.84017,0.2884615
15.86017,0.2884615
15.88017,0.2884615
15.90017,0.2884615
15.92017,0.2884615
15.94017,0.2884615
15.96017,0.2884615
15.98018,0.2884615
16.00018,0.2884615
16.02018,0.2884615
16.04018,0.2884615
16.06018,0.2884615
16.08018,0.2884615
16.10018,0.2884615
16.12018,0.2884615
16.14018,0.2884615
16.16018,0.2884615
16.18018,0.2884615
16.20018,0.2884615
16.22018,0.2884615
16.24018,0.2884615
16.26018,0.2884615
16.28018,0.2884615
16.30018,0.2884615
16.32018,0.2884615
16.34018,0.2884615
16.36018,0.2884615
16.38018,0.2884615
16.40018,0.2884615
16.42019,0.2884615
16.44019,0.2884615
16.46019,0.2884615
16.48019,0.2884615
16.50019,0.2884615
16.52019,0.2884615
16.54019,0.2884615
16.56019,0.2884615
16.58019,0.2884615
16.60019,0.2884615
16.62019,0.2884615
16.64019,0.2884615
16.66019,0.2884615
16.68019,0.2884615
16.70019,0.2884615
16.72019,0.2884615
16.74019,0.2884615
16.76019,0.2884615
16.78019,0.2884615
16.80019,0.2884615
16.82019,0.2884615
16.84019,0.2884615
16.8602,0.2884615
16.8802,0.2884615
16.9002,0.2884615
16.9202,0.2884615
16.9402,0.2884615
16.9602,0.2884615
16.9802,0.2884615
17.0002,0.2884615
17.0202,0.2884615
17.0402,0.2884615
17.0602,0.2884615
17.0802,0.2884615
17.1002,0.2884615
17.1202,0.2884615
17.1402,0.2884615
17.1602,0.2884615
17.1802,0.2884615
17.2002,0.2884615
17.2202,0.2884615
17.2402,0.2884615
17.2602,0.2884615
17.2802,0.2884615
17.30021,0.2884615
17.32021,0.2884615
17.34021,0.2884615
17.36021,0.2884615
17.38021,0.2884615
17.40021,0.2884615
17.42021,0.2884615
17.44021,0.2884615
17.46021,0.2884615
17.48021,0.2884615
17.50021,0.2884615
17.52021,0.2884615
17.54021,0.2884615
17.56021,0.2884615
17.58021,0.2884615
17.60021,0.2884615
17.62021,0.2884615
17.64021,0.2884615
17.66021,0.2884615
17.68021,0.2884615
17.70021,0.2884615
17.72021,0.2884615
17.74022,0.2884615
17.76022,0.2884615
17.78022,0.2884615
17.80022,0.2884615
17.82022,0.2884615
17.84022,0.2884615
17.86022,0.2884615
17.88022,0.2884615
17.90022,0.2884615
17.92022,0.2884615
17.94022,0.2884615
17.96022,0.2884615
17.98022,0.2884615
18.00022,0.2884615
18.02022,0.2884615
18.04022,0.2884615
18.06022,0.2884615
18.08022,0.2884615
18.10022,0.2884615
18.12022,0.2884615
18.14022,0.2884615
18.16022,0.2884615
18.18023,0.2884615
18.20023,0.2884615
18.22023,0.2884615
18.24023,0.2884615
18.26023,0.2884615
18.28023,0.2884615
18.30023,0.2884615
18.32023,0.2884615
18.34023,0.2884615
18.36023,0.2884615
18.38023,0.2884615
18.40023,0.2884615
18.42023,0.2884615
18.44023,0.2884615
18.46023,0.2884615
18.48023,0.2884615
18.50023,0.2884615
18.52023,0.2884615
18.54023,0.2884615
18.56023,0.2884615
18.58023,0.2884615
18.60023,0.2884615
18.62024,0.2884615
18.64024,0.2884615
18.66024,0.2884615
18.68024,0.2884615
18.70024,0.2884615
18.72024,0.2884615
18.74024,0.2884615
18.76024,0.2884615
18.78024,0.2884615
18.80024,0.2884615
18.82024,0.2884615
18.84024,0.2884615
18.86024,0.2884615
18.88024,0.2884615
18.90024,0.2884615
18.92024,0.2884615
18.94024,0.2884615
18.96024,0.2884615
18.98024,0.2884615
19.00024,0.2884615
19.02024,0.2884615
19.04025,0.2884615
19.06025,0.2884615
19.08025,0.2884615
19.10025,0.2884615
19.12025,0.2884615
19.14025,0.2884615
19.16025,0.2884615
19.18025,0.2884615
19.20025,0.2884615
19.22025,0.2884615
19.24025,0.2884615
19.26025,0.2884615
19.28025,0.2884615
19.30025,0.2884615
19.32025,0.2884615
19.34025,0.2884615
19.36025,0.2884615
19.38025,0.2884615
19.40025,0.2884615
19.42025,0.2884615
19.44025,0.2884615
19.46025,0.2884615
19.48026,0.2884615
19.50026,0.2884615
19.52026,0.2884615
19.54026,0.2884615
19.56026,0.2884615
19.58026,0.2884615
19.60026,0.2884615
19.62026,0.2884615
19.64026,0.2884615
19.66026,0.2884615
19.68026,0.2884615
19.70026,0.2884615
19.72026,0.2884615
19.74026,0.2884615
19.76026,0.2884615
19.78026,0.2884615
19.80026,0.2884615
19.82026,0.2884615
19.84026,0.2884615
19.86026,0.2884615
19.88026,0.2884615
19.90026,0.2884615
19.92027,0.2884615
19.94027,0.2884615
19.96027,0.2884615
19.98027,0.2884615
20.00027,0.2884615
20.02027,0.2884615
20.04027,0.2884615
20.06027,0.2884615
20.08027,0.2884615
20.10027,0.2884615
20.12027,0.2884615
20.14027,0.2884615
20.16027,0.2884615
20.18027,0.2884615
20.20027,0.2884615
20.22027,0.2884615
20.24027,0.2884615
20.26027,0.2884615
20.28027,0.2884615
20.30027,0.2884615
20.32027,0.2884615
20.34027,0.2884615
20.36028,0.2884615
20.38028,0.2884615
20.40028,0.2884615
20.42028,0.2884615
20.44028,0.2884615
20.46028,0.2884615
20.48028,0.2884615
20.50028,0.2884615
20.52028,0.2884615
20.54028,0.2884615
20.56028,0.2884615
20.58028,0.2884615
20.60028,0.2884615
20.62028,0.2884615
20.64028,0.2884615
20.66028,0.2884615
20.68028,0.2884615
20.70028,0.2884615
20.72028,0.2884615
20.74028,0.2884615
20.76028,0.2884615
20.78028,0.2884615
20.80029,0.2884615
20.82029,0.2884615
20.84029,0.2884615
20.86029,0.2884615
20.88029,0.2980769
20.90029,0.2980769
20.92029,0.2980769
20.94029,0.2980769
20.96029,0.2980769
20.98029,0.2980769
21.00029,0.2980769
21.02029,0.2980769
21.04029,0.2980769
21.06029,0.2980769
21.08029,0.2980769
21.10029,0.2980769
21.12029,0.2980769
21.14029,0.2980769
21.16029,0.2980769
21.18029,0.2980769
21.20029,0.2980769
21.22029,0.2980769
21.2403,0.2980769
21.2603,0.2980769
21.2803,0.2980769
21.3003,0.2980769
21.3203,0.2980769
21.3403,0.2980769
21.3603,0.2980769
21.3803,0.2980769
21.4003,0.2980769
21.4203,0.2980769
21.4403,0.2980769
21.4603,0.2980769
21.4803,0.2980769
21.5003,0.2980769
21.5203,0.2980769
21.5403,0.2980769
21.5603,0.2980769
21.5803,0.2980769
21.6003,0.2980769
21.6203,0.2980769
21.6403,0.2980769
21.66031,0.2980769
21.68031,0.2980769
21.70031,0.2980769
21.72031,0.2980769
21.74031,0.2980769
21.76031,0.2980769
21.78031,0.2980769
21.80031,0.2980769
21.82031,0.2980769
21.84031,0.2980769
21.86031,0.2980769
21.88031,0.2980769
21.90031,0.2980769
21.92031,0.2980769
21.94031,0.2980769
21.96031,0.2980769
21.98031,0.2980769
22.00031,0.2980769
22.02031,0.2980769
22.04031,0.2980769
22.06031,0.2980769
22.08031,0.2980769
22.10032,0.2980769
22.12032,0.2980769
22.14032,0.2980769
22.16032,0.2980769
22.18032,0.2980769
22.20032,0.2980769
22.22032,0.2980769
22.24032,0.2980769
22.26032,0.2980769
22.28032,0.2980769
22.30032,0.2980769
22.32032,0.2980769
22.34032,0.2980769
22.36032,0.2980769
22.38032,0.2980769
22.40032,0.2980769
22.42032,0.2980769
22.44032,0.2980769
22.46032,0.2980769
22.48032,0.2980769
22.50032,0.2980769
22.52032,0.2980769
22.54033,0.2980769
22.56033,0.2980769
22.58033,0.2980769
22.60033,0.2980769
22.62033,0.2980769
22.64033,0.2980769
22.66033,0.2980769
22.68033,0.2980769
22.70033,0.2980769
22.72033,0.2980769
22.74033,0.2980769
22.76033,0.2980769
22.78033,0.2980769
22.80033,0.2980769
22.82033,0.2980769
22.84033,0.2980769
22.86033,0.2980769
22.88033,0.2980769
22.90033,0.2980769
22.92033,0.2980769
22.94033,0.2980769
22.96033,0.2980769
22.98034,0.2980769
23.00034,0.2980769
23.02034,0.2980769
23.04034,0.2980769
23.06034,0.2980769
23.08034,0.2980769
23.10034,0.2980769
23.12034,0.2980769
23.14034,0.2980769
23.16034,0.2980769
23.18034,0.2980769
23.20034,0.2980769
23.22034,0.2980769
23.24034,0.2980769
23.26034,0.2980769
23.28034,0.2980769
23.30034,0.2980769
23.32034,0.2980769
23.34034,0.2980769
23.36034,0.2980769
23.38034,0.2980769
23.40034,0.2980769
23.42035,0.2980769
23.44035,0.2980769
23.46035,0.2980769
23.48035,0.2980769
23.50035,0.2980769
23.52035,0.2980769
23.54035,0.2980769
23.56035,0.2980769
23.58035,0.2980769
23.60035,0.2980769
23.62035,0.2980769
23.64035,0.2980769
23.66035,0.2980769
23.68035,0.2980769
23.70035,0.2980769
23.72035,0.2980769
23.74035,0.2980769
23.76035,0.2980769
23.78035,0.2980769
23.80035,0.2980769
23.82035,0.2980769
23.84035,0.2980769
23.86036,0.2980769
23.88036,0.2980769
23.90036,0.2980769
23.92036,0.2980769
23.94036,0.2980769
23.96036,0.2980769
23.98036,0.2980769
24.00036,0.2980769
24.02036,0.2980769
24.04036,0.2980769
24.06036,0.2980769
24.08036,0.2980769
24.10036,0.2980769
24.12036,0.2980769
24.14036,0.2980769
24.16036,0.2980769
24.18036,0.2980769
24.20036,0.2980769
24.22036,0.2980769
24.24036,0.2980769
24.26036,0.2980769
24.28036,0.2980769
24.30037,0.2980769
24.32037,0.2980769
24.34037,0.2980769
24.36037,0.2980769
24.38037,0.2980769
24.40037,0.2980769
24.42037,0.2980769
24.44037,0.2980769
24.46037,0.2980769
24.48037,0.2980769
24.50037,0.2980769
24.52037,0.2980769
24.54037,0.2980769
24.56037,0.2980769
24.58037,0.2980769
24.60037,0.2980769
24.62037,0.2980769
24.64037,0.2980769
24.66037,0.2980769
24.68037,0.2980769
24.70037,0.2980769
24.72038,0.2980769
24.74038,0.2980769
24.76038,0.2980769
24.78038,0.2980769
24.80038,0.2980769
24.82038,0.2980769
24.84038,0.2980769
24.86038,0.2980769
24.88038,0.2980769
24.90038,0.2980769
24.92038,0.2980769
24.94038,0.2980769
24.96038,0.2980769
24.98038,0.2980769
25.00038,0.2980769
25.02038,0.2980769
25.04038,0.2980769
25.06038,0.2980769
25.08038,0.2980769
25.10038,0.2980769
25.12038,0.2980769
25.14038,0.2980769
25.16039,0.2980769
25.18039,0.2980769
25.20039,0.2980769
25.22039,0.2980769
25.24039,0.2980769
25.26039,0.2980769
25.28039,0.2980769
25.30039,0.2980769
25.32039,0.2980769
25.34039,0.2980769
25.36039,0.2980769
25.38039,0.2980769
25.40039,0.2980769
25.42039,0.2980769
25.44039,0.2980769
25.46039,0.2980769
25.48039,0.2980769
25.50039,0.2980769
25.52039,0.2980769
25.54039,0.2980769
25.56039,0.2980769
25.58039,0.2980769
25.6004,0.2980769
25.6204,0.2980769
25.6404,0.2980769
25.6604,0.2980769
25.6804,0.2980769
25.7004,0.2980769
25.7204,0.2980769
25.7404,0.2980769
25.7604,0.2980769
25.7804,0.2980769
25.8004,0.2980769
25.8204,0.2980769
25.8404,0.2980769
25.8604,0.2980769
25.8804,0.2980769
25.9004,0.2980769
25.9204,0.2980769
25.9404,0.2980769
25.9604,0.2980769
25.9804,0.2980769
26.0004,0.2980769
26.0204,0.2980769
26.04041,0.2980769
26.06041,0.2980769
26.08041,0.2980769
26.10041,0.2980769
26.12041,0.2980769
26.14041,0.2980769
26.16041,0.2980769
26.18041,0.2980769
26.20041,0.2980769
26.22041,0.2980769
26.24041,0.2980769
26.26041,0.2980769
26.28041,0.2980769
26.30041,0.2980769
26.32041,0.2980769
26.34041,0.2980769
26.36041,0.2980769
26.38041,0.2980769
26.40041,0.2980769
26.42041,0.2980769
26.44041,0.2980769
26.46041,0.2980769
26.48042,0.2980769
26.50042,0.2980769
26.52042,0.2980769
26.54042,0.2980769
26.56042,0.2980769
26.58042,0.2980769
26.60042,0.2980769
26.62042,0.2980769
26.64042,0.2980769
26.66042,0.2980769
26.68042,0.2980769
26.70042,0.2980769
26.72042,0.2980769
26.74042,0.2980769
26.76042,0.2980769
26.78042,0.2980769
26.80042,0.2980769
26.82042,0.2980769
26.84042,0.2980769
26.86042,0.2980769
26.88042,0.2980769
26.90042,0.2980769
26.92043,0.2980769
26.94043,0.2980769
26.96043,0.2980769
26.98043,0.2980769
27.00043,0.2980769
27.02043,0.2980769
27.04043,0.2980769
27.06043,0.3028846
27.08043,0.3028846
27.10043,0.3028846
27.12043,0.3028846
27.14043,0.3028846
27.16043,0.3028846
27.18043,0.3028846
27.20043,0.3028846
27.22043,0.3028846
27.24043,0.3028846
27.26043,0.3028846
27.28043,0.3028846
27.30043,0.3028846
27.32043,0.3028846
27.34044,0.3028846
27.36044,0.3028846
27.38044,0.3028846
27.40044,0.3028846
27.42044,0.3028846
27.44044,0.3028846
27.46044,0.3028846
27.48044,0.3028846
27.50044,0.3028846
27.52044,0.3028846
27.54044,0.3028846
27.56044,0.3028846
27.58044,0.3028846
27.60044,0.3028846
27.62044,0.3028846
27.64044,0.3028846
27.66044,0.3028846
27.68044,0.3028846
27.70044,0.3028846
27.72044,0.3028846
27.74044,0.3028846
27.76044,0.3028846
27.78045,0.3028846
27.80045,0.3028846
27.82045,0.3028846
27.84045,0.3028846
27.86045,0.3028846
27.88045,0.3028846
27.90045,0.3028846
27.92045,0.3028846
27.94045,0.3028846
27.96045,0.3028846
27.98045,0.3028846
28.00045,0.3028846
28.02045,0.3028846
28.04045,0.3028846
28.06045,0.3028846
28.08045,0.3028846
28.10045,0.3028846
28.12045,0.3028846
28.14045,0.3028846
28.16045,0.3028846
28.18045,0.3028846
28.20045,0.3028846
28.22046,0.3028846
28.24046,0.3028846
28.26046,0.3028846
28.28046,0.3028846
28.30046,0.3028846
28.32046,0.3028846
28.34046,0.3028846
28.36046,0.3028846
28.38046,0.3028846
28.40046,0.3028846
28.42046,0.3028846
28.44046,0.3028846
28.46046,0.3028846
28.48046,0.3028846
28.50046,0.3028846
28.52046,0.3028846
28.54046,0.3028846
28.56046,0.3028846
28.58046,0.3028846
28.60046,0.3028846
28.62046,0.3028846
28.64046,0.3028846
28.66047,0.3028846
28.68047,0.3028846
28.70047,0.3028846
28.72047,0.3028846
28.74047,0.3028846
28.76047,0.3028846
28.78047,0.3028846
28.80047,0.3028846
28.82047,0.3028846
28.84047,0.3028846
28.86047,0.3028846
28.88047,0.3028846
28.90047,0.3028846
28.92047,0.3028846
28.94047,0.3028846
28.96047,0.3028846
28.98047,0.3028846
29.00047,0.3028846
29.02047,0.3028846
29.04047,0.3028846
29.06047,0.3028846
29.08047,0.3028846
29.10048,0.3028846
29.12048,0.3028846
29.14048,0.3028846
29.16048,0.3028846
29.18048,0.3028846
29.20048,0.3028846
29.22048,0.3028846
29.24048,0.3028846
29.26048,0.3028846
29.28048,0.3028846
29.30048,0.3028846
29.32048,0.3028846
29.34048,0.3028846
29.36048,0.3028846
29.38048,0.3028846
29.40048,0.3028846
29.42048,0.3028846
29.44048,0.3028846
29.46048,0.3028846
29.48048,0.3028846
29.50048,0.3028846
29.52048,0.3028846
29.54049,0.3028846
29.56049,0.3028846
29.58049,0.3028846
29.60049,0.3028846
29.62049,0.3028846
29.64049,0.3028846
29.66049,0.3028846
29.68049,0.3028846
29.70049,0.3028846
29.72049,0.3028846
29.74049,0.3028846
29.76049,0.3028846
29.78049,0.3028846
29.80049,0.3028846
29.82049,0.3028846
29.84049,0.3028846
29.86049,0.3028846
29.88049,0.3028846
29.90049,0.3028846
29.92049,0.3028846
29.94049,0.3028846
29.96049,0.3028846
29.9805,0.3028846
30.0005,0.3028846
30.0205,0.3028846
30.0405,0.3028846
30.0605,0.3028846
30.0805,0.3028846
30.1005,0.3028846
30.1205,0.3028846
30.1405,0.3028846
30.1605,0.3028846
30.1805,0.3028846
30.2005,0.3028846
30.2205,0.3028846
30.2405,0.3028846
30.2605,0.3028846
30.2805,0.3028846
30.3005,0.3028846
30.3205,0.3028846
30.3405,0.3028846
30.3605,0.3028846
30.3805,0.3028846
30.40051,0.3028846
30.42051,0.3028846
30.44051,0.3028846
30.46051,0.3028846
30.48051,0.3028846
30.50051,0.3028846
30.52051,0.3028846
30.54051,0.3028846
30.56051,0.3028846
30.58051,0.3028846
30.60051,0.3028846
30.62051,0.3028846
30.64051,0.3028846
30.66051,0.3028846
30.68051,0.3028846
30.70051,0.3028846
30.72051,0.3028846
30.74051,0.3028846
30.76051,0.3028846
30.78051,0.3028846
30.80051,0.3028846
30.82051,0.3028846
30.84052,0.3028846
30.86052,0.3028846
30.88052,0.3028846
30.90052,0.3028846
30.92052,0.3028846
30.94052,0.3028846
30.96052,0.3028846
30.98052,0.3028846
31.00052,0.3028846
31.02052,0.3028846
31.04052,0.3028846
31.06052,0.3028846
31.08052,0.3028846
31.10052,0.3028846
31.12052,0.3028846
31.14052,0.3028846
31.16052,0.3028846
31.18052,0.3028846
31.20052,0.3028846
31.22052,0.3028846
31.24052,0.3028846
31.26052,0.3028846
31.28053,0.3028846
31.30053,0.3028846
31.32053,0.3028846
31.34053,0.3028846
31.36053,0.3028846
31.38053,0.3028846
31.40053,0.3028846
31.42053,0.3028846
31.44053,0.3028846
31.46053,0.3028846
31.48053,0.3028846
31.50053,0.3028846
31.52053,0.3028846
31.54053,0.3028846
31.56053,0.3028846
31.58053,0.3028846
31.60053,0.3028846
31.62053,0.3028846
31.64053,0.3028846
31.66053,0.3028846
31.68053,0.3028846
31.70053,0.3028846
31.72054,0.3028846
31.74054,0.3028846
31.76054,0.3028846
31.78054,0.3028846
31.80054,0.3028846
31.82054,0.3028846
31.84054,0.3028846
31.86054,0.3028846
31.88054,0.3028846
31.90054,0.3028846
31.92054,0.3028846
31.94054,0.3028846
31.96054,0.3028846
31.98054,0.3028846
32.00054,0.3028846
32.02054,0.3028846
32.04054,0.3028846
32.06054,0.3028846
32.08054,0.3028846
32.10054,0.3028846
32.12054,0.3028846
32.14054,0.3028846
32.16055,0.3028846
32.18055,0.3028846
32.20055,0.3028846
32.22055,0.3028846
32.24055,0.3028846
32.26055,0.3028846
32.28055,0.3028846
32.30055,0.3028846
32.32055,0.3028846
32.34055,0.3028846
32.36055,0.3028846
32.38055,0.3028846
32.40055,0.3028846
32.42055,0.3028846
32.44055,0.3028846
32.46055,0.3028846
32.48055,0.3028846
32.50055,0.3028846
32.52055,0.3028846
32.54055,0.3028846
32.56055,0.3028846
32.58055,0.3028846
32.60056,0.3028846
32.62056,0.3028846
32.64056,0.3028846
32.66056,0.3028846
32.68056,0.3028846
32.70056,0.3028846
32.72056,0.3028846
32.74056,0.3028846
32.76056,0.3028846
32.78056,0.3028846
32.80056,0.3028846
32.82056,0.3028846
32.84056,0.3028846
32.86056,0.3028846
32.88056,0.3028846
32.90056,0.3028846
32.92056,0.3028846
32.94056,0.3028846
32.96056,0.3028846
32.98056,0.3028846
33.00056,0.3028846
33.02057,0.3028846
33.04057,0.3028846
33.06057,0.3028846
33.08057,0.3028846
33.10057,0.3028846
33.12057,0.3028846
33.14057,0.3028846
33.16057,0.3028846
33.18057,0.3028846
33.20057,0.3028846
33.22057,0.3028846
33.24057,0.3028846
33.26057,0.3028846
33.28057,0.3028846
33.30057,0.3028846
33.32057,0.3028846
33.34057,0.3028846
33.36057,0.3028846
33.38057,0.3028846
33.40057,0.3028846
33.42057,0.3028846
33.44057,0.3028846
33.46058,0.3028846
33.48058,0.3028846
33.50058,0.3028846
33.52058,0.3028846
33.54058,0.3028846
33.56058,0.3028846
33.58058,0.3028846
33.60058,0.3028846
33.62058,0.3028846
33.64058,0.3028846
33.66058,0.3028846
33.68058,0.3028846
33.70058,0.3028846
33.72058,0.3028846
33.74058,0.3028846
33.76058,0.3028846
33.78058,0.3028846
33.80058,0.3028846
33.82058,0.3028846
33.84058,0.3028846
33.86058,0.3028846
33.88058,0.3028846
33.90059,0.3028846
33.92059,0.3028846
33.94059,0.3028846
33.96059,0.3028846
33.98059,0.3028846
34.00059,0.3028846
34.02059,0.3028846
34.04059,0.3028846
34.06059,0.3028846
34.08059,0.3028846
34.10059,0.3028846
34.12059,0.3028846
34.14059,0.3028846
34.16059,0.3028846
34.18059,0.3028846
34.20059,0.3028846
34.22059,0.3028846
34.24059,0.3028846
34.26059,0.3028846
34.28059,0.3028846
34.30059,0.3028846
34.32059,0.3028846
34.3406,0.3028846
34.3606,0.3028846
34.3806,0.3028846
34.4006,0.3028846
34.4206,0.3028846
34.4406,0.3028846
34.4606,0.3028846
34.4806,0.3028846
34.5006,0.3028846
34.5206,0.3028846
34.5406,0.3028846
34.5606,0.3028846
34.5806,0.3028846
34.6006,0.3028846
34.6206,0.3028846
34.6406,0.3028846
34.6606,0.3028846
34.6806,0.3028846
34.7006,0.3028846
34.7206,0.3028846
34.7406,0.3028846
34.7606,0.3028846
34.78061,0.3028846
34.80061,0.3028846
34.82061,0.3028846
34.84061,0.3028846
34.86061,0.3028846
34.88061,0.3028846
34.90061,0.3028846
34.92061,0.3028846
34.94061,0.3028846
34.96061,0.3028846
34.98061,0.3028846
35.00061,0.3028846
35.02061,0.3028846
35.04061,0.3028846
35.06061,0.3028846
35.08061,0.3028846
35.10061,0.3028846
35.12061,0.3028846
35.14061,0.3028846
35.16061,0.3028846
35.18061,0.3028846
35.20061,0.3028846
35.22062,0.3028846
35.24062,0.3028846
35.26062,0.3028846
35.28062,0.3028846
35.30062,0.3028846
35.32062,0.3028846
35.34062,0.3028846
35.36062,0.3028846
35.38062,0.3028846
35.40062,0.3028846
35.42062,0.3028846
35.44062,0.3028846
35.46062,0.3028846
35.48062,0.3028846
35.50062,0.3028846
35.52062,0.3028846
35.54062,0.3028846
35.56062,0.3028846
35.58062,0.3028846
35.60062,0.3028846
35.62062,0.3028846
35.64063,0.3028846
35.66063,0.3028846
35.68063,0.3028846
35.70063,0.3028846
35.72063,0.3028846
35.74063,0.3028846
35.76063,0.3028846
35.78063,0.3028846
35.80063,0.3028846
35.82063,0.3028846
35.84063,0.3028846
35.86063,0.3028846
35.88063,0.3028846
35.90063,0.3028846
35.92063,0.3028846
35.94063,0.3028846
35.96063,0.3028846
35.98063,0.3028846
36.00063,0.3028846
36.02063,0.3028846
36.04063,0.3028846
36.06063,0.3028846
36.08064,0.3028846
36.10064,0.3028846
36.12064,0.3028846
36.14064,0.3028846
36.16064,0.3028846
36.18064,0.3028846
36.20064,0.3028846
36.22064,0.3028846
36.24064,0.3028846
36.26064,0.3028846
36.28064,0.3028846
36.30064,0.3028846
36.32064,0.3028846
36.34064,0.3028846
36.36064,0.3028846
36.38064,0.3028846
36.40064,0.3028846
36.42064,0.3028846
36.44064,0.3028846
36.46064,0.3028846
36.48064,0.3028846
36.50064,0.3028846
36.52065,0.3028846
36.54065,0.3028846
36.56065,0.3028846
36.58065,0.3028846
36.60065,0.3028846
36.62065,0.3028846
36.64065,0.3028846
36.66065,0.3028846
36.68065,0.3028846
36.70065,0.3028846
36.72065,0.3028846
36.74065,0.3028846
36.76065,0.3028846
36.78065,0.3028846
36.80065,0.3028846
36.82065,0.3028846
36.84065,0.3028846
36.86065,0.3028846
36.88065,0.3028846
36.90065,0.3028846
36.92065,0.3028846
36.94065,0.3028846
36.96066,0.3028846
36.98066,0.3028846
37.00066,0.3028846
37.02066,0.3028846
37.04066,0.3028846
37.06066,0.3028846
37.08066,0.3028846
37.10066,0.3028846
37.12066,0.3028846
37.14066,0.3028846
37.16066,0.3028846
37.18066,0.3028846
37.20066,0.3028846
37.22066,0.3028846
37.24066,0.3028846
37.26066,0.3028846
37.28066,0.3028846
37.30066,0.3028846
37.32066,0.3028846
37.34066,0.3028846
37.36066,0.3028846
37.38066,0.3028846
37.40067,0.3028846
37.42067,0.3028846
37.44067,0.3028846
37.46067,0.3028846
37.48067,0.3028846
37.50067,0.3028846
37.52067,0.3028846
37.54067,0.3028846
37.56067,0.3028846
37.58067,0.3028846
37.60067,0.3028846
37.62067,0.3028846
37.64067,0.3028846
37.66067,0.3028846
37.68067,0.3028846
37.70067,0.3028846
37.72067,0.3028846
37.74067,0.3028846
37.76067,0.3028846
37.78067,0.3028846
37.80067,0.3028846
37.82067,0.3028846
37.84068,0.3028846
37.86068,0.3028846
37.88068,0.3028846
37.90068,0.3028846
37.92068,0.3028846
37.94068,0.3028846
37.96068,0.3028846
37.98068,0.3028846
38.00068,0.3028846
38.02068,0.3028846
38.04068,0.3028846
38.06068,0.3028846
38.08068,0.3028846
38.10068,0.3028846
38.12068,0.3028846
38.14068,0.3028846
38.16068,0.3028846
38.18068,0.3028846
38.20068,0.3028846
38.22068,0.3028846
38.24068,0.3028846
38.26068,0.3028846
38.28069,0.3028846
38.30069,0.3028846
38.32069,0.3028846
38.34069,0.3028846
38.36069,0.3028846
38.38069,0.3028846
38.40069,0.3028846
38.42069,0.3028846
38.44069,0.3028846
38.46069,0.3028846
38.48069,0.3028846
38.50069,0.3028846
38.52069,0.3028846
38.54069,0.3028846
38.56069,0.3028846
38.58069,0.3028846
38.60069,0.3028846
38.62069,0.3028846
38.64069,0.3028846
38.66069,0.3028846
38.68069,0.3028846
38.7007,0.3028846
38.7207,0.3028846
38.7407,0.3028846
38.7607,0.3028846
38.7807,0.3028846
38.8007,0.3028846
38.8207,0.3028846
38.8407,0.3028846
38.8607,0.3028846
38.8807,0.3028846
38.9007,0.3028846
38.9207,0.3028846
38.9407,0.3028846
38.9607,0.3028846
38.9807,0.3028846
39.0007,0.3028846
39.0207,0.3028846
39.0407,0.3028846
39.0607,0.3028846
39.0807,0.3028846
39.1007,0.3028846
39.1207,0.3028846
39.14071,0.3028846
39.16071,0.3028846
39.18071,0.3028846
39.20071,0.3028846
39.22071,0.3028846
39.24071,0.3028846
39.26071,0.3028846
39.28071,0.3028846
39.30071,0.3028846
39.32071,0.3028846
39.34071,0.3028846
39.36071,0.3028846
39.38071,0.3028846
39.40071,0.3028846
39.42071,0.3028846
39.44071,0.3028846
39.46071,0.3028846
39.48071,0.3028846
39.50071,0.3028846
39.52071,0.3028846
39.54071,0.3028846
39.56071,0.3028846
39.58072,0.3028846
39.60072,0.3028846
39.62072,0.3028846
39.64072,0.3028846
39.66072,0.3028846
39.68072,0.3028846
39.70072,0.3028846
39.72072,0.3028846
39.74072,0.3028846
39.76072,0.3028846
39.78072,0.3028846
39.80072,0.3028846
39.82072,0.3028846
39.84072,0.3028846
39.86072,0.3028846
39.88072,0.3028846
39.90072,0.3028846
39.92072,0.3028846
39.94072,0.3028846
39.96072,0.3028846
39.98072,0.3028846
40.00072,0.3028846
40.02073,0.3028846
40.04073,0.3028846
40.06073,0.3028846
40.08073,0.3028846
40.10073,0.3028846
40.12073,0.3028846
40.14073,0.3028846
40.16073,0.3028846
40.18073,0.3028846
40.20073,0.3028846
40.22073,0.3028846
40.24073,0.3028846
40.26073,0.3028846
40.28073,0.3028846
40.30073,0.3028846
40.32073,0.3028846
40.34073,0.3028846
40.36073,0.3028846
40.38073,0.3028846
40.40073,0.3028846
40.42073,0.3028846
40.44073,0.3028846
40.46074,0.3028846
40.48074,0.3028846
40.50074,0.3028846
40.52074,0.3028846
40.54074,0.3028846
40.56074,0.3028846
40.58074,0.3028846
40.60074,0.3028846
40.62074,0.3028846
40.64074,0.3028846
40.66074,0.3028846
40.68074,0.3028846
40.70074,0.3028846
40.72074,0.3028846
40.74074,0.3028846
40.76074,0.3028846
40.78074,0.3028846
40.80074,0.3028846
40.82074,0.3028846
40.84074,0.3028846
40.86074,0.3028846
40.88074,0.3028846
40.90075,0.3028846
40.92075,0.3028846
40.94075,0.3028846
40.96075,0.3028846
40.98075,0.3028846
41.00075,0.3028846
41.02075,0.3028846
41.04075,0.3028846
41.06075,0.3028846
41.08075,0.3028846
41.10075,0.3028846
41.12075,0.3028846
41.14075,0.3028846
41.16075,0.3028846
41.18075,0.3028846
41.20075,0.3028846
41.22075,0.3028846
41.24075,0.3028846
41.26075,0.3028846
41.28075,0.3028846
41.30075,0.3028846
41.32076,0.3028846
41.34076,0.3028846
41.36076,0.3028846
41.38076,0.3028846
41.40076,0.3028846
41.42076,0.3028846
41.44076,0.3028846
41.46076,0.3028846
41.48076,0.3028846
41.50076,0.3028846
41.52076,0.3028846
41.54076,0.3028846
41.56076,0.3028846
41.58076,0.3028846
41.60076,0.3028846
41.62076,0.3028846
41.64076,0.3028846
41.66076,0.3028846
41.68076,0.3028846
41.70076,0.3028846
41.72076,0.3028846
41.74076,0.3028846
41.76077,0.3028846
41.78077,0.3028846
41.80077,0.3028846
41.82077,0.3028846
41.84077,0.3028846
41.86077,0.3028846
41.88077,0.3028846
41.90077,0.3028846
41.92077,0.3028846
41.94077,0.3028846
41.96077,0.3028846
41.98077,0.3028846
42.00077,0.3028846
42.02077,0.3028846
42.04077,0.3028846
42.06077,0.3028846
42.08077,0.3028846
42.10077,0.3028846
42.12077,0.3028846
42.14077,0.3028846
42.16077,0.3028846
42.18077,0.3028846
42.20078,0.3028846
42.22078,0.3028846
42.24078,0.3028846
42.26078,0.3028846
42.28078,0.3028846
42.30078,0.3028846
42.32078,0.3028846
42.34078,0.3028846
42.36078,0.3028846
42.38078,0.3028846
42.40078,0.3028846
42.42078,0.3028846
42.44078,0.3028846
42.46078,0.3028846
42.48078,0.3028846
42.50078,0.3028846
42.52078,0.3028846
42.54078,0.3028846
42.56078,0.3028846
42.58078,0.3028846
42.60078,0.3028846
42.62078,0.3028846
42.64079,0.3028846
42.66079,0.3028846
42.68079,0.3028846
42.70079,0.3028846
42.72079,0.3028846
42.74079,0.3028846
42.76079,0.3028846
42.78079,0.3028846
42.80079,0.3028846
42.82079,0.3028846
42.84079,0.3028846
42.86079,0.3028846
42.88079,0.3028846
42.90079,0.3028846
42.92079,0.3028846
42.94079,0.3028846
42.96079,0.3028846
42.98079,0.3028846
43.00079,0.3028846
43.02079,0.3028846
43.04079,0.3028846
43.06079,0.3028846
43.0808,0.3028846
43.1008,0.3028846
43.1208,0.3028846
43.1408,0.3028846
43.1608,0.3028846
43.1808,0.3028846
43.2008,0.3028846
43.2208,0.3028846
43.2408,0.3028846
43.2608,0.3028846
43.2808,0.3028846
43.3008,0.3028846
43.3208,0.3028846
43.3408,0.3028846
43.3608,0.3028846
43.3808,0.3028846
43.4008,0.3028846
43.4208,0.3028846
43.4408,0.3028846
43.4608,0.3028846
43.4808,0.3028846
43.5008,0.3028846
43.52081,0.3028846
43.54081,0.3028846
43.56081,0.3028846
43.58081,0.3028846
43.60081,0.3028846
43.62081,0.3028846
43.64081,0.3028846
43.66081,0.3028846
43.68081,0.3028846
43.70081,0.3028846
43.72081,0.3028846
43.74081,0.3028846
43.76081,0.3028846
43.78081,0.3028846
43.80081,0.3028846
43.82081,0.3028846
43.84081,0.3028846
43.86081,0.3028846
43.88081,0.3028846
43.90081,0.3028846
43.92081,0.3028846
43.94081,0.3028846
43.96082,0.3028846
43.98082,0.3028846
44.00082,0.3028846
44.02082,0.3028846
44.04082,0.3028846
44.06082,0.3028846
44.08082,0.3028846
44.10082,0.3028846
44.12082,0.3125
44.14082,0.3125
44.16082,0.3125
44.18082,0.3125
44.20082,0.3125
44.22082,0.3125
44.24082,0.3125
44.26082,0.3125
44.28082,0.3125
44.30082,0.3125
44.32082,0.3125
44.34082,0.3125
44.36082,0.3125
44.38083,0.3125
44.40083,0.3125
44.42083,0.3125
44.44083,0.3125
44.46083,0.3125
44.48083,0.3125
44.50083,0.3125
44.52083,0.3125
44.54083,0.3125
44.56083,0.3125
44.58083,0.3125
44.60083,0.3125
44.62083,0.3125
44.64083,0.3125
44.66083,0.3125
44.68083,0.3125
44.70083,0.3125
44.72083,0.3125
44.74083,0.3125
44.76083,0.3125
44.78083,0.3125
44.80083,0.3125
44.82084,0.3125
44.84084,0.3125
44.86084,0.3125
44.88084,0.3125
44.90084,0.3125
44.92084,0.3125
44.94084,0.3125
44.96084,0.3125
44.98084,0.3125
45.00084,0.3125
45.02084,0.3125
45.04084,0.3125
45.06084,0.3125
45.08084,0.3125
45.10084,0.3125
45.12084,0.3125
45.14084,0.3125
45.16084,0.3125
45.18084,0.3125
45.20084,0.3125
45.22084,0.3125
45.24084,0.3125
45.26085,0.3125
45.28085,0.3125
45.30085,0.3125
45.32085,0.3125
45.34085,0.3125
45.36085,0.3125
45.38085,0.3125
45.40085,0.3125
45.42085,0.3125
45.44085,0.3125
45.46085,0.3125
45.48085,0.3125
45.50085,0.3125
45.52085,0.3125
45.54085,0.3125
45.56085,0.3125
45.58085,0.3125
45.60085,0.3125
45.62085,0.3125
45.64085,0.3125
45.66085,0.3125
45.68085,0.3125
45.70086,0.3125
45.72086,0.3125
45.74086,0.3125
45.76086,0.3125
45.78086,0.3125
45.80086,0.3125
45.82086,0.3125
45.84086,0.3125
45.86086,0.3125
45.88086,0.3125
45.90086,0.3125
45.92086,0.3125
45.94086,0.3125
45.96086,0.3125
45.98086,0.3125
46.00086,0.3125
46.02086,0.3125
46.04086,0.3125
46.06086,0.3125
46.08086,0.3125
46.10086,0.3125
46.12086,0.3125
46.14087,0.3125
46.16087,0.3125
46.18087,0.3125
46.20087,0.3125
46.22087,0.3125
46.24087,0.3125
46.26087,0.3125
46.28087,0.3125
46.30087,0.3125
46.32087,0.3125
46.34087,0.3125
46.36087,0.3125
46.38087,0.3125
46.40087,0.3125
46.42087,0.3125
46.44087,0.3125
46.46087,0.3125
46.48087,0.3125
46.50087,0.3125
46.52087,0.3125
46.54087,0.3125
46.56087,0.3125
46.58088,0.3125
46.60088,0.3125
46.62088,0.3125
46.64088,0.3125
46.66088,0.3125
46.68088,0.3125
46.70088,0.3125
46.72088,0.3125
46.74088,0.3125
46.76088,0.3125
46.78088,0.3125
46.80088,0.3125
46.82088,0.3125
46.84088,0.3125
46.86088,0.3125
46.88088,0.3125
46.90088,0.3125
46.92088,0.3125
46.94088,0.3125
46.96088,0.3125
46.98088,0.3125
47.00089,0.3125
47.02089,0.3125
47.04089,0.3125
47.06089,0.3125
47.08089,0.3125
47.10089,0.3125
47.12089,0.3125
47.14089,0.3125
47.16089,0.3125
47.18089,0.3125
47.20089,0.3125
47.22089,0.3125
47.24089,0.3125
47.26089,0.3125
47.28089,0.3125
47.30089,0.3125
47.32089,0.3125
47.34089,0.3125
47.36089,0.3125
47.38089,0.3125
47.40089,0.3125
47.42089,0.3125
47.4409,0.3125
47.4609,0.3125
47.4809,0.3125
47.5009,0.3125
47.5209,0.3125
47.5409,0.3125
47.5609,0.3125
47.5809,0.3125
47.6009,0.3125
47.6209,0.3125
47.6409,0.3125
47.6609,0.3125
47.6809,0.3125
47.7009,0.3125
47.7209,0.3125
47.7409,0.3125
47.7609,0.3125
47.7809,0.3125
47.8009,0.3125
47.8209,0.3125
47.8409,0.3125
47.8609,0.3125
47.88091,0.3125
47.90091,0.3125
47.92091,0.3125
47.94091,0.3125
47.96091,0.3125
47.98091,0.3125
48.00091,0.3125
48.02091,0.3125
48.04091,0.3125
48.06091,0.3125
48.08091,0.3125
48.10091,0.3125
48.12091,0.3125
48.14091,0.3125
48.16091,0.3125
48.18091,0.3125
48.20091,0.3125
48.22091,0.3125
48.24091,0.3125
48.26091,0.3125
48.28091,0.3125
48.30091,0.3125
48.32092,0.3125
48.34092,0.3125
48.36092,0.3125
48.38092,0.3125
48.40092,0.3125
48.42092,0.3125
48.44092,0.3125
48.46092,0.3125
48.48092,0.3125
48.50092,0.3125
48.52092,0.3125
48.54092,0.3125
48.56092,0.3125
48.58092,0.3125
48.60092,0.3125
48.62092,0.3125
48.64092,0.3125
48.66092,0.3125
48.68092,0.3125
48.70092,0.3125
48.72092,0.3125
48.74092,0.3125
48.76093,0.3125
48.78093,0.3125
48.80093,0.3125
48.82093,0.3125
48.84093,0.3125
48.86093,0.3125
48.88093,0.3173077
48.90093,0.3173077
48.92093,0.3173077
48.94093,0.3173077
48.96093,0.3173077
48.98093,0.3173077
49.00093,0.3173077
49.02093,0.3173077
49.04093,0.3173077
49.06093,0.3173077
49.08093,0.3173077
49.10093,0.3173077
49.12093,0.3173077
49.14093,0.3173077
49.16093,0.3173077
49.18093,0.3173077
49.20094,0.3173077
49.22094,0.3173077
49.24094,0.3173077
49.26094,0.3173077
49.28094,0.3173077
49.30094,0.3173077
49.32094,0.3173077
49.34094,0.3173077
49.36094,0.3173077
49.38094,0.3173077
49.40094,0.3173077
49.42094,0.3173077
49.44094,0.3173077
49.46094,0.3173077
49.48094,0.3173077
49.50094,0.3173077
49.52094,0.3173077
49.54094,0.3173077
49.56094,0.3173077
49.58094,0.3173077
49.60094,0.3173077
49.62094,0.3173077
49.64095,0.3173077
49.66095,0.3173077
49.68095,0.3173077
49.70095,0.3173077
49.72095,0.3173077
49.74095,0.3173077
49.76095,0.3173077
49.78095,0.3173077
49.80095,0.3173077
49.82095,0.3173077
49.84095,0.3173077
49.86095,0.3173077
49.88095,0.3173077
49.90095,0.3173077
49.92095,0.3173077
49.94095,0.3173077
49.96095,0.3173077
49.98095,0.3173077
50.00095,0.3173077
50.02095,0.3173077
50.04095,0.3173077
50.06096,0.3173077
50.08096,0.3173077
50.10096,0.3173077
50.12096,0.3173077
50.14096,0.3173077
50.16096,0.3173077
50.18096,0.3173077
50.20096,0.3173077
50.22096,0.3173077
50.24096,0.3173077
50.26096,0.3173077
50.28096,0.3173077
50.30096,0.3173077
50.32096,0.3173077
50.34096,0.3173077
50.36096,0.3173077
50.38096,0.3173077
50.40096,0.3173077
50.42096,0.3173077
50.44096,0.3173077
50.46096,0.3173077
50.48096,0.3173077
50.50097,0.3173077
50.52097,0.3173077
50.54097,0.3173077
50.56097,0.3173077
50.58097,0.3173077
50.60097,0.3173077
50.62097,0.3173077
50.64097,0.3173077
50.66097,0.3173077
50.68097,0.3221154
50.70097,0.3221154
50.72097,0.3221154
50.74097,0.3221154
50.76097,0.3221154
50.78097,0.3221154
50.80097,0.3221154
50.82097,0.3221154
50.84097,0.3221154
50.86097,0.3221154
50.88097,0.3221154
50.90097,0.3221154
50.92097,0.3221154
50.94098,0.3221154
50.96098,0.3221154
50.98098,0.3221154
51.00098,0.3221154
51.02098,0.3221154
51.04098,0.3221154
51.06098,0.3221154
51.08098,0.3221154
51.10098,0.3221154
51.12098,0.3221154
51.14098,0.3221154
51.16098,0.3221154
51.18098,0.3221154
51.20098,0.3221154
51.22098,0.3221154
51.24098,0.3221154
51.26098,0.3221154
51.28098,0.3221154
51.30098,0.3221154
51.32098,0.3221154
51.34098,0.3221154
51.36098,0.3221154
51.38099,0.3221154
51.40099,0.3221154
51.42099,0.3221154
51.44099,0.3221154
51.46099,0.3221154
51.48099,0.3221154
51.50099,0.3221154
51.52099,0.3221154
51.54099,0.3221154
51.56099,0.3221154
51.58099,0.3221154
51.60099,0.3221154
51.62099,0.3221154
51.64099,0.3221154
51.66099,0.3221154
51.68099,0.3221154
51.70099,0.3221154
51.72099,0.3221154
51.74099,0.3221154
51.76099,0.3221154
51.78099,0.3221154
51.80099,0.3221154
51.821,0.3221154
51.841,0.3221154
51.861,0.3221154
51.881,0.3221154
51.901,0.3221154
51.921,0.3221154
51.941,0.3221154
51.961,0.3221154
51.981,0.3221154
52.001,0.3221154
52.021,0.3221154
52.041,0.3221154
52.061,0.3221154
52.081,0.3221154
52.101,0.3221154
52.121,0.3221154
52.141,0.3221154
52.161,0.3221154
52.181,0.3221154
52.201,0.3221154
52.221,0.3221154
52.241,0.3221154
52.26101,0.3221154
52.28101,0.3221154
52.30101,0.3221154
52.32101,0.3221154
52.34101,0.3221154
52.36101,0.3221154
52.38101,0.3221154
52.40101,0.3221154
52.42101,0.3221154
52.44101,0.3221154
52.46101,0.3221154
52.48101,0.3221154
52.50101,0.3221154
52.52101,0.3221154
52.54101,0.3365385
52.56101,0.3365385
52.58101,0.3365385
52.60101,0.3365385
52.62101,0.3365385
52.64101,0.3365385
52.66101,0.3365385
52.68102,0.3365385
52.70102,0.3365385
52.72102,0.3365385
52.74102,0.3365385
52.76102,0.3365385
52.78102,0.3365385
52.80102,0.3365385
52.82102,0.3365385
52.84102,0.3365385
52.86102,0.3365385
52.88102,0.3365385
52.90102,0.3365385
52.92102,0.3365385
52.94102,0.3365385
52.96102,0.3365385
52.98102,0.3365385
53.00102,0.3365385
53.02102,0.3365385
53.04102,0.3365385
53.06102,0.3365385
53.08102,0.3365385
53.10102,0.3365385
53.12103,0.3365385
53.14103,0.3365385
53.16103,0.3365385
53.18103,0.3365385
53.20103,0.3365385
53.22103,0.3365385
53.24103,0.3365385
53.26103,0.3365385
53.28103,0.3365385
53.30103,0.3365385
53.32103,0.3365385
53.34103,0.3365385
53.36103,0.3365385
53.38103,0.3365385
53.40103,0.3365385
53.42103,0.3365385
53.44103,0.3365385
53.46103,0.3365385
53.48103,0.3365385
53.50103,0.3365385
53.52103,0.3365385
53.54103,0.3365385
53.56104,0.3365385
53.58104,0.3365385
53.60104,0.3365385
53.62104,0.3365385
53.64104,0.3365385
53.66104,0.3365385
53.68104,0.3365385
53.70104,0.3365385
53.72104,0.3365385
53.74104,0.3365385
53.76104,0.3365385
53.78104,0.3365385
53.80104,0.3365385
53.82104,0.3365385
53.84104,0.3365385
53.86104,0.3365385
53.88104,0.3365385
53.90104,0.3365385
53.92104,0.3365385
53.94104,0.3365385
53.96104,0.3365385
53.98104,0.3365385
54.00105,0.3365385
54.02105,0.3365385
54.04105,0.3365385
54.06105,0.3365385
54.08105,0.3365385
54.10105,0.3365385
54.12105,0.3365385
54.14105,0.3365385
54.16105,0.3365385
54.18105,0.3605769
54.20105,0.3605769
54.22105,0.3605769
54.24105,0.3605769
54.26105,0.3605769
54.28105,0.3605769
54.30105,0.3605769
54.32105,0.3605769
54.34105,0.3605769
54.36105,0.3605769
54.38105,0.3605769
54.40105,0.3605769
54.42105,0.3605769
54.44106,0.3605769
54.46106,0.3605769
54.48106,0.3605769
54.50106,0.3605769
54.52106,0.3605769
54.54106,0.3605769
54.56106,0.3605769
54.58106,0.3605769
54.60106,0.3605769
54.62106,0.3605769
54.64106,0.3605769
54.66106,0.3605769
54.68106,0.3605769
54.70106,0.3605769
54.72106,0.3605769
54.74106,0.3605769
54.76106,0.3605769
54.78106,0.3605769
54.80106,0.3605769
54.82106,0.3605769
54.84106,0.3605769
54.86106,0.3605769
54.88107,0.3605769
54.90107,0.3605769
54.92107,0.3605769
54.94107,0.3605769
54.96107,0.3605769
54.98107,0.3605769
55.00107,0.3605769
55.02107,0.3605769
55.04107,0.3605769
55.06107,0.3605769
55.08107,0.3605769
55.10107,0.3605769
55.12107,0.3605769
55.14107,0.3605769
55.16107,0.3605769
55.18107,0.3605769
55.20107,0.3605769
55.22107,0.3605769
55.24107,0.3605769
55.26107,0.3605769
55.28107,0.3605769
55.30107,0.3605769
55.32108,0.3605769
55.34108,0.3605769
55.36108,0.3605769
55.38108,0.3605769
55.40108,0.3605769
55.42108,0.3605769
55.44108,0.3605769
55.46108,0.3605769
55.48108,0.3605769
55.50108,0.3605769
55.52108,0.3605769
55.54108,0.3605769
55.56108,0.3605769
55.58108,0.3605769
55.60108,0.3605769
55.62108,0.3605769
55.64108,0.3605769
55.66108,0.3605769
55.68108,0.3605769
55.70108,0.3605769
55.72108,0.3605769
55.74109,0.3605769
55.76109,0.3990385
55.78109,0.3990385
55.80109,0.3990385
55.82109,0.3990385
55.84109,0.3990385
55.86109,0.3990385
55.88109,0.3990385
55.90109,0.3990385
55.92109,0.3990385
55.94109,0.3990385
55.96109,0.3990385
55.98109,0.3990385
56.00109,0.3990385
56.02109,0.3990385
56.04109,0.3990385
56.06109,0.3990385
56.08109,0.3990385
56.10109,0.3990385
56.12109,0.3990385
56.14109,0.3990385
56.16109,0.3990385
56.1811,0.3990385
56.2011,0.3990385
56.2211,0.3990385
56.2411,0.3990385
56.2611,0.3990385
56.2811,0.3990385
56.3011,0.3990385
56.3211,0.3990385
56.3411,0.3990385
56.3611,0.3990385
56.3811,0.3990385
56.4011,0.3990385
56.4211,0.3990385
56.4411,0.3990385
56.4611,0.3990385
56.4811,0.3990385
56.5011,0.3990385
56.5211,0.3990385
56.5411,0.3990385
56.5611,0.3990385
56.5811,0.3990385
56.6011,0.3990385
56.62111,0.3990385
56.64111,0.3990385
56.66111,0.3990385
56.68111,0.3990385
56.70111,0.3990385
56.72111,0.3990385
56.74111,0.3990385
56.76111,0.3990385
56.78111,0.3990385
56.80111,0.3990385
56.82111,0.3990385
56.84111,0.3990385
56.86111,0.3990385
56.88111,0.3990385
56.90111,0.3990385
56.92111,0.3990385
56.94111,0.3990385
56.96111,0.3990385
56.98111,0.3990385
57.00111,0.3990385
57.02111,0.3990385
57.04111,0.3990385
57.06112,0.3990385
57.08112,0.3990385
57.10112,0.3990385
57.12112,0.3990385
57.14112,0.3990385
57.16112,0.3990385
57.18112,0.3990385
57.20112,0.3990385
57.22112,0.3990385
57.24112,0.3990385
57.26112,0.3990385
57.28112,0.4134615
57.30112,0.4134615
57.32112,0.4134615
57.34112,0.4134615
57.36112,0.4134615
57.38112,0.4134615
57.40112,0.4134615
57.42112,0.4134615
57.44112,0.4134615
57.46112,0.4134615
57.48112,0.4134615
57.50113,0.4134615
57.52113,0.4134615
57.54113,0.4134615
57.56113,0.4134615
57.58113,0.4134615
57.60113,0.4134615
57.62113,0.4134615
57.64113,0.4134615
57.66113,0.4134615
57.68113,0.4134615
57.70113,0.4134615
57.72113,0.4134615
57.74113,0.4134615
57.76113,0.4134615
57.78113,0.4134615
57.80113,0.4134615
57.82113,0.4134615
57.84113,0.4134615
57.86113,0.4134615
57.88113,0.4134615
57.90113,0.4134615
57.92113,0.4134615
57.94114,0.4134615
57.96114,0.4134615
57.98114,0.4134615
58.00114,0.4134615
58.02114,0.4134615
58.04114,0.4134615
58.06114,0.4134615
58.08114,0.4134615
58.10114,0.4134615
58.12114,0.4134615
58.14114,0.4134615
58.16114,0.4134615
58.18114,0.4134615
58.20114,0.4134615
58.22114,0.4134615
58.24114,0.4134615
58.26114,0.4134615
58.28114,0.4134615
58.30114,0.4134615
58.32114,0.4134615
58.34114,0.4134615
58.36115,0.4134615
58.38115,0.4134615
58.40115,0.4134615
58.42115,0.4134615
58.44115,0.4134615
58.46115,0.4134615
58.48115,0.4134615
58.50115,0.4134615
58.52115,0.4134615
58.54115,0.4134615
58.56115,0.4134615
58.58115,0.4134615
58.60115,0.4134615
58.62115,0.4134615
58.64115,0.4134615
58.66115,0.4134615
58.68115,0.4134615
58.70115,0.4134615
58.72115,0.4134615
58.74115,0.4134615
58.76115,0.4134615
58.78115,0.4134615
58.80116,0.4134615
58.82116,0.4134615
58.84116,0.4134615
58.86116,0.4134615
58.88116,0.4134615
58.90116,0.4134615
58.92116,0.4134615
58.94116,0.4134615
58.96116,0.4230769
58.98116,0.4230769
59.00116,0.4230769
59.02116,0.4230769
59.04116,0.4230769
59.06116,0.4230769
59.08116,0.4230769
59.10116,0.4230769
59.12116,0.4230769
59.14116,0.4230769
59.16116,0.4230769
59.18116,0.4230769
59.20116,0.4230769
59.22116,0.4230769
59.24117,0.4230769
59.26117,0.4230769
59.28117,0.4230769
59.30117,0.4230769
59.32117,0.4230769
59.34117,0.4230769
59.36117,0.4230769
59.38117,0.4230769
59.40117,0.4230769
59.42117,0.4230769
59.44117,0.4230769
59.46117,0.4230769
59.48117,0.4230769
59.50117,0.4230769
59.52117,0.4230769
59.54117,0.4230769
59.56117,0.4230769
59.58117,0.4230769
59.60117,0.4230769
59.62117,0.4230769
59.64117,0.4230769
59.66117,0.4230769
59.68118,0.4230769
59.70118,0.4230769
59.72118,0.4230769
59.74118,0.4230769
59.76118,0.4230769
59.78118,0.4230769
59.80118,0.4230769
59.82118,0.4230769
59.84118,0.4230769
59.86118,0.4230769
59.88118,0.4230769
59.90118,0.4230769
59.92118,0.4230769
59.94118,0.4230769
59.96118,0.4230769
59.98118,0.4230769
60.00118,0.4230769
60.02118,0.4230769
60.04118,0.4230769
60.06118,0.4230769
60.08118,0.4230769
60.10118,0.4230769
60.12119,0.4230769
60.14119,0.4230769
60.16119,0.4230769
60.18119,0.4230769
60.20119,0.4230769
60.22119,0.4230769
60.24119,0.4230769
60.26119,0.4230769
60.28119,0.4230769
60.30119,0.4230769
60.32119,0.4230769
60.34119,0.4230769
60.36119,0.4230769
60.38119,0.4230769
60.40119,0.4230769
60.42119,0.4230769
60.44119,0.4230769
60.46119,0.4230769
60.48119,0.4230769
60.50119,0.4230769
60.52119,0.4230769
60.54119,0.4230769
60.5612,0.4230769
60.5812,0.4230769
60.6012,0.4230769
60.6212,0.4375
60.6412,0.4375
60.6612,0.4375
60.6812,0.4375
60.7012,0.4375
60.7212,0.4375
60.7412,0.4375
60.7612,0.4375
60.7812,0.4375
60.8012,0.4375
60.8212,0.4375
60.8412,0.4375
60.8612,0.4375
60.8812,0.4375
60.9012,0.4375
60.9212,0.4375
60.9412,0.4375
60.9612,0.4375
60.9812,0.4375
61.00121,0.4375
61.02121,0.4375
61.04121,0.4375
61.06121,0.4375
61.08121,0.4375
61.10121,0.4375
61.12121,0.4375
61.14121,0.4375
61.16121,0.4375
61.18121,0.4375
61.20121,0.4375
61.22121,0.4375
61.24121,0.4375
61.26121,0.4375
61.28121,0.4375
61.30121,0.4375
61.32121,0.4375
61.34121,0.4375
61.36121,0.4375
61.38121,0.4375
61.40121,0.4375
61.42122,0.4375
61.44122,0.4375
61.46122,0.4375
61.48122,0.4375
61.50122,0.4375
61.52122,0.4375
61.54122,0.4375
61.56122,0.4375
61.58122,0.4375
61.60122,0.4375
61.62122,0.4375
61.64122,0.4375
61.66122,0.4375
61.68122,0.4375
61.70122,0.4375
61.72122,0.4375
61.74122,0.4375
61.76122,0.4375
61.78122,0.4375
61.80122,0.4375
61.82122,0.4375
61.84122,0.4375
61.86123,0.4375
61.88123,0.4375
61.90123,0.4375
61.92123,0.4375
61.94123,0.4375
61.96123,0.4375
61.98123,0.4375
62.00123,0.4375
62.02123,0.4375
62.04123,0.4375
62.06123,0.4375
62.08123,0.4375
62.10123,0.4375
62.12123,0.4375
62.14123,0.4375
62.16123,0.4375
62.18123,0.4375
62.20123,0.4375
62.22123,0.4375
62.24123,0.4375
62.26123,0.4375
62.28123,0.4375
62.30124,0.4375
62.32124,0.4375
62.34124,0.4471154
62.36124,0.4471154
62.38124,0.4471154
62.40124,0.4471154
62.42124,0.4471154
62.44124,0.4471154
62.46124,0.4471154
62.48124,0.4471154
62.50124,0.4471154
62.52124,0.4471154
62.54124,0.4471154
62.56124,0.4471154
62.58124,0.4471154
62.60124,0.4471154
62.62124,0.4471154
62.64124,0.4471154
62.66124,0.4471154
62.68124,0.4471154
62.70124,0.4471154
62.72124,0.4471154
62.74125,0.4471154
62.76125,0.4471154
62.78125,0.4471154
62.80125,0.4471154
62.82125,0.4471154
62.84125,0.4471154
62.86125,0.4471154
62.88125,0.4471154
62.90125,0.4471154
62.92125,0.4471154
62.94125,0.4471154
62.96125,0.4471154
62.98125,0.4471154
63.00125,0.4471154
63.02125,0.4471154
63.04125,0.4471154
63.06125,0.4471154
63.08125,0.4471154
63.10125,0.4471154
63.12125,0.4471154
63.14125,0.4471154
63.16125,0.4471154
63.18126,0.4471154
63.20126,0.4471154
63.22126,0.4471154
63.24126,0.4471154
63.26126,0.4471154
63.28126,0.4471154
63.30126,0.4471154
63.32126,0.4471154
63.34126,0.4471154
63.36126,0.4471154
63.38126,0.4471154
63.40126,0.4471154
63.42126,0.4471154
63.44126,0.4471154
63.46126,0.4471154
63.48126,0.4471154
63.50126,0.4471154
63.52126,0.4471154
63.54126,0.4471154
63.56126,0.4471154
63.58126,0.4471154
63.60126,0.4471154
63.62127,0.4471154
63.64127,0.4471154
63.66127,0.4471154
63.68127,0.4471154
63.70127,0.4471154
63.72127,0.4471154
63.74127,0.4471154
63.76127,0.4471154
63.78127,0.4471154
63.80127,0.4471154
63.82127,0.4471154
63.84127,0.4471154
63.86127,0.4471154
63.88127,0.4471154
63.90127,0.4471154
63.92127,0.4471154
63.94127,0.4471154
63.96127,0.4471154
63.98127,0.4471154
64.00127,0.4471154
64.02127,0.4471154
64.04127,0.4471154
64.06126,0.4471154
64.08126,0.4471154
64.10126,0.4471154
64.12125,0.4471154
64.14125,0.4471154
64.16125,0.4471154
64.18124,0.4471154
64.20124,0.4471154
64.22124,0.4471154
64.24123,0.4471154
64.26123,0.4471154
64.28123,0.4471154
64.30122,0.4471154
64.32122,0.4471154
64.34122,0.4471154
64.36121,0.4471154
64.38121,0.4471154
64.40121,0.4471154
64.4212,0.4471154
64.4412,0.4471154
64.4612,0.4471154
64.48119,0.4471154
64.50119,0.4471154
64.52119,0.4471154
64.54118,0.4471154
64.56118,0.4471154
64.58118,0.4471154
64.60117,0.4471154
64.62117,0.4471154
64.64117,0.4471154
64.66116,0.4471154
64.68116,0.4471154
64.70116,0.4471154
64.72115,0.4471154
64.74115,0.4471154
64.76115,0.4471154
64.78114,0.4471154
64.80114,0.4471154
64.82114,0.4471154
64.84113,0.4471154
64.86113,0.4471154
64.88113,0.4471154
64.90112,0.4471154
64.92112,0.4471154
64.94112,0.4471154
64.96111,0.4471154
64.98111,0.4471154
65.00111,0.4471154
65.0211,0.4471154
65.0411,0.4471154
65.0611,0.4471154
65.08109,0.4471154
65.10109,0.4471154
65.12109,0.4471154
65.14108,0.4471154
65.16108,0.4471154
65.18108,0.4471154
65.20107,0.4471154
65.22107,0.4471154
65.24107,0.4471154
65.26106,0.4471154
65.28106,0.4471154
65.30106,0.4471154
65.32105,0.4471154
65.34105,0.4471154
65.36105,0.4471154
65.38104,0.4471154
65.40104,0.4471154
65.42104,0.4471154
65.44103,0.4471154
65.46103,0.4471154
65.48103,0.4471154
65.50102,0.4471154
65.52102,0.4519231
65.54102,0.4519231
65.56101,0.4519231
65.58101,0.4519231
65.60101,0.4519231
65.621,0.4519231
65.641,0.4519231
65.661,0.4519231
65.68099,0.4519231
65.70099,0.4519231
65.72099,0.4519231
65.74098,0.4519231
65.76098,0.4519231
65.78098,0.4519231
65.80097,0.4519231
65.82097,0.4519231
65.84097,0.4519231
65.86096,0.4519231
65.88096,0.4519231
65.90096,0.4519231
65.92095,0.4519231
65.94095,0.4519231
65.96095,0.4519231
65.98094,0.4519231
66.00094,0.4519231
66.02094,0.4519231
66.04093,0.4519231
66.06093,0.4519231
66.08092,0.4519231
66.10092,0.4519231
66.12092,0.4519231
66.14091,0.4519231
66.16091,0.4519231
66.18091,0.4519231
66.2009,0.4519231
66.2209,0.4519231
66.2409,0.4519231
66.26089,0.4519231
66.28089,0.4519231
66.30089,0.4519231
66.32088,0.4519231
66.34088,0.4519231
66.36088,0.4519231
66.38087,0.4519231
66.40087,0.4519231
66.42087,0.4519231
66.44086,0.4519231
66.46086,0.4519231
66.48086,0.4519231
66.50085,0.4519231
66.52085,0.4519231
66.54085,0.4519231
66.56084,0.4519231
66.58084,0.4519231
66.60084,0.4519231
66.62083,0.4519231
66.64083,0.4519231
66.66083,0.4519231
66.68082,0.4519231
66.70082,0.4519231
66.72082,0.4519231
66.74081,0.4519231
66.76081,0.4519231
66.78081,0.4519231
66.8008,0.4519231
66.8208,0.4519231
66.8408,0.4519231
66.86079,0.4519231
66.88079,0.4519231
66.90079,0.4519231
66.92078,0.4519231
66.94078,0.4519231
66.96078,0.4519231
66.98077,0.4519231
67.00077,0.4519231
67.02077,0.4519231
67.04076,0.4519231
67.06076,0.4663461
67.08076,0.4663461
67.10075,0.4663461
67.12075,0.4663461
67.14075,0.4663461
67.16074,0.4663461
67.18074,0.4663461
67.20074,0.4663461
67.22073,0.4663461
67.24073,0.4663461
67.26073,0.4663461
67.28072,0.4663461
67.30072,0.4663461
67.32072,0.4663461
67.34071,0.4663461
67.36071,0.4663461
67.38071,0.4663461
67.4007,0.4663461
67.4207,0.4663461
67.4407,0.4663461
67.46069,0.4663461
67.48069,0.4663461
67.50069,0.4663461
67.52068,0.4663461
67.54068,0.4663461
67.56068,0.4663461
67.58067,0.4663461
67.60067,0.4663461
67.62067,0.4663461
67.64066,0.4663461
67.66066,0.4663461
67.68066,0.4663461
67.70065,0.4663461
67.72065,0.4663461
67.74065,0.4663461
67.76064,0.4663461
67.78064,0.4663461
67.80064,0.4663461
67.82063,0.4663461
67.84063,0.4663461
67.86063,0.4663461
67.88062,0.4663461
67.90062,0.4663461
67.92062,0.4663461
67.94061,0.4663461
67.96061,0.4663461
67.98061,0.4663461
68.0006,0.4663461
68.0206,0.4663461
68.0406,0.4663461
68.06059,0.4663461
68.08059,0.4663461
68.10059,0.4663461
68.12058,0.4663461
68.14058,0.4663461
68.16058,0.4663461
68.18057,0.4663461
68.20057,0.4663461
68.22057,0.4663461
68.24056,0.4663461
68.26056,0.4663461
68.28056,0.4663461
68.30055,0.4663461
68.32055,0.4663461
68.34055,0.4663461
68.36054,0.4663461
68.38054,0.4663461
68.40054,0.4663461
68.42053,0.4663461
68.44053,0.4663461
68.46053,0.4663461
68.48052,0.4663461
68.50052,0.4663461
68.52052,0.4663461
68.54051,0.4663461
68.56051,0.4663461
68.58051,0.4663461
68.6005,0.4663461
68.6205,0.4663461
68.6405,0.4807692
68.66049,0.4807692
68.68049,0.4807692
68.70049,0.4807692
68.72048,0.4807692
68.74048,0.4807692
68.76048,0.4807692
68.78047,0.4807692
68.80047,0.4807692
68.82047,0.4807692
68.84046,0.4807692
68.86046,0.4807692
68.88046,0.4807692
68.90045,0.4807692
68.92045,0.4807692
68.94044,0.4807692
68.96044,0.4807692
68.98044,0.4807692
69.00043,0.4807692
69.02043,0.4807692
69.04043,0.4807692
69.06042,0.4807692
69.08042,0.4807692
69.10042,0.4807692
69.12041,0.4807692
69.14041,0.4807692
69.16041,0.4807692
69.1804,0.4807692
69.2004,0.4807692
69.2204,0.4807692
69.24039,0.4807692
69.26039,0.4807692
69.28039,0.4807692
69.30038,0.4807692
69.32038,0.4807692
69.34038,0.4807692
69.36037,0.4807692
69.38037,0.4807692
69.40037,0.4807692
69.42036,0.4807692
69.44036,0.4807692
69.46036,0.4807692
69.48035,0.4807692
69.50035,0.4807692
69.52035,0.4807692
69.54034,0.4807692
69.56034,0.4807692
69.58034,0.4807692
69.60033,0.4807692
69.62033,0.4807692
69.64033,0.4807692
69.66032,0.4807692
69.68032,0.4807692
69.70032,0.4807692
69.72031,0.4807692
69.74031,0.4807692
69.76031,0.4807692
69.7803,0.4807692
69.8003,0.4807692
69.8203,0.4807692
69.84029,0.4807692
69.86029,0.4807692
69.88029,0.4807692
69.90028,0.4807692
69.92028,0.4807692
69.94028,0.4807692
69.96027,0.4807692
69.98027,0.4807692
70.00027,0.4807692
70.02026,0.4807692
70.04026,0.4807692
70.06026,0.4807692
70.08025,0.4807692
70.10025,0.4807692
70.12025,0.4807692
70.14024,0.4807692
70.16024,0.4807692
70.18024,0.4855769
70.20023,0.4855769
70.22023,0.4855769
70.24023,0.4855769
70.26022,0.4855769
70.28022,0.4855769
70.30022,0.4855769
70.32021,0.4855769
70.34021,0.4855769
70.36021,0.4855769
70.3802,0.4855769
70.4002,0.4855769
70.4202,0.4855769
70.44019,0.4855769
70.46019,0.4855769
70.48019,0.4855769
70.50018,0.4855769
70.52018,0.4855769
70.54018,0.4855769
70.56017,0.4855769
70.58017,0.4855769
70.60017,0.4855769
70.62016,0.4855769
70.64016,0.4855769
70.66016,0.4855769
70.68015,0.4855769
70.70015,0.4855769
70.72015,0.4855769
70.74014,0.4855769
70.76014,0.4855769
70.78014,0.4855769
70.80013,0.4855769
70.82013,0.4855769
70.84013,0.4855769
70.86012,0.4855769
70.88012,0.4855769
70.90012,0.4855769
70.92011,0.4855769
70.94011,0.4855769
70.96011,0.4855769
70.9801,0.4855769
71.0001,0.4855769
71.0201,0.4855769
71.04009,0.4855769
71.06009,0.4855769
71.08009,0.4855769
71.10008,0.4855769
71.12008,0.4855769
71.14008,0.4855769
71.16007,0.4855769
71.18007,0.4855769
71.20007,0.4855769
71.22006,0.4855769
71.24006,0.4855769
71.26006,0.4855769
71.28005,0.4855769
71.30005,0.4855769
71.32005,0.4855769
71.34004,0.4855769
71.36004,0.4855769
71.38004,0.4855769
71.40003,0.4855769
71.42003,0.4855769
71.44003,0.4855769
71.46002,0.4855769
71.48002,0.4855769
71.50002,0.4855769
71.52001,0.4855769
71.54001,0.4855769
71.56001,0.4855769
71.58,0.4855769
71.6,0.4855769
71.62,0.4855769
71.63999,0.4855769
71.65999,0.4855769
71.67999,0.4855769
71.69998,0.4951923
71.71998,0.4951923
71.73997,0.4951923
71.75997,0.4951923
71.77997,0.4951923
71.79996,0.4951923
71.81996,0.4951923
71.83996,0.4951923
71.85995,0.4951923
71.87995,0.4951923
71.89995,0.4951923
71.91994,0.4951923
71.93994,0.4951923
71.95994,0.4951923
71.97993,0.4951923
71.99993,0.4951923
72.01993,0.4951923
72.03992,0.4951923
72.05992,0.4951923
72.07992,0.4951923
72.09991,0.4951923
72.11991,0.4951923
72.13991,0.4951923
72.1599,0.4951923
72.1799,0.4951923
72.1999,0.4951923
72.21989,0.4951923
72.23989,0.4951923
72.25989,0.4951923
72.27988,0.4951923
72.29988,0.4951923
72.31988,0.4951923
72.33987,0.4951923
72.35987,0.4951923
72.37987,0.4951923
72.39986,0.4951923
72.41986,0.4951923
72.43986,0.4951923
72.45985,0.4951923
72.47985,0.4951923
72.49985,0.4951923
72.51984,0.4951923
72.53984,0.4951923
72.55984,0.4951923
72.57983,0.4951923
72.59983,0.4951923
72.61983,0.4951923
72.63982,0.4951923
72.65982,0.4951923
72.67982,0.4951923
72.69981,0.4951923
72.71981,0.4951923
72.73981,0.4951923
72.7598,0.4951923
72.7798,0.4951923
72.7998,0.4951923
72.81979,0.4951923
72.83979,0.4951923
72.85979,0.4951923
72.87978,0.4951923
72.89978,0.4951923
72.91978,0.4951923
72.93977,0.4951923
72.95977,0.4951923
72.97977,0.4951923
72.99976,0.4951923
73.01976,0.4951923
73.03976,0.4951923
73.05975,0.4951923
73.07975,0.4951923
73.09975,0.4951923
73.11974,0.4951923
73.13974,0.4951923
73.15974,0.4951923
73.17973,0.4951923
73.19973,0.4951923
73.21973,0.4951923
73.23972,0.4951923
73.25972,0.4951923
73.27972,0.4951923
73.29971,0.5096154
73.31971,0.5096154
73.33971,0.5096154
73.3597,0.5096154
73.3797,0.5096154
73.3997,0.5096154
73.41969,0.5096154
73.43969,0.5096154
73.45969,0.5096154
73.47968,0.5096154
73.49968,0.5096154
73.51968,0.5096154
73.53967,0.5096154
73.55967,0.5096154
73.57967,0.5096154
73.59966,0.5096154
73.61966,0.5096154
73.63966,0.5096154
73.65965,0.5096154
73.67965,0.5096154
73.69965,0.5096154
73.71964,0.5096154
73.73964,0.5096154
73.75964,0.5096154
73.77963,0.5096154
73.79963,0.5096154
73.81963,0.5096154
73.83962,0.5096154
73.85962,0.5096154
73.87962,0.5096154
73.89961,0.5096154
73.91961,0.5096154
73.93961,0.5096154
73.9596,0.5096154
73.9796,0.5096154
73.9996,0.5096154
74.01959,0.5096154
74.03959,0.5096154
74.05959,0.5096154
74.07958,0.5096154
74.09958,0.5096154
74.11958,0.5096154
74.13957,0.5096154
74.15957,0.5096154
74.17957,0.5096154
74.19956,0.5096154
74.21956,0.5096154
74.23956,0.5096154
74.25955,0.5096154
74.27955,0.5096154
74.29955,0.5096154
74.31954,0.5096154
74.33954,0.5096154
74.35954,0.5096154
74.37953,0.5096154
74.39953,0.5096154
74.41953,0.5096154
74.43952,0.5096154
74.45952,0.5096154
74.47952,0.5096154
74.49951,0.5096154
74.51951,0.5096154
74.53951,0.5096154
74.5595,0.5096154
74.5795,0.5096154
74.59949,0.5096154
74.61949,0.5096154
74.63949,0.5096154
74.65948,0.5096154
74.67948,0.5096154
74.69948,0.5096154
74.71947,0.5096154
74.73947,0.5096154
74.75947,0.5096154
74.77946,0.5096154
74.79946,0.5096154
74.81946,0.5144231
74.83945,0.5144231
74.85945,0.5144231
74.87945,0.5144231
74.89944,0.5144231
74.91944,0.5144231
74.93944,0.5144231
74.95943,0.5144231
74.97943,0.5144231
74.99943,0.5144231
75.01942,0.5144231
75.03942,0.5144231
75.05942,0.5144231
75.07941,0.5144231
75.09941,0.5144231
75.11941,0.5144231
75.1394,0.5144231
75.1594,0.5144231
75.1794,0.5144231
75.19939,0.5144231
75.21939,0.5144231
75.23939,0.5144231
75.25938,0.5144231
75.27938,0.5144231
75.29938,0.5144231
75.31937,0.5144231
75.33937,0.5144231
75.35937,0.5144231
75.37936,0.5144231
75.39936,0.5144231
75.41936,0.5144231
75.43935,0.5144231
75.45935,0.5144231
75.47935,0.5144231
75.49934,0.5144231
75.51934,0.5144231
75.53934,0.5144231
75.55933,0.5144231
75.57933,0.5144231
75.59933,0.5144231
75.61932,0.5144231
75.63932,0.5144231
75.65932,0.5144231
75.67931,0.5144231
75.69931,0.5144231
75.71931,0.5144231
75.7393,0.5144231
75.7593,0.5144231
75.7793,0.5144231
75.79929,0.5144231
75.81929,0.5144231
75.83929,0.5144231
75.85928,0.5144231
75.87928,0.5144231
75.89928,0.5144231
75.91927,0.5144231
75.93927,0.5144231
75.95927,0.5144231
75.97926,0.5144231
75.99926,0.5144231
76.01926,0.5144231
76.03925,0.5144231
76.05925,0.5144231
76.07925,0.5144231
76.09924,0.5144231
76.11924,0.5144231
76.13924,0.5144231
76.15923,0.5144231
76.17923,0.5144231
76.19923,0.5144231
76.21922,0.5144231
76.23922,0.5144231
76.25922,0.5144231
76.27921,0.5240384
76.29921,0.5240384
76.31921,0.5240384
76.3392,0.5240384
76.3592,0.5240384
76.3792,0.5240384
76.39919,0.5240384
76.41919,0.5240384
76.43919,0.5240384
76.45918,0.5240384
76.47918,0.5240384
76.49918,0.5240384
76.51917,0.5240384
76.53917,0.5240384
76.55917,0.5240384
76.57916,0.5240384
76.59916,0.5240384
76.61916,0.5240384
76.63915,0.5240384
76.65915,0.5240384
76.67915,0.5240384
76.69914,0.5240384
76.71914,0.5240384
76.73914,0.5240384
76.75913,0.5240384
76.77913,0.5240384
76.79913,0.5240384
76.81912,0.5240384
76.83912,0.5240384
76.85912,0.5240384
76.87911,0.5240384
76.89911,0.5240384
76.91911,0.5240384
76.9391,0.5240384
76.9591,0.5240384
76.9791,0.5240384
76.99909,0.5240384
77.01909,0.5240384
77.03909,0.5240384
77.05908,0.5240384
77.07908,0.5240384
77.09908,0.5240384
77.11907,0.5240384
77.13907,0.5240384
77.15907,0.5240384
77.17906,0.5240384
77.19906,0.5240384
77.21906,0.5240384
77.23905,0.5240384
77.25905,0.5240384
77.27905,0.5240384
77.29904,0.5240384
77.31904,0.5240384
77.33904,0.5240384
77.35903,0.5240384
77.37903,0.5240384
77.39902,0.5240384
77.41902,0.5240384
77.43902,0.5240384
77.45901,0.5240384
77.47901,0.5240384
77.49901,0.5240384
77.519,0.5240384
77.539,0.5240384
77.559,0.5240384
77.57899,0.5240384
77.59899,0.5240384
77.61899,0.5240384
77.63898,0.5240384
77.65898,0.5240384
77.67898,0.5240384
77.69897,0.5240384
77.71897,0.5240384
77.73897,0.5240384
77.75896,0.5336539
77.77896,0.5336539
77.79896,0.5336539
77.81895,0.5336539
77.83895,0.5336539
77.85895,0.5336539
77.87894,0.5336539
77.89894,0.5336539
77.91894,0.5336539
77.93893,0.5336539
77.95893,0.5336539
77.97893,0.5336539
77.99892,0.5336539
78.01892,0.5336539
78.03892,0.5336539
78.05891,0.5336539
78.07891,0.5336539
78.09891,0.5336539
78.1189,0.5336539
78.1389,0.5336539
78.1589,0.5336539
78.17889,0.5336539
78.19889,0.5336539
78.21889,0.5336539
78.23888,0.5336539
78.25888,0.5336539
78.27888,0.5336539
78.29887,0.5336539
78.31887,0.5336539
78.33887,0.5336539
78.35886,0.5336539
78.37886,0.5336539
78.39886,0.5336539
78.41885,0.5336539
78.43885,0.5336539
78.45885,0.5336539
78.47884,0.5336539
78.49884,0.5336539
78.51884,0.5336539
78.53883,0.5336539
78.55883,0.5336539
78.57883,0.5336539
78.59882,0.5336539
78.61882,0.5336539
78.63882,0.5336539
78.65881,0.5336539
78.67881,0.5336539
78.69881,0.5336539
78.7188,0.5336539
78.7388,0.5336539
78.7588,0.5336539
78.77879,0.5336539
78.79879,0.5336539
78.81879,0.5336539
78.83878,0.5336539
78.85878,0.5336539
78.87878,0.5336539
78.89877,0.5336539
78.91877,0.5336539
78.93877,0.5336539
78.95876,0.5336539
78.97876,0.5336539
78.99876,0.5336539
79.01875,0.5336539
79.03875,0.5336539
79.05875,0.5336539
79.07874,0.5336539
79.09874,0.5336539
79.11874,0.5336539
79.13873,0.5336539
79.15873,0.5336539
79.17873,0.5336539
79.19872,0.5336539
79.21872,0.5336539
79.23872,0.5336539
79.25871,0.5336539
79.27871,0.5336539
79.29871,0.5336539
79.3187,0.5336539
79.3387,0.5336539
79.3587,0.5336539
79.37869,0.5336539
79.39869,0.5336539
79.41869,0.5336539
79.43868,0.5336539
79.45868,0.5336539
79.47868,0.5336539
79.49867,0.5336539
79.51867,0.5336539
79.53867,0.5336539
79.55866,0.5336539
79.57866,0.5336539
79.59866,0.5336539
79.61865,0.5336539
79.63865,0.5336539
79.65865,0.5336539
79.67864,0.5336539
79.69864,0.5336539
79.71864,0.5336539
79.73863,0.5336539
79.75863,0.5336539
79.77863,0.5336539
79.79862,0.5336539
79.81862,0.5336539
79.83862,0.5336539
79.85861,0.5336539
79.87861,0.5336539
79.89861,0.5336539
79.9186,0.5336539
79.9386,0.5336539
79.9586,0.5336539
79.97859,0.5336539
79.99859,0.5336539
80.01859,0.5336539
80.03858,0.5336539
80.05858,0.5336539
80.07858,0.5336539
80.09857,0.5336539
80.11857,0.5336539
80.13857,0.5336539
80.15856,0.5336539
80.17856,0.5336539
80.19855,0.5336539
80.21855,0.5336539
80.23855,0.5336539
80.25854,0.5336539
80.27854,0.5336539
80.29854,0.5336539
80.31853,0.5336539
80.33853,0.5336539
80.35853,0.5336539
80.37852,0.5336539
80.39852,0.5336539
80.41852,0.5336539
80.43851,0.5336539
80.45851,0.5336539
80.47851,0.5336539
80.4985,0.5336539
80.5185,0.5336539
80.5385,0.5336539
80.55849,0.5336539
80.57849,0.5336539
80.59849,0.5336539
80.61848,0.5336539
80.63848,0.5336539
80.65848,0.5336539
80.67847,0.5336539
80.69847,0.5336539
80.71847,0.5336539
80.73846,0.5336539
80.75846,0.5336539
80.77846,0.5336539
80.79845,0.5336539
80.81845,0.5336539
80.83845,0.5432692
80.85844,0.5432692
80.87844,0.5432692
80.89844,0.5432692
80.91843,0.5432692
80.93843,0.5432692
80.95843,0.5432692
80.97842,0.5432692
80.99842,0.5432692
81.01842,0.5432692
81.03841,0.5432692
81.05841,0.5432692
81.07841,0.5432692
81.0984,0.5432692
81.1184,0.5432692
81.1384,0.5432692
81.15839,0.5432692
81.17839,0.5432692
81.19839,0.5432692
81.21838,0.5432692
81.23838,0.5432692
81.25838,0.5432692
81.27837,0.5432692
81.29837,0.5432692
81.31837,0.5432692
81.33836,0.5432692
81.35836,0.5432692
81.37836,0.5432692
81.39835,0.5432692
81.41835,0.5432692
81.43835,0.5432692
81.45834,0.5432692
81.47834,0.5432692
81.49834,0.5432692
81.51833,0.5432692
81.53833,0.5432692
81.55833,0.5432692
81.57832,0.5432692
81.59832,0.5432692
81.61832,0.5432692
81.63831,0.5432692
81.65831,0.5432692
81.67831,0.5432692
81.6983,0.5432692
81.7183,0.5432692
81.7383,0.5432692
81.75829,0.5432692
81.77829,0.5432692
81.79829,0.5432692
81.81828,0.5432692
81.83828,0.5432692
81.85828,0.5432692
81.87827,0.5432692
81.89827,0.5432692
81.91827,0.5432692
81.93826,0.5432692
81.95826,0.5432692
81.97826,0.5432692
81.99825,0.5432692
82.01825,0.5432692
82.03825,0.5432692
82.05824,0.5432692
82.07824,0.5432692
82.09824,0.5432692
82.11823,0.5432692
82.13823,0.5432692
82.15823,0.5432692
82.17822,0.5432692
82.19822,0.5432692
82.21822,0.5432692
82.23821,0.5432692
82.25821,0.5432692
82.27821,0.5432692
82.2982,0.5432692
82.3182,0.5432692
82.3382,0.5432692
82.35819,0.5576923
82.37819,0.5576923
82.39819,0.5576923
82.41818,0.5576923
82.43818,0.5576923
82.45818,0.5576923
82.47817,0.5576923
82.49817,0.5576923
82.51817,0.5576923
82.53816,0.5576923
82.55816,0.5576923
82.57816,0.5576923
82.59815,0.5576923
82.61815,0.5576923
82.63815,0.5576923
82.65814,0.5576923
82.67814,0.5576923
82.69814,0.5576923
82.71813,0.5576923
82.73813,0.5576923
82.75813,0.5576923
82.77812,0.5576923
82.79812,0.5576923
82.81812,0.5576923
82.83811,0.5576923
82.85811,0.5576923
82.87811,0.5576923
82.8981,0.5576923
82.9181,0.5576923
82.9381,0.5576923
82.95809,0.5576923
82.97809,0.5576923
82.99809,0.5576923
83.01808,0.5576923
83.03808,0.5576923
83.05807,0.5576923
83.07807,0.5576923
83.09807,0.5576923
83.11806,0.5576923
83.13806,0.5576923
83.15806,0.5576923
83.17805,0.5576923
83.19805,0.5576923
83.21805,0.5576923
83.23804,0.5576923
83.25804,0.5576923
83.27804,0.5576923
83.29803,0.5576923
83.31803,0.5576923
83.33803,0.5576923
83.35802,0.5576923
83.37802,0.5576923
83.39802,0.5576923
83.41801,0.5576923
83.43801,0.5576923
83.45801,0.5576923
83.478,0.5576923
83.498,0.5576923
83.518,0.5576923
83.53799,0.5576923
83.55799,0.5576923
83.57799,0.5576923
83.59798,0.5576923
83.61798,0.5576923
83.63798,0.5576923
83.65797,0.5576923
83.67797,0.5576923
83.69797,0.5576923
83.71796,0.5576923
83.73796,0.5576923
83.75796,0.5576923
83.77795,0.5576923
83.79795,0.5576923
83.81795,0.5576923
83.83794,0.5576923
83.85794,0.5576923
83.87794,0.5576923
83.89793,0.5576923
83.91793,0.5576923
83.93793,0.5576923
83.95792,0.5576923
83.97792,0.5576923
83.99792,0.5576923
84.01791,0.5576923
84.03791,0.5576923
84.05791,0.5576923
84.0779,0.5576923
84.0979,0.5576923
84.1179,0.5576923
84.13789,0.5576923
84.15789,0.5576923
84.17789,0.5576923
84.19788,0.5576923
84.21788,0.5576923
84.23788,0.5576923
84.25787,0.5576923
84.27787,0.5576923
84.29787,0.5576923
84.31786,0.5576923
84.33786,0.5576923
84.35786,0.5576923
84.37785,0.5576923
84.39785,0.5576923
84.41785,0.5576923
84.43784,0.5576923
84.45784,0.5576923
84.47784,0.5576923
84.49783,0.5576923
84.51783,0.5576923
84.53783,0.5576923
84.55782,0.5576923
84.57782,0.5576923
84.59782,0.5576923
84.61781,0.5576923
84.63781,0.5576923
84.65781,0.5576923
84.6778,0.5576923
84.6978,0.5576923
84.7178,0.5576923
84.73779,0.5576923
84.75779,0.5576923
84.77779,0.5576923
84.79778,0.5576923
84.81778,0.5576923
84.83778,0.5576923
84.85777,0.5576923
84.87777,0.5576923
84.89777,0.5576923
84.91776,0.5576923
84.93776,0.5576923
84.95776,0.5576923
84.97775,0.5576923
84.99775,0.5576923
85.01775,0.5576923
85.03774,0.5576923
85.05774,0.5576923
85.07774,0.5576923
85.09773,0.5576923
85.11773,0.5576923
85.13773,0.5576923
85.15772,0.5576923
85.17772,0.5576923
85.19772,0.5576923
85.21771,0.5576923
85.23771,0.5576923
85.25771,0.5576923
85.2777,0.5576923
85.2977,0.5576923
85.3177,0.5576923
85.33769,0.5576923
85.35769,0.5576923
85.37769,0.5576923
85.39768,0.5576923
85.41768,0.5576923
85.43768,0.5576923
85.45767,0.5576923
85.47767,0.5576923
85.49767,0.5576923
85.51766,0.5576923
85.53766,0.5576923
85.55766,0.5576923
85.57765,0.5576923
85.59765,0.5576923
85.61765,0.5576923
85.63764,0.5576923
85.65764,0.5576923
85.67764,0.5576923
85.69763,0.5576923
85.71763,0.5576923
85.73763,0.5576923
85.75762,0.5576923
85.77762,0.5576923
85.79762,0.5576923
85.81761,0.5576923
85.83761,0.5576923
85.8576,0.5576923
85.8776,0.5576923
85.8976,0.5576923
85.91759,0.5576923
85.93759,0.5576923
85.95759,0.5576923
85.97758,0.5576923
85.99758,0.5576923
86.01758,0.5576923
86.03757,0.5576923
86.05757,0.5576923
86.07757,0.5576923
86.09756,0.5576923
86.11756,0.5576923
86.13756,0.5576923
86.15755,0.5576923
86.17755,0.5576923
86.19755,0.5576923
86.21754,0.5576923
86.23754,0.5576923
86.25754,0.5576923
86.27753,0.5576923
86.29753,0.5576923
86.31753,0.5576923
86.33752,0.5576923
86.35752,0.5576923
86.37752,0.5576923
86.39751,0.5576923
86.41751,0.5576923
86.43751,0.5576923
86.4575,0.5576923
86.4775,0.5576923
86.4975,0.5576923
86.51749,0.5576923
86.53749,0.5576923
86.55749,0.5576923
86.57748,0.5576923
86.59748,0.5576923
86.61748,0.5576923
86.63747,0.5576923
86.65747,0.5576923
86.67747,0.5576923
86.69746,0.5576923
86.71746,0.5576923
86.73746,0.5576923
86.75745,0.5576923
86.77745,0.5576923
86.79745,0.5576923
86.81744,0.5576923
86.83744,0.5576923
86.85744,0.5576923
86.87743,0.5576923
86.89743,0.5576923
86.91743,0.5576923
86.93742,0.5576923
86.95742,0.5576923
86.97742,0.5576923
86.99741,0.5576923
87.01741,0.5673077
87.03741,0.5673077
87.0574,0.5673077
87.0774,0.5673077
87.0974,0.5673077
87.11739,0.5673077
87.13739,0.5673077
87.15739,0.5673077
87.17738,0.5673077
87.19738,0.5673077
87.21738,0.5673077
87.23737,0.5673077
87.25737,0.5673077
87.27737,0.5673077
87.29736,0.5673077
87.31736,0.5673077
87.33736,0.5673077
87.35735,0.5673077
87.37735,0.5673077
87.39735,0.5673077
87.41734,0.5673077
87.43734,0.5673077
87.45734,0.5673077
87.47733,0.5673077
87.49733,0.5673077
87.51733,0.5673077
87.53732,0.5673077
87.55732,0.5673077
87.57732,0.5673077
87.59731,0.5673077
87.61731,0.5673077
87.63731,0.5673077
87.6573,0.5673077
87.6773,0.5673077
87.6973,0.5673077
87.71729,0.5673077
87.73729,0.5673077
87.75729,0.5673077
87.77728,0.5673077
87.79728,0.5673077
87.81728,0.5673077
87.83727,0.5673077
87.85727,0.5673077
87.87727,0.5673077
87.89726,0.5673077
87.91726,0.5673077
87.93726,0.5673077
87.95725,0.5673077
87.97725,0.5673077
87.99725,0.5673077
88.01724,0.5673077
88.03724,0.5673077
88.05724,0.5673077
88.07723,0.5673077
88.09723,0.5673077
88.11723,0.5673077
88.13722,0.5673077
88.15722,0.5673077
88.17722,0.5673077
88.19721,0.5673077
88.21721,0.5673077
88.23721,0.5673077
88.2572,0.5673077
88.2772,0.5673077
88.2972,0.5673077
88.31719,0.5673077
88.33719,0.5673077
88.35719,0.5673077
88.37718,0.5673077
88.39718,0.5673077
88.41718,0.5673077
88.43717,0.5673077
88.45717,0.5673077
88.47717,0.5673077
88.49716,0.5673077
88.51716,0.5673077
88.53716,0.5673077
88.55715,0.5673077
88.57715,0.5673077
88.59715,0.5721154
88.61714,0.5721154
88.63714,0.5721154
88.65714,0.5721154
88.67713,0.5721154
88.69713,0.5721154
88.71712,0.5721154
88.73712,0.5721154
88.75712,0.5721154
88.77711,0.5721154
88.79711,0.5721154
88.81711,0.5721154
88.8371,0.5721154
88.8571,0.5721154
88.8771,0.5721154
88.89709,0.5721154
88.91709,0.5721154
88.93709,0.5721154
88.95708,0.5721154
88.97708,0.5721154
88.99708,0.5721154
89.01707,0.5721154
89.03707,0.5721154
89.05707,0.5721154
89.07706,0.5721154
89.09706,0.5721154
89.11706,0.5721154
89.13705,0.5721154
89.15705,0.5721154
89.17705,0.5721154
89.19704,0.5721154
89.21704,0.5721154
89.23704,0.5721154
89.25703,0.5721154
89.27703,0.5721154
89.29703,0.5721154
89.31702,0.5721154
89.33702,0.5721154
89.35702,0.5721154
89.37701,0.5721154
89.39701,0.5721154
89.41701,0.5721154
89.437,0.5721154
89.457,0.5721154
89.477,0.5721154
89.49699,0.5721154
89.51699,0.5721154
89.53699,0.5721154
89.55698,0.5721154
89.57698,0.5721154
89.59698,0.5721154
89.61697,0.5721154
89.63697,0.5721154
89.65697,0.5721154
89.67696,0.5721154
89.69696,0.5721154
89.71696,0.5721154
89.73695,0.5721154
89.75695,0.5721154
89.77695,0.5721154
89.79694,0.5721154
89.81694,0.5721154
89.83694,0.5721154
89.85693,0.5721154
89.87693,0.5721154
89.89693,0.5721154
89.91692,0.5721154
89.93692,0.5721154
89.95692,0.5721154
89.97691,0.5721154
89.99691,0.5721154
90.01691,0.5721154
90.0369,0.5721154
90.0569,0.5721154
90.0769,0.5721154
90.09689,0.5721154
90.11689,0.5721154
90.13689,0.5721154
90.15688,0.5721154
90.17688,0.5721154
90.19688,0.5721154
90.21687,0.5721154
90.23687,0.5721154
90.25687,0.5721154
90.27686,0.5721154
90.29686,0.5721154
90.31686,0.5721154
90.33685,0.5721154
90.35685,0.5721154
90.37685,0.5721154
90.39684,0.5721154
90.41684,0.5721154
90.43684,0.5721154
90.45683,0.5721154
90.47683,0.5721154
90.49683,0.5721154
90.51682,0.5721154
90.53682,0.5721154
90.55682,0.5721154
90.57681,0.5721154
90.59681,0.5721154
90.61681,0.5721154
90.6368,0.5721154
90.6568,0.5721154
90.6768,0.5721154
90.69679,0.5721154
90.71679,0.5721154
90.73679,0.5721154
90.75678,0.5721154
90.77678,0.5721154
90.79678,0.5721154
90.81677,0.5721154
90.83677,0.5721154
90.85677,0.5721154
90.87676,0.5721154
90.89676,0.5721154
90.91676,0.5721154
90.93675,0.5721154
90.95675,0.5721154
90.97675,0.5721154
90.99674,0.5721154
91.01674,0.5721154
91.03674,0.5721154
91.05673,0.5721154
91.07673,0.5721154
91.09673,0.5721154
91.11672,0.5721154
91.13672,0.5721154
91.15672,0.5721154
91.17671,0.5721154
91.19671,0.5721154
91.21671,0.5721154
91.2367,0.5721154
91.2567,0.5721154
91.2767,0.5721154
91.29669,0.5721154
91.31669,0.5721154
91.33669,0.5721154
91.35668,0.5721154
91.37668,0.5721154
91.39668,0.5721154
91.41667,0.5721154
91.43667,0.5721154
91.45667,0.5721154
91.47666,0.5721154
91.49666,0.5721154
91.51665,0.5721154
91.53665,0.5721154
91.55665,0.5721154
91.57664,0.5721154
91.59664,0.5721154
91.61664,0.5721154
91.63663,0.5721154
91.65663,0.5721154
91.67663,0.5721154
91.69662,0.5817308
91.71662,0.5817308
91.73662,0.5817308
91.75661,0.5817308
91.77661,0.5817308
91.79661,0.5817308
91.8166,0.5817308
91.8366,0.5817308
91.8566,0.5817308
91.87659,0.5817308
91.89659,0.5817308
91.91659,0.5817308
91.93658,0.5817308
91.95658,0.5817308
91.97658,0.5817308
91.99657,0.5817308
92.01657,0.5817308
92.03657,0.5817308
92.05656,0.5817308
92.07656,0.5817308
92.09656,0.5817308
92.11655,0.5817308
92.13655,0.5817308
92.15655,0.5817308
92.17654,0.5817308
92.19654,0.5817308
92.21654,0.5817308
92.23653,0.5817308
92.25653,0.5817308
92.27653,0.5817308
92.29652,0.5817308
92.31652,0.5817308
92.33652,0.5817308
92.35651,0.5817308
92.37651,0.5817308
92.39651,0.5817308
92.4165,0.5817308
92.4365,0.5817308
92.4565,0.5817308
92.47649,0.5817308
92.49649,0.5817308
92.51649,0.5817308
92.53648,0.5817308
92.55648,0.5817308
92.57648,0.5817308
92.59647,0.5817308
92.61647,0.5817308
92.63647,0.5817308
92.65646,0.5817308
92.67646,0.5817308
92.69646,0.5817308
92.71645,0.5817308
92.73645,0.5817308
92.75645,0.5817308
92.77644,0.5817308
92.79644,0.5817308
92.81644,0.5817308
92.83643,0.5817308
92.85643,0.5817308
92.87643,0.5817308
92.89642,0.5817308
92.91642,0.5817308
92.93642,0.5817308
92.95641,0.5817308
92.97641,0.5817308
92.99641,0.5817308
93.0164,0.5817308
93.0364,0.5817308
93.0564,0.5817308
93.07639,0.5817308
93.09639,0.5817308
93.11639,0.5817308
93.13638,0.5817308
93.15638,0.5817308
93.17638,0.5817308
93.19637,0.5817308
93.21637,0.5817308
93.23637,0.5817308
93.25636,0.5817308
93.27636,0.5817308
93.29636,0.5817308
93.31635,0.5817308
93.33635,0.5817308
93.35635,0.5817308
93.37634,0.5817308
93.39634,0.5817308
93.41634,0.5817308
93.43633,0.5817308
93.45633,0.5817308
93.47633,0.5817308
93.49632,0.5817308
93.51632,0.5817308
93.53632,0.5817308
93.55631,0.5817308
93.57631,0.5817308
93.59631,0.5817308
93.6163,0.5817308
93.6363,0.5817308
93.6563,0.5817308
93.67629,0.5817308
93.69629,0.5817308
93.71629,0.5817308
93.73628,0.5817308
93.75628,0.5817308
93.77628,0.5817308
93.79627,0.5817308
93.81627,0.5817308
93.83627,0.5817308
93.85626,0.5817308
93.87626,0.5817308
93.89626,0.5817308
93.91625,0.5817308
93.93625,0.5817308
93.95625,0.5817308
93.97624,0.5817308
93.99624,0.5817308
94.01624,0.5817308
94.03623,0.5817308
94.05623,0.5817308
94.07623,0.5817308
94.09622,0.5817308
94.11622,0.5817308
94.13622,0.5817308
94.15621,0.5817308
94.17621,0.5817308
94.19621,0.5817308
94.2162,0.5817308
94.2362,0.5817308
94.2562,0.5817308
94.27619,0.5817308
94.29619,0.5817308
94.31618,0.5817308
94.33618,0.5817308
94.35618,0.5817308
94.37617,0.5817308
94.39617,0.5817308
94.41617,0.5817308
94.43616,0.5817308
94.45616,0.5817308
94.47616,0.5817308
94.49615,0.5817308
94.51615,0.5817308
94.53615,0.5817308
94.55614,0.5817308
94.57614,0.5817308
94.59614,0.5817308
94.61613,0.5817308
94.63613,0.5817308
94.65613,0.5817308
94.67612,0.5817308
94.69612,0.5817308
94.71612,0.5817308
94.73611,0.5817308
94.75611,0.5865384
94.77611,0.5865384
94.7961,0.5865384
94.8161,0.5865384
94.8361,0.5865384
94.85609,0.5865384
94.87609,0.5865384
94.89609,0.5865384
94.91608,0.5865384
94.93608,0.5865384
94.95608,0.5865384
94.97607,0.5865384
94.99607,0.5865384
95.01607,0.5865384
95.03606,0.5865384
95.05606,0.5865384
95.07606,0.5865384
95.09605,0.5865384
95.11605,0.5865384
95.13605,0.5865384
95.15604,0.5865384
95.17604,0.5865384
95.19604,0.5865384
95.21603,0.5865384
95.23603,0.5865384
95.25603,0.5865384
95.27602,0.5865384
95.29602,0.5865384
95.31602,0.5865384
95.33601,0.5865384
95.35601,0.5865384
95.37601,0.5865384
95.396,0.5865384
95.416,0.5865384
95.436,0.5865384
95.45599,0.5865384
95.47599,0.5865384
95.49599,0.5865384
95.51598,0.5865384
95.53598,0.5865384
95.55598,0.5865384
95.57597,0.5865384
95.59597,0.5865384
95.61597,0.5865384
95.63596,0.5865384
95.65596,0.5865384
95.67596,0.5865384
95.69595,0.5865384
95.71595,0.5865384
95.73595,0.5865384
95.75594,0.5865384
95.77594,0.5865384
95.79594,0.5865384
95.81593,0.5865384
95.83593,0.5865384
95.85593,0.5865384
95.87592,0.5865384
95.89592,0.5865384
95.91592,0.5865384
95.93591,0.5865384
95.95591,0.5865384
95.97591,0.5865384
95.9959,0.5865384
96.0159,0.5865384
96.0359,0.5865384
96.05589,0.5865384
96.07589,0.5865384
96.09589,0.5865384
96.11588,0.5865384
96.13588,0.5865384
96.15588,0.5865384
96.17587,0.5865384
96.19587,0.5865384
96.21587,0.5865384
96.23586,0.5865384
96.25586,0.5865384
96.27586,0.5865384
96.29585,0.5865384
96.31585,0.5865384
96.33585,0.5865384
96.35584,0.5865384
96.37584,0.5865384
96.39584,0.5865384
96.41583,0.5865384
96.43583,0.5865384
96.45583,0.5865384
96.47582,0.5865384
96.49582,0.5865384
96.51582,0.5865384
96.53581,0.5865384
96.55581,0.5865384
96.57581,0.5865384
96.5958,0.5865384
96.6158,0.5865384
96.6358,0.5865384
96.65579,0.5865384
96.67579,0.5865384
96.69579,0.5865384
96.71578,0.5865384
96.73578,0.5865384
96.75578,0.5865384
96.77577,0.5865384
96.79577,0.5865384
96.81577,0.5865384
96.83576,0.5865384
96.85576,0.5865384
96.87576,0.5865384
96.89575,0.5865384
96.91575,0.5865384
96.93575,0.5865384
96.95574,0.5865384
96.97574,0.5865384
96.99574,0.5865384
97.01573,0.5865384
97.03573,0.5865384
97.05573,0.5865384
97.07572,0.5865384
97.09572,0.5865384
97.11572,0.5865384
97.13571,0.5865384
97.15571,0.5865384
97.1757,0.5865384
97.1957,0.5865384
97.2157,0.5865384
97.23569,0.5865384
97.25569,0.5865384
97.27569,0.5865384
97.29568,0.5865384
97.31568,0.5865384
97.33568,0.5865384
97.35567,0.5865384
97.37567,0.5865384
97.39567,0.5865384
97.41566,0.5865384
97.43566,0.5865384
97.45566,0.5865384
97.47565,0.5865384
97.49565,0.5865384
97.51565,0.5865384
97.53564,0.5865384
97.55564,0.5865384
97.57564,0.5865384
97.59563,0.5865384
97.61563,0.5865384
97.63563,0.5865384
97.65562,0.5865384
97.67562,0.5865384
97.69562,0.5865384
97.71561,0.5865384
97.73561,0.5865384
97.75561,0.5865384
97.7756,0.5865384
97.7956,0.5865384
97.8156,0.5865384
97.83559,0.5865384
97.85559,0.5865384
97.87559,0.5865384
97.89558,0.5865384
97.91558,0.5865384
97.93558,0.5865384
97.95557,0.5865384
97.97557,0.5865384
97.99557,0.5865384
98.01556,0.5865384
98.03556,0.5865384
98.05556,0.5865384
98.07555,0.5865384
98.09555,0.5865384
98.11555,0.5865384
98.13554,0.5865384
98.15554,0.5865384
98.17554,0.5865384
98.19553,0.5865384
98.21553,0.5865384
98.23553,0.5865384
98.25552,0.5865384
98.27552,0.5865384
98.29552,0.5865384
98.31551,0.5865384
98.33551,0.5865384
98.35551,0.5865384
98.3755,0.5865384
98.3955,0.5865384
98.4155,0.5865384
98.43549,0.5865384
98.45549,0.5865384
98.47549,0.5865384
98.49548,0.5865384
98.51548,0.5865384
98.53548,0.5865384
98.55547,0.5865384
98.57547,0.5865384
98.59547,0.5865384
98.61546,0.5865384
98.63546,0.5865384
98.65546,0.5865384
98.67545,0.5865384
98.69545,0.5865384
98.71545,0.5865384
98.73544,0.5865384
98.75544,0.5865384
98.77544,0.5865384
98.79543,0.5865384
98.81543,0.5865384
98.83543,0.5865384
98.85542,0.5865384
98.87542,0.5865384
98.89542,0.5865384
98.91541,0.5865384
98.93541,0.5865384
98.95541,0.5865384
98.9754,0.5865384
98.9954,0.5865384
99.0154,0.5865384
99.03539,0.5865384
99.05539,0.5865384
99.07539,0.5865384
99.09538,0.5865384
99.11538,0.5865384
99.13538,0.5865384
99.15537,0.5865384
99.17537,0.5865384
99.19537,0.5865384
99.21536,0.5865384
99.23536,0.5865384
99.25536,0.5865384
99.27535,0.5865384
99.29535,0.5865384
99.31535,0.5865384
99.33534,0.5865384
99.35534,0.5865384
99.37534,0.5865384
99.39533,0.5865384
99.41533,0.5865384
99.43533,0.5865384
99.45532,0.5865384
99.47532,0.5865384
99.49532,0.5865384
99.51531,0.5865384
99.53531,0.5865384
99.55531,0.5865384
99.5753,0.5865384
99.5953,0.5865384
99.6153,0.5865384
99.63529,0.5865384
99.65529,0.5865384
99.67529,0.5865384
99.69528,0.5865384
99.71528,0.5865384
99.73528,0.5865384
99.75527,0.5865384
99.77527,0.5865384
99.79527,0.5865384
99.81526,0.5865384
99.83526,0.5865384
99.85526,0.5865384
99.87525,0.5865384
99.89525,0.5865384
99.91525,0.5865384
99.93524,0.5865384
99.95524,0.5865384
99.97523,0.5865384
99.99523,0.5865384
100.0152,0.5865384
100.0352,0.5865384
100.0552,0.5865384
100.0752,0.5865384
100.0952,0.5865384
100.1152,0.5865384
100.1352,0.5865384
100.1552,0.5865384
100.1752,0.5865384
100.1952,0.5865384
100.2152,0.5865384
100.2352,0.5865384
100.2552,0.5865384
100.2752,0.5865384
100.2952,0.5865384
100.3152,0.5865384
100.3352,0.5865384
100.3552,0.5865384
100.3752,0.5865384
100.3952,0.5865384
100.4152,0.5865384
100.4352,0.5865384
100.4552,0.5865384
100.4752,0.5865384
100.4951,0.5865384
100.5151,0.5865384
100.5351,0.5865384
100.5551,0.5865384
100.5751,0.5865384
100.5951,0.5865384
100.6151,0.5865384
100.6351,0.5865384
100.6551,0.5865384
100.6751,0.5865384
100.6951,0.5865384
100.7151,0.5865384
100.7351,0.5865384
100.7551,0.5865384
100.7751,0.5865384
100.7951,0.5865384
100.8151,0.5865384
100.8351,0.5865384
100.8551,0.5865384
100.8751,0.5865384
100.8951,0.5865384
100.9151,0.5865384
100.9351,0.5865384
100.9551,0.5865384
100.9751,0.5865384
100.9951,0.5865384
101.0151,0.5865384
101.0351,0.5865384
101.0551,0.5865384
101.0751,0.5865384
101.095,0.5865384
101.115,0.5865384
101.135,0.5865384
101.155,0.5865384
101.175,0.5865384
101.195,0.5865384
101.215,0.5865384
101.235,0.5865384
101.255,0.5865384
101.275,0.5865384
101.295,0.5865384
101.315,0.5913461
101.335,0.5913461
101.355,0.5913461
101.375,0.5913461
101.395,0.5913461
101.415,0.5913461
101.435,0.5913461
101.455,0.5913461
101.475,0.5913461
101.495,0.5913461
101.515,0.5913461
101.535,0.5913461
101.555,0.5913461
101.575,0.5913461
101.595,0.5913461
101.615,0.5913461
101.635,0.5913461
101.655,0.5913461
101.6749,0.5913461
101.6949,0.5913461
101.7149,0.5913461
101.7349,0.5913461
101.7549,0.5913461
101.7749,0.5913461
101.7949,0.5913461
101.8149,0.5913461
101.8349,0.5913461
101.8549,0.5913461
101.8749,0.5913461
101.8949,0.5913461
101.9149,0.5913461
101.9349,0.5913461
101.9549,0.5913461
101.9749,0.5913461
101.9949,0.5913461
102.0149,0.5913461
102.0349,0.5913461
102.0549,0.5913461
102.0749,0.5913461
102.0949,0.5913461
102.1149,0.5913461
102.1349,0.5913461
102.1549,0.5913461
102.1749,0.5913461
102.1949,0.5913461
102.2149,0.5913461
102.2349,0.5913461
102.2549,0.5913461
102.2748,0.5913461
102.2948,0.5913461
102.3148,0.5913461
102.3348,0.5913461
102.3548,0.5913461
102.3748,0.5913461
102.3948,0.5913461
102.4148,0.5913461
102.4348,0.5913461
102.4548,0.5913461
102.4748,0.5913461
102.4948,0.5913461
102.5148,0.5913461
102.5348,0.5913461
102.5548,0.5913461
102.5748,0.5913461
102.5948,0.5913461
102.6148,0.5913461
102.6348,0.5913461
102.6548,0.5913461
102.6748,0.5913461
102.6948,0.5913461
102.7148,0.5913461
102.7348,0.5913461
102.7548,0.5961539
102.7748,0.5961539
102.7948,0.5961539
102.8148,0.5961539
102.8348,0.5961539
102.8548,0.5961539
102.8747,0.5961539
102.8947,0.5961539
102.9147,0.5961539
102.9347,0.5961539
102.9547,0.5961539
102.9747,0.5961539
102.9947,0.5961539
103.0147,0.5961539
103.0347,0.5961539
103.0547,0.5961539
103.0747,0.5961539
103.0947,0.5961539
103.1147,0.5961539
103.1347,0.5961539
103.1547,0.5961539
103.1747,0.5961539
103.1947,0.5961539
103.2147,0.5961539
103.2347,0.5961539
103.2547,0.5961539
103.2747,0.5961539
103.2947,0.5961539
103.3147,0.5961539
103.3347,0.5961539
103.3547,0.5961539
103.3747,0.5961539
103.3947,0.5961539
103.4147,0.5961539
103.4347,0.5961539
103.4547,0.5961539
103.4746,0.5961539
103.4946,0.5961539
103.5146,0.5961539
103.5346,0.5961539
103.5546,0.5961539
103.5746,0.5961539
103.5946,0.5961539
103.6146,0.5961539
103.6346,0.5961539
103.6546,0.5961539
103.6746,0.5961539
103.6946,0.5961539
103.7146,0.5961539
103.7346,0.5961539
103.7546,0.5961539
103.7746,0.5961539
103.7946,0.5961539
103.8146,0.5961539
103.8346,0.5961539
103.8546,0.5961539
103.8746,0.5961539
103.8946,0.5961539
103.9146,0.5961539
103.9346,0.5961539
103.9546,0.5961539
103.9746,0.5961539
103.9946,0.5961539
104.0146,0.5961539
104.0346,0.5961539
104.0546,0.5961539
104.0745,0.5961539
104.0945,0.5961539
104.1145,0.5961539
104.1345,0.5961539
104.1545,0.5961539
104.1745,0.5961539
104.1945,0.5961539
104.2145,0.5961539
104.2345,0.5961539
104.2545,0.5961539
104.2745,0.5961539
104.2945,0.5961539
104.3145,0.5961539
104.3345,0.5961539
104.3545,0.5961539
104.3745,0.5961539
104.3945,0.5961539
104.4145,0.5961539
104.4345,0.5961539
104.4545,0.5961539
104.4745,0.5961539
104.4945,0.5961539
104.5145,0.5961539
104.5345,0.5961539
104.5545,0.5961539
104.5745,0.5961539
104.5945,0.5961539
104.6145,0.5961539
104.6345,0.5961539
104.6544,0.5961539
104.6744,0.5961539
104.6944,0.5961539
104.7144,0.5961539
104.7344,0.5961539
104.7544,0.5961539
104.7744,0.5961539
104.7944,0.5961539
104.8144,0.5961539
104.8344,0.5961539
104.8544,0.5961539
104.8744,0.5961539
104.8944,0.5961539
104.9144,0.5961539
104.9344,0.5961539
104.9544,0.5961539
104.9744,0.5961539
104.9944,0.5961539
105.0144,0.5961539
105.0344,0.5961539
105.0544,0.5961539
105.0744,0.5961539
105.0944,0.5961539
105.1144,0.5961539
105.1344,0.5961539
105.1544,0.5961539
105.1744,0.5961539
105.1944,0.5961539
105.2144,0.5961539
105.2344,0.5961539
105.2543,0.5961539
105.2743,0.5961539
105.2943,0.5961539
105.3143,0.5961539
105.3343,0.5961539
105.3543,0.5961539
105.3743,0.5961539
105.3943,0.5961539
105.4143,0.5961539
105.4343,0.5961539
105.4543,0.5961539
105.4743,0.5961539
105.4943,0.5961539
105.5143,0.5961539
105.5343,0.5961539
105.5543,0.5961539
105.5743,0.5961539
105.5943,0.5961539
105.6143,0.5961539
105.6343,0.5961539
105.6543,0.5961539
105.6743,0.5961539
105.6943,0.5961539
105.7143,0.5961539
105.7343,0.5961539
105.7543,0.5961539
105.7743,0.5961539
105.7943,0.5961539
105.8143,0.5961539
105.8343,0.5961539
105.8542,0.5961539
105.8742,0.6009616
105.8942,0.6009616
105.9142,0.6009616
105.9342,0.6009616
105.9542,0.6009616
105.9742,0.6009616
105.9942,0.6009616
106.0142,0.6009616
106.0342,0.6009616
106.0542,0.6009616
106.0742,0.6009616
106.0942,0.6009616
106.1142,0.6009616
106.1342,0.6009616
106.1542,0.6009616
106.1742,0.6009616
106.1942,0.6009616
106.2142,0.6009616
106.2342,0.6009616
106.2542,0.6009616
106.2742,0.6009616
106.2942,0.6009616
106.3142,0.6009616
106.3342,0.6009616
106.3542,0.6009616
106.3742,0.6009616
106.3942,0.6009616
106.4142,0.6009616
106.4342,0.6009616
106.4541,0.6009616
106.4741,0.6009616
106.4941,0.6009616
106.5141,0.6009616
106.5341,0.6009616
106.5541,0.6009616
106.5741,0.6009616
106.5941,0.6009616
106.6141,0.6009616
106.6341,0.6009616
106.6541,0.6009616
106.6741,0.6009616
106.6941,0.6009616
106.7141,0.6009616
106.7341,0.6009616
106.7541,0.6009616
106.7741,0.6009616
106.7941,0.6009616
106.8141,0.6009616
106.8341,0.6009616
106.8541,0.6009616
106.8741,0.6009616
106.8941,0.6009616
106.9141,0.6009616
106.9341,0.6009616
106.9541,0.6009616
106.9741,0.6009616
106.9941,0.6009616
107.0141,0.6009616
107.034,0.6009616
107.054,0.6009616
107.074,0.6009616
107.094,0.6009616
107.114,0.6009616
107.134,0.6009616
107.154,0.6009616
107.174,0.6009616
107.194,0.6009616
107.214,0.6009616
107.234,0.6009616
107.254,0.6009616
107.274,0.6009616
107.294,0.6009616
107.314,0.6009616
107.334,0.6009616
107.354,0.6009616
107.374,0.6009616
107.394,0.6009616
107.414,0.6009616
107.434,0.6009616
107.454,0.625
107.474,0.625
107.494,0.625
107.514,0.625
107.534,0.625
107.554,0.625
107.574,0.625
107.594,0.625
107.614,0.625
107.6339,0.625
107.6539,0.625
107.6739,0.625
107.6939,0.625
107.7139,0.625
107.7339,0.625
107.7539,0.625
107.7739,0.625
107.7939,0.625
107.8139,0.625
107.8339,0.625
107.8539,0.625
107.8739,0.625
107.8939,0.625
107.9139,0.625
107.9339,0.625
107.9539,0.625
107.9739,0.625
107.9939,0.625
108.0139,0.625
108.0339,0.625
108.0539,0.625
108.0739,0.625
108.0939,0.625
108.1139,0.625
108.1339,0.625
108.1539,0.625
108.1739,0.625
108.1939,0.625
108.2139,0.625
108.2338,0.625
108.2538,0.625
108.2738,0.625
108.2938,0.625
108.3138,0.625
108.3338,0.625
108.3538,0.625
108.3738,0.625
108.3938,0.625
108.4138,0.625
108.4338,0.625
108.4538,0.625
108.4738,0.625
108.4938,0.625
108.5138,0.625
108.5338,0.625
108.5538,0.625
108.5738,0.625
108.5938,0.625
108.6138,0.625
108.6338,0.625
108.6538,0.625
108.6738,0.625
108.6938,0.625
108.7138,0.625
108.7338,0.625
108.7538,0.625
108.7738,0.625
108.7938,0.625
108.8138,0.625
108.8337,0.625
108.8537,0.625
108.8737,0.625
108.8937,0.625
108.9137,0.625
108.9337,0.625
108.9537,0.625
108.9737,0.625
108.9937,0.625
109.0137,0.625
109.0337,0.625
109.0537,0.625
109.0737,0.625
109.0937,0.625
109.1137,0.625
109.1337,0.625
109.1537,0.625
109.1737,0.625
109.1937,0.625
109.2137,0.625
109.2337,0.625
109.2537,0.625
109.2737,0.625
109.2937,0.625
109.3137,0.625
109.3337,0.625
109.3537,0.625
109.3737,0.625
109.3937,0.625
109.4137,0.625
109.4336,0.625
109.4536,0.625
109.4736,0.625
109.4936,0.625
109.5136,0.625
109.5336,0.625
109.5536,0.625
109.5736,0.625
109.5936,0.625
109.6136,0.625
109.6336,0.625
109.6536,0.625
109.6736,0.625
109.6936,0.625
109.7136,0.625
109.7336,0.625
109.7536,0.625
109.7736,0.625
109.7936,0.625
109.8136,0.625
109.8336,0.625
109.8536,0.625
109.8736,0.625
109.8936,0.625
109.9136,0.625
109.9336,0.625
109.9536,0.625
109.9736,0.625
109.9936,0.625
110.0135,0.625
110.0335,0.625
110.0535,0.625
110.0735,0.625
110.0935,0.625
110.1135,0.625
110.1335,0.625
110.1535,0.625
110.1735,0.625
110.1935,0.625
110.2135,0.625
110.2335,0.625
110.2535,0.625
110.2735,0.625
110.2935,0.625
110.3135,0.625
110.3335,0.625
110.3535,0.625
110.3735,0.625
110.3935,0.625
110.4135,0.625
110.4335,0.625
110.4535,0.625
110.4735,0.625
110.4935,0.625
110.5135,0.625
110.5335,0.625
110.5535,0.625
110.5735,0.625
110.5935,0.625
110.6134,0.625
110.6334,0.625
110.6534,0.625
110.6734,0.625
110.6934,0.625
110.7134,0.625
110.7334,0.625
110.7534,0.625
110.7734,0.625
110.7934,0.625
110.8134,0.625
110.8334,0.625
110.8534,0.625
110.8734,0.625
110.8934,0.625
110.9134,0.625
110.9334,0.625
110.9534,0.625
110.9734,0.625
110.9934,0.625
111.0134,0.625
111.0334,0.625
111.0534,0.625
111.0734,0.625
111.0934,0.625
111.1134,0.625
111.1334,0.625
111.1534,0.625
111.1734,0.625
111.1934,0.625
111.2133,0.625
111.2333,0.625
111.2533,0.625
111.2733,0.625
111.2933,0.625
111.3133,0.625
111.3333,0.625
111.3533,0.625
111.3733,0.625
111.3933,0.625
111.4133,0.625
111.4333,0.625
111.4533,0.625
111.4733,0.625
111.4933,0.625
111.5133,0.625
111.5333,0.625
111.5533,0.625
111.5733,0.625
111.5933,0.625
111.6133,0.625
111.6333,0.625
111.6533,0.625
111.6733,0.625
111.6933,0.625
111.7133,0.625
111.7333,0.625
111.7533,0.625
111.7733,0.625
111.7933,0.625
111.8132,0.625
111.8332,0.625
111.8532,0.625
111.8732,0.625
111.8932,0.625
111.9132,0.6298077
111.9332,0.6298077
111.9532,0.6298077
111.9732,0.6298077
111.9932,0.6298077
112.0132,0.6298077
112.0332,0.6298077
112.0532,0.6298077
112.0732,0.6298077
112.0932,0.6298077
112.1132,0.6298077
112.1332,0.6298077
112.1532,0.6298077
112.1732,0.6298077
112.1932,0.6298077
112.2132,0.6298077
112.2332,0.6298077
112.2532,0.6298077
112.2732,0.6298077
112.2932,0.6298077
112.3132,0.6298077
112.3332,0.6298077
112.3532,0.6298077
112.3732,0.6298077
112.3932,0.6298077
112.4131,0.6298077
112.4331,0.6298077
112.4531,0.6298077
112.4731,0.6298077
112.4931,0.6298077
112.5131,0.6298077
112.5331,0.6298077
112.5531,0.6298077
112.5731,0.6298077
112.5931,0.6298077
112.6131,0.6298077
112.6331,0.6298077
112.6531,0.6298077
112.6731,0.6298077
112.6931,0.6298077
112.7131,0.6298077
112.7331,0.6298077
112.7531,0.6298077
112.7731,0.6298077
112.7931,0.6298077
112.8131,0.6298077
112.8331,0.6298077
112.8531,0.6298077
112.8731,0.6298077
112.8931,0.6298077
112.9131,0.6298077
112.9331,0.6298077
112.9531,0.6298077
112.9731,0.6298077
112.993,0.6298077
113.013,0.6298077
113.033,0.6298077
113.053,0.6298077
113.073,0.6298077
113.093,0.6298077
113.113,0.6298077
113.133,0.6298077
113.153,0.6298077
113.173,0.6298077
113.193,0.6298077
113.213,0.6298077
113.233,0.6298077
113.253,0.6298077
113.273,0.6298077
113.293,0.6298077
113.313,0.6298077
113.333,0.6298077
113.353,0.6298077
113.373,0.6298077
113.393,0.6298077
113.413,0.6298077
113.433,0.6298077
113.453,0.6298077
113.473,0.6298077
113.493,0.6298077
113.513,0.6298077
113.533,0.6298077
113.553,0.6298077
113.573,0.6298077
113.5929,0.6298077
113.6129,0.6298077
113.6329,0.6298077
113.6529,0.6298077
113.6729,0.6298077
113.6929,0.6298077
113.7129,0.6298077
113.7329,0.6298077
113.7529,0.6298077
113.7729,0.6298077
113.7929,0.6298077
113.8129,0.6298077
113.8329,0.6298077
113.8529,0.6298077
113.8729,0.6298077
113.8929,0.6298077
113.9129,0.6298077
113.9329,0.6298077
113.9529,0.6298077
113.9729,0.6298077
113.9929,0.6298077
114.0129,0.6298077
114.0329,0.6298077
114.0529,0.6298077
114.0729,0.6298077
114.0929,0.6298077
114.1129,0.6298077
114.1329,0.6298077
114.1529,0.6298077
114.1729,0.6298077
114.1928,0.6298077
114.2128,0.6298077
114.2328,0.6298077
114.2528,0.6298077
114.2728,0.6298077
114.2928,0.6298077
114.3128,0.6298077
114.3328,0.6298077
114.3528,0.6298077
114.3728,0.6298077
114.3928,0.6298077
114.4128,0.6298077
114.4328,0.6298077
114.4528,0.6298077
114.4728,0.6298077
114.4928,0.6298077
114.5128,0.6298077
114.5328,0.6298077
114.5528,0.6298077
114.5728,0.6298077
114.5928,0.6298077
114.6128,0.6298077
114.6328,0.6298077
114.6528,0.6298077
114.6728,0.6298077
114.6928,0.6298077
114.7128,0.6298077
114.7328,0.6298077
114.7528,0.6298077
114.7728,0.6298077
114.7927,0.6298077
114.8127,0.6298077
114.8327,0.6298077
114.8527,0.6346154
114.8727,0.6346154
114.8927,0.6346154
114.9127,0.6346154
114.9327,0.6346154
114.9527,0.6346154
114.9727,0.6346154
114.9927,0.6346154
115.0127,0.6346154
115.0327,0.6346154
115.0527,0.6346154
115.0727,0.6346154
115.0927,0.6346154
115.1127,0.6346154
115.1327,0.6346154
115.1527,0.6346154
115.1727,0.6346154
115.1927,0.6346154
115.2127,0.6346154
115.2327,0.6346154
115.2527,0.6346154
115.2727,0.6346154
115.2927,0.6346154
115.3127,0.6346154
115.3327,0.6346154
115.3527,0.6346154
115.3727,0.6346154
115.3926,0.6346154
115.4126,0.6346154
115.4326,0.6346154
115.4526,0.6346154
115.4726,0.6346154
115.4926,0.6346154
115.5126,0.6346154
115.5326,0.6346154
115.5526,0.6346154
115.5726,0.6346154
115.5926,0.6346154
115.6126,0.6346154
115.6326,0.6346154
115.6526,0.6346154
115.6726,0.6346154
115.6926,0.6346154
115.7126,0.6346154
115.7326,0.6346154
115.7526,0.6346154
115.7726,0.6346154
115.7926,0.6346154
115.8126,0.6346154
115.8326,0.6346154
115.8526,0.6346154
115.8726,0.6346154
115.8926,0.6346154
115.9126,0.6346154
115.9326,0.6346154
115.9526,0.6346154
115.9725,0.6346154
115.9925,0.6346154
116.0125,0.6346154
116.0325,0.6346154
116.0525,0.6346154
116.0725,0.6346154
116.0925,0.6346154
116.1125,0.6346154
116.1325,0.6346154
116.1525,0.6346154
116.1725,0.6346154
116.1925,0.6346154
116.2125,0.6346154
116.2325,0.6346154
116.2525,0.6346154
116.2725,0.6346154
116.2925,0.6346154
116.3125,0.6346154
116.3325,0.6346154
116.3525,0.6346154
116.3725,0.6346154
116.3925,0.6442308
116.4125,0.6442308
116.4325,0.6442308
116.4525,0.6442308
116.4725,0.6442308
116.4925,0.6442308
116.5125,0.6442308
116.5325,0.6442308
116.5525,0.6442308
116.5724,0.6442308
116.5924,0.6442308
116.6124,0.6442308
116.6324,0.6442308
116.6524,0.6442308
116.6724,0.6442308
116.6924,0.6442308
116.7124,0.6442308
116.7324,0.6442308
116.7524,0.6442308
116.7724,0.6442308
116.7924,0.6442308
116.8124,0.6442308
116.8324,0.6442308
116.8524,0.6442308
116.8724,0.6442308
116.8924,0.6442308
116.9124,0.6442308
116.9324,0.6442308
116.9524,0.6442308
116.9724,0.6442308
116.9924,0.6442308
117.0124,0.6442308
117.0324,0.6442308
117.0524,0.6442308
117.0724,0.6442308
117.0924,0.6442308
117.1124,0.6442308
117.1324,0.6442308
117.1524,0.6442308
117.1723,0.6442308
117.1923,0.6442308
117.2123,0.6442308
117.2323,0.6442308
117.2523,0.6442308
117.2723,0.6442308
117.2923,0.6442308
117.3123,0.6442308
117.3323,0.6442308
117.3523,0.6442308
117.3723,0.6442308
117.3923,0.6442308
117.4123,0.6442308
117.4323,0.6442308
117.4523,0.6442308
117.4723,0.6442308
117.4923,0.6442308
117.5123,0.6442308
117.5323,0.6442308
117.5523,0.6442308
117.5723,0.6442308
117.5923,0.6442308
117.6123,0.6442308
117.6323,0.6442308
117.6523,0.6442308
117.6723,0.6442308
117.6923,0.6442308
117.7123,0.6442308
117.7323,0.6442308
117.7523,0.6442308
117.7722,0.6442308
117.7922,0.6442308
117.8122,0.6442308
117.8322,0.6442308
117.8522,0.6442308
117.8722,0.6442308
117.8922,0.6442308
117.9122,0.6442308
117.9322,0.6442308
117.9522,0.6442308
117.9722,0.6442308
117.9922,0.6442308
118.0122,0.6442308
118.0322,0.6442308
118.0522,0.6442308
118.0722,0.6442308
118.0922,0.6442308
118.1122,0.6442308
118.1322,0.6442308
118.1522,0.6442308
118.1722,0.6442308
118.1922,0.6442308
118.2122,0.6442308
118.2322,0.6442308
118.2522,0.6442308
118.2722,0.6442308
118.2922,0.6442308
118.3122,0.6442308
118.3322,0.6442308
118.3521,0.6442308
118.3721,0.6442308
118.3921,0.6442308
118.4121,0.6442308
118.4321,0.6442308
118.4521,0.6442308
118.4721,0.6442308
118.4921,0.6442308
118.5121,0.6442308
118.5321,0.6442308
118.5521,0.6442308
118.5721,0.6442308
118.5921,0.6442308
118.6121,0.6442308
118.6321,0.6442308
118.6521,0.6442308
118.6721,0.6442308
118.6921,0.6442308
118.7121,0.6442308
118.7321,0.6442308
118.7521,0.6442308
118.7721,0.6442308
118.7921,0.6442308
118.8121,0.6442308
118.8321,0.6442308
118.8521,0.6442308
118.8721,0.6442308
118.8921,0.6442308
118.9121,0.6442308
118.9321,0.6442308
118.952,0.6442308
118.972,0.6442308
118.992,0.6442308
119.012,0.6442308
119.032,0.6442308
119.052,0.6442308
119.072,0.6442308
119.092,0.6442308
119.112,0.6442308
119.132,0.6442308
119.152,0.6442308
119.172,0.6442308
119.192,0.6442308
119.212,0.6442308
119.232,0.6442308
119.252,0.6442308
119.272,0.6442308
119.292,0.6442308
119.312,0.6442308
119.332,0.6442308
119.352,0.6442308
119.372,0.6442308
119.392,0.6442308
119.412,0.6442308
119.432,0.6442308
119.452,0.6442308
119.472,0.6442308
119.492,0.6442308
119.512,0.6442308
119.532,0.6442308
119.5519,0.6442308
119.5719,0.6442308
119.5919,0.6442308
119.6119,0.6442308
119.6319,0.6442308
119.6519,0.6442308
119.6719,0.6442308
119.6919,0.6442308
119.7119,0.6442308
119.7319,0.6442308
119.7519,0.6442308
119.7719,0.6442308
119.7919,0.6442308
119.8119,0.6442308
119.8319,0.6442308
119.8519,0.6442308
119.8719,0.6442308
119.8919,0.6442308
119.9119,0.6442308
119.9319,0.6442308
119.9519,0.6442308
119.9719,0.6442308
119.9919,0.6442308
120.0119,0.6442308
120.0319,0.6442308
120.0519,0.6442308
120.0719,0.6442308
120.0919,0.6442308
120.1119,0.6442308
120.1319,0.6442308
120.1518,0.6442308
120.1718,0.6442308
120.1918,0.6442308
120.2118,0.6442308
120.2318,0.6442308
120.2518,0.6442308
120.2718,0.6442308
120.2918,0.6442308
120.3118,0.6442308
120.3318,0.6442308
120.3518,0.6442308
120.3718,0.6442308
120.3918,0.6442308
120.4118,0.6442308
120.4318,0.6442308
120.4518,0.6442308
120.4718,0.6442308
120.4918,0.6442308
120.5118,0.6442308
120.5318,0.6442308
120.5518,0.6442308
120.5718,0.6442308
120.5918,0.6442308
120.6118,0.6442308
120.6318,0.6442308
120.6518,0.6442308
120.6718,0.6442308
120.6918,0.6442308
120.7118,0.6442308
120.7318,0.6442308
120.7517,0.6442308
120.7717,0.6442308
120.7917,0.6442308
120.8117,0.6442308
120.8317,0.6442308
120.8517,0.6442308
120.8717,0.6442308
120.8917,0.6442308
120.9117,0.6442308
120.9317,0.6442308
120.9517,0.6442308
120.9717,0.6442308
120.9917,0.6442308
121.0117,0.6442308
121.0317,0.6442308
121.0517,0.6442308
121.0717,0.6442308
121.0917,0.6442308
121.1117,0.6442308
121.1317,0.6442308
121.1517,0.6442308
121.1717,0.6442308
121.1917,0.6442308
121.2117,0.6442308
121.2317,0.6442308
121.2517,0.6442308
121.2717,0.6442308
121.2917,0.6442308
121.3117,0.6442308
121.3316,0.6442308
121.3516,0.6442308
121.3716,0.6442308
121.3916,0.6442308
121.4116,0.6442308
121.4316,0.6442308
121.4516,0.6442308
121.4716,0.6442308
121.4916,0.6442308
121.5116,0.6442308
121.5316,0.6442308
121.5516,0.6442308
121.5716,0.6442308
121.5916,0.6442308
121.6116,0.6442308
121.6316,0.6442308
121.6516,0.6442308
121.6716,0.6442308
121.6916,0.6442308
121.7116,0.6442308
121.7316,0.6442308
121.7516,0.6442308
121.7716,0.6442308
121.7916,0.6442308
121.8116,0.6442308
121.8316,0.6442308
121.8516,0.6442308
121.8716,0.6442308
121.8916,0.6442308
121.9116,0.6442308
121.9315,0.6442308
121.9515,0.6442308
121.9715,0.6442308
121.9915,0.6442308
122.0115,0.6442308
122.0315,0.6442308
122.0515,0.6442308
122.0715,0.6442308
122.0915,0.6442308
122.1115,0.6442308
122.1315,0.6442308
122.1515,0.6442308
122.1715,0.6442308
122.1915,0.6442308
122.2115,0.6442308
122.2315,0.6442308
122.2515,0.6442308
122.2715,0.6442308
122.2915,0.6442308
122.3115,0.6442308
122.3315,0.6442308
122.3515,0.6442308
122.3715,0.6442308
122.3915,0.6442308
122.4115,0.6442308
122.4315,0.6442308
122.4515,0.6442308
122.4715,0.6442308
122.4915,0.6442308
122.5115,0.6442308
122.5314,0.6442308
122.5514,0.6442308
122.5714,0.6442308
122.5914,0.6442308
122.6114,0.6442308
122.6314,0.6442308
122.6514,0.6442308
122.6714,0.6442308
122.6914,0.6442308
122.7114,0.6442308
122.7314,0.6442308
122.7514,0.6442308
122.7714,0.6442308
122.7914,0.6442308
122.8114,0.6442308
122.8314,0.6442308
122.8514,0.6442308
122.8714,0.6442308
122.8914,0.6442308
122.9114,0.6442308
122.9314,0.6442308
122.9514,0.6442308
122.9714,0.6442308
122.9914,0.6442308
123.0114,0.6442308
123.0314,0.6442308
123.0514,0.6442308
123.0714,0.6442308
123.0914,0.6442308
123.1114,0.6442308
123.1313,0.6442308
123.1513,0.6442308
123.1713,0.6442308
123.1913,0.6442308
123.2113,0.6442308
123.2313,0.6442308
123.2513,0.6442308
123.2713,0.6442308
123.2913,0.6442308
123.3113,0.6442308
123.3313,0.6442308
123.3513,0.6442308
123.3713,0.6442308
123.3913,0.6442308
123.4113,0.6442308
123.4313,0.6442308
123.4513,0.6442308
123.4713,0.6442308
123.4913,0.6442308
123.5113,0.6442308
123.5313,0.6442308
123.5513,0.6442308
123.5713,0.6442308
123.5913,0.6442308
123.6113,0.6442308
123.6313,0.6442308
123.6513,0.6442308
123.6713,0.6442308
123.6913,0.6442308
123.7113,0.6442308
123.7312,0.6442308
123.7512,0.6442308
123.7712,0.6442308
123.7912,0.6442308
123.8112,0.6442308
123.8312,0.6442308
123.8512,0.6442308
123.8712,0.6442308
123.8912,0.6442308
123.9112,0.6442308
123.9312,0.6442308
123.9512,0.6442308
123.9712,0.6442308
123.9912,0.6442308
124.0112,0.6442308
124.0312,0.6442308
124.0512,0.6442308
124.0712,0.6442308
124.0912,0.6442308
124.1112,0.6442308
124.1312,0.6442308
124.1512,0.6442308
124.1712,0.6442308
124.1912,0.6442308
124.2112,0.6442308
124.2312,0.6442308
124.2512,0.6442308
124.2712,0.6442308
124.2912,0.6442308
124.3111,0.6442308
124.3311,0.6442308
124.3511,0.6442308
124.3711,0.6442308
124.3911,0.6442308
124.4111,0.6442308
124.4311,0.6442308
124.4511,0.6442308
124.4711,0.6442308
124.4911,0.6442308
124.5111,0.6442308
124.5311,0.6442308
124.5511,0.6442308
124.5711,0.6442308
124.5911,0.6442308
124.6111,0.6442308
124.6311,0.6442308
124.6511,0.6442308
124.6711,0.6442308
124.6911,0.6442308
124.7111,0.6442308
124.7311,0.6442308
124.7511,0.6442308
124.7711,0.6442308
124.7911,0.6442308
124.8111,0.6442308
124.8311,0.6442308
124.8511,0.6442308
124.8711,0.6442308
124.8911,0.6442308
124.911,0.6442308
124.931,0.6442308
124.951,0.6442308
124.971,0.6442308
124.991,0.6442308
125.011,0.6442308
125.031,0.6442308
125.051,0.6442308
125.071,0.6442308
125.091,0.6442308
125.111,0.6442308
125.131,0.6442308
125.151,0.6442308
125.171,0.6442308
125.191,0.6442308
125.211,0.6442308
125.231,0.6442308
125.251,0.6442308
125.271,0.6442308
125.291,0.6442308
125.311,0.6442308
125.331,0.6442308
125.351,0.6442308
125.371,0.6442308
125.391,0.6442308
125.411,0.6442308
125.431,0.6442308
125.451,0.6442308
125.471,0.6442308
125.491,0.6442308
125.5109,0.6442308
125.5309,0.6442308
125.5509,0.6442308
125.5709,0.6442308
125.5909,0.6442308
125.6109,0.6442308
125.6309,0.6442308
125.6509,0.6442308
125.6709,0.6442308
125.6909,0.6442308
125.7109,0.6442308
125.7309,0.6442308
125.7509,0.6442308
125.7709,0.6442308
125.7909,0.6442308
125.8109,0.6442308
125.8309,0.6442308
125.8509,0.6442308
125.8709,0.6442308
125.8909,0.6442308
125.9109,0.6442308
125.9309,0.6442308
125.9509,0.6442308
125.9709,0.6442308
125.9909,0.6442308
126.0109,0.6442308
126.0309,0.6442308
126.0509,0.6442308
126.0709,0.6442308
126.0909,0.6586539
126.1108,0.6586539
126.1308,0.6586539
126.1508,0.6586539
126.1708,0.6586539
126.1908,0.6586539
126.2108,0.6586539
126.2308,0.6586539
126.2508,0.6586539
126.2708,0.6586539
126.2908,0.6586539
126.3108,0.6586539
126.3308,0.6586539
126.3508,0.6586539
126.3708,0.6586539
126.3908,0.6586539
126.4108,0.6586539
126.4308,0.6586539
126.4508,0.6586539
126.4708,0.6586539
126.4908,0.6586539
126.5108,0.6586539
126.5308,0.6586539
126.5508,0.6586539
126.5708,0.6586539
126.5908,0.6586539
126.6108,0.6586539
126.6308,0.6586539
126.6508,0.6586539
126.6708,0.6586539
126.6908,0.6586539
126.7107,0.6586539
126.7307,0.6586539
126.7507,0.6586539
126.7707,0.6586539
126.7907,0.6586539
126.8107,0.6586539
126.8307,0.6586539
126.8507,0.6586539
126.8707,0.6586539
126.8907,0.6586539
126.9107,0.6586539
126.9307,0.6586539
126.9507,0.6586539
126.9707,0.6586539
126.9907,0.6586539
127.0107,0.6586539
127.0307,0.6586539
127.0507,0.6586539
127.0707,0.6586539
127.0907,0.6586539
127.1107,0.6586539
127.1307,0.6586539
127.1507,0.6586539
127.1707,0.6586539
127.1907,0.6586539
127.2107,0.6586539
127.2307,0.6586539
127.2507,0.6586539
127.2707,0.6586539
127.2906,0.6586539
127.3106,0.6586539
127.3306,0.6586539
127.3506,0.6586539
127.3706,0.6586539
127.3906,0.6586539
127.4106,0.6586539
127.4306,0.6586539
127.4506,0.6586539
127.4706,0.6586539
127.4906,0.6586539
127.5106,0.6586539
127.5306,0.6586539
127.5506,0.6586539
127.5706,0.6586539
127.5906,0.6586539
127.6106,0.6586539
127.6306,0.6586539
127.6506,0.6586539
127.6706,0.6586539
127.6906,0.6586539
127.7106,0.6586539
127.7306,0.6586539
127.7506,0.6586539
127.7706,0.6586539
127.7906,0.6586539
127.8106,0.6586539
127.8306,0.6586539
127.8506,0.6586539
127.8706,0.6586539
127.8905,0.6586539
127.9105,0.6586539
127.9305,0.6586539
127.9505,0.6586539
127.9705,0.6586539
127.9905,0.6586539
128.0105,0.6586539
128.0305,0.6586539
128.0505,0.6586539
128.0705,0.6586539
128.0905,0.6586539
128.1105,0.6586539
128.1306,0.6586539
128.1506,0.6586539
128.1706,0.6586539
128.1906,0.6586539
128.2106,0.6586539
128.2306,0.6586539
128.2506,0.6634616
128.2706,0.6634616
128.2906,0.6634616
128.3106,0.6634616
128.3306,0.6634616
128.3506,0.6634616
128.3706,0.6634616
128.3906,0.6634616
128.4106,0.6634616
128.4306,0.6634616
128.4506,0.6634616
128.4706,0.6634616
128.4906,0.6634616
128.5106,0.6634616
128.5306,0.6634616
128.5506,0.6634616
128.5706,0.6634616
128.5907,0.6634616
128.6107,0.6634616
128.6307,0.6634616
128.6507,0.6634616
128.6707,0.6634616
128.6907,0.6634616
128.7107,0.6634616
128.7307,0.6634616
128.7507,0.6634616
128.7707,0.6634616
128.7907,0.6634616
128.8107,0.6634616
128.8307,0.6634616
128.8507,0.6634616
128.8707,0.6634616
128.8907,0.6634616
128.9107,0.6634616
128.9307,0.6634616
128.9507,0.6634616
128.9707,0.6634616
128.9907,0.6634616
129.0107,0.6634616
129.0307,0.6634616
129.0508,0.6634616
129.0708,0.6634616
129.0908,0.6634616
129.1108,0.6634616
129.1308,0.6634616
129.1508,0.6634616
129.1708,0.6634616
129.1908,0.6634616
129.2108,0.6634616
129.2308,0.6634616
129.2508,0.6634616
129.2708,0.6634616
129.2908,0.6634616
129.3108,0.6634616
129.3308,0.6634616
129.3508,0.6634616
129.3708,0.6634616
129.3908,0.6634616
129.4108,0.6634616
129.4308,0.6634616
129.4508,0.6634616
129.4708,0.6634616
129.4908,0.6634616
129.5108,0.6634616
129.5309,0.6634616
129.5509,0.6634616
129.5709,0.6634616
129.5909,0.6634616
129.6109,0.6634616
129.6309,0.6634616
129.6509,0.6634616
129.6709,0.6634616
129.6909,0.6634616
129.7109,0.6634616
129.7309,0.6634616
129.7509,0.6634616
129.7709,0.6634616
129.7909,0.6634616
129.8109,0.6634616
129.8309,0.6634616
129.8509,0.6634616
129.8709,0.6634616
129.8909,0.6634616
129.9109,0.6634616
129.9309,0.6634616
129.9509,0.6634616
129.9709,0.6634616
129.991,0.6634616
130.011,0.6634616
130.031,0.6634616
130.051,0.6634616
130.071,0.6634616
130.091,0.6634616
130.111,0.6634616
130.131,0.6634616
130.151,0.6634616
130.171,0.6634616
130.191,0.6634616
130.211,0.6682692
130.231,0.6682692
130.251,0.6682692
130.271,0.6682692
130.291,0.6682692
130.311,0.6682692
130.331,0.6682692
130.351,0.6682692
130.371,0.6682692
130.391,0.6682692
130.411,0.6682692
130.431,0.6682692
130.451,0.6682692
130.4711,0.6682692
130.4911,0.6682692
130.5111,0.6682692
130.5311,0.6682692
130.5511,0.6682692
130.5711,0.6682692
130.5911,0.6682692
130.6111,0.6682692
130.6311,0.6682692
130.6511,0.6682692
130.6711,0.6682692
130.6911,0.6682692
130.7111,0.6682692
130.7311,0.6682692
130.7511,0.6682692
130.7711,0.6682692
130.7911,0.6682692
130.8111,0.6682692
130.8311,0.6682692
130.8511,0.6682692
130.8711,0.6682692
130.8911,0.6682692
130.9111,0.6682692
130.9312,0.6682692
130.9512,0.6682692
130.9712,0.6682692
130.9912,0.6682692
131.0112,0.6682692
131.0312,0.6682692
131.0512,0.6682692
131.0712,0.6682692
131.0912,0.6682692
131.1112,0.6682692
131.1312,0.6682692
131.1512,0.6682692
131.1712,0.6682692
131.1912,0.6682692
131.2112,0.6682692
131.2312,0.6682692
131.2512,0.6682692
131.2712,0.6682692
131.2912,0.6682692
131.3112,0.6682692
131.3312,0.6682692
131.3512,0.6682692
131.3712,0.6682692
131.3913,0.6682692
131.4113,0.6682692
131.4313,0.6682692
131.4513,0.6682692
131.4713,0.6682692
131.4913,0.6682692
131.5113,0.6682692
131.5313,0.6682692
131.5513,0.6682692
131.5713,0.6682692
131.5913,0.6682692
131.6113,0.6682692
131.6313,0.6682692
131.6513,0.6682692
131.6713,0.6682692
131.6913,0.6682692
131.7113,0.6682692
131.7313,0.6682692
131.7513,0.6682692
131.7713,0.6682692
131.7913,0.6682692
131.8113,0.6682692
131.8313,0.6682692
131.8513,0.6682692
131.8714,0.6682692
131.8914,0.6682692
131.9114,0.6682692
131.9314,0.6682692
131.9514,0.6826923
131.9714,0.6826923
131.9914,0.6826923
132.0114,0.6826923
132.0314,0.6826923
132.0514,0.6826923
132.0714,0.6826923
132.0914,0.6826923
132.1114,0.6826923
132.1314,0.6826923
132.1514,0.6826923
132.1714,0.6826923
132.1914,0.6826923
132.2114,0.6826923
132.2314,0.6826923
132.2514,0.6826923
132.2714,0.6826923
132.2914,0.6826923
132.3114,0.6826923
132.3315,0.6826923
132.3515,0.6826923
132.3715,0.6826923
132.3915,0.6826923
132.4115,0.6826923
132.4315,0.6826923
132.4515,0.6826923
132.4715,0.6826923
132.4915,0.6826923
132.5115,0.6826923
132.5315,0.6826923
132.5515,0.6826923
132.5715,0.6826923
132.5915,0.6826923
132.6115,0.6826923
132.6315,0.6826923
132.6515,0.6826923
132.6715,0.6826923
132.6915,0.6826923
132.7115,0.6826923
132.7315,0.6826923
132.7515,0.6826923
132.7715,0.6826923
132.7915,0.6826923
132.8116,0.6826923
132.8316,0.6826923
132.8516,0.6826923
132.8716,0.6826923
132.8916,0.6826923
132.9116,0.6826923
132.9316,0.6826923
132.9516,0.6826923
132.9716,0.6826923
132.9916,0.6826923
133.0116,0.6826923
133.0316,0.6826923
133.0516,0.6826923
133.0716,0.6826923
133.0916,0.6826923
133.1116,0.6826923
133.1316,0.6826923
133.1516,0.6826923
133.1716,0.6826923
133.1916,0.6826923
133.2116,0.6826923
133.2316,0.6826923
133.2516,0.6826923
133.2717,0.6826923
133.2917,0.6826923
133.3117,0.6826923
133.3317,0.6826923
133.3517,0.6826923
133.3717,0.6826923
133.3917,0.6826923
133.4117,0.6826923
133.4317,0.6826923
133.4517,0.6826923
133.4717,0.6826923
133.4917,0.6826923
133.5117,0.6826923
133.5317,0.6826923
133.5517,0.6826923
133.5717,0.6826923
133.5917,0.6826923
133.6117,0.6826923
133.6317,0.6826923
133.6517,0.6826923
133.6717,0.6826923
133.6917,0.6826923
133.7117,0.6826923
133.7318,0.6826923
133.7518,0.6826923
133.7718,0.6826923
133.7918,0.6826923
133.8118,0.6826923
133.8318,0.6826923
133.8518,0.6826923
133.8718,0.6826923
133.8918,0.6826923
133.9118,0.6826923
133.9318,0.6826923
133.9518,0.6826923
133.9718,0.6826923
133.9918,0.6826923
134.0118,0.6826923
134.0318,0.6826923
134.0518,0.6826923
134.0718,0.6826923
134.0918,0.6826923
134.1118,0.6826923
134.1318,0.6826923
134.1518,0.6826923
134.1718,0.6826923
134.1918,0.6826923
134.2119,0.6826923
134.2319,0.6826923
134.2519,0.6826923
134.2719,0.6826923
134.2919,0.6826923
134.3119,0.6826923
134.3319,0.6826923
134.3519,0.6826923
134.3719,0.6826923
134.3919,0.6826923
134.4119,0.6826923
134.4319,0.6826923
134.4519,0.6826923
134.4719,0.6826923
134.4919,0.6826923
134.5119,0.6826923
134.5319,0.6826923
134.5519,0.6826923
134.5719,0.6826923
134.5919,0.6826923
134.6119,0.6826923
134.6319,0.6826923
134.6519,0.6826923
134.672,0.6826923
134.692,0.6826923
134.712,0.6826923
134.732,0.6826923
134.752,0.6826923
134.772,0.6826923
134.792,0.6826923
134.812,0.6826923
134.832,0.6826923
134.852,0.6826923
134.872,0.6826923
134.892,0.6826923
134.912,0.6826923
134.932,0.6826923
134.952,0.6826923
134.972,0.6826923
134.992,0.6826923
135.012,0.6826923
135.032,0.6826923
135.052,0.6826923
135.072,0.6826923
135.092,0.6826923
135.112,0.6826923
135.132,0.6826923
135.1521,0.6826923
135.1721,0.6826923
135.1921,0.6826923
135.2121,0.6826923
135.2321,0.6826923
135.2521,0.6826923
135.2721,0.6826923
135.2921,0.6826923
135.3121,0.6826923
135.3321,0.6826923
135.3521,0.6826923
135.3721,0.6826923
135.3921,0.6826923
135.4121,0.6826923
135.4321,0.6826923
135.4521,0.6826923
135.4721,0.6826923
135.4921,0.6826923
135.5121,0.6826923
135.5321,0.6826923
135.5521,0.6826923
135.5721,0.6826923
135.5921,0.6826923
135.6122,0.6826923
135.6322,0.6826923
135.6522,0.6826923
135.6722,0.6826923
135.6922,0.6826923
135.7122,0.6826923
135.7322,0.6826923
135.7522,0.6826923
135.7722,0.6826923
135.7922,0.6826923
135.8122,0.6826923
135.8322,0.6826923
135.8522,0.6826923
135.8722,0.6826923
135.8922,0.6826923
135.9122,0.6826923
135.9322,0.6826923
135.9522,0.6826923
135.9722,0.6826923
135.9922,0.6826923
136.0122,0.6826923
136.0322,0.6826923
136.0522,0.6826923
136.0723,0.6826923
136.0923,0.6826923
136.1123,0.6826923
136.1323,0.6826923
136.1523,0.6826923
136.1723,0.6826923
136.1923,0.6826923
136.2123,0.6826923
136.2323,0.6826923
136.2523,0.6826923
136.2723,0.6826923
136.2923,0.6826923
136.3123,0.6826923
136.3323,0.6826923
136.3523,0.6826923
136.3723,0.6826923
136.3923,0.6826923
136.4123,0.6826923
136.4323,0.6826923
136.4523,0.6826923
136.4723,0.6826923
136.4923,0.6826923
136.5123,0.6826923
136.5323,0.6826923
136.5524,0.6826923
136.5724,0.6826923
136.5924,0.6826923
136.6124,0.6826923
136.6324,0.6826923
136.6524,0.6826923
136.6724,0.6826923
136.6924,0.6826923
136.7124,0.6826923
136.7324,0.6826923
136.7524,0.6826923
136.7724,0.6826923
136.7924,0.6826923
136.8124,0.6826923
136.8324,0.6826923
136.8524,0.6826923
136.8724,0.6826923
136.8924,0.6826923
136.9124,0.6826923
136.9324,0.6826923
136.9524,0.6826923
136.9724,0.6826923
136.9924,0.6826923
137.0125,0.6826923
137.0325,0.6826923
137.0525,0.6826923
137.0725,0.6826923
137.0925,0.6826923
137.1125,0.6826923
137.1325,0.6826923
137.1525,0.6826923
137.1725,0.6826923
137.1925,0.6826923
137.2125,0.6826923
137.2325,0.6826923
137.2525,0.6826923
137.2725,0.6826923
137.2925,0.6826923
137.3125,0.6826923
137.3325,0.6826923
137.3525,0.6826923
137.3725,0.6826923
137.3925,0.6826923
137.4125,0.6826923
137.4325,0.6826923
137.4525,0.6826923
137.4725,0.6826923
137.4926,0.6826923
137.5126,0.6826923
137.5326,0.6826923
137.5526,0.6826923
137.5726,0.6826923
137.5926,0.6826923
137.6126,0.6826923
137.6326,0.6826923
137.6526,0.6826923
137.6726,0.6826923
137.6926,0.6826923
137.7126,0.6826923
137.7326,0.6826923
137.7526,0.6826923
137.7726,0.6826923
137.7926,0.6826923
137.8126,0.6826923
137.8326,0.6826923
137.8526,0.6826923
137.8726,0.6826923
137.8926,0.6826923
137.9126,0.6826923
137.9326,0.6826923
137.9527,0.6826923
137.9727,0.6826923
137.9927,0.6826923
138.0127,0.6826923
138.0327,0.6826923
138.0527,0.6826923
138.0727,0.6826923
138.0927,0.6826923
138.1127,0.6826923
138.1327,0.6826923
138.1527,0.6826923
138.1727,0.6826923
138.1927,0.6826923
138.2127,0.6826923
138.2327,0.6826923
138.2527,0.6826923
138.2727,0.6826923
138.2927,0.6826923
138.3127,0.6826923
138.3327,0.6826923
138.3527,0.6826923
138.3727,0.6826923
138.3927,0.6826923
138.4128,0.6826923
138.4328,0.6826923
138.4528,0.6875
138.4728,0.6875
138.4928,0.6875
138.5128,0.6875
138.5328,0.6875
138.5528,0.6875
138.5728,0.6875
138.5928,0.6875
138.6128,0.6875
138.6328,0.6875
138.6528,0.6875
138.6728,0.6875
138.6928,0.6875
138.7128,0.6875
138.7328,0.6875
138.7528,0.6875
138.7728,0.6875
138.7928,0.6875
138.8128,0.6875
138.8328,0.6875
138.8528,0.6875
138.8728,0.6875
138.8929,0.6875
138.9129,0.6875
138.9329,0.6875
138.9529,0.6875
138.9729,0.6875
138.9929,0.6875
139.0129,0.6875
139.0329,0.6875
139.0529,0.6875
139.0729,0.6875
139.0929,0.6875
139.1129,0.6875
139.1329,0.6875
139.1529,0.6875
139.1729,0.6875
139.1929,0.6875
139.2129,0.6875
139.2329,0.6875
139.2529,0.6875
139.2729,0.6875
139.2929,0.6875
139.3129,0.6875
139.3329,0.6875
139.353,0.6875
139.373,0.6875
139.393,0.6875
139.413,0.6875
139.433,0.6875
139.453,0.6875
139.473,0.6875
139.493,0.6875
139.513,0.6875
139.533,0.6875
139.553,0.6875
139.573,0.6875
139.593,0.6875
139.613,0.6875
139.633,0.6875
139.653,0.6875
139.673,0.6875
139.693,0.6875
139.713,0.6875
139.733,0.6875
139.753,0.6875
139.773,0.6875
139.793,0.6875
139.813,0.6875
139.8331,0.6875
139.8531,0.6875
139.8731,0.6875
139.8931,0.6875
139.9131,0.6875
139.9331,0.6875
139.9531,0.6875
139.9731,0.6875
139.9931,0.6875
140.0131,0.6875
140.0331,0.6875
140.0531,0.6875
140.0731,0.6875
140.0931,0.6875
140.1131,0.6875
140.1331,0.6875
140.1531,0.6875
140.1731,0.6875
140.1931,0.6875
140.2131,0.6875
140.2331,0.6875
140.2531,0.6875
140.2731,0.6875
140.2932,0.6875
140.3132,0.6875
140.3332,0.6875
140.3532,0.6875
140.3732,0.6875
140.3932,0.6875
140.4132,0.6875
140.4332,0.6875
140.4532,0.6875
140.4732,0.6875
140.4932,0.6875
140.5132,0.6875
140.5332,0.6875
140.5532,0.6875
140.5732,0.6875
140.5932,0.6875
140.6132,0.6875
140.6332,0.6875
140.6532,0.6875
140.6732,0.6875
140.6932,0.6875
140.7132,0.6875
140.7332,0.6875
140.7533,0.6875
140.7733,0.6875
140.7933,0.6875
140.8133,0.6875
140.8333,0.6875
140.8533,0.6875
140.8733,0.6875
140.8933,0.6875
140.9133,0.6875
140.9333,0.6875
140.9533,0.6875
140.9733,0.6875
140.9933,0.6875
141.0133,0.6875
141.0333,0.6875
141.0533,0.6875
141.0733,0.6875
141.0933,0.6875
141.1133,0.6875
141.1333,0.6875
141.1533,0.6875
141.1733,0.6875
141.1933,0.6875
141.2133,0.6875
141.2334,0.6875
141.2534,0.6875
141.2734,0.6875
141.2934,0.6875
141.3134,0.6875
141.3334,0.6875
141.3534,0.6875
141.3734,0.6875
141.3934,0.6875
141.4134,0.6875
141.4334,0.6875
141.4534,0.6875
141.4734,0.6875
141.4934,0.6875
141.5134,0.6875
141.5334,0.6875
141.5534,0.6875
141.5734,0.6875
141.5934,0.6875
141.6134,0.6875
141.6334,0.6875
141.6534,0.6875
141.6734,0.6875
141.6935,0.6875
141.7135,0.6875
141.7335,0.6875
141.7535,0.6875
141.7735,0.6875
141.7935,0.6875
141.8135,0.6875
141.8335,0.6875
141.8535,0.6875
141.8735,0.6875
141.8935,0.6875
141.9135,0.6875
141.9335,0.6875
141.9535,0.6875
141.9735,0.6875
141.9935,0.6875
142.0135,0.6875
142.0335,0.6875
142.0535,0.6875
142.0735,0.6875
142.0935,0.6875
142.1135,0.6875
142.1335,0.6875
142.1535,0.6875
142.1736,0.6875
142.1936,0.6875
142.2136,0.6875
142.2336,0.6875
142.2536,0.6875
142.2736,0.6875
142.2936,0.6875
142.3136,0.6875
142.3336,0.6875
142.3536,0.6875
142.3736,0.6875
142.3936,0.6875
142.4136,0.6875
142.4336,0.6875
142.4536,0.6875
142.4736,0.6875
142.4936,0.6875
142.5136,0.6875
142.5336,0.6875
142.5536,0.6875
142.5736,0.6875
142.5936,0.6875
142.6136,0.6875
142.6337,0.6875
142.6537,0.6875
142.6737,0.6875
142.6937,0.6875
142.7137,0.6875
142.7337,0.6875
142.7537,0.6875
142.7737,0.6875
142.7937,0.6875
142.8137,0.6875
142.8337,0.6875
142.8537,0.6875
142.8737,0.6875
142.8937,0.6875
142.9137,0.6875
142.9337,0.6875
142.9537,0.6875
142.9737,0.6875
142.9937,0.6875
143.0137,0.6875
143.0337,0.6875
143.0537,0.6875
143.0737,0.6875
143.0938,0.6875
143.1138,0.6875
143.1338,0.6875
143.1538,0.6875
143.1738,0.6875
143.1938,0.6875
143.2138,0.6875
143.2338,0.6875
143.2538,0.6875
143.2738,0.6875
143.2938,0.6875
143.3138,0.6875
143.3338,0.6875
143.3538,0.6875
143.3738,0.6875
143.3938,0.6875
143.4138,0.6875
143.4338,0.6875
143.4538,0.6875
143.4738,0.6875
143.4938,0.6875
143.5138,0.6875
143.5338,0.6875
143.5538,0.6875
143.5739,0.6875
143.5939,0.6875
143.6139,0.6875
143.6339,0.6875
143.6539,0.6875
143.6739,0.6875
143.6939,0.6875
143.7139,0.6875
143.7339,0.6875
143.7539,0.6875
143.7739,0.6875
143.7939,0.6875
143.8139,0.6875
143.8339,0.6875
143.8539,0.6875
143.8739,0.6875
143.8939,0.6875
143.9139,0.6875
143.9339,0.6875
143.9539,0.6875
143.9739,0.6875
143.9939,0.6875
144.0139,0.6875
144.034,0.6875
144.054,0.6875
144.074,0.6875
144.094,0.6875
144.114,0.6875
144.134,0.6875
144.154,0.6875
144.174,0.6923077
144.194,0.6923077
144.214,0.6923077
144.234,0.6923077
144.254,0.6923077
144.274,0.6923077
144.294,0.6923077
144.314,0.6923077
144.334,0.6923077
144.354,0.6923077
144.374,0.6923077
144.394,0.6923077
144.414,0.6923077
144.434,0.6923077
144.454,0.6923077
144.474,0.6923077
144.494,0.6923077
144.5141,0.6923077
144.5341,0.6923077
144.5541,0.6923077
144.5741,0.6923077
144.5941,0.6923077
144.6141,0.6923077
144.6341,0.6923077
144.6541,0.6923077
144.6741,0.6923077
144.6941,0.6923077
144.7141,0.6923077
144.7341,0.6923077
144.7541,0.6923077
144.7741,0.6923077
144.7941,0.6923077
144.8141,0.6923077
144.8341,0.6923077
144.8541,0.6923077
144.8741,0.6923077
144.8941,0.6923077
144.9141,0.6923077
144.9341,0.6923077
144.9541,0.6923077
144.9742,0.6923077
144.9942,0.6923077
145.0142,0.6923077
145.0342,0.6923077
145.0542,0.6923077
145.0742,0.6923077
145.0942,0.6923077
145.1142,0.6923077
145.1342,0.6923077
145.1542,0.6923077
145.1742,0.6923077
145.1942,0.6923077
145.2142,0.6923077
145.2342,0.6923077
145.2542,0.6923077
145.2742,0.6923077
145.2942,0.6923077
145.3142,0.6923077
145.3342,0.6923077
145.3542,0.6923077
145.3742,0.6923077
145.3942,0.6923077
145.4142,0.6923077
145.4342,0.6923077
145.4543,0.6923077
145.4743,0.6923077
145.4943,0.6923077
145.5143,0.6923077
145.5343,0.6923077
145.5543,0.6923077
145.5743,0.6923077
145.5943,0.6923077
145.6143,0.6923077
145.6343,0.6923077
145.6543,0.6923077
145.6743,0.6923077
145.6943,0.6923077
145.7143,0.6923077
145.7343,0.6923077
145.7543,0.6923077
145.7743,0.6923077
145.7943,0.6923077
145.8143,0.6923077
145.8343,0.6923077
145.8543,0.6923077
145.8743,0.6923077
145.8943,0.6923077
145.9144,0.6923077
145.9344,0.6923077
145.9544,0.6923077
145.9744,0.6923077
145.9944,0.6923077
146.0144,0.6923077
146.0344,0.6923077
146.0544,0.6923077
146.0744,0.6923077
146.0944,0.6923077
146.1144,0.6923077
146.1344,0.6923077
146.1544,0.6923077
146.1744,0.6923077
146.1944,0.6923077
146.2144,0.6923077
146.2344,0.6923077
146.2544,0.6923077
146.2744,0.6923077
146.2944,0.6923077
146.3144,0.6923077
146.3344,0.6923077
146.3544,0.6923077
146.3745,0.6923077
146.3945,0.6923077
146.4145,0.6923077
146.4345,0.6923077
146.4545,0.6923077
146.4745,0.6923077
146.4945,0.6923077
146.5145,0.6923077
146.5345,0.6923077
146.5545,0.6923077
146.5745,0.6923077
146.5945,0.6923077
146.6145,0.6923077
146.6345,0.6923077
146.6545,0.6923077
146.6745,0.6923077
146.6945,0.6923077
146.7145,0.6923077
146.7345,0.6923077
146.7545,0.6923077
146.7745,0.6923077
146.7945,0.6923077
146.8145,0.6923077
146.8345,0.6923077
146.8546,0.6923077
146.8746,0.6923077
146.8946,0.6923077
146.9146,0.6923077
146.9346,0.6923077
146.9546,0.6923077
146.9746,0.6923077
146.9946,0.6923077
147.0146,0.6923077
147.0346,0.6923077
147.0546,0.6923077
147.0746,0.6923077
147.0946,0.6923077
147.1146,0.6923077
147.1346,0.6923077
147.1546,0.6923077
147.1746,0.6923077
147.1946,0.6923077
147.2146,0.6923077
147.2346,0.6923077
147.2546,0.6923077
147.2746,0.6923077
147.2946,0.6923077
147.3147,0.6923077
147.3347,0.6923077
147.3547,0.6923077
147.3747,0.6923077
147.3947,0.6923077
147.4147,0.6923077
147.4347,0.6923077
147.4547,0.6923077
147.4747,0.6923077
147.4947,0.6923077
147.5147,0.6923077
147.5347,0.6923077
147.5547,0.6923077
147.5747,0.6923077
147.5947,0.6923077
147.6147,0.6923077
147.6347,0.6923077
147.6547,0.6923077
147.6747,0.6923077
147.6947,0.6923077
147.7147,0.6923077
147.7347,0.6923077
147.7547,0.6923077
147.7747,0.6923077
147.7948,0.6923077
147.8148,0.6923077
147.8348,0.6923077
147.8548,0.6923077
147.8748,0.6923077
147.8948,0.6923077
147.9148,0.6923077
147.9348,0.6923077
147.9548,0.6923077
147.9748,0.6923077
147.9948,0.6923077
148.0148,0.6923077
148.0348,0.6923077
148.0548,0.6923077
148.0748,0.6923077
148.0948,0.6923077
148.1148,0.6923077
148.1348,0.6923077
148.1548,0.6923077
148.1748,0.6923077
148.1948,0.6923077
148.2148,0.6923077
148.2348,0.6923077
148.2549,0.6923077
148.2749,0.6923077
148.2949,0.6923077
148.3149,0.6923077
148.3349,0.6923077
148.3549,0.6923077
148.3749,0.6923077
148.3949,0.6923077
148.4149,0.6923077
148.4349,0.6923077
148.4549,0.6923077
148.4749,0.6923077
148.4949,0.6923077
148.5149,0.6923077
148.5349,0.6923077
148.5549,0.6923077
148.5749,0.6923077
148.5949,0.6923077
148.6149,0.6923077
148.6349,0.6923077
148.6549,0.6923077
148.6749,0.6923077
148.6949,0.6923077
148.715,0.6923077
148.735,0.6923077
148.755,0.6923077
148.775,0.6923077
148.795,0.6923077
148.815,0.6923077
148.835,0.6923077
148.855,0.6923077
148.875,0.6923077
148.895,0.6923077
148.915,0.6923077
148.935,0.6923077
148.955,0.6923077
148.975,0.6923077
148.995,0.6923077
149.015,0.6923077
149.035,0.6923077
149.055,0.6923077
149.075,0.6923077
149.095,0.6923077
149.115,0.6923077
149.135,0.6923077
149.155,0.6923077
149.175,0.6923077
149.1951,0.6923077
149.2151,0.6923077
149.2351,0.6923077
149.2551,0.6923077
149.2751,0.6923077
149.2951,0.6923077
149.3151,0.6923077
149.3351,0.6923077
149.3551,0.6923077
149.3751,0.6923077
149.3951,0.6923077
149.4151,0.6923077
149.4351,0.6923077
149.4551,0.6923077
149.4751,0.6923077
149.4951,0.6923077
149.5151,0.6923077
149.5351,0.6923077
149.5551,0.6923077
149.5751,0.6923077
149.5951,0.6923077
149.6151,0.6923077
149.6351,0.6923077
149.6552,0.6923077
149.6752,0.6923077
149.6952,0.6923077
149.7152,0.6923077
149.7352,0.6923077
149.7552,0.6923077
149.7752,0.6923077
149.7952,0.6923077
149.8152,0.6923077
149.8352,0.6923077
149.8552,0.6923077
149.8752,0.6923077
149.8952,0.6923077
149.9152,0.6923077
149.9352,0.6923077
149.9552,0.6923077
149.9752,0.6923077
149.9952,0.6923077
150.0152,0.6923077
150.0352,0.6923077
150.0552,0.6923077
150.0752,0.6923077
150.0952,0.6923077
150.1152,0.6923077
150.1353,0.6923077
150.1553,0.6923077
150.1753,0.6923077
150.1953,0.6923077
150.2153,0.6923077
150.2353,0.6923077
150.2553,0.6923077
150.2753,0.6923077
150.2953,0.6923077
150.3153,0.6923077
150.3353,0.6923077
150.3553,0.6923077
150.3753,0.6923077
150.3953,0.6923077
150.4153,0.6923077
150.4353,0.6923077
150.4553,0.6923077
150.4753,0.6923077
150.4953,0.6923077
150.5153,0.6923077
150.5353,0.6923077
150.5553,0.6923077
150.5753,0.6923077
150.5954,0.6923077
150.6154,0.6923077
150.6354,0.6923077
150.6554,0.6923077
150.6754,0.6923077
150.6954,0.6923077
150.7154,0.6923077
150.7354,0.6923077
150.7554,0.6923077
150.7754,0.6923077
150.7954,0.6923077
150.8154,0.6923077
150.8354,0.6923077
150.8554,0.6923077
150.8754,0.6923077
150.8954,0.6923077
150.9154,0.6923077
150.9354,0.6923077
150.9554,0.6923077
150.9754,0.6923077
150.9954,0.6923077
151.0154,0.6923077
151.0354,0.6923077
151.0555,0.6923077
151.0755,0.6923077
151.0955,0.6923077
151.1155,0.6923077
151.1355,0.6923077
151.1555,0.6923077
151.1755,0.6923077
151.1955,0.6923077
151.2155,0.6923077
151.2355,0.6923077
151.2555,0.6923077
151.2755,0.6923077
151.2955,0.6923077
151.3155,0.6923077
151.3355,0.6923077
151.3555,0.6923077
151.3755,0.6923077
151.3955,0.6923077
151.4155,0.6923077
151.4355,0.6923077
151.4555,0.6923077
151.4755,0.6923077
151.4955,0.6923077
151.5155,0.6923077
151.5356,0.6923077
151.5556,0.6923077
151.5756,0.6923077
151.5956,0.6923077
151.6156,0.6923077
151.6356,0.6923077
151.6556,0.6923077
151.6756,0.6923077
151.6956,0.6923077
151.7156,0.6923077
151.7356,0.6923077
151.7556,0.6923077
151.7756,0.6923077
151.7956,0.6923077
151.8156,0.6923077
151.8356,0.6923077
151.8556,0.6923077
151.8756,0.6923077
151.8956,0.6923077
151.9156,0.6923077
151.9356,0.6923077
151.9556,0.6923077
151.9756,0.6923077
151.9957,0.6923077
152.0157,0.6923077
152.0357,0.6923077
152.0557,0.6923077
152.0757,0.6923077
152.0957,0.6923077
152.1157,0.6923077
152.1357,0.6923077
152.1557,0.6923077
152.1757,0.6923077
152.1957,0.6923077
152.2157,0.6923077
152.2357,0.6923077
152.2557,0.6923077
152.2757,0.6923077
152.2957,0.6923077
152.3157,0.6923077
152.3357,0.6923077
152.3557,0.6923077
152.3757,0.6923077
152.3957,0.6923077
152.4157,0.6923077
152.4357,0.6923077
152.4557,0.6923077
152.4758,0.6923077
152.4958,0.6923077
152.5158,0.6923077
152.5358,0.6923077
152.5558,0.6923077
152.5758,0.6923077
152.5958,0.6923077
152.6158,0.6923077
152.6358,0.6923077
152.6558,0.6923077
152.6758,0.6923077
152.6958,0.6923077
152.7158,0.6923077
152.7358,0.6923077
152.7558,0.6923077
152.7758,0.6923077
152.7958,0.6923077
152.8158,0.6923077
152.8358,0.6923077
152.8558,0.6923077
152.8758,0.6923077
152.8958,0.6923077
152.9158,0.6923077
152.9359,0.6923077
152.9559,0.6923077
152.9759,0.6923077
152.9959,0.6923077
153.0159,0.6923077
153.0359,0.6923077
153.0559,0.6923077
153.0759,0.6923077
153.0959,0.6923077
153.1159,0.6923077
153.1359,0.6923077
153.1559,0.6923077
153.1759,0.6923077
153.1959,0.6923077
153.2159,0.6923077
153.2359,0.6923077
153.2559,0.6923077
153.2759,0.6923077
153.2959,0.6923077
153.3159,0.6923077
153.3359,0.6923077
153.3559,0.6923077
153.3759,0.6923077
153.396,0.6923077
153.416,0.6923077
153.436,0.6923077
153.456,0.6923077
153.476,0.6923077
153.496,0.6923077
153.516,0.6923077
153.536,0.6923077
153.556,0.6923077
153.576,0.6923077
153.596,0.6923077
153.616,0.6923077
153.636,0.6923077
153.656,0.6923077
153.676,0.6923077
153.696,0.6923077
153.716,0.6923077
153.736,0.6923077
153.756,0.6923077
153.776,0.6923077
153.796,0.6923077
153.816,0.6923077
153.836,0.6923077
153.856,0.6923077
153.8761,0.6923077
153.8961,0.6923077
153.9161,0.6923077
153.9361,0.6923077
153.9561,0.6923077
153.9761,0.6923077
153.9961,0.6923077
154.0161,0.6923077
154.0361,0.6923077
154.0561,0.6923077
154.0761,0.6923077
154.0961,0.6923077
154.1161,0.6923077
154.1361,0.6923077
154.1561,0.6923077
154.1761,0.6923077
154.1961,0.6923077
154.2161,0.6923077
154.2361,0.6923077
154.2561,0.6923077
154.2761,0.6923077
154.2961,0.6923077
154.3161,0.6923077
154.3362,0.6923077
154.3562,0.6923077
154.3762,0.6923077
154.3962,0.6923077
154.4162,0.6923077
154.4362,0.6923077
154.4562,0.6923077
154.4762,0.6923077
154.4962,0.6923077
154.5162,0.6923077
154.5362,0.6923077
154.5562,0.6923077
154.5762,0.6923077
154.5962,0.6923077
154.6162,0.6923077
154.6362,0.6923077
154.6562,0.6923077
154.6762,0.6923077
154.6962,0.6923077
154.7162,0.6923077
154.7362,0.6923077
154.7562,0.6923077
154.7762,0.6923077
154.7962,0.6923077
154.8163,0.6923077
154.8363,0.6923077
154.8563,0.6923077
154.8763,0.6923077
154.8963,0.6923077
154.9163,0.6923077
154.9363,0.6923077
154.9563,0.6923077
154.9763,0.6923077
154.9963,0.6923077
155.0163,0.6923077
155.0363,0.6923077
155.0563,0.6923077
155.0763,0.6923077
155.0963,0.6923077
155.1163,0.6923077
155.1363,0.6923077
155.1563,0.6923077
155.1763,0.6923077
155.1963,0.6923077
155.2163,0.6923077
155.2363,0.6923077
155.2563,0.6923077
155.2764,0.6923077
155.2964,0.6923077
155.3164,0.6923077
155.3364,0.6923077
155.3564,0.6923077
155.3764,0.6923077
155.3964,0.6923077
155.4164,0.6923077
155.4364,0.6923077
155.4564,0.6923077
155.4764,0.6923077
155.4964,0.6923077
155.5164,0.6923077
155.5364,0.6923077
155.5564,0.6923077
155.5764,0.6923077
155.5964,0.6923077
155.6164,0.6923077
155.6364,0.6923077
155.6564,0.6923077
155.6764,0.6923077
155.6964,0.6923077
155.7164,0.6923077
155.7365,0.6923077
155.7565,0.6923077
155.7765,0.6923077
155.7965,0.6923077
155.8165,0.6923077
155.8365,0.6923077
155.8565,0.6923077
155.8765,0.6923077
155.8965,0.6923077
155.9165,0.6923077
155.9365,0.6923077
155.9565,0.6923077
155.9765,0.6923077
155.9965,0.6923077
156.0165,0.6923077
156.0365,0.6923077
156.0565,0.6923077
156.0765,0.6923077
156.0965,0.6923077
156.1165,0.6923077
156.1365,0.6923077
156.1565,0.6923077
156.1765,0.6923077
156.1965,0.6923077
156.2166,0.6923077
156.2366,0.6923077
156.2566,0.6923077
156.2766,0.6923077
156.2966,0.6923077
156.3166,0.6923077
156.3366,0.6923077
156.3566,0.6923077
156.3766,0.6923077
156.3966,0.6923077
156.4166,0.6923077
156.4366,0.6923077
156.4566,0.6923077
156.4766,0.6923077
156.4966,0.6923077
156.5166,0.6923077
156.5366,0.6923077
156.5566,0.6923077
156.5766,0.6923077
156.5966,0.6923077
156.6166,0.6923077
156.6366,0.6923077
156.6566,0.6923077
156.6767,0.6923077
156.6967,0.6923077
156.7167,0.6923077
156.7367,0.6923077
156.7567,0.6923077
156.7767,0.6923077
156.7967,0.6923077
156.8167,0.6923077
156.8367,0.6923077
156.8567,0.6923077
156.8767,0.6923077
156.8967,0.6923077
156.9167,0.6923077
156.9367,0.6923077
156.9567,0.6923077
156.9767,0.6923077
156.9967,0.6923077
157.0167,0.6923077
157.0367,0.6923077
157.0567,0.6923077
157.0767,0.6923077
157.0967,0.6923077
157.1167,0.6923077
157.1367,0.6923077
157.1568,0.6923077
157.1768,0.6923077
157.1968,0.6923077
157.2168,0.6923077
157.2368,0.6923077
157.2568,0.6923077
157.2768,0.6923077
157.2968,0.6923077
157.3168,0.6923077
157.3368,0.6923077
157.3568,0.6923077
157.3768,0.6923077
157.3968,0.6923077
157.4168,0.6923077
157.4368,0.6923077
157.4568,0.6923077
157.4768,0.6923077
157.4968,0.6923077
157.5168,0.6923077
157.5368,0.6923077
157.5568,0.6923077
157.5768,0.6923077
157.5968,0.6923077
157.6169,0.6923077
157.6369,0.6923077
157.6569,0.6923077
157.6769,0.6923077
157.6969,0.6923077
157.7169,0.6923077
157.7369,0.6923077
157.7569,0.6923077
157.7769,0.6923077
157.7969,0.6923077
157.8169,0.6923077
157.8369,0.6923077
157.8569,0.6923077
157.8769,0.6923077
157.8969,0.6923077
157.9169,0.6923077
157.9369,0.6923077
157.9569,0.6923077
157.9769,0.6923077
157.9969,0.6923077
158.0169,0.6923077
158.0369,0.6923077
158.0569,0.6923077
158.077,0.6923077
158.097,0.6923077
158.117,0.6923077
158.137,0.6923077
158.157,0.6923077
158.177,0.6923077
158.197,0.6923077
158.217,0.6923077
158.237,0.6923077
158.257,0.6923077
158.277,0.6923077
158.297,0.6923077
158.317,0.6923077
158.337,0.6923077
158.357,0.6923077
158.377,0.6923077
158.397,0.6923077
158.417,0.6923077
158.437,0.6923077
158.457,0.6923077
158.477,0.6923077
158.497,0.6923077
158.517,0.6923077
158.537,0.6923077
158.5571,0.6923077
158.5771,0.6923077
158.5971,0.6923077
158.6171,0.6923077
158.6371,0.6923077
158.6571,0.6923077
158.6771,0.6923077
158.6971,0.6923077
158.7171,0.6923077
158.7371,0.6923077
158.7571,0.6923077
158.7771,0.6923077
158.7971,0.6923077
158.8171,0.6923077
158.8371,0.6923077
158.8571,0.6923077
158.8771,0.6923077
158.8971,0.6923077
158.9171,0.6923077
158.9371,0.6923077
158.9571,0.6923077
158.9771,0.6923077
158.9971,0.6923077
159.0172,0.6923077
159.0372,0.6923077
159.0572,0.6923077
159.0772,0.6923077
159.0972,0.6923077
159.1172,0.6923077
159.1372,0.6923077
159.1572,0.6923077
159.1772,0.6923077
159.1972,0.6923077
159.2172,0.6923077
159.2372,0.6923077
159.2572,0.6923077
159.2772,0.6923077
159.2972,0.6923077
159.3172,0.6923077
159.3372,0.6923077
159.3572,0.6923077
159.3772,0.6923077
159.3972,0.6923077
159.4172,0.6923077
159.4372,0.6923077
159.4572,0.6923077
159.4772,0.6923077
159.4973,0.6923077
159.5173,0.6923077
159.5373,0.6923077
159.5573,0.6923077
159.5773,0.6923077
159.5973,0.6923077
159.6173,0.6923077
159.6373,0.6923077
159.6573,0.6923077
159.6773,0.6923077
159.6973,0.6923077
159.7173,0.6923077
159.7373,0.6923077
159.7573,0.6923077
159.7773,0.6923077
159.7973,0.6923077
159.8173,0.6923077
159.8373,0.6923077
159.8573,0.6923077
159.8773,0.6923077
159.8973,0.6923077
159.9173,0.6923077
159.9373,0.6923077
159.9574,0.6923077
159.9774,0.6923077
159.9974,0.6923077
160.0174,0.6923077
160.0374,0.6923077
160.0574,0.6923077
160.0774,0.6923077
160.0974,0.6923077
160.1174,0.6923077
160.1374,0.6923077
160.1574,0.6923077
160.1774,0.6923077
160.1974,0.6923077
160.2174,0.6923077
160.2374,0.6923077
160.2574,0.6923077
160.2774,0.6923077
160.2974,0.6923077
160.3174,0.6923077
160.3374,0.6923077
160.3574,0.6923077
160.3774,0.6923077
160.3974,0.6923077
160.4174,0.6923077
160.4375,0.6923077
160.4575,0.6923077
160.4775,0.6923077
160.4975,0.6923077
160.5175,0.6923077
160.5375,0.6923077
160.5575,0.6923077
160.5775,0.6923077
160.5975,0.6923077
160.6175,0.6923077
160.6375,0.6923077
160.6575,0.6923077
160.6775,0.6923077
160.6975,0.6923077
160.7175,0.6923077
160.7375,0.6923077
160.7575,0.6923077
160.7775,0.6923077
160.7975,0.6923077
160.8175,0.6923077
160.8375,0.6923077
160.8575,0.6923077
160.8775,0.6923077
160.8976,0.6923077
160.9176,0.6923077
160.9376,0.6923077
160.9576,0.6923077
160.9776,0.6923077
160.9976,0.6923077
161.0176,0.6923077
161.0376,0.6923077
161.0576,0.6923077
161.0776,0.6923077
161.0976,0.6923077
161.1176,0.6923077
161.1376,0.6923077
161.1576,0.6923077
161.1776,0.6923077
161.1976,0.6923077
161.2176,0.6923077
161.2376,0.6923077
161.2576,0.6923077
161.2776,0.6923077
161.2976,0.6923077
161.3176,0.6923077
161.3376,0.6923077
161.3577,0.6923077
161.3777,0.6923077
161.3977,0.6923077
161.4177,0.6923077
161.4377,0.6923077
161.4577,0.6923077
161.4777,0.6923077
161.4977,0.6923077
161.5177,0.6923077
161.5377,0.6923077
161.5577,0.6923077
161.5777,0.6923077
161.5977,0.6923077
161.6177,0.6923077
161.6377,0.6923077
161.6577,0.6923077
161.6777,0.6923077
161.6977,0.6923077
161.7177,0.6923077
161.7377,0.6923077
161.7577,0.6923077
161.7777,0.6923077
161.7977,0.6923077
161.8177,0.6923077
161.8378,0.6923077
161.8578,0.6923077
161.8778,0.6923077
161.8978,0.6923077
161.9178,0.6923077
161.9378,0.6923077
161.9578,0.6923077
161.9778,0.6923077
161.9978,0.6923077
162.0178,0.6923077
162.0378,0.6923077
162.0578,0.6923077
162.0778,0.6923077
162.0978,0.6923077
162.1178,0.6923077
162.1378,0.6923077
162.1578,0.6923077
162.1778,0.6923077
162.1978,0.6923077
162.2178,0.6923077
162.2378,0.6923077
162.2578,0.6923077
162.2778,0.6923077
162.2979,0.6923077
162.3179,0.6923077
162.3379,0.6923077
162.3579,0.6923077
162.3779,0.6923077
162.3979,0.6923077
162.4179,0.6923077
162.4379,0.6923077
162.4579,0.6923077
162.4779,0.6923077
162.4979,0.6923077
162.5179,0.6923077
162.5379,0.6923077
162.5579,0.6923077
162.5779,0.6923077
162.5979,0.6923077
162.6179,0.6923077
162.6379,0.6923077
162.6579,0.6923077
162.6779,0.6923077
162.6979,0.6923077
162.7179,0.6923077
162.7379,0.6923077
162.7579,0.6923077
162.778,0.6923077
162.798,0.6923077
162.818,0.6923077
162.838,0.6923077
162.858,0.6923077
162.878,0.6923077
162.898,0.6923077
162.918,0.6923077
162.938,0.6923077
162.958,0.6923077
162.978,0.6923077
162.998,0.6923077
163.018,0.6923077
163.038,0.6923077
163.058,0.6923077
163.078,0.6923077
163.098,0.6923077
163.118,0.6923077
163.138,0.6923077
163.158,0.6923077
163.178,0.6923077
163.198,0.6923077
163.218,0.6923077
163.2381,0.6923077
163.2581,0.6923077
163.2781,0.6923077
163.2981,0.6923077
163.3181,0.6923077
163.3381,0.6923077
163.3581,0.6923077
163.3781,0.6923077
163.3981,0.6923077
163.4181,0.6923077
163.4381,0.6923077
163.4581,0.6923077
163.4781,0.6923077
163.4981,0.6923077
163.5181,0.6923077
163.5381,0.6923077
163.5581,0.6923077
163.5781,0.6923077
163.5981,0.6923077
163.6181,0.6923077
163.6381,0.6923077
163.6581,0.6923077
163.6781,0.6923077
163.6982,0.6923077
163.7182,0.6923077
163.7382,0.6923077
163.7582,0.6923077
163.7782,0.6923077
163.7982,0.6923077
163.8182,0.6923077
163.8382,0.6923077
163.8582,0.6923077
163.8782,0.6923077
163.8982,0.6923077
163.9182,0.6923077
163.9382,0.6923077
163.9582,0.6923077
163.9782,0.6923077
163.9982,0.6923077
164.0182,0.6923077
164.0382,0.6923077
164.0582,0.6923077
164.0782,0.6923077
164.0982,0.6923077
164.1182,0.6923077
164.1382,0.6923077
164.1582,0.6923077
164.1783,0.6923077
164.1983,0.6923077
164.2183,0.6923077
164.2383,0.6923077
164.2583,0.6923077
164.2783,0.6923077
164.2983,0.6923077
164.3183,0.6923077
164.3383,0.6923077
164.3583,0.6923077
164.3783,0.6923077
164.3983,0.6923077
164.4183,0.6923077
164.4383,0.6923077
164.4583,0.6923077
164.4783,0.6923077
164.4983,0.6923077
164.5183,0.6923077
164.5383,0.6923077
164.5583,0.6923077
164.5783,0.6923077
164.5983,0.6923077
164.6183,0.6923077
164.6384,0.6923077
164.6584,0.6923077
164.6784,0.6923077
164.6984,0.6923077
164.7184,0.6923077
164.7384,0.6923077
164.7584,0.6923077
164.7784,0.6923077
164.7984,0.6923077
164.8184,0.6923077
164.8384,0.6923077
164.8584,0.6923077
164.8784,0.6923077
164.8984,0.6923077
164.9184,0.6923077
164.9384,0.6923077
164.9584,0.6923077
164.9784,0.6923077
164.9984,0.6923077
165.0184,0.6923077
165.0384,0.6923077
165.0584,0.6923077
165.0784,0.6923077
165.0984,0.6923077
165.1185,0.6923077
165.1385,0.6923077
165.1585,0.6923077
165.1785,0.6923077
165.1985,0.6923077
165.2185,0.6923077
165.2385,0.6923077
165.2585,0.6923077
165.2785,0.6923077
165.2985,0.6923077
165.3185,0.6923077
165.3385,0.6923077
165.3585,0.6923077
165.3785,0.6923077
165.3985,0.6923077
165.4185,0.6923077
165.4385,0.6923077
165.4585,0.6923077
165.4785,0.6923077
165.4985,0.6923077
165.5185,0.6923077
165.5385,0.6923077
165.5585,0.6923077
165.5786,0.6923077
165.5986,0.6923077
165.6186,0.6923077
165.6386,0.6923077
165.6586,0.6923077
165.6786,0.6923077
165.6986,0.6923077
165.7186,0.6923077
165.7386,0.6923077
165.7586,0.6923077
165.7786,0.6923077
165.7986,0.6923077
165.8186,0.6923077
165.8386,0.6923077
165.8586,0.6923077
165.8786,0.6923077
165.8986,0.6923077
165.9186,0.6923077
165.9386,0.6923077
165.9586,0.6923077
165.9786,0.6923077
165.9986,0.6923077
166.0186,0.6923077
166.0387,0.6923077
166.0587,0.6923077
166.0787,0.6923077
166.0987,0.6923077
166.1187,0.6923077
166.1387,0.6923077
166.1587,0.6923077
166.1787,0.6923077
166.1987,0.6923077
166.2187,0.6923077
166.2387,0.6923077
166.2587,0.6923077
166.2787,0.6923077
166.2987,0.6923077
166.3187,0.6923077
166.3387,0.6923077
166.3587,0.6923077
166.3787,0.6923077
166.3987,0.6923077
166.4187,0.6923077
166.4387,0.6923077
166.4587,0.6923077
166.4787,0.6923077
166.4987,0.6923077
166.5188,0.6923077
166.5388,0.6923077
166.5588,0.6923077
166.5788,0.6923077
166.5988,0.6923077
166.6188,0.6923077
166.6388,0.6923077
166.6588,0.6923077
166.6788,0.6923077
166.6988,0.6923077
166.7188,0.6923077
166.7388,0.6923077
166.7588,0.6923077
166.7788,0.6923077
166.7988,0.6923077
166.8188,0.6923077
166.8388,0.6923077
166.8588,0.6923077
166.8788,0.6923077
166.8988,0.6923077
166.9188,0.6923077
166.9388,0.6923077
166.9588,0.6923077
166.9789,0.6923077
166.9989,0.6923077
167.0189,0.6923077
167.0389,0.6923077
167.0589,0.6923077
167.0789,0.6923077
167.0989,0.6923077
167.1189,0.6923077
167.1389,0.6923077
167.1589,0.6923077
167.1789,0.6923077
167.1989,0.6923077
167.2189,0.6923077
167.2389,0.6923077
167.2589,0.6923077
167.2789,0.6923077
167.2989,0.6923077
167.3189,0.6923077
167.3389,0.6923077
167.3589,0.6923077
167.3789,0.6923077
167.3989,0.6923077
167.4189,0.6923077
167.4389,0.6923077
167.459,0.6923077
167.479,0.6923077
167.499,0.6923077
167.519,0.6923077
167.539,0.6923077
167.559,0.6923077
167.579,0.6923077
167.599,0.6923077
167.619,0.6923077
167.639,0.6923077
167.659,0.6923077
167.679,0.6923077
167.699,0.6923077
167.719,0.6923077
167.739,0.6923077
167.759,0.6923077
167.779,0.6923077
167.799,0.6923077
167.819,0.6923077
167.839,0.6923077
167.859,0.6923077
167.879,0.6923077
167.899,0.6923077
167.9191,0.6923077
167.9391,0.6923077
167.9591,0.6923077
167.9791,0.6923077
167.9991,0.6923077
168.0191,0.6923077
168.0391,0.6923077
168.0591,0.6923077
168.0791,0.6923077
168.0991,0.6923077
168.1191,0.6923077
168.1391,0.6923077
168.1591,0.6923077
168.1791,0.6923077
168.1991,0.6923077
168.2191,0.6923077
168.2391,0.6923077
168.2591,0.6923077
168.2791,0.6923077
168.2991,0.6923077
168.3191,0.6923077
168.3391,0.6923077
168.3591,0.6923077
168.3792,0.6923077
168.3992,0.6923077
168.4192,0.6923077
168.4392,0.6923077
168.4592,0.6923077
168.4792,0.6923077
168.4992,0.6923077
168.5192,0.6923077
168.5392,0.6923077
168.5592,0.6923077
168.5792,0.6923077
168.5992,0.6923077
168.6192,0.6923077
168.6392,0.6923077
168.6592,0.6923077
168.6792,0.6923077
168.6992,0.6923077
168.7192,0.6923077
168.7392,0.6923077
168.7592,0.6923077
168.7792,0.6923077
168.7992,0.6923077
168.8192,0.6923077
168.8392,0.6923077
168.8593,0.6923077
168.8793,0.6923077
168.8993,0.6923077
168.9193,0.6923077
168.9393,0.6923077
168.9593,0.6923077
168.9793,0.6923077
168.9993,0.6923077
169.0193,0.6923077
169.0393,0.6923077
169.0593,0.6923077
169.0793,0.6923077
169.0993,0.6923077
169.1193,0.6923077
169.1393,0.6923077
169.1593,0.6923077
169.1793,0.6923077
169.1993,0.6923077
169.2193,0.6923077
169.2393,0.6923077
169.2593,0.6923077
169.2793,0.6923077
169.2993,0.6923077
169.3194,0.6923077
169.3394,0.6923077
169.3594,0.6923077
169.3794,0.6923077
169.3994,0.6923077
169.4194,0.6923077
169.4394,0.6923077
169.4594,0.6923077
169.4794,0.6923077
169.4994,0.6923077
169.5194,0.6923077
169.5394,0.6923077
169.5594,0.6923077
169.5794,0.6923077
169.5994,0.6923077
169.6194,0.6923077
169.6394,0.6923077
169.6594,0.6923077
169.6794,0.6923077
169.6994,0.6923077
169.7194,0.6923077
169.7394,0.6923077
169.7594,0.6923077
169.7794,0.6923077
169.7995,0.6923077
169.8195,0.6923077
169.8395,0.6923077
169.8595,0.6923077
169.8795,0.6923077
169.8995,0.6923077
169.9195,0.6923077
169.9395,0.6923077
169.9595,0.6923077
169.9795,0.6923077
169.9995,0.6923077
170.0195,0.6923077
170.0395,0.6923077
170.0595,0.6923077
170.0795,0.6923077
170.0995,0.6923077
170.1195,0.6923077
170.1395,0.6923077
170.1595,0.6923077
170.1795,0.6923077
170.1995,0.6923077
170.2195,0.6923077
170.2395,0.6923077
170.2596,0.6923077
170.2796,0.6923077
170.2996,0.6923077
170.3196,0.6923077
170.3396,0.6923077
170.3596,0.6923077
170.3796,0.6923077
170.3996,0.6923077
170.4196,0.6923077
170.4396,0.6923077
170.4596,0.6923077
170.4796,0.6923077
170.4996,0.6923077
170.5196,0.6923077
170.5396,0.6923077
170.5596,0.6923077
170.5796,0.6923077
170.5996,0.6923077
170.6196,0.6923077
170.6396,0.6923077
170.6596,0.6923077
170.6796,0.6923077
170.6996,0.6923077
170.7197,0.6923077
170.7397,0.6923077
170.7597,0.6923077
170.7797,0.6923077
170.7997,0.6923077
170.8197,0.6923077
170.8397,0.6923077
170.8597,0.6923077
170.8797,0.6923077
170.8997,0.6923077
170.9197,0.6923077
170.9397,0.6923077
170.9597,0.6923077
170.9797,0.6923077
170.9997,0.6923077
171.0197,0.6923077
171.0397,0.6923077
171.0597,0.6923077
171.0797,0.6923077
171.0997,0.6923077
171.1197,0.6923077
171.1397,0.6923077
171.1597,0.6923077
171.1797,0.6923077
171.1998,0.6923077
171.2198,0.6923077
171.2398,0.6923077
171.2598,0.6923077
171.2798,0.6923077
171.2998,0.6923077
171.3198,0.6923077
171.3398,0.6923077
171.3598,0.6923077
171.3798,0.6923077
171.3998,0.6923077
171.4198,0.6923077
171.4398,0.6923077
171.4598,0.6923077
171.4798,0.6923077
171.4998,0.6923077
171.5198,0.6923077
171.5398,0.6923077
171.5598,0.6923077
171.5798,0.6923077
171.5998,0.6923077
171.6198,0.6923077
171.6398,0.6923077
171.6599,0.6923077
171.6799,0.6923077
171.6999,0.6923077
171.7199,0.6923077
171.7399,0.6923077
171.7599,0.6923077
171.7799,0.6923077
171.7999,0.6923077
171.8199,0.6923077
171.8399,0.6923077
171.8599,0.6923077
171.8799,0.6923077
171.8999,0.6923077
171.9199,0.6923077
171.9399,0.6923077
171.9599,0.6923077
171.9799,0.6923077
171.9999,0.6923077
172.0199,0.6923077
172.0399,0.6923077
172.0599,0.6923077
172.0799,0.6923077
172.0999,0.6923077
172.1199,0.6923077
172.14,0.6923077
172.16,0.6923077
172.18,0.6923077
172.2,0.6923077
172.22,0.6923077
172.24,0.6923077
172.26,0.6923077
172.28,0.6923077
172.3,0.6923077
172.32,0.6923077
172.34,0.6923077
172.36,0.6923077
172.38,0.6923077
172.4,0.6923077
172.42,0.6923077
172.44,0.6923077
172.46,0.6923077
172.48,0.6923077
172.5,0.6923077
172.52,0.6923077
172.54,0.6923077
172.56,0.6923077
172.58,0.6923077
172.6001,0.6923077
172.6201,0.6923077
172.6401,0.6923077
172.6601,0.6923077
172.6801,0.6923077
172.7001,0.6923077
172.7201,0.6923077
172.7401,0.6923077
172.7601,0.6923077
172.7801,0.6923077
172.8001,0.6923077
172.8201,0.6923077
172.8401,0.6923077
172.8601,0.6923077
172.8801,0.6923077
172.9001,0.6923077
172.9201,0.6923077
172.9401,0.6923077
172.9601,0.6923077
172.9801,0.6923077
173.0001,0.6923077
173.0201,0.6923077
173.0401,0.6923077
173.0602,0.6923077
173.0802,0.6923077
173.1002,0.6923077
173.1202,0.6923077
173.1402,0.6923077
173.1602,0.6923077
173.1802,0.6923077
173.2002,0.6923077
173.2202,0.6923077
173.2402,0.6923077
173.2602,0.6923077
173.2802,0.6923077
173.3002,0.6923077
173.3202,0.6923077
173.3402,0.6923077
173.3602,0.6923077
173.3802,0.6923077
173.4002,0.6923077
173.4202,0.6923077
173.4402,0.6923077
173.4602,0.6923077
173.4802,0.6923077
173.5002,0.6923077
173.5202,0.6923077
173.5403,0.6923077
173.5603,0.6923077
173.5803,0.6923077
173.6003,0.6923077
173.6203,0.6923077
173.6403,0.6923077
173.6603,0.6923077
173.6803,0.6923077
173.7003,0.6923077
173.7203,0.6923077
173.7403,0.6923077
173.7603,0.6923077
173.7803,0.6923077
173.8003,0.6923077
173.8203,0.6923077
173.8403,0.6923077
173.8603,0.6923077
173.8803,0.6923077
173.9003,0.6923077
173.9203,0.6923077
173.9403,0.6923077
173.9603,0.6923077
173.9803,0.6923077
174.0004,0.6923077
174.0204,0.6923077
174.0404,0.6923077
174.0604,0.6923077
174.0804,0.6923077
174.1004,0.6923077
174.1204,0.6923077
174.1404,0.6923077
174.1604,0.6923077
174.1804,0.6923077
174.2004,0.6923077
174.2204,0.6923077
174.2404,0.6923077
174.2604,0.6923077
174.2804,0.6923077
174.3004,0.6923077
174.3204,0.6923077
174.3404,0.6923077
174.3604,0.6923077
174.3804,0.6923077
174.4004,0.6923077
174.4204,0.6923077
174.4404,0.6923077
174.4604,0.6923077
174.4805,0.6923077
174.5005,0.6923077
174.5205,0.6923077
174.5405,0.6923077
174.5605,0.6923077
174.5805,0.6923077
174.6005,0.6923077
174.6205,0.6923077
174.6405,0.6923077
174.6605,0.6923077
174.6805,0.6923077
174.7005,0.6923077
174.7205,0.6923077
174.7405,0.6923077
174.7605,0.6923077
174.7805,0.6923077
174.8005,0.6923077
174.8205,0.6923077
174.8405,0.6923077
174.8605,0.6923077
174.8805,0.6923077
174.9005,0.6923077
174.9205,0.6923077
174.9406,0.6923077
174.9606,0.6971154
174.9806,0.6971154
175.0006,0.6971154
175.0206,0.6971154
175.0406,0.6971154
175.0606,0.6971154
175.0806,0.6971154
175.1006,0.6971154
175.1206,0.6971154
175.1406,0.6971154
175.1606,0.6971154
175.1806,0.6971154
175.2006,0.6971154
175.2206,0.6971154
175.2406,0.6971154
175.2606,0.6971154
175.2806,0.6971154
175.3006,0.6971154
175.3206,0.6971154
175.3406,0.6971154
175.3606,0.6971154
175.3806,0.6971154
175.4007,0.6971154
175.4207,0.6971154
175.4407,0.6971154
175.4607,0.6971154
175.4807,0.6971154
175.5007,0.6971154
175.5207,0.6971154
175.5407,0.6971154
175.5607,0.6971154
175.5807,0.6971154
175.6007,0.6971154
175.6207,0.6971154
175.6407,0.6971154
175.6607,0.6971154
175.6807,0.6971154
175.7007,0.6971154
175.7207,0.6971154
175.7407,0.6971154
175.7607,0.6971154
175.7807,0.6971154
175.8007,0.6971154
175.8207,0.6971154
175.8407,0.6971154
175.8607,0.6971154
175.8808,0.6971154
175.9008,0.6971154
175.9208,0.6971154
175.9408,0.6971154
175.9608,0.6971154
175.9808,0.6971154
176.0008,0.6971154
176.0208,0.6971154
176.0408,0.6971154
176.0608,0.6971154
176.0808,0.6971154
176.1008,0.6971154
176.1208,0.6971154
176.1408,0.6971154
176.1608,0.6971154
176.1808,0.6971154
176.2008,0.6971154
176.2208,0.6971154
176.2408,0.6971154
176.2608,0.6971154
176.2808,0.6971154
176.3008,0.6971154
176.3208,0.6971154
176.3409,0.6971154
176.3609,0.6971154
176.3809,0.6971154
176.4009,0.6971154
176.4209,0.6971154
176.4409,0.6971154
176.4609,0.6971154
176.4809,0.6971154
176.5009,0.6971154
176.5209,0.6971154
176.5409,0.6971154
176.5609,0.6971154
176.5809,0.6971154
176.6009,0.6971154
176.6209,0.6971154
176.6409,0.6971154
176.6609,0.6971154
176.6809,0.6971154
176.7009,0.6971154
176.7209,0.6971154
176.7409,0.6971154
176.7609,0.6971154
176.7809,0.6971154
176.8009,0.6971154
176.821,0.6971154
176.841,0.6971154
176.861,0.6971154
176.881,0.6971154
176.901,0.6971154
176.921,0.6971154
176.941,0.6971154
176.961,0.6971154
176.981,0.6971154
177.001,0.6971154
177.021,0.6971154
177.041,0.6971154
177.061,0.6971154
177.081,0.6971154
177.101,0.6971154
177.121,0.6971154
177.141,0.6971154
177.161,0.6971154
177.181,0.6971154
177.201,0.6971154
177.221,0.6971154
177.241,0.6971154
177.261,0.6971154
177.2811,0.6971154
177.3011,0.6971154
177.3211,0.6971154
177.3411,0.6971154
177.3611,0.6971154
177.3811,0.6971154
177.4011,0.6971154
177.4211,0.6971154
177.4411,0.6971154
177.4611,0.6971154
177.4811,0.6971154
177.5011,0.6971154
177.5211,0.6971154
177.5411,0.6971154
177.5611,0.6971154
177.5811,0.6971154
177.6011,0.6971154
177.6211,0.6971154
177.6411,0.6971154
177.6611,0.6971154
177.6811,0.6971154
177.7011,0.6971154
177.7211,0.6971154
177.7411,0.6971154
177.7612,0.6971154
177.7812,0.6971154
177.8012,0.6971154
177.8212,0.6971154
177.8412,0.6971154
177.8612,0.6971154
177.8812,0.6971154
177.9012,0.6971154
177.9212,0.6971154
177.9412,0.6971154
177.9612,0.6971154
177.9812,0.6971154
178.0012,0.6971154
178.0212,0.6971154
178.0412,0.6971154
178.0612,0.6971154
178.0812,0.6971154
178.1012,0.6971154
178.1212,0.6971154
178.1412,0.6971154
178.1612,0.6971154
178.1812,0.6971154
178.2012,0.6971154
178.2213,0.6971154
178.2413,0.6971154
178.2613,0.6971154
178.2813,0.6971154
178.3013,0.6971154
178.3213,0.6971154
178.3413,0.6971154
178.3613,0.6971154
178.3813,0.6971154
178.4013,0.6971154
178.4213,0.6971154
178.4413,0.6971154
178.4613,0.6971154
178.4813,0.6971154
178.5013,0.6971154
178.5213,0.6971154
178.5413,0.6971154
178.5613,0.6971154
178.5813,0.6971154
178.6013,0.6971154
178.6213,0.6971154
178.6413,0.6971154
178.6613,0.6971154
178.6814,0.6971154
178.7014,0.6971154
178.7214,0.6971154
178.7414,0.6971154
178.7614,0.6971154
178.7814,0.6971154
178.8014,0.6971154
178.8214,0.6971154
178.8414,0.6971154
178.8614,0.6971154
178.8814,0.6971154
178.9014,0.6971154
178.9214,0.6971154
178.9414,0.6971154
178.9614,0.6971154
178.9814,0.6971154
179.0014,0.6971154
179.0214,0.6971154
179.0414,0.6971154
179.0614,0.6971154
179.0814,0.6971154
179.1014,0.6971154
179.1214,0.6971154
179.1414,0.6971154
179.1615,0.6971154
179.1815,0.6971154
179.2015,0.6971154
179.2215,0.6971154
179.2415,0.6971154
179.2615,0.6971154
179.2815,0.6971154
179.3015,0.6971154
179.3215,0.6971154
179.3415,0.6971154
179.3615,0.6971154
179.3815,0.6971154
179.4015,0.6971154
179.4215,0.6971154
179.4415,0.6971154
179.4615,0.6971154
179.4815,0.6971154
179.5015,0.6971154
179.5215,0.6971154
179.5415,0.6971154
179.5615,0.6971154
179.5815,0.6971154
179.6015,0.6971154
179.6216,0.6971154
179.6416,0.6971154
179.6616,0.6971154
179.6816,0.6971154
179.7016,0.6971154
179.7216,0.6971154
179.7416,0.6971154
179.7616,0.6971154
179.7816,0.6971154
179.8016,0.6971154
179.8216,0.6971154
179.8416,0.6971154
179.8616,0.6971154
179.8816,0.6971154
179.9016,0.6971154
179.9216,0.6971154
179.9416,0.6971154
179.9616,0.6971154
179.9816,0.6971154
180.0016,0.6971154
180.0216,0.6971154
180.0416,0.6971154
180.0616,0.6971154
180.0816,0.6971154
180.1017,0.6971154
180.1217,0.6971154
180.1417,0.6971154
180.1617,0.6971154
180.1817,0.6971154
180.2017,0.6971154
180.2217,0.6971154
180.2417,0.6971154
180.2617,0.6971154
180.2817,0.6971154
180.3017,0.6971154
180.3217,0.6971154
180.3417,0.6971154
180.3617,0.6971154
180.3817,0.6971154
180.4017,0.6971154
180.4217,0.6971154
180.4417,0.6971154
180.4617,0.6971154
180.4817,0.6971154
180.5017,0.6971154
180.5217,0.6971154
180.5417,0.6971154
180.5618,0.6971154
180.5818,0.6971154
180.6018,0.6971154
180.6218,0.6971154
180.6418,0.6971154
180.6618,0.6971154
180.6818,0.6971154
180.7018,0.6971154
180.7218,0.6971154
180.7418,0.6971154
180.7618,0.6971154
180.7818,0.6971154
180.8018,0.6971154
180.8218,0.6971154
180.8418,0.6971154
180.8618,0.6971154
180.8818,0.6971154
180.9018,0.6971154
180.9218,0.6971154
180.9418,0.6971154
180.9618,0.6971154
180.9818,0.6971154
181.0018,0.6971154
181.0219,0.6971154
181.0419,0.6971154
181.0619,0.6971154
181.0819,0.6971154
181.1019,0.6971154
181.1219,0.6971154
181.1419,0.6971154
181.1619,0.6971154
181.1819,0.6971154
181.2019,0.6971154
181.2219,0.6971154
181.2419,0.6971154
181.2619,0.6971154
181.2819,0.6971154
181.3019,0.6971154
181.3219,0.6971154
181.3419,0.6971154
181.3619,0.6971154
181.3819,0.6971154
181.4019,0.6971154
181.4219,0.6971154
181.4419,0.6971154
181.4619,0.6971154
181.4819,0.6971154
181.502,0.6971154
181.522,0.6971154
181.542,0.6971154
181.562,0.6971154
181.582,0.6971154
181.602,0.6971154
181.622,0.6971154
181.642,0.6971154
181.662,0.6971154
181.682,0.6971154
181.702,0.6971154
181.722,0.6971154
181.742,0.6971154
181.762,0.6971154
181.782,0.6971154
181.802,0.6971154
181.822,0.6971154
181.842,0.6971154
181.862,0.6971154
181.882,0.6971154
181.902,0.6971154
181.922,0.6971154
181.942,0.6971154
181.9621,0.6971154
181.9821,0.6971154
182.0021,0.6971154
182.0221,0.6971154
182.0421,0.6971154
182.0621,0.6971154
182.0821,0.6971154
182.1021,0.6971154
182.1221,0.6971154
182.1421,0.6971154
182.1621,0.6971154
182.1821,0.6971154
182.2021,0.6971154
182.2221,0.6971154
182.2421,0.6971154
182.2621,0.6971154
182.2821,0.6971154
182.3021,0.6971154
182.3221,0.6971154
182.3421,0.6971154
182.3621,0.6971154
182.3821,0.6971154
182.4021,0.6971154
182.4221,0.6971154
182.4422,0.6971154
182.4622,0.6971154
182.4822,0.6971154
182.5022,0.6971154
182.5222,0.6971154
182.5422,0.6971154
182.5622,0.6971154
182.5822,0.6971154
182.6022,0.6971154
182.6222,0.6971154
182.6422,0.6971154
182.6622,0.6971154
182.6822,0.6971154
182.7022,0.6971154
182.7222,0.6971154
182.7422,0.6971154
182.7622,0.6971154
182.7822,0.6971154
182.8022,0.6971154
182.8222,0.6971154
182.8422,0.6971154
182.8622,0.6971154
182.8822,0.6971154
182.9023,0.6971154
182.9223,0.6971154
182.9423,0.6971154
182.9623,0.6971154
182.9823,0.6971154
183.0023,0.6971154
183.0223,0.6971154
183.0423,0.6971154
183.0623,0.6971154
183.0823,0.6971154
183.1023,0.6971154
183.1223,0.6971154
183.1423,0.6971154
183.1623,0.6971154
183.1823,0.6971154
183.2023,0.6971154
183.2223,0.6971154
183.2423,0.6971154
183.2623,0.6971154
183.2823,0.6971154
183.3023,0.6971154
183.3223,0.6971154
183.3423,0.6971154
183.3624,0.6971154
183.3824,0.6971154
183.4024,0.6971154
183.4224,0.6971154
183.4424,0.6971154
183.4624,0.6971154
183.4824,0.6971154
183.5024,0.6971154
183.5224,0.6971154
183.5424,0.6971154
183.5624,0.6971154
183.5824,0.6971154
183.6024,0.6971154
183.6224,0.6971154
183.6424,0.6971154
183.6624,0.6971154
183.6824,0.6971154
183.7024,0.6971154
183.7224,0.6971154
183.7424,0.6971154
183.7624,0.6971154
183.7824,0.6971154
183.8024,0.6971154
183.8224,0.6971154
183.8425,0.6971154
183.8625,0.6971154
183.8825,0.6971154
183.9025,0.6971154
183.9225,0.6971154
183.9425,0.6971154
183.9625,0.6971154
183.9825,0.6971154
184.0025,0.6971154
184.0225,0.6971154
184.0425,0.6971154
184.0625,0.6971154
184.0825,0.6971154
184.1025,0.6971154
184.1225,0.6971154
184.1425,0.6971154
184.1625,0.6971154
184.1825,0.6971154
184.2025,0.6971154
184.2225,0.6971154
184.2425,0.6971154
184.2625,0.6971154
184.2825,0.6971154
184.3026,0.6971154
184.3226,0.6971154
184.3426,0.6971154
184.3626,0.6971154
184.3826,0.6971154
184.4026,0.6971154
184.4226,0.6971154
184.4426,0.6971154
184.4626,0.6971154
184.4826,0.6971154
184.5026,0.6971154
184.5226,0.6971154
184.5426,0.6971154
184.5626,0.6971154
184.5826,0.6971154
184.6026,0.6971154
184.6226,0.6971154
184.6426,0.6971154
184.6626,0.6971154
184.6826,0.6971154
184.7026,0.6971154
184.7226,0.6971154
184.7426,0.6971154
184.7626,0.6971154
184.7827,0.6971154
184.8027,0.6971154
184.8227,0.6971154
184.8427,0.6971154
184.8627,0.6971154
184.8827,0.6971154
184.9027,0.6971154
184.9227,0.6971154
184.9427,0.6971154
184.9627,0.6971154
184.9827,0.6971154
185.0027,0.6971154
185.0227,0.6971154
185.0427,0.6971154
185.0627,0.6971154
185.0827,0.6971154
185.1027,0.6971154
185.1227,0.6971154
185.1427,0.6971154
185.1627,0.6971154
185.1827,0.6971154
185.2027,0.6971154
185.2227,0.6971154
185.2428,0.6971154
185.2628,0.6971154
185.2828,0.6971154
185.3028,0.6971154
185.3228,0.6971154
185.3428,0.6971154
185.3628,0.6971154
185.3828,0.6971154
185.4028,0.6971154
185.4228,0.6971154
185.4428,0.6971154
185.4628,0.6971154
185.4828,0.6971154
185.5028,0.6971154
185.5228,0.6971154
185.5428,0.6971154
185.5628,0.6971154
185.5828,0.6971154
185.6028,0.6971154
185.6228,0.6971154
185.6428,0.6971154
185.6628,0.6971154
185.6828,0.6971154
185.7029,0.6971154
185.7229,0.6971154
185.7429,0.6971154
185.7629,0.6971154
185.7829,0.6971154
185.8029,0.6971154
185.8229,0.6971154
185.8429,0.6971154
185.8629,0.6971154
185.8829,0.6971154
185.9029,0.6971154
185.9229,0.6971154
185.9429,0.6971154
185.9629,0.6971154
185.9829,0.6971154
186.0029,0.6971154
186.0229,0.6971154
186.0429,0.6971154
186.0629,0.6971154
186.0829,0.6971154
186.1029,0.6971154
186.1229,0.6971154
186.1429,0.6971154
186.1629,0.6971154
186.183,0.6971154
186.203,0.6971154
186.223,0.6971154
186.243,0.6971154
186.263,0.6971154
186.283,0.6971154
186.303,0.6971154
186.323,0.6971154
186.343,0.6971154
186.363,0.6971154
186.383,0.6971154
186.403,0.6971154
186.423,0.6971154
186.443,0.6971154
186.463,0.6971154
186.483,0.6971154
186.503,0.6971154
186.523,0.6971154
186.543,0.6971154
186.563,0.6971154
186.583,0.6971154
186.603,0.6971154
186.623,0.6971154
186.6431,0.6971154
186.6631,0.6971154
186.6831,0.6971154
186.7031,0.6971154
186.7231,0.6971154
186.7431,0.6971154
186.7631,0.6971154
186.7831,0.6971154
186.8031,0.6971154
186.8231,0.6971154
186.8431,0.6971154
186.8631,0.6971154
186.8831,0.6971154
186.9031,0.6971154
186.9231,0.6971154
186.9431,0.6971154
186.9631,0.6971154
186.9831,0.6971154
187.0031,0.6971154
187.0231,0.6971154
187.0431,0.6971154
187.0631,0.6971154
187.0831,0.6971154
187.1031,0.6971154
187.1232,0.6971154
187.1432,0.6971154
187.1632,0.6971154
187.1832,0.6971154
187.2032,0.6971154
187.2232,0.6971154
187.2432,0.6971154
187.2632,0.6971154
187.2832,0.6971154
187.3032,0.6971154
187.3232,0.6971154
187.3432,0.6971154
187.3632,0.6971154
187.3832,0.6971154
187.4032,0.6971154
187.4232,0.6971154
187.4432,0.6971154
187.4632,0.6971154
187.4832,0.6971154
187.5032,0.6971154
187.5232,0.6971154
187.5432,0.6971154
187.5632,0.6971154
187.5833,0.6971154
187.6033,0.6971154
187.6233,0.6971154
187.6433,0.6971154
187.6633,0.6971154
187.6833,0.6971154
187.7033,0.6971154
187.7233,0.6971154
187.7433,0.6971154
187.7633,0.6971154
187.7833,0.6971154
187.8033,0.6971154
187.8233,0.6971154
187.8433,0.6971154
187.8633,0.6971154
187.8833,0.6971154
187.9033,0.6971154
187.9233,0.6971154
187.9433,0.6971154
187.9633,0.6971154
187.9833,0.6971154
188.0033,0.6971154
188.0233,0.6971154
188.0434,0.6971154
188.0634,0.6971154
188.0834,0.6971154
188.1034,0.6971154
188.1234,0.6971154
188.1434,0.6971154
188.1634,0.6971154
188.1834,0.6971154
188.2034,0.6971154
188.2234,0.6971154
188.2434,0.6971154
188.2634,0.6971154
188.2834,0.6971154
188.3034,0.6971154
188.3234,0.6971154
188.3434,0.6971154
188.3634,0.6971154
188.3834,0.6971154
188.4034,0.6971154
188.4234,0.6971154
188.4434,0.6971154
188.4634,0.6971154
188.4834,0.6971154
188.5034,0.6971154
188.5235,0.6971154
188.5435,0.6971154
188.5635,0.6971154
188.5835,0.6971154
188.6035,0.6971154
188.6235,0.6971154
188.6435,0.6971154
188.6635,0.6971154
188.6835,0.6971154
188.7035,0.6971154
188.7235,0.6971154
188.7435,0.6971154
188.7635,0.6971154
188.7835,0.6971154
188.8035,0.6971154
188.8235,0.6971154
188.8435,0.6971154
188.8635,0.6971154
188.8835,0.6971154
188.9035,0.6971154
188.9235,0.6971154
188.9435,0.6971154
188.9635,0.6971154
188.9836,0.6971154
189.0036,0.6971154
189.0236,0.6971154
189.0436,0.6971154
189.0636,0.6971154
189.0836,0.6971154
189.1036,0.6971154
189.1236,0.6971154
189.1436,0.6971154
189.1636,0.6971154
189.1836,0.6971154
189.2036,0.6971154
189.2236,0.6971154
189.2436,0.6971154
189.2636,0.6971154
189.2836,0.6971154
189.3036,0.6971154
189.3236,0.6971154
189.3436,0.6971154
189.3636,0.6971154
189.3836,0.6971154
189.4036,0.6971154
189.4236,0.6971154
189.4436,0.6971154
189.4637,0.6971154
189.4837,0.6971154
189.5037,0.6971154
189.5237,0.6971154
189.5437,0.6971154
189.5637,0.6971154
189.5837,0.6971154
189.6037,0.6971154
189.6237,0.6971154
189.6437,0.6971154
189.6637,0.6971154
189.6837,0.6971154
189.7037,0.6971154
189.7237,0.6971154
189.7437,0.6971154
189.7637,0.6971154
189.7837,0.6971154
189.8037,0.6971154
189.8237,0.6971154
189.8437,0.6971154
189.8637,0.6971154
189.8837,0.6971154
189.9037,0.6971154
189.9238,0.6971154
189.9438,0.6971154
189.9638,0.6971154
189.9838,0.6971154
190.0038,0.6971154
190.0238,0.6971154
190.0438,0.6971154
190.0638,0.6971154
190.0838,0.6971154
190.1038,0.6971154
190.1238,0.6971154
190.1438,0.6971154
190.1638,0.6971154
190.1838,0.6971154
190.2038,0.6971154
190.2238,0.6971154
190.2438,0.6971154
190.2638,0.6971154
190.2838,0.6971154
190.3038,0.6971154
190.3238,0.6971154
190.3438,0.6971154
190.3638,0.6971154
190.3839,0.6971154
190.4039,0.6971154
190.4239,0.6971154
190.4439,0.6971154
190.4639,0.6971154
190.4839,0.6971154
190.5039,0.6971154
190.5239,0.6971154
190.5439,0.6971154
190.5639,0.6971154
190.5839,0.6971154
190.6039,0.6971154
190.6239,0.6971154
190.6439,0.6971154
190.6639,0.6971154
190.6839,0.6971154
190.7039,0.6971154
190.7239,0.6971154
190.7439,0.6971154
190.7639,0.6971154
190.7839,0.6971154
190.8039,0.6971154
190.8239,0.6971154
190.8439,0.6971154
190.864,0.6971154
190.884,0.6971154
190.904,0.6971154
190.924,0.6971154
190.944,0.6971154
190.964,0.6971154
190.984,0.6971154
191.004,0.6971154
191.024,0.6971154
191.044,0.6971154
191.064,0.6971154
191.084,0.6971154
191.104,0.6971154
191.124,0.6971154
191.144,0.6971154
191.164,0.6971154
191.184,0.6971154
191.204,0.6971154
191.224,0.6971154
191.244,0.6971154
191.264,0.6971154
191.284,0.6971154
191.304,0.6971154
191.3241,0.6971154
191.3441,0.6971154
191.3641,0.6971154
191.3841,0.6971154
191.4041,0.6971154
191.4241,0.6971154
191.4441,0.6971154
191.4641,0.6971154
191.4841,0.6971154
191.5041,0.6971154
191.5241,0.6971154
191.5441,0.6971154
191.5641,0.6971154
191.5841,0.6971154
191.6041,0.6971154
191.6241,0.6971154
191.6441,0.6971154
191.6641,0.6971154
191.6841,0.6971154
191.7041,0.6971154
191.7241,0.6971154
191.7441,0.6971154
191.7641,0.6971154
191.7841,0.6971154
191.8042,0.6971154
191.8242,0.6971154
191.8442,0.6971154
191.8642,0.6971154
191.8842,0.6971154
191.9042,0.6971154
191.9242,0.6971154
191.9442,0.6971154
191.9642,0.6971154
191.9842,0.6971154
192.0042,0.6971154
192.0242,0.6971154
192.0442,0.6971154
192.0642,0.6971154
192.0842,0.6971154
192.1042,0.6971154
192.1242,0.6971154
192.1442,0.6971154
192.1642,0.6971154
192.1842,0.6971154
192.2042,0.6971154
192.2242,0.6971154
192.2442,0.6971154
192.2643,0.6971154
192.2843,0.6971154
192.3043,0.6971154
192.3243,0.6971154
192.3443,0.6971154
192.3643,0.6971154
192.3843,0.6971154
192.4043,0.6971154
192.4243,0.6971154
192.4443,0.6971154
192.4643,0.6971154
192.4843,0.6971154
192.5043,0.6971154
192.5243,0.6971154
192.5443,0.6971154
192.5643,0.6971154
192.5843,0.6971154
192.6043,0.6971154
192.6243,0.6971154
192.6443,0.6971154
192.6643,0.6971154
192.6843,0.6971154
192.7043,0.6971154
192.7243,0.6971154
192.7444,0.6971154
192.7644,0.6971154
192.7844,0.6971154
192.8044,0.6971154
192.8244,0.6971154
192.8444,0.6971154
192.8644,0.6971154
192.8844,0.6971154
192.9044,0.6971154
192.9244,0.6971154
192.9444,0.6971154
192.9644,0.6971154
192.9844,0.6971154
193.0044,0.6971154
193.0244,0.6971154
193.0444,0.6971154
193.0644,0.6971154
193.0844,0.6971154
193.1044,0.6971154
193.1244,0.6971154
193.1444,0.6971154
193.1644,0.6971154
193.1844,0.6971154
193.2045,0.6971154
193.2245,0.6971154
193.2445,0.6971154
193.2645,0.6971154
193.2845,0.6971154
193.3045,0.6971154
193.3245,0.6971154
193.3445,0.6971154
193.3645,0.6971154
193.3845,0.6971154
193.4045,0.6971154
193.4245,0.6971154
193.4445,0.6971154
193.4645,0.6971154
193.4845,0.6971154
193.5045,0.6971154
193.5245,0.6971154
193.5445,0.6971154
193.5645,0.6971154
193.5845,0.6971154
193.6045,0.6971154
193.6245,0.6971154
193.6445,0.6971154
193.6646,0.6971154
193.6846,0.6971154
193.7046,0.6971154
193.7246,0.6971154
193.7446,0.6971154
193.7646,0.6971154
193.7846,0.6971154
193.8046,0.6971154
193.8246,0.6971154
193.8446,0.6971154
193.8646,0.6971154
193.8846,0.6971154
193.9046,0.6971154
193.9246,0.6971154
193.9446,0.6971154
193.9646,0.6971154
193.9846,0.6971154
194.0046,0.6971154
194.0246,0.6971154
194.0446,0.6971154
194.0646,0.6971154
194.0846,0.6971154
194.1046,0.6971154
194.1246,0.6971154
194.1447,0.6971154
194.1647,0.6971154
194.1847,0.6971154
194.2047,0.6971154
194.2247,0.6971154
194.2447,0.6971154
194.2647,0.6971154
194.2847,0.6971154
194.3047,0.6971154
194.3247,0.6971154
194.3447,0.6971154
194.3647,0.6971154
194.3847,0.6971154
194.4047,0.7019231
194.4247,0.7019231
194.4447,0.7019231
194.4647,0.7019231
194.4847,0.7019231
194.5047,0.7019231
194.5247,0.7019231
194.5447,0.7019231
194.5647,0.7019231
194.5847,0.7019231
194.6048,0.7019231
194.6248,0.7019231
194.6448,0.7019231
194.6648,0.7019231
194.6848,0.7019231
194.7048,0.7019231
194.7248,0.7019231
194.7448,0.7019231
194.7648,0.7019231
194.7848,0.7019231
194.8048,0.7019231
194.8248,0.7019231
194.8448,0.7019231
194.8648,0.7019231
194.8848,0.7019231
194.9048,0.7019231
194.9248,0.7019231
194.9448,0.7019231
194.9648,0.7019231
194.9848,0.7019231
195.0048,0.7019231
195.0248,0.7019231
195.0448,0.7019231
195.0648,0.7019231
195.0849,0.7019231
195.1049,0.7019231
195.1249,0.7019231
195.1449,0.7019231
195.1649,0.7019231
195.1849,0.7019231
195.2049,0.7019231
195.2249,0.7019231
195.2449,0.7019231
195.2649,0.7019231
195.2849,0.7019231
195.3049,0.7019231
195.3249,0.7019231
195.3449,0.7019231
195.3649,0.7019231
195.3849,0.7019231
195.4049,0.7019231
195.4249,0.7019231
195.4449,0.7019231
195.4649,0.7019231
195.4849,0.7019231
195.5049,0.7019231
195.5249,0.7019231
195.545,0.7019231
195.565,0.7019231
195.585,0.7019231
195.605,0.7019231
195.625,0.7019231
195.645,0.7019231
195.665,0.7019231
195.685,0.7019231
195.705,0.7019231
195.725,0.7019231
195.745,0.7019231
195.765,0.7019231
195.785,0.7019231
195.805,0.7019231
195.825,0.7019231
195.845,0.7019231
195.865,0.7019231
195.885,0.7019231
195.905,0.7067308
195.925,0.7067308
195.945,0.7067308
195.965,0.7067308
195.985,0.7067308
196.0051,0.7067308
196.0251,0.7067308
196.0451,0.7067308
196.0651,0.7067308
196.0851,0.7067308
196.1051,0.7067308
196.1251,0.7067308
196.1451,0.7067308
196.1651,0.7067308
196.1851,0.7067308
196.2051,0.7067308
196.2251,0.7067308
196.2451,0.7067308
196.2651,0.7067308
196.2851,0.7067308
196.3051,0.7067308
196.3251,0.7067308
196.3451,0.7067308
196.3651,0.7067308
196.3851,0.7067308
196.4051,0.7067308
196.4251,0.7067308
196.4451,0.7067308
196.4651,0.7067308
196.4852,0.7067308
196.5052,0.7067308
196.5252,0.7067308
196.5452,0.7067308
196.5652,0.7067308
196.5852,0.7067308
196.6052,0.7067308
196.6252,0.7067308
196.6452,0.7067308
196.6652,0.7067308
196.6852,0.7067308
196.7052,0.7067308
196.7252,0.7067308
196.7452,0.7067308
196.7652,0.7067308
196.7852,0.7067308
196.8052,0.7067308
196.8252,0.7067308
196.8452,0.7067308
196.8652,0.7067308
196.8852,0.7067308
196.9052,0.7067308
196.9252,0.7067308
196.9453,0.7067308
196.9653,0.7067308
196.9853,0.7067308
197.0053,0.7067308
197.0253,0.7067308
197.0453,0.7067308
197.0653,0.7067308
197.0853,0.7067308
197.1053,0.7067308
197.1253,0.7067308
197.1453,0.7067308
197.1653,0.7067308
197.1853,0.7067308
197.2053,0.7067308
197.2253,0.7067308
197.2453,0.7067308
197.2653,0.7067308
197.2853,0.7067308
197.3053,0.7067308
197.3253,0.7067308
197.3453,0.7067308
197.3653,0.7067308
197.3853,0.7067308
197.4053,0.7067308
197.4254,0.7067308
197.4454,0.7067308
197.4654,0.7067308
197.4854,0.7067308
197.5054,0.7067308
197.5254,0.7067308
197.5454,0.7067308
197.5654,0.7067308
197.5854,0.7067308
197.6054,0.7067308
197.6254,0.7067308
197.6454,0.7067308
197.6654,0.7067308
197.6854,0.7067308
197.7054,0.7067308
197.7254,0.7067308
197.7454,0.7067308
197.7654,0.7067308
197.7854,0.7067308
197.8054,0.7067308
197.8254,0.7067308
197.8454,0.7067308
197.8654,0.7067308
197.8855,0.7067308
197.9055,0.7067308
197.9255,0.7067308
197.9455,0.7067308
197.9655,0.7067308
197.9855,0.7067308
198.0055,0.7067308
198.0255,0.7067308
198.0455,0.7067308
198.0655,0.7067308
198.0855,0.7067308
198.1055,0.7067308
198.1255,0.7067308
198.1455,0.7067308
198.1655,0.7067308
198.1855,0.7067308
198.2055,0.7067308
198.2255,0.7067308
198.2455,0.7067308
198.2655,0.7067308
198.2855,0.7067308
198.3055,0.7067308
198.3255,0.7067308
198.3456,0.7067308
198.3656,0.7067308
198.3856,0.7067308
198.4056,0.7067308
198.4256,0.7067308
198.4456,0.7067308
198.4656,0.7067308
198.4856,0.7067308
198.5056,0.7067308
198.5256,0.7067308
198.5456,0.7067308
198.5656,0.7067308
198.5856,0.7067308
198.6056,0.7067308
198.6256,0.7067308
198.6456,0.7067308
198.6656,0.7067308
198.6856,0.7067308
198.7056,0.7067308
198.7256,0.7067308
198.7456,0.7067308
198.7656,0.7067308
198.7856,0.7067308
198.8056,0.7067308
198.8257,0.7067308
198.8457,0.7067308
198.8657,0.7067308
198.8857,0.7067308
198.9057,0.7067308
198.9257,0.7067308
198.9457,0.7067308
198.9657,0.7067308
198.9857,0.7067308
199.0057,0.7067308
199.0257,0.7067308
199.0457,0.7067308
199.0657,0.7067308
199.0857,0.7067308
199.1057,0.7067308
199.1257,0.7067308
199.1457,0.7067308
199.1657,0.7067308
199.1857,0.7067308
199.2057,0.7067308
199.2257,0.7067308
199.2457,0.7067308
199.2657,0.7067308
199.2858,0.7067308
199.3058,0.7067308
199.3258,0.7067308
199.3458,0.7067308
199.3658,0.7067308
199.3858,0.7067308
199.4058,0.7067308
199.4258,0.7067308
199.4458,0.7067308
199.4658,0.7067308
199.4858,0.7067308
199.5058,0.7067308
199.5258,0.7067308
199.5458,0.7067308
199.5658,0.7067308
199.5858,0.7067308
199.6058,0.7067308
199.6258,0.7067308
199.6458,0.7067308
199.6658,0.7067308
199.6858,0.7067308
199.7058,0.7067308
199.7258,0.7067308
199.7458,0.7067308
199.7659,0.7067308
199.7859,0.7067308
199.8059,0.7067308
199.8259,0.7067308
199.8459,0.7067308
199.8659,0.7067308
199.8859,0.7067308
199.9059,0.7067308
199.9259,0.7067308
199.9459,0.7067308
199.9659,0.7067308
199.9859,0.7067308
200.0059,0.7067308
200.0259,0.7067308
200.0459,0.7067308
200.0659,0.7067308
200.0859,0.7067308
200.1059,0.7067308
200.1259,0.7067308
200.1459,0.7067308
200.1659,0.7067308
200.1859,0.7067308
200.2059,0.7067308
200.226,0.7067308
200.246,0.7067308
200.266,0.7067308
200.286,0.7067308
200.306,0.7067308
200.326,0.7067308
200.346,0.7067308
200.366,0.7067308
200.386,0.7067308
200.406,0.7067308
200.426,0.7067308
200.446,0.7067308
200.466,0.7067308
200.486,0.7067308
200.506,0.7067308
200.526,0.7067308
200.546,0.7067308
200.566,0.7067308
200.586,0.7067308
200.606,0.7067308
200.626,0.7067308
200.646,0.7067308
200.666,0.7067308
200.6861,0.7067308
200.7061,0.7067308
200.7261,0.7067308
200.7461,0.7067308
200.7661,0.7067308
200.7861,0.7067308
200.8061,0.7067308
200.8261,0.7067308
200.8461,0.7067308
200.8661,0.7067308
200.8861,0.7067308
200.9061,0.7067308
200.9261,0.7067308
200.9461,0.7067308
200.9661,0.7067308
200.9861,0.7067308
201.0061,0.7067308
201.0261,0.7067308
201.0461,0.7067308
201.0661,0.7067308
201.0861,0.7067308
201.1061,0.7067308
201.1261,0.7067308
201.1461,0.7067308
201.1662,0.7067308
201.1862,0.7067308
201.2062,0.7067308
201.2262,0.7067308
201.2462,0.7067308
201.2662,0.7067308
201.2862,0.7067308
201.3062,0.7067308
201.3262,0.7067308
201.3462,0.7067308
201.3662,0.7067308
201.3862,0.7067308
201.4062,0.7067308
201.4262,0.7067308
201.4462,0.7067308
201.4662,0.7067308
201.4862,0.7067308
201.5062,0.7067308
201.5262,0.7067308
201.5462,0.7067308
201.5662,0.7067308
201.5862,0.7067308
201.6062,0.7067308
201.6263,0.7067308
201.6463,0.7067308
201.6663,0.7067308
201.6863,0.7067308
201.7063,0.7067308
201.7263,0.7067308
201.7463,0.7067308
201.7663,0.7067308
201.7863,0.7067308
201.8063,0.7067308
201.8263,0.7067308
201.8463,0.7067308
201.8663,0.7067308
201.8863,0.7067308
201.9063,0.7115384
201.9263,0.7115384
201.9463,0.7115384
201.9663,0.7115384
201.9863,0.7115384
202.0063,0.7115384
202.0263,0.7115384
202.0463,0.7115384
202.0663,0.7115384
202.0863,0.7115384
202.1064,0.7115384
202.1264,0.7115384
202.1464,0.7115384
202.1664,0.7115384
202.1864,0.7115384
202.2064,0.7115384
202.2264,0.7115384
202.2464,0.7115384
202.2664,0.7115384
202.2864,0.7115384
202.3064,0.7115384
202.3264,0.7115384
202.3464,0.7115384
202.3664,0.7115384
202.3864,0.7115384
202.4064,0.7115384
202.4264,0.7115384
202.4464,0.7115384
202.4664,0.7115384
202.4864,0.7115384
202.5064,0.7115384
202.5264,0.7115384
202.5464,0.7115384
202.5665,0.7115384
202.5865,0.7115384
202.6065,0.7115384
202.6265,0.7115384
202.6465,0.7115384
202.6665,0.7115384
202.6865,0.7115384
202.7065,0.7115384
202.7265,0.7115384
202.7465,0.7115384
202.7665,0.7115384
202.7865,0.7115384
202.8065,0.7115384
202.8265,0.7115384
202.8465,0.7115384
202.8665,0.7115384
202.8865,0.7115384
202.9065,0.7115384
202.9265,0.7115384
202.9465,0.7115384
202.9665,0.7115384
202.9865,0.7115384
203.0065,0.7115384
203.0266,0.7115384
203.0466,0.7115384
203.0666,0.7115384
203.0866,0.7115384
203.1066,0.7115384
203.1266,0.7115384
203.1466,0.7115384
203.1666,0.7115384
203.1866,0.7115384
203.2066,0.7115384
203.2266,0.7115384
203.2466,0.7115384
203.2666,0.7115384
203.2866,0.7115384
203.3066,0.7115384
203.3266,0.7115384
203.3466,0.7115384
203.3666,0.7115384
203.3866,0.7115384
203.4066,0.7115384
203.4266,0.7115384
203.4466,0.7115384
203.4666,0.7115384
203.4866,0.7115384
203.5067,0.7115384
203.5267,0.7115384
203.5467,0.7115384
203.5667,0.7115384
203.5867,0.7115384
203.6067,0.7115384
203.6267,0.7115384
203.6467,0.7115384
203.6667,0.7115384
203.6867,0.7115384
203.7067,0.7115384
203.7267,0.7115384
203.7467,0.7115384
203.7667,0.7115384
203.7867,0.7115384
203.8067,0.7115384
203.8267,0.7115384
203.8467,0.7115384
203.8667,0.7115384
203.8867,0.7115384
203.9067,0.7115384
203.9267,0.7115384
203.9467,0.7115384
203.9668,0.7115384
203.9868,0.7115384
204.0068,0.7115384
204.0268,0.7115384
204.0468,0.7115384
204.0668,0.7115384
204.0868,0.7115384
204.1068,0.7115384
204.1268,0.7115384
204.1468,0.7115384
204.1668,0.7115384
204.1868,0.7115384
204.2068,0.7115384
204.2268,0.7115384
204.2468,0.7115384
204.2668,0.7115384
204.2868,0.7115384
204.3068,0.7115384
204.3268,0.7115384
204.3468,0.7115384
204.3668,0.7115384
204.3868,0.7115384
204.4068,0.7115384
204.4268,0.7115384
204.4469,0.7115384
204.4669,0.7115384
204.4869,0.7115384
204.5069,0.7115384
204.5269,0.7115384
204.5469,0.7115384
204.5669,0.7115384
204.5869,0.7115384
204.6069,0.7115384
204.6269,0.7115384
204.6469,0.7115384
204.6669,0.7163461
204.6869,0.7163461
204.7069,0.7163461
204.7269,0.7163461
204.7469,0.7163461
204.7669,0.7163461
204.7869,0.7163461
204.8069,0.7163461
204.8269,0.7163461
204.8469,0.7163461
204.8669,0.7163461
204.8869,0.7163461
204.907,0.7163461
204.927,0.7163461
204.947,0.7163461
204.967,0.7163461
204.987,0.7163461
205.007,0.7163461
205.027,0.7163461
205.047,0.7163461
205.067,0.7163461
205.087,0.7163461
205.107,0.7163461
205.127,0.7163461
205.147,0.7163461
205.167,0.7163461
205.187,0.7163461
205.207,0.7163461
205.227,0.7163461
205.247,0.7163461
205.267,0.7163461
205.287,0.7163461
205.307,0.7163461
205.327,0.7163461
205.347,0.7163461
205.3671,0.7163461
205.3871,0.7163461
205.4071,0.7163461
205.4271,0.7163461
205.4471,0.7163461
205.4671,0.7163461
205.4871,0.7163461
205.5071,0.7163461
205.5271,0.7163461
205.5471,0.7163461
205.5671,0.7163461
205.5871,0.7163461
205.6071,0.7163461
205.6271,0.7163461
205.6471,0.7163461
205.6671,0.7163461
205.6871,0.7163461
205.7071,0.7163461
205.7271,0.7163461
205.7471,0.7163461
205.7671,0.7163461
205.7871,0.7163461
205.8071,0.7163461
205.8271,0.7163461
205.8472,0.7163461
205.8672,0.7163461
205.8872,0.7163461
205.9072,0.7163461
205.9272,0.7163461
205.9472,0.7163461
205.9672,0.7163461
205.9872,0.7163461
206.0072,0.7163461
206.0272,0.7163461
206.0472,0.7163461
206.0672,0.7163461
206.0872,0.7163461
206.1072,0.7163461
206.1272,0.7163461
206.1472,0.7163461
206.1672,0.7163461
206.1872,0.7163461
206.2072,0.7163461
206.2272,0.7163461
206.2472,0.7163461
206.2672,0.7163461
206.2872,0.7163461
206.3073,0.7163461
206.3273,0.7163461
206.3473,0.7163461
206.3673,0.7163461
206.3873,0.7163461
206.4073,0.7163461
206.4273,0.7163461
206.4473,0.7163461
206.4673,0.7163461
206.4873,0.7163461
206.5073,0.7163461
206.5273,0.7163461
206.5473,0.7163461
206.5673,0.7163461
206.5873,0.7163461
206.6073,0.7163461
206.6273,0.7163461
206.6473,0.7163461
206.6673,0.7163461
206.6873,0.7163461
206.7073,0.7163461
206.7273,0.7163461
206.7473,0.7163461
206.7673,0.7163461
206.7874,0.7163461
206.8074,0.7163461
206.8274,0.7163461
206.8474,0.7163461
206.8674,0.7163461
206.8874,0.7163461
206.9074,0.7163461
206.9274,0.7163461
206.9474,0.7163461
206.9674,0.7163461
206.9874,0.7163461
207.0074,0.7163461
207.0274,0.7163461
207.0474,0.7163461
207.0674,0.7163461
207.0874,0.7163461
207.1074,0.7163461
207.1274,0.7163461
207.1474,0.7163461
207.1674,0.7163461
207.1874,0.7163461
207.2074,0.7163461
207.2274,0.7163461
207.2475,0.7163461
207.2675,0.7163461
207.2875,0.7163461
207.3075,0.7163461
207.3275,0.7163461
207.3475,0.7163461
207.3675,0.7163461
207.3875,0.7163461
207.4075,0.7163461
207.4275,0.7163461
207.4475,0.7163461
207.4675,0.7163461
207.4875,0.7163461
207.5075,0.7163461
207.5275,0.7163461
207.5475,0.7163461
207.5675,0.7163461
207.5875,0.7163461
207.6075,0.7163461
207.6275,0.7163461
207.6475,0.7163461
207.6675,0.7163461
207.6875,0.7163461
207.7076,0.7163461
207.7276,0.7163461
207.7476,0.7163461
207.7676,0.7163461
207.7876,0.7163461
207.8076,0.7163461
207.8276,0.7163461
207.8476,0.7163461
207.8676,0.7163461
207.8876,0.7163461
207.9076,0.7163461
207.9276,0.7163461
207.9476,0.7163461
207.9676,0.7163461
207.9876,0.7163461
208.0076,0.7163461
208.0276,0.7163461
208.0476,0.7163461
208.0676,0.7163461
208.0876,0.7163461
208.1076,0.7163461
208.1276,0.7163461
208.1476,0.7163461
208.1676,0.7163461
208.1877,0.7163461
208.2077,0.7163461
208.2277,0.7163461
208.2477,0.7163461
208.2677,0.7163461
208.2877,0.7163461
208.3077,0.7163461
208.3277,0.7163461
208.3477,0.7163461
208.3677,0.7163461
208.3877,0.7163461
208.4077,0.7163461
208.4277,0.7163461
208.4477,0.7163461
208.4677,0.7163461
208.4877,0.7163461
208.5077,0.7163461
208.5277,0.7163461
208.5477,0.7163461
208.5677,0.7163461
208.5877,0.7163461
208.6077,0.7163461
208.6277,0.7163461
208.6478,0.7163461
208.6678,0.7163461
208.6878,0.7163461
208.7078,0.7163461
208.7278,0.7163461
208.7478,0.7163461
208.7678,0.7163461
208.7878,0.7163461
208.8078,0.7163461
208.8278,0.7163461
208.8478,0.7163461
208.8678,0.7163461
208.8878,0.7163461
208.9078,0.7163461
208.9278,0.7163461
208.9478,0.7163461
208.9678,0.7163461
208.9878,0.7211539
209.0078,0.7211539
209.0278,0.7211539
209.0478,0.7211539
209.0678,0.7211539
209.0878,0.7211539
209.1078,0.7211539
209.1279,0.7211539
209.1479,0.7211539
209.1679,0.7211539
209.1879,0.7211539
209.2079,0.7211539
209.2279,0.7211539
209.2479,0.7211539
209.2679,0.7211539
209.2879,0.7211539
209.3079,0.7211539
209.3279,0.7211539
209.3479,0.7211539
209.3679,0.7211539
209.3879,0.7211539
209.4079,0.7211539
209.4279,0.7211539
209.4479,0.7211539
209.4679,0.7211539
209.4879,0.7211539
209.5079,0.7211539
209.5279,0.7211539
209.5479,0.7211539
209.5679,0.7211539
209.588,0.7211539
209.608,0.7211539
209.628,0.7211539
209.648,0.7211539
209.668,0.7211539
209.688,0.7211539
209.708,0.7211539
209.728,0.7211539
209.748,0.7211539
209.768,0.7211539
209.788,0.7211539
209.808,0.7211539
209.828,0.7211539
209.848,0.7211539
209.868,0.7211539
209.888,0.7211539
209.908,0.7211539
209.928,0.7211539
209.948,0.7211539
209.968,0.7211539
209.988,0.7211539
210.008,0.7211539
210.028,0.7211539
210.048,0.7211539
210.0681,0.7211539
210.0881,0.7211539
210.1081,0.7211539
210.1281,0.7211539
210.1481,0.7211539
210.1681,0.7211539
210.1881,0.7211539
210.2081,0.7211539
210.2281,0.7211539
210.2481,0.7211539
210.2681,0.7211539
210.2881,0.7211539
210.3081,0.7211539
210.3281,0.7211539
210.3481,0.7211539
210.3681,0.7211539
210.3881,0.7259616
210.4081,0.7259616
210.4281,0.7259616
210.4481,0.7259616
210.4681,0.7259616
210.4881,0.7259616
210.5081,0.7259616
210.5282,0.7259616
210.5482,0.7259616
210.5682,0.7259616
210.5882,0.7259616
210.6082,0.7259616
210.6282,0.7259616
210.6482,0.7259616
210.6682,0.7259616
210.6882,0.7259616
210.7082,0.7259616
210.7282,0.7259616
210.7482,0.7259616
210.7682,0.7259616
210.7882,0.7259616
210.8082,0.7259616
210.8282,0.7259616
210.8482,0.7259616
210.8682,0.7259616
210.8882,0.7259616
210.9082,0.7259616
210.9282,0.7259616
210.9482,0.7259616
210.9682,0.7259616
210.9883,0.7259616
211.0083,0.7259616
211.0283,0.7259616
211.0483,0.7259616
211.0683,0.7259616
211.0883,0.7259616
211.1083,0.7259616
211.1283,0.7259616
211.1483,0.7259616
211.1683,0.7259616
211.1883,0.7259616
211.2083,0.7259616
211.2283,0.7259616
211.2483,0.7259616
211.2683,0.7259616
211.2883,0.7259616
211.3083,0.7259616
211.3283,0.7259616
211.3483,0.7259616
211.3683,0.7259616
211.3883,0.7259616
211.4083,0.7259616
211.4283,0.7259616
211.4483,0.7259616
211.4684,0.7259616
211.4884,0.7259616
211.5084,0.7259616
211.5284,0.7259616
211.5484,0.7259616
211.5684,0.7259616
211.5884,0.7259616
211.6084,0.7259616
211.6284,0.7259616
211.6484,0.7259616
211.6684,0.7259616
211.6884,0.7259616
211.7084,0.7259616
211.7284,0.7259616
211.7484,0.7259616
211.7684,0.7259616
211.7884,0.7259616
211.8084,0.7259616
211.8284,0.7259616
211.8484,0.7259616
211.8684,0.7259616
211.8884,0.7259616
211.9084,0.7259616
211.9285,0.7259616
211.9485,0.7307692
211.9685,0.7307692
211.9885,0.7307692
212.0085,0.7307692
212.0285,0.7307692
212.0485,0.7307692
212.0685,0.7307692
212.0885,0.7307692
212.1085,0.7307692
212.1285,0.7307692
212.1485,0.7307692
212.1685,0.7307692
212.1885,0.7307692
212.2085,0.7307692
212.2285,0.7307692
212.2485,0.7307692
212.2685,0.7307692
212.2885,0.7307692
212.3085,0.7307692
212.3285,0.7307692
212.3485,0.7307692
212.3685,0.7307692
212.3885,0.7307692
212.4086,0.7307692
212.4286,0.7307692
212.4486,0.7307692
212.4686,0.7307692
212.4886,0.7307692
212.5086,0.7307692
212.5286,0.7307692
212.5486,0.7307692
212.5686,0.7307692
212.5886,0.7307692
212.6086,0.7307692
212.6286,0.7307692
212.6486,0.7307692
212.6686,0.7307692
212.6886,0.7307692
212.7086,0.7307692
212.7286,0.7307692
212.7486,0.7307692
212.7686,0.7307692
212.7886,0.7307692
212.8086,0.7307692
212.8286,0.7307692
212.8486,0.7307692
212.8687,0.7307692
212.8887,0.7307692
212.9087,0.7307692
212.9287,0.7307692
212.9487,0.7307692
212.9687,0.7307692
212.9887,0.7307692
213.0087,0.7307692
213.0287,0.7307692
213.0487,0.7307692
213.0687,0.7307692
213.0887,0.7307692
213.1087,0.7307692
213.1287,0.7307692
213.1487,0.7307692
213.1687,0.7307692
213.1887,0.7307692
213.2087,0.7307692
213.2287,0.7307692
213.2487,0.7307692
213.2687,0.7307692
213.2887,0.7307692
213.3087,0.7307692
213.3288,0.7307692
213.3488,0.7307692
213.3688,0.7307692
213.3888,0.7307692
213.4088,0.7307692
213.4288,0.7307692
213.4488,0.7307692
213.4688,0.7307692
213.4888,0.7307692
213.5088,0.7307692
213.5288,0.7307692
213.5488,0.7307692
213.5688,0.7307692
213.5888,0.7307692
213.6088,0.7307692
213.6288,0.7307692
213.6488,0.7307692
213.6688,0.7307692
213.6888,0.7307692
213.7088,0.7307692
213.7288,0.7307692
213.7488,0.7307692
213.7688,0.7307692
213.7888,0.7307692
213.8089,0.7307692
213.8289,0.7307692
213.8489,0.7307692
213.8689,0.7307692
213.8889,0.7307692
213.9089,0.7307692
213.9289,0.7307692
213.9489,0.7307692
213.9689,0.7307692
213.9889,0.7307692
214.0089,0.7307692
214.0289,0.7307692
214.0489,0.7307692
214.0689,0.7307692
214.0889,0.7307692
214.1089,0.7307692
214.1289,0.7307692
214.1489,0.7307692
214.1689,0.7307692
214.1889,0.7307692
214.2089,0.7307692
214.2289,0.7307692
214.2489,0.7307692
214.269,0.7307692
214.289,0.7307692
214.309,0.7307692
214.329,0.7307692
214.349,0.7307692
214.369,0.7307692
214.389,0.7307692
214.409,0.7307692
214.429,0.7307692
214.449,0.7307692
214.469,0.7307692
214.489,0.7307692
214.509,0.7307692
214.529,0.7307692
214.549,0.7307692
214.569,0.7307692
214.589,0.7307692
214.609,0.7307692
214.629,0.7307692
214.649,0.7307692
214.669,0.7307692
214.689,0.7307692
214.709,0.7307692
214.729,0.7307692
214.7491,0.7307692
214.7691,0.7307692
214.7891,0.7355769
214.8091,0.7355769
214.8291,0.7355769
214.8491,0.7355769
214.8691,0.7355769
214.8891,0.7355769
214.9091,0.7355769
214.9291,0.7355769
214.9491,0.7355769
214.9691,0.7355769
214.9891,0.7355769
215.0091,0.7355769
215.0291,0.7355769
215.0491,0.7355769
215.0691,0.7355769
215.0891,0.7355769
215.1091,0.7355769
215.1291,0.7355769
215.1491,0.7355769
215.1691,0.7355769
215.1891,0.7355769
215.2092,0.7355769
215.2292,0.7355769
215.2492,0.7355769
215.2692,0.7355769
215.2892,0.7355769
215.3092,0.7355769
215.3292,0.7355769
215.3492,0.7355769
215.3692,0.7355769
215.3892,0.7355769
215.4092,0.7355769
215.4292,0.7355769
215.4492,0.7355769
215.4692,0.7355769
215.4892,0.7355769
215.5092,0.7355769
215.5292,0.7355769
215.5492,0.7355769
215.5692,0.7355769
215.5892,0.7355769
215.6092,0.7355769
215.6292,0.7355769
215.6492,0.7355769
215.6693,0.7355769
215.6893,0.7355769
215.7093,0.7355769
215.7293,0.7355769
215.7493,0.7355769
215.7693,0.7355769
215.7893,0.7355769
215.8093,0.7355769
215.8293,0.7355769
215.8493,0.7355769
215.8693,0.7355769
215.8893,0.7355769
215.9093,0.7355769
215.9293,0.7355769
215.9493,0.7355769
215.9693,0.7355769
215.9893,0.7355769
216.0093,0.7355769
216.0293,0.7355769
216.0493,0.7355769
216.0693,0.7355769
216.0893,0.7355769
216.1093,0.7355769
216.1293,0.7355769
216.1494,0.7355769
216.1694,0.7355769
216.1894,0.7355769
216.2094,0.7355769
216.2294,0.7355769
216.2494,0.7355769
216.2694,0.7355769
216.2894,0.7355769
216.3094,0.7355769
216.3294,0.7355769
216.3494,0.7355769
216.3694,0.7355769
216.3894,0.7355769
216.4094,0.7355769
216.4294,0.7355769
216.4494,0.7355769
216.4694,0.7355769
216.4894,0.7355769
216.5094,0.7355769
216.5294,0.7355769
216.5494,0.7355769
216.5694,0.7355769
216.5894,0.7355769
216.6095,0.7355769
216.6295,0.7355769
216.6495,0.7355769
216.6695,0.7355769
216.6895,0.7355769
216.7095,0.7355769
216.7295,0.7355769
216.7495,0.7355769
216.7695,0.7355769
216.7895,0.7355769
216.8095,0.7355769
216.8295,0.7355769
216.8495,0.7355769
216.8695,0.7355769
216.8895,0.7355769
216.9095,0.7355769
216.9295,0.7355769
216.9495,0.7355769
216.9695,0.7355769
216.9895,0.7355769
217.0095,0.7355769
217.0295,0.7355769
217.0495,0.7355769
217.0695,0.7355769
217.0896,0.7355769
217.1096,0.7355769
217.1296,0.7355769
217.1496,0.7355769
217.1696,0.7355769
217.1896,0.7355769
217.2096,0.7355769
217.2296,0.7355769
217.2496,0.7355769
217.2696,0.7355769
217.2896,0.7355769
217.3096,0.7355769
217.3296,0.7355769
217.3496,0.7355769
217.3696,0.7355769
217.3896,0.7355769
217.4096,0.7355769
217.4296,0.7355769
217.4496,0.7355769
217.4696,0.7355769
217.4896,0.7355769
217.5096,0.7355769
217.5296,0.7355769
217.5497,0.7355769
217.5697,0.7355769
217.5897,0.7355769
217.6097,0.7355769
217.6297,0.7355769
217.6497,0.7355769
217.6697,0.7355769
217.6897,0.7355769
217.7097,0.7355769
217.7297,0.7355769
217.7497,0.7355769
217.7697,0.7355769
217.7897,0.7355769
217.8097,0.7355769
217.8297,0.7355769
217.8497,0.7355769
217.8697,0.7355769
217.8897,0.7355769
217.9097,0.7355769
217.9297,0.7355769
217.9497,0.7355769
217.9697,0.7355769
217.9897,0.7355769
218.0098,0.7355769
218.0298,0.7355769
218.0498,0.7355769
218.0698,0.7355769
218.0898,0.7355769
218.1098,0.7355769
218.1298,0.7355769
218.1498,0.7355769
218.1698,0.7355769
218.1898,0.7355769
218.2098,0.7355769
218.2298,0.7355769
218.2498,0.7355769
218.2698,0.7355769
218.2898,0.7355769
218.3098,0.7355769
218.3298,0.7355769
218.3498,0.7355769
218.3698,0.7355769
218.3898,0.7355769
218.4098,0.7355769
218.4298,0.7355769
218.4498,0.7355769
218.4698,0.7355769
218.4899,0.7355769
218.5099,0.7355769
218.5299,0.7355769
218.5499,0.7355769
218.5699,0.7355769
218.5899,0.7355769
218.6099,0.7355769
218.6299,0.7355769
218.6499,0.7355769
218.6699,0.7355769
218.6899,0.7355769
218.7099,0.7355769
218.7299,0.7355769
218.7499,0.7355769
218.7699,0.7355769
218.7899,0.7355769
218.8099,0.7355769
218.8299,0.7355769
218.8499,0.7355769
218.8699,0.7355769
218.8899,0.7355769
218.9099,0.7355769
218.9299,0.7355769
218.95,0.7355769
218.97,0.7355769
218.99,0.7355769
219.01,0.7355769
219.03,0.7355769
219.05,0.7355769
219.07,0.7355769
219.09,0.7355769
219.11,0.7355769
219.13,0.7355769
219.15,0.7355769
219.17,0.7355769
219.19,0.7355769
219.21,0.7355769
219.23,0.7355769
219.25,0.7355769
219.27,0.7355769
219.29,0.7355769
219.31,0.7355769
219.33,0.7355769
219.35,0.7355769
219.37,0.7355769
219.39,0.7355769
219.41,0.7355769
219.4301,0.7355769
219.4501,0.7355769
219.4701,0.7355769
219.4901,0.7355769
219.5101,0.7355769
219.5301,0.7355769
219.5501,0.7355769
219.5701,0.7355769
219.5901,0.7355769
219.6101,0.7355769
219.6301,0.7355769
219.6501,0.7355769
219.6701,0.7355769
219.6901,0.7355769
219.7101,0.7355769
219.7301,0.7355769
219.7501,0.7355769
219.7701,0.7355769
219.7901,0.7355769
219.8101,0.7355769
219.8301,0.7355769
219.8501,0.7355769
219.8701,0.7355769
219.8902,0.7355769
219.9102,0.7355769
219.9302,0.7355769
219.9502,0.7355769
219.9702,0.7355769
219.9902,0.7355769
220.0102,0.7355769
220.0302,0.7355769
220.0502,0.7355769
220.0702,0.7355769
220.0902,0.7355769
220.1102,0.7355769
220.1302,0.7355769
220.1502,0.7355769
220.1702,0.7355769
220.1902,0.7355769
220.2102,0.7355769
220.2302,0.7355769
220.2502,0.7355769
220.2702,0.7355769
220.2902,0.7355769
220.3102,0.7355769
220.3302,0.7355769
220.3503,0.7355769
220.3703,0.7355769
220.3903,0.7355769
220.4103,0.7355769
220.4303,0.7355769
220.4503,0.7355769
220.4703,0.7355769
220.4903,0.7355769
220.5103,0.7355769
220.5303,0.7355769
220.5503,0.7355769
220.5703,0.7355769
220.5903,0.7355769
220.6103,0.7355769
220.6303,0.7355769
220.6503,0.7355769
220.6703,0.7355769
220.6903,0.7355769
220.7103,0.7355769
220.7303,0.7355769
220.7503,0.7355769
220.7703,0.7355769
220.7903,0.7355769
220.8103,0.7355769
220.8304,0.7355769
220.8504,0.7355769
220.8704,0.7355769
220.8904,0.7355769
220.9104,0.7355769
220.9304,0.7355769
220.9504,0.7355769
220.9704,0.7355769
220.9904,0.7355769
221.0104,0.7355769
221.0304,0.7355769
221.0504,0.7355769
221.0704,0.7355769
221.0904,0.7355769
221.1104,0.7355769
221.1304,0.7355769
221.1504,0.7355769
221.1704,0.7355769
221.1904,0.7355769
221.2104,0.7355769
221.2304,0.7355769
221.2504,0.7355769
221.2704,0.7355769
221.2905,0.7355769
221.3105,0.7355769
221.3305,0.7355769
221.3505,0.7355769
221.3705,0.7355769
221.3905,0.7355769
221.4105,0.7355769
221.4305,0.7355769
221.4505,0.7355769
221.4705,0.7355769
221.4905,0.7355769
221.5105,0.7355769
221.5305,0.7355769
221.5505,0.7355769
221.5705,0.7355769
221.5905,0.7355769
221.6105,0.7355769
221.6305,0.7355769
221.6505,0.7355769
221.6705,0.7355769
221.6905,0.7355769
221.7105,0.7355769
221.7305,0.7355769
221.7505,0.7355769
221.7706,0.7355769
221.7906,0.7355769
221.8106,0.7355769
221.8306,0.7355769
221.8506,0.7355769
221.8706,0.7355769
221.8906,0.7355769
221.9106,0.7355769
221.9306,0.7355769
221.9506,0.7355769
221.9706,0.7355769
221.9906,0.7355769
222.0106,0.7355769
222.0306,0.7355769
222.0506,0.7355769
222.0706,0.7355769
222.0906,0.7355769
222.1106,0.7355769
222.1306,0.7355769
222.1506,0.7355769
222.1706,0.7355769
222.1906,0.7355769
222.2106,0.7355769
222.2307,0.7355769
222.2507,0.7355769
222.2707,0.7355769
222.2907,0.7355769
222.3107,0.7355769
222.3307,0.7355769
222.3507,0.7355769
222.3707,0.7355769
222.3907,0.7355769
222.4107,0.7355769
222.4307,0.7355769
222.4507,0.7355769
222.4707,0.7355769
222.4907,0.7355769
222.5107,0.7355769
222.5307,0.7355769
222.5507,0.7355769
222.5707,0.7355769
222.5907,0.7355769
222.6107,0.7355769
222.6307,0.7355769
222.6507,0.7355769
222.6707,0.7355769
222.6908,0.7355769
222.7108,0.7355769
222.7308,0.7355769
222.7508,0.7355769
222.7708,0.7355769
222.7908,0.7355769
222.8108,0.7355769
222.8308,0.7355769
222.8508,0.7355769
222.8708,0.7355769
222.8908,0.7355769
222.9108,0.7355769
222.9308,0.7355769
222.9508,0.7355769
222.9708,0.7355769
222.9908,0.7355769
223.0108,0.7355769
223.0308,0.7355769
223.0508,0.7355769
223.0708,0.7355769
223.0908,0.7355769
223.1108,0.7355769
223.1308,0.7355769
223.1508,0.7355769
223.1709,0.7355769
223.1909,0.7355769
223.2109,0.7355769
223.2309,0.7355769
223.2509,0.7355769
223.2709,0.7355769
223.2909,0.7355769
223.3109,0.7355769
223.3309,0.7355769
223.3509,0.7355769
223.3709,0.7355769
223.3909,0.7355769
223.4109,0.7355769
223.4309,0.7355769
223.4509,0.7355769
223.4709,0.7355769
223.4909,0.7355769
223.5109,0.7355769
223.5309,0.7355769
223.5509,0.7355769
223.5709,0.7355769
223.5909,0.7355769
223.6109,0.7355769
223.631,0.7355769
223.651,0.7355769
223.671,0.7355769
223.691,0.7355769
223.711,0.7355769
223.731,0.7355769
223.751,0.7355769
223.771,0.7355769
223.791,0.7355769
223.811,0.7355769
223.831,0.7355769
223.851,0.7355769
223.871,0.7355769
223.891,0.7355769
223.911,0.7355769
223.931,0.7355769
223.951,0.7355769
223.971,0.7355769
223.991,0.7355769
224.011,0.7355769
224.031,0.7355769
224.051,0.7355769
224.071,0.7355769
224.091,0.7355769
224.1111,0.7355769
224.1311,0.7355769
224.1511,0.7355769
224.1711,0.7355769
224.1911,0.7355769
224.2111,0.7355769
224.2311,0.7355769
224.2511,0.7355769
224.2711,0.7355769
224.2911,0.7355769
224.3111,0.7355769
224.3311,0.7355769
224.3511,0.7355769
224.3711,0.7355769
224.3911,0.7355769
224.4111,0.7355769
224.4311,0.7355769
224.4511,0.7355769
224.4711,0.7355769
224.4911,0.7355769
224.5111,0.7355769
224.5311,0.7355769
224.5511,0.7355769
224.5712,0.7355769
224.5912,0.7355769
224.6112,0.7355769
224.6312,0.7355769
224.6512,0.7355769
224.6712,0.7355769
224.6912,0.7355769
224.7112,0.7355769
224.7312,0.7355769
224.7512,0.7355769
224.7712,0.7355769
224.7912,0.7355769
224.8112,0.7355769
224.8312,0.7355769
224.8512,0.7355769
224.8712,0.7355769
224.8912,0.7355769
224.9112,0.7355769
224.9312,0.7355769
224.9512,0.7355769
224.9712,0.7355769
224.9912,0.7355769
225.0112,0.7355769
225.0313,0.7355769
225.0513,0.7355769
225.0713,0.7355769
225.0913,0.7355769
225.1113,0.7355769
225.1313,0.7355769
225.1513,0.7355769
225.1713,0.7355769
225.1913,0.7355769
225.2113,0.7355769
225.2313,0.7355769
225.2513,0.7355769
225.2713,0.7355769
225.2913,0.7355769
225.3113,0.7355769
225.3313,0.7355769
225.3513,0.7355769
225.3713,0.7355769
225.3913,0.7355769
225.4113,0.7355769
225.4313,0.7355769
225.4513,0.7355769
225.4713,0.7355769
225.4913,0.7355769
225.5114,0.7355769
225.5314,0.7355769
225.5514,0.7355769
225.5714,0.7355769
225.5914,0.7355769
225.6114,0.7355769
225.6314,0.7355769
225.6514,0.7355769
225.6714,0.7355769
225.6914,0.7355769
225.7114,0.7355769
225.7314,0.7355769
225.7514,0.7355769
225.7714,0.7355769
225.7914,0.7355769
225.8114,0.7355769
225.8314,0.7355769
225.8514,0.7355769
225.8714,0.7355769
225.8914,0.7355769
225.9114,0.7355769
225.9314,0.7355769
225.9514,0.7355769
225.9715,0.7355769
225.9915,0.7355769
226.0115,0.7355769
226.0315,0.7355769
226.0515,0.7355769
226.0715,0.7355769
226.0915,0.7355769
226.1115,0.7355769
226.1315,0.7355769
226.1515,0.7355769
226.1715,0.7355769
226.1915,0.7355769
226.2115,0.7355769
226.2315,0.7355769
226.2515,0.7355769
226.2715,0.7355769
226.2915,0.7355769
226.3115,0.7355769
226.3315,0.7355769
226.3515,0.7355769
226.3715,0.7355769
226.3915,0.7355769
226.4115,0.7355769
226.4315,0.7355769
226.4516,0.7355769
226.4716,0.7355769
226.4916,0.7355769
226.5116,0.7355769
226.5316,0.7355769
226.5516,0.7355769
226.5716,0.7355769
226.5916,0.7355769
226.6116,0.7355769
226.6316,0.7355769
226.6516,0.7355769
226.6716,0.7355769
226.6916,0.7355769
226.7116,0.7355769
226.7316,0.7355769
226.7516,0.7355769
226.7716,0.7355769
226.7916,0.7355769
226.8116,0.7355769
226.8316,0.7355769
226.8516,0.7355769
226.8716,0.7355769
226.8916,0.7355769
226.9117,0.7355769
226.9317,0.7355769
226.9517,0.7355769
226.9717,0.7355769
226.9917,0.7355769
227.0117,0.7355769
227.0317,0.7355769
227.0517,0.7355769
227.0717,0.7355769
227.0917,0.7355769
227.1117,0.7355769
227.1317,0.7355769
227.1517,0.7355769
227.1717,0.7355769
227.1917,0.7355769
227.2117,0.7355769
227.2317,0.7355769
227.2517,0.7355769
227.2717,0.7355769
227.2917,0.7355769
227.3117,0.7355769
227.3317,0.7355769
227.3517,0.7355769
227.3717,0.7355769
227.3918,0.7355769
227.4118,0.7355769
227.4318,0.7355769
227.4518,0.7355769
227.4718,0.7355769
227.4918,0.7355769
227.5118,0.7355769
227.5318,0.7355769
227.5518,0.7355769
227.5718,0.7355769
227.5918,0.7355769
227.6118,0.7355769
227.6318,0.7355769
227.6518,0.7355769
227.6718,0.7355769
227.6918,0.7355769
227.7118,0.7355769
227.7318,0.7355769
227.7518,0.7355769
227.7718,0.7355769
227.7918,0.7355769
227.8118,0.7355769
227.8318,0.7355769
227.8519,0.7355769
227.8719,0.7355769
227.8919,0.7355769
227.9119,0.7355769
227.9319,0.7355769
227.9519,0.7355769
227.9719,0.7355769
227.9919,0.7355769
228.0119,0.7355769
228.0319,0.7355769
228.0519,0.7355769
228.0719,0.7355769
228.0919,0.7355769
228.1119,0.7355769
228.1319,0.7355769
228.1519,0.7355769
228.1719,0.7355769
228.1919,0.7355769
228.2119,0.7355769
228.2319,0.7355769
228.2519,0.7355769
228.2719,0.7355769
228.2919,0.7355769
228.312,0.7355769
228.332,0.7355769
228.352,0.7355769
228.372,0.7355769
228.392,0.7355769
228.412,0.7355769
228.432,0.7355769
228.452,0.7355769
228.472,0.7355769
228.492,0.7355769
228.512,0.7355769
228.532,0.7355769
228.552,0.7355769
228.572,0.7355769
228.592,0.7355769
228.612,0.7355769
228.632,0.7355769
228.652,0.7355769
228.672,0.7355769
228.692,0.7355769
228.712,0.7355769
228.732,0.7355769
228.752,0.7355769
228.772,0.7355769
228.7921,0.7355769
228.8121,0.7355769
228.8321,0.7355769
228.8521,0.7355769
228.8721,0.7355769
228.8921,0.7355769
228.9121,0.7355769
228.9321,0.7355769
228.9521,0.7355769
228.9721,0.7355769
228.9921,0.7355769
229.0121,0.7355769
229.0321,0.7355769
229.0521,0.7355769
229.0721,0.7355769
229.0921,0.7355769
229.1121,0.7355769
229.1321,0.7355769
229.1521,0.7355769
229.1721,0.7355769
229.1921,0.7355769
229.2121,0.7355769
229.2321,0.7355769
229.2522,0.7355769
229.2722,0.7355769
229.2922,0.7355769
229.3122,0.7355769
229.3322,0.7355769
229.3522,0.7355769
229.3722,0.7355769
229.3922,0.7355769
229.4122,0.7355769
229.4322,0.7355769
229.4522,0.7355769
229.4722,0.7355769
229.4922,0.7355769
229.5122,0.7355769
229.5322,0.7355769
229.5522,0.7355769
229.5722,0.7355769
229.5922,0.7355769
229.6122,0.7355769
229.6322,0.7355769
229.6522,0.7355769
229.6722,0.7355769
229.6922,0.7355769
229.7122,0.7355769
229.7323,0.7355769
229.7523,0.7355769
229.7723,0.7355769
229.7923,0.7355769
229.8123,0.7355769
229.8323,0.7355769
229.8523,0.7355769
229.8723,0.7355769
229.8923,0.7355769
229.9123,0.7355769
229.9323,0.7355769
229.9523,0.7355769
229.9723,0.7355769
229.9923,0.7355769
230.0123,0.7355769
230.0323,0.7355769
230.0523,0.7355769
230.0723,0.7355769
230.0923,0.7355769
230.1123,0.7355769
230.1323,0.7355769
230.1523,0.7355769
230.1723,0.7355769
230.1924,0.7355769
230.2124,0.7355769
230.2324,0.7355769
230.2524,0.7355769
230.2724,0.7355769
230.2924,0.7355769
230.3124,0.7355769
230.3324,0.7355769
230.3524,0.7355769
230.3724,0.7355769
230.3924,0.7355769
230.4124,0.7355769
230.4324,0.7355769
230.4524,0.7355769
230.4724,0.7355769
230.4924,0.7355769
230.5124,0.7355769
230.5324,0.7355769
230.5524,0.7355769
230.5724,0.7355769
230.5924,0.7355769
230.6124,0.7355769
230.6324,0.7355769
230.6525,0.7355769
230.6725,0.7355769
230.6925,0.7355769
230.7125,0.7355769
230.7325,0.7355769
230.7525,0.7355769
230.7725,0.7355769
230.7925,0.7355769
230.8125,0.7355769
230.8325,0.7355769
230.8525,0.7355769
230.8725,0.7355769
230.8925,0.7355769
230.9125,0.7355769
230.9325,0.7355769
230.9525,0.7355769
230.9725,0.7355769
230.9925,0.7355769
231.0125,0.7355769
231.0325,0.7355769
231.0525,0.7355769
231.0725,0.7355769
231.0925,0.7355769
231.1125,0.7355769
231.1326,0.7355769
231.1526,0.7355769
231.1726,0.7355769
231.1926,0.7355769
231.2126,0.7355769
231.2326,0.7355769
231.2526,0.7355769
231.2726,0.7355769
231.2926,0.7355769
231.3126,0.7355769
231.3326,0.7355769
231.3526,0.7355769
231.3726,0.7355769
231.3926,0.7355769
231.4126,0.7355769
231.4326,0.7355769
231.4526,0.7355769
231.4726,0.7355769
231.4926,0.7355769
231.5126,0.7355769
231.5326,0.7355769
231.5526,0.7355769
231.5726,0.7355769
231.5927,0.7355769
231.6127,0.7355769
231.6327,0.7355769
231.6527,0.7355769
231.6727,0.7355769
231.6927,0.7355769
231.7127,0.7355769
231.7327,0.7355769
231.7527,0.7355769
231.7727,0.7355769
231.7927,0.7355769
231.8127,0.7355769
231.8327,0.7355769
231.8527,0.7355769
231.8727,0.7355769
231.8927,0.7355769
231.9127,0.7355769
231.9327,0.7355769
231.9527,0.7355769
231.9727,0.7355769
231.9927,0.7355769
232.0127,0.7355769
232.0327,0.7355769
232.0527,0.7355769
232.0728,0.7355769
232.0928,0.7355769
232.1128,0.7355769
232.1328,0.7355769
232.1528,0.7355769
232.1728,0.7355769
232.1928,0.7355769
232.2128,0.7355769
232.2328,0.7355769
232.2528,0.7355769
232.2728,0.7355769
232.2928,0.7355769
232.3128,0.7355769
232.3328,0.7355769
232.3528,0.7355769
232.3728,0.7355769
232.3928,0.7355769
232.4128,0.7355769
232.4328,0.7355769
232.4528,0.7355769
232.4728,0.7355769
232.4928,0.7355769
232.5128,0.7355769
232.5329,0.7355769
232.5529,0.7355769
232.5729,0.7355769
232.5929,0.7355769
232.6129,0.7355769
232.6329,0.7355769
232.6529,0.7355769
232.6729,0.7355769
232.6929,0.7355769
232.7129,0.7355769
232.7329,0.7355769
232.7529,0.7355769
232.7729,0.7355769
232.7929,0.7355769
232.8129,0.7355769
232.8329,0.7355769
232.8529,0.7355769
232.8729,0.7355769
232.8929,0.7355769
232.9129,0.7355769
232.9329,0.7355769
232.9529,0.7355769
232.9729,0.7355769
232.993,0.7355769
233.013,0.7355769
233.033,0.7355769
233.053,0.7355769
233.073,0.7355769
233.093,0.7355769
233.113,0.7355769
233.133,0.7355769
233.153,0.7355769
233.173,0.7355769
233.193,0.7355769
233.213,0.7355769
233.233,0.7355769
233.253,0.7355769
233.273,0.7355769
233.293,0.7355769
233.313,0.7355769
233.333,0.7355769
233.353,0.7355769
233.373,0.7355769
233.393,0.7355769
233.413,0.7355769
233.433,0.7355769
233.453,0.7355769
233.4731,0.7355769
233.4931,0.7355769
233.5131,0.7355769
233.5331,0.7355769
233.5531,0.7355769
233.5731,0.7355769
233.5931,0.7355769
233.6131,0.7355769
233.6331,0.7355769
233.6531,0.7355769
233.6731,0.7355769
233.6931,0.7355769
233.7131,0.7355769
233.7331,0.7355769
233.7531,0.7355769
233.7731,0.7355769
233.7931,0.7355769
233.8131,0.7355769
233.8331,0.7355769
233.8531,0.7355769
233.8731,0.7355769
233.8931,0.7355769
233.9131,0.7355769
233.9332,0.7355769
233.9532,0.7355769
233.9732,0.7355769
233.9932,0.7355769
234.0132,0.7355769
234.0332,0.7355769
234.0532,0.7355769
234.0732,0.7355769
234.0932,0.7355769
234.1132,0.7355769
234.1332,0.7355769
234.1532,0.7355769
234.1732,0.7355769
234.1932,0.7355769
234.2132,0.7355769
234.2332,0.7355769
234.2532,0.7355769
234.2732,0.7355769
234.2932,0.7355769
234.3132,0.7355769
234.3332,0.7355769
234.3532,0.7355769
234.3732,0.7355769
234.3932,0.7355769
234.4133,0.7355769
234.4333,0.7355769
234.4533,0.7355769
234.4733,0.7355769
234.4933,0.7355769
234.5133,0.7355769
234.5333,0.7355769
234.5533,0.7355769
234.5733,0.7355769
234.5933,0.7355769
234.6133,0.7355769
234.6333,0.7355769
234.6533,0.7355769
234.6733,0.7355769
234.6933,0.7355769
234.7133,0.7355769
234.7333,0.7355769
234.7533,0.7355769
234.7733,0.7355769
234.7933,0.7355769
234.8133,0.7355769
234.8333,0.7355769
234.8533,0.7355769
234.8734,0.7355769
234.8934,0.7355769
234.9134,0.7355769
234.9334,0.7355769
234.9534,0.7355769
234.9734,0.7355769
234.9934,0.7355769
235.0134,0.7355769
235.0334,0.7355769
235.0534,0.7355769
235.0734,0.7355769
235.0934,0.7355769
235.1134,0.7355769
235.1334,0.7355769
235.1534,0.7355769
235.1734,0.7355769
235.1934,0.7355769
235.2134,0.7355769
235.2334,0.7355769
235.2534,0.7355769
235.2734,0.7355769
235.2934,0.7355769
235.3134,0.7355769
235.3335,0.7355769
235.3535,0.7355769
235.3735,0.7355769
235.3935,0.7355769
235.4135,0.7355769
235.4335,0.7355769
235.4535,0.7355769
235.4735,0.7355769
235.4935,0.7355769
235.5135,0.7355769
235.5335,0.7355769
235.5535,0.7355769
235.5735,0.7355769
235.5935,0.7355769
235.6135,0.7355769
235.6335,0.7355769
235.6535,0.7355769
235.6735,0.7355769
235.6935,0.7355769
235.7135,0.7355769
235.7335,0.7355769
235.7535,0.7355769
235.7735,0.7355769
235.7935,0.7355769
235.8136,0.7355769
235.8336,0.7355769
235.8536,0.7355769
235.8736,0.7355769
235.8936,0.7355769
235.9136,0.7355769
235.9336,0.7355769
235.9536,0.7355769
235.9736,0.7355769
235.9936,0.7355769
236.0136,0.7355769
236.0336,0.7355769
236.0536,0.7355769
236.0736,0.7355769
236.0936,0.7355769
236.1136,0.7355769
236.1336,0.7355769
236.1536,0.7355769
236.1736,0.7355769
236.1936,0.7355769
236.2136,0.7355769
236.2336,0.7355769
236.2536,0.7355769
236.2737,0.7355769
236.2937,0.7355769
236.3137,0.7355769
236.3337,0.7355769
236.3537,0.7355769
236.3737,0.7355769
236.3937,0.7355769
236.4137,0.7355769
236.4337,0.7355769
236.4537,0.7355769
236.4737,0.7355769
236.4937,0.7355769
236.5137,0.7355769
236.5337,0.7355769
236.5537,0.7355769
236.5737,0.7355769
236.5937,0.7355769
236.6137,0.7355769
236.6337,0.7355769
236.6537,0.7355769
236.6737,0.7355769
236.6937,0.7355769
236.7137,0.7355769
236.7337,0.7355769
236.7538,0.7355769
236.7738,0.7355769
236.7938,0.7355769
236.8138,0.7355769
236.8338,0.7355769
236.8538,0.7355769
236.8738,0.7355769
236.8938,0.7355769
236.9138,0.7355769
236.9338,0.7355769
236.9538,0.7355769
236.9738,0.7355769
236.9938,0.7355769
237.0138,0.7355769
237.0338,0.7355769
237.0538,0.7355769
237.0738,0.7355769
237.0938,0.7355769
237.1138,0.7355769
237.1338,0.7355769
237.1538,0.7355769
237.1738,0.7355769
237.1938,0.7355769
237.2139,0.7355769
237.2339,0.7355769
237.2539,0.7355769
237.2739,0.7355769
237.2939,0.7355769
237.3139,0.7355769
237.3339,0.7355769
237.3539,0.7355769
237.3739,0.7355769
237.3939,0.7355769
237.4139,0.7355769
237.4339,0.7355769
237.4539,0.7355769
237.4739,0.7355769
237.4939,0.7355769
237.5139,0.7355769
237.5339,0.7355769
237.5539,0.7355769
237.5739,0.7355769
237.5939,0.7355769
237.6139,0.7355769
237.6339,0.7355769
237.6539,0.7355769
237.674,0.7355769
237.694,0.7355769
237.714,0.7355769
237.734,0.7355769
237.754,0.7355769
237.774,0.7355769
237.794,0.7355769
237.814,0.7355769
237.834,0.7355769
237.854,0.7355769
237.874,0.7355769
237.894,0.7355769
237.914,0.7355769
237.934,0.7355769
237.954,0.7355769
237.974,0.7355769
237.994,0.7355769
238.014,0.7355769
238.034,0.7355769
238.054,0.7355769
238.074,0.7355769
238.094,0.7355769
238.114,0.7355769
238.134,0.7355769
238.1541,0.7355769
238.1741,0.7355769
238.1941,0.7355769
238.2141,0.7355769
238.2341,0.7355769
238.2541,0.7355769
238.2741,0.7355769
238.2941,0.7355769
238.3141,0.7355769
238.3341,0.7355769
238.3541,0.7355769
238.3741,0.7355769
238.3941,0.7355769
238.4141,0.7355769
238.4341,0.7355769
238.4541,0.7355769
238.4741,0.7355769
238.4941,0.7355769
238.5141,0.7355769
238.5341,0.7355769
238.5541,0.7355769
238.5741,0.7355769
238.5941,0.7355769
238.6142,0.7355769
238.6342,0.7355769
238.6542,0.7355769
238.6742,0.7355769
238.6942,0.7355769
238.7142,0.7355769
238.7342,0.7355769
238.7542,0.7355769
238.7742,0.7355769
238.7942,0.7355769
238.8142,0.7355769
238.8342,0.7355769
238.8542,0.7355769
238.8742,0.7355769
238.8942,0.7355769
238.9142,0.7355769
238.9342,0.7355769
238.9542,0.7355769
238.9742,0.7355769
238.9942,0.7355769
239.0142,0.7355769
239.0342,0.7355769
239.0542,0.7355769
239.0742,0.7355769
239.0943,0.7355769
239.1143,0.7355769
239.1343,0.7355769
239.1543,0.7355769
239.1743,0.7355769
239.1943,0.7355769
239.2143,0.7355769
239.2343,0.7355769
239.2543,0.7355769
239.2743,0.7355769
239.2943,0.7355769
239.3143,0.7355769
239.3343,0.7355769
239.3543,0.7355769
239.3743,0.7355769
239.3943,0.7355769
239.4143,0.7355769
239.4343,0.7355769
239.4543,0.7355769
239.4743,0.7355769
239.4943,0.7355769
239.5143,0.7355769
239.5343,0.7355769
239.5544,0.7355769
239.5744,0.7355769
239.5944,0.7355769
239.6144,0.7355769
239.6344,0.7355769
239.6544,0.7355769
239.6744,0.7355769
239.6944,0.7355769
239.7144,0.7355769
239.7344,0.7355769
239.7544,0.7355769
239.7744,0.7355769
239.7944,0.7355769
239.8144,0.7355769
239.8344,0.7355769
239.8544,0.7355769
239.8744,0.7355769
239.8944,0.7355769
239.9144,0.7355769
239.9344,0.7355769
239.9544,0.7355769
239.9744,0.7355769
239.9944,0.7355769
240.0145,0.7355769
240.0345,0.7355769
240.0545,0.7355769
240.0745,0.7355769
240.0945,0.7355769
240.1145,0.7355769
240.1345,0.7355769
240.1545,0.7355769
240.1745,0.7355769
240.1945,0.7355769
240.2145,0.7355769
240.2345,0.7355769
240.2545,0.7355769
240.2745,0.7355769
240.2945,0.7355769
240.3145,0.7355769
240.3345,0.7355769
240.3545,0.7355769
240.3745,0.7355769
240.3945,0.7355769
240.4145,0.7355769
240.4345,0.7355769
240.4545,0.7355769
240.4745,0.7355769
240.4946,0.7355769
240.5146,0.7355769
240.5346,0.7355769
240.5546,0.7355769
240.5746,0.7355769
240.5946,0.7355769
240.6146,0.7355769
240.6346,0.7355769
240.6546,0.7355769
240.6746,0.7355769
240.6946,0.7355769
240.7146,0.7355769
240.7346,0.7355769
240.7546,0.7355769
240.7746,0.7355769
240.7946,0.7355769
240.8146,0.7355769
240.8346,0.7355769
240.8546,0.7355769
240.8746,0.7355769
240.8946,0.7355769
240.9146,0.7355769
240.9346,0.7355769
240.9547,0.7355769
240.9747,0.7355769
240.9947,0.7355769
241.0147,0.7355769
241.0347,0.7355769
241.0547,0.7355769
241.0747,0.7355769
241.0947,0.7355769
241.1147,0.7355769
241.1347,0.7355769
241.1547,0.7355769
241.1747,0.7355769
241.1947,0.7355769
241.2147,0.7355769
241.2347,0.7355769
241.2547,0.7355769
241.2747,0.7355769
241.2947,0.7355769
241.3147,0.7355769
241.3347,0.7355769
241.3547,0.7355769
241.3747,0.7355769
241.3947,0.7355769
241.4147,0.7355769
241.4348,0.7355769
241.4548,0.7355769
241.4748,0.7355769
241.4948,0.7355769
241.5148,0.7355769
241.5348,0.7355769
241.5548,0.7355769
241.5748,0.7355769
241.5948,0.7355769
241.6148,0.7355769
241.6348,0.7355769
241.6548,0.7355769
241.6748,0.7355769
241.6948,0.7355769
241.7148,0.7355769
241.7348,0.7355769
241.7548,0.7355769
241.7748,0.7355769
241.7948,0.7355769
241.8148,0.7355769
241.8348,0.7355769
241.8548,0.7355769
241.8748,0.7355769
241.8949,0.7355769
241.9149,0.7355769
241.9349,0.7355769
241.9549,0.7355769
241.9749,0.7355769
241.9949,0.7355769
242.0149,0.7355769
242.0349,0.7355769
242.0549,0.7355769
242.0749,0.7355769
242.0949,0.7355769
242.1149,0.7355769
242.1349,0.7355769
242.1549,0.7355769
242.1749,0.7355769
242.1949,0.7355769
242.2149,0.7355769
242.2349,0.7355769
242.2549,0.7355769
242.2749,0.7355769
242.2949,0.7355769
242.3149,0.7355769
242.3349,0.7355769
242.3549,0.7355769
242.375,0.7355769
242.395,0.7355769
242.415,0.7355769
242.435,0.7355769
242.455,0.7355769
242.475,0.7355769
242.495,0.7355769
242.515,0.7355769
242.535,0.7355769
242.555,0.7355769
242.575,0.7355769
242.595,0.7355769
242.615,0.7355769
242.635,0.7355769
242.655,0.7355769
242.675,0.7355769
242.695,0.7355769
242.715,0.7355769
242.735,0.7355769
242.755,0.7355769
242.775,0.7355769
242.795,0.7355769
242.815,0.7355769
242.8351,0.7355769
242.8551,0.7355769
242.8751,0.7355769
242.8951,0.7355769
242.9151,0.7355769
242.9351,0.7355769
242.9551,0.7355769
242.9751,0.7355769
242.9951,0.7355769
243.0151,0.7355769
243.0351,0.7355769
243.0551,0.7355769
243.0751,0.7355769
243.0951,0.7355769
243.1151,0.7355769
243.1351,0.7355769
243.1551,0.7355769
243.1751,0.7355769
243.1951,0.7355769
243.2151,0.7355769
243.2351,0.7355769
243.2551,0.7355769
243.2751,0.7355769
243.2952,0.7355769
243.3152,0.7355769
243.3352,0.7355769
243.3552,0.7355769
243.3752,0.7355769
243.3952,0.7355769
243.4152,0.7355769
243.4352,0.7355769
243.4552,0.7355769
243.4752,0.7355769
243.4952,0.7355769
243.5152,0.7355769
243.5352,0.7355769
243.5552,0.7355769
243.5752,0.7355769
243.5952,0.7355769
243.6152,0.7355769
243.6352,0.7355769
243.6552,0.7355769
243.6752,0.7355769
243.6952,0.7355769
243.7152,0.7355769
243.7352,0.7355769
243.7552,0.7355769
243.7753,0.7355769
243.7953,0.7355769
243.8153,0.7355769
243.8353,0.7355769
243.8553,0.7355769
243.8753,0.7355769
243.8953,0.7355769
243.9153,0.7355769
243.9353,0.7355769
243.9553,0.7355769
243.9753,0.7355769
243.9953,0.7355769
244.0153,0.7355769
244.0353,0.7355769
244.0553,0.7355769
244.0753,0.7355769
244.0953,0.7355769
244.1153,0.7355769
244.1353,0.7355769
244.1553,0.7355769
244.1753,0.7355769
244.1953,0.7355769
244.2153,0.7355769
244.2354,0.7355769
244.2554,0.7355769
244.2754,0.7355769
244.2954,0.7355769
244.3154,0.7355769
244.3354,0.7355769
244.3554,0.7355769
244.3754,0.7355769
244.3954,0.7355769
244.4154,0.7355769
244.4354,0.7355769
244.4554,0.7355769
244.4754,0.7355769
244.4954,0.7355769
244.5154,0.7355769
244.5354,0.7355769
244.5554,0.7355769
244.5754,0.7355769
244.5954,0.7355769
244.6154,0.7355769
244.6354,0.7355769
244.6554,0.7355769
244.6754,0.7355769
244.6954,0.7355769
244.7155,0.7355769
244.7355,0.7355769
244.7555,0.7355769
244.7755,0.7355769
244.7955,0.7355769
244.8155,0.7355769
244.8355,0.7355769
244.8555,0.7355769
244.8755,0.7355769
244.8955,0.7355769
244.9155,0.7355769
244.9355,0.7355769
244.9555,0.7355769
244.9755,0.7355769
244.9955,0.7355769
245.0155,0.7355769
245.0355,0.7355769
245.0555,0.7355769
245.0755,0.7355769
245.0955,0.7355769
245.1155,0.7355769
245.1355,0.7355769
245.1555,0.7355769
245.1756,0.7355769
245.1956,0.7355769
245.2156,0.7355769
245.2356,0.7355769
245.2556,0.7355769
245.2756,0.7355769
245.2956,0.7355769
245.3156,0.7355769
245.3356,0.7355769
245.3556,0.7355769
245.3756,0.7355769
245.3956,0.7355769
245.4156,0.7355769
245.4356,0.7355769
245.4556,0.7355769
245.4756,0.7355769
245.4956,0.7355769
245.5156,0.7355769
245.5356,0.7355769
245.5556,0.7355769
245.5756,0.7355769
245.5956,0.7355769
245.6156,0.7355769
245.6357,0.7355769
245.6557,0.7355769
245.6757,0.7355769
245.6957,0.7355769
245.7157,0.7355769
245.7357,0.7355769
245.7557,0.7355769
245.7757,0.7355769
245.7957,0.7355769
245.8157,0.7355769
245.8357,0.7355769
245.8557,0.7355769
245.8757,0.7355769
245.8957,0.7355769
245.9157,0.7355769
245.9357,0.7355769
245.9557,0.7355769
245.9757,0.7355769
245.9957,0.7355769
246.0157,0.7355769
246.0357,0.7355769
246.0557,0.7355769
246.0757,0.7355769
246.0957,0.7355769
246.1158,0.7355769
246.1358,0.7355769
246.1558,0.7355769
246.1758,0.7355769
246.1958,0.7355769
246.2158,0.7355769
246.2358,0.7355769
246.2558,0.7355769
246.2758,0.7355769
246.2958,0.7355769
246.3158,0.7355769
246.3358,0.7355769
246.3558,0.7355769
246.3758,0.7355769
246.3958,0.7355769
246.4158,0.7355769
246.4358,0.7355769
246.4558,0.7355769
246.4758,0.7355769
246.4958,0.7355769
246.5158,0.7355769
246.5358,0.7355769
246.5558,0.7355769
246.5759,0.7355769
246.5959,0.7355769
246.6159,0.7355769
246.6359,0.7355769
246.6559,0.7355769
246.6759,0.7355769
246.6959,0.7355769
246.7159,0.7355769
246.7359,0.7355769
246.7559,0.7355769
246.7759,0.7355769
246.7959,0.7355769
246.8159,0.7355769
246.8359,0.7355769
246.8559,0.7355769
246.8759,0.7355769
246.8959,0.7355769
246.9159,0.7355769
246.9359,0.7355769
246.9559,0.7355769
246.9759,0.7355769
246.9959,0.7355769
247.0159,0.7355769
247.0359,0.7355769
247.056,0.7355769
247.076,0.7355769
247.096,0.7355769
247.116,0.7355769
247.136,0.7355769
247.156,0.7355769
247.176,0.7355769
247.196,0.7355769
247.216,0.7355769
247.236,0.7355769
247.256,0.7355769
247.276,0.7355769
247.296,0.7355769
247.316,0.7355769
247.336,0.7355769
247.356,0.7355769
247.376,0.7355769
247.396,0.7355769
247.416,0.7355769
247.436,0.7355769
247.456,0.7355769
247.476,0.7355769
247.496,0.7355769
247.5161,0.7355769
247.5361,0.7355769
247.5561,0.7355769
247.5761,0.7355769
247.5961,0.7355769
247.6161,0.7355769
247.6361,0.7355769
247.6561,0.7355769
247.6761,0.7355769
247.6961,0.7355769
247.7161,0.7355769
247.7361,0.7355769
247.7561,0.7355769
247.7761,0.7355769
247.7961,0.7355769
247.8161,0.7355769
247.8361,0.7355769
247.8561,0.7355769
247.8761,0.7355769
247.8961,0.7355769
247.9161,0.7355769
247.9361,0.7355769
247.9561,0.7355769
247.9762,0.7355769
247.9962,0.7355769
248.0162,0.7355769
248.0362,0.7355769
248.0562,0.7355769
248.0762,0.7355769
248.0962,0.7355769
248.1162,0.7355769
248.1362,0.7355769
248.1562,0.7355769
248.1762,0.7355769
248.1962,0.7355769
248.2162,0.7355769
248.2362,0.7355769
248.2562,0.7355769
248.2762,0.7355769
248.2962,0.7355769
248.3162,0.7355769
248.3362,0.7355769
248.3562,0.7355769
248.3762,0.7355769
248.3962,0.7355769
248.4162,0.7355769
248.4362,0.7355769
248.4563,0.7355769
248.4763,0.7355769
248.4963,0.7355769
248.5163,0.7355769
248.5363,0.7355769
248.5563,0.7355769
248.5763,0.7355769
248.5963,0.7355769
248.6163,0.7355769
248.6363,0.7355769
248.6563,0.7355769
248.6763,0.7355769
248.6963,0.7355769
248.7163,0.7355769
248.7363,0.7355769
248.7563,0.7355769
248.7763,0.7355769
248.7963,0.7355769
248.8163,0.7355769
248.8363,0.7355769
248.8563,0.7355769
248.8763,0.7355769
248.8963,0.7355769
248.9164,0.7355769
248.9364,0.7355769
248.9564,0.7355769
248.9764,0.7355769
248.9964,0.7355769
249.0164,0.7355769
249.0364,0.7355769
249.0564,0.7355769
249.0764,0.7355769
249.0964,0.7355769
249.1164,0.7355769
249.1364,0.7355769
249.1564,0.7355769
249.1764,0.7355769
249.1964,0.7355769
249.2164,0.7355769
249.2364,0.7355769
249.2564,0.7355769
249.2764,0.7355769
249.2964,0.7355769
249.3164,0.7355769
249.3364,0.7355769
249.3564,0.7355769
249.3764,0.7355769
249.3965,0.7355769
249.4165,0.7355769
249.4365,0.7355769
249.4565,0.7355769
249.4765,0.7355769
249.4965,0.7355769
249.5165,0.7355769
249.5365,0.7355769
249.5565,0.7355769
249.5765,0.7355769
249.5965,0.7355769
249.6165,0.7355769
249.6365,0.7355769
249.6565,0.7355769
249.6765,0.7355769
249.6965,0.7355769
249.7165,0.7355769
249.7365,0.7355769
249.7565,0.7355769
249.7765,0.7355769
249.7965,0.7355769
249.8165,0.7355769
249.8365,0.7355769
249.8566,0.7355769
249.8766,0.7355769
249.8966,0.7355769
249.9166,0.7355769
249.9366,0.7355769
249.9566,0.7355769
249.9766,0.7355769
249.9966,0.7355769
250.0166,0.7355769
250.0366,0.7355769
250.0566,0.7355769
250.0766,0.7355769
250.0966,0.7355769
250.1166,0.7355769
250.1366,0.7355769
250.1566,0.7355769
250.1766,0.7355769
250.1966,0.7355769
250.2166,0.7355769
250.2366,0.7355769
250.2566,0.7355769
250.2766,0.7355769
250.2966,0.7355769
250.3167,0.7355769
250.3367,0.7355769
250.3567,0.7355769
250.3767,0.7355769
250.3967,0.7355769
250.4167,0.7355769
250.4367,0.7355769
250.4567,0.7355769
250.4767,0.7355769
250.4967,0.7355769
250.5167,0.7355769
250.5367,0.7355769
250.5567,0.7355769
250.5767,0.7355769
250.5967,0.7355769
250.6167,0.7355769
250.6367,0.7355769
250.6567,0.7355769
250.6767,0.7355769
250.6967,0.7355769
250.7167,0.7355769
250.7367,0.7355769
250.7567,0.7355769
250.7767,0.7355769
250.7968,0.7355769
250.8168,0.7355769
250.8368,0.7355769
250.8568,0.7355769
250.8768,0.7355769
250.8968,0.7355769
250.9168,0.7355769
250.9368,0.7355769
250.9568,0.7355769
250.9768,0.7355769
250.9968,0.7355769
251.0168,0.7355769
251.0368,0.7355769
251.0568,0.7355769
251.0768,0.7355769
251.0968,0.7355769
251.1168,0.7355769
251.1368,0.7355769
251.1568,0.7355769
251.1768,0.7355769
251.1968,0.7355769
251.2168,0.7355769
251.2368,0.7355769
251.2569,0.7355769
251.2769,0.7355769
251.2969,0.7355769
251.3169,0.7355769
251.3369,0.7355769
251.3569,0.7355769
251.3769,0.7355769
251.3969,0.7355769
251.4169,0.7355769
251.4369,0.7355769
251.4569,0.7355769
251.4769,0.7355769
251.4969,0.7355769
251.5169,0.7355769
251.5369,0.7355769
251.5569,0.7355769
251.5769,0.7355769
251.5969,0.7355769
251.6169,0.7355769
251.6369,0.7355769
251.6569,0.7355769
251.6769,0.7355769
251.6969,0.7355769
251.7169,0.7355769
251.737,0.7355769
251.757,0.7355769
251.777,0.7355769
251.797,0.7355769
251.817,0.7355769
251.837,0.7355769
251.857,0.7355769
251.877,0.7355769
251.897,0.7355769
251.917,0.7355769
251.937,0.7355769
251.957,0.7355769
251.977,0.7355769
251.997,0.7355769
252.017,0.7355769
252.037,0.7355769
252.057,0.7355769
252.077,0.7355769
252.097,0.7355769
252.117,0.7355769
252.137,0.7355769
252.157,0.7355769
252.177,0.7355769
252.1971,0.7355769
252.2171,0.7355769
252.2371,0.7355769
252.2571,0.7355769
252.2771,0.7355769
252.2971,0.7355769
252.3171,0.7355769
252.3371,0.7355769
252.3571,0.7355769
252.3771,0.7355769
252.3971,0.7355769
252.4171,0.7355769
252.4371,0.7355769
252.4571,0.7355769
252.4771,0.7355769
252.4971,0.7355769
252.5171,0.7355769
252.5371,0.7355769
252.5571,0.7355769
252.5771,0.7355769
252.5971,0.7355769
252.6171,0.7355769
252.6371,0.7355769
252.6572,0.7355769
252.6772,0.7355769
252.6972,0.7355769
252.7172,0.7355769
252.7372,0.7355769
252.7572,0.7355769
252.7772,0.7355769
252.7972,0.7355769
252.8172,0.7355769
252.8372,0.7355769
252.8572,0.7355769
252.8772,0.7355769
252.8972,0.7355769
252.9172,0.7355769
252.9372,0.7355769
252.9572,0.7355769
252.9772,0.7355769
252.9972,0.7355769
253.0172,0.7355769
253.0372,0.7355769
253.0572,0.7355769
253.0772,0.7355769
253.0972,0.7355769
253.1172,0.7355769
253.1373,0.7355769
253.1573,0.7355769
253.1773,0.7355769
253.1973,0.7355769
253.2173,0.7355769
253.2373,0.7355769
253.2573,0.7355769
253.2773,0.7355769
253.2973,0.7355769
253.3173,0.7355769
253.3373,0.7355769
253.3573,0.7355769
253.3773,0.7355769
253.3973,0.7355769
253.4173,0.7355769
253.4373,0.7355769
253.4573,0.7355769
253.4773,0.7355769
253.4973,0.7355769
253.5173,0.7355769
253.5373,0.7355769
253.5573,0.7355769
253.5773,0.7355769
253.5974,0.7355769
253.6174,0.7355769
253.6374,0.7355769
253.6574,0.7355769
253.6774,0.7355769
253.6974,0.7355769
253.7174,0.7355769
253.7374,0.7355769
253.7574,0.7355769
253.7774,0.7355769
253.7974,0.7355769
253.8174,0.7355769
253.8374,0.7355769
253.8574,0.7355769
253.8774,0.7355769
253.8974,0.7355769
253.9174,0.7355769
253.9374,0.7355769
253.9574,0.7355769
253.9774,0.7355769
253.9974,0.7355769
254.0174,0.7355769
254.0374,0.7355769
254.0574,0.7355769
254.0775,0.7355769
254.0975,0.7355769
254.1175,0.7355769
254.1375,0.7355769
254.1575,0.7355769
254.1775,0.7355769
254.1975,0.7355769
254.2175,0.7355769
254.2375,0.7355769
254.2575,0.7355769
254.2775,0.7355769
254.2975,0.7355769
254.3175,0.7355769
254.3375,0.7355769
254.3575,0.7355769
254.3775,0.7355769
254.3975,0.7355769
254.4175,0.7355769
254.4375,0.7355769
254.4575,0.7355769
254.4775,0.7355769
254.4975,0.7355769
254.5175,0.7355769
254.5376,0.7355769
254.5576,0.7355769
254.5776,0.7355769
254.5976,0.7355769
254.6176,0.7355769
254.6376,0.7355769
254.6576,0.7355769
254.6776,0.7355769
254.6976,0.7355769
254.7176,0.7355769
254.7376,0.7355769
254.7576,0.7355769
254.7776,0.7355769
254.7976,0.7355769
254.8176,0.7355769
254.8376,0.7355769
254.8576,0.7355769
254.8776,0.7355769
254.8976,0.7355769
254.9176,0.7355769
254.9376,0.7355769
254.9576,0.7355769
254.9776,0.7355769
254.9977,0.7355769
255.0177,0.7355769
255.0377,0.7355769
255.0577,0.7355769
255.0777,0.7355769
255.0977,0.7355769
255.1177,0.7355769
255.1377,0.7355769
255.1577,0.7355769
255.1777,0.7355769
255.1977,0.7355769
255.2177,0.7355769
255.2377,0.7355769
255.2577,0.7355769
255.2777,0.7355769
255.2977,0.7355769
255.3177,0.7355769
255.3377,0.7355769
255.3577,0.7355769
255.3777,0.7355769
255.3977,0.7355769
255.4177,0.7355769
255.4377,0.7355769
255.4577,0.7355769
255.4778,0.7355769
255.4978,0.7355769
255.5178,0.7355769
255.5378,0.7355769
255.5578,0.7355769
255.5778,0.7355769
255.5978,0.7355769
255.6178,0.7355769
255.6378,0.7355769
255.6578,0.7355769
255.6778,0.7355769
255.6978,0.7355769
255.7178,0.7355769
255.7378,0.7355769
255.7578,0.7355769
255.7778,0.7355769
255.7978,0.7355769
255.8178,0.7355769
255.8378,0.7355769
255.8578,0.7355769
255.8778,0.7355769
255.8978,0.7355769
255.9178,0.7355769
255.9379,0.7355769
255.9579,0.7355769
255.9779,0.7355769
255.9979,0.7355769
256.0179,0.7355769
256.0378,0.7355769
256.0578,0.7355769
256.0778,0.7355769
256.0978,0.7355769
256.1178,0.7355769
256.1378,0.7355769
256.1578,0.7355769
256.1778,0.7355769
256.1978,0.7355769
256.2177,0.7355769
256.2377,0.7355769
256.2577,0.7355769
256.2777,0.7355769
256.2977,0.7355769
256.3177,0.7355769
256.3377,0.7355769
256.3577,0.7355769
256.3777,0.7355769
256.3976,0.7355769
256.4176,0.7355769
256.4376,0.7355769
256.4576,0.7355769
256.4776,0.7355769
256.4976,0.7403846
256.5176,0.7403846
256.5376,0.7403846
256.5576,0.7403846
256.5775,0.7403846
256.5975,0.7403846
256.6175,0.7403846
256.6375,0.7403846
256.6575,0.7403846
256.6775,0.7403846
256.6975,0.7403846
256.7175,0.7403846
256.7375,0.7403846
256.7574,0.7403846
256.7774,0.7403846
256.7974,0.7403846
256.8174,0.7403846
256.8374,0.7403846
256.8574,0.7403846
256.8774,0.7403846
256.8974,0.7403846
256.9174,0.7403846
256.9373,0.7403846
256.9573,0.7403846
256.9773,0.7403846
256.9973,0.7403846
257.0173,0.7403846
257.0373,0.7403846
257.0573,0.7403846
257.0773,0.7403846
257.0973,0.7403846
257.1172,0.7403846
257.1372,0.7403846
257.1572,0.7403846
257.1772,0.7403846
257.1972,0.7403846
257.2172,0.7403846
257.2372,0.7403846
257.2572,0.7403846
257.2772,0.7403846
257.2971,0.7403846
257.3171,0.7403846
257.3371,0.7403846
257.3571,0.7403846
257.3771,0.7403846
257.3971,0.7403846
257.4171,0.7403846
257.4371,0.7403846
257.4571,0.7403846
257.4771,0.7403846
257.497,0.7403846
257.517,0.7403846
257.537,0.7403846
257.557,0.7403846
257.577,0.7403846
257.597,0.7403846
257.617,0.7403846
257.637,0.7403846
257.657,0.7403846
257.6769,0.7403846
257.6969,0.7403846
257.7169,0.7403846
257.7369,0.7403846
257.7569,0.7403846
257.7769,0.7403846
257.7969,0.7403846
257.8169,0.7403846
257.8369,0.7403846
257.8568,0.7403846
257.8768,0.7403846
257.8968,0.7403846
257.9168,0.7403846
257.9368,0.7403846
257.9568,0.7403846
257.9768,0.7403846
257.9968,0.7403846
258.0168,0.7403846
258.0367,0.7403846
258.0567,0.7403846
258.0767,0.7403846
258.0967,0.7403846
258.1167,0.7403846
258.1367,0.7403846
258.1567,0.7403846
258.1767,0.7403846
258.1967,0.7403846
258.2166,0.7403846
258.2366,0.7403846
258.2566,0.7403846
258.2766,0.7403846
258.2966,0.7403846
258.3166,0.7403846
258.3366,0.7403846
258.3566,0.7403846
258.3766,0.7403846
258.3965,0.7403846
258.4165,0.7403846
258.4365,0.7403846
258.4565,0.7403846
258.4765,0.7403846
258.4965,0.7403846
258.5165,0.7403846
258.5365,0.7403846
258.5565,0.7403846
258.5764,0.7403846
258.5964,0.7403846
258.6164,0.7403846
258.6364,0.7403846
258.6564,0.7403846
258.6764,0.7403846
258.6964,0.7403846
258.7164,0.7403846
258.7364,0.7403846
258.7563,0.7403846
258.7763,0.7403846
258.7963,0.7403846
258.8163,0.7403846
258.8363,0.7403846
258.8563,0.7403846
258.8763,0.7403846
258.8963,0.7403846
258.9163,0.7403846
258.9362,0.7403846
258.9562,0.7403846
258.9762,0.7403846
258.9962,0.7403846
259.0162,0.7403846
259.0362,0.7403846
259.0562,0.7403846
259.0762,0.7403846
259.0962,0.7403846
259.1161,0.7403846
259.1361,0.7403846
259.1561,0.7403846
259.1761,0.7403846
259.1961,0.7403846
259.2161,0.7403846
259.2361,0.7403846
259.2561,0.7403846
259.2761,0.7403846
259.2961,0.7403846
259.316,0.7403846
259.336,0.7403846
259.356,0.7403846
259.376,0.7403846
259.396,0.7403846
259.416,0.7403846
259.436,0.7403846
259.456,0.7403846
259.476,0.7403846
259.4959,0.7403846
259.5159,0.7403846
259.5359,0.7403846
259.5559,0.7403846
259.5759,0.7403846
259.5959,0.7403846
259.6159,0.7403846
259.6359,0.7403846
259.6559,0.7403846
259.6758,0.7403846
259.6958,0.7403846
259.7158,0.7403846
259.7358,0.7403846
259.7558,0.7403846
259.7758,0.7403846
259.7958,0.7403846
259.8158,0.7403846
259.8358,0.7403846
259.8557,0.7403846
259.8757,0.7403846
259.8957,0.7403846
259.9157,0.7403846
259.9357,0.7403846
259.9557,0.7403846
259.9757,0.7403846
259.9957,0.7403846
260.0157,0.7403846
260.0356,0.7403846
260.0556,0.7403846
260.0756,0.7403846
260.0956,0.7403846
260.1156,0.7403846
260.1356,0.7403846
260.1556,0.7403846
260.1756,0.7403846
260.1956,0.7403846
260.2155,0.7403846
260.2355,0.7403846
260.2555,0.7403846
260.2755,0.7403846
260.2955,0.7403846
260.3155,0.7403846
260.3355,0.7403846
260.3555,0.7403846
260.3755,0.7403846
260.3954,0.7403846
260.4154,0.7403846
260.4354,0.7403846
260.4554,0.7403846
260.4754,0.7403846
260.4954,0.7403846
260.5154,0.7403846
260.5354,0.7403846
260.5554,0.7403846
260.5753,0.7403846
260.5953,0.7403846
260.6153,0.7403846
260.6353,0.7403846
260.6553,0.7403846
260.6753,0.7403846
260.6953,0.7403846
260.7153,0.7403846
260.7353,0.7403846
260.7552,0.7403846
260.7752,0.7403846
260.7952,0.7403846
260.8152,0.7403846
260.8352,0.7403846
260.8552,0.7403846
260.8752,0.7403846
260.8952,0.7403846
260.9152,0.7403846
260.9352,0.7403846
260.9551,0.7403846
260.9751,0.7451923
260.9951,0.7451923
261.0151,0.7451923
261.0351,0.7451923
261.0551,0.7451923
261.0751,0.7451923
261.0951,0.7451923
261.1151,0.7451923
261.135,0.7451923
261.155,0.7451923
261.175,0.7451923
261.195,0.7451923
261.215,0.7451923
261.235,0.7451923
261.255,0.7451923
261.275,0.7451923
261.295,0.7451923
261.3149,0.7451923
261.3349,0.7451923
261.3549,0.7451923
261.3749,0.7451923
261.3949,0.7451923
261.4149,0.7451923
261.4349,0.7451923
261.4549,0.7451923
261.4749,0.7451923
261.4948,0.7451923
261.5148,0.7451923
261.5348,0.7451923
261.5548,0.7451923
261.5748,0.7451923
261.5948,0.7451923
261.6148,0.7451923
261.6348,0.7451923
261.6548,0.7451923
261.6747,0.7451923
261.6947,0.7451923
261.7147,0.7451923
261.7347,0.7451923
261.7547,0.7451923
261.7747,0.7451923
261.7947,0.7451923
261.8147,0.7451923
261.8347,0.7451923
261.8546,0.7451923
261.8746,0.7451923
261.8946,0.7451923
261.9146,0.7451923
261.9346,0.7451923
261.9546,0.7451923
261.9746,0.7451923
261.9946,0.7451923
262.0146,0.7451923
262.0345,0.7451923
262.0545,0.7451923
262.0745,0.7451923
262.0945,0.7451923
262.1145,0.7451923
262.1345,0.7451923
262.1545,0.7451923
262.1745,0.7451923
262.1945,0.7451923
262.2144,0.7451923
262.2344,0.7451923
262.2544,0.7451923
262.2744,0.7451923
262.2944,0.7451923
262.3144,0.7451923
262.3344,0.7451923
262.3544,0.7451923
262.3744,0.7451923
262.3943,0.7451923
262.4143,0.7451923
262.4343,0.7451923
262.4543,0.7451923
262.4743,0.7451923
262.4943,0.7451923
262.5143,0.7451923
262.5343,0.7451923
262.5543,0.7451923
262.5742,0.7451923
262.5942,0.7451923
262.6142,0.7451923
262.6342,0.7451923
262.6542,0.7451923
262.6742,0.7451923
262.6942,0.7451923
262.7142,0.7451923
262.7342,0.7451923
262.7542,0.7451923
262.7741,0.7451923
262.7941,0.7451923
262.8141,0.7451923
262.8341,0.7451923
262.8541,0.7451923
262.8741,0.7451923
262.8941,0.7451923
262.9141,0.7451923
262.9341,0.7451923
262.954,0.7451923
262.974,0.7451923
262.994,0.7451923
263.014,0.7451923
263.034,0.7451923
263.054,0.7451923
263.074,0.7451923
263.094,0.7451923
263.114,0.7451923
263.1339,0.7451923
263.1539,0.7451923
263.1739,0.7451923
263.1939,0.7451923
263.2139,0.7451923
263.2339,0.7451923
263.2539,0.7451923
263.2739,0.7451923
263.2939,0.7451923
263.3138,0.7451923
263.3338,0.7451923
263.3538,0.7451923
263.3738,0.7451923
263.3938,0.7451923
263.4138,0.7451923
263.4338,0.7451923
263.4538,0.7451923
263.4738,0.7451923
263.4937,0.7451923
263.5137,0.7451923
263.5337,0.7451923
263.5537,0.7451923
263.5737,0.7451923
263.5937,0.7451923
263.6137,0.7451923
263.6337,0.7451923
263.6537,0.7451923
263.6736,0.7451923
263.6936,0.7451923
263.7136,0.7451923
263.7336,0.7451923
263.7536,0.7451923
263.7736,0.7451923
263.7936,0.7451923
263.8136,0.7451923
263.8336,0.7451923
263.8535,0.7451923
263.8735,0.7451923
263.8935,0.7451923
263.9135,0.7451923
263.9335,0.7451923
263.9535,0.7451923
263.9735,0.7451923
263.9935,0.7451923
264.0135,0.7451923
264.0334,0.7451923
264.0534,0.7451923
264.0734,0.7451923
264.0934,0.7451923
264.1134,0.7451923
264.1334,0.7451923
264.1534,0.7451923
264.1734,0.7451923
264.1934,0.7451923
264.2133,0.7451923
264.2333,0.7451923
264.2533,0.7451923
264.2733,0.7451923
264.2933,0.7451923
264.3133,0.7451923
264.3333,0.7451923
264.3533,0.7451923
264.3733,0.7451923
264.3932,0.7451923
264.4132,0.7451923
264.4332,0.7451923
264.4532,0.7451923
264.4732,0.7451923
264.4932,0.7451923
264.5132,0.7451923
264.5332,0.7451923
264.5532,0.7451923
264.5732,0.7451923
264.5931,0.7451923
264.6131,0.7451923
264.6331,0.7451923
264.6531,0.7451923
264.6731,0.7451923
264.6931,0.7451923
264.7131,0.7451923
264.7331,0.7451923
264.7531,0.7451923
264.773,0.7451923
264.793,0.7451923
264.813,0.7451923
264.833,0.7451923
264.853,0.7451923
264.873,0.7451923
264.893,0.7451923
264.913,0.7451923
264.933,0.7451923
264.9529,0.7451923
264.9729,0.7451923
264.9929,0.7451923
265.0129,0.7451923
265.0329,0.7451923
265.0529,0.7451923
265.0729,0.7451923
265.0929,0.7451923
265.1129,0.7451923
265.1328,0.7451923
265.1528,0.7451923
265.1728,0.7451923
265.1928,0.7451923
265.2128,0.7451923
265.2328,0.7451923
265.2528,0.7451923
265.2728,0.7451923
265.2928,0.7451923
265.3127,0.7451923
265.3327,0.7451923
265.3527,0.7451923
265.3727,0.7451923
265.3927,0.7451923
265.4127,0.7451923
265.4327,0.7451923
265.4527,0.7451923
265.4727,0.7451923
265.4926,0.7451923
265.5126,0.7451923
265.5326,0.7451923
265.5526,0.7451923
265.5726,0.7451923
265.5926,0.7451923
265.6126,0.7451923
265.6326,0.7451923
265.6526,0.7451923
265.6725,0.7451923
265.6925,0.7451923
265.7125,0.7451923
265.7325,0.7451923
265.7525,0.7451923
265.7725,0.7451923
265.7925,0.7451923
265.8125,0.7451923
265.8325,0.7451923
265.8524,0.7451923
265.8724,0.7451923
265.8924,0.7451923
265.9124,0.7451923
265.9324,0.7451923
265.9524,0.7451923
265.9724,0.7451923
265.9924,0.7451923
266.0124,0.7451923
266.0323,0.7451923
266.0523,0.7451923
266.0723,0.7451923
266.0923,0.7451923
266.1123,0.7451923
266.1323,0.7451923
266.1523,0.7451923
266.1723,0.7451923
266.1923,0.7451923
266.2122,0.7451923
266.2322,0.7451923
266.2522,0.7451923
266.2722,0.7451923
266.2922,0.7451923
266.3122,0.7451923
266.3322,0.7451923
266.3522,0.7451923
266.3722,0.7451923
266.3922,0.7451923
266.4121,0.7451923
266.4321,0.7451923
266.4521,0.7451923
266.4721,0.7451923
266.4921,0.7451923
266.5121,0.7451923
266.5321,0.7451923
266.5521,0.7451923
266.5721,0.7451923
266.592,0.7451923
266.612,0.7451923
266.632,0.7451923
266.652,0.7451923
266.672,0.7451923
266.692,0.7451923
266.712,0.7451923
266.732,0.7451923
266.752,0.7451923
266.7719,0.7451923
266.7919,0.7451923
266.8119,0.7451923
266.8319,0.7451923
266.8519,0.7451923
266.8719,0.7451923
266.8919,0.7451923
266.9119,0.7451923
266.9319,0.7451923
266.9518,0.7451923
266.9718,0.7451923
266.9918,0.7451923
267.0118,0.7451923
267.0318,0.7451923
267.0518,0.7451923
267.0718,0.7451923
267.0918,0.7451923
267.1118,0.7451923
267.1317,0.7451923
267.1517,0.7451923
267.1717,0.7451923
267.1917,0.7451923
267.2117,0.7451923
267.2317,0.7451923
267.2517,0.7451923
267.2717,0.7451923
267.2917,0.7451923
267.3116,0.7451923
267.3316,0.7451923
267.3516,0.7451923
267.3716,0.7451923
267.3916,0.7451923
267.4116,0.7451923
267.4316,0.7451923
267.4516,0.7451923
267.4716,0.7451923
267.4915,0.7451923
267.5115,0.7451923
267.5315,0.7451923
267.5515,0.7451923
267.5715,0.7451923
267.5915,0.7451923
267.6115,0.7451923
267.6315,0.7451923
267.6515,0.7451923
267.6714,0.7451923
267.6914,0.7451923
267.7114,0.7451923
267.7314,0.7451923
267.7514,0.7451923
267.7714,0.7451923
267.7914,0.7451923
267.8114,0.7451923
267.8314,0.7451923
267.8513,0.7451923
267.8713,0.7451923
267.8913,0.7451923
267.9113,0.7451923
267.9313,0.7451923
267.9513,0.7451923
267.9713,0.7451923
267.9913,0.7451923
268.0113,0.7451923
268.0313,0.7451923
268.0512,0.7451923
268.0712,0.7451923
268.0912,0.7451923
268.1112,0.7451923
268.1312,0.7451923
268.1512,0.7451923
268.1712,0.7451923
268.1912,0.7451923
268.2112,0.7451923
268.2311,0.7451923
268.2511,0.7451923
268.2711,0.7451923
268.2911,0.7451923
268.3111,0.7451923
268.3311,0.7451923
268.3511,0.7451923
268.3711,0.7451923
268.3911,0.7451923
268.411,0.7451923
268.431,0.7451923
268.451,0.7451923
268.471,0.7451923
268.491,0.7451923
268.511,0.7451923
268.531,0.7451923
268.551,0.7451923
268.571,0.7451923
268.5909,0.7451923
268.6109,0.7451923
268.6309,0.7451923
268.6509,0.7451923
268.6709,0.7451923
268.6909,0.7451923
268.7109,0.7451923
268.7309,0.7451923
268.7509,0.7451923
268.7708,0.7451923
268.7908,0.7451923
268.8108,0.7451923
268.8308,0.7451923
268.8508,0.7451923
268.8708,0.7451923
268.8908,0.7451923
268.9108,0.7451923
268.9308,0.7451923
268.9507,0.7451923
268.9707,0.7451923
268.9907,0.7451923
269.0107,0.7451923
269.0307,0.7451923
269.0507,0.7451923
269.0707,0.7451923
269.0907,0.7451923
269.1107,0.7451923
269.1306,0.7451923
269.1506,0.7451923
269.1706,0.7451923
269.1906,0.7451923
269.2106,0.7451923
269.2306,0.7451923
269.2506,0.7451923
269.2706,0.7451923
269.2906,0.7451923
269.3105,0.7451923
269.3305,0.7451923
269.3505,0.7451923
269.3705,0.7451923
269.3905,0.7451923
269.4105,0.7451923
269.4305,0.7451923
269.4505,0.7451923
269.4705,0.7451923
269.4904,0.7451923
269.5104,0.7451923
269.5304,0.7451923
269.5504,0.7451923
269.5704,0.7451923
269.5904,0.7451923
269.6104,0.7451923
269.6304,0.7451923
269.6504,0.7451923
269.6703,0.7451923
269.6903,0.7451923
269.7103,0.7451923
269.7303,0.7451923
269.7503,0.7451923
269.7703,0.7451923
269.7903,0.7451923
269.8103,0.7451923
269.8303,0.7451923
269.8503,0.7451923
269.8702,0.7451923
269.8902,0.7451923
269.9102,0.7451923
269.9302,0.7451923
269.9502,0.7451923
269.9702,0.7451923
269.9902,0.7451923
270.0102,0.7451923
270.0302,0.7451923
270.0501,0.7451923
270.0701,0.7451923
270.0901,0.7451923
270.1101,0.7451923
270.1301,0.7451923
270.1501,0.7451923
270.1701,0.7451923
270.1901,0.7451923
270.2101,0.7451923
270.23,0.7451923
270.25,0.7451923
270.27,0.7451923
270.29,0.7451923
270.31,0.7451923
270.33,0.7451923
270.35,0.7451923
270.37,0.7451923
270.39,0.7451923
270.4099,0.7451923
270.4299,0.7451923
270.4499,0.7451923
270.4699,0.7451923
270.4899,0.7451923
270.5099,0.7451923
270.5299,0.7451923
270.5499,0.7451923
270.5699,0.7451923
270.5898,0.7451923
270.6098,0.7451923
270.6298,0.7451923
270.6498,0.7451923
270.6698,0.7451923
270.6898,0.7451923
270.7098,0.7451923
270.7298,0.7451923
270.7498,0.7451923
270.7697,0.7451923
270.7897,0.7451923
270.8097,0.7451923
270.8297,0.7451923
270.8497,0.7451923
270.8697,0.7451923
270.8897,0.7451923
270.9097,0.7451923
270.9297,0.7451923
270.9496,0.7451923
270.9696,0.7451923
270.9896,0.7451923
271.0096,0.7451923
271.0296,0.7451923
271.0496,0.7451923
271.0696,0.7451923
271.0896,0.7451923
271.1096,0.7451923
271.1295,0.7451923
271.1495,0.7451923
271.1695,0.7451923
271.1895,0.7451923
271.2095,0.7451923
271.2295,0.7451923
271.2495,0.7451923
271.2695,0.7451923
271.2895,0.7451923
271.3094,0.7451923
271.3294,0.7451923
271.3494,0.7451923
271.3694,0.7451923
271.3894,0.7451923
271.4094,0.7451923
271.4294,0.7451923
271.4494,0.7451923
271.4694,0.7451923
271.4893,0.7451923
271.5093,0.7451923
271.5293,0.7451923
271.5493,0.7451923
271.5693,0.7451923
271.5893,0.7451923
271.6093,0.7451923
271.6293,0.7451923
271.6493,0.7451923
271.6693,0.7451923
271.6892,0.7451923
271.7092,0.7451923
271.7292,0.7451923
271.7492,0.7451923
271.7692,0.7451923
271.7892,0.7451923
271.8092,0.7451923
271.8292,0.7451923
271.8492,0.7451923
271.8691,0.7451923
271.8891,0.7451923
271.9091,0.7451923
271.9291,0.7451923
271.9491,0.7451923
271.9691,0.7451923
271.9891,0.7451923
272.0091,0.7451923
272.0291,0.7451923
272.049,0.7451923
272.069,0.7451923
272.089,0.7451923
272.109,0.7451923
272.129,0.7451923
272.149,0.7451923
272.169,0.7451923
272.189,0.7451923
272.209,0.7451923
272.2289,0.7451923
272.2489,0.7451923
272.2689,0.7451923
272.2889,0.7451923
272.3089,0.7451923
272.3289,0.7451923
272.3489,0.7451923
272.3689,0.7451923
272.3889,0.7451923
272.4088,0.7451923
272.4288,0.7451923
272.4488,0.7451923
272.4688,0.7451923
272.4888,0.7451923
272.5088,0.7451923
272.5288,0.7451923
272.5488,0.7451923
272.5688,0.7451923
272.5887,0.7451923
272.6087,0.7451923
272.6287,0.7451923
272.6487,0.7451923
272.6687,0.7451923
272.6887,0.7451923
272.7087,0.7451923
272.7287,0.7451923
272.7487,0.7451923
272.7686,0.7451923
272.7886,0.7451923
272.8086,0.7451923
272.8286,0.7451923
272.8486,0.7451923
272.8686,0.7451923
272.8886,0.7451923
272.9086,0.7451923
272.9286,0.7451923
272.9485,0.7451923
272.9685,0.7451923
272.9885,0.7451923
273.0085,0.7451923
273.0285,0.7451923
273.0485,0.7451923
273.0685,0.7451923
273.0885,0.7451923
273.1085,0.7451923
273.1284,0.7451923
273.1484,0.7451923
273.1684,0.7451923
273.1884,0.7451923
273.2084,0.7451923
273.2284,0.7451923
273.2484,0.7451923
273.2684,0.7451923
273.2884,0.7451923
273.3083,0.7451923
273.3283,0.7451923
273.3483,0.7451923
273.3683,0.7451923
273.3883,0.7451923
273.4083,0.7451923
273.4283,0.7451923
273.4483,0.7451923
273.4683,0.7451923
273.4883,0.7451923
273.5082,0.7451923
273.5282,0.7451923
273.5482,0.7451923
273.5682,0.7451923
273.5882,0.7451923
273.6082,0.7451923
273.6282,0.7451923
273.6482,0.7451923
273.6682,0.7451923
273.6881,0.7451923
273.7081,0.7451923
273.7281,0.7451923
273.7481,0.7451923
273.7681,0.7451923
273.7881,0.7451923
273.8081,0.7451923
273.8281,0.7451923
273.8481,0.7451923
273.868,0.7451923
273.888,0.7451923
273.908,0.7451923
273.928,0.7451923
273.948,0.7451923
273.968,0.7451923
273.988,0.7451923
274.008,0.7451923
274.028,0.7451923
274.0479,0.7451923
274.0679,0.7451923
274.0879,0.7451923
274.1079,0.7451923
274.1279,0.7451923
274.1479,0.7451923
274.1679,0.7451923
274.1879,0.7451923
274.2079,0.7451923
274.2278,0.7451923
274.2478,0.7451923
274.2678,0.7451923
274.2878,0.7451923
274.3078,0.7451923
274.3278,0.7451923
274.3478,0.7451923
274.3678,0.7451923
274.3878,0.7451923
274.4077,0.7451923
274.4277,0.7451923
274.4477,0.7451923
274.4677,0.7451923
274.4877,0.7451923
274.5077,0.7451923
274.5277,0.7451923
274.5477,0.7451923
274.5677,0.7451923
274.5876,0.7451923
274.6076,0.7451923
274.6276,0.7451923
274.6476,0.7451923
274.6676,0.7451923
274.6876,0.7451923
274.7076,0.7451923
274.7276,0.7451923
274.7476,0.7451923
274.7675,0.7451923
274.7875,0.7451923
274.8075,0.7451923
274.8275,0.7451923
274.8475,0.7451923
274.8675,0.7451923
274.8875,0.7451923
274.9075,0.7451923
274.9275,0.7451923
274.9474,0.7451923
274.9674,0.7451923
274.9874,0.7451923
275.0074,0.7451923
275.0274,0.7451923
275.0474,0.7451923
275.0674,0.7451923
275.0874,0.7451923
275.1074,0.7451923
275.1273,0.7451923
275.1473,0.7451923
275.1673,0.7451923
275.1873,0.7451923
275.2073,0.7451923
275.2273,0.7451923
275.2473,0.7451923
275.2673,0.7451923
275.2873,0.7451923
275.3073,0.7451923
275.3272,0.7451923
275.3472,0.7451923
275.3672,0.7451923
275.3872,0.7451923
275.4072,0.7451923
275.4272,0.7451923
275.4472,0.7451923
275.4672,0.7451923
275.4872,0.7451923
275.5071,0.7451923
275.5271,0.7451923
275.5471,0.7451923
275.5671,0.7451923
275.5871,0.7451923
275.6071,0.7451923
275.6271,0.7451923
275.6471,0.7451923
275.6671,0.7451923
275.687,0.7451923
275.707,0.7451923
275.727,0.7451923
275.747,0.7451923
275.767,0.7451923
275.787,0.7451923
275.807,0.7451923
275.827,0.7451923
275.847,0.7451923
275.8669,0.7451923
275.8869,0.7451923
275.9069,0.7451923
275.9269,0.7451923
275.9469,0.7451923
275.9669,0.7451923
275.9869,0.7451923
276.0069,0.7451923
276.0269,0.7451923
276.0468,0.7451923
276.0668,0.7451923
276.0868,0.7451923
276.1068,0.7451923
276.1268,0.7451923
276.1468,0.7451923
276.1668,0.7451923
276.1868,0.7451923
276.2068,0.7451923
276.2267,0.7451923
276.2467,0.7451923
276.2667,0.7451923
276.2867,0.7451923
276.3067,0.7451923
276.3267,0.7451923
276.3467,0.7451923
276.3667,0.7451923
276.3867,0.7451923
276.4066,0.7451923
276.4266,0.7451923
276.4466,0.7451923
276.4666,0.7451923
276.4866,0.7451923
276.5066,0.7451923
276.5266,0.7451923
276.5466,0.7451923
276.5666,0.7451923
276.5865,0.7451923
276.6065,0.7451923
276.6265,0.7451923
276.6465,0.7451923
276.6665,0.7451923
276.6865,0.7451923
276.7065,0.7451923
276.7265,0.7451923
276.7465,0.7451923
276.7664,0.7451923
276.7864,0.7451923
276.8064,0.7451923
276.8264,0.7451923
276.8464,0.7451923
276.8664,0.7451923
276.8864,0.7451923
276.9064,0.7451923
276.9264,0.7451923
276.9464,0.7451923
276.9663,0.7451923
276.9863,0.7451923
277.0063,0.7451923
277.0263,0.7451923
277.0463,0.7451923
277.0663,0.7451923
277.0863,0.7451923
277.1063,0.7451923
277.1263,0.7451923
277.1462,0.7451923
277.1662,0.7451923
277.1862,0.7451923
277.2062,0.7451923
277.2262,0.7451923
277.2462,0.7451923
277.2662,0.7451923
277.2862,0.7451923
277.3062,0.7451923
277.3261,0.7451923
277.3461,0.7451923
277.3661,0.7451923
277.3861,0.7451923
277.4061,0.7451923
277.4261,0.7451923
277.4461,0.7451923
277.4661,0.7451923
277.4861,0.7451923
277.506,0.7451923
277.526,0.7451923
277.546,0.7451923
277.566,0.7451923
277.586,0.7451923
277.606,0.7451923
277.626,0.7451923
277.646,0.7451923
277.666,0.7451923
277.6859,0.7451923
277.7059,0.7451923
277.7259,0.7451923
277.7459,0.7451923
277.7659,0.7451923
277.7859,0.7451923
277.8059,0.7451923
277.8259,0.7451923
277.8459,0.7451923
277.8658,0.7451923
277.8858,0.7451923
277.9058,0.7451923
277.9258,0.7451923
277.9458,0.7451923
277.9658,0.7451923
277.9858,0.7451923
278.0058,0.7451923
278.0258,0.7451923
278.0457,0.7451923
278.0657,0.7451923
278.0857,0.7451923
278.1057,0.7451923
278.1257,0.7451923
278.1457,0.7451923
278.1657,0.7451923
278.1857,0.7451923
278.2057,0.7451923
278.2256,0.7451923
278.2456,0.7451923
278.2656,0.7451923
278.2856,0.7451923
278.3056,0.7451923
278.3256,0.7451923
278.3456,0.7451923
278.3656,0.7451923
278.3856,0.7451923
278.4055,0.7451923
278.4255,0.7451923
278.4455,0.7451923
278.4655,0.7451923
278.4855,0.7451923
278.5055,0.7451923
278.5255,0.7451923
278.5455,0.7451923
278.5655,0.7451923
278.5854,0.7451923
278.6054,0.7451923
278.6254,0.7451923
278.6454,0.7451923
278.6654,0.7451923
278.6854,0.7451923
278.7054,0.7451923
278.7254,0.7451923
278.7454,0.7451923
278.7654,0.7451923
278.7853,0.7451923
278.8053,0.7451923
278.8253,0.7451923
278.8453,0.7451923
278.8653,0.7451923
278.8853,0.7451923
278.9053,0.7451923
278.9253,0.7451923
278.9453,0.7451923
278.9652,0.7451923
278.9852,0.7451923
279.0052,0.7451923
279.0252,0.7451923
279.0452,0.7451923
279.0652,0.7451923
279.0852,0.7451923
279.1052,0.7451923
279.1252,0.7451923
279.1451,0.7451923
279.1651,0.7451923
279.1851,0.7451923
279.2051,0.7451923
279.2251,0.7451923
279.2451,0.7451923
279.2651,0.7451923
279.2851,0.7451923
279.3051,0.7451923
279.325,0.7451923
279.345,0.7451923
279.365,0.7451923
279.385,0.7451923
279.405,0.7451923
279.425,0.7451923
279.445,0.7451923
279.465,0.7451923
279.485,0.7451923
279.5049,0.7451923
279.5249,0.7451923
279.5449,0.7451923
279.5649,0.7451923
279.5849,0.7451923
279.6049,0.7451923
279.6249,0.7451923
279.6449,0.7451923
279.6649,0.7451923
279.6848,0.7451923
279.7048,0.7451923
279.7248,0.7451923
279.7448,0.7451923
279.7648,0.7451923
279.7848,0.7451923
279.8048,0.7451923
279.8248,0.7451923
279.8448,0.7451923
279.8647,0.7451923
279.8847,0.7451923
279.9047,0.7451923
279.9247,0.7451923
279.9447,0.7451923
279.9647,0.7451923
279.9847,0.7451923
280.0047,0.7451923
280.0247,0.7451923
280.0446,0.7451923
280.0646,0.7451923
280.0846,0.7451923
280.1046,0.7451923
280.1246,0.7451923
280.1446,0.7451923
280.1646,0.7451923
280.1846,0.7451923
280.2046,0.7451923
280.2245,0.7451923
280.2445,0.7451923
280.2645,0.7451923
280.2845,0.7451923
280.3045,0.7451923
280.3245,0.7451923
280.3445,0.7451923
280.3645,0.7451923
280.3845,0.7451923
280.4044,0.7451923
280.4244,0.7451923
280.4444,0.7451923
280.4644,0.7451923
280.4844,0.7451923
280.5044,0.7451923
280.5244,0.7451923
280.5444,0.7451923
280.5644,0.7451923
280.5844,0.7451923
280.6043,0.7451923
280.6243,0.7451923
280.6443,0.7451923
280.6643,0.7451923
280.6843,0.7451923
280.7043,0.7451923
280.7243,0.7451923
280.7443,0.7451923
280.7643,0.7451923
280.7842,0.7451923
280.8042,0.7451923
280.8242,0.7451923
280.8442,0.7451923
280.8642,0.7451923
280.8842,0.7451923
280.9042,0.7451923
280.9242,0.7451923
280.9442,0.7451923
280.9641,0.7451923
280.9841,0.7451923
281.0041,0.7451923
281.0241,0.7451923
281.0441,0.7451923
281.0641,0.7451923
281.0841,0.7451923
281.1041,0.7451923
281.1241,0.7451923
281.144,0.7451923
281.164,0.7451923
281.184,0.7451923
281.204,0.7451923
281.224,0.7451923
281.244,0.7451923
281.264,0.7451923
281.284,0.7451923
281.304,0.7451923
281.3239,0.7451923
281.3439,0.7451923
281.3639,0.7451923
281.3839,0.7451923
281.4039,0.7451923
281.4239,0.7451923
281.4439,0.7451923
281.4639,0.7451923
281.4839,0.7451923
281.5038,0.7451923
281.5238,0.7451923
281.5438,0.7451923
281.5638,0.7451923
281.5838,0.7451923
281.6038,0.7451923
281.6238,0.7451923
281.6438,0.7451923
281.6638,0.7451923
281.6837,0.7451923
281.7037,0.7451923
281.7237,0.7451923
281.7437,0.7451923
281.7637,0.7451923
281.7837,0.7451923
281.8037,0.7451923
281.8237,0.7451923
281.8437,0.7451923
281.8636,0.7451923
281.8836,0.7451923
281.9036,0.7451923
281.9236,0.7451923
281.9436,0.7451923
281.9636,0.7451923
281.9836,0.7451923
282.0036,0.7451923
282.0236,0.7451923
282.0435,0.7451923
282.0635,0.7451923
282.0835,0.7451923
282.1035,0.7451923
282.1235,0.7451923
282.1435,0.7451923
282.1635,0.7451923
282.1835,0.7451923
282.2035,0.7451923
282.2234,0.7451923
282.2434,0.7451923
282.2634,0.7451923
282.2834,0.7451923
282.3034,0.7451923
282.3234,0.7451923
282.3434,0.7451923
282.3634,0.7451923
282.3834,0.7451923
282.4034,0.7451923
282.4233,0.7451923
282.4433,0.7451923
282.4633,0.7451923
282.4833,0.7451923
282.5033,0.7451923
282.5233,0.7451923
282.5433,0.7451923
282.5633,0.7451923
282.5833,0.7451923
282.6032,0.7451923
282.6232,0.7451923
282.6432,0.7451923
282.6632,0.7451923
282.6832,0.7451923
282.7032,0.7451923
282.7232,0.7451923
282.7432,0.7451923
282.7632,0.7451923
282.7831,0.7451923
282.8031,0.7451923
282.8231,0.7451923
282.8431,0.7451923
282.8631,0.7451923
282.8831,0.7451923
282.9031,0.7451923
282.9231,0.7451923
282.9431,0.7451923
282.963,0.7451923
282.983,0.7451923
283.003,0.7451923
283.023,0.7451923
283.043,0.7451923
283.063,0.7451923
283.083,0.7451923
283.103,0.7451923
283.123,0.7451923
283.1429,0.7451923
283.1629,0.7451923
283.1829,0.7451923
283.2029,0.7451923
283.2229,0.7451923
283.2429,0.7451923
283.2629,0.7451923
283.2829,0.7451923
283.3029,0.7451923
283.3228,0.7451923
283.3428,0.7451923
283.3628,0.7451923
283.3828,0.7451923
283.4028,0.7451923
283.4228,0.7451923
283.4428,0.7451923
283.4628,0.7451923
283.4828,0.7451923
283.5027,0.7451923
283.5227,0.7451923
283.5427,0.7451923
283.5627,0.7451923
283.5827,0.7451923
283.6027,0.7451923
283.6227,0.7451923
283.6427,0.7451923
283.6627,0.7451923
283.6826,0.7451923
283.7026,0.7451923
283.7226,0.7451923
283.7426,0.7451923
283.7626,0.7451923
283.7826,0.7451923
283.8026,0.7451923
283.8226,0.7451923
283.8426,0.7451923
283.8625,0.7451923
283.8825,0.7451923
283.9025,0.7451923
283.9225,0.7451923
283.9425,0.7451923
283.9625,0.7451923
283.9825,0.7451923
284.0025,0.7451923
284.0225,0.7451923
284.0424,0.7451923
284.0624,0.7451923
284.0824,0.7451923
284.1024,0.7451923
284.1224,0.7451923
284.1424,0.7451923
284.1624,0.7451923
284.1824,0.7451923
284.2024,0.7451923
284.2224,0.7451923
284.2423,0.7451923
284.2623,0.7451923
284.2823,0.7451923
284.3023,0.7451923
284.3223,0.7451923
284.3423,0.7451923
284.3623,0.7451923
284.3823,0.7451923
284.4023,0.7451923
284.4222,0.7451923
284.4422,0.7451923
284.4622,0.7451923
284.4822,0.7451923
284.5022,0.7451923
284.5222,0.7451923
284.5422,0.7451923
284.5622,0.7451923
284.5822,0.7451923
284.6021,0.7451923
284.6221,0.7451923
284.6421,0.7451923
284.6621,0.7451923
284.6821,0.7451923
284.7021,0.7451923
284.7221,0.7451923
284.7421,0.7451923
284.7621,0.7451923
284.782,0.7451923
284.802,0.7451923
284.822,0.7451923
284.842,0.7451923
284.862,0.7451923
284.882,0.7451923
284.902,0.7451923
284.922,0.7451923
284.942,0.7451923
284.9619,0.7451923
284.9819,0.7451923
285.0019,0.7451923
285.0219,0.7451923
285.0419,0.7451923
285.0619,0.7451923
285.0819,0.7451923
285.1019,0.7451923
285.1219,0.7451923
285.1418,0.7451923
285.1618,0.7451923
285.1818,0.7451923
285.2018,0.7451923
285.2218,0.7451923
285.2418,0.7451923
285.2618,0.7451923
285.2818,0.7451923
285.3018,0.7451923
285.3217,0.7451923
285.3417,0.7451923
285.3617,0.7451923
285.3817,0.7451923
285.4017,0.7451923
285.4217,0.7451923
285.4417,0.7451923
285.4617,0.7451923
285.4817,0.7451923
285.5016,0.7451923
285.5216,0.7451923
285.5416,0.7451923
285.5616,0.7451923
285.5816,0.7451923
285.6016,0.7451923
285.6216,0.7451923
285.6416,0.7451923
285.6616,0.7451923
285.6815,0.7451923
285.7015,0.7451923
285.7215,0.7451923
285.7415,0.7451923
285.7615,0.7451923
285.7815,0.7451923
285.8015,0.7451923
285.8215,0.7451923
285.8415,0.7451923
285.8615,0.7451923
285.8814,0.7451923
285.9014,0.7451923
285.9214,0.7451923
285.9414,0.7451923
285.9614,0.7451923
285.9814,0.7451923
286.0014,0.7451923
286.0214,0.7451923
286.0414,0.7451923
286.0613,0.7451923
286.0813,0.7451923
286.1013,0.7451923
286.1213,0.7451923
286.1413,0.7451923
286.1613,0.7451923
286.1813,0.7451923
286.2013,0.7451923
286.2213,0.7451923
286.2412,0.7451923
286.2612,0.7451923
286.2812,0.7451923
286.3012,0.7451923
286.3212,0.7451923
286.3412,0.7451923
286.3612,0.7451923
286.3812,0.7451923
286.4012,0.7451923
286.4211,0.7451923
286.4411,0.7451923
286.4611,0.7451923
286.4811,0.7451923
286.5011,0.7451923
286.5211,0.7451923
286.5411,0.7451923
286.5611,0.7451923
286.5811,0.7451923
286.601,0.7451923
286.621,0.7451923
286.641,0.7451923
286.661,0.7451923
286.681,0.7451923
286.701,0.7451923
286.721,0.7451923
286.741,0.7451923
286.761,0.7451923
286.7809,0.7451923
286.8009,0.7451923
286.8209,0.7451923
286.8409,0.7451923
286.8609,0.7451923
286.8809,0.7451923
286.9009,0.7451923
286.9209,0.7451923
286.9409,0.7451923
286.9608,0.7451923
286.9808,0.7451923
287.0008,0.7451923
287.0208,0.7451923
287.0408,0.7451923
287.0608,0.7451923
287.0808,0.7451923
287.1008,0.7451923
287.1208,0.7451923
287.1407,0.7451923
287.1607,0.7451923
287.1807,0.7451923
287.2007,0.7451923
287.2207,0.7451923
287.2407,0.7451923
287.2607,0.7451923
287.2807,0.7451923
287.3007,0.7451923
287.3206,0.7451923
287.3406,0.7451923
287.3606,0.7451923
287.3806,0.7451923
287.4006,0.7451923
287.4206,0.7451923
287.4406,0.7451923
287.4606,0.7451923
287.4806,0.7451923
287.5005,0.7451923
287.5205,0.7451923
287.5405,0.7451923
287.5605,0.7451923
287.5805,0.7451923
287.6005,0.7451923
287.6205,0.7451923
287.6405,0.7451923
287.6605,0.7451923
287.6805,0.7451923
287.7004,0.7451923
287.7204,0.7451923
287.7404,0.7451923
287.7604,0.7451923
287.7804,0.7451923
287.8004,0.7451923
287.8204,0.7451923
287.8404,0.7451923
287.8604,0.7451923
287.8803,0.7451923
287.9003,0.7451923
287.9203,0.7451923
287.9403,0.7451923
287.9603,0.7451923
287.9803,0.7451923
288.0003,0.7451923
288.0203,0.7451923
288.0403,0.7451923
288.0602,0.7451923
288.0802,0.7451923
288.1002,0.7451923
288.1202,0.7451923
288.1402,0.7451923
288.1602,0.7451923
288.1802,0.7451923
288.2002,0.7451923
288.2202,0.7451923
288.2401,0.7451923
288.2601,0.7451923
288.2801,0.7451923
288.3001,0.7451923
288.3201,0.7451923
288.3401,0.7451923
288.3601,0.7451923
288.3801,0.7451923
288.4001,0.7451923
288.42,0.7451923
288.44,0.7451923
288.46,0.7451923
288.48,0.7451923
288.5,0.7451923
288.52,0.7451923
288.54,0.7451923
288.56,0.7451923
288.58,0.7451923
288.5999,0.7451923
288.6199,0.7451923
288.6399,0.7451923
288.6599,0.7451923
288.6799,0.7451923
288.6999,0.7451923
288.7199,0.7451923
288.7399,0.7451923
288.7599,0.7451923
288.7798,0.7451923
288.7998,0.7451923
288.8198,0.7451923
288.8398,0.7451923
288.8598,0.7451923
288.8798,0.7451923
288.8998,0.7451923
288.9198,0.7451923
288.9398,0.7451923
288.9597,0.7451923
288.9797,0.7451923
288.9997,0.7451923
289.0197,0.7451923
289.0397,0.7451923
289.0597,0.7451923
289.0797,0.7451923
289.0997,0.7451923
289.1197,0.7451923
289.1396,0.7451923
289.1596,0.7451923
289.1796,0.7451923
289.1996,0.7451923
289.2196,0.7451923
289.2396,0.7451923
289.2596,0.7451923
289.2796,0.7451923
289.2996,0.7451923
289.3195,0.7451923
289.3395,0.7451923
289.3595,0.7451923
289.3795,0.7451923
289.3995,0.7451923
289.4195,0.7451923
289.4395,0.7451923
289.4595,0.7451923
289.4795,0.7451923
289.4995,0.7451923
289.5194,0.7451923
289.5394,0.7451923
289.5594,0.7451923
289.5794,0.7451923
289.5994,0.7451923
289.6194,0.7451923
289.6394,0.7451923
289.6594,0.7451923
289.6794,0.7451923
289.6993,0.7451923
289.7193,0.7451923
289.7393,0.7451923
289.7593,0.7451923
289.7793,0.7451923
289.7993,0.7451923
289.8193,0.7451923
289.8393,0.7451923
289.8593,0.7451923
289.8792,0.7451923
289.8992,0.7451923
289.9192,0.7451923
289.9392,0.7451923
289.9592,0.7451923
289.9792,0.7451923
289.9992,0.7451923
290.0192,0.7451923
290.0392,0.7451923
290.0591,0.7451923
290.0791,0.7451923
290.0991,0.7451923
290.1191,0.7451923
290.1391,0.7451923
290.1591,0.7451923
290.1791,0.7451923
290.1991,0.7451923
290.2191,0.7451923
290.239,0.7451923
290.259,0.7451923
290.279,0.7451923
290.299,0.7451923
290.319,0.7451923
290.339,0.7451923
290.359,0.7451923
290.379,0.7451923
290.399,0.7451923
290.4189,0.7451923
290.4389,0.7451923
290.4589,0.7451923
290.4789,0.7451923
290.4989,0.7451923
290.5189,0.7451923
290.5389,0.7451923
290.5589,0.7451923
290.5789,0.7451923
290.5988,0.7451923
290.6188,0.7451923
290.6388,0.7451923
290.6588,0.7451923
290.6788,0.7451923
290.6988,0.7451923
290.7188,0.7451923
290.7388,0.7451923
290.7588,0.7451923
290.7787,0.7451923
290.7987,0.7451923
290.8187,0.7451923
290.8387,0.7451923
290.8587,0.7451923
290.8787,0.7451923
290.8987,0.7451923
290.9187,0.7451923
290.9387,0.7451923
290.9586,0.7451923
290.9786,0.7451923
290.9986,0.7451923
291.0186,0.7451923
291.0386,0.7451923
291.0586,0.7451923
291.0786,0.7451923
291.0986,0.7451923
291.1186,0.7451923
291.1385,0.7451923
291.1585,0.7451923
291.1785,0.7451923
291.1985,0.7451923
291.2185,0.7451923
291.2385,0.7451923
291.2585,0.7451923
291.2785,0.7451923
291.2985,0.7451923
291.3185,0.7451923
291.3384,0.7451923
291.3584,0.7451923
291.3784,0.7451923
291.3984,0.7451923
291.4184,0.7451923
291.4384,0.7451923
291.4584,0.7451923
291.4784,0.7451923
291.4984,0.7451923
291.5183,0.7451923
291.5383,0.7451923
291.5583,0.7451923
291.5783,0.7451923
291.5983,0.7451923
291.6183,0.7451923
291.6383,0.7451923
291.6583,0.7451923
291.6783,0.7451923
291.6982,0.7451923
291.7182,0.7451923
291.7382,0.7451923
291.7582,0.7451923
291.7782,0.7451923
291.7982,0.7451923
291.8182,0.7451923
291.8382,0.7451923
291.8582,0.7451923
291.8781,0.7451923
291.8981,0.7451923
291.9181,0.7451923
291.9381,0.7451923
291.9581,0.7451923
291.9781,0.7451923
291.9981,0.7451923
292.0181,0.7451923
292.0381,0.7451923
292.058,0.7451923
292.078,0.7451923
292.098,0.7451923
292.118,0.7451923
292.138,0.7451923
292.158,0.7451923
292.178,0.7451923
292.198,0.7451923
292.218,0.7451923
292.2379,0.7451923
292.2579,0.7451923
292.2779,0.7451923
292.2979,0.7451923
292.3179,0.7451923
292.3379,0.7451923
292.3579,0.7451923
292.3779,0.7451923
292.3979,0.7451923
292.4178,0.7451923
292.4378,0.7451923
292.4578,0.7451923
292.4778,0.7451923
292.4978,0.7451923
292.5178,0.7451923
292.5378,0.7451923
292.5578,0.7451923
292.5778,0.7451923
292.5977,0.7451923
292.6177,0.7451923
292.6377,0.7451923
292.6577,0.7451923
292.6777,0.7451923
292.6977,0.7451923
292.7177,0.7451923
292.7377,0.7451923
292.7577,0.7451923
292.7776,0.7451923
292.7976,0.7451923
292.8176,0.7451923
292.8376,0.7451923
292.8576,0.7451923
292.8776,0.7451923
292.8976,0.7451923
292.9176,0.7451923
292.9376,0.7451923
292.9576,0.7451923
292.9775,0.7451923
292.9975,0.7451923
293.0175,0.7451923
293.0375,0.7451923
293.0575,0.7451923
293.0775,0.7451923
293.0975,0.7451923
293.1175,0.7451923
293.1375,0.7451923
293.1574,0.7451923
293.1774,0.7451923
293.1974,0.7451923
293.2174,0.7451923
293.2374,0.7451923
293.2574,0.7451923
293.2774,0.7451923
293.2974,0.7451923
293.3174,0.7451923
293.3373,0.7451923
293.3573,0.7451923
293.3773,0.7451923
293.3973,0.7451923
293.4173,0.7451923
293.4373,0.7451923
293.4573,0.7451923
293.4773,0.7451923
293.4973,0.7451923
293.5172,0.7451923
293.5372,0.7451923
293.5572,0.7451923
293.5772,0.7451923
293.5972,0.7451923
293.6172,0.7451923
293.6372,0.7451923
293.6572,0.7451923
293.6772,0.7451923
293.6971,0.7451923
293.7171,0.7451923
293.7371,0.7451923
293.7571,0.7451923
293.7771,0.7451923
293.7971,0.7451923
293.8171,0.7451923
293.8371,0.7451923
293.8571,0.7451923
293.877,0.7451923
293.897,0.7451923
293.917,0.7451923
293.937,0.7451923
293.957,0.7451923
293.977,0.7451923
293.997,0.7451923
294.017,0.7451923
294.037,0.7451923
294.0569,0.7451923
294.0769,0.7451923
294.0969,0.7451923
294.1169,0.7451923
294.1369,0.7451923
294.1569,0.7451923
294.1769,0.7451923
294.1969,0.7451923
294.2169,0.7451923
294.2368,0.7451923
294.2568,0.7451923
294.2768,0.7451923
294.2968,0.7451923
294.3168,0.7451923
294.3368,0.7451923
294.3568,0.7451923
294.3768,0.7451923
294.3968,0.7451923
294.4167,0.7451923
294.4367,0.7451923
294.4567,0.7451923
294.4767,0.7451923
294.4967,0.7451923
294.5167,0.7451923
294.5367,0.7451923
294.5567,0.7451923
294.5767,0.7451923
294.5966,0.7451923
294.6166,0.7451923
294.6366,0.7451923
294.6566,0.7451923
294.6766,0.7451923
294.6966,0.7451923
294.7166,0.7451923
294.7366,0.7451923
294.7566,0.7451923
294.7766,0.7451923
294.7965,0.7451923
294.8165,0.7451923
294.8365,0.7451923
294.8565,0.7451923
294.8765,0.7451923
294.8965,0.7451923
294.9165,0.7451923
294.9365,0.7451923
294.9565,0.7451923
294.9764,0.7451923
294.9964,0.7451923
295.0164,0.7451923
295.0364,0.7451923
295.0564,0.7451923
295.0764,0.7451923
295.0964,0.7451923
295.1164,0.7451923
295.1364,0.7451923
295.1563,0.7451923
295.1763,0.7451923
295.1963,0.7451923
295.2163,0.7451923
295.2363,0.7451923
295.2563,0.7451923
295.2763,0.7451923
295.2963,0.7451923
295.3163,0.7451923
295.3362,0.7451923
295.3562,0.7451923
295.3762,0.7451923
295.3962,0.7451923
295.4162,0.7451923
295.4362,0.7451923
295.4562,0.7451923
295.4762,0.7451923
295.4962,0.7451923
295.5161,0.7451923
295.5361,0.7451923
295.5561,0.7451923
295.5761,0.7451923
295.5961,0.7451923
295.6161,0.7451923
295.6361,0.7451923
295.6561,0.7451923
295.6761,0.7451923
295.696,0.7451923
295.716,0.7451923
295.736,0.7451923
295.756,0.7451923
295.776,0.7451923
295.796,0.7451923
295.816,0.7451923
295.836,0.7451923
295.856,0.7451923
295.8759,0.7451923
295.8959,0.7451923
295.9159,0.7451923
295.9359,0.7451923
295.9559,0.7451923
295.9759,0.7451923
295.9959,0.7451923
296.0159,0.7451923
296.0359,0.7451923
296.0558,0.7451923
296.0758,0.7451923
296.0958,0.7451923
296.1158,0.7451923
296.1358,0.7451923
296.1558,0.7451923
296.1758,0.7451923
296.1958,0.7451923
296.2158,0.7451923
296.2357,0.7451923
296.2557,0.7451923
296.2757,0.7451923
296.2957,0.7451923
296.3157,0.7451923
296.3357,0.7451923
296.3557,0.7451923
296.3757,0.7451923
296.3957,0.7451923
296.4156,0.7451923
296.4356,0.7451923
296.4556,0.7451923
296.4756,0.7451923
296.4956,0.7451923
296.5156,0.7451923
296.5356,0.7451923
296.5556,0.7451923
296.5756,0.7451923
296.5956,0.7451923
296.6155,0.7451923
296.6355,0.7451923
296.6555,0.7451923
296.6755,0.7451923
296.6955,0.7451923
296.7155,0.7451923
296.7355,0.7451923
296.7555,0.7451923
296.7755,0.7451923
296.7954,0.7451923
296.8154,0.7451923
296.8354,0.7451923
296.8554,0.7451923
296.8754,0.7451923
296.8954,0.7451923
296.9154,0.7451923
296.9354,0.7451923
296.9554,0.7451923
296.9753,0.7451923
296.9953,0.7451923
297.0153,0.7451923
297.0353,0.7451923
297.0553,0.7451923
297.0753,0.7451923
297.0953,0.7451923
297.1153,0.7451923
297.1353,0.7451923
297.1552,0.7451923
297.1752,0.7451923
297.1952,0.7451923
297.2152,0.7451923
297.2352,0.7451923
297.2552,0.7451923
297.2752,0.7451923
297.2952,0.7451923
297.3152,0.7451923
297.3351,0.7451923
297.3551,0.7451923
297.3751,0.7451923
297.3951,0.7451923
297.4151,0.7451923
297.4351,0.7451923
297.4551,0.7451923
297.4751,0.7451923
297.4951,0.7451923
297.515,0.7451923
297.535,0.7451923
297.555,0.7451923
297.575,0.7451923
297.595,0.7451923
297.615,0.7451923
297.635,0.7451923
297.655,0.7451923
297.675,0.7451923
297.6949,0.7451923
297.7149,0.7451923
297.7349,0.7451923
297.7549,0.7451923
297.7749,0.7451923
297.7949,0.7451923
297.8149,0.7451923
297.8349,0.7451923
297.8549,0.7451923
297.8748,0.7451923
297.8948,0.7451923
297.9148,0.7451923
297.9348,0.7451923
297.9548,0.7451923
297.9748,0.7451923
297.9948,0.7451923
298.0148,0.7451923
298.0348,0.7451923
298.0547,0.7451923
298.0747,0.7451923
298.0947,0.7451923
298.1147,0.7451923
298.1347,0.7451923
298.1547,0.7451923
298.1747,0.7451923
298.1947,0.7451923
298.2147,0.7451923
298.2346,0.7451923
298.2546,0.7451923
298.2746,0.7451923
298.2946,0.7451923
298.3146,0.7451923
298.3346,0.7451923
298.3546,0.7451923
298.3746,0.7451923
298.3946,0.7451923
298.4146,0.7451923
298.4345,0.7451923
298.4545,0.7451923
298.4745,0.7451923
298.4945,0.7451923
298.5145,0.7451923
298.5345,0.7451923
298.5545,0.7451923
298.5745,0.7451923
298.5945,0.7451923
298.6144,0.7451923
298.6344,0.7451923
298.6544,0.7451923
298.6744,0.7451923
298.6944,0.7451923
298.7144,0.7451923
298.7344,0.7451923
298.7544,0.7451923
298.7744,0.7451923
298.7943,0.7451923
298.8143,0.7451923
298.8343,0.7451923
298.8543,0.7451923
298.8743,0.7451923
298.8943,0.7451923
298.9143,0.7451923
298.9343,0.7451923
298.9543,0.7451923
298.9742,0.7451923
298.9942,0.7451923
299.0142,0.7451923
299.0342,0.7451923
299.0542,0.7451923
299.0742,0.7451923
299.0942,0.7451923
299.1142,0.7451923
299.1342,0.7451923
299.1541,0.7451923
299.1741,0.7451923
299.1941,0.7451923
299.2141,0.7451923
299.2341,0.7451923
299.2541,0.7451923
299.2741,0.7451923
299.2941,0.7451923
299.3141,0.7451923
299.334,0.7451923
299.354,0.7451923
299.374,0.7451923
299.394,0.7451923
299.414,0.7451923
299.434,0.7451923
299.454,0.7451923
299.474,0.7451923
299.494,0.7451923
299.5139,0.7451923
299.5339,0.7451923
299.5539,0.7451923
299.5739,0.7451923
299.5939,0.7451923
299.6139,0.7451923
299.6339,0.7451923
299.6539,0.7451923
299.6739,0.7451923
299.6938,0.7451923
299.7138,0.7451923
299.7338,0.7451923
299.7538,0.7451923
299.7738,0.7451923
299.7938,0.7451923
299.8138,0.7451923
299.8338,0.7451923
299.8538,0.7451923
299.8737,0.7451923
299.8937,0.7451923
299.9137,0.7451923
299.9337,0.7451923
299.9537,0.7451923
299.9737,0.7451923
299.9937,0.7451923
300.0137,0.7451923
300.0337,0.7451923
300.0536,0.7451923
300.0736,0.7451923
300.0936,0.7451923
300.1136,0.7451923
300.1336,0.7451923
300.1536,0.7451923
300.1736,0.7451923
300.1936,0.7451923
300.2136,0.7451923
300.2336,0.7451923
300.2535,0.7451923
300.2735,0.7451923
300.2935,0.7451923
300.3135,0.7451923
300.3335,0.7451923
300.3535,0.7451923
300.3735,0.7451923
300.3935,0.7451923
300.4135,0.7451923
300.4334,0.7451923
300.4534,0.7451923
300.4734,0.7451923
300.4934,0.7451923
300.5134,0.7451923
300.5334,0.7451923
300.5534,0.7451923
300.5734,0.7451923
300.5934,0.7451923
300.6133,0.7451923
300.6333,0.7451923
300.6533,0.7451923
300.6733,0.7451923
300.6933,0.7451923
300.7133,0.7451923
300.7333,0.7451923
300.7533,0.7451923
300.7733,0.7451923
300.7932,0.7451923
300.8132,0.7451923
300.8332,0.7451923
300.8532,0.7451923
300.8732,0.7451923
300.8932,0.7451923
300.9132,0.7451923
300.9332,0.7451923
300.9532,0.7451923
300.9731,0.7451923
300.9931,0.7451923
301.0131,0.7451923
301.0331,0.7451923
301.0531,0.7451923
301.0731,0.7451923
301.0931,0.7451923
301.1131,0.7451923
301.1331,0.7451923
301.153,0.7451923
301.173,0.7451923
301.193,0.7451923
301.213,0.7451923
301.233,0.7451923
301.253,0.7451923
301.273,0.7451923
301.293,0.7451923
301.313,0.7451923
301.3329,0.7451923
301.3529,0.7451923
301.3729,0.7451923
301.3929,0.7451923
301.4129,0.7451923
301.4329,0.7451923
301.4529,0.7451923
301.4729,0.7451923
301.4929,0.7451923
301.5128,0.7451923
301.5328,0.7451923
301.5528,0.7451923
301.5728,0.7451923
301.5928,0.7451923
301.6128,0.7451923
301.6328,0.7451923
301.6528,0.7451923
301.6728,0.7451923
301.6927,0.7451923
301.7127,0.7451923
301.7327,0.7451923
301.7527,0.7451923
301.7727,0.7451923
301.7927,0.7451923
301.8127,0.7451923
301.8327,0.7451923
301.8527,0.7451923
301.8727,0.7451923
301.8926,0.7451923
301.9126,0.7451923
301.9326,0.7451923
301.9526,0.7451923
301.9726,0.7451923
301.9926,0.7451923
302.0126,0.7451923
302.0326,0.7451923
302.0526,0.7451923
302.0725,0.7451923
302.0925,0.7451923
302.1125,0.7451923
302.1325,0.7451923
302.1525,0.7451923
302.1725,0.7451923
302.1925,0.7451923
302.2125,0.7451923
302.2325,0.7451923
302.2524,0.7451923
302.2724,0.7451923
302.2924,0.7451923
302.3124,0.7451923
302.3324,0.7451923
302.3524,0.7451923
302.3724,0.7451923
302.3924,0.7451923
302.4124,0.7451923
302.4323,0.7451923
302.4523,0.7451923
302.4723,0.7451923
302.4923,0.7451923
302.5123,0.7451923
302.5323,0.7451923
302.5523,0.7451923
302.5723,0.7451923
302.5923,0.7451923
302.6122,0.7451923
302.6322,0.7451923
302.6522,0.7451923
302.6722,0.7451923
302.6922,0.7451923
302.7122,0.7451923
302.7322,0.7451923
302.7522,0.7451923
302.7722,0.7451923
302.7921,0.7451923
302.8121,0.7451923
302.8321,0.7451923
302.8521,0.7451923
302.8721,0.7451923
302.8921,0.7451923
302.9121,0.7451923
302.9321,0.7451923
302.9521,0.7451923
302.972,0.7451923
302.992,0.7451923
303.012,0.7451923
303.032,0.7451923
303.052,0.7451923
303.072,0.7451923
303.092,0.7451923
303.112,0.7451923
303.132,0.7451923
303.1519,0.7451923
303.1719,0.7451923
303.1919,0.7451923
303.2119,0.7451923
303.2319,0.7451923
303.2519,0.7451923
303.2719,0.7451923
303.2919,0.7451923
303.3119,0.7451923
303.3318,0.7451923
303.3518,0.7451923
303.3718,0.7451923
303.3918,0.7451923
303.4118,0.7451923
303.4318,0.7451923
303.4518,0.7451923
303.4718,0.7451923
303.4918,0.7451923
303.5117,0.7451923
303.5317,0.7451923
303.5517,0.7451923
303.5717,0.7451923
303.5917,0.7451923
303.6117,0.7451923
303.6317,0.7451923
303.6517,0.7451923
303.6717,0.7451923
303.6917,0.7451923
303.7116,0.7451923
303.7316,0.7451923
303.7516,0.7451923
303.7716,0.7451923
303.7916,0.7451923
303.8116,0.7451923
303.8316,0.7451923
303.8516,0.7451923
303.8716,0.7451923
303.8915,0.7451923
303.9115,0.7451923
303.9315,0.7451923
303.9515,0.7451923
303.9715,0.7451923
303.9915,0.7451923
304.0115,0.7451923
304.0315,0.7451923
304.0515,0.7451923
304.0714,0.7451923
304.0914,0.7451923
304.1114,0.7451923
304.1314,0.7451923
304.1514,0.7451923
304.1714,0.7451923
304.1914,0.7451923
304.2114,0.7451923
304.2314,0.7451923
304.2513,0.7451923
304.2713,0.7451923
304.2913,0.7451923
304.3113,0.7451923
304.3313,0.7451923
304.3513,0.7451923
304.3713,0.7451923
304.3913,0.7451923
304.4113,0.7451923
304.4312,0.7451923
304.4512,0.7451923
304.4712,0.7451923
304.4912,0.7451923
304.5112,0.7451923
304.5312,0.7451923
304.5512,0.7451923
304.5712,0.7451923
304.5912,0.7451923
304.6111,0.7451923
304.6311,0.7451923
304.6511,0.7451923
304.6711,0.7451923
304.6911,0.7451923
304.7111,0.7451923
304.7311,0.7451923
304.7511,0.7451923
304.7711,0.7451923
304.791,0.7451923
304.811,0.7451923
304.831,0.7451923
304.851,0.7451923
304.871,0.7451923
304.891,0.7451923
304.911,0.7451923
304.931,0.7451923
304.951,0.7451923
304.9709,0.7451923
304.9909,0.7451923
305.0109,0.7451923
305.0309,0.7451923
305.0509,0.7451923
305.0709,0.7451923
305.0909,0.7451923
305.1109,0.7451923
305.1309,0.7451923
305.1508,0.7451923
305.1708,0.7451923
305.1908,0.7451923
305.2108,0.7451923
305.2308,0.7451923
305.2508,0.7451923
305.2708,0.7451923
305.2908,0.7451923
305.3108,0.7451923
305.3307,0.7451923
305.3507,0.7451923
305.3707,0.7451923
305.3907,0.7451923
305.4107,0.7451923
305.4307,0.7451923
305.4507,0.7451923
305.4707,0.7451923
305.4907,0.7451923
305.5107,0.7451923
305.5306,0.7451923
305.5506,0.7451923
305.5706,0.7451923
305.5906,0.7451923
305.6106,0.7451923
305.6306,0.7451923
305.6506,0.7451923
305.6706,0.7451923
305.6906,0.7451923
305.7105,0.7451923
305.7305,0.7451923
305.7505,0.7451923
305.7705,0.7451923
305.7905,0.7451923
305.8105,0.7451923
305.8305,0.7451923
305.8505,0.7451923
305.8705,0.7451923
305.8904,0.7451923
305.9104,0.7451923
305.9304,0.7451923
305.9504,0.7451923
305.9704,0.7451923
305.9904,0.7451923
306.0104,0.7451923
306.0304,0.7451923
306.0504,0.7451923
306.0703,0.7451923
306.0903,0.7451923
306.1103,0.7451923
306.1303,0.7451923
306.1503,0.7451923
306.1703,0.7451923
306.1903,0.7451923
306.2103,0.7451923
306.2303,0.7451923
306.2502,0.7451923
306.2702,0.7451923
306.2902,0.7451923
306.3102,0.7451923
306.3302,0.7451923
306.3502,0.7451923
306.3702,0.7451923
306.3902,0.7451923
306.4102,0.7451923
306.4301,0.7451923
306.4501,0.7451923
306.4701,0.7451923
306.4901,0.7451923
306.5101,0.7451923
306.5301,0.7451923
306.5501,0.7451923
306.5701,0.7451923
306.5901,0.7451923
306.61,0.7451923
306.63,0.7451923
306.65,0.7451923
306.67,0.7451923
306.69,0.7451923
306.71,0.7451923
306.73,0.7451923
306.75,0.7451923
306.77,0.7451923
306.7899,0.7451923
306.8099,0.7451923
306.8299,0.7451923
306.8499,0.7451923
306.8699,0.7451923
306.8899,0.7451923
306.9099,0.7451923
306.9299,0.7451923
306.9499,0.7451923
306.9698,0.7451923
306.9898,0.7451923
307.0098,0.7451923
307.0298,0.7451923
307.0498,0.7451923
307.0698,0.7451923
307.0898,0.7451923
307.1098,0.7451923
307.1298,0.7451923
307.1497,0.7451923
307.1697,0.7451923
307.1897,0.7451923
307.2097,0.7451923
307.2297,0.7451923
307.2497,0.7451923
307.2697,0.7451923
307.2897,0.7451923
307.3097,0.7451923
307.3297,0.7451923
307.3496,0.7451923
307.3696,0.7451923
307.3896,0.7451923
307.4096,0.7451923
307.4296,0.7451923
307.4496,0.7451923
307.4696,0.7451923
307.4896,0.7451923
307.5096,0.7451923
307.5295,0.7451923
307.5495,0.7451923
307.5695,0.7451923
307.5895,0.7451923
307.6095,0.7451923
307.6295,0.7451923
307.6495,0.7451923
307.6695,0.7451923
307.6895,0.7451923
307.7094,0.7451923
307.7294,0.7451923
307.7494,0.7451923
307.7694,0.7451923
307.7894,0.7451923
307.8094,0.7451923
307.8294,0.7451923
307.8494,0.7451923
307.8694,0.7451923
307.8893,0.7451923
307.9093,0.7451923
307.9293,0.7451923
307.9493,0.7451923
307.9693,0.7451923
307.9893,0.7451923
308.0093,0.7451923
308.0293,0.7451923
308.0493,0.7451923
308.0692,0.7451923
308.0892,0.7451923
308.1092,0.7451923
308.1292,0.7451923
308.1492,0.7451923
308.1692,0.7451923
308.1892,0.7451923
308.2092,0.7451923
308.2292,0.7451923
308.2491,0.7451923
308.2691,0.7451923
308.2891,0.7451923
308.3091,0.7451923
308.3291,0.7451923
308.3491,0.7451923
308.3691,0.7451923
308.3891,0.7451923
308.4091,0.7451923
308.429,0.7451923
308.449,0.7451923
308.469,0.7451923
308.489,0.7451923
308.509,0.7451923
308.529,0.7451923
308.549,0.7451923
308.569,0.7451923
308.589,0.7451923
308.6089,0.7451923
308.6289,0.7451923
308.6489,0.7451923
308.6689,0.7451923
308.6889,0.7451923
308.7089,0.7451923
308.7289,0.7451923
308.7489,0.7451923
308.7689,0.7451923
308.7888,0.7451923
308.8088,0.7451923
308.8288,0.7451923
308.8488,0.7451923
308.8688,0.7451923
308.8888,0.7451923
308.9088,0.7451923
308.9288,0.7451923
308.9488,0.7451923
308.9688,0.7451923
308.9887,0.7451923
309.0087,0.7451923
309.0287,0.7451923
309.0487,0.7451923
309.0687,0.7451923
309.0887,0.7451923
309.1087,0.7451923
309.1287,0.7451923
309.1487,0.7451923
309.1686,0.7451923
309.1886,0.7451923
309.2086,0.7451923
309.2286,0.7451923
309.2486,0.7451923
309.2686,0.7451923
309.2886,0.7451923
309.3086,0.7451923
309.3286,0.7451923
309.3485,0.7451923
309.3685,0.7451923
309.3885,0.7451923
309.4085,0.7451923
309.4285,0.7451923
309.4485,0.7451923
309.4685,0.7451923
309.4885,0.7451923
309.5085,0.7451923
309.5284,0.7451923
309.5484,0.7451923
309.5684,0.7451923
309.5884,0.7451923
309.6084,0.7451923
309.6284,0.7451923
309.6484,0.7451923
309.6684,0.7451923
309.6884,0.7451923
309.7083,0.7451923
309.7283,0.7451923
309.7483,0.7451923
309.7683,0.7451923
309.7883,0.7451923
309.8083,0.7451923
309.8283,0.7451923
309.8483,0.7451923
309.8683,0.7451923
309.8882,0.7451923
309.9082,0.7451923
309.9282,0.7451923
309.9482,0.7451923
309.9682,0.7451923
309.9882,0.7451923
310.0082,0.7451923
310.0282,0.7451923
310.0482,0.7451923
310.0681,0.7451923
310.0881,0.7451923
310.1081,0.7451923
310.1281,0.7451923
310.1481,0.7451923
310.1681,0.7451923
310.1881,0.7451923
310.2081,0.7451923
310.2281,0.7451923
310.248,0.7451923
310.268,0.7451923
310.288,0.7451923
310.308,0.7451923
310.328,0.7451923
310.348,0.7451923
310.368,0.7451923
310.388,0.7451923
310.408,0.7451923
310.4279,0.7451923
310.4479,0.7451923
310.4679,0.7451923
310.4879,0.7451923
310.5079,0.7451923
310.5279,0.7451923
310.5479,0.7451923
310.5679,0.7451923
310.5879,0.7451923
310.6078,0.7451923
310.6278,0.7451923
310.6478,0.7451923
310.6678,0.7451923
310.6878,0.7451923
310.7078,0.7451923
310.7278,0.7451923
310.7478,0.7451923
310.7678,0.7451923
310.7878,0.7451923
310.8077,0.7451923
310.8277,0.7451923
310.8477,0.7451923
310.8677,0.7451923
310.8877,0.7451923
310.9077,0.7451923
310.9277,0.7451923
310.9477,0.7451923
310.9677,0.7451923
310.9876,0.7451923
311.0076,0.7451923
311.0276,0.7451923
311.0476,0.7451923
311.0676,0.7451923
311.0876,0.7451923
311.1076,0.7451923
311.1276,0.7451923
311.1476,0.7451923
311.1675,0.7451923
311.1875,0.7451923
311.2075,0.7451923
311.2275,0.7451923
311.2475,0.7451923
311.2675,0.7451923
311.2875,0.7451923
311.3075,0.7451923
311.3275,0.7451923
311.3474,0.7451923
311.3674,0.7451923
311.3874,0.7451923
311.4074,0.7451923
311.4274,0.7451923
311.4474,0.7451923
311.4674,0.7451923
311.4874,0.7451923
311.5074,0.7451923
311.5273,0.7451923
311.5473,0.7451923
311.5673,0.7451923
311.5873,0.7451923
311.6073,0.7451923
311.6273,0.7451923
311.6473,0.7451923
311.6673,0.7451923
311.6873,0.7451923
311.7072,0.7451923
311.7272,0.7451923
311.7472,0.7451923
311.7672,0.7451923
311.7872,0.7451923
311.8072,0.7451923
311.8272,0.7451923
311.8472,0.7451923
311.8672,0.7451923
311.8871,0.7451923
311.9071,0.7451923
311.9271,0.7451923
311.9471,0.7451923
311.9671,0.7451923
311.9871,0.7451923
312.0071,0.7451923
312.0271,0.7451923
312.0471,0.7451923
312.067,0.7451923
312.087,0.7451923
312.107,0.7451923
312.127,0.7451923
312.147,0.7451923
312.167,0.7451923
312.187,0.7451923
312.207,0.7451923
312.227,0.7451923
312.2469,0.7451923
312.2669,0.7451923
312.2869,0.7451923
312.3069,0.7451923
312.3269,0.7451923
312.3469,0.7451923
312.3669,0.7451923
312.3869,0.7451923
312.4069,0.7451923
312.4268,0.7451923
312.4468,0.7451923
312.4668,0.7451923
312.4868,0.7451923
312.5068,0.7451923
312.5268,0.7451923
312.5468,0.7451923
312.5668,0.7451923
312.5868,0.7451923
312.6068,0.7451923
312.6267,0.7451923
312.6467,0.7451923
312.6667,0.7451923
312.6867,0.7451923
312.7067,0.7451923
312.7267,0.7451923
312.7467,0.7451923
312.7667,0.7451923
312.7867,0.7451923
312.8066,0.7451923
312.8266,0.7451923
312.8466,0.7451923
312.8666,0.7451923
312.8866,0.7451923
312.9066,0.7451923
312.9266,0.7451923
312.9466,0.7451923
312.9666,0.7451923
312.9865,0.7451923
313.0065,0.7451923
313.0265,0.7451923
313.0465,0.7451923
313.0665,0.7451923
313.0865,0.7451923
313.1065,0.7451923
313.1265,0.7451923
313.1465,0.7451923
313.1664,0.7451923
313.1864,0.7451923
313.2064,0.7451923
313.2264,0.7451923
313.2464,0.7451923
313.2664,0.7451923
313.2864,0.7451923
313.3064,0.7451923
313.3264,0.7451923
313.3463,0.7451923
313.3663,0.7451923
313.3863,0.7451923
313.4063,0.7451923
313.4263,0.7451923
313.4463,0.7451923
313.4663,0.7451923
313.4863,0.7451923
313.5063,0.7451923
313.5262,0.7451923
313.5462,0.7451923
313.5662,0.7451923
313.5862,0.7451923
313.6062,0.7451923
313.6262,0.7451923
313.6462,0.7451923
313.6662,0.7451923
313.6862,0.7451923
313.7061,0.7451923
313.7261,0.7451923
313.7461,0.7451923
313.7661,0.7451923
313.7861,0.7451923
313.8061,0.7451923
313.8261,0.7451923
313.8461,0.7451923
313.8661,0.7451923
313.886,0.7451923
313.906,0.7451923
313.926,0.7451923
313.946,0.7451923
313.966,0.7451923
313.986,0.7451923
314.006,0.7451923
314.026,0.7451923
314.046,0.7451923
314.0659,0.7451923
314.0859,0.7451923
314.1059,0.7451923
314.1259,0.7451923
314.1459,0.7451923
314.1659,0.7451923
314.1859,0.7451923
314.2059,0.7451923
314.2259,0.7451923
314.2458,0.7451923
314.2658,0.7451923
314.2858,0.7451923
314.3058,0.7451923
314.3258,0.7451923
314.3458,0.7451923
314.3658,0.7451923
314.3858,0.7451923
314.4058,0.7451923
314.4258,0.7451923
314.4457,0.7451923
314.4657,0.7451923
314.4857,0.7451923
314.5057,0.7451923
314.5257,0.7451923
314.5457,0.7451923
314.5657,0.7451923
314.5857,0.7451923
314.6057,0.7451923
314.6256,0.7451923
314.6456,0.7451923
314.6656,0.7451923
314.6856,0.7451923
314.7056,0.7451923
314.7256,0.7451923
314.7456,0.7451923
314.7656,0.7451923
314.7856,0.7451923
314.8055,0.7451923
314.8255,0.7451923
314.8455,0.7451923
314.8655,0.7451923
314.8855,0.7451923
314.9055,0.7451923
314.9255,0.7451923
314.9455,0.7451923
314.9655,0.7451923
314.9854,0.7451923
315.0054,0.7451923
315.0254,0.7451923
315.0454,0.7451923
315.0654,0.7451923
315.0854,0.7451923
315.1054,0.7451923
315.1254,0.7451923
315.1454,0.7451923
315.1653,0.7451923
315.1853,0.7451923
315.2053,0.7451923
315.2253,0.7451923
315.2453,0.7451923
315.2653,0.7451923
315.2853,0.7451923
315.3053,0.7451923
315.3253,0.7451923
315.3452,0.7451923
315.3652,0.7451923
315.3852,0.7451923
315.4052,0.7451923
315.4252,0.7451923
315.4452,0.7451923
315.4652,0.7451923
315.4852,0.7451923
315.5052,0.7451923
315.5251,0.7451923
315.5451,0.7451923
315.5651,0.7451923
315.5851,0.7451923
315.6051,0.7451923
315.6251,0.7451923
315.6451,0.7451923
315.6651,0.7451923
315.6851,0.7451923
315.705,0.7451923
315.725,0.7451923
315.745,0.7451923
315.765,0.7451923
315.785,0.7451923
315.805,0.7451923
315.825,0.7451923
315.845,0.7451923
315.865,0.7451923
315.8849,0.7451923
315.9049,0.7451923
315.9249,0.7451923
315.9449,0.7451923
315.9649,0.7451923
315.9849,0.7451923
316.0049,0.7451923
316.0249,0.7451923
316.0449,0.7451923
316.0648,0.7451923
316.0848,0.7451923
316.1048,0.7451923
316.1248,0.7451923
316.1448,0.7451923
316.1648,0.7451923
316.1848,0.7451923
316.2048,0.7451923
316.2248,0.7451923
316.2448,0.7451923
316.2647,0.7451923
316.2847,0.7451923
316.3047,0.7451923
316.3247,0.7451923
316.3447,0.7451923
316.3647,0.7451923
316.3847,0.7451923
316.4047,0.7451923
316.4247,0.7451923
316.4446,0.7451923
316.4646,0.7451923
316.4846,0.7451923
316.5046,0.7451923
316.5246,0.7451923
316.5446,0.7451923
316.5646,0.7451923
316.5846,0.7451923
316.6046,0.7451923
316.6245,0.7451923
316.6445,0.7451923
316.6645,0.7451923
316.6845,0.7451923
316.7045,0.7451923
316.7245,0.7451923
316.7445,0.7451923
316.7645,0.7451923
316.7845,0.7451923
316.8044,0.7451923
316.8244,0.7451923
316.8444,0.7451923
316.8644,0.7451923
316.8844,0.7451923
316.9044,0.7451923
316.9244,0.7451923
316.9444,0.7451923
316.9644,0.7451923
316.9843,0.7451923
317.0043,0.7451923
317.0243,0.7451923
317.0443,0.7451923
317.0643,0.7451923
317.0843,0.7451923
317.1043,0.7451923
317.1243,0.7451923
317.1443,0.7451923
317.1642,0.7451923
317.1842,0.7451923
317.2042,0.7451923
317.2242,0.7451923
317.2442,0.7451923
317.2642,0.7451923
317.2842,0.7451923
317.3042,0.7451923
317.3242,0.7451923
317.3441,0.7451923
317.3641,0.7451923
317.3841,0.7451923
317.4041,0.7451923
317.4241,0.7451923
317.4441,0.7451923
317.4641,0.7451923
317.4841,0.7451923
317.5041,0.7451923
317.524,0.7451923
317.544,0.7451923
317.564,0.7451923
317.584,0.7451923
317.604,0.7451923
317.624,0.7451923
317.644,0.7451923
317.664,0.7451923
317.684,0.7548077
317.7039,0.7548077
317.7239,0.7548077
317.7439,0.7548077
317.7639,0.7548077
317.7839,0.7548077
317.8039,0.7548077
317.8239,0.7548077
317.8439,0.7548077
317.8639,0.7548077
317.8839,0.7548077
317.9038,0.7548077
317.9238,0.7548077
317.9438,0.7548077
317.9638,0.7548077
317.9838,0.7548077
318.0038,0.7548077
318.0238,0.7548077
318.0438,0.7548077
318.0638,0.7548077
318.0837,0.7548077
318.1037,0.7548077
318.1237,0.7548077
318.1437,0.7548077
318.1637,0.7548077
318.1837,0.7548077
318.2037,0.7548077
318.2237,0.7548077
318.2437,0.7548077
318.2636,0.7548077
318.2836,0.7548077
318.3036,0.7548077
318.3236,0.7548077
318.3436,0.7548077
318.3636,0.7548077
318.3836,0.7548077
318.4036,0.7548077
318.4236,0.7548077
318.4435,0.7548077
318.4635,0.7548077
318.4835,0.7548077
318.5035,0.7548077
318.5235,0.7548077
318.5435,0.7548077
318.5635,0.7548077
318.5835,0.7548077
318.6035,0.7548077
318.6234,0.7548077
318.6434,0.7548077
318.6634,0.7548077
318.6834,0.7548077
318.7034,0.7548077
318.7234,0.7548077
318.7434,0.7548077
318.7634,0.7548077
318.7834,0.7548077
318.8033,0.7548077
318.8233,0.7548077
318.8433,0.7548077
318.8633,0.7548077
318.8833,0.7548077
318.9033,0.7548077
318.9233,0.7548077
318.9433,0.7548077
318.9633,0.7548077
318.9832,0.7548077
319.0032,0.7548077
319.0232,0.7548077
319.0432,0.7548077
319.0632,0.7548077
319.0832,0.7548077
319.1032,0.7548077
319.1232,0.7548077
319.1432,0.7548077
319.1631,0.7548077
319.1831,0.7548077
319.2031,0.7548077
319.2231,0.7548077
319.2431,0.7548077
319.2631,0.7596154
319.2831,0.7596154
319.3031,0.7596154
319.3231,0.7596154
319.343,0.7596154
319.363,0.7596154
319.383,0.7596154
319.403,0.7596154
319.423,0.7596154
319.443,0.7596154
319.463,0.7596154
319.483,0.7596154
319.503,0.7596154
319.5229,0.7596154
319.5429,0.7596154
319.5629,0.7596154
319.5829,0.7596154
319.6029,0.7596154
319.6229,0.7596154
319.6429,0.7596154
319.6629,0.7596154
319.6829,0.7596154
319.7029,0.7596154
319.7228,0.7596154
319.7428,0.7596154
319.7628,0.7596154
319.7828,0.7596154
319.8028,0.7596154
319.8228,0.7596154
319.8428,0.7596154
319.8628,0.7596154
319.8828,0.7596154
319.9027,0.7596154
319.9227,0.7596154
319.9427,0.7596154
319.9627,0.7596154
319.9827,0.7596154
320.0027,0.7596154
320.0227,0.7596154
320.0427,0.7596154
320.0627,0.7596154
320.0826,0.7596154
320.1026,0.7596154
320.1226,0.7596154
320.1426,0.7596154
320.1626,0.7596154
320.1826,0.7596154
320.2026,0.7596154
320.2226,0.7596154
320.2426,0.7596154
320.2625,0.7596154
320.2825,0.7596154
320.3025,0.7596154
320.3225,0.7596154
320.3425,0.7596154
320.3625,0.7596154
320.3825,0.7596154
320.4025,0.7596154
320.4225,0.7596154
320.4424,0.7596154
320.4624,0.7596154
320.4824,0.7596154
320.5024,0.7596154
320.5224,0.7596154
320.5424,0.7596154
320.5624,0.7596154
320.5824,0.7596154
320.6024,0.7596154
320.6223,0.7596154
320.6423,0.7596154
320.6623,0.7596154
320.6823,0.7596154
320.7023,0.7596154
320.7223,0.7596154
320.7423,0.7596154
320.7623,0.7596154
320.7823,0.7596154
320.8022,0.7596154
320.8222,0.7596154
320.8422,0.7596154
320.8622,0.7596154
320.8822,0.7596154
320.9022,0.7596154
320.9222,0.7596154
320.9422,0.7596154
320.9622,0.7596154
320.9821,0.7596154
321.0021,0.7596154
321.0221,0.7596154
321.0421,0.7596154
321.0621,0.7596154
321.0821,0.7596154
321.1021,0.7596154
321.1221,0.7596154
321.1421,0.7596154
321.162,0.7596154
321.182,0.7596154
321.202,0.7596154
321.222,0.7596154
321.242,0.7596154
321.262,0.7596154
321.282,0.7596154
321.302,0.7596154
321.322,0.7596154
321.3419,0.7596154
321.3619,0.7596154
321.3819,0.7596154
321.4019,0.7596154
321.4219,0.7596154
321.4419,0.7596154
321.4619,0.7596154
321.4819,0.7596154
321.5019,0.7596154
321.5219,0.7596154
321.5418,0.7596154
321.5618,0.7596154
321.5818,0.7596154
321.6018,0.7596154
321.6218,0.7596154
321.6418,0.7596154
321.6618,0.7596154
321.6818,0.7596154
321.7018,0.7596154
321.7217,0.7596154
321.7417,0.7596154
321.7617,0.7596154
321.7817,0.7596154
321.8017,0.7596154
321.8217,0.7596154
321.8417,0.7596154
321.8617,0.7596154
321.8817,0.7596154
321.9016,0.7596154
321.9216,0.7596154
321.9416,0.7596154
321.9616,0.7596154
321.9816,0.7596154
322.0016,0.7596154
322.0216,0.7596154
322.0416,0.7596154
322.0616,0.7596154
322.0815,0.7596154
322.1015,0.7596154
322.1215,0.7596154
322.1415,0.7596154
322.1615,0.7596154
322.1815,0.7596154
322.2015,0.7596154
322.2215,0.7596154
322.2415,0.7596154
322.2614,0.7596154
322.2814,0.7596154
322.3014,0.7596154
322.3214,0.7596154
322.3414,0.7596154
322.3614,0.7596154
322.3814,0.7596154
322.4014,0.7596154
322.4214,0.7596154
322.4413,0.7596154
322.4613,0.7596154
322.4813,0.7596154
322.5013,0.7596154
322.5213,0.7596154
322.5413,0.7596154
322.5613,0.7596154
322.5813,0.7596154
322.6013,0.7596154
322.6212,0.7596154
322.6412,0.7596154
322.6612,0.7596154
322.6812,0.7596154
322.7012,0.7596154
322.7212,0.7596154
322.7412,0.7596154
322.7612,0.7596154
322.7812,0.7596154
322.8011,0.7596154
322.8211,0.7596154
322.8411,0.7596154
322.8611,0.7596154
322.8811,0.7596154
322.9011,0.7596154
322.9211,0.7596154
322.9411,0.7596154
322.9611,0.7596154
322.981,0.7596154
323.001,0.7596154
323.021,0.7596154
323.041,0.7596154
323.061,0.7596154
323.081,0.7596154
323.101,0.7596154
323.121,0.7596154
323.141,0.7596154
323.1609,0.7596154
323.1809,0.7596154
323.2009,0.7596154
323.2209,0.7596154
323.2409,0.7596154
323.2609,0.7596154
323.2809,0.7596154
323.3009,0.7596154
323.3209,0.7596154
323.3409,0.7596154
323.3608,0.7596154
323.3808,0.7596154
323.4008,0.7596154
323.4208,0.7596154
323.4408,0.7596154
323.4608,0.7596154
323.4808,0.7596154
323.5008,0.7596154
323.5208,0.7596154
323.5407,0.7596154
323.5607,0.7596154
323.5807,0.7596154
323.6007,0.7596154
323.6207,0.7596154
323.6407,0.7596154
323.6607,0.7596154
323.6807,0.7596154
323.7007,0.7596154
323.7206,0.7596154
323.7406,0.7596154
323.7606,0.7596154
323.7806,0.7596154
323.8006,0.7596154
323.8206,0.7596154
323.8406,0.7596154
323.8606,0.7596154
323.8806,0.7596154
323.9005,0.7596154
323.9205,0.7596154
323.9405,0.7596154
323.9605,0.7596154
323.9805,0.7596154
324.0005,0.7596154
324.0205,0.7596154
324.0405,0.7596154
324.0605,0.7596154
324.0804,0.7596154
324.1004,0.7596154
324.1204,0.7596154
324.1404,0.7596154
324.1604,0.7596154
324.1804,0.7596154
324.2004,0.7596154
324.2204,0.7596154
324.2404,0.7596154
324.2603,0.7596154
324.2803,0.7596154
324.3003,0.7596154
324.3203,0.7596154
324.3403,0.7596154
324.3603,0.7596154
324.3803,0.7596154
324.4003,0.7596154
324.4203,0.7596154
324.4402,0.7596154
324.4602,0.7596154
324.4802,0.7596154
324.5002,0.7596154
324.5202,0.7596154
324.5402,0.7596154
324.5602,0.7596154
324.5802,0.7596154
324.6002,0.7596154
324.6201,0.7596154
324.6401,0.7596154
324.6601,0.7596154
324.6801,0.7596154
324.7001,0.7596154
324.7201,0.7596154
324.7401,0.7596154
324.7601,0.7596154
324.7801,0.7596154
324.8,0.7596154
324.82,0.7596154
324.84,0.7596154
324.86,0.7596154
324.88,0.7596154
324.9,0.7596154
324.92,0.7596154
324.94,0.7596154
324.96,0.7596154
324.9799,0.7596154
324.9999,0.7596154
325.0199,0.7596154
325.0399,0.7596154
325.0599,0.7596154
325.0799,0.7596154
325.0999,0.7596154
325.1199,0.7596154
325.1399,0.7596154
325.1599,0.7596154
325.1798,0.7596154
325.1998,0.7596154
325.2198,0.7596154
325.2398,0.7596154
325.2598,0.7596154
325.2798,0.7596154
325.2998,0.7596154
325.3198,0.7596154
325.3398,0.7596154
325.3597,0.7596154
325.3797,0.7596154
325.3997,0.7596154
325.4197,0.7596154
325.4397,0.7596154
325.4597,0.7596154
325.4797,0.7596154
325.4997,0.7596154
325.5197,0.7596154
325.5396,0.7596154
325.5596,0.7596154
325.5796,0.7596154
325.5996,0.7596154
325.6196,0.7596154
325.6396,0.7596154
325.6596,0.7596154
325.6796,0.7596154
325.6996,0.7596154
325.7195,0.7596154
325.7395,0.7596154
325.7595,0.7596154
325.7795,0.7596154
325.7995,0.7596154
325.8195,0.7596154
325.8395,0.7596154
325.8595,0.7596154
325.8795,0.7596154
325.8994,0.7596154
325.9194,0.7596154
325.9394,0.7596154
325.9594,0.7596154
325.9794,0.7596154
325.9994,0.7596154
326.0194,0.7596154
326.0394,0.7596154
326.0594,0.7596154
326.0793,0.7596154
326.0993,0.7596154
326.1193,0.7596154
326.1393,0.7596154
326.1593,0.7596154
326.1793,0.7596154
326.1993,0.7596154
326.2193,0.7596154
326.2393,0.7596154
326.2592,0.7596154
326.2792,0.7596154
326.2992,0.7596154
326.3192,0.7596154
326.3392,0.7596154
326.3592,0.7596154
326.3792,0.7596154
326.3992,0.7596154
326.4192,0.7596154
326.4391,0.7596154
326.4591,0.7596154
326.4791,0.7596154
326.4991,0.7596154
326.5191,0.7596154
326.5391,0.7596154
326.5591,0.7596154
326.5791,0.7596154
326.5991,0.7596154
326.619,0.7596154
326.639,0.7596154
326.659,0.7596154
326.679,0.7596154
326.699,0.7596154
326.719,0.7596154
326.739,0.7596154
326.759,0.7596154
326.779,0.7596154
326.799,0.7596154
326.8189,0.7596154
326.8389,0.7596154
326.8589,0.7596154
326.8789,0.7596154
326.8989,0.7596154
326.9189,0.7596154
326.9389,0.7596154
326.9589,0.7596154
326.9789,0.7596154
326.9988,0.7596154
327.0188,0.7596154
327.0388,0.7596154
327.0588,0.7596154
327.0788,0.7596154
327.0988,0.7596154
327.1188,0.7596154
327.1388,0.7596154
327.1588,0.7596154
327.1787,0.7596154
327.1987,0.7596154
327.2187,0.7596154
327.2387,0.7596154
327.2587,0.7596154
327.2787,0.7596154
327.2987,0.7596154
327.3187,0.7596154
327.3387,0.7596154
327.3586,0.7596154
327.3786,0.7596154
327.3986,0.7596154
327.4186,0.7596154
327.4386,0.7596154
327.4586,0.7596154
327.4786,0.7596154
327.4986,0.7596154
327.5186,0.7596154
327.5385,0.7596154
327.5585,0.7596154
327.5785,0.7596154
327.5985,0.7596154
327.6185,0.7596154
327.6385,0.7596154
327.6585,0.7596154
327.6785,0.7596154
327.6985,0.7596154
327.7184,0.7596154
327.7384,0.7596154
327.7584,0.7596154
327.7784,0.7596154
327.7984,0.7596154
327.8184,0.7596154
327.8384,0.7596154
327.8584,0.7596154
327.8784,0.7596154
327.8983,0.7596154
327.9183,0.7596154
327.9383,0.7596154
327.9583,0.7596154
327.9783,0.7596154
327.9983,0.7596154
328.0183,0.7596154
328.0383,0.7596154
328.0583,0.7596154
328.0782,0.7596154
328.0982,0.7596154
328.1182,0.7596154
328.1382,0.7596154
328.1582,0.7596154
328.1782,0.7596154
328.1982,0.7596154
328.2182,0.7596154
328.2382,0.7596154
328.2581,0.7596154
328.2781,0.7596154
328.2981,0.7596154
328.3181,0.7596154
328.3381,0.7596154
328.3581,0.7596154
328.3781,0.7596154
328.3981,0.7596154
328.4181,0.7596154
328.438,0.7596154
328.458,0.7596154
328.478,0.7596154
328.498,0.7596154
328.518,0.7596154
328.538,0.7596154
328.558,0.7596154
328.578,0.7596154
328.598,0.7596154
328.618,0.7596154
328.6379,0.7596154
328.6579,0.7596154
328.6779,0.7596154
328.6979,0.7596154
328.7179,0.7596154
328.7379,0.7596154
328.7579,0.7596154
328.7779,0.7596154
328.7979,0.7596154
328.8178,0.7596154
328.8378,0.7596154
328.8578,0.7596154
328.8778,0.7596154
328.8978,0.7596154
328.9178,0.7596154
328.9378,0.7596154
328.9578,0.7596154
328.9778,0.7596154
328.9977,0.7596154
329.0177,0.7596154
329.0377,0.7596154
329.0577,0.7596154
329.0777,0.7596154
329.0977,0.7596154
329.1177,0.7596154
329.1377,0.7596154
329.1577,0.7596154
329.1776,0.7596154
329.1976,0.7596154
329.2176,0.7596154
329.2376,0.7596154
329.2576,0.7596154
329.2776,0.7596154
329.2976,0.7596154
329.3176,0.7596154
329.3376,0.7596154
329.3575,0.7596154
329.3775,0.7596154
329.3975,0.7596154
329.4175,0.7596154
329.4375,0.7596154
329.4575,0.7596154
329.4775,0.7596154
329.4975,0.7596154
329.5175,0.7596154
329.5374,0.7596154
329.5574,0.7596154
329.5774,0.7596154
329.5974,0.7596154
329.6174,0.7596154
329.6374,0.7596154
329.6574,0.7596154
329.6774,0.7596154
329.6974,0.7596154
329.7173,0.7596154
329.7373,0.7596154
329.7573,0.7596154
329.7773,0.7596154
329.7973,0.7596154
329.8173,0.7596154
329.8373,0.7596154
329.8573,0.7596154
329.8773,0.7596154
329.8972,0.7596154
329.9172,0.7596154
329.9372,0.7596154
329.9572,0.7596154
329.9772,0.7596154
329.9972,0.7596154
330.0172,0.7596154
330.0372,0.7596154
330.0572,0.7596154
330.0771,0.7596154
330.0971,0.7596154
330.1171,0.7596154
330.1371,0.7596154
330.1571,0.7596154
330.1771,0.7596154
330.1971,0.7596154
330.2171,0.7596154
330.2371,0.7596154
330.257,0.7596154
330.277,0.7596154
330.297,0.7596154
330.317,0.7596154
330.337,0.7596154
330.357,0.7596154
330.377,0.7596154
330.397,0.7596154
330.417,0.7596154
330.437,0.7596154
330.4569,0.7596154
330.4769,0.7596154
330.4969,0.7596154
330.5169,0.7596154
330.5369,0.7596154
330.5569,0.7596154
330.5769,0.7596154
330.5969,0.7596154
330.6169,0.7596154
330.6368,0.7596154
330.6568,0.7692308
330.6768,0.7692308
330.6968,0.7692308
330.7168,0.7692308
330.7368,0.7692308
330.7568,0.7692308
330.7768,0.7692308
330.7968,0.7692308
330.8167,0.7692308
330.8367,0.7692308
330.8567,0.7692308
330.8767,0.7692308
330.8967,0.7692308
330.9167,0.7692308
330.9367,0.7692308
330.9567,0.7692308
330.9767,0.7692308
330.9966,0.7692308
331.0166,0.7692308
331.0366,0.7692308
331.0566,0.7692308
331.0766,0.7692308
331.0966,0.7692308
331.1166,0.7692308
331.1366,0.7692308
331.1566,0.7692308
331.1765,0.7692308
331.1965,0.7692308
331.2165,0.7692308
331.2365,0.7692308
331.2565,0.7692308
331.2765,0.7692308
331.2965,0.7692308
331.3165,0.7692308
331.3365,0.7692308
331.3564,0.7692308
331.3764,0.7692308
331.3964,0.7692308
331.4164,0.7692308
331.4364,0.7692308
331.4564,0.7692308
331.4764,0.7692308
331.4964,0.7692308
331.5164,0.7692308
331.5363,0.7692308
331.5563,0.7692308
331.5763,0.7692308
331.5963,0.7692308
331.6163,0.7692308
331.6363,0.7692308
331.6563,0.7692308
331.6763,0.7692308
331.6963,0.7692308
331.7162,0.7692308
331.7362,0.7692308
331.7562,0.7692308
331.7762,0.7692308
331.7962,0.7692308
331.8162,0.7692308
331.8362,0.7692308
331.8562,0.7692308
331.8762,0.7692308
331.8961,0.7692308
331.9161,0.7692308
331.9361,0.7692308
331.9561,0.7692308
331.9761,0.7692308
331.9961,0.7692308
332.0161,0.7692308
332.0361,0.7692308
332.0561,0.7692308
332.076,0.7692308
332.096,0.7692308
332.116,0.7692308
332.136,0.7692308
332.156,0.7692308
332.176,0.7692308
332.196,0.7692308
332.216,0.7692308
332.236,0.7692308
332.256,0.7692308
332.2759,0.7692308
332.2959,0.7692308
332.3159,0.7692308
332.3359,0.7692308
332.3559,0.7692308
332.3759,0.7692308
332.3959,0.7692308
332.4159,0.7692308
332.4359,0.7692308
332.4558,0.7692308
332.4758,0.7692308
332.4958,0.7692308
332.5158,0.7692308
332.5358,0.7692308
332.5558,0.7692308
332.5758,0.7692308
332.5958,0.7692308
332.6158,0.7692308
332.6357,0.7692308
332.6557,0.7692308
332.6757,0.7692308
332.6957,0.7692308
332.7157,0.7692308
332.7357,0.7692308
332.7557,0.7692308
332.7757,0.7692308
332.7957,0.7692308
332.8156,0.7692308
332.8356,0.7692308
332.8556,0.7692308
332.8756,0.7692308
332.8956,0.7692308
332.9156,0.7692308
332.9356,0.7692308
332.9556,0.7692308
332.9756,0.7692308
332.9955,0.7692308
333.0155,0.7692308
333.0355,0.7692308
333.0555,0.7692308
333.0755,0.7692308
333.0955,0.7692308
333.1155,0.7692308
333.1355,0.7692308
333.1555,0.7692308
333.1754,0.7692308
333.1954,0.7692308
333.2154,0.7692308
333.2354,0.7692308
333.2554,0.7692308
333.2754,0.7692308
333.2954,0.7692308
333.3154,0.7692308
333.3354,0.7692308
333.3553,0.7692308
333.3753,0.7692308
333.3953,0.7692308
333.4153,0.7692308
333.4353,0.7692308
333.4553,0.7692308
333.4753,0.7692308
333.4953,0.7692308
333.5153,0.7692308
333.5352,0.7692308
333.5552,0.7692308
333.5752,0.7692308
333.5952,0.7692308
333.6152,0.7692308
333.6352,0.7692308
333.6552,0.7692308
333.6752,0.7692308
333.6952,0.7692308
333.7151,0.7692308
333.7351,0.7692308
333.7551,0.7692308
333.7751,0.7788461
333.7951,0.7788461
333.8151,0.7788461
333.8351,0.7788461
333.8551,0.7788461
333.8751,0.7788461
333.8951,0.7788461
333.915,0.7788461
333.935,0.7788461
333.955,0.7788461
333.975,0.7788461
333.995,0.7788461
334.015,0.7788461
334.035,0.7788461
334.055,0.7788461
334.075,0.7788461
334.0949,0.7788461
334.1149,0.7788461
334.1349,0.7788461
334.1549,0.7788461
334.1749,0.7788461
334.1949,0.7788461
334.2149,0.7788461
334.2349,0.7788461
334.2549,0.7788461
334.2748,0.7788461
334.2948,0.7788461
334.3148,0.7788461
334.3348,0.7788461
334.3548,0.7788461
334.3748,0.7788461
334.3948,0.7788461
334.4148,0.7788461
334.4348,0.7788461
334.4547,0.7788461
334.4747,0.7788461
334.4947,0.7788461
334.5147,0.7788461
334.5347,0.7788461
334.5547,0.7788461
334.5747,0.7788461
334.5947,0.7788461
334.6147,0.7788461
334.6346,0.7788461
334.6546,0.7788461
334.6746,0.7788461
334.6946,0.7788461
334.7146,0.7788461
334.7346,0.7788461
334.7546,0.7788461
334.7746,0.7788461
334.7946,0.7788461
334.8145,0.7788461
334.8345,0.7788461
334.8545,0.7788461
334.8745,0.7788461
334.8945,0.7788461
334.9145,0.7788461
334.9345,0.7788461
334.9545,0.7788461
334.9745,0.7788461
334.9944,0.7788461
335.0144,0.7788461
335.0344,0.7788461
335.0544,0.7788461
335.0744,0.7788461
335.0944,0.7788461
335.1144,0.7788461
335.1344,0.7788461
335.1544,0.7788461
335.1743,0.7788461
335.1943,0.7788461
335.2143,0.7788461
335.2343,0.7788461
335.2543,0.7788461
335.2743,0.7788461
335.2943,0.7788461
335.3143,0.7788461
335.3343,0.7788461
335.3542,0.7788461
335.3742,0.7788461
335.3942,0.7788461
335.4142,0.7788461
335.4342,0.7788461
335.4542,0.7788461
335.4742,0.7788461
335.4942,0.7788461
335.5142,0.7788461
335.5341,0.7788461
335.5541,0.7788461
335.5741,0.7788461
335.5941,0.7788461
335.6141,0.7788461
335.6341,0.7788461
335.6541,0.7788461
335.6741,0.7788461
335.6941,0.7788461
335.7141,0.7788461
335.734,0.7788461
335.754,0.7788461
335.774,0.7788461
335.794,0.7788461
335.814,0.7788461
335.834,0.7788461
335.854,0.7788461
335.874,0.7788461
335.894,0.7788461
335.9139,0.7788461
335.9339,0.7788461
335.9539,0.7788461
335.9739,0.7788461
335.9939,0.7788461
336.0139,0.7788461
336.0339,0.7788461
336.0539,0.7788461
336.0739,0.7788461
336.0938,0.7788461
336.1138,0.7788461
336.1338,0.7788461
336.1538,0.7788461
336.1738,0.7788461
336.1938,0.7788461
336.2138,0.7788461
336.2338,0.7788461
336.2538,0.7788461
336.2737,0.7788461
336.2937,0.7788461
336.3137,0.7788461
336.3337,0.7788461
336.3537,0.7788461
336.3737,0.7788461
336.3937,0.7788461
336.4137,0.7788461
336.4337,0.7788461
336.4536,0.7788461
336.4736,0.7788461
336.4936,0.7788461
336.5136,0.7788461
336.5336,0.7788461
336.5536,0.7788461
336.5736,0.7788461
336.5936,0.7788461
336.6136,0.7788461
336.6335,0.7788461
336.6535,0.7788461
336.6735,0.7788461
336.6935,0.7788461
336.7135,0.7788461
336.7335,0.7788461
336.7535,0.7788461
336.7735,0.7788461
336.7935,0.7788461
336.8134,0.7788461
336.8334,0.7788461
336.8534,0.7788461
336.8734,0.7788461
336.8934,0.7788461
336.9134,0.7788461
336.9334,0.7788461
336.9534,0.7788461
336.9734,0.7788461
336.9933,0.7788461
337.0133,0.7788461
337.0333,0.7788461
337.0533,0.7788461
337.0733,0.7788461
337.0933,0.7788461
337.1133,0.7788461
337.1333,0.7788461
337.1533,0.7788461
337.1732,0.7788461
337.1932,0.7788461
337.2132,0.7788461
337.2332,0.7788461
337.2532,0.7788461
337.2732,0.7788461
337.2932,0.7788461
337.3132,0.7788461
337.3332,0.7788461
337.3531,0.7788461
337.3731,0.7788461
337.3931,0.7788461
337.4131,0.7788461
337.4331,0.7788461
337.4531,0.7788461
337.4731,0.7788461
337.4931,0.7788461
337.5131,0.7788461
337.5331,0.7788461
337.553,0.7788461
337.573,0.7788461
337.593,0.7788461
337.613,0.7788461
337.633,0.7788461
337.653,0.7788461
337.673,0.7788461
337.693,0.7788461
337.713,0.7788461
337.7329,0.7788461
337.7529,0.7788461
337.7729,0.7788461
337.7929,0.7788461
337.8129,0.7788461
337.8329,0.7788461
337.8529,0.7788461
337.8729,0.7788461
337.8929,0.7788461
337.9128,0.7788461
337.9328,0.7788461
337.9528,0.7788461
337.9728,0.7788461
337.9928,0.7788461
338.0128,0.7788461
338.0328,0.7788461
338.0528,0.7788461
338.0728,0.7788461
338.0927,0.7788461
338.1127,0.7788461
338.1327,0.7788461
338.1527,0.7788461
338.1727,0.7788461
338.1927,0.7788461
338.2127,0.7788461
338.2327,0.7788461
338.2527,0.7788461
338.2726,0.7788461
338.2926,0.7788461
338.3126,0.7788461
338.3326,0.7788461
338.3526,0.7788461
338.3726,0.7788461
338.3926,0.7788461
338.4126,0.7788461
338.4326,0.7788461
338.4525,0.7788461
338.4725,0.7788461
338.4925,0.7788461
338.5125,0.7788461
338.5325,0.7788461
338.5525,0.7788461
338.5725,0.7788461
338.5925,0.7788461
338.6125,0.7788461
338.6324,0.7788461
338.6524,0.7788461
338.6724,0.7788461
338.6924,0.7788461
338.7124,0.7788461
338.7324,0.7788461
338.7524,0.7788461
338.7724,0.7788461
338.7924,0.7788461
338.8123,0.7788461
338.8323,0.7788461
338.8523,0.7788461
338.8723,0.7788461
338.8923,0.7788461
338.9123,0.7788461
338.9323,0.7788461
338.9523,0.7788461
338.9723,0.7788461
338.9922,0.7788461
339.0122,0.7788461
339.0322,0.7788461
339.0522,0.7788461
339.0722,0.7788461
339.0922,0.7788461
339.1122,0.7788461
339.1322,0.7788461
339.1522,0.7788461
339.1721,0.7788461
339.1921,0.7788461
339.2121,0.7788461
339.2321,0.7788461
339.2521,0.7788461
339.2721,0.7788461
339.2921,0.7788461
339.3121,0.7788461
339.3321,0.7788461
339.3521,0.7788461
339.372,0.7788461
339.392,0.7788461
339.412,0.7788461
339.432,0.7788461
339.452,0.7788461
339.472,0.7788461
339.492,0.7788461
339.512,0.7788461
339.532,0.7788461
339.5519,0.7788461
339.5719,0.7788461
339.5919,0.7788461
339.6119,0.7788461
339.6319,0.7788461
339.6519,0.7788461
339.6719,0.7788461
339.6919,0.7788461
339.7119,0.7788461
339.7318,0.7788461
339.7518,0.7788461
339.7718,0.7788461
339.7918,0.7788461
339.8118,0.7788461
339.8318,0.7788461
339.8518,0.7788461
339.8718,0.7788461
339.8918,0.7788461
339.9117,0.7788461
339.9317,0.7788461
339.9517,0.7788461
339.9717,0.7788461
339.9917,0.7788461
340.0117,0.7788461
340.0317,0.7788461
340.0517,0.7788461
340.0717,0.7788461
340.0916,0.7788461
340.1116,0.7788461
340.1316,0.7788461
340.1516,0.7788461
340.1716,0.7788461
340.1916,0.7788461
340.2116,0.7788461
340.2316,0.7788461
340.2516,0.7788461
340.2715,0.7788461
340.2915,0.7788461
340.3115,0.7788461
340.3315,0.7788461
340.3515,0.7788461
340.3715,0.7788461
340.3915,0.7788461
340.4115,0.7788461
340.4315,0.7788461
340.4514,0.7788461
340.4714,0.7788461
340.4914,0.7788461
340.5114,0.7788461
340.5314,0.7788461
340.5514,0.7788461
340.5714,0.7788461
340.5914,0.7788461
340.6114,0.7788461
340.6313,0.7788461
340.6513,0.7788461
340.6713,0.7788461
340.6913,0.7788461
340.7113,0.7788461
340.7313,0.7788461
340.7513,0.7788461
340.7713,0.7788461
340.7913,0.7788461
340.8112,0.7788461
340.8312,0.7788461
340.8512,0.7788461
340.8712,0.7788461
340.8912,0.7788461
340.9112,0.7788461
340.9312,0.7788461
340.9512,0.7788461
340.9712,0.7788461
340.9911,0.7788461
341.0111,0.7788461
341.0311,0.7788461
341.0511,0.7788461
341.0711,0.7788461
341.0911,0.7788461
341.1111,0.7788461
341.1311,0.7788461
341.1511,0.7788461
341.1711,0.7788461
341.191,0.7788461
341.211,0.7788461
341.231,0.7788461
341.251,0.7788461
341.271,0.7788461
341.291,0.7788461
341.311,0.7788461
341.331,0.7788461
341.351,0.7788461
341.3709,0.7788461
341.3909,0.7788461
341.4109,0.7788461
341.4309,0.7788461
341.4509,0.7788461
341.4709,0.7788461
341.4909,0.7788461
341.5109,0.7788461
341.5309,0.7788461
341.5508,0.7788461
341.5708,0.7788461
341.5908,0.7788461
341.6108,0.7788461
341.6308,0.7788461
341.6508,0.7788461
341.6708,0.7788461
341.6908,0.7788461
341.7108,0.7788461
341.7307,0.7788461
341.7507,0.7788461
341.7707,0.7788461
341.7907,0.7788461
341.8107,0.7788461
341.8307,0.7788461
341.8507,0.7788461
341.8707,0.7788461
341.8907,0.7788461
341.9106,0.7788461
341.9306,0.7788461
341.9506,0.7788461
341.9706,0.7788461
341.9906,0.7788461
342.0106,0.7788461
342.0306,0.7788461
342.0506,0.7788461
342.0706,0.7788461
342.0905,0.7788461
342.1105,0.7788461
342.1305,0.7788461
342.1505,0.7788461
342.1705,0.7788461
342.1905,0.7788461
342.2105,0.7788461
342.2305,0.7788461
342.2505,0.7788461
342.2704,0.7788461
342.2904,0.7788461
342.3104,0.7788461
342.3304,0.7788461
342.3504,0.7788461
342.3704,0.7788461
342.3904,0.7788461
342.4104,0.7788461
342.4304,0.7788461
342.4503,0.7788461
342.4703,0.7788461
342.4903,0.7788461
342.5103,0.7788461
342.5303,0.7788461
342.5503,0.7788461
342.5703,0.7788461
342.5903,0.7788461
342.6103,0.7788461
342.6302,0.7788461
342.6502,0.7788461
342.6702,0.7788461
342.6902,0.7788461
342.7102,0.7788461
342.7302,0.7788461
342.7502,0.7788461
342.7702,0.7788461
342.7902,0.7788461
342.8102,0.7788461
342.8301,0.7788461
342.8501,0.7788461
342.8701,0.7788461
342.8901,0.7788461
342.9101,0.7788461
342.9301,0.7788461
342.9501,0.7788461
342.9701,0.7788461
342.9901,0.7788461
343.01,0.7788461
343.03,0.7788461
343.05,0.7788461
343.07,0.7788461
343.09,0.7788461
343.11,0.7788461
343.13,0.7788461
343.15,0.7788461
343.17,0.7788461
343.1899,0.7788461
343.2099,0.7788461
343.2299,0.7788461
343.2499,0.7884616
343.2699,0.7884616
343.2899,0.7884616
343.3099,0.7884616
343.3299,0.7884616
343.3499,0.7884616
343.3698,0.7884616
343.3898,0.7884616
343.4098,0.7884616
343.4298,0.7884616
343.4498,0.7884616
343.4698,0.7884616
343.4898,0.7884616
343.5098,0.7884616
343.5298,0.7884616
343.5497,0.7884616
343.5697,0.7884616
343.5897,0.7884616
343.6097,0.7884616
343.6297,0.7884616
343.6497,0.7884616
343.6697,0.7884616
343.6897,0.7884616
343.7097,0.7884616
343.7296,0.7884616
343.7496,0.7884616
343.7696,0.7884616
343.7896,0.7884616
343.8096,0.7884616
343.8296,0.7884616
343.8496,0.7884616
343.8696,0.7884616
343.8896,0.7884616
343.9095,0.7884616
343.9295,0.7884616
343.9495,0.7884616
343.9695,0.7884616
343.9895,0.7884616
344.0095,0.7884616
344.0295,0.7884616
344.0495,0.7884616
344.0695,0.7884616
344.0894,0.7884616
344.1094,0.7884616
344.1294,0.7884616
344.1494,0.7884616
344.1694,0.7884616
344.1894,0.7884616
344.2094,0.7884616
344.2294,0.7884616
344.2494,0.7884616
344.2693,0.7884616
344.2893,0.7884616
344.3093,0.7884616
344.3293,0.7884616
344.3493,0.7884616
344.3693,0.7884616
344.3893,0.7884616
344.4093,0.7884616
344.4293,0.7884616
344.4492,0.7884616
344.4692,0.7884616
344.4892,0.7884616
344.5092,0.7884616
344.5292,0.7884616
344.5492,0.7884616
344.5692,0.7884616
344.5892,0.7884616
344.6092,0.7884616
344.6292,0.7884616
344.6491,0.7884616
344.6691,0.7884616
344.6891,0.7884616
344.7091,0.7884616
344.7291,0.7884616
344.7491,0.7884616
344.7691,0.7884616
344.7891,0.7884616
344.8091,0.7884616
344.829,0.7884616
344.849,0.7884616
344.869,0.7884616
344.889,0.7884616
344.909,0.7884616
344.929,0.7884616
344.949,0.7884616
344.969,0.7884616
344.989,0.7884616
345.0089,0.7884616
345.0289,0.7884616
345.0489,0.7884616
345.0689,0.7884616
345.0889,0.7884616
345.1089,0.7884616
345.1289,0.7884616
345.1489,0.7884616
345.1689,0.7884616
345.1888,0.7884616
345.2088,0.7884616
345.2288,0.7884616
345.2488,0.7884616
345.2688,0.7884616
345.2888,0.7884616
345.3088,0.7884616
345.3288,0.7884616
345.3488,0.7884616
345.3687,0.7884616
345.3887,0.7884616
345.4087,0.7884616
345.4287,0.7884616
345.4487,0.7884616
345.4687,0.7884616
345.4887,0.7884616
345.5087,0.7884616
345.5287,0.7884616
345.5486,0.7884616
345.5686,0.7884616
345.5886,0.7884616
345.6086,0.7884616
345.6286,0.7884616
345.6486,0.7884616
345.6686,0.7884616
345.6886,0.7884616
345.7086,0.7884616
345.7285,0.7884616
345.7485,0.7884616
345.7685,0.7884616
345.7885,0.7884616
345.8085,0.7884616
345.8285,0.7884616
345.8485,0.7884616
345.8685,0.7884616
345.8885,0.7884616
345.9084,0.7884616
345.9284,0.7884616
345.9484,0.7884616
345.9684,0.7884616
345.9884,0.7884616
346.0084,0.7884616
346.0284,0.7884616
346.0484,0.7884616
346.0684,0.7884616
346.0883,0.7884616
346.1083,0.7884616
346.1283,0.7884616
346.1483,0.7884616
346.1683,0.7884616
346.1883,0.7884616
346.2083,0.7884616
346.2283,0.7884616
346.2483,0.7884616
346.2682,0.7884616
346.2882,0.7884616
346.3082,0.7884616
346.3282,0.7884616
346.3482,0.7884616
346.3682,0.7884616
346.3882,0.7884616
346.4082,0.7884616
346.4282,0.7884616
346.4482,0.7884616
346.4681,0.7884616
346.4881,0.7884616
346.5081,0.7884616
346.5281,0.7884616
346.5481,0.7884616
346.5681,0.7884616
346.5881,0.7884616
346.6081,0.7884616
346.6281,0.7884616
346.648,0.7884616
346.668,0.7884616
346.688,0.7884616
346.708,0.7884616
346.728,0.7884616
346.748,0.7884616
346.768,0.7884616
346.788,0.7884616
346.808,0.7884616
346.8279,0.7884616
346.8479,0.7884616
346.8679,0.7884616
346.8879,0.7884616
346.9079,0.7884616
346.9279,0.7884616
346.9479,0.7884616
346.9679,0.7884616
346.9879,0.7884616
347.0078,0.7884616
347.0278,0.7884616
347.0478,0.7884616
347.0678,0.7884616
347.0878,0.7884616
347.1078,0.7884616
347.1278,0.7884616
347.1478,0.7884616
347.1678,0.7884616
347.1877,0.7884616
347.2077,0.7884616
347.2277,0.7884616
347.2477,0.7884616
347.2677,0.7884616
347.2877,0.7884616
347.3077,0.7884616
347.3277,0.7884616
347.3477,0.7884616
347.3676,0.7884616
347.3876,0.7884616
347.4076,0.7884616
347.4276,0.7884616
347.4476,0.7884616
347.4676,0.7884616
347.4876,0.7884616
347.5076,0.7884616
347.5276,0.7884616
347.5475,0.7884616
347.5675,0.7884616
347.5875,0.7884616
347.6075,0.7884616
347.6275,0.7884616
347.6475,0.7884616
347.6675,0.7884616
347.6875,0.7884616
347.7075,0.7884616
347.7274,0.7884616
347.7474,0.7884616
347.7674,0.7884616
347.7874,0.7884616
347.8074,0.7884616
347.8274,0.7884616
347.8474,0.7884616
347.8674,0.7884616
347.8874,0.7884616
347.9073,0.7884616
347.9273,0.7884616
347.9473,0.7884616
347.9673,0.7884616
347.9873,0.7884616
348.0073,0.7884616
348.0273,0.7884616
348.0473,0.7884616
348.0673,0.7884616
348.0872,0.7884616
348.1072,0.7884616
348.1272,0.7884616
348.1472,0.7884616
348.1672,0.7884616
348.1872,0.7884616
348.2072,0.7884616
348.2272,0.7884616
348.2472,0.7884616
348.2672,0.7884616
348.2871,0.7884616
348.3071,0.7884616
348.3271,0.7884616
348.3471,0.7884616
348.3671,0.7884616
348.3871,0.7884616
348.4071,0.7884616
348.4271,0.7884616
348.4471,0.7884616
348.467,0.7884616
348.487,0.7884616
348.507,0.7884616
348.527,0.7884616
348.547,0.7884616
348.567,0.7884616
348.587,0.7884616
348.607,0.7884616
348.627,0.7884616
348.6469,0.7884616
348.6669,0.7884616
348.6869,0.7884616
348.7069,0.7884616
348.7269,0.7884616
348.7469,0.7884616
348.7669,0.7884616
348.7869,0.7884616
348.8069,0.7884616
348.8268,0.7884616
348.8468,0.7884616
348.8668,0.7884616
348.8868,0.7884616
348.9068,0.7884616
348.9268,0.7884616
348.9468,0.7884616
348.9668,0.7884616
348.9868,0.7884616
349.0067,0.7884616
349.0267,0.7884616
349.0467,0.7884616
349.0667,0.7884616
349.0867,0.7884616
349.1067,0.7884616
349.1267,0.7884616
349.1467,0.7884616
349.1667,0.7884616
349.1866,0.7884616
349.2066,0.7884616
349.2266,0.7884616
349.2466,0.7884616
349.2666,0.7884616
349.2866,0.7884616
349.3066,0.7884616
349.3266,0.7884616
349.3466,0.7884616
349.3665,0.7884616
349.3865,0.7884616
349.4065,0.7884616
349.4265,0.7884616
349.4465,0.7884616
349.4665,0.7884616
349.4865,0.7884616
349.5065,0.7884616
349.5265,0.7884616
349.5464,0.7884616
349.5664,0.7884616
349.5864,0.7884616
349.6064,0.7884616
349.6264,0.7884616
349.6464,0.7884616
349.6664,0.7884616
349.6864,0.7884616
349.7064,0.7884616
349.7263,0.7884616
349.7463,0.7884616
349.7663,0.7884616
349.7863,0.7884616
349.8063,0.7884616
349.8263,0.7884616
349.8463,0.7884616
349.8663,0.7884616
349.8863,0.7884616
349.9063,0.7884616
349.9262,0.7884616
349.9462,0.7884616
349.9662,0.7884616
349.9862,0.7884616
350.0062,0.7884616
350.0262,0.7884616
350.0462,0.7884616
350.0662,0.7884616
350.0862,0.7884616
350.1061,0.7884616
350.1261,0.7884616
350.1461,0.7884616
350.1661,0.7884616
350.1861,0.7884616
350.2061,0.7884616
350.2261,0.7884616
350.2461,0.7884616
350.2661,0.7884616
350.286,0.7884616
350.306,0.7884616
350.326,0.7884616
350.346,0.7884616
350.366,0.7884616
350.386,0.7884616
350.406,0.7884616
350.426,0.7884616
350.446,0.7884616
350.4659,0.7884616
350.4859,0.7884616
350.5059,0.7884616
350.5259,0.7884616
350.5459,0.7884616
350.5659,0.7884616
350.5859,0.7884616
350.6059,0.7884616
350.6259,0.7884616
350.6458,0.7884616
350.6658,0.7884616
350.6858,0.7884616
350.7058,0.7884616
350.7258,0.7884616
350.7458,0.7884616
350.7658,0.7884616
350.7858,0.7884616
350.8058,0.7884616
350.8257,0.7884616
350.8457,0.7884616
350.8657,0.7884616
350.8857,0.7884616
350.9057,0.7884616
350.9257,0.7884616
350.9457,0.7884616
350.9657,0.7884616
350.9857,0.7884616
351.0056,0.7884616
351.0256,0.7884616
351.0456,0.7884616
351.0656,0.7884616
351.0856,0.7884616
351.1056,0.7884616
351.1256,0.7884616
351.1456,0.7884616
351.1656,0.7884616
351.1855,0.7884616
351.2055,0.7884616
351.2255,0.7884616
351.2455,0.7884616
351.2655,0.7884616
351.2855,0.7884616
351.3055,0.7884616
351.3255,0.7884616
351.3455,0.7884616
351.3654,0.7884616
351.3854,0.7884616
351.4054,0.7884616
351.4254,0.7884616
351.4454,0.7884616
351.4654,0.7884616
351.4854,0.7884616
351.5054,0.7884616
351.5254,0.7884616
351.5453,0.7884616
351.5653,0.7884616
351.5853,0.7884616
351.6053,0.7884616
351.6253,0.7884616
351.6453,0.7884616
351.6653,0.7884616
351.6853,0.7884616
351.7053,0.7884616
351.7253,0.7884616
351.7452,0.7884616
351.7652,0.7884616
351.7852,0.7884616
351.8052,0.7884616
351.8252,0.7884616
351.8452,0.7884616
351.8652,0.7884616
351.8852,0.7884616
351.9052,0.7884616
351.9251,0.7884616
351.9451,0.7884616
351.9651,0.7884616
351.9851,0.7884616
352.0051,0.7884616
352.0251,0.7884616
352.0451,0.7884616
352.0651,0.7884616
352.0851,0.7884616
352.105,0.7884616
352.125,0.7884616
352.145,0.7884616
352.165,0.7884616
352.185,0.7884616
352.205,0.7884616
352.225,0.7884616
352.245,0.7884616
352.265,0.7884616
352.2849,0.7884616
352.3049,0.7884616
352.3249,0.7884616
352.3449,0.7884616
352.3649,0.7884616
352.3849,0.7884616
352.4049,0.7884616
352.4249,0.7884616
352.4449,0.7884616
352.4648,0.7884616
352.4848,0.7884616
352.5048,0.7884616
352.5248,0.7884616
352.5448,0.7884616
352.5648,0.7884616
352.5848,0.7884616
352.6048,0.7884616
352.6248,0.7884616
352.6447,0.7884616
352.6647,0.7884616
352.6847,0.7884616
352.7047,0.7884616
352.7247,0.7884616
352.7447,0.7884616
352.7647,0.7884616
352.7847,0.7884616
352.8047,0.7884616
352.8246,0.7884616
352.8446,0.7884616
352.8646,0.7884616
352.8846,0.7884616
352.9046,0.7884616
352.9246,0.7884616
352.9446,0.7884616
352.9646,0.7884616
352.9846,0.7884616
353.0045,0.7884616
353.0245,0.7884616
353.0445,0.7884616
353.0645,0.7884616
353.0845,0.7884616
353.1045,0.7884616
353.1245,0.7884616
353.1445,0.7884616
353.1645,0.7884616
353.1844,0.7884616
353.2044,0.7884616
353.2244,0.7884616
353.2444,0.7884616
353.2644,0.7884616
353.2844,0.7884616
353.3044,0.7884616
353.3244,0.7884616
353.3444,0.7884616
353.3643,0.7884616
353.3843,0.7884616
353.4043,0.7884616
353.4243,0.7884616
353.4443,0.7884616
353.4643,0.7884616
353.4843,0.7884616
353.5043,0.7884616
353.5243,0.7884616
353.5443,0.7884616
353.5642,0.7884616
353.5842,0.7884616
353.6042,0.7884616
353.6242,0.7884616
353.6442,0.7884616
353.6642,0.7884616
353.6842,0.7884616
353.7042,0.7884616
353.7242,0.7884616
353.7441,0.7884616
353.7641,0.7884616
353.7841,0.7884616
353.8041,0.7884616
353.8241,0.7884616
353.8441,0.7884616
353.8641,0.7884616
353.8841,0.7884616
353.9041,0.7884616
353.924,0.7884616
353.944,0.7884616
353.964,0.7884616
353.984,0.7884616
354.004,0.7884616
354.024,0.7884616
354.044,0.7884616
354.064,0.7884616
354.084,0.7884616
354.1039,0.7884616
354.1239,0.7884616
354.1439,0.7884616
354.1639,0.7884616
354.1839,0.7884616
354.2039,0.7884616
354.2239,0.7884616
354.2439,0.7884616
354.2639,0.7884616
354.2838,0.7884616
354.3038,0.7884616
354.3238,0.7884616
354.3438,0.7884616
354.3638,0.7884616
354.3838,0.7884616
354.4038,0.7884616
354.4238,0.7884616
354.4438,0.7884616
354.4637,0.7884616
354.4837,0.7884616
354.5037,0.7884616
354.5237,0.7884616
354.5437,0.7884616
354.5637,0.7884616
354.5837,0.7884616
354.6037,0.7884616
354.6237,0.7884616
354.6436,0.7884616
354.6636,0.7884616
354.6836,0.7884616
354.7036,0.7884616
354.7236,0.7884616
354.7436,0.7884616
354.7636,0.7884616
354.7836,0.7884616
354.8036,0.7884616
354.8235,0.7884616
354.8435,0.7884616
354.8635,0.7884616
354.8835,0.7884616
354.9035,0.7884616
354.9235,0.7884616
354.9435,0.7884616
354.9635,0.7884616
354.9835,0.7884616
355.0034,0.7884616
355.0234,0.7884616
355.0434,0.7884616
355.0634,0.7884616
355.0834,0.7884616
355.1034,0.7884616
355.1234,0.7884616
355.1434,0.7884616
355.1634,0.7884616
355.1833,0.7884616
355.2033,0.7884616
355.2233,0.7884616
355.2433,0.7884616
355.2633,0.7884616
355.2833,0.7884616
355.3033,0.7884616
355.3233,0.7884616
355.3433,0.7884616
355.3633,0.7884616
355.3832,0.7884616
355.4032,0.7884616
355.4232,0.7884616
355.4432,0.7884616
355.4632,0.7884616
355.4832,0.7884616
355.5032,0.7884616
355.5232,0.7884616
355.5432,0.7884616
355.5631,0.7884616
355.5831,0.7884616
355.6031,0.7884616
355.6231,0.7884616
355.6431,0.7884616
355.6631,0.7884616
355.6831,0.7884616
355.7031,0.7884616
355.7231,0.7884616
355.743,0.7884616
355.763,0.7884616
355.783,0.7884616
355.803,0.7884616
355.823,0.7884616
355.843,0.7884616
355.863,0.7884616
355.883,0.7884616
355.903,0.7884616
355.9229,0.7884616
355.9429,0.7884616
355.9629,0.7884616
355.9829,0.7884616
356.0029,0.7884616
356.0229,0.7884616
356.0429,0.7884616
356.0629,0.7884616
356.0829,0.7884616
356.1028,0.7884616
356.1228,0.7884616
356.1428,0.7884616
356.1628,0.7884616
356.1828,0.7884616
356.2028,0.7884616
356.2228,0.7884616
356.2428,0.7884616
356.2628,0.7884616
356.2827,0.7884616
356.3027,0.7884616
356.3227,0.7884616
356.3427,0.7884616
356.3627,0.7884616
356.3827,0.7884616
356.4027,0.7884616
356.4227,0.7884616
356.4427,0.7884616
356.4626,0.7884616
356.4826,0.7884616
356.5026,0.7884616
356.5226,0.7884616
356.5426,0.7884616
356.5626,0.7884616
356.5826,0.7884616
356.6026,0.7884616
356.6226,0.7884616
356.6425,0.7884616
356.6625,0.7884616
356.6825,0.7884616
356.7025,0.7884616
356.7225,0.7884616
356.7425,0.7884616
356.7625,0.7884616
356.7825,0.7884616
356.8025,0.7884616
356.8224,0.7884616
356.8424,0.7884616
356.8624,0.7884616
356.8824,0.7884616
356.9024,0.7884616
356.9224,0.7884616
356.9424,0.7884616
356.9624,0.7884616
356.9824,0.7884616
357.0023,0.7884616
357.0223,0.7884616
357.0423,0.7884616
357.0623,0.7884616
357.0823,0.7884616
357.1023,0.7884616
357.1223,0.7884616
357.1423,0.7884616
357.1623,0.7884616
357.1823,0.7884616
357.2022,0.7884616
357.2222,0.7884616
357.2422,0.7884616
357.2622,0.7884616
357.2822,0.7884616
357.3022,0.7884616
357.3222,0.7884616
357.3422,0.7884616
357.3622,0.7884616
357.3821,0.7884616
357.4021,0.7884616
357.4221,0.7884616
357.4421,0.7884616
357.4621,0.7884616
357.4821,0.7884616
357.5021,0.7884616
357.5221,0.7884616
357.5421,0.7884616
357.562,0.7884616
357.582,0.7884616
357.602,0.7884616
357.622,0.7884616
357.642,0.7884616
357.662,0.7884616
357.682,0.7884616
357.702,0.7884616
357.722,0.7884616
357.7419,0.7884616
357.7619,0.7884616
357.7819,0.7884616
357.8019,0.7884616
357.8219,0.7884616
357.8419,0.7884616
357.8619,0.7884616
357.8819,0.7884616
357.9019,0.7884616
357.9218,0.7884616
357.9418,0.7884616
357.9618,0.7884616
357.9818,0.7884616
358.0018,0.7884616
358.0218,0.7884616
358.0418,0.7884616
358.0618,0.7884616
358.0818,0.7884616
358.1017,0.7884616
358.1217,0.7884616
358.1417,0.7884616
358.1617,0.7884616
358.1817,0.7884616
358.2017,0.7884616
358.2217,0.7884616
358.2417,0.7884616
358.2617,0.7884616
358.2816,0.7884616
358.3016,0.7884616
358.3216,0.7884616
358.3416,0.7884616
358.3616,0.7884616
358.3816,0.7884616
358.4016,0.7884616
358.4216,0.7884616
358.4416,0.7884616
358.4615,0.7884616
358.4815,0.7884616
358.5015,0.7884616
358.5215,0.7884616
358.5415,0.7884616
358.5615,0.7884616
358.5815,0.7884616
358.6015,0.7884616
358.6215,0.7884616
358.6414,0.7884616
358.6614,0.7884616
358.6814,0.7884616
358.7014,0.7884616
358.7214,0.7884616
358.7414,0.7884616
358.7614,0.7884616
358.7814,0.7884616
358.8014,0.7884616
358.8214,0.7884616
358.8413,0.7884616
358.8613,0.7884616
358.8813,0.7884616
358.9013,0.7884616
358.9213,0.7884616
358.9413,0.7884616
358.9613,0.7884616
358.9813,0.7884616
359.0013,0.7884616
359.0212,0.7884616
359.0412,0.7884616
359.0612,0.7884616
359.0812,0.7884616
359.1012,0.7884616
359.1212,0.7884616
359.1412,0.7884616
359.1612,0.7884616
359.1812,0.7884616
359.2011,0.7884616
359.2211,0.7884616
359.2411,0.7884616
359.2611,0.7884616
359.2811,0.7884616
359.3011,0.7884616
359.3211,0.7884616
359.3411,0.7884616
359.3611,0.7884616
359.381,0.7884616
359.401,0.7884616
359.421,0.7884616
359.441,0.7884616
359.461,0.7884616
359.481,0.7884616
359.501,0.7884616
359.521,0.7884616
359.541,0.7884616
359.5609,0.7884616
359.5809,0.7884616
359.6009,0.7884616
359.6209,0.7884616
359.6409,0.7884616
359.6609,0.7884616
359.6809,0.7884616
359.7009,0.7884616
359.7209,0.7884616
359.7408,0.7884616
359.7608,0.7884616
359.7808,0.7884616
359.8008,0.7884616
359.8208,0.7884616
359.8408,0.7884616
359.8608,0.7884616
359.8808,0.7884616
359.9008,0.7884616
359.9207,0.7884616
359.9407,0.7884616
359.9607,0.7884616
359.9807,0.7884616
360.0007,0.7884616
360.0207,0.7884616
360.0407,0.7884616
360.0607,0.7884616
360.0807,0.7884616
360.1006,0.7884616
360.1206,0.7884616
360.1406,0.7884616
360.1606,0.7884616
360.1806,0.7884616
360.2006,0.7884616
360.2206,0.7884616
360.2406,0.7884616
360.2606,0.7884616
360.2805,0.7884616
360.3005,0.7884616
360.3205,0.7884616
360.3405,0.7884616
360.3605,0.7884616
360.3805,0.7884616
360.4005,0.7884616
360.4205,0.7884616
360.4405,0.7884616
360.4604,0.7884616
360.4804,0.7884616
360.5004,0.7884616
360.5204,0.7884616
360.5404,0.7884616
360.5604,0.7884616
360.5804,0.7884616
360.6004,0.7884616
360.6204,0.7884616
360.6404,0.7884616
360.6603,0.7884616
360.6803,0.7884616
360.7003,0.7884616
360.7203,0.7884616
360.7403,0.7884616
360.7603,0.7884616
360.7803,0.7884616
360.8003,0.7884616
360.8203,0.7884616
360.8402,0.7884616
360.8602,0.7884616
360.8802,0.7884616
360.9002,0.7884616
360.9202,0.7884616
360.9402,0.7884616
360.9602,0.7884616
360.9802,0.7884616
361.0002,0.7884616
361.0201,0.7884616
361.0401,0.7884616
361.0601,0.7884616
361.0801,0.7884616
361.1001,0.7884616
361.1201,0.7884616
361.1401,0.7884616
361.1601,0.7884616
361.1801,0.7884616
361.2,0.7884616
361.22,0.7884616
361.24,0.7884616
361.26,0.7884616
361.28,0.7884616
361.3,0.7884616
361.32,0.7884616
361.34,0.7884616
361.36,0.7884616
361.3799,0.7884616
361.3999,0.7884616
361.4199,0.7884616
361.4399,0.7884616
361.4599,0.7884616
361.4799,0.7884616
361.4999,0.7884616
361.5199,0.7884616
361.5399,0.7884616
361.5598,0.7884616
361.5798,0.7884616
361.5998,0.7884616
361.6198,0.7884616
361.6398,0.7884616
361.6598,0.7884616
361.6798,0.7884616
361.6998,0.7884616
361.7198,0.7884616
361.7397,0.7884616
361.7597,0.7884616
361.7797,0.7884616
361.7997,0.7884616
361.8197,0.7884616
361.8397,0.7884616
361.8597,0.7884616
361.8797,0.7884616
361.8997,0.7884616
361.9196,0.7884616
361.9396,0.7884616
361.9596,0.7884616
361.9796,0.7884616
361.9996,0.7884616
362.0196,0.7884616
362.0396,0.7884616
362.0596,0.7884616
362.0796,0.7884616
362.0995,0.7884616
362.1195,0.7884616
362.1395,0.7884616
362.1595,0.7884616
362.1795,0.7884616
362.1995,0.7884616
362.2195,0.7884616
362.2395,0.7884616
362.2595,0.7884616
362.2794,0.7884616
362.2994,0.7884616
362.3194,0.7884616
362.3394,0.7884616
362.3594,0.7884616
362.3794,0.7884616
362.3994,0.7884616
362.4194,0.7884616
362.4394,0.7884616
362.4594,0.7884616
362.4793,0.7884616
362.4993,0.7884616
362.5193,0.7884616
362.5393,0.7884616
362.5593,0.7884616
362.5793,0.7884616
362.5993,0.7884616
362.6193,0.7884616
362.6393,0.7884616
362.6592,0.7884616
362.6792,0.7884616
362.6992,0.7884616
362.7192,0.7884616
362.7392,0.7884616
362.7592,0.7884616
362.7792,0.7884616
362.7992,0.7884616
362.8192,0.7884616
362.8391,0.7884616
362.8591,0.7884616
362.8791,0.7884616
362.8991,0.7884616
362.9191,0.7884616
362.9391,0.7884616
362.9591,0.7884616
362.9791,0.7884616
362.9991,0.7884616
363.019,0.7884616
363.039,0.7884616
363.059,0.7884616
363.079,0.7884616
363.099,0.7884616
363.119,0.7884616
363.139,0.7884616
363.159,0.7884616
363.179,0.7884616
363.1989,0.7884616
363.2189,0.7884616
363.2389,0.7884616
363.2589,0.7884616
363.2789,0.7884616
363.2989,0.7884616
363.3189,0.7884616
363.3389,0.7884616
363.3589,0.7884616
363.3788,0.7884616
363.3988,0.7884616
363.4188,0.7884616
363.4388,0.7884616
363.4588,0.7884616
363.4788,0.7884616
363.4988,0.7884616
363.5188,0.7884616
363.5388,0.7884616
363.5587,0.7884616
363.5787,0.7884616
363.5987,0.7884616
363.6187,0.7884616
363.6387,0.7884616
363.6587,0.7884616
363.6787,0.7884616
363.6987,0.7884616
363.7187,0.7884616
363.7386,0.7884616
363.7586,0.7884616
363.7786,0.7884616
363.7986,0.7884616
363.8186,0.7884616
363.8386,0.7884616
363.8586,0.7884616
363.8786,0.7884616
363.8986,0.7884616
363.9185,0.7884616
363.9385,0.7884616
363.9585,0.7884616
363.9785,0.7884616
363.9985,0.7884616
364.0185,0.7884616
364.0385,0.7884616
364.0585,0.7884616
364.0785,0.7884616
364.0984,0.7884616
364.1184,0.7884616
364.1384,0.7884616
364.1584,0.7884616
364.1784,0.7884616
364.1984,0.7884616
364.2184,0.7884616
364.2384,0.7884616
364.2584,0.7884616
364.2784,0.7884616
364.2983,0.7884616
364.3183,0.7884616
364.3383,0.7884616
364.3583,0.7884616
364.3783,0.7884616
364.3983,0.7884616
364.4183,0.7884616
364.4383,0.7884616
364.4583,0.7884616
364.4782,0.7884616
364.4982,0.7884616
364.5182,0.7884616
364.5382,0.7884616
364.5582,0.7884616
364.5782,0.7884616
364.5982,0.7884616
364.6182,0.7884616
364.6382,0.7884616
364.6581,0.7884616
364.6781,0.7884616
364.6981,0.7884616
364.7181,0.7884616
364.7381,0.7884616
364.7581,0.7884616
364.7781,0.7884616
364.7981,0.7884616
364.8181,0.7884616
364.838,0.7884616
364.858,0.7884616
364.878,0.7884616
364.898,0.7884616
364.918,0.7884616
364.938,0.7884616
364.958,0.7884616
364.978,0.7884616
364.998,0.7884616
365.0179,0.7884616
365.0379,0.7884616
365.0579,0.7884616
365.0779,0.7884616
365.0979,0.7884616
365.1179,0.7884616
365.1379,0.7884616
365.1579,0.7884616
365.1779,0.7884616
365.1978,0.7884616
365.2178,0.7884616
365.2378,0.7884616
365.2578,0.7884616
365.2778,0.7884616
365.2978,0.7884616
365.3178,0.7884616
365.3378,0.7884616
365.3578,0.7884616
365.3777,0.7884616
365.3977,0.7884616
365.4177,0.7884616
365.4377,0.7884616
365.4577,0.7884616
365.4777,0.7884616
365.4977,0.7884616
365.5177,0.7884616
365.5377,0.7884616
365.5576,0.7884616
365.5776,0.7884616
365.5976,0.7884616
365.6176,0.7884616
365.6376,0.7884616
365.6576,0.7884616
365.6776,0.7884616
365.6976,0.7884616
365.7176,0.7884616
365.7375,0.7884616
365.7575,0.7884616
365.7775,0.7884616
365.7975,0.7884616
365.8175,0.7884616
365.8375,0.7884616
365.8575,0.7884616
365.8775,0.7884616
365.8975,0.7884616
365.9174,0.7884616
365.9374,0.7884616
365.9574,0.7884616
365.9774,0.7884616
365.9974,0.7884616
366.0174,0.7884616
366.0374,0.7884616
366.0574,0.7884616
366.0774,0.7884616
366.0974,0.7884616
366.1173,0.7884616
366.1373,0.7884616
366.1573,0.7884616
366.1773,0.7884616
366.1973,0.7884616
366.2173,0.7884616
366.2373,0.7884616
366.2573,0.7884616
366.2773,0.7884616
366.2972,0.7884616
366.3172,0.7884616
366.3372,0.7884616
366.3572,0.7884616
366.3772,0.7884616
366.3972,0.7884616
366.4172,0.7884616
366.4372,0.7884616
366.4572,0.7884616
366.4771,0.7884616
366.4971,0.7884616
366.5171,0.7884616
366.5371,0.7884616
366.5571,0.7884616
366.5771,0.7884616
366.5971,0.7884616
366.6171,0.7884616
366.6371,0.7884616
366.657,0.7884616
366.677,0.7884616
366.697,0.7884616
366.717,0.7884616
366.737,0.7884616
366.757,0.7884616
366.777,0.7884616
366.797,0.7884616
366.817,0.7884616
366.8369,0.7884616
366.8569,0.7884616
366.8769,0.7884616
366.8969,0.7884616
366.9169,0.7884616
366.9369,0.7884616
366.9569,0.7884616
366.9769,0.7884616
366.9969,0.7884616
367.0168,0.7884616
367.0368,0.7884616
367.0568,0.7884616
367.0768,0.7884616
367.0968,0.7884616
367.1168,0.7884616
367.1368,0.7884616
367.1568,0.7884616
367.1768,0.7884616
367.1967,0.7884616
367.2167,0.7884616
367.2367,0.7884616
367.2567,0.7884616
367.2767,0.7884616
367.2967,0.7884616
367.3167,0.7884616
367.3367,0.7884616
367.3567,0.7884616
367.3766,0.7884616
367.3966,0.7884616
367.4166,0.7884616
367.4366,0.7884616
367.4566,0.7884616
367.4766,0.7884616
367.4966,0.7884616
367.5166,0.7884616
367.5366,0.7884616
367.5565,0.7884616
367.5765,0.7884616
367.5965,0.7884616
367.6165,0.7884616
367.6365,0.7884616
367.6565,0.7884616
367.6765,0.7884616
367.6965,0.7884616
367.7165,0.7884616
367.7365,0.7884616
367.7564,0.7884616
367.7764,0.7884616
367.7964,0.7884616
367.8164,0.7884616
367.8364,0.7884616
367.8564,0.7884616
367.8764,0.7884616
367.8964,0.7884616
367.9164,0.7884616
367.9363,0.7884616
367.9563,0.7884616
367.9763,0.7884616
367.9963,0.7884616
368.0163,0.7884616
368.0363,0.7884616
368.0563,0.7884616
368.0763,0.7884616
368.0963,0.7884616
368.1162,0.7884616
368.1362,0.7884616
368.1562,0.7884616
368.1762,0.7884616
368.1962,0.7884616
368.2162,0.7884616
368.2362,0.7884616
368.2562,0.7884616
368.2762,0.7884616
368.2961,0.7884616
368.3161,0.7884616
368.3361,0.7884616
368.3561,0.7884616
368.3761,0.7884616
368.3961,0.7884616
368.4161,0.7884616
368.4361,0.7884616
368.4561,0.7884616
368.476,0.7884616
368.496,0.7884616
368.516,0.7884616
368.536,0.7884616
368.556,0.7884616
368.576,0.7884616
368.596,0.7884616
368.616,0.7884616
368.636,0.7884616
368.6559,0.7884616
368.6759,0.7884616
368.6959,0.7884616
368.7159,0.7884616
368.7359,0.7884616
368.7559,0.7884616
368.7759,0.7884616
368.7959,0.7884616
368.8159,0.7884616
368.8358,0.7884616
368.8558,0.7884616
368.8758,0.7884616
368.8958,0.7884616
368.9158,0.7884616
368.9358,0.7884616
368.9558,0.7884616
368.9758,0.7884616
368.9958,0.7884616
369.0157,0.7884616
369.0357,0.7884616
369.0557,0.7884616
369.0757,0.7884616
369.0957,0.7884616
369.1157,0.7884616
369.1357,0.7884616
369.1557,0.7884616
369.1757,0.7884616
369.1956,0.7884616
369.2156,0.7884616
369.2356,0.7884616
369.2556,0.7884616
369.2756,0.7884616
369.2956,0.7884616
369.3156,0.7884616
369.3356,0.7884616
369.3556,0.7884616
369.3755,0.7884616
369.3955,0.7884616
369.4155,0.7884616
369.4355,0.7884616
369.4555,0.7884616
369.4755,0.7884616
369.4955,0.7884616
369.5155,0.7884616
369.5355,0.7884616
369.5555,0.7884616
369.5754,0.7884616
369.5954,0.7884616
369.6154,0.7884616
369.6354,0.7884616
369.6554,0.7884616
369.6754,0.7884616
369.6954,0.7884616
369.7154,0.7884616
369.7354,0.7884616
369.7553,0.7884616
369.7753,0.7884616
369.7953,0.7884616
369.8153,0.7884616
369.8353,0.7884616
369.8553,0.7884616
369.8753,0.7884616
369.8953,0.7884616
369.9153,0.7884616
369.9352,0.7884616
369.9552,0.7884616
369.9752,0.7884616
369.9952,0.7884616
370.0152,0.7884616
370.0352,0.7884616
370.0552,0.7884616
370.0752,0.7884616
370.0952,0.7884616
370.1151,0.7884616
370.1351,0.7884616
370.1551,0.7884616
370.1751,0.7884616
370.1951,0.7884616
370.2151,0.7884616
370.2351,0.7884616
370.2551,0.7884616
370.2751,0.7884616
370.295,0.7884616
370.315,0.7884616
370.335,0.7884616
370.355,0.7884616
370.375,0.7884616
370.395,0.7884616
370.415,0.7884616
370.435,0.7884616
370.455,0.7884616
370.4749,0.7884616
370.4949,0.7884616
370.5149,0.7884616
370.5349,0.7884616
370.5549,0.7884616
370.5749,0.7884616
370.5949,0.7884616
370.6149,0.7884616
370.6349,0.7884616
370.6548,0.7884616
370.6748,0.7884616
370.6948,0.7884616
370.7148,0.7884616
370.7348,0.7884616
370.7548,0.7884616
370.7748,0.7884616
370.7948,0.7884616
370.8148,0.7884616
370.8347,0.7884616
370.8547,0.7884616
370.8747,0.7884616
370.8947,0.7884616
370.9147,0.7884616
370.9347,0.7884616
370.9547,0.7884616
370.9747,0.7884616
370.9947,0.7884616
371.0146,0.7884616
371.0346,0.7884616
371.0546,0.7884616
371.0746,0.7884616
371.0946,0.7884616
371.1146,0.7884616
371.1346,0.7884616
371.1546,0.7884616
371.1746,0.7884616
371.1945,0.7884616
371.2145,0.7884616
371.2345,0.7884616
371.2545,0.7884616
371.2745,0.7884616
371.2945,0.7884616
371.3145,0.7884616
371.3345,0.7884616
371.3545,0.7884616
371.3745,0.7884616
371.3944,0.7884616
371.4144,0.7884616
371.4344,0.7884616
371.4544,0.7884616
371.4744,0.7884616
371.4944,0.7884616
371.5144,0.7884616
371.5344,0.7884616
371.5544,0.7884616
371.5743,0.7884616
371.5943,0.7884616
371.6143,0.7884616
371.6343,0.7884616
371.6543,0.7884616
371.6743,0.7884616
371.6943,0.7884616
371.7143,0.7884616
371.7343,0.7884616
371.7542,0.7884616
371.7742,0.7884616
371.7942,0.7884616
371.8142,0.7884616
371.8342,0.7884616
371.8542,0.7884616
371.8742,0.7884616
371.8942,0.7884616
371.9142,0.7884616
371.9341,0.7884616
371.9541,0.7884616
371.9741,0.7884616
371.9941,0.7884616
372.0141,0.7884616
372.0341,0.7884616
372.0541,0.7884616
372.0741,0.7884616
372.0941,0.7884616
372.114,0.7884616
372.134,0.7884616
372.154,0.7884616
372.174,0.7884616
372.194,0.7884616
372.214,0.7884616
372.234,0.7884616
372.254,0.7884616
372.274,0.7884616
372.2939,0.7884616
372.3139,0.7884616
372.3339,0.7884616
372.3539,0.7884616
372.3739,0.7884616
372.3939,0.7884616
372.4139,0.7884616
372.4339,0.7884616
372.4539,0.7884616
372.4738,0.7884616
372.4938,0.7884616
372.5138,0.7884616
372.5338,0.7884616
372.5538,0.7884616
372.5738,0.7884616
372.5938,0.7884616
372.6138,0.7884616
372.6338,0.7884616
372.6537,0.7884616
372.6737,0.7884616
372.6937,0.7884616
372.7137,0.7884616
372.7337,0.7884616
372.7537,0.7884616
372.7737,0.7884616
372.7937,0.7884616
372.8137,0.7884616
372.8336,0.7884616
372.8536,0.7884616
372.8736,0.7884616
372.8936,0.7884616
372.9136,0.7884616
372.9336,0.7884616
372.9536,0.7884616
372.9736,0.7884616
372.9936,0.7884616
373.0135,0.7884616
373.0335,0.7884616
373.0535,0.7884616
373.0735,0.7884616
373.0935,0.7884616
373.1135,0.7884616
373.1335,0.7884616
373.1535,0.7884616
373.1735,0.7884616
373.1935,0.7884616
373.2134,0.7884616
373.2334,0.7884616
373.2534,0.7884616
373.2734,0.7884616
373.2934,0.7884616
373.3134,0.7884616
373.3334,0.7884616
373.3534,0.7884616
373.3734,0.7884616
373.3933,0.7884616
373.4133,0.7884616
373.4333,0.7884616
373.4533,0.7884616
373.4733,0.7884616
373.4933,0.7884616
373.5133,0.7884616
373.5333,0.7884616
373.5533,0.7884616
373.5732,0.7884616
373.5932,0.7884616
373.6132,0.7884616
373.6332,0.7884616
373.6532,0.7884616
373.6732,0.7884616
373.6932,0.7884616
373.7132,0.7884616
373.7332,0.7884616
373.7531,0.7884616
373.7731,0.7884616
373.7931,0.7884616
373.8131,0.7884616
373.8331,0.7884616
373.8531,0.7884616
373.8731,0.7884616
373.8931,0.7884616
373.9131,0.7884616
373.933,0.7884616
373.953,0.7884616
373.973,0.7884616
373.993,0.7884616
374.013,0.7884616
374.033,0.7884616
374.053,0.7884616
374.073,0.7884616
374.093,0.7884616
374.1129,0.7884616
374.1329,0.7884616
374.1529,0.7884616
374.1729,0.7884616
374.1929,0.7884616
374.2129,0.7884616
374.2329,0.7884616
374.2529,0.7884616
374.2729,0.7884616
374.2928,0.7884616
374.3128,0.7884616
374.3328,0.7884616
374.3528,0.7884616
374.3728,0.7884616
374.3928,0.7884616
374.4128,0.7884616
374.4328,0.7884616
374.4528,0.7884616
374.4727,0.7884616
374.4927,0.7884616
374.5127,0.7884616
374.5327,0.7884616
374.5527,0.7884616
374.5727,0.7884616
374.5927,0.7884616
374.6127,0.7884616
374.6327,0.7884616
374.6526,0.7884616
374.6726,0.7884616
374.6926,0.7884616
374.7126,0.7884616
374.7326,0.7884616
374.7526,0.7884616
374.7726,0.7884616
374.7926,0.7884616
374.8126,0.7884616
374.8326,0.7884616
374.8525,0.7884616
374.8725,0.7884616
374.8925,0.7884616
374.9125,0.7884616
374.9325,0.7884616
374.9525,0.7884616
374.9725,0.7884616
374.9925,0.7884616
375.0125,0.7884616
375.0324,0.7884616
375.0524,0.7884616
375.0724,0.7884616
375.0924,0.7884616
375.1124,0.7884616
375.1324,0.7884616
375.1524,0.7884616
375.1724,0.7884616
375.1924,0.7884616
375.2123,0.7884616
375.2323,0.7884616
375.2523,0.7884616
375.2723,0.7884616
375.2923,0.7884616
375.3123,0.7884616
375.3323,0.7884616
375.3523,0.7884616
375.3723,0.7884616
375.3922,0.7884616
375.4122,0.7884616
375.4322,0.7884616
375.4522,0.7884616
375.4722,0.7884616
375.4922,0.7884616
375.5122,0.7884616
375.5322,0.7884616
375.5522,0.7884616
375.5721,0.7884616
375.5921,0.7884616
375.6121,0.7884616
375.6321,0.7884616
375.6521,0.7884616
375.6721,0.7884616
375.6921,0.7884616
375.7121,0.7884616
375.7321,0.7884616
375.752,0.7884616
375.772,0.7884616
375.792,0.7884616
375.812,0.7884616
375.832,0.7884616
375.852,0.7884616
375.872,0.7884616
375.892,0.7884616
375.912,0.7884616
375.9319,0.7884616
375.9519,0.7884616
375.9719,0.7884616
375.9919,0.7884616
376.0119,0.7884616
376.0319,0.7884616
376.0519,0.7884616
376.0719,0.7884616
376.0919,0.7884616
376.1118,0.7884616
376.1318,0.7884616
376.1518,0.7884616
376.1718,0.7884616
376.1918,0.7884616
376.2118,0.7884616
376.2318,0.7884616
376.2518,0.7884616
376.2718,0.7884616
376.2917,0.7884616
376.3117,0.7884616
376.3317,0.7884616
376.3517,0.7884616
376.3717,0.7884616
376.3917,0.7884616
376.4117,0.7884616
376.4317,0.7884616
376.4517,0.7884616
376.4716,0.7884616
376.4916,0.7884616
376.5116,0.7884616
376.5316,0.7884616
376.5516,0.7884616
376.5716,0.7884616
376.5916,0.7884616
376.6116,0.7884616
376.6316,0.7884616
376.6516,0.7884616
376.6715,0.7884616
376.6915,0.7884616
376.7115,0.7884616
376.7315,0.7884616
376.7515,0.7884616
376.7715,0.7884616
376.7915,0.7884616
376.8115,0.7884616
376.8315,0.7884616
376.8514,0.7884616
376.8714,0.7884616
376.8914,0.7884616
376.9114,0.7884616
376.9314,0.7884616
376.9514,0.7884616
376.9714,0.7884616
376.9914,0.7884616
377.0114,0.7884616
377.0313,0.7884616
377.0513,0.7884616
377.0713,0.7884616
377.0913,0.7884616
377.1113,0.7884616
377.1313,0.7884616
377.1513,0.7884616
377.1713,0.7884616
377.1913,0.7884616
377.2112,0.7884616
377.2312,0.7884616
377.2512,0.7932692
377.2712,0.7932692
377.2912,0.7932692
377.3112,0.7932692
377.3312,0.7932692
377.3512,0.7932692
377.3712,0.7932692
377.3911,0.7932692
377.4111,0.7932692
377.4311,0.7932692
377.4511,0.7932692
377.4711,0.7932692
377.4911,0.7932692
377.5111,0.7932692
377.5311,0.7932692
377.5511,0.7932692
377.571,0.7932692
377.591,0.7932692
377.611,0.7932692
377.631,0.7932692
377.651,0.7932692
377.671,0.7932692
377.691,0.7932692
377.711,0.7932692
377.731,0.7932692
377.7509,0.7932692
377.7709,0.7932692
377.7909,0.7932692
377.8109,0.7932692
377.8309,0.7932692
377.8509,0.7932692
377.8709,0.7932692
377.8909,0.7932692
377.9109,0.7932692
377.9308,0.7932692
377.9508,0.7932692
377.9708,0.7932692
377.9908,0.7932692
378.0108,0.7932692
378.0308,0.7932692
378.0508,0.7932692
378.0708,0.7932692
378.0908,0.7932692
378.1107,0.7932692
378.1307,0.7932692
378.1507,0.7932692
378.1707,0.7932692
378.1907,0.7932692
378.2107,0.7932692
378.2307,0.7932692
378.2507,0.7932692
378.2707,0.7932692
378.2906,0.7932692
378.3106,0.7932692
378.3306,0.7932692
378.3506,0.7932692
378.3706,0.7932692
378.3906,0.7932692
378.4106,0.7932692
378.4306,0.7932692
378.4506,0.7932692
378.4706,0.7932692
378.4905,0.7932692
378.5105,0.7932692
378.5305,0.7932692
378.5505,0.7932692
378.5705,0.7932692
378.5905,0.7932692
378.6105,0.7932692
378.6305,0.7932692
378.6505,0.7932692
378.6704,0.7932692
378.6904,0.7932692
378.7104,0.7932692
378.7304,0.7932692
378.7504,0.7932692
378.7704,0.7932692
378.7904,0.7932692
378.8104,0.7932692
378.8304,0.7932692
378.8503,0.7932692
378.8703,0.7932692
378.8903,0.7932692
378.9103,0.7932692
378.9303,0.7932692
378.9503,0.7932692
378.9703,0.7932692
378.9903,0.7932692
379.0103,0.7932692
379.0302,0.7932692
379.0502,0.7932692
379.0702,0.7932692
379.0902,0.7932692
379.1102,0.7932692
379.1302,0.7932692
379.1502,0.7932692
379.1702,0.7932692
379.1902,0.7932692
379.2101,0.7932692
379.2301,0.7932692
379.2501,0.7932692
379.2701,0.7932692
379.2901,0.7932692
379.3101,0.7932692
379.3301,0.7932692
379.3501,0.7932692
379.3701,0.7932692
379.39,0.7932692
379.41,0.7932692
379.43,0.7932692
379.45,0.7932692
379.47,0.7932692
379.49,0.7932692
379.51,0.7932692
379.53,0.7932692
379.55,0.7932692
379.5699,0.7932692
379.5899,0.7932692
379.6099,0.7932692
379.6299,0.7932692
379.6499,0.7932692
379.6699,0.7932692
379.6899,0.7932692
379.7099,0.7932692
379.7299,0.7932692
379.7498,0.7932692
379.7698,0.7932692
379.7898,0.7932692
379.8098,0.7932692
379.8298,0.7932692
379.8498,0.7932692
379.8698,0.7932692
379.8898,0.7932692
379.9098,0.7932692
379.9297,0.7932692
379.9497,0.7932692
379.9697,0.7932692
379.9897,0.7932692
380.0097,0.7932692
380.0297,0.7932692
380.0497,0.7932692
380.0697,0.7932692
380.0897,0.7932692
380.1096,0.7932692
380.1296,0.7932692
380.1496,0.7932692
380.1696,0.7932692
380.1896,0.7932692
380.2096,0.7932692
380.2296,0.7932692
380.2496,0.7932692
380.2696,0.7932692
380.2896,0.7932692
380.3095,0.7932692
380.3295,0.7932692
380.3495,0.7932692
380.3695,0.7932692
380.3895,0.7932692
380.4095,0.7932692
380.4295,0.7932692
380.4495,0.7932692
380.4695,0.7932692
380.4894,0.7932692
380.5094,0.7932692
380.5294,0.7932692
380.5494,0.7932692
380.5694,0.7932692
380.5894,0.7932692
380.6094,0.7932692
380.6294,0.7932692
380.6494,0.7932692
380.6693,0.7932692
380.6893,0.7932692
380.7093,0.7932692
380.7293,0.7932692
380.7493,0.7932692
380.7693,0.7932692
380.7893,0.7932692
380.8093,0.7932692
380.8293,0.7932692
380.8492,0.7932692
380.8692,0.7932692
380.8892,0.7932692
380.9092,0.7932692
380.9292,0.7932692
380.9492,0.7932692
380.9692,0.7932692
380.9892,0.7932692
381.0092,0.7932692
381.0291,0.7932692
381.0491,0.7932692
381.0691,0.7932692
381.0891,0.7932692
381.1091,0.7932692
381.1291,0.7932692
381.1491,0.7932692
381.1691,0.7932692
381.1891,0.7932692
381.209,0.7932692
381.229,0.7932692
381.249,0.7932692
381.269,0.7932692
381.289,0.7932692
381.309,0.7932692
381.329,0.7932692
381.349,0.7932692
381.369,0.7932692
381.3889,0.7932692
381.4089,0.7932692
381.4289,0.7932692
381.4489,0.7932692
381.4689,0.7932692
381.4889,0.7932692
381.5089,0.7932692
381.5289,0.7932692
381.5489,0.7932692
381.5688,0.7932692
381.5888,0.7932692
381.6088,0.7932692
381.6288,0.7932692
381.6488,0.7932692
381.6688,0.7932692
381.6888,0.7932692
381.7088,0.7932692
381.7288,0.7932692
381.7487,0.7932692
381.7687,0.7932692
381.7887,0.7932692
381.8087,0.7932692
381.8287,0.7932692
381.8487,0.7932692
381.8687,0.7932692
381.8887,0.7932692
381.9087,0.7932692
381.9286,0.7932692
381.9486,0.7932692
381.9686,0.7932692
381.9886,0.7932692
382.0086,0.7932692
382.0286,0.7932692
382.0486,0.7932692
382.0686,0.7932692
382.0886,0.7932692
382.1086,0.7932692
382.1285,0.7932692
382.1485,0.7932692
382.1685,0.7932692
382.1885,0.7932692
382.2085,0.7932692
382.2285,0.7932692
382.2485,0.7932692
382.2685,0.7932692
382.2885,0.7932692
382.3084,0.7932692
382.3284,0.7932692
382.3484,0.7932692
382.3684,0.7932692
382.3884,0.7932692
382.4084,0.7932692
382.4284,0.7932692
382.4484,0.7932692
382.4684,0.7932692
382.4883,0.7932692
382.5083,0.7932692
382.5283,0.7932692
382.5483,0.7932692
382.5683,0.7932692
382.5883,0.7932692
382.6083,0.7932692
382.6283,0.7932692
382.6483,0.7932692
382.6682,0.7932692
382.6882,0.7932692
382.7082,0.7932692
382.7282,0.7932692
382.7482,0.7932692
382.7682,0.7932692
382.7882,0.7932692
382.8082,0.7932692
382.8282,0.7932692
382.8481,0.7932692
382.8681,0.7932692
382.8881,0.7932692
382.9081,0.7932692
382.9281,0.7932692
382.9481,0.7932692
382.9681,0.7932692
382.9881,0.7932692
383.0081,0.7932692
383.028,0.7932692
383.048,0.7932692
383.068,0.7932692
383.088,0.7932692
383.108,0.7932692
383.128,0.7932692
383.148,0.7932692
383.168,0.7932692
383.188,0.7932692
383.2079,0.7932692
383.2279,0.7932692
383.2479,0.7932692
383.2679,0.7932692
383.2879,0.7932692
383.3079,0.7932692
383.3279,0.7932692
383.3479,0.7932692
383.3679,0.7932692
383.3878,0.7932692
383.4078,0.7932692
383.4278,0.7932692
383.4478,0.7932692
383.4678,0.7932692
383.4878,0.7932692
383.5078,0.7932692
383.5278,0.7932692
383.5478,0.7932692
383.5677,0.7932692
383.5877,0.7932692
383.6077,0.7932692
383.6277,0.7932692
383.6477,0.7932692
383.6677,0.7932692
383.6877,0.7932692
383.7077,0.7932692
383.7277,0.7932692
383.7477,0.7932692
383.7676,0.7932692
383.7876,0.7932692
383.8076,0.7932692
383.8276,0.7932692
383.8476,0.7932692
383.8676,0.7932692
383.8876,0.7932692
383.9076,0.7932692
383.9276,0.7932692
383.9475,0.7932692
383.9675,0.7932692
383.9875,0.7932692
384.0075,0.7932692
384.0275,0.7932692
384.0475,0.7932692
384.0675,0.7932692
384.0875,0.7932692
384.1075,0.7932692
384.1274,0.7932692
384.1474,0.7932692
384.1674,0.7932692
384.1874,0.7932692
384.2074,0.7932692
384.2274,0.7932692
384.2474,0.7932692
384.2674,0.7932692
384.2874,0.7932692
384.3073,0.7932692
384.3273,0.7932692
384.3473,0.7932692
384.3673,0.7932692
384.3873,0.7932692
384.4073,0.7932692
384.4273,0.7932692
384.4473,0.7932692
384.4673,0.7932692
384.4872,0.7932692
384.5072,0.7932692
384.5272,0.7932692
384.5472,0.7932692
384.5672,0.7932692
384.5872,0.7932692
384.6072,0.7932692
384.6272,0.7932692
384.6472,0.7932692
384.6671,0.7932692
384.6871,0.7932692
384.7071,0.7932692
384.7271,0.7932692
384.7471,0.7932692
384.7671,0.7932692
384.7871,0.7932692
384.8071,0.7932692
384.8271,0.7932692
384.847,0.7932692
384.867,0.7932692
384.887,0.7932692
384.907,0.7932692
384.927,0.7932692
384.947,0.7932692
384.967,0.7932692
384.987,0.7932692
385.007,0.7932692
385.0269,0.7932692
385.0469,0.7932692
385.0669,0.7932692
385.0869,0.7932692
385.1069,0.7932692
385.1269,0.7932692
385.1469,0.7932692
385.1669,0.7932692
385.1869,0.7932692
385.2068,0.7932692
385.2268,0.7932692
385.2468,0.7932692
385.2668,0.7932692
385.2868,0.7932692
385.3068,0.7932692
385.3268,0.7932692
385.3468,0.7932692
385.3668,0.7932692
385.3867,0.7932692
385.4067,0.7932692
385.4267,0.7932692
385.4467,0.7932692
385.4667,0.7932692
385.4867,0.7932692
385.5067,0.7932692
385.5267,0.7932692
385.5467,0.7932692
385.5667,0.7932692
385.5866,0.7932692
385.6066,0.7932692
385.6266,0.7932692
385.6466,0.7932692
385.6666,0.7932692
385.6866,0.7932692
385.7066,0.7932692
385.7266,0.7932692
385.7466,0.7932692
385.7665,0.7932692
385.7865,0.7932692
385.8065,0.7932692
385.8265,0.7932692
385.8465,0.7932692
385.8665,0.7932692
385.8865,0.7932692
385.9065,0.7932692
385.9265,0.7932692
385.9464,0.7932692
385.9664,0.7932692
385.9864,0.7932692
386.0064,0.7932692
386.0264,0.7932692
386.0464,0.7932692
386.0664,0.7932692
386.0864,0.7932692
386.1064,0.7932692
386.1263,0.7932692
386.1463,0.7932692
386.1663,0.7932692
386.1863,0.7932692
386.2063,0.7932692
386.2263,0.7932692
386.2463,0.7932692
386.2663,0.7932692
386.2863,0.7932692
386.3062,0.7932692
386.3262,0.7932692
386.3462,0.7932692
386.3662,0.7932692
386.3862,0.7932692
386.4062,0.7932692
386.4262,0.7932692
386.4462,0.7932692
386.4662,0.7932692
386.4861,0.7932692
386.5061,0.7932692
386.5261,0.7932692
386.5461,0.7932692
386.5661,0.7932692
386.5861,0.7932692
386.6061,0.7932692
386.6261,0.7932692
386.6461,0.7932692
386.666,0.7932692
386.686,0.7932692
386.706,0.7932692
386.726,0.7932692
386.746,0.7932692
386.766,0.7932692
386.786,0.7932692
386.806,0.7932692
386.826,0.7932692
386.8459,0.7932692
386.8659,0.7932692
386.8859,0.7932692
386.9059,0.7932692
386.9259,0.7932692
386.9459,0.7932692
386.9659,0.7932692
386.9859,0.7932692
387.0059,0.7932692
387.0258,0.7932692
387.0458,0.7932692
387.0658,0.7932692
387.0858,0.7932692
387.1058,0.7932692
387.1258,0.7932692
387.1458,0.7932692
387.1658,0.7932692
387.1858,0.7932692
387.2057,0.7932692
387.2257,0.7932692
387.2457,0.7932692
387.2657,0.7932692
387.2857,0.7932692
387.3057,0.7932692
387.3257,0.7932692
387.3457,0.7932692
387.3657,0.7932692
387.3857,0.7932692
387.4056,0.7932692
387.4256,0.7932692
387.4456,0.7932692
387.4656,0.7932692
387.4856,0.7932692
387.5056,0.7932692
387.5256,0.7932692
387.5456,0.7932692
387.5656,0.7932692
387.5855,0.7932692
387.6055,0.7932692
387.6255,0.7932692
387.6455,0.7932692
387.6655,0.7932692
387.6855,0.7932692
387.7055,0.7932692
387.7255,0.7932692
387.7455,0.7932692
387.7654,0.7932692
387.7854,0.7932692
387.8054,0.7932692
387.8254,0.7932692
387.8454,0.7932692
387.8654,0.7932692
387.8854,0.7932692
387.9054,0.7932692
387.9254,0.7932692
387.9453,0.7932692
387.9653,0.7932692
387.9853,0.7932692
388.0053,0.7932692
388.0253,0.7932692
388.0453,0.7932692
388.0653,0.7932692
388.0853,0.7932692
388.1053,0.7932692
388.1252,0.7932692
388.1452,0.7932692
388.1652,0.7932692
388.1852,0.7932692
388.2052,0.7932692
388.2252,0.7932692
388.2452,0.7932692
388.2652,0.7932692
388.2852,0.7932692
388.3051,0.7932692
388.3251,0.7932692
388.3451,0.7932692
388.3651,0.7932692
388.3851,0.7932692
388.4051,0.7932692
388.4251,0.7932692
388.4451,0.7932692
388.4651,0.7932692
388.485,0.7932692
388.505,0.7932692
388.525,0.7932692
388.545,0.7932692
388.565,0.7932692
388.585,0.7932692
388.605,0.7932692
388.625,0.7932692
388.645,0.7932692
388.6649,0.7932692
388.6849,0.7932692
388.7049,0.7932692
388.7249,0.7932692
388.7449,0.7932692
388.7649,0.7932692
388.7849,0.7932692
388.8049,0.7932692
388.8249,0.7932692
388.8448,0.7932692
388.8648,0.7932692
388.8848,0.7932692
388.9048,0.7932692
388.9248,0.7932692
388.9448,0.7932692
388.9648,0.7932692
388.9848,0.7932692
389.0048,0.7932692
389.0247,0.7932692
389.0447,0.7932692
389.0647,0.7932692
389.0847,0.7932692
389.1047,0.7932692
389.1247,0.7932692
389.1447,0.7932692
389.1647,0.7932692
389.1847,0.7932692
389.2047,0.7932692
389.2246,0.7932692
389.2446,0.7932692
389.2646,0.7932692
389.2846,0.7932692
389.3046,0.7932692
389.3246,0.7932692
389.3446,0.7932692
389.3646,0.7932692
389.3846,0.7932692
389.4045,0.7932692
389.4245,0.7932692
389.4445,0.7932692
389.4645,0.7932692
389.4845,0.7932692
389.5045,0.7932692
389.5245,0.7932692
389.5445,0.7932692
389.5645,0.7932692
389.5844,0.7932692
389.6044,0.7932692
389.6244,0.7932692
389.6444,0.7932692
389.6644,0.7932692
389.6844,0.7932692
389.7044,0.7932692
389.7244,0.7932692
389.7444,0.7932692
389.7643,0.7932692
389.7843,0.7932692
389.8043,0.7932692
389.8243,0.7932692
389.8443,0.7932692
389.8643,0.7932692
389.8843,0.7932692
389.9043,0.7932692
389.9243,0.7932692
389.9442,0.7932692
389.9642,0.7932692
389.9842,0.7932692
390.0042,0.7932692
390.0242,0.7932692
390.0442,0.7932692
390.0642,0.7932692
390.0842,0.7932692
390.1042,0.7932692
390.1241,0.7932692
390.1441,0.7932692
390.1641,0.7932692
390.1841,0.7932692
390.2041,0.7932692
390.2241,0.7932692
390.2441,0.7932692
390.2641,0.7932692
390.2841,0.7932692
390.304,0.7932692
390.324,0.7932692
390.344,0.7932692
390.364,0.7932692
390.384,0.7932692
390.404,0.7932692
390.424,0.7932692
390.444,0.7932692
390.464,0.7932692
390.4839,0.7932692
390.5039,0.7932692
390.5239,0.7932692
390.5439,0.7932692
390.5639,0.7932692
390.5839,0.7932692
390.6039,0.7932692
390.6239,0.7932692
390.6439,0.7932692
390.6638,0.7932692
390.6838,0.7932692
390.7038,0.7932692
390.7238,0.7932692
390.7438,0.7932692
390.7638,0.7932692
390.7838,0.7932692
390.8038,0.7932692
390.8238,0.7932692
390.8438,0.7932692
390.8637,0.7932692
390.8837,0.7932692
390.9037,0.7932692
390.9237,0.7932692
390.9437,0.7932692
390.9637,0.7932692
390.9837,0.7932692
391.0037,0.7932692
391.0237,0.7932692
391.0436,0.7932692
391.0636,0.7932692
391.0836,0.7932692
391.1036,0.7932692
391.1236,0.7932692
391.1436,0.7932692
391.1636,0.7932692
391.1836,0.7932692
391.2036,0.7932692
391.2235,0.7932692
391.2435,0.7932692
391.2635,0.7932692
391.2835,0.7932692
391.3035,0.7932692
391.3235,0.7932692
391.3435,0.7932692
391.3635,0.7932692
391.3835,0.7932692
391.4034,0.7932692
391.4234,0.7932692
391.4434,0.7932692
391.4634,0.7932692
391.4834,0.7932692
391.5034,0.7932692
391.5234,0.7932692
391.5434,0.7932692
391.5634,0.7932692
391.5833,0.7932692
391.6033,0.7932692
391.6233,0.7932692
391.6433,0.7932692
391.6633,0.7932692
391.6833,0.7932692
391.7033,0.7932692
391.7233,0.7932692
391.7433,0.7932692
391.7632,0.7932692
391.7832,0.7932692
391.8032,0.7932692
391.8232,0.7932692
391.8432,0.7932692
391.8632,0.7932692
391.8832,0.7932692
391.9032,0.7932692
391.9232,0.7932692
391.9431,0.7932692
391.9631,0.7932692
391.9831,0.7932692
392.0031,0.7932692
392.0231,0.7932692
392.0431,0.7932692
392.0631,0.7932692
392.0831,0.7932692
392.1031,0.7932692
392.123,0.7932692
392.143,0.7932692
392.163,0.7932692
392.183,0.7932692
392.203,0.7932692
392.223,0.7932692
392.243,0.7932692
392.263,0.7932692
392.283,0.7932692
392.3029,0.7932692
392.3229,0.7932692
392.3429,0.7932692
392.3629,0.7932692
392.3829,0.7932692
392.4029,0.7932692
392.4229,0.7932692
392.4429,0.7932692
392.4629,0.7932692
392.4828,0.7932692
392.5028,0.7932692
392.5228,0.7932692
392.5428,0.7932692
392.5628,0.7932692
392.5828,0.7932692
392.6028,0.7932692
392.6228,0.7932692
392.6428,0.7932692
392.6628,0.7932692
392.6827,0.7932692
392.7027,0.7932692
392.7227,0.7932692
392.7427,0.7932692
392.7627,0.7932692
392.7827,0.7932692
392.8027,0.7932692
392.8227,0.7932692
392.8427,0.7932692
392.8626,0.7932692
392.8826,0.7932692
392.9026,0.7932692
392.9226,0.7932692
392.9426,0.7932692
392.9626,0.7932692
392.9826,0.7932692
393.0026,0.7932692
393.0226,0.7932692
393.0425,0.7932692
393.0625,0.7932692
393.0825,0.7932692
393.1025,0.7932692
393.1225,0.7932692
393.1425,0.7932692
393.1625,0.7932692
393.1825,0.7932692
393.2025,0.7932692
393.2224,0.7932692
393.2424,0.7932692
393.2624,0.7932692
393.2824,0.7932692
393.3024,0.7932692
393.3224,0.7932692
393.3424,0.7932692
393.3624,0.7932692
393.3824,0.7932692
393.4023,0.7932692
393.4223,0.7932692
393.4423,0.7932692
393.4623,0.7932692
393.4823,0.7932692
393.5023,0.7932692
393.5223,0.7932692
393.5423,0.7932692
393.5623,0.7932692
393.5822,0.7932692
393.6022,0.7932692
393.6222,0.7932692
393.6422,0.7932692
393.6622,0.7932692
393.6822,0.7932692
393.7022,0.7932692
393.7222,0.7932692
393.7422,0.7932692
393.7621,0.7932692
393.7821,0.7932692
393.8021,0.7932692
393.8221,0.7932692
393.8421,0.7932692
393.8621,0.7932692
393.8821,0.7932692
393.9021,0.7932692
393.9221,0.7932692
393.942,0.7932692
393.962,0.7932692
393.982,0.7932692
394.002,0.7932692
394.022,0.7932692
394.042,0.7932692
394.062,0.7932692
394.082,0.7932692
394.102,0.7932692
394.1219,0.7932692
394.1419,0.7932692
394.1619,0.7932692
394.1819,0.7932692
394.2019,0.7932692
394.2219,0.7932692
394.2419,0.7932692
394.2619,0.7932692
394.2819,0.7932692
394.3018,0.7932692
394.3218,0.7932692
394.3418,0.7932692
394.3618,0.7932692
394.3818,0.7932692
394.4018,0.7932692
394.4218,0.7932692
394.4418,0.7932692
394.4618,0.7932692
394.4818,0.7932692
394.5017,0.7932692
394.5217,0.7932692
394.5417,0.7932692
394.5617,0.7932692
394.5817,0.7932692
394.6017,0.7932692
394.6217,0.7932692
394.6417,0.7932692
394.6617,0.7932692
394.6816,0.7932692
394.7016,0.7932692
394.7216,0.7932692
394.7416,0.7932692
394.7616,0.7932692
394.7816,0.7932692
394.8016,0.7932692
394.8216,0.7932692
394.8416,0.7932692
394.8615,0.7932692
394.8815,0.7932692
394.9015,0.7932692
394.9215,0.7932692
394.9415,0.7932692
394.9615,0.7932692
394.9815,0.7932692
395.0015,0.7932692
395.0215,0.7932692
395.0414,0.7932692
395.0614,0.7932692
395.0814,0.7932692
395.1014,0.7932692
395.1214,0.7932692
395.1414,0.7932692
395.1614,0.7932692
395.1814,0.7932692
395.2014,0.7932692
395.2213,0.7932692
395.2413,0.7932692
395.2613,0.7932692
395.2813,0.7932692
395.3013,0.7932692
395.3213,0.7932692
395.3413,0.7932692
395.3613,0.7932692
395.3813,0.7932692
395.4012,0.7932692
395.4212,0.7932692
395.4412,0.7932692
395.4612,0.7932692
395.4812,0.7932692
395.5012,0.7932692
395.5212,0.7932692
395.5412,0.7932692
395.5612,0.7932692
395.5811,0.7932692
395.6011,0.7932692
395.6211,0.7932692
395.6411,0.7932692
395.6611,0.7932692
395.6811,0.7932692
395.7011,0.7932692
395.7211,0.7932692
395.7411,0.7932692
395.761,0.7932692
395.781,0.7932692
395.801,0.7932692
395.821,0.7932692
395.841,0.7932692
395.861,0.7932692
395.881,0.7932692
395.901,0.7932692
395.921,0.7932692
395.9409,0.7932692
395.9609,0.7932692
395.9809,0.7932692
396.0009,0.7932692
396.0209,0.7932692
396.0409,0.7932692
396.0609,0.7932692
396.0809,0.7932692
396.1009,0.7932692
396.1208,0.7932692
396.1408,0.7932692
396.1608,0.7932692
396.1808,0.7932692
396.2008,0.7932692
396.2208,0.7932692
396.2408,0.7932692
396.2608,0.7932692
396.2808,0.7932692
396.3008,0.7932692
396.3207,0.7932692
396.3407,0.7932692
396.3607,0.7932692
396.3807,0.7932692
396.4007,0.7932692
396.4207,0.7932692
396.4407,0.7932692
396.4607,0.7932692
396.4807,0.7932692
396.5006,0.7932692
396.5206,0.7932692
396.5406,0.7932692
396.5606,0.7932692
396.5806,0.7932692
396.6006,0.7932692
396.6206,0.7932692
396.6406,0.7932692
396.6606,0.7932692
396.6805,0.7932692
396.7005,0.7932692
396.7205,0.7932692
396.7405,0.7932692
396.7605,0.7932692
396.7805,0.7932692
396.8005,0.7932692
396.8205,0.7932692
396.8405,0.7932692
396.8604,0.7932692
396.8804,0.7932692
396.9004,0.7932692
396.9204,0.7932692
396.9404,0.7932692
396.9604,0.7932692
396.9804,0.7932692
397.0004,0.7932692
397.0204,0.7932692
397.0403,0.7932692
397.0603,0.7932692
397.0803,0.7932692
397.1003,0.7932692
397.1203,0.7932692
397.1403,0.7932692
397.1603,0.7932692
397.1803,0.7932692
397.2003,0.7932692
397.2202,0.7932692
397.2402,0.7932692
397.2602,0.7932692
397.2802,0.7932692
397.3002,0.7932692
397.3202,0.7932692
397.3402,0.7932692
397.3602,0.7932692
397.3802,0.7932692
397.4001,0.7932692
397.4201,0.7932692
397.4401,0.7932692
397.4601,0.7932692
397.4801,0.7932692
397.5001,0.7932692
397.5201,0.7932692
397.5401,0.7932692
397.5601,0.7932692
397.58,0.7932692
397.6,0.7932692
397.62,0.7932692
397.64,0.7932692
397.66,0.7932692
397.68,0.7932692
397.7,0.7932692
397.72,0.7932692
397.74,0.7932692
397.7599,0.7932692
397.7799,0.7932692
397.7999,0.7932692
397.8199,0.7932692
397.8399,0.7932692
397.8599,0.7932692
397.8799,0.7932692
397.8999,0.7932692
397.9199,0.7932692
397.9398,0.7932692
397.9598,0.7932692
397.9798,0.7932692
397.9998,0.7932692
398.0198,0.7932692
398.0398,0.7932692
398.0598,0.7932692
398.0798,0.7932692
398.0998,0.7932692
398.1198,0.7932692
398.1397,0.7932692
398.1597,0.7932692
398.1797,0.7932692
398.1997,0.7932692
398.2197,0.7932692
398.2397,0.7932692
398.2597,0.7932692
398.2797,0.7932692
398.2997,0.7932692
398.3196,0.7932692
398.3396,0.7932692
398.3596,0.7932692
398.3796,0.7932692
398.3996,0.7932692
398.4196,0.7932692
398.4396,0.7932692
398.4596,0.7932692
398.4796,0.7932692
398.4995,0.7932692
398.5195,0.7932692
398.5395,0.7932692
398.5595,0.7932692
398.5795,0.7932692
398.5995,0.7932692
398.6195,0.7932692
398.6395,0.7932692
398.6595,0.7932692
398.6794,0.7932692
398.6994,0.7932692
398.7194,0.7932692
398.7394,0.7932692
398.7594,0.7932692
398.7794,0.7932692
398.7994,0.7932692
398.8194,0.7932692
398.8394,0.7932692
398.8593,0.7932692
398.8793,0.7932692
398.8993,0.7932692
398.9193,0.7932692
398.9393,0.7932692
398.9593,0.7932692
398.9793,0.7932692
398.9993,0.7932692
399.0193,0.7932692
399.0392,0.7932692
399.0592,0.7932692
399.0792,0.7932692
399.0992,0.7932692
399.1192,0.7932692
399.1392,0.7932692
399.1592,0.7932692
399.1792,0.7932692
399.1992,0.7932692
399.2191,0.7932692
399.2391,0.7932692
399.2591,0.7932692
399.2791,0.7932692
399.2991,0.7932692
399.3191,0.7932692
399.3391,0.7932692
399.3591,0.7932692
399.3791,0.7932692
399.399,0.7932692
399.419,0.7932692
399.439,0.7932692
399.459,0.7932692
399.479,0.7932692
399.499,0.7932692
399.519,0.7932692
399.539,0.7932692
399.559,0.7932692
399.5789,0.7932692
399.5989,0.7932692
399.6189,0.7932692
399.6389,0.7932692
399.6589,0.7932692
399.6789,0.7932692
399.6989,0.7932692
399.7189,0.7932692
399.7389,0.7932692
399.7589,0.7932692
399.7788,0.7932692
399.7988,0.7932692
399.8188,0.7932692
399.8388,0.7932692
399.8588,0.7932692
399.8788,0.7932692
399.8988,0.7932692
399.9188,0.7932692
399.9388,0.7932692
399.9587,0.7932692
399.9787,0.7932692
399.9987,0.7932692
400.0187,0.7932692
400.0387,0.7932692
400.0587,0.7932692
400.0787,0.7932692
400.0987,0.7932692
400.1187,0.7932692
400.1386,0.7932692
400.1586,0.7932692
400.1786,0.7932692
400.1986,0.7932692
400.2186,0.7932692
400.2386,0.7932692
400.2586,0.7932692
400.2786,0.7932692
400.2986,0.7932692
400.3185,0.7932692
400.3385,0.7932692
400.3585,0.7932692
400.3785,0.7932692
400.3985,0.7932692
400.4185,0.7932692
400.4385,0.7932692
400.4585,0.7932692
400.4785,0.7932692
400.4984,0.7932692
400.5184,0.7932692
400.5384,0.7932692
400.5584,0.7932692
400.5784,0.7932692
400.5984,0.7932692
400.6184,0.7932692
400.6384,0.7932692
400.6584,0.7932692
400.6783,0.7932692
400.6983,0.7932692
400.7183,0.7932692
400.7383,0.7932692
400.7583,0.7932692
400.7783,0.7932692
400.7983,0.7932692
400.8183,0.7932692
400.8383,0.7932692
400.8582,0.7932692
400.8782,0.7932692
400.8982,0.7932692
400.9182,0.7932692
400.9382,0.7932692
400.9582,0.7932692
400.9782,0.7932692
400.9982,0.7932692
401.0182,0.7932692
401.0381,0.7932692
401.0581,0.7932692
401.0781,0.7932692
401.0981,0.7932692
401.1181,0.7932692
401.1381,0.7932692
401.1581,0.7932692
401.1781,0.7932692
401.1981,0.7932692
401.218,0.7932692
401.238,0.7932692
401.258,0.7932692
401.278,0.7932692
401.298,0.7932692
401.318,0.7932692
401.338,0.7932692
401.358,0.7932692
401.378,0.7932692
401.3979,0.7932692
401.4179,0.7932692
401.4379,0.7932692
401.4579,0.7932692
401.4779,0.7932692
401.4979,0.7932692
401.5179,0.7932692
401.5379,0.7932692
401.5579,0.7932692
401.5779,0.7932692
401.5978,0.7932692
401.6178,0.7932692
401.6378,0.7932692
401.6578,0.7932692
401.6778,0.7932692
401.6978,0.7932692
401.7178,0.7932692
401.7378,0.7932692
401.7578,0.7932692
401.7777,0.7932692
401.7977,0.7932692
401.8177,0.7932692
401.8377,0.7932692
401.8577,0.7932692
401.8777,0.7932692
401.8977,0.7932692
401.9177,0.7932692
401.9377,0.7932692
401.9576,0.7932692
401.9776,0.7932692
401.9976,0.7932692
402.0176,0.7932692
402.0376,0.7932692
402.0576,0.7932692
402.0776,0.7932692
402.0976,0.7932692
402.1176,0.7932692
402.1375,0.7932692
402.1575,0.7932692
402.1775,0.7932692
402.1975,0.7932692
402.2175,0.7932692
402.2375,0.7932692
402.2575,0.7932692
402.2775,0.7932692
402.2975,0.7932692
402.3174,0.7932692
402.3374,0.7932692
402.3574,0.7932692
402.3774,0.7932692
402.3974,0.7932692
402.4174,0.7932692
402.4374,0.7932692
402.4574,0.7932692
402.4774,0.7932692
402.4973,0.7932692
402.5173,0.7932692
402.5373,0.7932692
402.5573,0.7932692
402.5773,0.7932692
402.5973,0.7932692
402.6173,0.7932692
402.6373,0.7932692
402.6573,0.7932692
402.6772,0.7932692
402.6972,0.7932692
402.7172,0.7932692
402.7372,0.7932692
402.7572,0.7932692
402.7772,0.7932692
402.7972,0.7932692
402.8172,0.7932692
402.8372,0.7932692
402.8571,0.7932692
402.8771,0.7932692
402.8971,0.7932692
402.9171,0.7932692
402.9371,0.7932692
402.9571,0.7932692
402.9771,0.7932692
402.9971,0.7932692
403.0171,0.7932692
403.037,0.7932692
403.057,0.7932692
403.077,0.7932692
403.097,0.7932692
403.117,0.7932692
403.137,0.7932692
403.157,0.7932692
403.177,0.7932692
403.197,0.7932692
403.2169,0.7932692
403.2369,0.7932692
403.2569,0.7932692
403.2769,0.7932692
403.2969,0.7932692
403.3169,0.7932692
403.3369,0.7932692
403.3569,0.7932692
403.3769,0.7932692
403.3969,0.7932692
403.4168,0.7932692
403.4368,0.7932692
403.4568,0.7932692
403.4768,0.7932692
403.4968,0.7932692
403.5168,0.7932692
403.5368,0.7932692
403.5568,0.7932692
403.5768,0.7932692
403.5967,0.7932692
403.6167,0.7932692
403.6367,0.7932692
403.6567,0.7932692
403.6767,0.7932692
403.6967,0.7932692
403.7167,0.7932692
403.7367,0.7932692
403.7567,0.7932692
403.7766,0.7932692
403.7966,0.7932692
403.8166,0.7932692
403.8366,0.7932692
403.8566,0.7932692
403.8766,0.7932692
403.8966,0.7932692
403.9166,0.7932692
403.9366,0.7932692
403.9565,0.7932692
403.9765,0.7932692
403.9965,0.7932692
404.0165,0.7932692
404.0365,0.7932692
404.0565,0.7932692
404.0765,0.7932692
404.0965,0.7932692
404.1165,0.7932692
404.1364,0.7932692
404.1564,0.7932692
404.1764,0.7932692
404.1964,0.7932692
404.2164,0.7932692
404.2364,0.7932692
404.2564,0.7932692
404.2764,0.7932692
404.2964,0.7932692
404.3163,0.7932692
404.3363,0.7932692
404.3563,0.7932692
404.3763,0.7932692
404.3963,0.7932692
404.4163,0.7932692
404.4363,0.7932692
404.4563,0.7932692
404.4763,0.7932692
404.4962,0.7932692
404.5162,0.7932692
404.5362,0.7932692
404.5562,0.7932692
404.5762,0.7932692
404.5962,0.7932692
404.6162,0.7932692
404.6362,0.7932692
404.6562,0.7932692
404.6761,0.7932692
404.6961,0.7932692
404.7161,0.7932692
404.7361,0.7932692
404.7561,0.7932692
404.7761,0.7932692
404.7961,0.7932692
404.8161,0.7932692
404.8361,0.7932692
404.856,0.7932692
404.876,0.7932692
404.896,0.7932692
404.916,0.7932692
404.936,0.7932692
404.956,0.7932692
404.976,0.7932692
404.996,0.7932692
405.016,0.7932692
405.0359,0.7932692
405.0559,0.7932692
405.0759,0.7932692
405.0959,0.7932692
405.1159,0.7932692
405.1359,0.7932692
405.1559,0.7932692
405.1759,0.7932692
405.1959,0.7932692
405.2159,0.7932692
405.2358,0.7932692
405.2558,0.7932692
405.2758,0.7932692
405.2958,0.7932692
405.3158,0.7932692
405.3358,0.7932692
405.3558,0.7932692
405.3758,0.7932692
405.3958,0.7932692
405.4157,0.7932692
405.4357,0.7932692
405.4557,0.7932692
405.4757,0.7932692
405.4957,0.7932692
405.5157,0.7932692
405.5357,0.7932692
405.5557,0.7932692
405.5757,0.7932692
405.5956,0.7932692
405.6156,0.7932692
405.6356,0.7932692
405.6556,0.7932692
405.6756,0.7932692
405.6956,0.7932692
405.7156,0.7932692
405.7356,0.7932692
405.7556,0.7932692
405.7755,0.7932692
405.7955,0.7932692
405.8155,0.7932692
405.8355,0.7932692
405.8555,0.7932692
405.8755,0.7932692
405.8955,0.7932692
405.9155,0.7932692
405.9355,0.7932692
405.9554,0.7932692
405.9754,0.7932692
405.9954,0.7932692
406.0154,0.7932692
406.0354,0.7932692
406.0554,0.7932692
406.0754,0.7932692
406.0954,0.7932692
406.1154,0.7932692
406.1353,0.7932692
406.1553,0.7932692
406.1753,0.7932692
406.1953,0.7932692
406.2153,0.7932692
406.2353,0.7932692
406.2553,0.7932692
406.2753,0.7932692
406.2953,0.7932692
406.3152,0.7932692
406.3352,0.7932692
406.3552,0.7932692
406.3752,0.7932692
406.3952,0.7932692
406.4152,0.7932692
406.4352,0.7932692
406.4552,0.7932692
406.4752,0.7932692
406.4951,0.7932692
406.5151,0.7932692
406.5351,0.7932692
406.5551,0.7932692
406.5751,0.7932692
406.5951,0.7932692
406.6151,0.7932692
406.6351,0.7932692
406.6551,0.7932692
406.675,0.7932692
406.695,0.7932692
406.715,0.7932692
406.735,0.7932692
406.755,0.7932692
406.775,0.7932692
406.795,0.7932692
406.815,0.7932692
406.835,0.7932692
406.8549,0.7932692
406.8749,0.7932692
406.8949,0.7932692
406.9149,0.7932692
406.9349,0.7932692
406.9549,0.7932692
406.9749,0.7932692
406.9949,0.7932692
407.0149,0.7932692
407.0349,0.7932692
407.0548,0.7932692
407.0748,0.7932692
407.0948,0.7932692
407.1148,0.7932692
407.1348,0.7932692
407.1548,0.7932692
407.1748,0.7932692
407.1948,0.7932692
407.2148,0.7932692
407.2347,0.7932692
407.2547,0.7932692
407.2747,0.7932692
407.2947,0.7932692
407.3147,0.7932692
407.3347,0.7932692
407.3547,0.7932692
407.3747,0.7932692
407.3947,0.7932692
407.4146,0.7932692
407.4346,0.7932692
407.4546,0.7932692
407.4746,0.7932692
407.4946,0.7932692
407.5146,0.7932692
407.5346,0.7932692
407.5546,0.7932692
407.5746,0.7932692
407.5945,0.7932692
407.6145,0.7932692
407.6345,0.7932692
407.6545,0.7932692
407.6745,0.7932692
407.6945,0.7932692
407.7145,0.7932692
407.7345,0.7932692
407.7545,0.7932692
407.7744,0.7932692
407.7944,0.7932692
407.8144,0.7932692
407.8344,0.7932692
407.8544,0.7932692
407.8744,0.7932692
407.8944,0.7932692
407.9144,0.7932692
407.9344,0.7932692
407.9543,0.7932692
407.9743,0.7932692
407.9943,0.7932692
408.0143,0.7932692
408.0343,0.7932692
408.0543,0.7932692
408.0743,0.7932692
408.0943,0.7932692
408.1143,0.7932692
408.1342,0.7932692
408.1542,0.7932692
408.1742,0.7932692
408.1942,0.7932692
408.2142,0.7932692
408.2342,0.7932692
408.2542,0.7932692
408.2742,0.7932692
408.2942,0.7932692
408.3141,0.7932692
408.3341,0.7932692
408.3541,0.7932692
408.3741,0.7932692
408.3941,0.7932692
408.4141,0.7932692
408.4341,0.7932692
408.4541,0.7932692
408.4741,0.7932692
408.494,0.7932692
408.514,0.7932692
408.534,0.7932692
408.554,0.7932692
408.574,0.7932692
408.594,0.7932692
408.614,0.7932692
408.634,0.7932692
408.654,0.7932692
408.674,0.7932692
408.6939,0.7932692
408.7139,0.7932692
408.7339,0.7932692
408.7539,0.7932692
408.7739,0.7932692
408.7939,0.7932692
408.8139,0.7932692
408.8339,0.7932692
408.8539,0.7932692
408.8738,0.7932692
408.8938,0.7932692
408.9138,0.7932692
408.9338,0.7932692
408.9538,0.7932692
408.9738,0.7932692
408.9938,0.7932692
409.0138,0.7932692
409.0338,0.7932692
409.0537,0.7932692
409.0737,0.7932692
409.0937,0.7932692
409.1137,0.7932692
409.1337,0.7932692
409.1537,0.7932692
409.1737,0.7932692
409.1937,0.7932692
409.2137,0.7932692
409.2336,0.7932692
409.2536,0.7932692
409.2736,0.7932692
409.2936,0.7932692
409.3136,0.7932692
409.3336,0.7932692
409.3536,0.7932692
409.3736,0.7932692
409.3936,0.7932692
409.4135,0.7932692
409.4335,0.7932692
409.4535,0.7932692
409.4735,0.7932692
409.4935,0.7932692
409.5135,0.7932692
409.5335,0.7932692
409.5535,0.7932692
409.5735,0.7932692
409.5934,0.7932692
409.6134,0.7932692
409.6334,0.7932692
409.6534,0.7932692
409.6734,0.7932692
409.6934,0.7932692
409.7134,0.7932692
409.7334,0.7932692
409.7534,0.7932692
409.7733,0.7932692
409.7933,0.7932692
409.8133,0.7932692
409.8333,0.7932692
409.8533,0.7932692
409.8733,0.7932692
409.8933,0.7932692
409.9133,0.7932692
409.9333,0.7932692
409.9532,0.7932692
409.9732,0.7932692
409.9932,0.7932692
410.0132,0.7932692
410.0332,0.7932692
410.0532,0.7932692
410.0732,0.7932692
410.0932,0.7932692
410.1132,0.7932692
410.1331,0.7932692
410.1531,0.7932692
410.1731,0.7932692
410.1931,0.7932692
410.2131,0.7932692
410.2331,0.7932692
410.2531,0.7932692
410.2731,0.7932692
410.2931,0.7932692
410.313,0.7932692
410.333,0.7932692
410.353,0.7932692
410.373,0.7932692
410.393,0.7932692
410.413,0.7932692
410.433,0.7932692
410.453,0.7932692
410.473,0.7932692
410.493,0.7932692
410.5129,0.7932692
410.5329,0.7932692
410.5529,0.7932692
410.5729,0.7932692
410.5929,0.7932692
410.6129,0.7932692
410.6329,0.7932692
410.6529,0.7932692
410.6729,0.7932692
410.6928,0.7932692
410.7128,0.7932692
410.7328,0.7932692
410.7528,0.7932692
410.7728,0.7932692
410.7928,0.7932692
410.8128,0.7932692
410.8328,0.7932692
410.8528,0.7932692
410.8727,0.7932692
410.8927,0.7932692
410.9127,0.7932692
410.9327,0.7932692
410.9527,0.7932692
410.9727,0.7932692
410.9927,0.7932692
411.0127,0.7932692
411.0327,0.7932692
411.0526,0.7932692
411.0726,0.7932692
411.0926,0.7932692
411.1126,0.7932692
411.1326,0.7932692
411.1526,0.7932692
411.1726,0.7932692
411.1926,0.7932692
411.2126,0.7932692
411.2325,0.7932692
411.2525,0.7932692
411.2725,0.7932692
411.2925,0.7932692
411.3125,0.7932692
411.3325,0.7932692
411.3525,0.7932692
411.3725,0.7932692
411.3925,0.7932692
411.4124,0.7932692
411.4324,0.7932692
411.4524,0.7932692
411.4724,0.7932692
411.4924,0.7932692
411.5124,0.7932692
411.5324,0.7932692
411.5524,0.7932692
411.5724,0.7932692
411.5923,0.7932692
411.6123,0.7932692
411.6323,0.7932692
411.6523,0.7932692
411.6723,0.7932692
411.6923,0.7932692
411.7123,0.7932692
411.7323,0.7932692
411.7523,0.7932692
411.7722,0.7932692
411.7922,0.7932692
411.8122,0.7932692
411.8322,0.7932692
411.8522,0.7932692
411.8722,0.7932692
411.8922,0.7932692
411.9122,0.7932692
411.9322,0.7932692
411.9521,0.7932692
411.9721,0.7932692
411.9921,0.7932692
412.0121,0.7932692
412.0321,0.7932692
412.0521,0.7932692
412.0721,0.7932692
412.0921,0.7932692
412.1121,0.7932692
412.132,0.7932692
412.152,0.7932692
412.172,0.7932692
412.192,0.7932692
412.212,0.7932692
412.232,0.7932692
412.252,0.7932692
412.272,0.7932692
412.292,0.7932692
412.312,0.7932692
412.3319,0.7932692
412.3519,0.7932692
412.3719,0.7932692
412.3919,0.7932692
412.4119,0.7932692
412.4319,0.7932692
412.4519,0.7932692
412.4719,0.7932692
412.4919,0.7932692
412.5118,0.7932692
412.5318,0.7932692
412.5518,0.7932692
412.5718,0.7932692
412.5918,0.7932692
412.6118,0.7932692
412.6318,0.7932692
412.6518,0.7932692
412.6718,0.7932692
412.6917,0.7932692
412.7117,0.7932692
412.7317,0.7932692
412.7517,0.7932692
412.7717,0.7932692
412.7917,0.7932692
412.8117,0.7932692
412.8317,0.7932692
412.8517,0.7932692
412.8716,0.7932692
412.8916,0.7932692
412.9116,0.7932692
412.9316,0.7932692
412.9516,0.7932692
412.9716,0.7932692
412.9916,0.7932692
413.0116,0.7932692
413.0316,0.7932692
413.0515,0.7932692
413.0715,0.7932692
413.0915,0.7932692
413.1115,0.7932692
413.1315,0.7932692
413.1515,0.7932692
413.1715,0.7932692
413.1915,0.7932692
413.2115,0.7932692
413.2314,0.7932692
413.2514,0.7932692
413.2714,0.7932692
413.2914,0.7932692
413.3114,0.7932692
413.3314,0.7932692
413.3514,0.7932692
413.3714,0.7932692
413.3914,0.7932692
413.4113,0.7932692
413.4313,0.7932692
413.4513,0.7932692
413.4713,0.7932692
413.4913,0.7932692
413.5113,0.7932692
413.5313,0.7932692
413.5513,0.7932692
413.5713,0.7932692
413.5912,0.7932692
413.6112,0.7932692
413.6312,0.7932692
413.6512,0.7932692
413.6712,0.7932692
413.6912,0.7932692
413.7112,0.7932692
413.7312,0.7932692
413.7512,0.7932692
413.7711,0.7932692
413.7911,0.7932692
413.8111,0.7932692
413.8311,0.7932692
413.8511,0.7932692
413.8711,0.7932692
413.8911,0.7932692
413.9111,0.7932692
413.9311,0.7932692
413.951,0.7932692
413.971,0.7932692
413.991,0.7932692
414.011,0.7932692
414.031,0.7932692
414.051,0.7932692
414.071,0.7932692
414.091,0.7932692
414.111,0.7932692
414.131,0.7932692
414.1509,0.7932692
414.1709,0.7932692
414.1909,0.7932692
414.2109,0.7932692
414.2309,0.7932692
414.2509,0.7932692
414.2709,0.7932692
414.2909,0.7932692
414.3109,0.7932692
414.3308,0.7932692
414.3508,0.7932692
414.3708,0.7932692
414.3908,0.7932692
414.4108,0.7932692
414.4308,0.7932692
414.4508,0.7932692
414.4708,0.7932692
414.4908,0.7932692
414.5107,0.7932692
414.5307,0.7932692
414.5507,0.7932692
414.5707,0.7932692
414.5907,0.7932692
414.6107,0.7932692
414.6307,0.7932692
414.6507,0.7932692
414.6707,0.7932692
414.6906,0.7932692
414.7106,0.7932692
414.7306,0.7932692
414.7506,0.7932692
414.7706,0.7932692
414.7906,0.7932692
414.8106,0.7932692
414.8306,0.7932692
414.8506,0.7932692
414.8705,0.7932692
414.8905,0.7932692
414.9105,0.7932692
414.9305,0.7932692
414.9505,0.7932692
414.9705,0.7932692
414.9905,0.7932692
415.0105,0.7932692
415.0305,0.7932692
415.0504,0.7932692
415.0704,0.7932692
415.0904,0.7932692
415.1104,0.7932692
415.1304,0.7932692
415.1504,0.7932692
415.1704,0.7932692
415.1904,0.7932692
415.2104,0.7932692
415.2303,0.7932692
415.2503,0.7932692
415.2703,0.7932692
415.2903,0.7932692
415.3103,0.7932692
415.3303,0.7932692
415.3503,0.7932692
415.3703,0.7932692
415.3903,0.7932692
415.4102,0.7932692
415.4302,0.7932692
415.4502,0.7932692
415.4702,0.7932692
415.4902,0.7932692
415.5102,0.7932692
415.5302,0.7932692
415.5502,0.7932692
415.5702,0.7932692
415.5901,0.7932692
415.6101,0.7932692
415.6301,0.7932692
415.6501,0.7932692
415.6701,0.7932692
415.6901,0.7932692
415.7101,0.7932692
415.7301,0.7932692
415.7501,0.7932692
415.7701,0.7932692
415.79,0.7932692
415.81,0.7932692
415.83,0.7932692
415.85,0.7932692
415.87,0.7932692
415.89,0.7932692
415.91,0.7932692
415.93,0.7932692
415.95,0.7932692
415.9699,0.7932692
415.9899,0.7932692
416.0099,0.7932692
416.0299,0.7932692
416.0499,0.7932692
416.0699,0.7932692
416.0899,0.7932692
416.1099,0.7932692
416.1299,0.7932692
416.1498,0.7932692
416.1698,0.7932692
416.1898,0.7932692
416.2098,0.7932692
416.2298,0.7932692
416.2498,0.7932692
416.2698,0.7932692
416.2898,0.7932692
416.3098,0.7932692
416.3297,0.7932692
416.3497,0.7932692
416.3697,0.7932692
416.3897,0.7932692
416.4097,0.7932692
416.4297,0.7932692
416.4497,0.7932692
416.4697,0.7932692
416.4897,0.7932692
416.5096,0.7932692
416.5296,0.7932692
416.5496,0.7932692
416.5696,0.7932692
416.5896,0.7932692
416.6096,0.7932692
416.6296,0.7932692
416.6496,0.7932692
416.6696,0.7932692
416.6895,0.7932692
416.7095,0.7932692
416.7295,0.7932692
416.7495,0.7932692
416.7695,0.7932692
416.7895,0.7932692
416.8095,0.7932692
416.8295,0.7932692
416.8495,0.7932692
416.8694,0.7932692
416.8894,0.7932692
416.9094,0.7932692
416.9294,0.7932692
416.9494,0.7932692
416.9694,0.7932692
416.9894,0.7932692
417.0094,0.7932692
417.0294,0.7932692
417.0493,0.7932692
417.0693,0.7932692
417.0893,0.7932692
417.1093,0.7932692
417.1293,0.7932692
417.1493,0.7932692
417.1693,0.7932692
417.1893,0.7932692
417.2093,0.7932692
417.2292,0.7932692
417.2492,0.7932692
417.2692,0.7932692
417.2892,0.7932692
417.3092,0.7932692
417.3292,0.7932692
417.3492,0.7932692
417.3692,0.7932692
417.3892,0.7932692
417.4091,0.7932692
417.4291,0.7932692
417.4491,0.7932692
417.4691,0.7932692
417.4891,0.7932692
417.5091,0.7932692
417.5291,0.7932692
417.5491,0.7932692
417.5691,0.7932692
417.5891,0.7932692
417.609,0.7932692
417.629,0.7932692
417.649,0.7932692
417.669,0.7932692
417.689,0.7932692
417.709,0.7932692
417.729,0.7932692
417.749,0.7932692
417.769,0.7932692
417.7889,0.7932692
417.8089,0.7932692
417.8289,0.7932692
417.8489,0.7932692
417.8689,0.7932692
417.8889,0.7932692
417.9089,0.7932692
417.9289,0.7932692
417.9489,0.7932692
417.9688,0.7932692
417.9888,0.7932692
418.0088,0.7932692
418.0288,0.7932692
418.0488,0.7932692
418.0688,0.7932692
418.0888,0.7932692
418.1088,0.7932692
418.1288,0.7932692
418.1487,0.7932692
418.1687,0.7932692
418.1887,0.7932692
418.2087,0.7932692
418.2287,0.7932692
418.2487,0.7932692
418.2687,0.7932692
418.2887,0.7932692
418.3087,0.7932692
418.3286,0.7932692
418.3486,0.7932692
418.3686,0.7932692
418.3886,0.7932692
418.4086,0.7932692
418.4286,0.7932692
418.4486,0.7932692
418.4686,0.7932692
418.4886,0.7932692
418.5085,0.7932692
418.5285,0.7932692
418.5485,0.7932692
418.5685,0.7932692
418.5885,0.7932692
418.6085,0.7932692
418.6285,0.7932692
418.6485,0.7932692
418.6685,0.7932692
418.6884,0.7932692
418.7084,0.7932692
418.7284,0.7932692
418.7484,0.7932692
418.7684,0.7932692
418.7884,0.7932692
418.8084,0.7932692
418.8284,0.7932692
418.8484,0.7932692
418.8683,0.7932692
418.8883,0.7932692
418.9083,0.7932692
418.9283,0.7932692
418.9483,0.7932692
418.9683,0.7932692
418.9883,0.7932692
419.0083,0.7932692
419.0283,0.7932692
419.0482,0.7932692
419.0682,0.7932692
419.0882,0.7932692
419.1082,0.7932692
419.1282,0.7932692
419.1482,0.7932692
419.1682,0.7932692
419.1882,0.7932692
419.2082,0.7932692
419.2281,0.7932692
419.2481,0.7932692
419.2681,0.7932692
419.2881,0.7932692
419.3081,0.7932692
419.3281,0.7932692
419.3481,0.7932692
419.3681,0.7932692
419.3881,0.7932692
419.4081,0.7932692
419.428,0.7932692
419.448,0.7932692
419.468,0.7932692
419.488,0.7932692
419.508,0.7932692
419.528,0.7932692
419.548,0.7932692
419.568,0.7932692
419.588,0.7932692
419.6079,0.7932692
419.6279,0.7932692
419.6479,0.7932692
419.6679,0.7932692
419.6879,0.7932692
419.7079,0.7932692
419.7279,0.7932692
419.7479,0.7932692
419.7679,0.7932692
419.7878,0.7932692
419.8078,0.7932692
419.8278,0.7932692
419.8478,0.7932692
419.8678,0.7932692
419.8878,0.7932692
419.9078,0.7932692
419.9278,0.7932692
419.9478,0.7932692
419.9677,0.7932692
419.9877,0.7932692
420.0077,0.7932692
420.0277,0.7932692
420.0477,0.7932692
420.0677,0.7932692
420.0877,0.7932692
420.1077,0.7932692
420.1277,0.7932692
420.1476,0.7932692
420.1676,0.7932692
420.1876,0.7932692
420.2076,0.7932692
420.2276,0.7932692
420.2476,0.7932692
420.2676,0.7932692
420.2876,0.7932692
420.3076,0.7932692
420.3275,0.7932692
420.3475,0.7932692
420.3675,0.7932692
420.3875,0.7932692
420.4075,0.7932692
420.4275,0.7932692
420.4475,0.7932692
420.4675,0.7932692
420.4875,0.7932692
420.5074,0.7932692
420.5274,0.7932692
420.5474,0.7932692
420.5674,0.7932692
420.5874,0.7932692
420.6074,0.7932692
420.6274,0.7932692
420.6474,0.7932692
420.6674,0.7932692
420.6873,0.7932692
420.7073,0.7932692
420.7273,0.7932692
420.7473,0.7932692
420.7673,0.7932692
420.7873,0.7932692
420.8073,0.7932692
420.8273,0.7932692
420.8473,0.7932692
420.8672,0.7932692
420.8872,0.7932692
420.9072,0.7932692
420.9272,0.7932692
420.9472,0.7932692
420.9672,0.7932692
420.9872,0.7932692
421.0072,0.7932692
421.0272,0.7932692
421.0471,0.7932692
421.0671,0.7932692
421.0871,0.7932692
421.1071,0.7932692
421.1271,0.7932692
421.1471,0.7932692
421.1671,0.7932692
421.1871,0.7932692
421.2071,0.7932692
421.2271,0.7932692
421.247,0.7932692
421.267,0.7932692
421.287,0.7932692
421.307,0.7932692
421.327,0.7932692
421.347,0.7932692
421.367,0.7932692
421.387,0.7932692
421.407,0.7932692
421.4269,0.7932692
421.4469,0.7932692
421.4669,0.7932692
421.4869,0.7932692
421.5069,0.7932692
421.5269,0.7932692
421.5469,0.7932692
421.5669,0.7932692
421.5869,0.7932692
421.6068,0.7932692
421.6268,0.7932692
421.6468,0.7932692
421.6668,0.7932692
421.6868,0.7932692
421.7068,0.7932692
421.7268,0.7932692
421.7468,0.7932692
421.7668,0.7932692
421.7867,0.7932692
421.8067,0.7932692
421.8267,0.7932692
421.8467,0.7932692
421.8667,0.7932692
421.8867,0.7932692
421.9067,0.7932692
421.9267,0.7932692
421.9467,0.7932692
421.9666,0.7932692
421.9866,0.7932692
422.0066,0.7932692
422.0266,0.7932692
422.0466,0.7932692
422.0666,0.7932692
422.0866,0.7932692
422.1066,0.7932692
422.1266,0.7932692
422.1465,0.7932692
422.1665,0.7932692
422.1865,0.7932692
422.2065,0.7932692
422.2265,0.7932692
422.2465,0.7932692
422.2665,0.7932692
422.2865,0.7932692
422.3065,0.7932692
422.3264,0.7932692
422.3464,0.7932692
422.3664,0.7932692
422.3864,0.7932692
422.4064,0.7932692
422.4264,0.7932692
422.4464,0.7932692
422.4664,0.7932692
422.4864,0.7932692
422.5063,0.7932692
422.5263,0.7932692
422.5463,0.7932692
422.5663,0.7932692
422.5863,0.7932692
422.6063,0.7932692
422.6263,0.7932692
422.6463,0.7932692
422.6663,0.7932692
422.6862,0.7932692
422.7062,0.7932692
422.7262,0.7932692
422.7462,0.7932692
422.7662,0.7932692
422.7862,0.7932692
422.8062,0.7932692
422.8262,0.7932692
422.8462,0.7932692
422.8661,0.7932692
422.8861,0.7932692
422.9061,0.7932692
422.9261,0.7932692
422.9461,0.7932692
422.9661,0.7932692
422.9861,0.7932692
423.0061,0.7932692
423.0261,0.7932692
423.0461,0.7932692
423.066,0.7932692
423.086,0.7932692
423.106,0.7932692
423.126,0.7932692
423.146,0.7932692
423.166,0.7932692
423.186,0.7932692
423.206,0.7932692
423.226,0.7932692
423.2459,0.7932692
423.2659,0.7932692
423.2859,0.7932692
423.3059,0.7932692
423.3259,0.7932692
423.3459,0.7932692
423.3659,0.7932692
423.3859,0.7932692
423.4059,0.7932692
423.4258,0.7932692
423.4458,0.7932692
423.4658,0.7932692
423.4858,0.7932692
423.5058,0.7932692
423.5258,0.7932692
423.5458,0.7932692
423.5658,0.7932692
423.5858,0.7932692
423.6057,0.7932692
423.6257,0.7932692
423.6457,0.7932692
423.6657,0.7932692
423.6857,0.7932692
423.7057,0.7932692
423.7257,0.7932692
423.7457,0.7932692
423.7657,0.7932692
423.7856,0.7932692
423.8056,0.7932692
423.8256,0.7932692
423.8456,0.7932692
423.8656,0.7932692
423.8856,0.7932692
423.9056,0.7932692
423.9256,0.7932692
423.9456,0.7932692
423.9655,0.7932692
423.9855,0.7932692
424.0055,0.7932692
424.0255,0.7932692
424.0455,0.7932692
424.0655,0.7932692
424.0855,0.7932692
424.1055,0.7932692
424.1255,0.7932692
424.1454,0.7932692
424.1654,0.7932692
424.1854,0.7932692
424.2054,0.7932692
424.2254,0.7932692
424.2454,0.7932692
424.2654,0.7932692
424.2854,0.7932692
424.3054,0.7932692
424.3253,0.7932692
424.3453,0.7932692
424.3653,0.7932692
424.3853,0.7932692
424.4053,0.7932692
424.4253,0.7932692
424.4453,0.7932692
424.4653,0.7932692
424.4853,0.7932692
424.5052,0.7932692
424.5252,0.7932692
424.5452,0.7932692
424.5652,0.7932692
424.5852,0.7932692
424.6052,0.7932692
424.6252,0.7932692
424.6452,0.7932692
424.6652,0.7932692
424.6852,0.7932692
424.7051,0.7932692
424.7251,0.7932692
424.7451,0.7932692
424.7651,0.7932692
424.7851,0.7932692
424.8051,0.7932692
424.8251,0.7932692
424.8451,0.7932692
424.8651,0.7932692
424.885,0.7932692
424.905,0.7932692
424.925,0.7932692
424.945,0.7932692
424.965,0.7932692
424.985,0.7932692
425.005,0.7932692
425.025,0.7932692
425.045,0.7932692
425.0649,0.7932692
425.0849,0.7932692
425.1049,0.7932692
425.1249,0.7932692
425.1449,0.7932692
425.1649,0.7932692
425.1849,0.7932692
425.2049,0.7932692
425.2249,0.7932692
425.2448,0.7932692
425.2648,0.7932692
425.2848,0.7932692
425.3048,0.7932692
425.3248,0.7932692
425.3448,0.7932692
425.3648,0.7932692
425.3848,0.7932692
425.4048,0.7932692
425.4247,0.7932692
425.4447,0.7932692
425.4647,0.7932692
425.4847,0.7932692
425.5047,0.7932692
425.5247,0.7932692
425.5447,0.7932692
425.5647,0.7932692
425.5847,0.7932692
425.6046,0.7932692
425.6246,0.7932692
425.6446,0.7932692
425.6646,0.7932692
425.6846,0.7932692
425.7046,0.7932692
425.7246,0.7932692
425.7446,0.7932692
425.7646,0.7932692
425.7845,0.7932692
425.8045,0.7932692
425.8245,0.7932692
425.8445,0.7932692
425.8645,0.7932692
425.8845,0.7932692
425.9045,0.7932692
425.9245,0.7932692
425.9445,0.7932692
425.9644,0.7932692
425.9844,0.7932692
426.0044,0.7932692
426.0244,0.7932692
426.0444,0.7932692
426.0644,0.7932692
426.0844,0.7932692
426.1044,0.7932692
426.1244,0.7932692
426.1443,0.7932692
426.1643,0.7932692
426.1843,0.7932692
426.2043,0.7932692
426.2243,0.7932692
426.2443,0.7932692
426.2643,0.7932692
426.2843,0.7932692
426.3043,0.7932692
426.3242,0.7932692
426.3442,0.7932692
426.3642,0.7932692
426.3842,0.7932692
426.4042,0.7932692
426.4242,0.7932692
426.4442,0.7932692
426.4642,0.7932692
426.4842,0.7932692
426.5042,0.7932692
426.5241,0.7932692
426.5441,0.7932692
426.5641,0.7932692
426.5841,0.7932692
426.6041,0.7932692
426.6241,0.7932692
426.6441,0.7932692
426.6641,0.7932692
426.6841,0.7932692
426.704,0.7932692
426.724,0.7932692
426.744,0.7932692
426.764,0.7932692
426.784,0.7932692
426.804,0.7932692
426.824,0.7932692
426.844,0.7932692
426.864,0.7932692
426.8839,0.7932692
426.9039,0.7932692
426.9239,0.7932692
426.9439,0.7932692
426.9639,0.7932692
426.9839,0.7932692
427.0039,0.7932692
427.0239,0.7932692
427.0439,0.7932692
427.0638,0.7932692
427.0838,0.7932692
427.1038,0.7932692
427.1238,0.7932692
427.1438,0.7932692
427.1638,0.7932692
427.1838,0.7932692
427.2038,0.7932692
427.2238,0.7932692
427.2437,0.7932692
427.2637,0.7932692
427.2837,0.7932692
427.3037,0.7932692
427.3237,0.7932692
427.3437,0.7932692
427.3637,0.7932692
427.3837,0.7932692
427.4037,0.7932692
427.4236,0.7932692
427.4436,0.7932692
427.4636,0.7932692
427.4836,0.7932692
427.5036,0.7932692
427.5236,0.7932692
427.5436,0.7932692
427.5636,0.7932692
427.5836,0.7932692
427.6035,0.7932692
427.6235,0.7932692
427.6435,0.7932692
427.6635,0.7932692
427.6835,0.7932692
427.7035,0.7932692
427.7235,0.7932692
427.7435,0.7932692
427.7635,0.7932692
427.7834,0.7932692
427.8034,0.7932692
427.8234,0.7932692
427.8434,0.7932692
427.8634,0.7932692
427.8834,0.7932692
427.9034,0.7932692
427.9234,0.7932692
427.9434,0.7932692
427.9633,0.7932692
427.9833,0.7932692
428.0033,0.7932692
428.0233,0.7932692
428.0433,0.7932692
428.0633,0.7932692
428.0833,0.7932692
428.1033,0.7932692
428.1233,0.7932692
428.1432,0.7932692
428.1632,0.7932692
428.1832,0.7932692
428.2032,0.7932692
428.2232,0.7932692
428.2432,0.7932692
428.2632,0.7932692
428.2832,0.7932692
428.3032,0.7932692
428.3232,0.7932692
428.3431,0.7932692
428.3631,0.7932692
428.3831,0.7932692
428.4031,0.7932692
428.4231,0.7932692
428.4431,0.7932692
428.4631,0.7932692
428.4831,0.7932692
428.5031,0.7932692
428.523,0.7932692
428.543,0.7932692
428.563,0.7932692
428.583,0.7932692
428.603,0.7932692
428.623,0.7932692
428.643,0.7932692
428.663,0.7932692
428.683,0.7932692
428.7029,0.7932692
428.7229,0.7932692
428.7429,0.7932692
428.7629,0.7932692
428.7829,0.7932692
428.8029,0.7932692
428.8229,0.7932692
428.8429,0.7932692
428.8629,0.7932692
428.8828,0.7932692
428.9028,0.7932692
428.9228,0.7932692
428.9428,0.7932692
428.9628,0.7932692
428.9828,0.7932692
429.0028,0.7932692
429.0228,0.7932692
429.0428,0.7932692
429.0627,0.7932692
429.0827,0.7932692
429.1027,0.7932692
429.1227,0.7932692
429.1427,0.7932692
429.1627,0.7932692
429.1827,0.7932692
429.2027,0.7932692
429.2227,0.7932692
429.2426,0.7932692
429.2626,0.7932692
429.2826,0.7932692
429.3026,0.7932692
429.3226,0.7932692
429.3426,0.7932692
429.3626,0.7932692
429.3826,0.7932692
429.4026,0.7932692
429.4225,0.7932692
429.4425,0.7932692
429.4625,0.7932692
429.4825,0.7932692
429.5025,0.7932692
429.5225,0.7932692
429.5425,0.7932692
429.5625,0.7932692
429.5825,0.7932692
429.6024,0.7932692
429.6224,0.7932692
429.6424,0.7932692
429.6624,0.7932692
429.6824,0.7932692
429.7024,0.7932692
429.7224,0.7932692
429.7424,0.7932692
429.7624,0.7932692
429.7823,0.7932692
429.8023,0.7932692
429.8223,0.7932692
429.8423,0.7932692
429.8623,0.7932692
429.8823,0.7932692
429.9023,0.7932692
429.9223,0.7932692
429.9423,0.7932692
429.9622,0.7932692
429.9822,0.7932692
430.0022,0.7932692
430.0222,0.7932692
430.0422,0.7932692
430.0622,0.7932692
430.0822,0.7932692
430.1022,0.7932692
430.1222,0.7932692
430.1422,0.7932692
430.1621,0.7932692
430.1821,0.7932692
430.2021,0.7932692
430.2221,0.7932692
430.2421,0.7932692
430.2621,0.7932692
430.2821,0.7932692
430.3021,0.7932692
430.3221,0.7932692
430.342,0.7932692
430.362,0.7932692
430.382,0.7932692
430.402,0.7932692
430.422,0.7932692
430.442,0.7932692
430.462,0.7932692
430.482,0.7932692
430.502,0.7932692
430.5219,0.7932692
430.5419,0.7932692
430.5619,0.7932692
430.5819,0.7932692
430.6019,0.7932692
430.6219,0.7932692
430.6419,0.7932692
430.6619,0.7932692
430.6819,0.7932692
430.7018,0.7932692
430.7218,0.7932692
430.7418,0.7932692
430.7618,0.7932692
430.7818,0.7932692
430.8018,0.7932692
430.8218,0.7932692
430.8418,0.7932692
430.8618,0.7932692
430.8817,0.7932692
430.9017,0.7932692
430.9217,0.7932692
430.9417,0.7932692
430.9617,0.7932692
430.9817,0.7932692
431.0017,0.7932692
431.0217,0.7932692
431.0417,0.7932692
431.0616,0.7932692
431.0816,0.7932692
431.1016,0.7932692
431.1216,0.7932692
431.1416,0.7932692
431.1616,0.7932692
431.1816,0.7932692
431.2016,0.7932692
431.2216,0.7932692
431.2415,0.7932692
431.2615,0.7932692
431.2815,0.7932692
431.3015,0.7932692
431.3215,0.7932692
431.3415,0.7932692
431.3615,0.7932692
431.3815,0.7932692
431.4015,0.7932692
431.4214,0.7932692
431.4414,0.7932692
431.4614,0.7932692
431.4814,0.7932692
431.5014,0.7932692
431.5214,0.7932692
431.5414,0.7932692
431.5614,0.7932692
431.5814,0.7932692
431.6013,0.7932692
431.6213,0.7932692
431.6413,0.7932692
431.6613,0.7932692
431.6813,0.7932692
431.7013,0.7932692
431.7213,0.7932692
431.7413,0.7932692
431.7613,0.7932692
431.7813,0.7932692
431.8012,0.7932692
431.8212,0.7932692
431.8412,0.7932692
431.8612,0.7932692
431.8812,0.7932692
431.9012,0.7932692
431.9212,0.7932692
431.9412,0.7932692
431.9612,0.7932692
431.9811,0.7932692
432.0011,0.7932692
432.0211,0.7932692
432.0411,0.7932692
432.0611,0.7932692
432.0811,0.7932692
432.1011,0.7932692
432.1211,0.7932692
432.1411,0.7932692
432.161,0.7932692
432.181,0.7932692
432.201,0.7932692
432.221,0.7932692
432.241,0.7932692
432.261,0.7932692
432.281,0.7932692
432.301,0.7932692
432.321,0.7932692
432.3409,0.7932692
432.3609,0.7932692
432.3809,0.7932692
432.4009,0.7932692
432.4209,0.7932692
432.4409,0.7932692
432.4609,0.7932692
432.4809,0.7932692
432.5009,0.7932692
432.5208,0.7932692
432.5408,0.7932692
432.5608,0.7932692
432.5808,0.7932692
432.6008,0.7932692
432.6208,0.7932692
432.6408,0.7932692
432.6608,0.7932692
432.6808,0.7932692
432.7007,0.7932692
432.7207,0.7932692
432.7407,0.7932692
432.7607,0.7932692
432.7807,0.7932692
432.8007,0.7932692
432.8207,0.7932692
432.8407,0.7932692
432.8607,0.7932692
432.8806,0.7932692
432.9006,0.7932692
432.9206,0.7932692
432.9406,0.7932692
432.9606,0.7932692
432.9806,0.7932692
433.0006,0.7932692
433.0206,0.7932692
433.0406,0.7932692
433.0605,0.7932692
433.0805,0.7932692
433.1005,0.7932692
433.1205,0.7932692
433.1405,0.7932692
433.1605,0.7932692
433.1805,0.7932692
433.2005,0.7932692
433.2205,0.7932692
433.2404,0.7932692
433.2604,0.7932692
433.2804,0.7932692
433.3004,0.7932692
433.3204,0.7932692
433.3404,0.7932692
433.3604,0.7932692
433.3804,0.7932692
433.4004,0.7932692
433.4203,0.7932692
433.4403,0.7932692
433.4603,0.7932692
433.4803,0.7932692
433.5003,0.7932692
433.5203,0.7932692
433.5403,0.7932692
433.5603,0.7932692
433.5803,0.7932692
433.6003,0.7932692
433.6202,0.7932692
433.6402,0.7932692
433.6602,0.7932692
433.6802,0.7932692
433.7002,0.7932692
433.7202,0.7932692
433.7402,0.7932692
433.7602,0.7932692
433.7802,0.7932692
433.8001,0.7932692
433.8201,0.7932692
433.8401,0.7932692
433.8601,0.7932692
433.8801,0.7932692
433.9001,0.7932692
433.9201,0.7932692
433.9401,0.7932692
433.9601,0.7932692
433.98,0.7932692
434,0.7932692
434.02,0.7932692
434.04,0.7932692
434.06,0.7932692
434.08,0.7932692
434.1,0.7932692
434.12,0.7932692
434.14,0.7932692
434.1599,0.7932692
434.1799,0.7932692
434.1999,0.7932692
434.2199,0.7932692
434.2399,0.7932692
434.2599,0.7932692
434.2799,0.7932692
434.2999,0.7932692
434.3199,0.7932692
434.3398,0.7932692
434.3598,0.7932692
434.3798,0.7932692
434.3998,0.7932692
434.4198,0.7932692
434.4398,0.7932692
434.4598,0.7932692
434.4798,0.7932692
434.4998,0.7932692
434.5197,0.7932692
434.5397,0.7932692
434.5597,0.7932692
434.5797,0.7932692
434.5997,0.7932692
434.6197,0.7932692
434.6397,0.7932692
434.6597,0.7932692
434.6797,0.7932692
434.6996,0.7932692
434.7196,0.7932692
434.7396,0.7932692
434.7596,0.7932692
434.7796,0.7932692
434.7996,0.7932692
434.8196,0.7932692
434.8396,0.7932692
434.8596,0.7932692
434.8795,0.7932692
434.8995,0.7932692
434.9195,0.7932692
434.9395,0.7932692
434.9595,0.7932692
434.9795,0.7932692
434.9995,0.7932692
435.0195,0.7932692
435.0395,0.7932692
435.0594,0.7932692
435.0794,0.7932692
435.0994,0.7932692
435.1194,0.7932692
435.1394,0.7932692
435.1594,0.7932692
435.1794,0.7932692
435.1994,0.7932692
435.2194,0.7932692
435.2393,0.7932692
435.2593,0.7932692
435.2793,0.7932692
435.2993,0.7932692
435.3193,0.7932692
435.3393,0.7932692
435.3593,0.7932692
435.3793,0.7932692
435.3993,0.7932692
435.4193,0.7932692
435.4392,0.7932692
435.4592,0.7932692
435.4792,0.7932692
435.4992,0.7932692
435.5192,0.7932692
435.5392,0.7932692
435.5592,0.7932692
435.5792,0.7932692
435.5992,0.7932692
435.6191,0.7932692
435.6391,0.7932692
435.6591,0.7932692
435.6791,0.7932692
435.6991,0.7932692
435.7191,0.7932692
435.7391,0.7932692
435.7591,0.7932692
435.7791,0.7932692
435.799,0.7932692
435.819,0.7932692
435.839,0.7932692
435.859,0.7932692
435.879,0.7932692
435.899,0.7932692
435.919,0.7932692
435.939,0.7932692
435.959,0.7932692
435.9789,0.7932692
435.9989,0.7932692
436.0189,0.7932692
436.0389,0.7932692
436.0589,0.7932692
436.0789,0.7932692
436.0989,0.7932692
436.1189,0.7932692
436.1389,0.7932692
436.1588,0.7932692
436.1788,0.7932692
436.1988,0.7932692
436.2188,0.7932692
436.2388,0.7932692
436.2588,0.7932692
436.2788,0.7932692
436.2988,0.7932692
436.3188,0.7932692
436.3387,0.7932692
436.3587,0.7932692
436.3787,0.7932692
436.3987,0.7932692
436.4187,0.7932692
436.4387,0.7932692
436.4587,0.7932692
436.4787,0.7932692
436.4987,0.7932692
436.5186,0.7932692
436.5386,0.7932692
436.5586,0.7932692
436.5786,0.7932692
436.5986,0.7932692
436.6186,0.7932692
436.6386,0.7932692
436.6586,0.7932692
436.6786,0.7932692
436.6985,0.7932692
436.7185,0.7932692
436.7385,0.7932692
436.7585,0.7932692
436.7785,0.7932692
436.7985,0.7932692
436.8185,0.7932692
436.8385,0.7932692
436.8585,0.7932692
436.8784,0.7932692
436.8984,0.7932692
436.9184,0.7932692
436.9384,0.7932692
436.9584,0.7932692
436.9784,0.7932692
436.9984,0.7932692
437.0184,0.7932692
437.0384,0.7932692
437.0583,0.7932692
437.0783,0.7932692
437.0983,0.7932692
437.1183,0.7932692
437.1383,0.7932692
437.1583,0.7932692
437.1783,0.7932692
437.1983,0.7932692
437.2183,0.7932692
437.2383,0.7932692
437.2582,0.7932692
437.2782,0.7932692
437.2982,0.7932692
437.3182,0.7932692
437.3382,0.7932692
437.3582,0.7932692
437.3782,0.7932692
437.3982,0.7932692
437.4182,0.7932692
437.4381,0.7932692
437.4581,0.7932692
437.4781,0.7932692
437.4981,0.7932692
437.5181,0.7932692
437.5381,0.7932692
437.5581,0.7932692
437.5781,0.7932692
437.5981,0.7932692
437.618,0.7932692
437.638,0.7932692
437.658,0.7932692
437.678,0.7932692
437.698,0.7932692
437.718,0.7932692
437.738,0.7932692
437.758,0.7932692
437.778,0.7932692
437.7979,0.7932692
437.8179,0.7932692
437.8379,0.7932692
437.8579,0.7932692
437.8779,0.7932692
437.8979,0.7932692
437.9179,0.7932692
437.9379,0.7932692
437.9579,0.7932692
437.9778,0.7932692
437.9978,0.7932692
438.0178,0.7932692
438.0378,0.7932692
438.0578,0.7932692
438.0778,0.7932692
438.0978,0.7932692
438.1178,0.7932692
438.1378,0.7932692
438.1577,0.7932692
438.1777,0.7932692
438.1977,0.7932692
438.2177,0.7932692
438.2377,0.7932692
438.2577,0.7932692
438.2777,0.7932692
438.2977,0.7932692
438.3177,0.7932692
438.3376,0.7932692
438.3576,0.7932692
438.3776,0.7932692
438.3976,0.7932692
438.4176,0.7932692
438.4376,0.7932692
438.4576,0.7932692
438.4776,0.7932692
438.4976,0.7932692
438.5175,0.7932692
438.5375,0.7932692
438.5575,0.7932692
438.5775,0.7932692
438.5975,0.7932692
438.6175,0.7932692
438.6375,0.7932692
438.6575,0.7932692
438.6775,0.7932692
438.6974,0.7932692
438.7174,0.7932692
438.7374,0.7932692
438.7574,0.7932692
438.7774,0.7932692
438.7974,0.7932692
438.8174,0.7932692
438.8374,0.7932692
438.8574,0.7932692
438.8773,0.7932692
438.8973,0.7932692
438.9173,0.7932692
438.9373,0.7932692
438.9573,0.7932692
438.9773,0.7932692
438.9973,0.7932692
439.0173,0.7932692
439.0373,0.7932692
439.0573,0.7932692
439.0772,0.7932692
439.0972,0.7980769
439.1172,0.7980769
439.1372,0.7980769
439.1572,0.7980769
439.1772,0.7980769
439.1972,0.7980769
439.2172,0.7980769
439.2372,0.7980769
439.2571,0.7980769
439.2771,0.7980769
439.2971,0.7980769
439.3171,0.7980769
439.3371,0.7980769
439.3571,0.7980769
439.3771,0.7980769
439.3971,0.7980769
439.4171,0.7980769
439.437,0.7980769
439.457,0.7980769
439.477,0.7980769
439.497,0.7980769
439.517,0.7980769
439.537,0.7980769
439.557,0.7980769
439.577,0.7980769
439.597,0.7980769
439.6169,0.7980769
439.6369,0.7980769
439.6569,0.7980769
439.6769,0.7980769
439.6969,0.7980769
439.7169,0.7980769
439.7369,0.7980769
439.7569,0.7980769
439.7769,0.7980769
439.7968,0.7980769
439.8168,0.7980769
439.8368,0.7980769
439.8568,0.7980769
439.8768,0.7980769
439.8968,0.7980769
439.9168,0.7980769
439.9368,0.7980769
439.9568,0.7980769
439.9767,0.7980769
439.9967,0.7980769
440.0167,0.7980769
440.0367,0.7980769
440.0567,0.7980769
440.0767,0.7980769
440.0967,0.7980769
440.1167,0.7980769
440.1367,0.7980769
440.1566,0.7980769
440.1766,0.7980769
440.1966,0.7980769
440.2166,0.7980769
440.2366,0.7980769
440.2566,0.7980769
440.2766,0.7980769
440.2966,0.7980769
440.3166,0.7980769
440.3365,0.7980769
440.3565,0.7980769
440.3765,0.7980769
440.3965,0.7980769
440.4165,0.7980769
440.4365,0.7980769
440.4565,0.7980769
440.4765,0.7980769
440.4965,0.7980769
440.5164,0.7980769
440.5364,0.7980769
440.5564,0.7980769
440.5764,0.7980769
440.5964,0.7980769
440.6164,0.7980769
440.6364,0.7980769
440.6564,0.7980769
440.6764,0.7980769
440.6964,0.7980769
440.7163,0.7980769
440.7363,0.7980769
440.7563,0.7980769
440.7763,0.7980769
440.7963,0.7980769
440.8163,0.7980769
440.8363,0.7980769
440.8563,0.7980769
440.8763,0.7980769
440.8962,0.7980769
440.9162,0.7980769
440.9362,0.7980769
440.9562,0.7980769
440.9762,0.7980769
440.9962,0.7980769
441.0162,0.7980769
441.0362,0.7980769
441.0562,0.7980769
441.0761,0.7980769
441.0961,0.7980769
441.1161,0.7980769
441.1361,0.7980769
441.1561,0.7980769
441.1761,0.7980769
441.1961,0.7980769
441.2161,0.7980769
441.2361,0.7980769
441.256,0.7980769
441.276,0.7980769
441.296,0.7980769
441.316,0.7980769
441.336,0.7980769
441.356,0.7980769
441.376,0.7980769
441.396,0.7980769
441.416,0.7980769
441.4359,0.7980769
441.4559,0.7980769
441.4759,0.7980769
441.4959,0.7980769
441.5159,0.7980769
441.5359,0.7980769
441.5559,0.7980769
441.5759,0.7980769
441.5959,0.7980769
441.6158,0.7980769
441.6358,0.7980769
441.6558,0.7980769
441.6758,0.7980769
441.6958,0.7980769
441.7158,0.7980769
441.7358,0.7980769
441.7558,0.7980769
441.7758,0.7980769
441.7957,0.7980769
441.8157,0.7980769
441.8357,0.7980769
441.8557,0.7980769
441.8757,0.7980769
441.8957,0.7980769
441.9157,0.7980769
441.9357,0.7980769
441.9557,0.7980769
441.9756,0.7980769
441.9956,0.7980769
442.0156,0.7980769
442.0356,0.7980769
442.0556,0.7980769
442.0756,0.7980769
442.0956,0.7980769
442.1156,0.7980769
442.1356,0.7980769
442.1555,0.7980769
442.1755,0.7980769
442.1955,0.7980769
442.2155,0.7980769
442.2355,0.7980769
442.2555,0.7980769
442.2755,0.7980769
442.2955,0.7980769
442.3155,0.7980769
442.3354,0.7980769
442.3554,0.7980769
442.3754,0.7980769
442.3954,0.7980769
442.4154,0.7980769
442.4354,0.7980769
442.4554,0.7980769
442.4754,0.7980769
442.4954,0.7980769
442.5154,0.7980769
442.5353,0.7980769
442.5553,0.7980769
442.5753,0.7980769
442.5953,0.7980769
442.6153,0.7980769
442.6353,0.7980769
442.6553,0.7980769
442.6753,0.7980769
442.6953,0.7980769
442.7152,0.7980769
442.7352,0.7980769
442.7552,0.7980769
442.7752,0.7980769
442.7952,0.7980769
442.8152,0.7980769
442.8352,0.7980769
442.8552,0.7980769
442.8752,0.7980769
442.8951,0.7980769
442.9151,0.7980769
442.9351,0.7980769
442.9551,0.7980769
442.9751,0.7980769
442.9951,0.7980769
443.0151,0.7980769
443.0351,0.7980769
443.0551,0.7980769
443.075,0.7980769
443.095,0.7980769
443.115,0.7980769
443.135,0.7980769
443.155,0.7980769
443.175,0.7980769
443.195,0.7980769
443.215,0.7980769
443.235,0.7980769
443.2549,0.7980769
443.2749,0.7980769
443.2949,0.7980769
443.3149,0.7980769
443.3349,0.7980769
443.3549,0.7980769
443.3749,0.7980769
443.3949,0.7980769
443.4149,0.7980769
443.4348,0.7980769
443.4548,0.7980769
443.4748,0.7980769
443.4948,0.7980769
443.5148,0.7980769
443.5348,0.7980769
443.5548,0.7980769
443.5748,0.7980769
443.5948,0.7980769
443.6147,0.7980769
443.6347,0.7980769
443.6547,0.7980769
443.6747,0.7980769
443.6947,0.7980769
443.7147,0.7980769
443.7347,0.7980769
443.7547,0.7980769
443.7747,0.7980769
443.7946,0.7980769
443.8146,0.7980769
443.8346,0.7980769
443.8546,0.7980769
443.8746,0.7980769
443.8946,0.7980769
443.9146,0.7980769
443.9346,0.7980769
443.9546,0.7980769
443.9745,0.7980769
443.9945,0.7980769
444.0145,0.7980769
444.0345,0.7980769
444.0545,0.7980769
444.0745,0.7980769
444.0945,0.7980769
444.1145,0.7980769
444.1345,0.7980769
444.1544,0.7980769
444.1744,0.7980769
444.1944,0.7980769
444.2144,0.7980769
444.2344,0.7980769
444.2544,0.7980769
444.2744,0.7980769
444.2944,0.7980769
444.3144,0.7980769
444.3344,0.7980769
444.3543,0.7980769
444.3743,0.7980769
444.3943,0.7980769
444.4143,0.7980769
444.4343,0.7980769
444.4543,0.7980769
444.4743,0.7980769
444.4943,0.7980769
444.5143,0.7980769
444.5342,0.7980769
444.5542,0.7980769
444.5742,0.7980769
444.5942,0.7980769
444.6142,0.7980769
444.6342,0.7980769
444.6542,0.7980769
444.6742,0.7980769
444.6942,0.7980769
444.7141,0.7980769
444.7341,0.7980769
444.7541,0.7980769
444.7741,0.7980769
444.7941,0.7980769
444.8141,0.7980769
444.8341,0.7980769
444.8541,0.7980769
444.8741,0.7980769
444.894,0.7980769
444.914,0.7980769
444.934,0.7980769
444.954,0.7980769
444.974,0.7980769
444.994,0.7980769
445.014,0.7980769
445.034,0.7980769
445.054,0.7980769
445.0739,0.7980769
445.0939,0.7980769
445.1139,0.7980769
445.1339,0.7980769
445.1539,0.7980769
445.1739,0.7980769
445.1939,0.7980769
445.2139,0.7980769
445.2339,0.7980769
445.2538,0.7980769
445.2738,0.7980769
445.2938,0.7980769
445.3138,0.7980769
445.3338,0.7980769
445.3538,0.7980769
445.3738,0.7980769
445.3938,0.7980769
445.4138,0.7980769
445.4337,0.7980769
445.4537,0.7980769
445.4737,0.7980769
445.4937,0.7980769
445.5137,0.7980769
445.5337,0.7980769
445.5537,0.7980769
445.5737,0.7980769
445.5937,0.7980769
445.6136,0.7980769
445.6336,0.7980769
445.6536,0.7980769
445.6736,0.7980769
445.6936,0.7980769
445.7136,0.7980769
445.7336,0.7980769
445.7536,0.7980769
445.7736,0.7980769
445.7935,0.7980769
445.8135,0.7980769
445.8335,0.7980769
445.8535,0.7980769
445.8735,0.7980769
445.8935,0.7980769
445.9135,0.7980769
445.9335,0.7980769
445.9535,0.7980769
445.9734,0.7980769
445.9934,0.7980769
446.0134,0.7980769
446.0334,0.7980769
446.0534,0.7980769
446.0734,0.7980769
446.0934,0.7980769
446.1134,0.7980769
446.1334,0.7980769
446.1534,0.7980769
446.1733,0.7980769
446.1933,0.7980769
446.2133,0.7980769
446.2333,0.7980769
446.2533,0.7980769
446.2733,0.7980769
446.2933,0.7980769
446.3133,0.7980769
446.3333,0.7980769
446.3532,0.7980769
446.3732,0.7980769
446.3932,0.7980769
446.4132,0.7980769
446.4332,0.7980769
446.4532,0.7980769
446.4732,0.7980769
446.4932,0.7980769
446.5132,0.7980769
446.5331,0.7980769
446.5531,0.7980769
446.5731,0.7980769
446.5931,0.7980769
446.6131,0.7980769
446.6331,0.7980769
446.6531,0.7980769
446.6731,0.7980769
446.6931,0.7980769
446.713,0.7980769
446.733,0.7980769
446.753,0.7980769
446.773,0.7980769
446.793,0.7980769
446.813,0.7980769
446.833,0.7980769
446.853,0.7980769
446.873,0.7980769
446.8929,0.7980769
446.9129,0.7980769
446.9329,0.7980769
446.9529,0.7980769
446.9729,0.7980769
446.9929,0.7980769
447.0129,0.7980769
447.0329,0.7980769
447.0529,0.7980769
447.0728,0.7980769
447.0928,0.7980769
447.1128,0.7980769
447.1328,0.7980769
447.1528,0.7980769
447.1728,0.7980769
447.1928,0.7980769
447.2128,0.7980769
447.2328,0.7980769
447.2527,0.7980769
447.2727,0.7980769
447.2927,0.7980769
447.3127,0.7980769
447.3327,0.7980769
447.3527,0.7980769
447.3727,0.7980769
447.3927,0.7980769
447.4127,0.7980769
447.4326,0.7980769
447.4526,0.7980769
447.4726,0.7980769
447.4926,0.7980769
447.5126,0.7980769
447.5326,0.7980769
447.5526,0.7980769
447.5726,0.7980769
447.5926,0.7980769
447.6125,0.7980769
447.6325,0.7980769
447.6525,0.7980769
447.6725,0.7980769
447.6925,0.7980769
447.7125,0.7980769
447.7325,0.7980769
447.7525,0.7980769
447.7725,0.7980769
447.7924,0.7980769
447.8124,0.7980769
447.8324,0.7980769
447.8524,0.7980769
447.8724,0.7980769
447.8924,0.7980769
447.9124,0.7980769
447.9324,0.7980769
447.9524,0.7980769
447.9724,0.7980769
447.9923,0.7980769
448.0123,0.7980769
448.0323,0.7980769
448.0523,0.7980769
448.0723,0.7980769
448.0923,0.7980769
448.1123,0.7980769
448.1323,0.7980769
448.1523,0.7980769
448.1722,0.7980769
448.1922,0.7980769
448.2122,0.7980769
448.2322,0.7980769
448.2522,0.7980769
448.2722,0.7980769
448.2922,0.7980769
448.3122,0.7980769
448.3322,0.7980769
448.3521,0.7980769
448.3721,0.7980769
448.3921,0.7980769
448.4121,0.7980769
448.4321,0.7980769
448.4521,0.7980769
448.4721,0.7980769
448.4921,0.7980769
448.5121,0.7980769
448.532,0.7980769
448.552,0.7980769
448.572,0.7980769
448.592,0.7980769
448.612,0.7980769
448.632,0.7980769
448.652,0.7980769
448.672,0.7980769
448.692,0.7980769
448.7119,0.7980769
448.7319,0.7980769
448.7519,0.7980769
448.7719,0.7980769
448.7919,0.7980769
448.8119,0.7980769
448.8319,0.7980769
448.8519,0.7980769
448.8719,0.7980769
448.8918,0.7980769
448.9118,0.7980769
448.9318,0.7980769
448.9518,0.7980769
448.9718,0.7980769
448.9918,0.7980769
449.0118,0.7980769
449.0318,0.7980769
449.0518,0.7980769
449.0717,0.7980769
449.0917,0.7980769
449.1117,0.7980769
449.1317,0.7980769
449.1517,0.7980769
449.1717,0.7980769
449.1917,0.7980769
449.2117,0.7980769
449.2317,0.7980769
449.2516,0.7980769
449.2716,0.7980769
449.2916,0.7980769
449.3116,0.7980769
449.3316,0.7980769
449.3516,0.7980769
449.3716,0.7980769
449.3916,0.7980769
449.4116,0.7980769
449.4315,0.7980769
449.4515,0.7980769
449.4715,0.7980769
449.4915,0.7980769
449.5115,0.7980769
449.5315,0.7980769
449.5515,0.7980769
449.5715,0.7980769
449.5915,0.7980769
449.6115,0.7980769
449.6314,0.7980769
449.6514,0.7980769
449.6714,0.7980769
449.6914,0.7980769
449.7114,0.7980769
449.7314,0.7980769
449.7514,0.7980769
449.7714,0.7980769
449.7914,0.7980769
449.8113,0.7980769
449.8313,0.7980769
449.8513,0.7980769
449.8713,0.7980769
449.8913,0.7980769
449.9113,0.7980769
449.9313,0.7980769
449.9513,0.7980769
449.9713,0.7980769
449.9912,0.7980769
450.0112,0.7980769
450.0312,0.7980769
450.0512,0.7980769
450.0712,0.7980769
450.0912,0.7980769
450.1112,0.7980769
450.1312,0.7980769
450.1512,0.7980769
450.1711,0.7980769
450.1911,0.7980769
450.2111,0.7980769
450.2311,0.7980769
450.2511,0.7980769
450.2711,0.7980769
450.2911,0.7980769
450.3111,0.7980769
450.3311,0.7980769
450.351,0.7980769
450.371,0.7980769
450.391,0.7980769
450.411,0.7980769
450.431,0.7980769
450.451,0.7980769
450.471,0.7980769
450.491,0.7980769
450.511,0.7980769
450.5309,0.7980769
450.5509,0.7980769
450.5709,0.7980769
450.5909,0.7980769
450.6109,0.7980769
450.6309,0.7980769
450.6509,0.7980769
450.6709,0.7980769
450.6909,0.7980769
450.7108,0.7980769
450.7308,0.7980769
450.7508,0.7980769
450.7708,0.7980769
450.7908,0.7980769
450.8108,0.7980769
450.8308,0.7980769
450.8508,0.7980769
450.8708,0.7980769
450.8907,0.7980769
450.9107,0.7980769
450.9307,0.7980769
450.9507,0.7980769
450.9707,0.7980769
450.9907,0.7980769
451.0107,0.7980769
451.0307,0.7980769
451.0507,0.7980769
451.0706,0.7980769
451.0906,0.7980769
451.1106,0.7980769
451.1306,0.7980769
451.1506,0.7980769
451.1706,0.7980769
451.1906,0.7980769
451.2106,0.7980769
451.2306,0.7980769
451.2505,0.7980769
451.2705,0.7980769
451.2905,0.7980769
451.3105,0.7980769
451.3305,0.7980769
451.3505,0.7980769
451.3705,0.7980769
451.3905,0.7980769
451.4105,0.7980769
451.4305,0.7980769
451.4504,0.7980769
451.4704,0.7980769
451.4904,0.7980769
451.5104,0.7980769
451.5304,0.7980769
451.5504,0.7980769
451.5704,0.7980769
451.5904,0.7980769
451.6104,0.7980769
451.6303,0.7980769
451.6503,0.7980769
451.6703,0.7980769
451.6903,0.7980769
451.7103,0.7980769
451.7303,0.7980769
451.7503,0.7980769
451.7703,0.7980769
451.7903,0.7980769
451.8102,0.7980769
451.8302,0.7980769
451.8502,0.7980769
451.8702,0.7980769
451.8902,0.7980769
451.9102,0.7980769
451.9302,0.7980769
451.9502,0.7980769
451.9702,0.7980769
451.9901,0.7980769
452.0101,0.7980769
452.0301,0.7980769
452.0501,0.7980769
452.0701,0.7980769
452.0901,0.7980769
452.1101,0.7980769
452.1301,0.7980769
452.1501,0.7980769
452.17,0.7980769
452.19,0.7980769
452.21,0.7980769
452.23,0.7980769
452.25,0.7980769
452.27,0.7980769
452.29,0.7980769
452.31,0.7980769
452.33,0.7980769
452.3499,0.7980769
452.3699,0.7980769
452.3899,0.7980769
452.4099,0.7980769
452.4299,0.7980769
452.4499,0.7980769
452.4699,0.7980769
452.4899,0.7980769
452.5099,0.7980769
452.5298,0.7980769
452.5498,0.7980769
452.5698,0.7980769
452.5898,0.7980769
452.6098,0.7980769
452.6298,0.7980769
452.6498,0.7980769
452.6698,0.7980769
452.6898,0.7980769
452.7097,0.7980769
452.7297,0.7980769
452.7497,0.7980769
452.7697,0.7980769
452.7897,0.7980769
452.8097,0.7980769
452.8297,0.7980769
452.8497,0.7980769
452.8697,0.7980769
452.8896,0.7980769
452.9096,0.7980769
452.9296,0.7980769
452.9496,0.7980769
452.9696,0.7980769
452.9896,0.7980769
453.0096,0.7980769
453.0296,0.7980769
453.0496,0.7980769
453.0695,0.7980769
453.0895,0.7980769
453.1095,0.7980769
453.1295,0.7980769
453.1495,0.7980769
453.1695,0.7980769
453.1895,0.7980769
453.2095,0.7980769
453.2295,0.7980769
453.2495,0.7980769
453.2694,0.7980769
453.2894,0.7980769
453.3094,0.7980769
453.3294,0.7980769
453.3494,0.7980769
453.3694,0.7980769
453.3894,0.7980769
453.4094,0.7980769
453.4294,0.7980769
453.4493,0.7980769
453.4693,0.7980769
453.4893,0.7980769
453.5093,0.7980769
453.5293,0.7980769
453.5493,0.7980769
453.5693,0.7980769
453.5893,0.7980769
453.6093,0.7980769
453.6292,0.7980769
453.6492,0.7980769
453.6692,0.7980769
453.6892,0.7980769
453.7092,0.7980769
453.7292,0.7980769
453.7492,0.7980769
453.7692,0.7980769
453.7892,0.7980769
453.8091,0.7980769
453.8291,0.7980769
453.8491,0.7980769
453.8691,0.7980769
453.8891,0.7980769
453.9091,0.7980769
453.9291,0.7980769
453.9491,0.7980769
453.9691,0.7980769
453.989,0.7980769
454.009,0.7980769
454.029,0.7980769
454.049,0.7980769
454.069,0.7980769
454.089,0.7980769
454.109,0.7980769
454.129,0.7980769
454.149,0.7980769
454.1689,0.7980769
454.1889,0.7980769
454.2089,0.7980769
454.2289,0.7980769
454.2489,0.7980769
454.2689,0.7980769
454.2889,0.7980769
454.3089,0.7980769
454.3289,0.7980769
454.3488,0.7980769
454.3688,0.7980769
454.3888,0.7980769
454.4088,0.7980769
454.4288,0.7980769
454.4488,0.7980769
454.4688,0.7980769
454.4888,0.7980769
454.5088,0.7980769
454.5287,0.7980769
454.5487,0.7980769
454.5687,0.7980769
454.5887,0.7980769
454.6087,0.7980769
454.6287,0.7980769
454.6487,0.7980769
454.6687,0.7980769
454.6887,0.7980769
454.7086,0.7980769
454.7286,0.7980769
454.7486,0.7980769
454.7686,0.7980769
454.7886,0.7980769
454.8086,0.7980769
454.8286,0.7980769
454.8486,0.7980769
454.8686,0.7980769
454.8885,0.7980769
454.9085,0.7980769
454.9285,0.7980769
454.9485,0.7980769
454.9685,0.7980769
454.9885,0.7980769
455.0085,0.7980769
455.0285,0.7980769
455.0485,0.7980769
455.0685,0.7980769
455.0884,0.7980769
455.1084,0.7980769
455.1284,0.7980769
455.1484,0.7980769
455.1684,0.7980769
455.1884,0.7980769
455.2084,0.7980769
455.2284,0.7980769
455.2484,0.7980769
455.2683,0.7980769
455.2883,0.7980769
455.3083,0.7980769
455.3283,0.7980769
455.3483,0.7980769
455.3683,0.7980769
455.3883,0.7980769
455.4083,0.7980769
455.4283,0.7980769
455.4482,0.7980769
455.4682,0.7980769
455.4882,0.7980769
455.5082,0.7980769
455.5282,0.7980769
455.5482,0.7980769
455.5682,0.7980769
455.5882,0.7980769
455.6082,0.7980769
455.6281,0.7980769
455.6481,0.7980769
455.6681,0.7980769
455.6881,0.7980769
455.7081,0.7980769
455.7281,0.7980769
455.7481,0.7980769
455.7681,0.7980769
455.7881,0.7980769
455.808,0.7980769
455.828,0.7980769
455.848,0.7980769
455.868,0.7980769
455.888,0.7980769
455.908,0.7980769
455.928,0.7980769
455.948,0.7980769
455.968,0.7980769
455.9879,0.7980769
456.0079,0.7980769
456.0279,0.7980769
456.0479,0.7980769
456.0679,0.7980769
456.0879,0.7980769
456.1079,0.7980769
456.1279,0.7980769
456.1479,0.7980769
456.1678,0.7980769
456.1878,0.7980769
456.2078,0.7980769
456.2278,0.7980769
456.2478,0.7980769
456.2678,0.7980769
456.2878,0.7980769
456.3078,0.7980769
456.3278,0.7980769
456.3477,0.7980769
456.3677,0.7980769
456.3877,0.7980769
456.4077,0.7980769
456.4277,0.7980769
456.4477,0.7980769
456.4677,0.7980769
456.4877,0.7980769
456.5077,0.7980769
456.5276,0.7980769
456.5476,0.7980769
456.5676,0.7980769
456.5876,0.7980769
456.6076,0.7980769
456.6276,0.7980769
456.6476,0.7980769
456.6676,0.7980769
456.6876,0.7980769
456.7076,0.7980769
456.7275,0.7980769
456.7475,0.7980769
456.7675,0.7980769
456.7875,0.7980769
456.8075,0.7980769
456.8275,0.7980769
456.8475,0.7980769
456.8675,0.7980769
456.8875,0.7980769
456.9074,0.7980769
456.9274,0.7980769
456.9474,0.7980769
456.9674,0.7980769
456.9874,0.7980769
457.0074,0.7980769
457.0274,0.7980769
457.0474,0.7980769
457.0674,0.7980769
457.0873,0.7980769
457.1073,0.7980769
457.1273,0.7980769
457.1473,0.7980769
457.1673,0.7980769
457.1873,0.7980769
457.2073,0.7980769
457.2273,0.7980769
457.2473,0.7980769
457.2672,0.7980769
457.2872,0.7980769
457.3072,0.7980769
457.3272,0.7980769
457.3472,0.7980769
457.3672,0.7980769
457.3872,0.7980769
457.4072,0.7980769
457.4272,0.7980769
457.4471,0.7980769
457.4671,0.7980769
457.4871,0.7980769
457.5071,0.7980769
457.5271,0.7980769
457.5471,0.7980769
457.5671,0.7980769
457.5871,0.7980769
457.6071,0.7980769
457.627,0.7980769
457.647,0.7980769
457.667,0.7980769
457.687,0.7980769
457.707,0.7980769
457.727,0.7980769
457.747,0.7980769
457.767,0.7980769
457.787,0.7980769
457.8069,0.7980769
457.8269,0.7980769
457.8469,0.7980769
457.8669,0.7980769
457.8869,0.7980769
457.9069,0.7980769
457.9269,0.7980769
457.9469,0.7980769
457.9669,0.7980769
457.9868,0.7980769
458.0068,0.7980769
458.0268,0.7980769
458.0468,0.7980769
458.0668,0.7980769
458.0868,0.7980769
458.1068,0.7980769
458.1268,0.7980769
458.1468,0.7980769
458.1667,0.7980769
458.1867,0.7980769
458.2067,0.7980769
458.2267,0.7980769
458.2467,0.7980769
458.2667,0.7980769
458.2867,0.7980769
458.3067,0.7980769
458.3267,0.7980769
458.3466,0.7980769
458.3666,0.7980769
458.3866,0.7980769
458.4066,0.7980769
458.4266,0.7980769
458.4466,0.7980769
458.4666,0.7980769
458.4866,0.7980769
458.5066,0.7980769
458.5266,0.7980769
458.5465,0.7980769
458.5665,0.7980769
458.5865,0.7980769
458.6065,0.7980769
458.6265,0.7980769
458.6465,0.7980769
458.6665,0.7980769
458.6865,0.7980769
458.7065,0.7980769
458.7264,0.7980769
458.7464,0.7980769
458.7664,0.7980769
458.7864,0.7980769
458.8064,0.7980769
458.8264,0.7980769
458.8464,0.7980769
458.8664,0.7980769
458.8864,0.7980769
458.9063,0.7980769
458.9263,0.7980769
458.9463,0.7980769
458.9663,0.7980769
458.9863,0.7980769
459.0063,0.7980769
459.0263,0.7980769
459.0463,0.7980769
459.0663,0.7980769
459.0862,0.7980769
459.1062,0.7980769
459.1262,0.7980769
459.1462,0.7980769
459.1662,0.7980769
459.1862,0.7980769
459.2062,0.7980769
459.2262,0.7980769
459.2462,0.7980769
459.2661,0.7980769
459.2861,0.7980769
459.3061,0.7980769
459.3261,0.7980769
459.3461,0.7980769
459.3661,0.7980769
459.3861,0.7980769
459.4061,0.7980769
459.4261,0.7980769
459.446,0.7980769
459.466,0.7980769
459.486,0.7980769
459.506,0.7980769
459.526,0.7980769
459.546,0.7980769
459.566,0.7980769
459.586,0.7980769
459.606,0.7980769
459.6259,0.7980769
459.6459,0.7980769
459.6659,0.7980769
459.6859,0.7980769
459.7059,0.7980769
459.7259,0.7980769
459.7459,0.7980769
459.7659,0.7980769
459.7859,0.7980769
459.8058,0.7980769
459.8258,0.7980769
459.8458,0.7980769
459.8658,0.7980769
459.8858,0.7980769
459.9058,0.7980769
459.9258,0.7980769
459.9458,0.7980769
459.9658,0.7980769
459.9857,0.7980769
460.0057,0.7980769
460.0257,0.7980769
460.0457,0.7980769
460.0657,0.7980769
460.0857,0.7980769
460.1057,0.7980769
460.1257,0.7980769
460.1457,0.7980769
460.1656,0.7980769
460.1856,0.7980769
460.2056,0.7980769
460.2256,0.7980769
460.2456,0.7980769
460.2656,0.7980769
460.2856,0.7980769
460.3056,0.7980769
460.3256,0.7980769
460.3456,0.7980769
460.3655,0.7980769
460.3855,0.7980769
460.4055,0.7980769
460.4255,0.7980769
460.4455,0.7980769
460.4655,0.7980769
460.4855,0.7980769
460.5055,0.7980769
460.5255,0.7980769
460.5454,0.7980769
460.5654,0.7980769
460.5854,0.7980769
460.6054,0.7980769
460.6254,0.7980769
460.6454,0.7980769
460.6654,0.7980769
460.6854,0.7980769
460.7054,0.7980769
460.7253,0.7980769
460.7453,0.7980769
460.7653,0.7980769
460.7853,0.7980769
460.8053,0.7980769
460.8253,0.7980769
460.8453,0.7980769
460.8653,0.7980769
460.8853,0.7980769
460.9052,0.7980769
460.9252,0.7980769
460.9452,0.7980769
460.9652,0.7980769
460.9852,0.7980769
461.0052,0.7980769
461.0252,0.7980769
461.0452,0.7980769
461.0652,0.7980769
461.0851,0.7980769
461.1051,0.7980769
461.1251,0.7980769
461.1451,0.7980769
461.1651,0.7980769
461.1851,0.7980769
461.2051,0.7980769
461.2251,0.7980769
461.2451,0.7980769
461.265,0.7980769
461.285,0.7980769
461.305,0.7980769
461.325,0.7980769
461.345,0.7980769
461.365,0.7980769
461.385,0.7980769
461.405,0.7980769
461.425,0.7980769
461.4449,0.7980769
461.4649,0.7980769
461.4849,0.7980769
461.5049,0.7980769
461.5249,0.7980769
461.5449,0.7980769
461.5649,0.7980769
461.5849,0.7980769
461.6049,0.7980769
461.6248,0.7980769
461.6448,0.7980769
461.6648,0.7980769
461.6848,0.7980769
461.7048,0.7980769
461.7248,0.7980769
461.7448,0.7980769
461.7648,0.7980769
461.7848,0.7980769
461.8047,0.7980769
461.8247,0.7980769
461.8447,0.7980769
461.8647,0.7980769
461.8847,0.7980769
461.9047,0.7980769
461.9247,0.7980769
461.9447,0.7980769
461.9647,0.7980769
461.9846,0.7980769
462.0046,0.7980769
462.0246,0.7980769
462.0446,0.7980769
462.0646,0.7980769
462.0846,0.7980769
462.1046,0.7980769
462.1246,0.7980769
462.1446,0.7980769
462.1646,0.7980769
462.1845,0.7980769
462.2045,0.7980769
462.2245,0.7980769
462.2445,0.7980769
462.2645,0.7980769
462.2845,0.7980769
462.3045,0.7980769
462.3245,0.7980769
462.3445,0.7980769
462.3644,0.7980769
462.3844,0.7980769
462.4044,0.7980769
462.4244,0.7980769
462.4444,0.7980769
462.4644,0.7980769
462.4844,0.7980769
462.5044,0.7980769
462.5244,0.7980769
462.5443,0.7980769
462.5643,0.7980769
462.5843,0.7980769
462.6043,0.7980769
462.6243,0.7980769
462.6443,0.7980769
462.6643,0.7980769
462.6843,0.7980769
462.7043,0.7980769
462.7242,0.7980769
462.7442,0.7980769
462.7642,0.7980769
462.7842,0.7980769
462.8042,0.7980769
462.8242,0.7980769
462.8442,0.7980769
462.8642,0.7980769
462.8842,0.7980769
462.9041,0.7980769
462.9241,0.7980769
462.9441,0.7980769
462.9641,0.7980769
462.9841,0.7980769
463.0041,0.7980769
463.0241,0.7980769
463.0441,0.7980769
463.0641,0.7980769
463.084,0.7980769
463.104,0.7980769
463.124,0.7980769
463.144,0.7980769
463.164,0.7980769
463.184,0.7980769
463.204,0.7980769
463.224,0.7980769
463.244,0.7980769
463.2639,0.7980769
463.2839,0.7980769
463.3039,0.7980769
463.3239,0.7980769
463.3439,0.7980769
463.3639,0.7980769
463.3839,0.7980769
463.4039,0.7980769
463.4239,0.7980769
463.4438,0.7980769
463.4638,0.7980769
463.4838,0.7980769
463.5038,0.7980769
463.5238,0.7980769
463.5438,0.7980769
463.5638,0.7980769
463.5838,0.7980769
463.6038,0.7980769
463.6237,0.7980769
463.6437,0.7980769
463.6637,0.7980769
463.6837,0.7980769
463.7037,0.7980769
463.7237,0.7980769
463.7437,0.7980769
463.7637,0.7980769
463.7837,0.7980769
463.8036,0.7980769
463.8236,0.7980769
463.8436,0.7980769
463.8636,0.7980769
463.8836,0.7980769
463.9036,0.7980769
463.9236,0.7980769
463.9436,0.7980769
463.9636,0.7980769
463.9836,0.7980769
464.0035,0.7980769
464.0235,0.7980769
464.0435,0.7980769
464.0635,0.7980769
464.0835,0.7980769
464.1035,0.7980769
464.1235,0.7980769
464.1435,0.7980769
464.1635,0.7980769
464.1834,0.7980769
464.2034,0.7980769
464.2234,0.7980769
464.2434,0.7980769
464.2634,0.7980769
464.2834,0.7980769
464.3034,0.7980769
464.3234,0.7980769
464.3434,0.7980769
464.3633,0.7980769
464.3833,0.7980769
464.4033,0.7980769
464.4233,0.7980769
464.4433,0.7980769
464.4633,0.7980769
464.4833,0.7980769
464.5033,0.7980769
464.5233,0.7980769
464.5432,0.7980769
464.5632,0.7980769
464.5832,0.7980769
464.6032,0.7980769
464.6232,0.7980769
464.6432,0.7980769
464.6632,0.7980769
464.6832,0.7980769
464.7032,0.7980769
464.7231,0.7980769
464.7431,0.7980769
464.7631,0.7980769
464.7831,0.7980769
464.8031,0.7980769
464.8231,0.7980769
464.8431,0.7980769
464.8631,0.7980769
464.8831,0.7980769
464.903,0.7980769
464.923,0.7980769
464.943,0.7980769
464.963,0.7980769
464.983,0.7980769
465.003,0.7980769
465.023,0.7980769
465.043,0.7980769
465.063,0.7980769
465.0829,0.7980769
465.1029,0.7980769
465.1229,0.7980769
465.1429,0.7980769
465.1629,0.7980769
465.1829,0.7980769
465.2029,0.7980769
465.2229,0.7980769
465.2429,0.7980769
465.2628,0.7980769
465.2828,0.7980769
465.3028,0.7980769
465.3228,0.7980769
465.3428,0.7980769
465.3628,0.7980769
465.3828,0.7980769
465.4028,0.7980769
465.4228,0.7980769
465.4427,0.7980769
465.4627,0.7980769
465.4827,0.7980769
465.5027,0.7980769
465.5227,0.7980769
465.5427,0.7980769
465.5627,0.7980769
465.5827,0.7980769
465.6027,0.7980769
465.6227,0.7980769
465.6426,0.7980769
465.6626,0.7980769
465.6826,0.7980769
465.7026,0.7980769
465.7226,0.7980769
465.7426,0.7980769
465.7626,0.7980769
465.7826,0.7980769
465.8026,0.7980769
465.8225,0.7980769
465.8425,0.7980769
465.8625,0.7980769
465.8825,0.7980769
465.9025,0.7980769
465.9225,0.7980769
465.9425,0.7980769
465.9625,0.7980769
465.9825,0.7980769
466.0024,0.7980769
466.0224,0.7980769
466.0424,0.7980769
466.0624,0.7980769
466.0824,0.7980769
466.1024,0.7980769
466.1224,0.7980769
466.1424,0.7980769
466.1624,0.7980769
466.1823,0.7980769
466.2023,0.7980769
466.2223,0.7980769
466.2423,0.7980769
466.2623,0.7980769
466.2823,0.7980769
466.3023,0.7980769
466.3223,0.7980769
466.3423,0.7980769
466.3622,0.7980769
466.3822,0.7980769
466.4022,0.7980769
466.4222,0.7980769
466.4422,0.7980769
466.4622,0.7980769
466.4822,0.7980769
466.5022,0.7980769
466.5222,0.7980769
466.5421,0.7980769
466.5621,0.7980769
466.5821,0.7980769
466.6021,0.7980769
466.6221,0.7980769
466.6421,0.7980769
466.6621,0.7980769
466.6821,0.7980769
466.7021,0.7980769
466.722,0.7980769
466.742,0.7980769
466.762,0.7980769
466.782,0.7980769
466.802,0.7980769
466.822,0.7980769
466.842,0.7980769
466.862,0.7980769
466.882,0.7980769
466.9019,0.7980769
466.9219,0.7980769
466.9419,0.7980769
466.9619,0.7980769
466.9819,0.7980769
467.0019,0.7980769
467.0219,0.7980769
467.0419,0.7980769
467.0619,0.7980769
467.0818,0.7980769
467.1018,0.7980769
467.1218,0.7980769
467.1418,0.7980769
467.1618,0.7980769
467.1818,0.7980769
467.2018,0.7980769
467.2218,0.7980769
467.2418,0.7980769
467.2617,0.7980769
467.2817,0.7980769
467.3017,0.7980769
467.3217,0.7980769
467.3417,0.7980769
467.3617,0.7980769
467.3817,0.7980769
467.4017,0.7980769
467.4217,0.7980769
467.4417,0.7980769
467.4616,0.7980769
467.4816,0.7980769
467.5016,0.7980769
467.5216,0.7980769
467.5416,0.7980769
467.5616,0.7980769
467.5816,0.7980769
467.6016,0.7980769
467.6216,0.7980769
467.6415,0.7980769
467.6615,0.7980769
467.6815,0.7980769
467.7015,0.7980769
467.7215,0.7980769
467.7415,0.7980769
467.7615,0.7980769
467.7815,0.7980769
467.8015,0.7980769
467.8214,0.7980769
467.8414,0.7980769
467.8614,0.7980769
467.8814,0.7980769
467.9014,0.7980769
467.9214,0.7980769
467.9414,0.7980769
467.9614,0.7980769
467.9814,0.7980769
468.0013,0.7980769
468.0213,0.7980769
468.0413,0.7980769
468.0613,0.7980769
468.0813,0.7980769
468.1013,0.7980769
468.1213,0.7980769
468.1413,0.7980769
468.1613,0.7980769
468.1812,0.7980769
468.2012,0.7980769
468.2212,0.7980769
468.2412,0.7980769
468.2612,0.7980769
468.2812,0.7980769
468.3012,0.7980769
468.3212,0.7980769
468.3412,0.7980769
468.3611,0.7980769
468.3811,0.7980769
468.4011,0.7980769
468.4211,0.7980769
468.4411,0.7980769
468.4611,0.7980769
468.4811,0.7980769
468.5011,0.7980769
468.5211,0.7980769
468.541,0.7980769
468.561,0.7980769
468.581,0.7980769
468.601,0.7980769
468.621,0.7980769
468.641,0.7980769
468.661,0.7980769
468.681,0.7980769
468.701,0.7980769
468.7209,0.7980769
468.7409,0.7980769
468.7609,0.7980769
468.7809,0.7980769
468.8009,0.7980769
468.8209,0.7980769
468.8409,0.7980769
468.8609,0.7980769
468.8809,0.7980769
468.9008,0.7980769
468.9208,0.7980769
468.9408,0.7980769
468.9608,0.7980769
468.9808,0.7980769
469.0008,0.7980769
469.0208,0.7980769
469.0408,0.7980769
469.0608,0.7980769
469.0807,0.7980769
469.1007,0.7980769
469.1207,0.7980769
469.1407,0.7980769
469.1607,0.7980769
469.1807,0.7980769
469.2007,0.7980769
469.2207,0.7980769
469.2407,0.7980769
469.2607,0.7980769
469.2806,0.7980769
469.3006,0.7980769
469.3206,0.7980769
469.3406,0.7980769
469.3606,0.7980769
469.3806,0.7980769
469.4006,0.7980769
469.4206,0.7980769
469.4406,0.7980769
469.4605,0.7980769
469.4805,0.7980769
469.5005,0.7980769
469.5205,0.7980769
469.5405,0.7980769
469.5605,0.7980769
469.5805,0.7980769
469.6005,0.7980769
469.6205,0.7980769
469.6404,0.7980769
469.6604,0.7980769
469.6804,0.7980769
469.7004,0.7980769
469.7204,0.7980769
469.7404,0.7980769
469.7604,0.7980769
469.7804,0.7980769
469.8004,0.7980769
469.8203,0.7980769
469.8403,0.7980769
469.8603,0.7980769
469.8803,0.7980769
469.9003,0.7980769
469.9203,0.7980769
469.9403,0.7980769
469.9603,0.7980769
469.9803,0.7980769
470.0002,0.7980769
470.0202,0.7980769
470.0402,0.7980769
470.0602,0.7980769
470.0802,0.7980769
470.1002,0.7980769
470.1202,0.7980769
470.1402,0.7980769
470.1602,0.7980769
470.1801,0.7980769
470.2001,0.7980769
470.2201,0.7980769
470.2401,0.7980769
470.2601,0.7980769
470.2801,0.7980769
470.3001,0.7980769
470.3201,0.7980769
470.3401,0.7980769
470.36,0.7980769
470.38,0.7980769
470.4,0.7980769
470.42,0.7980769
470.44,0.7980769
470.46,0.7980769
470.48,0.7980769
470.5,0.7980769
470.52,0.7980769
470.5399,0.7980769
470.5599,0.7980769
470.5799,0.7980769
470.5999,0.7980769
470.6199,0.7980769
470.6399,0.7980769
470.6599,0.7980769
470.6799,0.7980769
470.6999,0.7980769
470.7198,0.7980769
470.7398,0.7980769
470.7598,0.7980769
470.7798,0.7980769
470.7998,0.7980769
470.8198,0.7980769
470.8398,0.7980769
470.8598,0.7980769
470.8798,0.7980769
470.8997,0.7980769
470.9197,0.7980769
470.9397,0.7980769
470.9597,0.7980769
470.9797,0.7980769
470.9997,0.7980769
471.0197,0.7980769
471.0397,0.7980769
471.0597,0.7980769
471.0797,0.7980769
471.0996,0.7980769
471.1196,0.7980769
471.1396,0.7980769
471.1596,0.7980769
471.1796,0.7980769
471.1996,0.7980769
471.2196,0.7980769
471.2396,0.7980769
471.2596,0.7980769
471.2795,0.7980769
471.2995,0.7980769
471.3195,0.7980769
471.3395,0.7980769
471.3595,0.7980769
471.3795,0.7980769
471.3995,0.7980769
471.4195,0.7980769
471.4395,0.7980769
471.4594,0.7980769
471.4794,0.7980769
471.4994,0.7980769
471.5194,0.7980769
471.5394,0.7980769
471.5594,0.7980769
471.5794,0.7980769
471.5994,0.7980769
471.6194,0.7980769
471.6393,0.7980769
471.6593,0.7980769
471.6793,0.7980769
471.6993,0.7980769
471.7193,0.7980769
471.7393,0.7980769
471.7593,0.7980769
471.7793,0.7980769
471.7993,0.7980769
471.8192,0.7980769
471.8392,0.7980769
471.8592,0.7980769
471.8792,0.7980769
471.8992,0.7980769
471.9192,0.7980769
471.9392,0.7980769
471.9592,0.7980769
471.9792,0.7980769
471.9991,0.7980769
472.0191,0.7980769
472.0391,0.7980769
472.0591,0.7980769
472.0791,0.7980769
472.0991,0.7980769
472.1191,0.7980769
472.1391,0.7980769
472.1591,0.7980769
472.179,0.7980769
472.199,0.7980769
472.219,0.7980769
472.239,0.7980769
472.259,0.7980769
472.279,0.7980769
472.299,0.7980769
472.319,0.7980769
472.339,0.7980769
472.3589,0.7980769
472.3789,0.7980769
472.3989,0.7980769
472.4189,0.7980769
472.4389,0.7980769
472.4589,0.7980769
472.4789,0.7980769
472.4989,0.7980769
472.5189,0.7980769
472.5388,0.7980769
472.5588,0.7980769
472.5788,0.7980769
472.5988,0.7980769
472.6188,0.7980769
472.6388,0.7980769
472.6588,0.7980769
472.6788,0.7980769
472.6988,0.7980769
472.7188,0.7980769
472.7387,0.7980769
472.7587,0.7980769
472.7787,0.7980769
472.7987,0.7980769
472.8187,0.7980769
472.8387,0.7980769
472.8587,0.7980769
472.8787,0.7980769
472.8987,0.7980769
472.9186,0.7980769
472.9386,0.7980769
472.9586,0.7980769
472.9786,0.7980769
472.9986,0.7980769
473.0186,0.7980769
473.0386,0.7980769
473.0586,0.7980769
473.0786,0.7980769
473.0985,0.7980769
473.1185,0.7980769
473.1385,0.7980769
473.1585,0.7980769
473.1785,0.7980769
473.1985,0.7980769
473.2185,0.7980769
473.2385,0.7980769
473.2585,0.7980769
473.2784,0.7980769
473.2984,0.7980769
473.3184,0.7980769
473.3384,0.7980769
473.3584,0.7980769
473.3784,0.7980769
473.3984,0.7980769
473.4184,0.7980769
473.4384,0.7980769
473.4583,0.7980769
473.4783,0.7980769
473.4983,0.7980769
473.5183,0.7980769
473.5383,0.7980769
473.5583,0.7980769
473.5783,0.7980769
473.5983,0.7980769
473.6183,0.7980769
473.6382,0.7980769
473.6582,0.7980769
473.6782,0.7980769
473.6982,0.7980769
473.7182,0.7980769
473.7382,0.7980769
473.7582,0.7980769
473.7782,0.7980769
473.7982,0.7980769
473.8181,0.7980769
473.8381,0.7980769
473.8581,0.7980769
473.8781,0.7980769
473.8981,0.7980769
473.9181,0.7980769
473.9381,0.7980769
473.9581,0.7980769
473.9781,0.7980769
473.998,0.7980769
474.018,0.7980769
474.038,0.7980769
474.058,0.7980769
474.078,0.7980769
474.098,0.7980769
474.118,0.7980769
474.138,0.7980769
474.158,0.7980769
474.1779,0.7980769
474.1979,0.7980769
474.2179,0.7980769
474.2379,0.7980769
474.2579,0.7980769
474.2779,0.7980769
474.2979,0.7980769
474.3179,0.7980769
474.3379,0.7980769
474.3578,0.7980769
474.3778,0.7980769
474.3978,0.7980769
474.4178,0.7980769
474.4378,0.7980769
474.4578,0.7980769
474.4778,0.7980769
474.4978,0.7980769
474.5178,0.7980769
474.5378,0.7980769
474.5577,0.7980769
474.5777,0.7980769
474.5977,0.7980769
474.6177,0.7980769
474.6377,0.7980769
474.6577,0.7980769
474.6777,0.7980769
474.6977,0.7980769
474.7177,0.7980769
474.7376,0.7980769
474.7576,0.7980769
474.7776,0.7980769
474.7976,0.7980769
474.8176,0.7980769
474.8376,0.7980769
474.8576,0.7980769
474.8776,0.7980769
474.8976,0.7980769
474.9175,0.7980769
474.9375,0.7980769
474.9575,0.7980769
474.9775,0.7980769
474.9975,0.7980769
475.0175,0.7980769
475.0375,0.7980769
475.0575,0.7980769
475.0775,0.7980769
475.0974,0.7980769
475.1174,0.7980769
475.1374,0.7980769
475.1574,0.7980769
475.1774,0.7980769
475.1974,0.7980769
475.2174,0.7980769
475.2374,0.7980769
475.2574,0.7980769
475.2773,0.7980769
475.2973,0.7980769
475.3173,0.7980769
475.3373,0.7980769
475.3573,0.7980769
475.3773,0.7980769
475.3973,0.7980769
475.4173,0.7980769
475.4373,0.7980769
475.4572,0.7980769
475.4772,0.7980769
475.4972,0.7980769
475.5172,0.7980769
475.5372,0.7980769
475.5572,0.7980769
475.5772,0.7980769
475.5972,0.7980769
475.6172,0.7980769
475.6371,0.7980769
475.6571,0.7980769
475.6771,0.7980769
475.6971,0.7980769
475.7171,0.7980769
475.7371,0.7980769
475.7571,0.7980769
475.7771,0.7980769
475.7971,0.7980769
475.817,0.7980769
475.837,0.7980769
475.857,0.7980769
475.877,0.7980769
475.897,0.7980769
475.917,0.7980769
475.937,0.7980769
475.957,0.7980769
475.977,0.7980769
475.9969,0.7980769
476.0169,0.7980769
476.0369,0.7980769
476.0569,0.7980769
476.0769,0.7980769
476.0969,0.7980769
476.1169,0.7980769
476.1369,0.7980769
476.1569,0.7980769
476.1768,0.7980769
476.1968,0.7980769
476.2168,0.7980769
476.2368,0.7980769
476.2568,0.7980769
476.2768,0.7980769
476.2968,0.7980769
476.3168,0.7980769
476.3368,0.7980769
476.3568,0.7980769
476.3767,0.7980769
476.3967,0.7980769
476.4167,0.7980769
476.4367,0.7980769
476.4567,0.7980769
476.4767,0.7980769
476.4967,0.7980769
476.5167,0.7980769
476.5367,0.7980769
476.5566,0.7980769
476.5766,0.7980769
476.5966,0.7980769
476.6166,0.7980769
476.6366,0.7980769
476.6566,0.7980769
476.6766,0.7980769
476.6966,0.7980769
476.7166,0.7980769
476.7365,0.7980769
476.7565,0.7980769
476.7765,0.7980769
476.7965,0.7980769
476.8165,0.7980769
476.8365,0.7980769
476.8565,0.7980769
476.8765,0.7980769
476.8965,0.7980769
476.9164,0.7980769
476.9364,0.7980769
476.9564,0.7980769
476.9764,0.7980769
476.9964,0.7980769
477.0164,0.7980769
477.0364,0.7980769
477.0564,0.7980769
477.0764,0.7980769
477.0963,0.7980769
477.1163,0.7980769
477.1363,0.7980769
477.1563,0.7980769
477.1763,0.7980769
477.1963,0.7980769
477.2163,0.7980769
477.2363,0.7980769
477.2563,0.7980769
477.2762,0.7980769
477.2962,0.7980769
477.3162,0.7980769
477.3362,0.7980769
477.3562,0.7980769
477.3762,0.7980769
477.3962,0.7980769
477.4162,0.7980769
477.4362,0.7980769
477.4561,0.7980769
477.4761,0.7980769
477.4961,0.7980769
477.5161,0.7980769
477.5361,0.7980769
477.5561,0.7980769
477.5761,0.7980769
477.5961,0.7980769
477.6161,0.7980769
477.636,0.7980769
477.656,0.7980769
477.676,0.7980769
477.696,0.7980769
477.716,0.7980769
477.736,0.7980769
477.756,0.7980769
477.776,0.7980769
477.796,0.7980769
477.8159,0.7980769
477.8359,0.7980769
477.8559,0.7980769
477.8759,0.7980769
477.8959,0.7980769
477.9159,0.7980769
477.9359,0.7980769
477.9559,0.7980769
477.9759,0.7980769
477.9958,0.7980769
478.0158,0.7980769
478.0358,0.7980769
478.0558,0.7980769
478.0758,0.7980769
478.0958,0.7980769
478.1158,0.7980769
478.1358,0.7980769
478.1558,0.7980769
478.1758,0.7980769
478.1957,0.7980769
478.2157,0.7980769
478.2357,0.7980769
478.2557,0.7980769
478.2757,0.7980769
478.2957,0.7980769
478.3157,0.7980769
478.3357,0.7980769
478.3557,0.7980769
478.3756,0.7980769
478.3956,0.7980769
478.4156,0.7980769
478.4356,0.7980769
478.4556,0.7980769
478.4756,0.7980769
478.4956,0.7980769
478.5156,0.7980769
478.5356,0.7980769
478.5555,0.7980769
478.5755,0.7980769
478.5955,0.7980769
478.6155,0.7980769
478.6355,0.7980769
478.6555,0.7980769
478.6755,0.7980769
478.6955,0.7980769
478.7155,0.7980769
478.7354,0.7980769
478.7554,0.7980769
478.7754,0.7980769
478.7954,0.7980769
478.8154,0.7980769
478.8354,0.7980769
478.8554,0.7980769
478.8754,0.7980769
478.8954,0.7980769
478.9153,0.7980769
478.9353,0.7980769
478.9553,0.7980769
478.9753,0.7980769
478.9953,0.7980769
479.0153,0.7980769
479.0353,0.7980769
479.0553,0.7980769
479.0753,0.7980769
479.0952,0.7980769
479.1152,0.7980769
479.1352,0.7980769
479.1552,0.7980769
479.1752,0.7980769
479.1952,0.7980769
479.2152,0.7980769
479.2352,0.7980769
479.2552,0.7980769
479.2751,0.7980769
479.2951,0.7980769
479.3151,0.7980769
479.3351,0.7980769
479.3551,0.7980769
479.3751,0.7980769
479.3951,0.7980769
479.4151,0.7980769
479.4351,0.7980769
479.455,0.7980769
479.475,0.7980769
479.495,0.7980769
479.515,0.7980769
479.535,0.7980769
479.555,0.7980769
479.575,0.7980769
479.595,0.7980769
479.615,0.7980769
479.6349,0.7980769
479.6549,0.7980769
479.6749,0.7980769
479.6949,0.7980769
479.7149,0.7980769
479.7349,0.7980769
479.7549,0.7980769
479.7749,0.7980769
479.7949,0.7980769
479.8148,0.7980769
479.8348,0.7980769
479.8548,0.7980769
479.8748,0.7980769
479.8948,0.7980769
479.9148,0.7980769
479.9348,0.7980769
479.9548,0.7980769
479.9748,0.7980769
479.9948,0.7980769
480.0147,0.7980769
480.0347,0.7980769
480.0547,0.7980769
480.0747,0.7980769
480.0947,0.7980769
480.1147,0.7980769
480.1347,0.7980769
480.1547,0.7980769
480.1747,0.7980769
480.1946,0.7980769
480.2146,0.7980769
480.2346,0.7980769
480.2546,0.7980769
480.2746,0.7980769
480.2946,0.7980769
480.3146,0.7980769
480.3346,0.7980769
480.3546,0.7980769
480.3745,0.7980769
480.3945,0.7980769
480.4145,0.7980769
480.4345,0.7980769
480.4545,0.7980769
480.4745,0.7980769
480.4945,0.7980769
480.5145,0.7980769
480.5345,0.7980769
480.5544,0.7980769
480.5744,0.7980769
480.5944,0.7980769
480.6144,0.7980769
480.6344,0.7980769
480.6544,0.7980769
480.6744,0.7980769
480.6944,0.7980769
480.7144,0.7980769
480.7343,0.7980769
480.7543,0.7980769
480.7743,0.7980769
480.7943,0.7980769
480.8143,0.7980769
480.8343,0.7980769
480.8543,0.7980769
480.8743,0.7980769
480.8943,0.7980769
480.9142,0.7980769
480.9342,0.7980769
480.9542,0.7980769
480.9742,0.7980769
480.9942,0.7980769
481.0142,0.7980769
481.0342,0.7980769
481.0542,0.7980769
481.0742,0.7980769
481.0941,0.7980769
481.1141,0.7980769
481.1341,0.7980769
481.1541,0.7980769
481.1741,0.7980769
481.1941,0.7980769
481.2141,0.7980769
481.2341,0.7980769
481.2541,0.7980769
481.274,0.7980769
481.294,0.7980769
481.314,0.7980769
481.334,0.7980769
481.354,0.7980769
481.374,0.7980769
481.394,0.7980769
481.414,0.7980769
481.434,0.7980769
481.4539,0.7980769
481.4739,0.7980769
481.4939,0.7980769
481.5139,0.7980769
481.5339,0.7980769
481.5539,0.7980769
481.5739,0.7980769
481.5939,0.7980769
481.6139,0.7980769
481.6339,0.7980769
481.6538,0.7980769
481.6738,0.7980769
481.6938,0.7980769
481.7138,0.7980769
481.7338,0.7980769
481.7538,0.7980769
481.7738,0.7980769
481.7938,0.7980769
481.8138,0.7980769
481.8337,0.7980769
481.8537,0.7980769
481.8737,0.7980769
481.8937,0.7980769
481.9137,0.7980769
481.9337,0.7980769
481.9537,0.7980769
481.9737,0.7980769
481.9937,0.7980769
482.0136,0.7980769
482.0336,0.7980769
482.0536,0.7980769
482.0736,0.7980769
482.0936,0.7980769
482.1136,0.7980769
482.1336,0.7980769
482.1536,0.7980769
482.1736,0.7980769
482.1935,0.7980769
482.2135,0.7980769
482.2335,0.7980769
482.2535,0.7980769
482.2735,0.7980769
482.2935,0.7980769
482.3135,0.7980769
482.3335,0.7980769
482.3535,0.7980769
482.3734,0.7980769
482.3934,0.7980769
482.4134,0.7980769
482.4334,0.7980769
482.4534,0.7980769
482.4734,0.7980769
482.4934,0.7980769
482.5134,0.7980769
482.5334,0.7980769
482.5533,0.7980769
482.5733,0.7980769
482.5933,0.7980769
482.6133,0.7980769
482.6333,0.7980769
482.6533,0.7980769
482.6733,0.7980769
482.6933,0.7980769
482.7133,0.7980769
482.7332,0.7980769
482.7532,0.7980769
482.7732,0.7980769
482.7932,0.7980769
482.8132,0.7980769
482.8332,0.7980769
482.8532,0.7980769
482.8732,0.7980769
482.8932,0.7980769
482.9131,0.7980769
482.9331,0.7980769
482.9531,0.7980769
482.9731,0.7980769
482.9931,0.7980769
483.0131,0.7980769
483.0331,0.7980769
483.0531,0.7980769
483.0731,0.7980769
483.093,0.7980769
483.113,0.7980769
483.133,0.7980769
483.153,0.7980769
483.173,0.7980769
483.193,0.7980769
483.213,0.7980769
483.233,0.7980769
483.253,0.7980769
483.2729,0.7980769
483.2929,0.7980769
483.3129,0.7980769
483.3329,0.7980769
483.3529,0.7980769
483.3729,0.7980769
483.3929,0.7980769
483.4129,0.7980769
483.4329,0.7980769
483.4529,0.7980769
483.4728,0.7980769
483.4928,0.7980769
483.5128,0.7980769
483.5328,0.7980769
483.5528,0.7980769
483.5728,0.7980769
483.5928,0.7980769
483.6128,0.7980769
483.6328,0.7980769
483.6527,0.7980769
483.6727,0.7980769
483.6927,0.7980769
483.7127,0.7980769
483.7327,0.7980769
483.7527,0.7980769
483.7727,0.7980769
483.7927,0.7980769
483.8127,0.7980769
483.8326,0.7980769
483.8526,0.7980769
483.8726,0.7980769
483.8926,0.7980769
483.9126,0.7980769
483.9326,0.7980769
483.9526,0.7980769
483.9726,0.7980769
483.9926,0.7980769
484.0125,0.7980769
484.0325,0.7980769
484.0525,0.7980769
484.0725,0.7980769
484.0925,0.7980769
484.1125,0.7980769
484.1325,0.7980769
484.1525,0.7980769
484.1725,0.7980769
484.1924,0.7980769
484.2124,0.7980769
484.2324,0.7980769
484.2524,0.7980769
484.2724,0.7980769
484.2924,0.7980769
484.3124,0.7980769
484.3324,0.7980769
484.3524,0.7980769
484.3723,0.7980769
484.3923,0.7980769
484.4123,0.7980769
484.4323,0.7980769
484.4523,0.7980769
484.4723,0.7980769
484.4923,0.7980769
484.5123,0.7980769
484.5323,0.7980769
484.5522,0.7980769
484.5722,0.7980769
484.5922,0.7980769
484.6122,0.7980769
484.6322,0.7980769
484.6522,0.7980769
484.6722,0.7980769
484.6922,0.7980769
484.7122,0.7980769
484.7321,0.7980769
484.7521,0.7980769
484.7721,0.7980769
484.7921,0.7980769
484.8121,0.7980769
484.8321,0.7980769
484.8521,0.7980769
484.8721,0.7980769
484.8921,0.7980769
484.912,0.7980769
484.932,0.7980769
484.952,0.7980769
484.972,0.7980769
484.992,0.7980769
485.012,0.7980769
485.032,0.7980769
485.052,0.7980769
485.072,0.7980769
485.0919,0.7980769
485.1119,0.7980769
485.1319,0.7980769
485.1519,0.7980769
485.1719,0.7980769
485.1919,0.7980769
485.2119,0.7980769
485.2319,0.7980769
485.2519,0.7980769
485.2719,0.7980769
485.2918,0.7980769
485.3118,0.7980769
485.3318,0.7980769
485.3518,0.7980769
485.3718,0.7980769
485.3918,0.7980769
485.4118,0.7980769
485.4318,0.7980769
485.4518,0.7980769
485.4717,0.7980769
485.4917,0.7980769
485.5117,0.7980769
485.5317,0.7980769
485.5517,0.7980769
485.5717,0.7980769
485.5917,0.7980769
485.6117,0.7980769
485.6317,0.7980769
485.6516,0.7980769
485.6716,0.7980769
485.6916,0.7980769
485.7116,0.7980769
485.7316,0.7980769
485.7516,0.7980769
485.7716,0.7980769
485.7916,0.7980769
485.8116,0.7980769
485.8315,0.7980769
485.8515,0.7980769
485.8715,0.7980769
485.8915,0.7980769
485.9115,0.7980769
485.9315,0.7980769
485.9515,0.7980769
485.9715,0.7980769
485.9915,0.7980769
486.0114,0.7980769
486.0314,0.7980769
486.0514,0.7980769
486.0714,0.7980769
486.0914,0.7980769
486.1114,0.7980769
486.1314,0.7980769
486.1514,0.7980769
486.1714,0.7980769
486.1913,0.7980769
486.2113,0.7980769
486.2313,0.7980769
486.2513,0.7980769
486.2713,0.7980769
486.2913,0.7980769
486.3113,0.7980769
486.3313,0.7980769
486.3513,0.7980769
486.3712,0.7980769
486.3912,0.7980769
486.4112,0.7980769
486.4312,0.7980769
486.4512,0.7980769
486.4712,0.7980769
486.4912,0.7980769
486.5112,0.7980769
486.5312,0.7980769
486.5511,0.7980769
486.5711,0.7980769
486.5911,0.7980769
486.6111,0.7980769
486.6311,0.7980769
486.6511,0.7980769
486.6711,0.7980769
486.6911,0.7980769
486.7111,0.7980769
486.731,0.7980769
486.751,0.7980769
486.771,0.7980769
486.791,0.7980769
486.811,0.7980769
486.831,0.7980769
486.851,0.7980769
486.871,0.7980769
486.891,0.7980769
486.9109,0.7980769
486.9309,0.7980769
486.9509,0.7980769
486.9709,0.7980769
486.9909,0.7980769
487.0109,0.7980769
487.0309,0.7980769
487.0509,0.7980769
487.0709,0.7980769
487.0909,0.7980769
487.1108,0.7980769
487.1308,0.7980769
487.1508,0.7980769
487.1708,0.7980769
487.1908,0.7980769
487.2108,0.7980769
487.2308,0.7980769
487.2508,0.7980769
487.2708,0.7980769
487.2907,0.7980769
487.3107,0.7980769
487.3307,0.7980769
487.3507,0.7980769
487.3707,0.7980769
487.3907,0.7980769
487.4107,0.7980769
487.4307,0.7980769
487.4507,0.7980769
487.4706,0.7980769
487.4906,0.7980769
487.5106,0.7980769
487.5306,0.7980769
487.5506,0.7980769
487.5706,0.7980769
487.5906,0.7980769
487.6106,0.7980769
487.6306,0.7980769
487.6505,0.7980769
487.6705,0.7980769
487.6905,0.7980769
487.7105,0.7980769
487.7305,0.7980769
487.7505,0.7980769
487.7705,0.7980769
487.7905,0.7980769
487.8105,0.7980769
487.8304,0.7980769
487.8504,0.7980769
487.8704,0.7980769
487.8904,0.7980769
487.9104,0.7980769
487.9304,0.7980769
487.9504,0.7980769
487.9704,0.7980769
487.9904,0.7980769
488.0103,0.7980769
488.0303,0.7980769
488.0503,0.7980769
488.0703,0.7980769
488.0903,0.7980769
488.1103,0.7980769
488.1303,0.7980769
488.1503,0.7980769
488.1703,0.7980769
488.1902,0.7980769
488.2102,0.7980769
488.2302,0.7980769
488.2502,0.7980769
488.2702,0.7980769
488.2902,0.7980769
488.3102,0.7980769
488.3302,0.7980769
488.3502,0.7980769
488.3701,0.7980769
488.3901,0.7980769
488.4101,0.7980769
488.4301,0.7980769
488.4501,0.7980769
488.4701,0.7980769
488.4901,0.7980769
488.5101,0.7980769
488.5301,0.7980769
488.55,0.7980769
488.57,0.7980769
488.59,0.7980769
488.61,0.7980769
488.63,0.7980769
488.65,0.7980769
488.67,0.7980769
488.69,0.7980769
488.71,0.7980769
488.7299,0.7980769
488.7499,0.7980769
488.7699,0.7980769
488.7899,0.7980769
488.8099,0.7980769
488.8299,0.7980769
488.8499,0.7980769
488.8699,0.7980769
488.8899,0.7980769
488.9099,0.7980769
488.9298,0.7980769
488.9498,0.7980769
488.9698,0.7980769
488.9898,0.7980769
489.0098,0.7980769
489.0298,0.7980769
489.0498,0.7980769
489.0698,0.7980769
489.0898,0.7980769
489.1097,0.7980769
489.1297,0.7980769
489.1497,0.7980769
489.1697,0.7980769
489.1897,0.7980769
489.2097,0.7980769
489.2297,0.7980769
489.2497,0.7980769
489.2697,0.7980769
489.2896,0.7980769
489.3096,0.7980769
489.3296,0.7980769
489.3496,0.7980769
489.3696,0.7980769
489.3896,0.7980769
489.4096,0.7980769
489.4296,0.7980769
489.4496,0.7980769
489.4695,0.7980769
489.4895,0.7980769
489.5095,0.7980769
489.5295,0.7980769
489.5495,0.7980769
489.5695,0.7980769
489.5895,0.7980769
489.6095,0.7980769
489.6295,0.7980769
489.6494,0.7980769
489.6694,0.7980769
489.6894,0.7980769
489.7094,0.7980769
489.7294,0.7980769
489.7494,0.7980769
489.7694,0.7980769
489.7894,0.7980769
489.8094,0.7980769
489.8293,0.7980769
489.8493,0.7980769
489.8693,0.7980769
489.8893,0.7980769
489.9093,0.7980769
489.9293,0.7980769
489.9493,0.7980769
489.9693,0.7980769
489.9893,0.7980769
490.0092,0.7980769
490.0292,0.7980769
490.0492,0.7980769
490.0692,0.7980769
490.0892,0.7980769
490.1092,0.7980769
490.1292,0.7980769
490.1492,0.7980769
490.1692,0.7980769
490.1891,0.7980769
490.2091,0.7980769
490.2291,0.7980769
490.2491,0.7980769
490.2691,0.7980769
490.2891,0.7980769
490.3091,0.7980769
490.3291,0.7980769
490.3491,0.7980769
490.369,0.7980769
490.389,0.7980769
490.409,0.7980769
490.429,0.7980769
490.449,0.7980769
490.469,0.7980769
490.489,0.7980769
490.509,0.7980769
490.529,0.7980769
490.549,0.7980769
490.5689,0.7980769
490.5889,0.7980769
490.6089,0.7980769
490.6289,0.7980769
490.6489,0.7980769
490.6689,0.7980769
490.6889,0.7980769
490.7089,0.7980769
490.7289,0.7980769
490.7488,0.7980769
490.7688,0.7980769
490.7888,0.7980769
490.8088,0.7980769
490.8288,0.7980769
490.8488,0.7980769
490.8688,0.7980769
490.8888,0.7980769
490.9088,0.7980769
490.9287,0.7980769
490.9487,0.7980769
490.9687,0.7980769
490.9887,0.7980769
491.0087,0.7980769
491.0287,0.7980769
491.0487,0.7980769
491.0687,0.7980769
491.0887,0.7980769
491.1086,0.8028846
491.1286,0.8028846
491.1486,0.8028846
491.1686,0.8028846
491.1886,0.8028846
491.2086,0.8028846
491.2286,0.8028846
491.2486,0.8028846
491.2686,0.8028846
491.2885,0.8028846
491.3085,0.8028846
491.3285,0.8028846
491.3485,0.8028846
491.3685,0.8028846
491.3885,0.8028846
491.4085,0.8028846
491.4285,0.8028846
491.4485,0.8028846
491.4684,0.8028846
491.4884,0.8028846
491.5084,0.8028846
491.5284,0.8028846
491.5484,0.8028846
491.5684,0.8028846
491.5884,0.8028846
491.6084,0.8028846
491.6284,0.8028846
491.6483,0.8028846
491.6683,0.8028846
491.6883,0.8028846
491.7083,0.8028846
491.7283,0.8028846
491.7483,0.8028846
491.7683,0.8028846
491.7883,0.8028846
491.8083,0.8028846
491.8282,0.8028846
491.8482,0.8028846
491.8682,0.8028846
491.8882,0.8028846
491.9082,0.8028846
491.9282,0.8028846
491.9482,0.8028846
491.9682,0.8028846
491.9882,0.8028846
492.0081,0.8028846
492.0281,0.8028846
492.0481,0.8028846
492.0681,0.8028846
492.0881,0.8028846
492.1081,0.8028846
492.1281,0.8028846
492.1481,0.8028846
492.1681,0.8028846
492.188,0.8028846
492.208,0.8028846
492.228,0.8028846
492.248,0.8028846
492.268,0.8028846
492.288,0.8028846
492.308,0.8028846
492.328,0.8028846
492.348,0.8028846
492.368,0.8028846
492.3879,0.8028846
492.4079,0.8028846
492.4279,0.8028846
492.4479,0.8028846
492.4679,0.8028846
492.4879,0.8028846
492.5079,0.8028846
492.5279,0.8028846
492.5479,0.8028846
492.5678,0.8028846
492.5878,0.8028846
492.6078,0.8028846
492.6278,0.8028846
492.6478,0.8028846
492.6678,0.8028846
492.6878,0.8028846
492.7078,0.8028846
492.7278,0.8028846
492.7477,0.8028846
492.7677,0.8028846
492.7877,0.8028846
492.8077,0.8028846
492.8277,0.8028846
492.8477,0.8028846
492.8677,0.8028846
492.8877,0.8028846
492.9077,0.8028846
492.9276,0.8028846
492.9476,0.8028846
492.9676,0.8028846
492.9876,0.8028846
493.0076,0.8028846
493.0276,0.8028846
493.0476,0.8028846
493.0676,0.8028846
493.0876,0.8028846
493.1075,0.8028846
493.1275,0.8028846
493.1475,0.8028846
493.1675,0.8028846
493.1875,0.8028846
493.2075,0.8028846
493.2275,0.8028846
493.2475,0.8028846
493.2675,0.8028846
493.2874,0.8028846
493.3074,0.8028846
493.3274,0.8028846
493.3474,0.8028846
493.3674,0.8028846
493.3874,0.8028846
493.4074,0.8028846
493.4274,0.8028846
493.4474,0.8028846
493.4673,0.8028846
493.4873,0.8028846
493.5073,0.8028846
493.5273,0.8028846
493.5473,0.8028846
493.5673,0.8028846
493.5873,0.8028846
493.6073,0.8028846
493.6273,0.8028846
493.6472,0.8028846
493.6672,0.8028846
493.6872,0.8028846
493.7072,0.8028846
493.7272,0.8028846
493.7472,0.8028846
493.7672,0.8028846
493.7872,0.8028846
493.8072,0.8028846
493.8271,0.8028846
493.8471,0.8028846
493.8671,0.8028846
493.8871,0.8028846
493.9071,0.8028846
493.9271,0.8028846
493.9471,0.8028846
493.9671,0.8028846
493.9871,0.8028846
494.007,0.8028846
494.027,0.8028846
494.047,0.8028846
494.067,0.8028846
494.087,0.8028846
494.107,0.8028846
494.127,0.8028846
494.147,0.8028846
494.167,0.8028846
494.187,0.8028846
494.2069,0.8028846
494.2269,0.8028846
494.2469,0.8076923
494.2669,0.8076923
494.2869,0.8076923
494.3069,0.8076923
494.3269,0.8076923
494.3469,0.8076923
494.3669,0.8076923
494.3868,0.8076923
494.4068,0.8076923
494.4268,0.8076923
494.4468,0.8076923
494.4668,0.8076923
494.4868,0.8076923
494.5068,0.8076923
494.5268,0.8076923
494.5468,0.8076923
494.5667,0.8076923
494.5867,0.8076923
494.6067,0.8076923
494.6267,0.8076923
494.6467,0.8076923
494.6667,0.8076923
494.6867,0.8076923
494.7067,0.8076923
494.7267,0.8076923
494.7466,0.8076923
494.7666,0.8076923
494.7866,0.8076923
494.8066,0.8076923
494.8266,0.8076923
494.8466,0.8076923
494.8666,0.8076923
494.8866,0.8076923
494.9066,0.8076923
494.9265,0.8076923
494.9465,0.8076923
494.9665,0.8076923
494.9865,0.8076923
495.0065,0.8076923
495.0265,0.8076923
495.0465,0.8076923
495.0665,0.8076923
495.0865,0.8076923
495.1064,0.8076923
495.1264,0.8076923
495.1464,0.8076923
495.1664,0.8076923
495.1864,0.8076923
495.2064,0.8076923
495.2264,0.8076923
495.2464,0.8076923
495.2664,0.8076923
495.2863,0.8076923
495.3063,0.8076923
495.3263,0.8076923
495.3463,0.8076923
495.3663,0.8076923
495.3863,0.8076923
495.4063,0.8076923
495.4263,0.8076923
495.4463,0.8076923
495.4662,0.8076923
495.4862,0.8076923
495.5062,0.8076923
495.5262,0.8076923
495.5462,0.8076923
495.5662,0.8076923
495.5862,0.8076923
495.6062,0.8076923
495.6262,0.8076923
495.6461,0.8076923
495.6661,0.8076923
495.6861,0.8076923
495.7061,0.8076923
495.7261,0.8076923
495.7461,0.8076923
495.7661,0.8076923
495.7861,0.8076923
495.8061,0.8076923
495.826,0.8076923
495.846,0.8076923
495.866,0.8076923
495.886,0.8076923
495.906,0.8076923
495.926,0.8076923
495.946,0.8076923
495.966,0.8076923
495.986,0.8076923
496.006,0.8076923
496.0259,0.8076923
496.0459,0.8076923
496.0659,0.8076923
496.0859,0.8076923
496.1059,0.8076923
496.1259,0.8076923
496.1459,0.8076923
496.1659,0.8076923
496.1859,0.8076923
496.2058,0.8076923
496.2258,0.8076923
496.2458,0.8076923
496.2658,0.8076923
496.2858,0.8076923
496.3058,0.8076923
496.3258,0.8076923
496.3458,0.8076923
496.3658,0.8076923
496.3857,0.8076923
496.4057,0.8076923
496.4257,0.8076923
496.4457,0.8076923
496.4657,0.8076923
496.4857,0.8076923
496.5057,0.8076923
496.5257,0.8076923
496.5457,0.8076923
496.5656,0.8076923
496.5856,0.8076923
496.6056,0.8076923
496.6256,0.8076923
496.6456,0.8076923
496.6656,0.8076923
496.6856,0.8076923
496.7056,0.8076923
496.7256,0.8076923
496.7455,0.8076923
496.7655,0.8076923
496.7855,0.8076923
496.8055,0.8076923
496.8255,0.8076923
496.8455,0.8076923
496.8655,0.8076923
496.8855,0.8076923
496.9055,0.8076923
496.9254,0.8076923
496.9454,0.8076923
496.9654,0.8076923
496.9854,0.8076923
497.0054,0.8076923
497.0254,0.8076923
497.0454,0.8076923
497.0654,0.8076923
497.0854,0.8076923
497.1053,0.8076923
497.1253,0.8076923
497.1453,0.8076923
497.1653,0.8076923
497.1853,0.8076923
497.2053,0.8076923
497.2253,0.8076923
497.2453,0.8076923
497.2653,0.8076923
497.2852,0.8076923
497.3052,0.8076923
497.3252,0.8076923
497.3452,0.8076923
497.3652,0.8076923
497.3852,0.8076923
497.4052,0.8076923
497.4252,0.8076923
497.4452,0.8076923
497.4651,0.8076923
497.4851,0.8076923
497.5051,0.8076923
497.5251,0.8076923
497.5451,0.8076923
497.5651,0.8076923
497.5851,0.8076923
497.6051,0.8076923
497.6251,0.8076923
497.6451,0.8076923
497.665,0.8076923
497.685,0.8076923
497.705,0.8076923
497.725,0.8076923
497.745,0.8076923
497.765,0.8076923
497.785,0.8076923
497.805,0.8076923
497.825,0.8076923
497.8449,0.8076923
497.8649,0.8076923
497.8849,0.8076923
497.9049,0.8076923
497.9249,0.8076923
497.9449,0.8076923
497.9649,0.8076923
497.9849,0.8076923
498.0049,0.8076923
498.0248,0.8076923
498.0448,0.8076923
498.0648,0.8076923
498.0848,0.8076923
498.1048,0.8076923
498.1248,0.8076923
498.1448,0.8076923
498.1648,0.8076923
498.1848,0.8076923
498.2047,0.8076923
498.2247,0.8076923
498.2447,0.8076923
498.2647,0.8076923
498.2847,0.8076923
498.3047,0.8076923
498.3247,0.8076923
498.3447,0.8076923
498.3647,0.8076923
498.3846,0.8076923
498.4046,0.8076923
498.4246,0.8076923
498.4446,0.8076923
498.4646,0.8076923
498.4846,0.8076923
498.5046,0.8076923
498.5246,0.8076923
498.5446,0.8076923
498.5645,0.8076923
498.5845,0.8076923
498.6045,0.8076923
498.6245,0.8076923
498.6445,0.8076923
498.6645,0.8076923
498.6845,0.8076923
498.7045,0.8076923
498.7245,0.8076923
498.7444,0.8076923
498.7644,0.8076923
498.7844,0.8076923
498.8044,0.8076923
498.8244,0.8076923
498.8444,0.8076923
498.8644,0.8076923
498.8844,0.8076923
498.9044,0.8076923
498.9243,0.8076923
498.9443,0.8076923
498.9643,0.8076923
498.9843,0.8076923
499.0043,0.8076923
499.0243,0.8076923
499.0443,0.8076923
499.0643,0.8076923
499.0843,0.8076923
499.1042,0.8076923
499.1242,0.8076923
499.1442,0.8076923
499.1642,0.8076923
499.1842,0.8076923
499.2042,0.8076923
499.2242,0.8076923
499.2442,0.8076923
499.2642,0.8076923
499.2841,0.8076923
499.3041,0.8076923
499.3241,0.8076923
499.3441,0.8076923
499.3641,0.8076923
499.3841,0.8076923
499.4041,0.8076923
499.4241,0.8076923
499.4441,0.8076923
499.4641,0.8076923
499.484,0.8076923
499.504,0.8076923
499.524,0.8076923
499.544,0.8076923
499.564,0.8076923
499.584,0.8076923
499.604,0.8076923
499.624,0.8076923
499.644,0.8076923
499.6639,0.8076923
499.6839,0.8076923
499.7039,0.8076923
499.7239,0.8076923
499.7439,0.8076923
499.7639,0.8076923
499.7839,0.8076923
499.8039,0.8076923
499.8239,0.8076923
499.8438,0.8076923
499.8638,0.8076923
499.8838,0.8076923
499.9038,0.8076923
499.9238,0.8076923
499.9438,0.8076923
499.9638,0.8076923
499.9838,0.8076923
500.0038,0.8076923
500.0237,0.8076923
500.0437,0.8076923
500.0637,0.8076923
500.0837,0.8076923
500.1037,0.8076923
500.1237,0.8076923
500.1437,0.8076923
500.1637,0.8076923
500.1837,0.8076923
500.2036,0.8076923
500.2236,0.8076923
500.2436,0.8076923
500.2636,0.8076923
500.2836,0.8076923
500.3036,0.8076923
500.3236,0.8076923
500.3436,0.8076923
500.3636,0.8076923
500.3835,0.8076923
500.4035,0.8076923
500.4235,0.8076923
500.4435,0.8076923
500.4635,0.8076923
500.4835,0.8076923
500.5035,0.8076923
500.5235,0.8076923
500.5435,0.8076923
500.5634,0.8076923
500.5834,0.8076923
500.6034,0.8076923
500.6234,0.8076923
500.6434,0.8076923
500.6634,0.8076923
500.6834,0.8076923
500.7034,0.8076923
500.7234,0.8076923
500.7433,0.8076923
500.7633,0.8076923
500.7833,0.8076923
500.8033,0.8076923
500.8233,0.8076923
500.8433,0.8076923
500.8633,0.8076923
500.8833,0.8076923
500.9033,0.8076923
500.9232,0.8076923
500.9432,0.8076923
500.9632,0.8076923
500.9832,0.8076923
501.0032,0.8076923
501.0232,0.8076923
501.0432,0.8076923
501.0632,0.8076923
501.0832,0.8076923
501.1031,0.8076923
501.1231,0.8076923
501.1431,0.8076923
501.1631,0.8076923
501.1831,0.8076923
501.2031,0.8076923
501.2231,0.8076923
501.2431,0.8076923
501.2631,0.8076923
501.2831,0.8076923
501.303,0.8076923
501.323,0.8076923
501.343,0.8076923
501.363,0.8076923
501.383,0.8076923
501.403,0.8076923
501.423,0.8076923
501.443,0.8076923
501.463,0.8076923
501.4829,0.8076923
501.5029,0.8076923
501.5229,0.8076923
501.5429,0.8076923
501.5629,0.8076923
501.5829,0.8076923
501.6029,0.8076923
501.6229,0.8076923
501.6429,0.8076923
501.6628,0.8076923
501.6828,0.8076923
501.7028,0.8076923
501.7228,0.8076923
501.7428,0.8076923
501.7628,0.8076923
501.7828,0.8076923
501.8028,0.8076923
501.8228,0.8076923
501.8427,0.8076923
501.8627,0.8076923
501.8827,0.8076923
501.9027,0.8076923
501.9227,0.8076923
501.9427,0.8076923
501.9627,0.8076923
501.9827,0.8076923
502.0027,0.8076923
502.0226,0.8076923
502.0426,0.8076923
502.0626,0.8076923
502.0826,0.8076923
502.1026,0.8076923
502.1226,0.8076923
502.1426,0.8076923
502.1626,0.8076923
502.1826,0.8076923
502.2025,0.8076923
502.2225,0.8076923
502.2425,0.8076923
502.2625,0.8076923
502.2825,0.8076923
502.3025,0.8076923
502.3225,0.8076923
502.3425,0.8076923
502.3625,0.8076923
502.3824,0.8076923
502.4024,0.8076923
502.4224,0.8076923
502.4424,0.8076923
502.4624,0.8076923
502.4824,0.8076923
502.5024,0.8076923
502.5224,0.8076923
502.5424,0.8076923
502.5623,0.8076923
502.5823,0.8076923
502.6023,0.8076923
502.6223,0.8076923
502.6423,0.8076923
502.6623,0.8076923
502.6823,0.8076923
502.7023,0.8076923
502.7223,0.8076923
502.7422,0.8076923
502.7622,0.8076923
502.7822,0.8076923
502.8022,0.8076923
502.8222,0.8076923
502.8422,0.8076923
502.8622,0.8076923
502.8822,0.8076923
502.9022,0.8076923
502.9221,0.8076923
502.9421,0.8076923
502.9621,0.8076923
502.9821,0.8076923
503.0021,0.8076923
503.0221,0.8076923
503.0421,0.8076923
503.0621,0.8076923
503.0821,0.8076923
503.1021,0.8076923
503.122,0.8076923
503.142,0.8076923
503.162,0.8076923
503.182,0.8076923
503.202,0.8076923
503.222,0.8076923
503.242,0.8076923
503.262,0.8076923
503.282,0.8076923
503.3019,0.8076923
503.3219,0.8076923
503.3419,0.8076923
503.3619,0.8076923
503.3819,0.8076923
503.4019,0.8076923
503.4219,0.8076923
503.4419,0.8076923
503.4619,0.8076923
503.4818,0.8076923
503.5018,0.8076923
503.5218,0.8076923
503.5418,0.8076923
503.5618,0.8076923
503.5818,0.8076923
503.6018,0.8076923
503.6218,0.8076923
503.6418,0.8076923
503.6617,0.8076923
503.6817,0.8076923
503.7017,0.8076923
503.7217,0.8076923
503.7417,0.8076923
503.7617,0.8076923
503.7817,0.8076923
503.8017,0.8076923
503.8217,0.8076923
503.8416,0.8076923
503.8616,0.8076923
503.8816,0.8076923
503.9016,0.8076923
503.9216,0.8076923
503.9416,0.8076923
503.9616,0.8076923
503.9816,0.8076923
504.0016,0.8076923
504.0215,0.8076923
504.0415,0.8076923
504.0615,0.8076923
504.0815,0.8076923
504.1015,0.8076923
504.1215,0.8076923
504.1415,0.8076923
504.1615,0.8076923
504.1815,0.8076923
504.2014,0.8076923
504.2214,0.8076923
504.2414,0.8076923
504.2614,0.8076923
504.2814,0.8076923
504.3014,0.8076923
504.3214,0.8076923
504.3414,0.8076923
504.3614,0.8076923
504.3813,0.8076923
504.4013,0.8076923
504.4213,0.8076923
504.4413,0.8076923
504.4613,0.8076923
504.4813,0.8076923
504.5013,0.8076923
504.5213,0.8076923
504.5413,0.8076923
504.5612,0.8076923
504.5812,0.8076923
504.6012,0.8076923
504.6212,0.8076923
504.6412,0.8076923
504.6612,0.8076923
504.6812,0.8076923
504.7012,0.8076923
504.7212,0.8076923
504.7411,0.8076923
504.7611,0.8076923
504.7811,0.8076923
504.8011,0.8076923
504.8211,0.8076923
504.8411,0.8076923
504.8611,0.8076923
504.8811,0.8076923
504.9011,0.8076923
504.9211,0.8076923
504.941,0.8076923
504.961,0.8076923
504.981,0.8076923
505.001,0.8076923
505.021,0.8076923
505.041,0.8076923
505.061,0.8076923
505.081,0.8076923
505.101,0.8076923
505.1209,0.8076923
505.1409,0.8076923
505.1609,0.8076923
505.1809,0.8076923
505.2009,0.8076923
505.2209,0.8076923
505.2409,0.8076923
505.2609,0.8076923
505.2809,0.8076923
505.3008,0.8076923
505.3208,0.8076923
505.3408,0.8076923
505.3608,0.8076923
505.3808,0.8076923
505.4008,0.8076923
505.4208,0.8076923
505.4408,0.8076923
505.4608,0.8076923
505.4807,0.8076923
505.5007,0.8076923
505.5207,0.8076923
505.5407,0.8076923
505.5607,0.8076923
505.5807,0.8076923
505.6007,0.8076923
505.6207,0.8076923
505.6407,0.8076923
505.6606,0.8076923
505.6806,0.8076923
505.7006,0.8076923
505.7206,0.8076923
505.7406,0.8076923
505.7606,0.8076923
505.7806,0.8076923
505.8006,0.8076923
505.8206,0.8076923
505.8405,0.8076923
505.8605,0.8076923
505.8805,0.8076923
505.9005,0.8076923
505.9205,0.8076923
505.9405,0.8076923
505.9605,0.8076923
505.9805,0.8076923
506.0005,0.8076923
506.0204,0.8076923
506.0404,0.8076923
506.0604,0.8076923
506.0804,0.8076923
506.1004,0.8076923
506.1204,0.8076923
506.1404,0.8076923
506.1604,0.8076923
506.1804,0.8076923
506.2003,0.8076923
506.2203,0.8076923
506.2403,0.8076923
506.2603,0.8076923
506.2803,0.8076923
506.3003,0.8076923
506.3203,0.8076923
506.3403,0.8076923
506.3603,0.8076923
506.3802,0.8076923
506.4002,0.8076923
506.4202,0.8076923
506.4402,0.8076923
506.4602,0.8076923
506.4802,0.8076923
506.5002,0.8076923
506.5202,0.8076923
506.5402,0.8076923
506.5602,0.8076923
506.5801,0.8076923
506.6001,0.8076923
506.6201,0.8076923
506.6401,0.8076923
506.6601,0.8076923
506.6801,0.8076923
506.7001,0.8076923
506.7201,0.8076923
506.7401,0.8076923
506.76,0.8076923
506.78,0.8076923
506.8,0.8076923
506.82,0.8076923
506.84,0.8076923
506.86,0.8076923
506.88,0.8076923
506.9,0.8076923
506.92,0.8076923
506.9399,0.8076923
506.9599,0.8076923
506.9799,0.8076923
506.9999,0.8076923
507.0199,0.8076923
507.0399,0.8076923
507.0599,0.8076923
507.0799,0.8076923
507.0999,0.8076923
507.1198,0.8076923
507.1398,0.8076923
507.1598,0.8076923
507.1798,0.8076923
507.1998,0.8076923
507.2198,0.8076923
507.2398,0.8076923
507.2598,0.8076923
507.2798,0.8076923
507.2997,0.8076923
507.3197,0.8076923
507.3397,0.8076923
507.3597,0.8076923
507.3797,0.8076923
507.3997,0.8076923
507.4197,0.8076923
507.4397,0.8076923
507.4597,0.8076923
507.4796,0.8076923
507.4996,0.8076923
507.5196,0.8076923
507.5396,0.8076923
507.5596,0.8076923
507.5796,0.8076923
507.5996,0.8076923
507.6196,0.8076923
507.6396,0.8076923
507.6595,0.8076923
507.6795,0.8076923
507.6995,0.8076923
507.7195,0.8076923
507.7395,0.8076923
507.7595,0.8076923
507.7795,0.8076923
507.7995,0.8076923
507.8195,0.8076923
507.8394,0.8076923
507.8594,0.8076923
507.8794,0.8076923
507.8994,0.8076923
507.9194,0.8076923
507.9394,0.8076923
507.9594,0.8076923
507.9794,0.8076923
507.9994,0.8076923
508.0193,0.8076923
508.0393,0.8076923
508.0593,0.8076923
508.0793,0.8076923
508.0993,0.8076923
508.1193,0.8076923
508.1393,0.8076923
508.1593,0.8076923
508.1793,0.8076923
508.1992,0.8076923
508.2192,0.8076923
508.2392,0.8076923
508.2592,0.8076923
508.2792,0.8076923
508.2992,0.8076923
508.3192,0.8076923
508.3392,0.8076923
508.3592,0.8076923
508.3792,0.8076923
508.3991,0.8076923
508.4191,0.8076923
508.4391,0.8076923
508.4591,0.8076923
508.4791,0.8076923
508.4991,0.8076923
508.5191,0.8076923
508.5391,0.8076923
508.5591,0.8076923
508.579,0.8076923
508.599,0.8076923
508.619,0.8076923
508.639,0.8076923
508.659,0.8076923
508.679,0.8076923
508.699,0.8076923
508.719,0.8076923
508.739,0.8076923
508.7589,0.8076923
508.7789,0.8076923
508.7989,0.8076923
508.8189,0.8076923
508.8389,0.8076923
508.8589,0.8076923
508.8789,0.8076923
508.8989,0.8076923
508.9189,0.8076923
508.9388,0.8076923
508.9588,0.8076923
508.9788,0.8076923
508.9988,0.8076923
509.0188,0.8076923
509.0388,0.8076923
509.0588,0.8076923
509.0788,0.8076923
509.0988,0.8076923
509.1187,0.8076923
509.1387,0.8076923
509.1587,0.8076923
509.1787,0.8076923
509.1987,0.8076923
509.2187,0.8076923
509.2387,0.8076923
509.2587,0.8076923
509.2787,0.8076923
509.2986,0.8076923
509.3186,0.8076923
509.3386,0.8076923
509.3586,0.8076923
509.3786,0.8076923
509.3986,0.8076923
509.4186,0.8076923
509.4386,0.8076923
509.4586,0.8076923
509.4785,0.8076923
509.4985,0.8076923
509.5185,0.8076923
509.5385,0.8076923
509.5585,0.8076923
509.5785,0.8076923
509.5985,0.8076923
509.6185,0.8076923
509.6385,0.8076923
509.6584,0.8076923
509.6784,0.8076923
509.6984,0.8076923
509.7184,0.8076923
509.7384,0.8076923
509.7584,0.8076923
509.7784,0.8076923
509.7984,0.8076923
509.8184,0.8076923
509.8383,0.8076923
509.8583,0.8076923
509.8783,0.8076923
509.8983,0.8076923
509.9183,0.8076923
509.9383,0.8076923
509.9583,0.8076923
509.9783,0.8076923
509.9983,0.8076923
510.0182,0.8076923
510.0382,0.8076923
510.0582,0.8076923
510.0782,0.8076923
510.0982,0.8076923
510.1182,0.8076923
510.1382,0.8076923
510.1582,0.8076923
510.1782,0.8076923
510.1982,0.8076923
510.2181,0.8076923
510.2381,0.8076923
510.2581,0.8076923
510.2781,0.8076923
510.2981,0.8076923
510.3181,0.8076923
510.3381,0.8076923
510.3581,0.8076923
510.3781,0.8076923
510.398,0.8076923
510.418,0.8076923
510.438,0.8076923
510.458,0.8076923
510.478,0.8076923
510.498,0.8076923
510.518,0.8076923
510.538,0.8076923
510.558,0.8076923
510.5779,0.8076923
510.5979,0.8076923
510.6179,0.8076923
510.6379,0.8076923
510.6579,0.8076923
510.6779,0.8076923
510.6979,0.8076923
510.7179,0.8076923
510.7379,0.8076923
510.7578,0.8076923
510.7778,0.8076923
510.7978,0.8076923
510.8178,0.8076923
510.8378,0.8076923
510.8578,0.8076923
510.8778,0.8076923
510.8978,0.8076923
510.9178,0.8076923
510.9377,0.8076923
510.9577,0.8076923
510.9777,0.8076923
510.9977,0.8076923
511.0177,0.8076923
511.0377,0.8076923
511.0577,0.8076923
511.0777,0.8076923
511.0977,0.8076923
511.1176,0.8076923
511.1376,0.8076923
511.1576,0.8076923
511.1776,0.8076923
511.1976,0.8076923
511.2176,0.8076923
511.2376,0.8076923
511.2576,0.8076923
511.2776,0.8076923
511.2975,0.8076923
511.3175,0.8076923
511.3375,0.8076923
511.3575,0.8076923
511.3775,0.8076923
511.3975,0.8076923
511.4175,0.8076923
511.4375,0.8076923
511.4575,0.8076923
511.4774,0.8076923
511.4974,0.8076923
511.5174,0.8076923
511.5374,0.8076923
511.5574,0.8076923
511.5774,0.8076923
511.5974,0.8076923
511.6174,0.8076923
511.6374,0.8076923
511.6573,0.8076923
511.6773,0.8076923
511.6973,0.8076923
511.7173,0.8076923
511.7373,0.8076923
511.7573,0.8076923
511.7773,0.8076923
511.7973,0.8076923
511.8173,0.8076923
511.8372,0.8076923
511.8572,0.8076923
511.8772,0.8076923
511.8972,0.8076923
511.9172,0.8076923
511.9372,0.8076923
511.9572,0.8076923
511.9772,0.8076923
511.9972,0.8076923
512.0172,0.8076923
512.0372,0.8076923
512.0572,0.8076923
512.0772,0.8076923
512.0972,0.8076923
512.1172,0.8076923
512.1373,0.8076923
512.1573,0.8076923
512.1773,0.8076923
512.1973,0.8076923
512.2173,0.8076923
512.2374,0.8076923
512.2574,0.8076923
512.2774,0.8076923
512.2974,0.8076923
512.3174,0.8076923
512.3375,0.8076923
512.3575,0.8076923
512.3775,0.8076923
512.3975,0.8076923
512.4175,0.8076923
512.4376,0.8076923
512.4576,0.8076923
512.4776,0.8076923
512.4976,0.8076923
512.5176,0.8076923
512.5377,0.8076923
512.5577,0.8076923
512.5777,0.8076923
512.5977,0.8076923
512.6177,0.8076923
512.6378,0.8076923
512.6578,0.8076923
512.6778,0.8076923
512.6978,0.8076923
512.7178,0.8076923
512.7379,0.8076923
512.7579,0.8076923
512.7779,0.8076923
512.7979,0.8076923
512.8179,0.8076923
512.838,0.8076923
512.858,0.8076923
512.878,0.8076923
512.898,0.8076923
512.918,0.8076923
512.938,0.8076923
512.9581,0.8076923
512.9781,0.8076923
512.9981,0.8076923
513.0181,0.8076923
513.0381,0.8076923
513.0582,0.8076923
513.0782,0.8076923
513.0982,0.8076923
513.1182,0.8076923
513.1382,0.8076923
513.1583,0.8076923
513.1783,0.8076923
513.1983,0.8076923
513.2183,0.8076923
513.2383,0.8076923
513.2584,0.8076923
513.2784,0.8076923
513.2984,0.8076923
513.3184,0.8076923
513.3384,0.8076923
513.3585,0.8076923
513.3785,0.8076923
513.3985,0.8076923
513.4185,0.8076923
513.4385,0.8076923
513.4586,0.8076923
513.4786,0.8076923
513.4986,0.8076923
513.5186,0.8076923
513.5386,0.8076923
513.5587,0.8076923
513.5787,0.8076923
513.5987,0.8076923
513.6187,0.8076923
513.6387,0.8076923
513.6588,0.8076923
513.6788,0.8076923
513.6988,0.8076923
513.7188,0.8076923
513.7388,0.8076923
513.7589,0.8076923
513.7789,0.8076923
513.7989,0.8076923
513.8189,0.8076923
513.8389,0.8076923
513.8589,0.8076923
513.879,0.8076923
513.899,0.8076923
513.919,0.8076923
513.939,0.8076923
513.959,0.8076923
513.9791,0.8076923
513.9991,0.8076923
514.0191,0.8076923
514.0391,0.8076923
514.0591,0.8076923
514.0792,0.8076923
514.0992,0.8076923
514.1192,0.8076923
514.1392,0.8076923
514.1592,0.8076923
514.1793,0.8076923
514.1993,0.8076923
514.2193,0.8076923
514.2393,0.8076923
514.2593,0.8076923
514.2794,0.8076923
514.2994,0.8076923
514.3194,0.8076923
514.3394,0.8076923
514.3594,0.8076923
514.3795,0.8076923
514.3995,0.8076923
514.4195,0.8076923
514.4395,0.8076923
514.4595,0.8076923
514.4796,0.8076923
514.4996,0.8076923
514.5196,0.8076923
514.5396,0.8076923
514.5596,0.8076923
514.5797,0.8076923
514.5997,0.8076923
514.6197,0.8076923
514.6397,0.8076923
514.6597,0.8076923
514.6797,0.8076923
514.6998,0.8076923
514.7198,0.8076923
514.7398,0.8076923
514.7598,0.8076923
514.7798,0.8076923
514.7999,0.8076923
514.8199,0.8076923
514.8399,0.8076923
514.8599,0.8076923
514.8799,0.8076923
514.9,0.8076923
514.92,0.8076923
514.94,0.8076923
514.96,0.8076923
514.98,0.8076923
515.0001,0.8076923
515.0201,0.8076923
515.0401,0.8076923
515.0601,0.8076923
515.0801,0.8076923
515.1002,0.8076923
515.1202,0.8076923
515.1402,0.8076923
515.1602,0.8076923
515.1802,0.8076923
515.2003,0.8076923
515.2203,0.8076923
515.2403,0.8076923
515.2603,0.8076923
515.2803,0.8076923
515.3004,0.8076923
515.3204,0.8076923
515.3404,0.8076923
515.3604,0.8076923
515.3804,0.8076923
515.4005,0.8076923
515.4205,0.8076923
515.4405,0.8076923
515.4605,0.8076923
515.4805,0.8076923
515.5005,0.8076923
515.5206,0.8076923
515.5406,0.8076923
515.5606,0.8076923
515.5806,0.8076923
515.6006,0.8076923
515.6207,0.8076923
515.6407,0.8076923
515.6607,0.8076923
515.6807,0.8076923
515.7007,0.8076923
515.7208,0.8076923
515.7408,0.8076923
515.7608,0.8076923
515.7808,0.8076923
515.8008,0.8076923
515.8209,0.8076923
515.8409,0.8076923
515.8609,0.8076923
515.8809,0.8076923
515.9009,0.8076923
515.921,0.8076923
515.941,0.8076923
515.961,0.8076923
515.981,0.8076923
516.001,0.8076923
516.0211,0.8076923
516.0411,0.8076923
516.0611,0.8076923
516.0811,0.8076923
516.1011,0.8076923
516.1212,0.8076923
516.1412,0.8076923
516.1612,0.8076923
516.1812,0.8076923
516.2012,0.8076923
516.2213,0.8076923
516.2413,0.8076923
516.2613,0.8076923
516.2813,0.8076923
516.3013,0.8076923
516.3214,0.8076923
516.3414,0.8076923
516.3614,0.8076923
516.3814,0.8076923
516.4014,0.8076923
516.4214,0.8076923
516.4415,0.8076923
516.4615,0.8076923
516.4815,0.8076923
516.5015,0.8076923
516.5215,0.8076923
516.5416,0.8076923
516.5616,0.8076923
516.5816,0.8076923
516.6016,0.8076923
516.6216,0.8076923
516.6417,0.8076923
516.6617,0.8076923
516.6817,0.8076923
516.7017,0.8076923
516.7217,0.8076923
516.7418,0.8076923
516.7618,0.8076923
516.7818,0.8076923
516.8018,0.8076923
516.8218,0.8076923
516.8419,0.8076923
516.8619,0.8076923
516.8819,0.8076923
516.9019,0.8076923
516.9219,0.8076923
516.942,0.8076923
516.962,0.8076923
516.982,0.8076923
517.002,0.8076923
517.022,0.8076923
517.0421,0.8076923
517.0621,0.8076923
517.0821,0.8076923
517.1021,0.8076923
517.1221,0.8076923
517.1422,0.8076923
517.1622,0.8076923
517.1822,0.8076923
517.2022,0.8076923
517.2222,0.8076923
517.2422,0.8076923
517.2623,0.8076923
517.2823,0.8076923
517.3023,0.8076923
517.3223,0.8076923
517.3423,0.8076923
517.3624,0.8076923
517.3824,0.8076923
517.4024,0.8076923
517.4224,0.8076923
517.4424,0.8076923
517.4625,0.8076923
517.4825,0.8076923
517.5025,0.8076923
517.5225,0.8076923
517.5425,0.8076923
517.5626,0.8076923
517.5826,0.8076923
517.6026,0.8076923
517.6226,0.8076923
517.6426,0.8076923
517.6627,0.8076923
517.6827,0.8076923
517.7027,0.8076923
517.7227,0.8076923
517.7427,0.8076923
517.7628,0.8076923
517.7828,0.8076923
517.8028,0.8076923
517.8228,0.8076923
517.8428,0.8076923
517.8629,0.8076923
517.8829,0.8076923
517.9029,0.8076923
517.9229,0.8076923
517.9429,0.8076923
517.963,0.8076923
517.983,0.8076923
518.003,0.8076923
518.023,0.8076923
518.043,0.8076923
518.063,0.8076923
518.0831,0.8076923
518.1031,0.8076923
518.1231,0.8076923
518.1431,0.8076923
518.1631,0.8076923
518.1832,0.8076923
518.2032,0.8076923
518.2232,0.8076923
518.2432,0.8076923
518.2632,0.8076923
518.2833,0.8076923
518.3033,0.8076923
518.3233,0.8076923
518.3433,0.8076923
518.3633,0.8076923
518.3834,0.8076923
518.4034,0.8076923
518.4234,0.8076923
518.4434,0.8076923
518.4634,0.8076923
518.4835,0.8076923
518.5035,0.8076923
518.5235,0.8076923
518.5435,0.8076923
518.5635,0.8076923
518.5836,0.8076923
518.6036,0.8076923
518.6236,0.8076923
518.6436,0.8076923
518.6636,0.8076923
518.6837,0.8076923
518.7037,0.8076923
518.7237,0.8076923
518.7437,0.8076923
518.7637,0.8076923
518.7838,0.8076923
518.8038,0.8076923
518.8238,0.8076923
518.8438,0.8076923
518.8638,0.8076923
518.8839,0.8076923
518.9039,0.8076923
518.9239,0.8076923
518.9439,0.8076923
518.9639,0.8076923
518.9839,0.8076923
519.004,0.8076923
519.024,0.8076923
519.044,0.8076923
519.064,0.8076923
519.084,0.8076923
519.1041,0.8076923
519.1241,0.8076923
519.1441,0.8076923
519.1641,0.8076923
519.1841,0.8076923
519.2042,0.8076923
519.2242,0.8076923
519.2442,0.8076923
519.2642,0.8076923
519.2842,0.8076923
519.3043,0.8076923
519.3243,0.8076923
519.3443,0.8076923
519.3643,0.8076923
519.3843,0.8076923
519.4044,0.8076923
519.4244,0.8076923
519.4444,0.8076923
519.4644,0.8076923
519.4844,0.8076923
519.5045,0.8076923
519.5245,0.8076923
519.5445,0.8076923
519.5645,0.8076923
519.5845,0.8076923
519.6046,0.8076923
519.6246,0.8076923
519.6446,0.8076923
519.6646,0.8076923
519.6846,0.8076923
519.7047,0.8076923
519.7247,0.8076923
519.7447,0.8076923
519.7647,0.8076923
519.7847,0.8076923
519.8047,0.8076923
519.8248,0.8076923
519.8448,0.8076923
519.8648,0.8076923
519.8848,0.8076923
519.9048,0.8076923
519.9249,0.8076923
519.9449,0.8076923
519.9649,0.8076923
519.9849,0.8076923
520.0049,0.8076923
520.025,0.8076923
520.045,0.8076923
520.065,0.8076923
520.085,0.8076923
520.105,0.8076923
520.1251,0.8076923
520.1451,0.8076923
520.1651,0.8076923
520.1851,0.8076923
520.2051,0.8076923
520.2252,0.8076923
520.2452,0.8076923
520.2652,0.8076923
520.2852,0.8076923
520.3052,0.8076923
520.3253,0.8076923
520.3453,0.8076923
520.3653,0.8076923
520.3853,0.8076923
520.4053,0.8076923
520.4254,0.8076923
520.4454,0.8076923
520.4654,0.8076923
520.4854,0.8076923
520.5054,0.8076923
520.5255,0.8076923
520.5455,0.8076923
520.5655,0.8076923
520.5855,0.8076923
520.6055,0.8076923
520.6255,0.8076923
520.6456,0.8076923
520.6656,0.8076923
520.6856,0.8076923
520.7056,0.8076923
520.7256,0.8076923
520.7457,0.8076923
520.7657,0.8076923
520.7857,0.8076923
520.8057,0.8076923
520.8257,0.8076923
520.8458,0.8076923
520.8658,0.8076923
520.8858,0.8076923
520.9058,0.8076923
520.9258,0.8076923
520.9459,0.8076923
520.9659,0.8076923
520.9859,0.8076923
521.0059,0.8076923
521.0259,0.8076923
521.046,0.8076923
521.066,0.8076923
521.086,0.8076923
521.106,0.8076923
521.126,0.8076923
521.1461,0.8076923
521.1661,0.8076923
521.1861,0.8076923
521.2061,0.8076923
521.2261,0.8076923
521.2462,0.8076923
521.2662,0.8076923
521.2862,0.8076923
521.3062,0.8076923
521.3262,0.8076923
521.3463,0.8076923
521.3663,0.8076923
521.3863,0.8076923
521.4063,0.8076923
521.4263,0.8076923
521.4464,0.8076923
521.4664,0.8076923
521.4864,0.8076923
521.5064,0.8076923
521.5264,0.8076923
521.5464,0.8076923
521.5665,0.8076923
521.5865,0.8076923
521.6065,0.8076923
521.6265,0.8076923
521.6465,0.8076923
521.6666,0.8076923
521.6866,0.8076923
521.7066,0.8076923
521.7266,0.8076923
521.7466,0.8076923
521.7667,0.8076923
521.7867,0.8076923
521.8067,0.8076923
521.8267,0.8076923
521.8467,0.8076923
521.8668,0.8076923
521.8868,0.8076923
521.9068,0.8076923
521.9268,0.8076923
521.9468,0.8076923
521.9669,0.8076923
521.9869,0.8076923
522.0069,0.8076923
522.0269,0.8076923
522.0469,0.8076923
522.067,0.8076923
522.087,0.8076923
522.107,0.8076923
522.127,0.8076923
522.147,0.8076923
522.1671,0.8076923
522.1871,0.8076923
522.2071,0.8076923
522.2271,0.8076923
522.2471,0.8076923
522.2672,0.8076923
522.2872,0.8076923
522.3072,0.8076923
522.3272,0.8076923
522.3472,0.8076923
522.3672,0.8076923
522.3873,0.8076923
522.4073,0.8076923
522.4273,0.8076923
522.4473,0.8076923
522.4673,0.8076923
522.4874,0.8076923
522.5074,0.8076923
522.5274,0.8076923
522.5474,0.8076923
522.5674,0.8076923
522.5875,0.8076923
522.6075,0.8076923
522.6275,0.8076923
522.6475,0.8076923
522.6675,0.8076923
522.6876,0.8076923
522.7076,0.8076923
522.7276,0.8076923
522.7476,0.8076923
522.7676,0.8076923
522.7877,0.8076923
522.8077,0.8076923
522.8277,0.8076923
522.8477,0.8076923
522.8677,0.8076923
522.8878,0.8076923
522.9078,0.8076923
522.9278,0.8076923
522.9478,0.8076923
522.9678,0.8076923
522.9879,0.8076923
523.0079,0.8076923
523.0279,0.8076923
523.0479,0.8076923
523.0679,0.8076923
523.088,0.8076923
523.108,0.8076923
523.128,0.8076923
523.148,0.8076923
523.168,0.8076923
523.188,0.8076923
523.2081,0.8076923
523.2281,0.8076923
523.2481,0.8076923
523.2681,0.8076923
523.2881,0.8076923
523.3082,0.8076923
523.3282,0.8076923
523.3482,0.8076923
523.3682,0.8076923
523.3882,0.8076923
523.4083,0.8076923
523.4283,0.8076923
523.4483,0.8076923
523.4683,0.8076923
523.4883,0.8076923
523.5084,0.8076923
523.5284,0.8076923
523.5484,0.8076923
523.5684,0.8076923
523.5884,0.8076923
523.6085,0.8076923
523.6285,0.8076923
523.6485,0.8076923
523.6685,0.8076923
523.6885,0.8076923
523.7086,0.8076923
523.7286,0.8076923
523.7486,0.8076923
523.7686,0.8076923
523.7886,0.8076923
523.8087,0.8076923
523.8287,0.8076923
523.8487,0.8076923
523.8687,0.8076923
523.8887,0.8076923
523.9088,0.8076923
523.9288,0.8076923
523.9488,0.8076923
523.9688,0.8076923
523.9888,0.8076923
524.0089,0.8076923
524.0289,0.8076923
524.0489,0.8076923
524.0689,0.8076923
524.0889,0.8076923
524.1089,0.8076923
524.129,0.8076923
524.149,0.8076923
524.169,0.8076923
524.189,0.8076923
524.209,0.8076923
524.2291,0.8076923
524.2491,0.8076923
524.2691,0.8076923
524.2891,0.8076923
524.3091,0.8076923
524.3292,0.8076923
524.3492,0.8076923
524.3692,0.8076923
524.3892,0.8076923
524.4092,0.8076923
524.4293,0.8076923
524.4493,0.8076923
524.4693,0.8076923
524.4893,0.8076923
524.5093,0.8076923
524.5294,0.8076923
524.5494,0.8076923
524.5694,0.8076923
524.5894,0.8076923
524.6094,0.8076923
524.6295,0.8076923
524.6495,0.8076923
524.6695,0.8076923
524.6895,0.8076923
524.7095,0.8076923
524.7296,0.8076923
524.7496,0.8076923
524.7696,0.8076923
524.7896,0.8076923
524.8096,0.8076923
524.8297,0.8076923
524.8497,0.8076923
524.8697,0.8076923
524.8897,0.8076923
524.9097,0.8076923
524.9297,0.8076923
524.9498,0.8076923
524.9698,0.8076923
524.9898,0.8076923
525.0098,0.8076923
525.0298,0.8076923
525.0499,0.8076923
525.0699,0.8076923
525.0899,0.8076923
525.1099,0.8076923
525.1299,0.8076923
525.15,0.8076923
525.17,0.8076923
525.19,0.8076923
525.21,0.8076923
525.23,0.8076923
525.2501,0.8076923
525.2701,0.8076923
525.2901,0.8076923
525.3101,0.8076923
525.3301,0.8076923
525.3502,0.8076923
525.3702,0.8076923
525.3902,0.8076923
525.4102,0.8076923
525.4302,0.8076923
525.4503,0.8076923
525.4703,0.8076923
525.4903,0.8076923
525.5103,0.8076923
525.5303,0.8076923
525.5504,0.8076923
525.5704,0.8076923
525.5904,0.8076923
525.6104,0.8076923
525.6304,0.8076923
525.6505,0.8076923
525.6705,0.8076923
525.6905,0.8076923
525.7105,0.8076923
525.7305,0.8076923
525.7505,0.8076923
525.7706,0.8076923
525.7906,0.8076923
525.8106,0.8076923
525.8306,0.8076923
525.8506,0.8076923
525.8707,0.8076923
525.8907,0.8076923
525.9107,0.8076923
525.9307,0.8076923
525.9507,0.8076923
525.9708,0.8076923
525.9908,0.8076923
526.0108,0.8076923
526.0308,0.8076923
526.0508,0.8076923
526.0709,0.8076923
526.0909,0.8076923
526.1109,0.8076923
526.1309,0.8076923
526.1509,0.8076923
526.171,0.8076923
526.191,0.8076923
526.211,0.8076923
526.231,0.8076923
526.251,0.8076923
526.2711,0.8076923
526.2911,0.8076923
526.3111,0.8076923
526.3311,0.8076923
526.3511,0.8076923
526.3712,0.8076923
526.3912,0.8076923
526.4112,0.8076923
526.4312,0.8076923
526.4512,0.8076923
526.4713,0.8076923
526.4913,0.8076923
526.5113,0.8076923
526.5313,0.8076923
526.5513,0.8076923
526.5714,0.8076923
526.5914,0.8076923
526.6114,0.8076923
526.6314,0.8076923
526.6514,0.8076923
526.6714,0.8076923
526.6915,0.8076923
526.7115,0.8076923
526.7315,0.8076923
526.7515,0.8076923
526.7715,0.8076923
526.7916,0.8076923
526.8116,0.8076923
526.8316,0.8076923
526.8516,0.8076923
526.8716,0.8076923
526.8917,0.8076923
526.9117,0.8076923
526.9317,0.8076923
526.9517,0.8076923
526.9717,0.8076923
526.9918,0.8076923
527.0118,0.8076923
527.0318,0.8076923
527.0518,0.8076923
527.0718,0.8076923
527.0919,0.8076923
527.1119,0.8076923
527.1319,0.8076923
527.1519,0.8076923
527.1719,0.8076923
527.192,0.8076923
527.212,0.8076923
527.232,0.8076923
527.252,0.8076923
527.272,0.8076923
527.2921,0.8076923
527.3121,0.8076923
527.3321,0.8076923
527.3521,0.8076923
527.3721,0.8076923
527.3922,0.8076923
527.4122,0.8076923
527.4322,0.8076923
527.4522,0.8076923
527.4722,0.8076923
527.4922,0.8076923
527.5123,0.8076923
527.5323,0.8076923
527.5523,0.8076923
527.5723,0.8076923
527.5923,0.8076923
527.6124,0.8076923
527.6324,0.8076923
527.6524,0.8076923
527.6724,0.8076923
527.6924,0.8076923
527.7125,0.8076923
527.7325,0.8076923
527.7525,0.8076923
527.7725,0.8076923
527.7925,0.8076923
527.8126,0.8076923
527.8326,0.8076923
527.8526,0.8076923
527.8726,0.8076923
527.8926,0.8076923
527.9127,0.8076923
527.9327,0.8076923
527.9527,0.8076923
527.9727,0.8076923
527.9927,0.8076923
528.0128,0.8076923
528.0328,0.8076923
528.0528,0.8076923
528.0728,0.8076923
528.0928,0.8076923
528.1129,0.8076923
528.1329,0.8076923
528.1529,0.8076923
528.1729,0.8076923
528.1929,0.8076923
528.213,0.8076923
528.233,0.8076923
528.253,0.8076923
528.273,0.8076923
528.293,0.8076923
528.313,0.8076923
528.3331,0.8076923
528.3531,0.8076923
528.3731,0.8076923
528.3931,0.8076923
528.4131,0.8076923
528.4332,0.8076923
528.4532,0.8076923
528.4732,0.8076923
528.4932,0.8076923
528.5132,0.8076923
528.5333,0.8076923
528.5533,0.8076923
528.5733,0.8076923
528.5933,0.8076923
528.6133,0.8076923
528.6334,0.8076923
528.6534,0.8076923
528.6734,0.8076923
528.6934,0.8076923
528.7134,0.8076923
528.7335,0.8076923
528.7535,0.8076923
528.7735,0.8076923
528.7935,0.8076923
528.8135,0.8076923
528.8336,0.8076923
528.8536,0.8076923
528.8736,0.8076923
528.8936,0.8076923
528.9136,0.8076923
528.9337,0.8076923
528.9537,0.8076923
528.9737,0.8076923
528.9937,0.8076923
529.0137,0.8076923
529.0338,0.8076923
529.0538,0.8076923
529.0738,0.8076923
529.0938,0.8076923
529.1138,0.8076923
529.1339,0.8076923
529.1539,0.8076923
529.1739,0.8076923
529.1939,0.8076923
529.2139,0.8076923
529.2339,0.8076923
529.254,0.8076923
529.274,0.8076923
529.294,0.8076923
529.314,0.8076923
529.334,0.8076923
529.3541,0.8076923
529.3741,0.8076923
529.3941,0.8076923
529.4141,0.8076923
529.4341,0.8076923
529.4542,0.8076923
529.4742,0.8076923
529.4942,0.8076923
529.5142,0.8076923
529.5342,0.8076923
529.5543,0.8076923
529.5743,0.8076923
529.5943,0.8076923
529.6143,0.8076923
529.6343,0.8076923
529.6544,0.8076923
529.6744,0.8076923
529.6944,0.8076923
529.7144,0.8076923
529.7344,0.8076923
529.7545,0.8076923
529.7745,0.8076923
529.7945,0.8076923
529.8145,0.8076923
529.8345,0.8076923
529.8546,0.8076923
529.8746,0.8076923
529.8946,0.8076923
529.9146,0.8076923
529.9346,0.8076923
529.9547,0.8076923
529.9747,0.8076923
529.9947,0.8076923
530.0147,0.8076923
530.0347,0.8076923
530.0547,0.8076923
530.0748,0.8076923
530.0948,0.8076923
530.1148,0.8076923
530.1348,0.8076923
530.1548,0.8076923
530.1749,0.8076923
530.1949,0.8076923
530.2149,0.8076923
530.2349,0.8076923
530.2549,0.8076923
530.275,0.8076923
530.295,0.8076923
530.315,0.8076923
530.335,0.8076923
530.355,0.8076923
530.3751,0.8076923
530.3951,0.8076923
530.4151,0.8076923
530.4351,0.8076923
530.4551,0.8076923
530.4752,0.8076923
530.4952,0.8076923
530.5152,0.8076923
530.5352,0.8076923
530.5552,0.8076923
530.5753,0.8076923
530.5953,0.8076923
530.6153,0.8076923
530.6353,0.8076923
530.6553,0.8076923
530.6754,0.8076923
530.6954,0.8076923
530.7154,0.8076923
530.7354,0.8076923
530.7554,0.8076923
530.7755,0.8076923
530.7955,0.8076923
530.8155,0.8076923
530.8355,0.8076923
530.8555,0.8076923
530.8755,0.8076923
530.8956,0.8076923
530.9156,0.8076923
530.9356,0.8076923
530.9556,0.8076923
530.9756,0.8076923
530.9957,0.8076923
531.0157,0.8076923
531.0357,0.8076923
531.0557,0.8076923
531.0757,0.8076923
531.0958,0.8076923
531.1158,0.8076923
531.1358,0.8076923
531.1558,0.8076923
531.1758,0.8076923
531.1959,0.8076923
531.2159,0.8076923
531.2359,0.8076923
531.2559,0.8076923
531.2759,0.8076923
531.296,0.8076923
531.316,0.8076923
531.336,0.8076923
531.356,0.8076923
531.376,0.8076923
531.3961,0.8076923
531.4161,0.8076923
531.4361,0.8076923
531.4561,0.8076923
531.4761,0.8076923
531.4962,0.8076923
531.5162,0.8076923
531.5362,0.8076923
531.5562,0.8076923
531.5762,0.8076923
531.5963,0.8076923
531.6163,0.8076923
531.6363,0.8076923
531.6563,0.8076923
531.6763,0.8076923
531.6964,0.8076923
531.7164,0.8076923
531.7364,0.8076923
531.7564,0.8076923
531.7764,0.8076923
531.7964,0.8076923
531.8165,0.8076923
531.8365,0.8076923
531.8565,0.8076923
531.8765,0.8076923
531.8965,0.8076923
531.9166,0.8076923
531.9366,0.8076923
531.9566,0.8076923
531.9766,0.8076923
531.9966,0.8076923
532.0167,0.8076923
532.0367,0.8076923
532.0567,0.8076923
532.0767,0.8076923
532.0967,0.8076923
532.1168,0.8076923
532.1368,0.8076923
532.1568,0.8076923
532.1768,0.8076923
532.1968,0.8076923
532.2169,0.8076923
532.2369,0.8076923
532.2569,0.8076923
532.2769,0.8076923
532.2969,0.8076923
532.317,0.8076923
532.337,0.8076923
532.357,0.8076923
532.377,0.8076923
532.397,0.8076923
532.4171,0.8076923
532.4371,0.8076923
532.4571,0.8076923
532.4771,0.8076923
532.4971,0.8076923
532.5172,0.8076923
532.5372,0.8076923
532.5572,0.8076923
532.5772,0.8076923
532.5972,0.8076923
532.6172,0.8076923
532.6373,0.8076923
532.6573,0.8076923
532.6773,0.8076923
532.6973,0.8076923
532.7173,0.8076923
532.7374,0.8076923
532.7574,0.8076923
532.7774,0.8076923
532.7974,0.8076923
532.8174,0.8076923
532.8375,0.8076923
532.8575,0.8076923
532.8775,0.8076923
532.8975,0.8076923
532.9175,0.8076923
532.9376,0.8076923
532.9576,0.8076923
532.9776,0.8076923
532.9976,0.8076923
533.0176,0.8076923
533.0377,0.8076923
533.0577,0.8076923
533.0777,0.8076923
533.0977,0.8076923
533.1177,0.8076923
533.1378,0.8076923
533.1578,0.8076923
533.1778,0.8076923
533.1978,0.8076923
533.2178,0.8076923
533.2379,0.8076923
533.2579,0.8076923
533.2779,0.8076923
533.2979,0.8076923
533.3179,0.8076923
533.338,0.8076923
533.358,0.8076923
533.378,0.8076923
533.398,0.8076923
533.418,0.8076923
533.438,0.8076923
533.4581,0.8076923
533.4781,0.8076923
533.4981,0.8076923
533.5181,0.8076923
533.5381,0.8076923
533.5582,0.8076923
533.5782,0.8076923
533.5982,0.8076923
533.6182,0.8076923
533.6382,0.8076923
533.6583,0.8076923
533.6783,0.8076923
533.6983,0.8076923
533.7183,0.8076923
533.7383,0.8076923
533.7584,0.8076923
533.7784,0.8076923
533.7984,0.8076923
533.8184,0.8076923
533.8384,0.8076923
533.8585,0.8076923
533.8785,0.8076923
533.8985,0.8076923
533.9185,0.8076923
533.9385,0.8076923
533.9586,0.8076923
533.9786,0.8076923
533.9986,0.8076923
534.0186,0.8076923
534.0386,0.8076923
534.0587,0.8076923
534.0787,0.8076923
534.0987,0.8076923
534.1187,0.8076923
534.1387,0.8076923
534.1588,0.8076923
534.1788,0.8076923
534.1988,0.8076923
534.2188,0.8076923
534.2388,0.8076923
534.2589,0.8076923
534.2789,0.8076923
534.2989,0.8076923
534.3189,0.8076923
534.3389,0.8076923
534.3589,0.8076923
534.379,0.8076923
534.399,0.8076923
534.419,0.8076923
534.439,0.8076923
534.459,0.8076923
534.4791,0.8076923
534.4991,0.8076923
534.5191,0.8076923
534.5391,0.8076923
534.5591,0.8076923
534.5792,0.8076923
534.5992,0.8076923
534.6192,0.8076923
534.6392,0.8076923
534.6592,0.8076923
534.6793,0.8076923
534.6993,0.8076923
534.7193,0.8076923
534.7393,0.8076923
534.7593,0.8076923
534.7794,0.8076923
534.7994,0.8076923
534.8194,0.8076923
534.8394,0.8076923
534.8594,0.8076923
534.8795,0.8076923
534.8995,0.8076923
534.9195,0.8076923
534.9395,0.8076923
534.9595,0.8076923
534.9796,0.8076923
534.9996,0.8076923
535.0196,0.8076923
535.0396,0.8076923
535.0596,0.8076923
535.0797,0.8076923
535.0997,0.8076923
535.1197,0.8076923
535.1397,0.8076923
535.1597,0.8076923
535.1797,0.8076923
535.1998,0.8076923
535.2198,0.8076923
535.2398,0.8076923
535.2598,0.8076923
535.2798,0.8076923
535.2999,0.8076923
535.3199,0.8076923
535.3399,0.8076923
535.3599,0.8076923
535.3799,0.8076923
535.4,0.8076923
535.42,0.8076923
535.44,0.8076923
535.46,0.8076923
535.48,0.8076923
535.5001,0.8076923
535.5201,0.8076923
535.5401,0.8076923
535.5601,0.8076923
535.5801,0.8076923
535.6002,0.8076923
535.6202,0.8076923
535.6402,0.8076923
535.6602,0.8076923
535.6802,0.8076923
535.7003,0.8076923
535.7203,0.8076923
535.7403,0.8076923
535.7603,0.8076923
535.7803,0.8076923
535.8004,0.8076923
535.8204,0.8076923
535.8404,0.8076923
535.8604,0.8076923
535.8804,0.8076923
535.9005,0.8076923
535.9205,0.8076923
535.9405,0.8076923
535.9605,0.8076923
535.9805,0.8076923
536.0005,0.8076923
536.0206,0.8076923
536.0406,0.8076923
536.0606,0.8076923
536.0806,0.8076923
536.1006,0.8076923
536.1207,0.8076923
536.1407,0.8076923
536.1607,0.8076923
536.1807,0.8076923
536.2007,0.8076923
536.2208,0.8076923
536.2408,0.8076923
536.2608,0.8076923
536.2808,0.8076923
536.3008,0.8076923
536.3209,0.8076923
536.3409,0.8076923
536.3609,0.8076923
536.3809,0.8076923
536.4009,0.8076923
536.421,0.8076923
536.441,0.8076923
536.461,0.8076923
536.481,0.8076923
536.501,0.8076923
536.5211,0.8076923
536.5411,0.8076923
536.5611,0.8076923
536.5811,0.8076923
536.6011,0.8076923
536.6212,0.8076923
536.6412,0.8076923
536.6612,0.8076923
536.6812,0.8076923
536.7012,0.8076923
536.7213,0.8076923
536.7413,0.8076923
536.7613,0.8076923
536.7813,0.8076923
536.8013,0.8076923
536.8214,0.8076923
536.8414,0.8076923
536.8614,0.8076923
536.8814,0.8076923
536.9014,0.8076923
536.9214,0.8076923
536.9415,0.8076923
536.9615,0.8076923
536.9815,0.8076923
537.0015,0.8076923
537.0215,0.8076923
537.0416,0.8076923
537.0616,0.8076923
537.0816,0.8076923
537.1016,0.8076923
537.1216,0.8076923
537.1417,0.8076923
537.1617,0.8076923
537.1817,0.8076923
537.2017,0.8076923
537.2217,0.8076923
537.2418,0.8076923
537.2618,0.8076923
537.2818,0.8076923
537.3018,0.8076923
537.3218,0.8076923
537.3419,0.8076923
537.3619,0.8076923
537.3819,0.8076923
537.4019,0.8076923
537.4219,0.8076923
537.442,0.8076923
537.462,0.8076923
537.482,0.8076923
537.502,0.8076923
537.522,0.8076923
537.5421,0.8076923
537.5621,0.8076923
537.5821,0.8076923
537.6021,0.8076923
537.6221,0.8076923
537.6422,0.8076923
537.6622,0.8076923
537.6822,0.8076923
537.7022,0.8076923
537.7222,0.8076923
537.7422,0.8076923
537.7623,0.8076923
537.7823,0.8076923
537.8023,0.8076923
537.8223,0.8076923
537.8423,0.8076923
537.8624,0.8076923
537.8824,0.8076923
537.9024,0.8076923
537.9224,0.8076923
537.9424,0.8076923
537.9625,0.8076923
537.9825,0.8076923
538.0025,0.8076923
538.0225,0.8076923
538.0425,0.8076923
538.0626,0.8076923
538.0826,0.8076923
538.1026,0.8076923
538.1226,0.8076923
538.1426,0.8076923
538.1627,0.8076923
538.1827,0.8076923
538.2027,0.8076923
538.2227,0.8076923
538.2427,0.8076923
538.2628,0.8076923
538.2828,0.8076923
538.3028,0.8076923
538.3228,0.8076923
538.3428,0.8076923
538.3629,0.8076923
538.3829,0.8076923
538.4029,0.8076923
538.4229,0.8076923
538.4429,0.8076923
538.463,0.8076923
538.483,0.8076923
538.503,0.8076923
538.523,0.8076923
538.543,0.8076923
538.563,0.8076923
538.5831,0.8076923
538.6031,0.8076923
538.6231,0.8076923
538.6431,0.8076923
538.6631,0.8076923
538.6832,0.8076923
538.7032,0.8076923
538.7232,0.8076923
538.7432,0.8076923
538.7632,0.8076923
538.7833,0.8076923
538.8033,0.8076923
538.8233,0.8076923
538.8433,0.8076923
538.8633,0.8076923
538.8834,0.8076923
538.9034,0.8076923
538.9234,0.8076923
538.9434,0.8076923
538.9634,0.8076923
538.9835,0.8076923
539.0035,0.8076923
539.0235,0.8076923
539.0435,0.8076923
539.0635,0.8076923
539.0836,0.8076923
539.1036,0.8076923
539.1236,0.8076923
539.1436,0.8076923
539.1636,0.8076923
539.1837,0.8076923
539.2037,0.8076923
539.2237,0.8076923
539.2437,0.8076923
539.2637,0.8076923
539.2838,0.8076923
539.3038,0.8076923
539.3238,0.8076923
539.3438,0.8076923
539.3638,0.8076923
539.3839,0.8076923
539.4039,0.8076923
539.4239,0.8076923
539.4439,0.8076923
539.4639,0.8076923
539.4839,0.8076923
539.504,0.8076923
539.524,0.8076923
539.544,0.8076923
539.564,0.8076923
539.584,0.8076923
539.6041,0.8076923
539.6241,0.8076923
539.6441,0.8076923
539.6641,0.8076923
539.6841,0.8076923
539.7042,0.8076923
539.7242,0.8076923
539.7442,0.8076923
539.7642,0.8076923
539.7842,0.8076923
539.8043,0.8076923
539.8243,0.8076923
539.8443,0.8076923
539.8643,0.8076923
539.8843,0.8076923
539.9044,0.8076923
539.9244,0.8076923
539.9444,0.8076923
539.9644,0.8076923
539.9844,0.8076923
540.0045,0.8076923
540.0245,0.8076923
540.0445,0.8076923
540.0645,0.8076923
540.0845,0.8076923
540.1046,0.8076923
540.1246,0.8076923
540.1446,0.8076923
540.1646,0.8076923
540.1846,0.8076923
540.2047,0.8076923
540.2247,0.8076923
540.2447,0.8076923
540.2647,0.8076923
540.2847,0.8076923
540.3047,0.8076923
540.3248,0.8076923
540.3448,0.8076923
540.3648,0.8076923
540.3848,0.8076923
540.4048,0.8076923
540.4249,0.8076923
540.4449,0.8076923
540.4649,0.8076923
540.4849,0.8076923
540.5049,0.8076923
540.525,0.8076923
540.545,0.8076923
540.565,0.8076923
540.585,0.8076923
540.605,0.8076923
540.6251,0.8076923
540.6451,0.8076923
540.6651,0.8076923
540.6851,0.8076923
540.7051,0.8076923
540.7252,0.8076923
540.7452,0.8076923
540.7652,0.8076923
540.7852,0.8076923
540.8052,0.8076923
540.8253,0.8076923
540.8453,0.8076923
540.8653,0.8076923
540.8853,0.8076923
540.9053,0.8076923
540.9254,0.8076923
540.9454,0.8076923
540.9654,0.8076923
540.9854,0.8076923
541.0054,0.8076923
541.0255,0.8076923
541.0455,0.8076923
541.0655,0.8076923
541.0855,0.8076923
541.1055,0.8076923
541.1255,0.8076923
541.1456,0.8076923
541.1656,0.8076923
541.1856,0.8076923
541.2056,0.8076923
541.2256,0.8076923
541.2457,0.8076923
541.2657,0.8076923
541.2857,0.8076923
541.3057,0.8076923
541.3257,0.8076923
541.3458,0.8076923
541.3658,0.8076923
541.3858,0.8076923
541.4058,0.8076923
541.4258,0.8076923
541.4459,0.8076923
541.4659,0.8076923
541.4859,0.8076923
541.5059,0.8076923
541.5259,0.8076923
541.546,0.8076923
541.566,0.8076923
541.586,0.8076923
541.606,0.8076923
541.626,0.8076923
541.6461,0.8076923
541.6661,0.8076923
541.6861,0.8076923
541.7061,0.8076923
541.7261,0.8076923
541.7462,0.8076923
541.7662,0.8076923
541.7862,0.8076923
541.8062,0.8076923
541.8262,0.8076923
541.8463,0.8076923
541.8663,0.8076923
541.8863,0.8076923
541.9063,0.8076923
541.9263,0.8076923
541.9464,0.8076923
541.9664,0.8076923
541.9864,0.8076923
542.0064,0.8076923
542.0264,0.8076923
542.0464,0.8076923
542.0665,0.8076923
542.0865,0.8076923
542.1065,0.8076923
542.1265,0.8076923
542.1465,0.8076923
542.1666,0.8076923
542.1866,0.8076923
542.2066,0.8076923
542.2266,0.8076923
542.2466,0.8076923
542.2667,0.8076923
542.2867,0.8076923
542.3067,0.8076923
542.3267,0.8076923
542.3467,0.8076923
542.3668,0.8076923
542.3868,0.8076923
542.4068,0.8076923
542.4268,0.8076923
542.4468,0.8076923
542.4669,0.8076923
542.4869,0.8076923
542.5069,0.8076923
542.5269,0.8076923
542.5469,0.8076923
542.567,0.8076923
542.587,0.8076923
542.607,0.8076923
542.627,0.8076923
542.647,0.8076923
542.6671,0.8076923
542.6871,0.8076923
542.7071,0.8076923
542.7271,0.8076923
542.7471,0.8076923
542.7672,0.8076923
542.7872,0.8076923
542.8072,0.8076923
542.8272,0.8076923
542.8472,0.8076923
542.8672,0.8076923
542.8873,0.8076923
542.9073,0.8076923
542.9273,0.8076923
542.9473,0.8076923
542.9673,0.8076923
542.9874,0.8076923
543.0074,0.8076923
543.0274,0.8076923
543.0474,0.8076923
543.0674,0.8076923
543.0875,0.8076923
543.1075,0.8076923
543.1275,0.8076923
543.1475,0.8076923
543.1675,0.8076923
543.1876,0.8076923
543.2076,0.8076923
543.2276,0.8076923
543.2476,0.8076923
543.2676,0.8076923
543.2877,0.8076923
543.3077,0.8076923
543.3277,0.8076923
543.3477,0.8076923
543.3677,0.8076923
543.3878,0.8076923
543.4078,0.8076923
543.4278,0.8076923
543.4478,0.8076923
543.4678,0.8076923
543.4879,0.8076923
543.5079,0.8076923
543.5279,0.8076923
543.5479,0.8076923
543.5679,0.8076923
543.588,0.8076923
543.608,0.8076923
543.628,0.8076923
543.648,0.8076923
543.668,0.8076923
543.688,0.8076923
543.7081,0.8076923
543.7281,0.8076923
543.7481,0.8076923
543.7681,0.8076923
543.7881,0.8076923
543.8082,0.8076923
543.8282,0.8076923
543.8482,0.8076923
543.8682,0.8076923
543.8882,0.8076923
543.9083,0.8076923
543.9283,0.8076923
543.9483,0.8076923
543.9683,0.8076923
543.9883,0.8076923
544.0084,0.8076923
544.0284,0.8076923
544.0484,0.8076923
544.0684,0.8076923
544.0884,0.8076923
544.1085,0.8076923
544.1285,0.8076923
544.1485,0.8076923
544.1685,0.8076923
544.1885,0.8076923
544.2086,0.8076923
544.2286,0.8076923
544.2486,0.8076923
544.2686,0.8076923
544.2886,0.8076923
544.3087,0.8076923
544.3287,0.8076923
544.3487,0.8076923
544.3687,0.8076923
544.3887,0.8076923
544.4088,0.8076923
544.4288,0.8076923
544.4488,0.8076923
544.4688,0.8076923
544.4888,0.8076923
544.5089,0.8076923
544.5289,0.8076923
544.5489,0.8076923
544.5689,0.8076923
544.5889,0.8076923
544.6089,0.8076923
544.629,0.8076923
544.649,0.8076923
544.669,0.8076923
544.689,0.8076923
544.709,0.8076923
544.7291,0.8076923
544.7491,0.8076923
544.7691,0.8076923
544.7891,0.8076923
544.8091,0.8076923
544.8292,0.8076923
544.8492,0.8076923
544.8692,0.8076923
544.8892,0.8076923
544.9092,0.8076923
544.9293,0.8076923
544.9493,0.8076923
544.9693,0.8076923
544.9893,0.8076923
545.0093,0.8076923
545.0294,0.8076923
545.0494,0.8076923
545.0694,0.8076923
545.0894,0.8076923
545.1094,0.8076923
545.1295,0.8076923
545.1495,0.8076923
545.1695,0.8076923
545.1895,0.8076923
545.2095,0.8076923
545.2296,0.8076923
545.2496,0.8076923
545.2696,0.8076923
545.2896,0.8076923
545.3096,0.8076923
545.3297,0.8076923
545.3497,0.8076923
545.3697,0.8076923
545.3897,0.8076923
545.4097,0.8076923
545.4297,0.8076923
545.4498,0.8076923
545.4698,0.8076923
545.4898,0.8076923
545.5098,0.8076923
545.5298,0.8076923
545.5499,0.8076923
545.5699,0.8076923
545.5899,0.8076923
545.6099,0.8076923
545.6299,0.8076923
545.65,0.8076923
545.67,0.8076923
545.69,0.8076923
545.71,0.8076923
545.73,0.8076923
545.7501,0.8076923
545.7701,0.8076923
545.7901,0.8076923
545.8101,0.8076923
545.8301,0.8076923
545.8502,0.8076923
545.8702,0.8076923
545.8902,0.8076923
545.9102,0.8076923
545.9302,0.8076923
545.9503,0.8076923
545.9703,0.8076923
545.9903,0.8076923
546.0103,0.8076923
546.0303,0.8076923
546.0504,0.8076923
546.0704,0.8076923
546.0904,0.8076923
546.1104,0.8076923
546.1304,0.8076923
546.1505,0.8076923
546.1705,0.8076923
546.1905,0.8076923
546.2105,0.8076923
546.2305,0.8076923
546.2505,0.8076923
546.2706,0.8076923
546.2906,0.8076923
546.3106,0.8076923
546.3306,0.8076923
546.3506,0.8076923
546.3707,0.8076923
546.3907,0.8076923
546.4107,0.8076923
546.4307,0.8076923
546.4507,0.8076923
546.4708,0.8076923
546.4908,0.8076923
546.5108,0.8076923
546.5308,0.8076923
546.5508,0.8076923
546.5709,0.8076923
546.5909,0.8076923
546.6109,0.8076923
546.6309,0.8076923
546.6509,0.8076923
546.671,0.8076923
546.691,0.8076923
546.711,0.8076923
546.731,0.8076923
546.751,0.8076923
546.7711,0.8076923
546.7911,0.8076923
546.8111,0.8076923
546.8311,0.8076923
546.8511,0.8076923
546.8712,0.8076923
546.8912,0.8076923
546.9112,0.8076923
546.9312,0.8076923
546.9512,0.8076923
546.9713,0.8076923
546.9913,0.8076923
547.0113,0.8076923
547.0313,0.8076923
547.0513,0.8076923
547.0714,0.8076923
547.0914,0.8076923
547.1114,0.8076923
547.1314,0.8076923
547.1514,0.8076923
547.1714,0.8076923
547.1915,0.8076923
547.2115,0.8076923
547.2315,0.8076923
547.2515,0.8076923
547.2715,0.8076923
547.2916,0.8076923
547.3116,0.8076923
547.3316,0.8076923
547.3516,0.8076923
547.3716,0.8076923
547.3917,0.8076923
547.4117,0.8076923
547.4317,0.8076923
547.4517,0.8076923
547.4717,0.8076923
547.4918,0.8076923
547.5118,0.8076923
547.5318,0.8076923
547.5518,0.8076923
547.5718,0.8076923
547.5919,0.8076923
547.6119,0.8076923
547.6319,0.8076923
547.6519,0.8076923
547.6719,0.8076923
547.692,0.8076923
547.712,0.8076923
547.732,0.8076923
547.752,0.8076923
547.772,0.8076923
547.7921,0.8076923
547.8121,0.8076923
547.8321,0.8076923
547.8521,0.8076923
547.8721,0.8076923
547.8922,0.8076923
547.9122,0.8076923
547.9322,0.8076923
547.9522,0.8076923
547.9722,0.8076923
547.9922,0.8076923
548.0123,0.8076923
548.0323,0.8076923
548.0523,0.8076923
548.0723,0.8076923
548.0923,0.8076923
548.1124,0.8076923
548.1324,0.8076923
548.1524,0.8076923
548.1724,0.8076923
548.1924,0.8076923
548.2125,0.8076923
548.2325,0.8076923
548.2525,0.8076923
548.2725,0.8076923
548.2925,0.8076923
548.3126,0.8076923
548.3326,0.8076923
548.3526,0.8076923
548.3726,0.8076923
548.3926,0.8076923
548.4127,0.8076923
548.4327,0.8076923
548.4527,0.8076923
548.4727,0.8076923
548.4927,0.8076923
548.5128,0.8076923
548.5328,0.8076923
548.5528,0.8076923
548.5728,0.8076923
548.5928,0.8076923
548.6129,0.8076923
548.6329,0.8076923
548.6529,0.8076923
548.6729,0.8076923
548.6929,0.8076923
548.713,0.8076923
548.733,0.8076923
548.753,0.8076923
548.773,0.8076923
548.793,0.8076923
548.813,0.8076923
548.8331,0.8076923
548.8531,0.8076923
548.8731,0.8076923
548.8931,0.8076923
548.9131,0.8076923
548.9332,0.8076923
548.9532,0.8076923
548.9732,0.8076923
548.9932,0.8076923
549.0132,0.8076923
549.0333,0.8076923
549.0533,0.8076923
549.0733,0.8076923
549.0933,0.8076923
549.1133,0.8076923
549.1334,0.8076923
549.1534,0.8076923
549.1734,0.8076923
549.1934,0.8076923
549.2134,0.8076923
549.2335,0.8076923
549.2535,0.8076923
549.2735,0.8076923
549.2935,0.8076923
549.3135,0.8076923
549.3336,0.8076923
549.3536,0.8076923
549.3736,0.8076923
549.3936,0.8076923
549.4136,0.8076923
549.4337,0.8076923
549.4537,0.8076923
549.4737,0.8076923
549.4937,0.8076923
549.5137,0.8076923
549.5338,0.8076923
549.5538,0.8076923
549.5738,0.8076923
549.5938,0.8076923
549.6138,0.8076923
549.6339,0.8076923
549.6539,0.8076923
549.6739,0.8076923
549.6939,0.8076923
549.7139,0.8076923
549.7339,0.8076923
549.754,0.8076923
549.774,0.8076923
549.794,0.8076923
549.814,0.8076923
549.834,0.8076923
549.8541,0.8076923
549.8741,0.8076923
549.8941,0.8076923
549.9141,0.8076923
549.9341,0.8076923
549.9542,0.8076923
549.9742,0.8076923
549.9942,0.8076923
550.0142,0.8076923
550.0342,0.8076923
550.0543,0.8076923
550.0743,0.8076923
550.0943,0.8076923
550.1143,0.8076923
550.1343,0.8076923
550.1544,0.8076923
550.1744,0.8076923
550.1944,0.8076923
550.2144,0.8076923
550.2344,0.8076923
550.2545,0.8076923
550.2745,0.8076923
550.2945,0.8076923
550.3145,0.8076923
550.3345,0.8076923
550.3546,0.8076923
550.3746,0.8076923
550.3946,0.8076923
550.4146,0.8076923
550.4346,0.8076923
550.4547,0.8076923
550.4747,0.8076923
550.4947,0.8076923
550.5147,0.8076923
550.5347,0.8076923
550.5547,0.8076923
550.5748,0.8076923
550.5948,0.8076923
550.6148,0.8076923
550.6348,0.8076923
550.6548,0.8076923
550.6749,0.8076923
550.6949,0.8076923
550.7149,0.8076923
550.7349,0.8076923
550.7549,0.8076923
550.775,0.8076923
550.795,0.8076923
550.815,0.8076923
550.835,0.8076923
550.855,0.8076923
550.8751,0.8076923
550.8951,0.8076923
550.9151,0.8076923
550.9351,0.8076923
550.9551,0.8076923
550.9752,0.8076923
550.9952,0.8076923
551.0152,0.8076923
551.0352,0.8076923
551.0552,0.8076923
551.0753,0.8076923
551.0953,0.8076923
551.1153,0.8076923
551.1353,0.8076923
551.1553,0.8076923
551.1754,0.8076923
551.1954,0.8076923
551.2154,0.8076923
551.2354,0.8076923
551.2554,0.8076923
551.2755,0.8076923
551.2955,0.8076923
551.3155,0.8076923
551.3355,0.8076923
551.3555,0.8076923
551.3755,0.8076923
551.3956,0.8076923
551.4156,0.8076923
551.4356,0.8076923
551.4556,0.8076923
551.4756,0.8076923
551.4957,0.8076923
551.5157,0.8076923
551.5357,0.8076923
551.5557,0.8076923
551.5757,0.8076923
551.5958,0.8076923
551.6158,0.8076923
551.6358,0.8076923
551.6558,0.8076923
551.6758,0.8076923
551.6959,0.8076923
551.7159,0.8076923
551.7359,0.8076923
551.7559,0.8076923
551.7759,0.8076923
551.796,0.8076923
551.816,0.8076923
551.836,0.8076923
551.856,0.8076923
551.876,0.8076923
551.8961,0.8076923
551.9161,0.8076923
551.9361,0.8076923
551.9561,0.8076923
551.9761,0.8076923
551.9962,0.8076923
552.0162,0.8076923
552.0362,0.8076923
552.0562,0.8076923
552.0762,0.8076923
552.0963,0.8076923
552.1163,0.8076923
552.1363,0.8076923
552.1563,0.8076923
552.1763,0.8076923
552.1964,0.8076923
552.2164,0.8076923
552.2364,0.8076923
552.2564,0.8076923
552.2764,0.8076923
552.2964,0.8076923
552.3165,0.8076923
552.3365,0.8076923
552.3565,0.8076923
552.3765,0.8076923
552.3965,0.8076923
552.4166,0.8076923
552.4366,0.8076923
552.4566,0.8076923
552.4766,0.8076923
552.4966,0.8076923
552.5167,0.8076923
552.5367,0.8076923
552.5567,0.8076923
552.5767,0.8076923
552.5967,0.8076923
552.6168,0.8076923
552.6368,0.8076923
552.6568,0.8076923
552.6768,0.8076923
552.6968,0.8076923
552.7169,0.8076923
552.7369,0.8076923
552.7569,0.8076923
552.7769,0.8076923
552.7969,0.8076923
552.817,0.8076923
552.837,0.8076923
552.857,0.8076923
552.877,0.8076923
552.897,0.8076923
552.9171,0.8076923
552.9371,0.8076923
552.9571,0.8076923
552.9771,0.8076923
552.9971,0.8076923
553.0172,0.8076923
553.0372,0.8076923
553.0572,0.8076923
553.0772,0.8076923
553.0972,0.8076923
553.1172,0.8076923
553.1373,0.8076923
553.1573,0.8076923
553.1773,0.8076923
553.1973,0.8076923
553.2173,0.8076923
553.2374,0.8076923
553.2574,0.8076923
553.2774,0.8076923
553.2974,0.8076923
553.3174,0.8076923
553.3375,0.8076923
553.3575,0.8076923
553.3775,0.8076923
553.3975,0.8076923
553.4175,0.8076923
553.4376,0.8076923
553.4576,0.8076923
553.4776,0.8076923
553.4976,0.8076923
553.5176,0.8076923
553.5377,0.8076923
553.5577,0.8076923
553.5777,0.8076923
553.5977,0.8076923
553.6177,0.8076923
553.6378,0.8076923
553.6578,0.8076923
553.6778,0.8076923
553.6978,0.8076923
553.7178,0.8076923
553.7379,0.8076923
553.7579,0.8076923
553.7779,0.8076923
553.7979,0.8076923
553.8179,0.8076923
553.838,0.8076923
553.858,0.8076923
553.878,0.8076923
553.898,0.8076923
553.918,0.8076923
553.938,0.8076923
553.9581,0.8076923
553.9781,0.8076923
553.9981,0.8076923
554.0181,0.8076923
554.0381,0.8076923
554.0582,0.8076923
554.0782,0.8076923
554.0982,0.8076923
554.1182,0.8076923
554.1382,0.8076923
554.1583,0.8076923
554.1783,0.8076923
554.1983,0.8076923
554.2183,0.8076923
554.2383,0.8076923
554.2584,0.8076923
554.2784,0.8076923
554.2984,0.8076923
554.3184,0.8076923
554.3384,0.8076923
554.3585,0.8076923
554.3785,0.8076923
554.3985,0.8076923
554.4185,0.8076923
554.4385,0.8076923
554.4586,0.8076923
554.4786,0.8076923
554.4986,0.8076923
554.5186,0.8076923
554.5386,0.8076923
554.5587,0.8076923
554.5787,0.8076923
554.5987,0.8076923
554.6187,0.8076923
554.6387,0.8076923
554.6588,0.8076923
554.6788,0.8076923
554.6988,0.8076923
554.7188,0.8076923
554.7388,0.8076923
554.7589,0.8076923
554.7789,0.8076923
554.7989,0.8076923
554.8189,0.8076923
554.8389,0.8076923
554.8589,0.8076923
554.879,0.8076923
554.899,0.8076923
554.919,0.8076923
554.939,0.8076923
554.959,0.8076923
554.9791,0.8076923
554.9991,0.8076923
555.0191,0.8076923
555.0391,0.8076923
555.0591,0.8076923
555.0792,0.8076923
555.0992,0.8076923
555.1192,0.8076923
555.1392,0.8076923
555.1592,0.8076923
555.1793,0.8076923
555.1993,0.8076923
555.2193,0.8076923
555.2393,0.8076923
555.2593,0.8076923
555.2794,0.8076923
555.2994,0.8076923
555.3194,0.8076923
555.3394,0.8076923
555.3594,0.8076923
555.3795,0.8076923
555.3995,0.8076923
555.4195,0.8076923
555.4395,0.8076923
555.4595,0.8076923
555.4796,0.8076923
555.4996,0.8076923
555.5196,0.8076923
555.5396,0.8076923
555.5596,0.8076923
555.5797,0.8076923
555.5997,0.8076923
555.6197,0.8076923
555.6397,0.8076923
555.6597,0.8076923
555.6797,0.8076923
555.6998,0.8076923
555.7198,0.8076923
555.7398,0.8076923
555.7598,0.8076923
555.7798,0.8076923
555.7999,0.8076923
555.8199,0.8076923
555.8399,0.8076923
555.8599,0.8076923
555.8799,0.8076923
555.9,0.8076923
555.92,0.8076923
555.94,0.8076923
555.96,0.8076923
555.98,0.8076923
556.0001,0.8076923
556.0201,0.8076923
556.0401,0.8076923
556.0601,0.8076923
556.0801,0.8076923
556.1002,0.8076923
556.1202,0.8076923
556.1402,0.8076923
556.1602,0.8076923
556.1802,0.8076923
556.2003,0.8076923
556.2203,0.8076923
556.2403,0.8076923
556.2603,0.8076923
556.2803,0.8076923
556.3004,0.8076923
556.3204,0.8076923
556.3404,0.8076923
556.3604,0.8076923
556.3804,0.8076923
556.4005,0.8076923
556.4205,0.8076923
556.4405,0.8076923
556.4605,0.8076923
556.4805,0.8076923
556.5005,0.8076923
556.5206,0.8076923
556.5406,0.8076923
556.5606,0.8076923
556.5806,0.8076923
556.6006,0.8076923
556.6207,0.8076923
556.6407,0.8076923
556.6607,0.8076923
556.6807,0.8076923
556.7007,0.8076923
556.7208,0.8076923
556.7408,0.8076923
556.7608,0.8076923
556.7808,0.8076923
556.8008,0.8076923
556.8209,0.8076923
556.8409,0.8076923
556.8609,0.8076923
556.8809,0.8076923
556.9009,0.8076923
556.921,0.8076923
556.941,0.8076923
556.961,0.8076923
556.981,0.8076923
557.001,0.8076923
557.0211,0.8076923
557.0411,0.8076923
557.0611,0.8076923
557.0811,0.8076923
557.1011,0.8076923
557.1212,0.8076923
557.1412,0.8076923
557.1612,0.8076923
557.1812,0.8076923
557.2012,0.8076923
557.2213,0.8076923
557.2413,0.8076923
557.2613,0.8076923
557.2813,0.8076923
557.3013,0.8076923
557.3214,0.8076923
557.3414,0.8076923
557.3614,0.8076923
557.3814,0.8076923
557.4014,0.8076923
557.4214,0.8076923
557.4415,0.8076923
557.4615,0.8076923
557.4815,0.8076923
557.5015,0.8076923
557.5215,0.8076923
557.5416,0.8076923
557.5616,0.8076923
557.5816,0.8076923
557.6016,0.8076923
557.6216,0.8076923
557.6417,0.8076923
557.6617,0.8076923
557.6817,0.8076923
557.7017,0.8076923
557.7217,0.8076923
557.7418,0.8076923
557.7618,0.8076923
557.7818,0.8076923
557.8018,0.8076923
557.8218,0.8076923
557.8419,0.8076923
557.8619,0.8076923
557.8819,0.8076923
557.9019,0.8076923
557.9219,0.8076923
557.942,0.8076923
557.962,0.8076923
557.982,0.8076923
558.002,0.8076923
558.022,0.8076923
558.0421,0.8076923
558.0621,0.8076923
558.0821,0.8076923
558.1021,0.8076923
558.1221,0.8076923
558.1422,0.8076923
558.1622,0.8076923
558.1822,0.8076923
558.2022,0.8076923
558.2222,0.8076923
558.2422,0.8076923
558.2623,0.8076923
558.2823,0.8076923
558.3023,0.8076923
558.3223,0.8076923
558.3423,0.8076923
558.3624,0.8076923
558.3824,0.8076923
558.4024,0.8076923
558.4224,0.8076923
558.4424,0.8076923
558.4625,0.8076923
558.4825,0.8076923
558.5025,0.8076923
558.5225,0.8076923
558.5425,0.8076923
558.5626,0.8076923
558.5826,0.8076923
558.6026,0.8076923
558.6226,0.8076923
558.6426,0.8076923
558.6627,0.8076923
558.6827,0.8076923
558.7027,0.8076923
558.7227,0.8076923
558.7427,0.8076923
558.7628,0.8076923
558.7828,0.8076923
558.8028,0.8076923
558.8228,0.8076923
558.8428,0.8076923
558.8629,0.8076923
558.8829,0.8076923
558.9029,0.8076923
558.9229,0.8076923
558.9429,0.8076923
558.963,0.8076923
558.983,0.8076923
559.003,0.8076923
559.023,0.8076923
559.043,0.8076923
559.063,0.8076923
559.0831,0.8076923
559.1031,0.8076923
559.1231,0.8076923
559.1431,0.8076923
559.1631,0.8076923
559.1832,0.8076923
559.2032,0.8076923
559.2232,0.8076923
559.2432,0.8076923
559.2632,0.8076923
559.2833,0.8076923
559.3033,0.8076923
559.3233,0.8076923
559.3433,0.8076923
559.3633,0.8076923
559.3834,0.8076923
559.4034,0.8076923
559.4234,0.8076923
559.4434,0.8076923
559.4634,0.8076923
559.4835,0.8076923
559.5035,0.8076923
559.5235,0.8076923
559.5435,0.8076923
559.5635,0.8076923
559.5836,0.8076923
559.6036,0.8076923
559.6236,0.8076923
559.6436,0.8076923
559.6636,0.8076923
559.6837,0.8076923
559.7037,0.8076923
559.7237,0.8076923
559.7437,0.8076923
559.7637,0.8076923
559.7838,0.8076923
559.8038,0.8076923
559.8238,0.8076923
559.8438,0.8076923
559.8638,0.8076923
559.8839,0.8076923
559.9039,0.8076923
559.9239,0.8076923
559.9439,0.8076923
559.9639,0.8076923
559.9839,0.8076923
560.004,0.8076923
560.024,0.8076923
560.044,0.8076923
560.064,0.8076923
560.084,0.8076923
560.1041,0.8076923
560.1241,0.8076923
560.1441,0.8076923
560.1641,0.8076923
560.1841,0.8076923
560.2042,0.8076923
560.2242,0.8076923
560.2442,0.8076923
560.2642,0.8076923
560.2842,0.8076923
560.3043,0.8076923
560.3243,0.8076923
560.3443,0.8076923
560.3643,0.8076923
560.3843,0.8076923
560.4044,0.8076923
560.4244,0.8076923
560.4444,0.8076923
560.4644,0.8076923
560.4844,0.8076923
560.5045,0.8076923
560.5245,0.8076923
560.5445,0.8076923
560.5645,0.8076923
560.5845,0.8076923
560.6046,0.8076923
560.6246,0.8076923
560.6446,0.8076923
560.6646,0.8076923
560.6846,0.8076923
560.7047,0.8076923
560.7247,0.8076923
560.7447,0.8076923
560.7647,0.8076923
560.7847,0.8076923
560.8047,0.8076923
560.8248,0.8076923
560.8448,0.8076923
560.8648,0.8076923
560.8848,0.8076923
560.9048,0.8076923
560.9249,0.8076923
560.9449,0.8076923
560.9649,0.8076923
560.9849,0.8076923
561.0049,0.8076923
561.025,0.8076923
561.045,0.8076923
561.065,0.8076923
561.085,0.8076923
561.105,0.8076923
561.1251,0.8076923
561.1451,0.8076923
561.1651,0.8076923
561.1851,0.8076923
561.2051,0.8076923
561.2252,0.8076923
561.2452,0.8076923
561.2652,0.8076923
561.2852,0.8076923
561.3052,0.8076923
561.3253,0.8076923
561.3453,0.8076923
561.3653,0.8076923
561.3853,0.8076923
561.4053,0.8076923
561.4254,0.8076923
561.4454,0.8076923
561.4654,0.8076923
561.4854,0.8076923
561.5054,0.8076923
561.5255,0.8076923
561.5455,0.8076923
561.5655,0.8076923
561.5855,0.8076923
561.6055,0.8076923
561.6255,0.8076923
561.6456,0.8076923
561.6656,0.8076923
561.6856,0.8076923
561.7056,0.8076923
561.7256,0.8076923
561.7457,0.8076923
561.7657,0.8076923
561.7857,0.8076923
561.8057,0.8076923
561.8257,0.8076923
561.8458,0.8076923
561.8658,0.8076923
561.8858,0.8076923
561.9058,0.8076923
561.9258,0.8076923
561.9459,0.8076923
561.9659,0.8076923
561.9859,0.8076923
562.0059,0.8076923
562.0259,0.8076923
562.046,0.8076923
562.066,0.8076923
562.086,0.8076923
562.106,0.8076923
562.126,0.8076923
562.1461,0.8076923
562.1661,0.8076923
562.1861,0.8076923
562.2061,0.8076923
562.2261,0.8076923
562.2462,0.8076923
562.2662,0.8076923
562.2862,0.8076923
562.3062,0.8076923
562.3262,0.8076923
562.3463,0.8076923
562.3663,0.8076923
562.3863,0.8076923
562.4063,0.8076923
562.4263,0.8076923
562.4464,0.8076923
562.4664,0.8076923
562.4864,0.8076923
562.5064,0.8076923
562.5264,0.8076923
562.5464,0.8076923
562.5665,0.8076923
562.5865,0.8076923
562.6065,0.8076923
562.6265,0.8076923
562.6465,0.8076923
562.6666,0.8076923
562.6866,0.8076923
562.7066,0.8076923
562.7266,0.8076923
562.7466,0.8076923
562.7667,0.8076923
562.7867,0.8076923
562.8067,0.8076923
562.8267,0.8076923
562.8467,0.8076923
562.8668,0.8076923
562.8868,0.8076923
562.9068,0.8076923
562.9268,0.8076923
562.9468,0.8076923
562.9669,0.8076923
562.9869,0.8076923
563.0069,0.8076923
563.0269,0.8076923
563.0469,0.8076923
563.067,0.8076923
563.087,0.8076923
563.107,0.8076923
563.127,0.8076923
563.147,0.8076923
563.1671,0.8076923
563.1871,0.8076923
563.2071,0.8076923
563.2271,0.8076923
563.2471,0.8076923
563.2672,0.8076923
563.2872,0.8076923
563.3072,0.8076923
563.3272,0.8076923
563.3472,0.8076923
563.3672,0.8076923
563.3873,0.8076923
563.4073,0.8076923
563.4273,0.8076923
563.4473,0.8076923
563.4673,0.8076923
563.4874,0.8076923
563.5074,0.8076923
563.5274,0.8076923
563.5474,0.8076923
563.5674,0.8076923
563.5875,0.8076923
563.6075,0.8076923
563.6275,0.8076923
563.6475,0.8076923
563.6675,0.8076923
563.6876,0.8076923
563.7076,0.8076923
563.7276,0.8076923
563.7476,0.8076923
563.7676,0.8076923
563.7877,0.8076923
563.8077,0.8076923
563.8277,0.8076923
563.8477,0.8076923
563.8677,0.8076923
563.8878,0.8076923
563.9078,0.8076923
563.9278,0.8076923
563.9478,0.8076923
563.9678,0.8076923
563.9879,0.8076923
564.0079,0.8076923
564.0279,0.8076923
564.0479,0.8076923
564.0679,0.8076923
564.088,0.8076923
564.108,0.8076923
564.128,0.8076923
564.148,0.8076923
564.168,0.8076923
564.188,0.8076923
564.2081,0.8076923
564.2281,0.8076923
564.2481,0.8076923
564.2681,0.8076923
564.2881,0.8076923
564.3082,0.8076923
564.3282,0.8076923
564.3482,0.8076923
564.3682,0.8076923
564.3882,0.8076923
564.4083,0.8076923
564.4283,0.8076923
564.4483,0.8076923
564.4683,0.8076923
564.4883,0.8076923
564.5084,0.8076923
564.5284,0.8076923
564.5484,0.8076923
564.5684,0.8076923
564.5884,0.8076923
564.6085,0.8076923
564.6285,0.8076923
564.6485,0.8076923
564.6685,0.8076923
564.6885,0.8076923
564.7086,0.8076923
564.7286,0.8076923
564.7486,0.8076923
564.7686,0.8076923
564.7886,0.8076923
564.8087,0.8076923
564.8287,0.8076923
564.8487,0.8076923
564.8687,0.8076923
564.8887,0.8076923
564.9088,0.8076923
564.9288,0.8076923
564.9488,0.8076923
564.9688,0.8076923
564.9888,0.8076923
565.0089,0.8076923
565.0289,0.8076923
565.0489,0.8076923
565.0689,0.8076923
565.0889,0.8076923
565.1089,0.8076923
565.129,0.8076923
565.149,0.8076923
565.169,0.8076923
565.189,0.8076923
565.209,0.8076923
565.2291,0.8076923
565.2491,0.8076923
565.2691,0.8076923
565.2891,0.8076923
565.3091,0.8076923
565.3292,0.8076923
565.3492,0.8076923
565.3692,0.8076923
565.3892,0.8076923
565.4092,0.8076923
565.4293,0.8076923
565.4493,0.8076923
565.4693,0.8076923
565.4893,0.8076923
565.5093,0.8076923
565.5294,0.8076923
565.5494,0.8076923
565.5694,0.8076923
565.5894,0.8076923
565.6094,0.8076923
565.6295,0.8076923
565.6495,0.8076923
565.6695,0.8076923
565.6895,0.8076923
565.7095,0.8076923
565.7296,0.8076923
565.7496,0.8076923
565.7696,0.8076923
565.7896,0.8076923
565.8096,0.8076923
565.8297,0.8076923
565.8497,0.8076923
565.8697,0.8076923
565.8897,0.8076923
565.9097,0.8076923
565.9297,0.8076923
565.9498,0.8076923
565.9698,0.8076923
565.9898,0.8076923
566.0098,0.8076923
566.0298,0.8076923
566.0499,0.8076923
566.0699,0.8076923
566.0899,0.8076923
566.1099,0.8076923
566.1299,0.8076923
566.15,0.8076923
566.17,0.8076923
566.19,0.8076923
566.21,0.8076923
566.23,0.8076923
566.2501,0.8076923
566.2701,0.8076923
566.2901,0.8076923
566.3101,0.8076923
566.3301,0.8076923
566.3502,0.8076923
566.3702,0.8076923
566.3902,0.8076923
566.4102,0.8076923
566.4302,0.8076923
566.4503,0.8076923
566.4703,0.8076923
566.4903,0.8076923
566.5103,0.8076923
566.5303,0.8076923
566.5504,0.8076923
566.5704,0.8076923
566.5904,0.8076923
566.6104,0.8076923
566.6304,0.8076923
566.6505,0.8076923
566.6705,0.8076923
566.6905,0.8076923
566.7105,0.8076923
566.7305,0.8076923
566.7505,0.8076923
566.7706,0.8076923
566.7906,0.8076923
566.8106,0.8076923
566.8306,0.8076923
566.8506,0.8076923
566.8707,0.8076923
566.8907,0.8076923
566.9107,0.8076923
566.9307,0.8076923
566.9507,0.8076923
566.9708,0.8076923
566.9908,0.8076923
567.0108,0.8076923
567.0308,0.8076923
567.0508,0.8076923
567.0709,0.8076923
567.0909,0.8076923
567.1109,0.8076923
567.1309,0.8076923
567.1509,0.8076923
567.171,0.8076923
567.191,0.8076923
567.211,0.8076923
567.231,0.8076923
567.251,0.8076923
567.2711,0.8076923
567.2911,0.8076923
567.3111,0.8076923
567.3311,0.8076923
567.3511,0.8076923
567.3712,0.8076923
567.3912,0.8076923
567.4112,0.8076923
567.4312,0.8076923
567.4512,0.8076923
567.4713,0.8076923
567.4913,0.8076923
567.5113,0.8076923
567.5313,0.8076923
567.5513,0.8076923
567.5714,0.8076923
567.5914,0.8076923
567.6114,0.8076923
567.6314,0.8076923
567.6514,0.8076923
567.6714,0.8076923
567.6915,0.8076923
567.7115,0.8076923
567.7315,0.8076923
567.7515,0.8076923
567.7715,0.8076923
567.7916,0.8076923
567.8116,0.8076923
567.8316,0.8076923
567.8516,0.8076923
567.8716,0.8076923
567.8917,0.8076923
567.9117,0.8076923
567.9317,0.8076923
567.9517,0.8076923
567.9717,0.8076923
567.9918,0.8076923
568.0118,0.8076923
568.0318,0.8076923
568.0518,0.8076923
568.0718,0.8076923
568.0919,0.8076923
568.1119,0.8076923
568.1319,0.8076923
568.1519,0.8076923
568.1719,0.8076923
568.192,0.8076923
568.212,0.8076923
568.232,0.8076923
568.252,0.8076923
568.272,0.8076923
568.2921,0.8076923
568.3121,0.8076923
568.3321,0.8076923
568.3521,0.8076923
568.3721,0.8076923
568.3922,0.8076923
568.4122,0.8076923
568.4322,0.8076923
568.4522,0.8076923
568.4722,0.8076923
568.4922,0.8076923
568.5123,0.8076923
568.5323,0.8076923
568.5523,0.8076923
568.5723,0.8076923
568.5923,0.8076923
568.6124,0.8076923
568.6324,0.8076923
568.6524,0.8076923
568.6724,0.8076923
568.6924,0.8076923
568.7125,0.8076923
568.7325,0.8076923
568.7525,0.8076923
568.7725,0.8076923
568.7925,0.8076923
568.8126,0.8076923
568.8326,0.8076923
568.8526,0.8076923
568.8726,0.8076923
568.8926,0.8076923
568.9127,0.8076923
568.9327,0.8076923
568.9527,0.8076923
568.9727,0.8076923
568.9927,0.8076923
569.0128,0.8076923
569.0328,0.8076923
569.0528,0.8076923
569.0728,0.8076923
569.0928,0.8076923
569.1129,0.8076923
569.1329,0.8076923
569.1529,0.8076923
569.1729,0.8076923
569.1929,0.8076923
569.213,0.8076923
569.233,0.8076923
569.253,0.8076923
569.273,0.8076923
569.293,0.8076923
569.313,0.8076923
569.3331,0.8076923
569.3531,0.8076923
569.3731,0.8076923
569.3931,0.8076923
569.4131,0.8076923
569.4332,0.8076923
569.4532,0.8076923
569.4732,0.8076923
569.4932,0.8076923
569.5132,0.8076923
569.5333,0.8076923
569.5533,0.8076923
569.5733,0.8076923
569.5933,0.8076923
569.6133,0.8076923
569.6334,0.8076923
569.6534,0.8076923
569.6734,0.8076923
569.6934,0.8076923
569.7134,0.8076923
569.7335,0.8076923
569.7535,0.8076923
569.7735,0.8076923
569.7935,0.8076923
569.8135,0.8076923
569.8336,0.8076923
569.8536,0.8076923
569.8736,0.8076923
569.8936,0.8076923
569.9136,0.8076923
569.9337,0.8076923
569.9537,0.8076923
569.9737,0.8076923
569.9937,0.8076923
570.0137,0.8076923
570.0338,0.8076923
570.0538,0.8076923
570.0738,0.8076923
570.0938,0.8076923
570.1138,0.8076923
570.1339,0.8076923
570.1539,0.8076923
570.1739,0.8076923
570.1939,0.8076923
570.2139,0.8076923
570.2339,0.8076923
570.254,0.8076923
570.274,0.8076923
570.294,0.8076923
570.314,0.8076923
570.334,0.8076923
570.3541,0.8076923
570.3741,0.8076923
570.3941,0.8076923
570.4141,0.8076923
570.4341,0.8076923
570.4542,0.8076923
570.4742,0.8076923
570.4942,0.8076923
570.5142,0.8076923
570.5342,0.8076923
570.5543,0.8076923
570.5743,0.8076923
570.5943,0.8076923
570.6143,0.8076923
570.6343,0.8076923
570.6544,0.8076923
570.6744,0.8076923
570.6944,0.8076923
570.7144,0.8076923
570.7344,0.8076923
570.7545,0.8076923
570.7745,0.8076923
570.7945,0.8076923
570.8145,0.8076923
570.8345,0.8076923
570.8546,0.8076923
570.8746,0.8076923
570.8946,0.8076923
570.9146,0.8076923
570.9346,0.8076923
570.9547,0.8076923
570.9747,0.8076923
570.9947,0.8076923
571.0147,0.8076923
571.0347,0.8076923
571.0547,0.8076923
571.0748,0.8076923
571.0948,0.8076923
571.1148,0.8076923
571.1348,0.8076923
571.1548,0.8076923
571.1749,0.8076923
571.1949,0.8076923
571.2149,0.8076923
571.2349,0.8076923
571.2549,0.8076923
571.275,0.8076923
571.295,0.8076923
571.315,0.8076923
571.335,0.8076923
571.355,0.8076923
571.3751,0.8076923
571.3951,0.8076923
571.4151,0.8076923
571.4351,0.8076923
571.4551,0.8076923
571.4752,0.8076923
571.4952,0.8076923
571.5152,0.8076923
571.5352,0.8076923
571.5552,0.8076923
571.5753,0.8076923
571.5953,0.8076923
571.6153,0.8076923
571.6353,0.8076923
571.6553,0.8076923
571.6754,0.8076923
571.6954,0.8076923
571.7154,0.8076923
571.7354,0.8076923
571.7554,0.8076923
571.7755,0.8076923
571.7955,0.8076923
571.8155,0.8076923
571.8355,0.8076923
571.8555,0.8076923
571.8755,0.8076923
571.8956,0.8076923
571.9156,0.8076923
571.9356,0.8076923
571.9556,0.8076923
571.9756,0.8076923
571.9957,0.8076923
572.0157,0.8125
572.0357,0.8125
572.0557,0.8125
572.0757,0.8125
572.0958,0.8125
572.1158,0.8125
572.1358,0.8125
572.1558,0.8125
572.1758,0.8125
572.1959,0.8125
572.2159,0.8125
572.2359,0.8125
572.2559,0.8125
572.2759,0.8125
572.296,0.8125
572.316,0.8125
572.336,0.8125
572.356,0.8125
572.376,0.8125
572.3961,0.8125
572.4161,0.8125
572.4361,0.8125
572.4561,0.8125
572.4761,0.8125
572.4962,0.8125
572.5162,0.8125
572.5362,0.8125
572.5562,0.8125
572.5762,0.8125
572.5963,0.8125
572.6163,0.8125
572.6363,0.8125
572.6563,0.8125
572.6763,0.8125
572.6964,0.8125
572.7164,0.8125
572.7364,0.8125
572.7564,0.8125
572.7764,0.8125
572.7964,0.8125
572.8165,0.8125
572.8365,0.8125
572.8565,0.8125
572.8765,0.8125
572.8965,0.8125
572.9166,0.8125
572.9366,0.8125
572.9566,0.8125
572.9766,0.8125
572.9966,0.8125
573.0167,0.8125
573.0367,0.8125
573.0567,0.8125
573.0767,0.8125
573.0967,0.8125
573.1168,0.8125
573.1368,0.8125
573.1568,0.8125
573.1768,0.8125
573.1968,0.8125
573.2169,0.8125
573.2369,0.8125
573.2569,0.8125
573.2769,0.8125
573.2969,0.8125
573.317,0.8125
573.337,0.8125
573.357,0.8125
573.377,0.8125
573.397,0.8125
573.4171,0.8125
573.4371,0.8125
573.4571,0.8125
573.4771,0.8125
573.4971,0.8125
573.5172,0.8125
573.5372,0.8125
573.5572,0.8125
573.5772,0.8125
573.5972,0.8125
573.6172,0.8125
573.6373,0.8125
573.6573,0.8125
573.6773,0.8125
573.6973,0.8125
573.7173,0.8125
573.7374,0.8125
573.7574,0.8125
573.7774,0.8125
573.7974,0.8125
573.8174,0.8125
573.8375,0.8125
573.8575,0.8125
573.8775,0.8125
573.8975,0.8125
573.9175,0.8125
573.9376,0.8125
573.9576,0.8125
573.9776,0.8125
573.9976,0.8125
574.0176,0.8125
574.0377,0.8125
574.0577,0.8125
574.0777,0.8125
574.0977,0.8125
574.1177,0.8125
574.1378,0.8125
574.1578,0.8125
574.1778,0.8125
574.1978,0.8125
574.2178,0.8125
574.2379,0.8125
574.2579,0.8125
574.2779,0.8125
574.2979,0.8125
574.3179,0.8125
574.338,0.8125
574.358,0.8125
574.378,0.8125
574.398,0.8125
574.418,0.8125
574.438,0.8125
574.4581,0.8125
574.4781,0.8125
574.4981,0.8125
574.5181,0.8125
574.5381,0.8125
574.5582,0.8125
574.5782,0.8125
574.5982,0.8125
574.6182,0.8125
574.6382,0.8125
574.6583,0.8125
574.6783,0.8125
574.6983,0.8125
574.7183,0.8125
574.7383,0.8125
574.7584,0.8125
574.7784,0.8125
574.7984,0.8125
574.8184,0.8125
574.8384,0.8125
574.8585,0.8125
574.8785,0.8125
574.8985,0.8125
574.9185,0.8125
574.9385,0.8125
574.9586,0.8125
574.9786,0.8125
574.9986,0.8125
575.0186,0.8125
575.0386,0.8125
575.0587,0.8125
575.0787,0.8125
575.0987,0.8125
575.1187,0.8125
575.1387,0.8125
575.1588,0.8125
575.1788,0.8125
575.1988,0.8125
575.2188,0.8125
575.2388,0.8125
575.2589,0.8125
575.2789,0.8125
575.2989,0.8125
575.3189,0.8125
575.3389,0.8125
575.3589,0.8125
575.379,0.8125
575.399,0.8125
575.419,0.8125
575.439,0.8125
575.459,0.8125
575.4791,0.8125
575.4991,0.8125
575.5191,0.8125
575.5391,0.8125
575.5591,0.8125
575.5792,0.8125
575.5992,0.8125
575.6192,0.8125
575.6392,0.8125
575.6592,0.8125
575.6793,0.8125
575.6993,0.8125
575.7193,0.8125
575.7393,0.8125
575.7593,0.8125
575.7794,0.8125
575.7994,0.8125
575.8194,0.8125
575.8394,0.8125
575.8594,0.8125
575.8795,0.8125
575.8995,0.8125
575.9195,0.8125
575.9395,0.8125
575.9595,0.8125
575.9796,0.8125
575.9996,0.8125
576.0196,0.8125
576.0396,0.8125
576.0596,0.8125
576.0797,0.8125
576.0997,0.8125
576.1197,0.8125
576.1397,0.8125
576.1597,0.8125
576.1797,0.8125
576.1998,0.8125
576.2198,0.8125
576.2398,0.8125
576.2598,0.8125
576.2798,0.8125
576.2999,0.8125
576.3199,0.8125
576.3399,0.8125
576.3599,0.8125
576.3799,0.8125
576.4,0.8125
576.42,0.8125
576.44,0.8125
576.46,0.8125
576.48,0.8125
576.5001,0.8125
576.5201,0.8125
576.5401,0.8125
576.5601,0.8125
576.5801,0.8125
576.6002,0.8125
576.6202,0.8125
576.6402,0.8125
576.6602,0.8125
576.6802,0.8125
576.7003,0.8125
576.7203,0.8125
576.7403,0.8125
576.7603,0.8125
576.7803,0.8125
576.8004,0.8125
576.8204,0.8125
576.8404,0.8125
576.8604,0.8125
576.8804,0.8125
576.9005,0.8125
576.9205,0.8125
576.9405,0.8125
576.9605,0.8125
576.9805,0.8125
577.0005,0.8125
577.0206,0.8125
577.0406,0.8125
577.0606,0.8125
577.0806,0.8125
577.1006,0.8125
577.1207,0.8125
577.1407,0.8125
577.1607,0.8125
577.1807,0.8125
577.2007,0.8125
577.2208,0.8125
577.2408,0.8125
577.2608,0.8125
577.2808,0.8125
577.3008,0.8125
577.3209,0.8125
577.3409,0.8125
577.3609,0.8125
577.3809,0.8125
577.4009,0.8125
577.421,0.8125
577.441,0.8125
577.461,0.8125
577.481,0.8125
577.501,0.8125
577.5211,0.8125
577.5411,0.8125
577.5611,0.8125
577.5811,0.8125
577.6011,0.8125
577.6212,0.8125
577.6412,0.8125
577.6612,0.8125
577.6812,0.8125
577.7012,0.8125
577.7213,0.8125
577.7413,0.8125
577.7613,0.8125
577.7813,0.8125
577.8013,0.8221154
577.8214,0.8221154
577.8414,0.8221154
577.8614,0.8221154
577.8814,0.8221154
577.9014,0.8221154
577.9214,0.8221154
577.9415,0.8221154
577.9615,0.8221154
577.9815,0.8221154
578.0015,0.8221154
578.0215,0.8221154
578.0416,0.8221154
578.0616,0.8221154
578.0816,0.8221154
578.1016,0.8221154
578.1216,0.8221154
578.1417,0.8221154
578.1617,0.8221154
578.1817,0.8221154
578.2017,0.8221154
578.2217,0.8221154
578.2418,0.8221154
578.2618,0.8221154
578.2818,0.8221154
578.3018,0.8221154
578.3218,0.8221154
578.3419,0.8221154
578.3619,0.8221154
578.3819,0.8221154
578.4019,0.8221154
578.4219,0.8221154
578.442,0.8221154
578.462,0.8221154
578.482,0.8221154
578.502,0.8221154
578.522,0.8221154
578.5421,0.8221154
578.5621,0.8221154
578.5821,0.8221154
578.6021,0.8221154
578.6221,0.8221154
578.6422,0.8221154
578.6622,0.8221154
578.6822,0.8221154
578.7022,0.8221154
578.7222,0.8221154
578.7422,0.8221154
578.7623,0.8221154
578.7823,0.8221154
578.8023,0.8221154
578.8223,0.8221154
578.8423,0.8221154
578.8624,0.8221154
578.8824,0.8221154
578.9024,0.8221154
578.9224,0.8221154
578.9424,0.8221154
578.9625,0.8221154
578.9825,0.8221154
579.0025,0.8221154
579.0225,0.8221154
579.0425,0.8221154
579.0626,0.8221154
579.0826,0.8221154
579.1026,0.8221154
579.1226,0.8221154
579.1426,0.8221154
579.1627,0.8221154
579.1827,0.8221154
579.2027,0.8221154
579.2227,0.8221154
579.2427,0.8221154
579.2628,0.8221154
579.2828,0.8221154
579.3028,0.8221154
579.3228,0.8221154
579.3428,0.8221154
579.3629,0.8221154
579.3829,0.8221154
579.4029,0.8221154
579.4229,0.8221154
579.4429,0.8221154
579.463,0.8221154
579.483,0.8221154
579.503,0.8221154
579.523,0.8221154
579.543,0.8221154
579.563,0.8221154
579.5831,0.8221154
579.6031,0.8221154
579.6231,0.8221154
579.6431,0.8221154
579.6631,0.8221154
579.6832,0.8221154
579.7032,0.8221154
579.7232,0.8221154
579.7432,0.8221154
579.7632,0.8221154
579.7833,0.8221154
579.8033,0.8221154
579.8233,0.8221154
579.8433,0.8221154
579.8633,0.8221154
579.8834,0.8221154
579.9034,0.8221154
579.9234,0.8221154
579.9434,0.8221154
579.9634,0.8221154
579.9835,0.8221154
580.0035,0.8221154
580.0235,0.8221154
580.0435,0.8221154
580.0635,0.8221154
580.0836,0.8221154
580.1036,0.8221154
580.1236,0.8221154
580.1436,0.8221154
580.1636,0.8221154
580.1837,0.8221154
580.2037,0.8221154
580.2237,0.8221154
580.2437,0.8221154
580.2637,0.8221154
580.2838,0.8221154
580.3038,0.8221154
580.3238,0.8221154
580.3438,0.8221154
580.3638,0.8221154
580.3839,0.8221154
580.4039,0.8221154
580.4239,0.8221154
580.4439,0.8221154
580.4639,0.8221154
580.4839,0.8221154
580.504,0.8221154
580.524,0.8221154
580.544,0.8221154
580.564,0.8221154
580.584,0.8221154
580.6041,0.8221154
580.6241,0.8221154
580.6441,0.8221154
580.6641,0.8221154
580.6841,0.8221154
580.7042,0.8221154
580.7242,0.8221154
580.7442,0.8221154
580.7642,0.8221154
580.7842,0.8221154
580.8043,0.8221154
580.8243,0.8221154
580.8443,0.8221154
580.8643,0.8221154
580.8843,0.8221154
580.9044,0.8221154
580.9244,0.8221154
580.9444,0.8221154
580.9644,0.8221154
580.9844,0.8221154
581.0045,0.8221154
581.0245,0.8221154
581.0445,0.8221154
581.0645,0.8221154
581.0845,0.8221154
581.1046,0.8221154
581.1246,0.8221154
581.1446,0.8221154
581.1646,0.8221154
581.1846,0.8221154
581.2047,0.8221154
581.2247,0.8221154
581.2447,0.8221154
581.2647,0.8221154
581.2847,0.8221154
581.3047,0.8221154
581.3248,0.8221154
581.3448,0.8221154
581.3648,0.8221154
581.3848,0.8221154
581.4048,0.8221154
581.4249,0.8221154
581.4449,0.8221154
581.4649,0.8221154
581.4849,0.8221154
581.5049,0.8221154
581.525,0.8221154
581.545,0.8221154
581.565,0.8221154
581.585,0.8221154
581.605,0.8221154
581.6251,0.8221154
581.6451,0.8221154
581.6651,0.8221154
581.6851,0.8221154
581.7051,0.8221154
581.7252,0.8221154
581.7452,0.8221154
581.7652,0.8221154
581.7852,0.8221154
581.8052,0.8221154
581.8253,0.8221154
581.8453,0.8221154
581.8653,0.8221154
581.8853,0.8221154
581.9053,0.8221154
581.9254,0.8221154
581.9454,0.8221154
581.9654,0.8221154
581.9854,0.8221154
582.0054,0.8221154
582.0255,0.8221154
582.0455,0.8221154
582.0655,0.8221154
582.0855,0.8221154
582.1055,0.8221154
582.1255,0.8221154
582.1456,0.8221154
582.1656,0.8221154
582.1856,0.8221154
582.2056,0.8221154
582.2256,0.8221154
582.2457,0.8221154
582.2657,0.8221154
582.2857,0.8221154
582.3057,0.8221154
582.3257,0.8221154
582.3458,0.8221154
582.3658,0.8221154
582.3858,0.8221154
582.4058,0.8221154
582.4258,0.8221154
582.4459,0.8221154
582.4659,0.8221154
582.4859,0.8221154
582.5059,0.8221154
582.5259,0.8221154
582.546,0.8221154
582.566,0.8221154
582.586,0.8221154
582.606,0.8221154
582.626,0.8221154
582.6461,0.8221154
582.6661,0.8221154
582.6861,0.8221154
582.7061,0.8221154
582.7261,0.8221154
582.7462,0.8221154
582.7662,0.8221154
582.7862,0.8221154
582.8062,0.8221154
582.8262,0.8221154
582.8463,0.8221154
582.8663,0.8221154
582.8863,0.8221154
582.9063,0.8221154
582.9263,0.8221154
582.9464,0.8221154
582.9664,0.8221154
582.9864,0.8221154
583.0064,0.8221154
583.0264,0.8221154
583.0464,0.8221154
583.0665,0.8221154
583.0865,0.8221154
583.1065,0.8221154
583.1265,0.8221154
583.1465,0.8221154
583.1666,0.8221154
583.1866,0.8221154
583.2066,0.8221154
583.2266,0.8221154
583.2466,0.8221154
583.2667,0.8221154
583.2867,0.8221154
583.3067,0.8221154
583.3267,0.8221154
583.3467,0.8221154
583.3668,0.8221154
583.3868,0.8221154
583.4068,0.8221154
583.4268,0.8221154
583.4468,0.8221154
583.4669,0.8221154
583.4869,0.8221154
583.5069,0.8221154
583.5269,0.8221154
583.5469,0.8221154
583.567,0.8221154
583.587,0.8221154
583.607,0.8221154
583.627,0.8221154
583.647,0.8221154
583.6671,0.8221154
583.6871,0.8221154
583.7071,0.8221154
583.7271,0.8221154
583.7471,0.8221154
583.7672,0.8221154
583.7872,0.8221154
583.8072,0.8221154
583.8272,0.8221154
583.8472,0.8221154
583.8672,0.8221154
583.8873,0.8221154
583.9073,0.8221154
583.9273,0.8221154
583.9473,0.8221154
583.9673,0.8221154
583.9874,0.8221154
584.0074,0.8221154
584.0274,0.8221154
584.0474,0.8221154
584.0674,0.8221154
584.0875,0.8221154
584.1075,0.8221154
584.1275,0.8221154
584.1475,0.8221154
584.1675,0.8221154
584.1876,0.8221154
584.2076,0.8221154
584.2276,0.8221154
584.2476,0.8221154
584.2676,0.8221154
584.2877,0.8221154
584.3077,0.8221154
584.3277,0.8221154
584.3477,0.8221154
584.3677,0.8221154
584.3878,0.8221154
584.4078,0.8221154
584.4278,0.8221154
584.4478,0.8221154
584.4678,0.8221154
584.4879,0.8221154
584.5079,0.8221154
584.5279,0.8221154
584.5479,0.8221154
584.5679,0.8221154
584.588,0.8221154
584.608,0.8221154
584.628,0.8221154
584.648,0.8221154
584.668,0.8221154
584.688,0.8221154
584.7081,0.8221154
584.7281,0.8221154
584.7481,0.8221154
584.7681,0.8221154
584.7881,0.8221154
584.8082,0.8221154
584.8282,0.8221154
584.8482,0.8221154
584.8682,0.8221154
584.8882,0.8221154
584.9083,0.8221154
584.9283,0.8221154
584.9483,0.8221154
584.9683,0.8221154
584.9883,0.8221154
585.0084,0.8221154
585.0284,0.8221154
585.0484,0.8221154
585.0684,0.8221154
585.0884,0.8221154
585.1085,0.8221154
585.1285,0.8221154
585.1485,0.8221154
585.1685,0.8221154
585.1885,0.8221154
585.2086,0.8221154
585.2286,0.8221154
585.2486,0.8221154
585.2686,0.8221154
585.2886,0.8221154
585.3087,0.8221154
585.3287,0.8221154
585.3487,0.8221154
585.3687,0.8221154
585.3887,0.8221154
585.4088,0.8221154
585.4288,0.8221154
585.4488,0.8221154
585.4688,0.8221154
585.4888,0.8221154
585.5089,0.8221154
585.5289,0.8221154
585.5489,0.8221154
585.5689,0.8221154
585.5889,0.8221154
585.6089,0.8221154
585.629,0.8221154
585.649,0.8221154
585.669,0.8221154
585.689,0.8221154
585.709,0.8221154
585.7291,0.8221154
585.7491,0.8221154
585.7691,0.8221154
585.7891,0.8221154
585.8091,0.8221154
585.8292,0.8221154
585.8492,0.8221154
585.8692,0.8221154
585.8892,0.8221154
585.9092,0.8221154
585.9293,0.8221154
585.9493,0.8221154
585.9693,0.8221154
585.9893,0.8221154
586.0093,0.8221154
586.0294,0.8221154
586.0494,0.8221154
586.0694,0.8221154
586.0894,0.8221154
586.1094,0.8221154
586.1295,0.8221154
586.1495,0.8221154
586.1695,0.8221154
586.1895,0.8221154
586.2095,0.8221154
586.2296,0.8221154
586.2496,0.8221154
586.2696,0.8221154
586.2896,0.8221154
586.3096,0.8221154
586.3297,0.8221154
586.3497,0.8221154
586.3697,0.8221154
586.3897,0.8221154
586.4097,0.8221154
586.4297,0.8221154
586.4498,0.8221154
586.4698,0.8221154
586.4898,0.8221154
586.5098,0.8221154
586.5298,0.8221154
586.5499,0.8221154
586.5699,0.8221154
586.5899,0.8221154
586.6099,0.8221154
586.6299,0.8221154
586.65,0.8221154
586.67,0.8221154
586.69,0.8221154
586.71,0.8221154
586.73,0.8221154
586.7501,0.8221154
586.7701,0.8221154
586.7901,0.8221154
586.8101,0.8221154
586.8301,0.8221154
586.8502,0.8221154
586.8702,0.8221154
586.8902,0.8221154
586.9102,0.8221154
586.9302,0.8221154
586.9503,0.8221154
586.9703,0.8221154
586.9903,0.8221154
587.0103,0.8221154
587.0303,0.8221154
587.0504,0.8221154
587.0704,0.8221154
587.0904,0.8221154
587.1104,0.8221154
587.1304,0.8221154
587.1505,0.8221154
587.1705,0.8221154
587.1905,0.8221154
587.2105,0.8221154
587.2305,0.8221154
587.2505,0.8221154
587.2706,0.8221154
587.2906,0.8221154
587.3106,0.8221154
587.3306,0.8221154
587.3506,0.8221154
587.3707,0.8221154
587.3907,0.8221154
587.4107,0.8221154
587.4307,0.8221154
587.4507,0.8221154
587.4708,0.8221154
587.4908,0.8221154
587.5108,0.8221154
587.5308,0.8221154
587.5508,0.8221154
587.5709,0.8221154
587.5909,0.8221154
587.6109,0.8221154
587.6309,0.8221154
587.6509,0.8221154
587.671,0.8221154
587.691,0.8221154
587.711,0.8221154
587.731,0.8221154
587.751,0.8221154
587.7711,0.8221154
587.7911,0.8221154
587.8111,0.8221154
587.8311,0.8221154
587.8511,0.8221154
587.8712,0.8221154
587.8912,0.8221154
587.9112,0.8221154
587.9312,0.8221154
587.9512,0.8221154
587.9713,0.8221154
587.9913,0.8221154
588.0113,0.8221154
588.0313,0.8221154
588.0513,0.8221154
588.0714,0.8221154
588.0914,0.8221154
588.1114,0.8221154
588.1314,0.8221154
588.1514,0.8221154
588.1714,0.8221154
588.1915,0.8221154
588.2115,0.8221154
588.2315,0.8221154
588.2515,0.8221154
588.2715,0.8221154
588.2916,0.8221154
588.3116,0.8221154
588.3316,0.8221154
588.3516,0.8221154
588.3716,0.8221154
588.3917,0.8221154
588.4117,0.8221154
588.4317,0.8221154
588.4517,0.8221154
588.4717,0.8221154
588.4918,0.8221154
588.5118,0.8221154
588.5318,0.8221154
588.5518,0.8221154
588.5718,0.8221154
588.5919,0.8221154
588.6119,0.8221154
588.6319,0.8221154
588.6519,0.8221154
588.6719,0.8221154
588.692,0.8221154
588.712,0.8221154
588.732,0.8221154
588.752,0.8221154
588.772,0.8221154
588.7921,0.8221154
588.8121,0.8221154
588.8321,0.8221154
588.8521,0.8221154
588.8721,0.8221154
588.8922,0.8221154
588.9122,0.8221154
588.9322,0.8221154
588.9522,0.8221154
588.9722,0.8221154
588.9922,0.8221154
589.0123,0.8221154
589.0323,0.8221154
589.0523,0.8221154
589.0723,0.8221154
589.0923,0.8221154
589.1124,0.8221154
589.1324,0.8221154
589.1524,0.8221154
589.1724,0.8221154
589.1924,0.8221154
589.2125,0.8221154
589.2325,0.8221154
589.2525,0.8221154
589.2725,0.8221154
589.2925,0.8221154
589.3126,0.8221154
589.3326,0.8221154
589.3526,0.8221154
589.3726,0.8221154
589.3926,0.8221154
589.4127,0.8221154
589.4327,0.8221154
589.4527,0.8221154
589.4727,0.8221154
589.4927,0.8221154
589.5128,0.8221154
589.5328,0.8221154
589.5528,0.8221154
589.5728,0.8221154
589.5928,0.8221154
589.6129,0.8221154
589.6329,0.8221154
589.6529,0.8221154
589.6729,0.8221154
589.6929,0.8221154
589.713,0.8221154
589.733,0.8221154
589.753,0.8221154
589.773,0.8221154
589.793,0.8221154
589.813,0.8221154
589.8331,0.8221154
589.8531,0.8221154
589.8731,0.8221154
589.8931,0.8221154
589.9131,0.8221154
589.9332,0.8221154
589.9532,0.8221154
589.9732,0.8221154
589.9932,0.8221154
590.0132,0.8221154
590.0333,0.8221154
590.0533,0.8221154
590.0733,0.8221154
590.0933,0.8221154
590.1133,0.8221154
590.1334,0.8221154
590.1534,0.8221154
590.1734,0.8221154
590.1934,0.8221154
590.2134,0.8221154
590.2335,0.8221154
590.2535,0.8221154
590.2735,0.8221154
590.2935,0.8221154
590.3135,0.8221154
590.3336,0.8221154
590.3536,0.8221154
590.3736,0.8221154
590.3936,0.8221154
590.4136,0.8221154
590.4337,0.8221154
590.4537,0.8221154
590.4737,0.8221154
590.4937,0.8221154
590.5137,0.8221154
590.5338,0.8221154
590.5538,0.8221154
590.5738,0.8221154
590.5938,0.8221154
590.6138,0.8221154
590.6339,0.8221154
590.6539,0.8221154
590.6739,0.8221154
590.6939,0.8221154
590.7139,0.8221154
590.7339,0.8221154
590.754,0.8221154
590.774,0.8221154
590.794,0.8221154
590.814,0.8221154
590.834,0.8221154
590.8541,0.8221154
590.8741,0.8221154
590.8941,0.8221154
590.9141,0.8221154
590.9341,0.8221154
590.9542,0.8221154
590.9742,0.8221154
590.9942,0.8221154
591.0142,0.8221154
591.0342,0.8221154
591.0543,0.8221154
591.0743,0.8221154
591.0943,0.8221154
591.1143,0.8221154
591.1343,0.8221154
591.1544,0.8221154
591.1744,0.8221154
591.1944,0.8221154
591.2144,0.8221154
591.2344,0.8221154
591.2545,0.8221154
591.2745,0.8221154
591.2945,0.8221154
591.3145,0.8221154
591.3345,0.8221154
591.3546,0.8221154
591.3746,0.8221154
591.3946,0.8221154
591.4146,0.8221154
591.4346,0.8221154
591.4547,0.8221154
591.4747,0.8221154
591.4947,0.8221154
591.5147,0.8221154
591.5347,0.8221154
591.5547,0.8221154
591.5748,0.8221154
591.5948,0.8221154
591.6148,0.8221154
591.6348,0.8221154
591.6548,0.8221154
591.6749,0.8221154
591.6949,0.8221154
591.7149,0.8221154
591.7349,0.8221154
591.7549,0.8221154
591.775,0.8221154
591.795,0.8221154
591.815,0.8221154
591.835,0.8221154
591.855,0.8221154
591.8751,0.8221154
591.8951,0.8221154
591.9151,0.8221154
591.9351,0.8221154
591.9551,0.8221154
591.9752,0.8221154
591.9952,0.8221154
592.0152,0.8221154
592.0352,0.8221154
592.0552,0.8221154
592.0753,0.8221154
592.0953,0.8221154
592.1153,0.8221154
592.1353,0.8221154
592.1553,0.8221154
592.1754,0.8221154
592.1954,0.8221154
592.2154,0.8221154
592.2354,0.8221154
592.2554,0.8221154
592.2755,0.8221154
592.2955,0.8221154
592.3155,0.8221154
592.3355,0.8221154
592.3555,0.8221154
592.3755,0.8221154
592.3956,0.8221154
592.4156,0.8221154
592.4356,0.8221154
592.4556,0.8221154
592.4756,0.8221154
592.4957,0.8221154
592.5157,0.8221154
592.5357,0.8221154
592.5557,0.8221154
592.5757,0.8221154
592.5958,0.8221154
592.6158,0.8221154
592.6358,0.8221154
592.6558,0.8221154
592.6758,0.8221154
592.6959,0.8221154
592.7159,0.8221154
592.7359,0.8221154
592.7559,0.8221154
592.7759,0.8221154
592.796,0.8221154
592.816,0.8221154
592.836,0.8221154
592.856,0.8221154
592.876,0.8221154
592.8961,0.8221154
592.9161,0.8221154
592.9361,0.8221154
592.9561,0.8221154
592.9761,0.8221154
592.9962,0.8221154
593.0162,0.8221154
593.0362,0.8221154
593.0562,0.8221154
593.0762,0.8221154
593.0963,0.8221154
593.1163,0.8221154
593.1363,0.8221154
593.1563,0.8221154
593.1763,0.8221154
593.1964,0.8221154
593.2164,0.8221154
593.2364,0.8221154
593.2564,0.8221154
593.2764,0.8221154
593.2964,0.8221154
593.3165,0.8221154
593.3365,0.8221154
593.3565,0.8221154
593.3765,0.8221154
593.3965,0.8221154
593.4166,0.8221154
593.4366,0.8221154
593.4566,0.8221154
593.4766,0.8221154
593.4966,0.8221154
593.5167,0.8221154
593.5367,0.8221154
593.5567,0.8221154
593.5767,0.8221154
593.5967,0.8221154
593.6168,0.8221154
593.6368,0.8221154
593.6568,0.8221154
593.6768,0.8221154
593.6968,0.8221154
593.7169,0.8221154
593.7369,0.8221154
593.7569,0.8221154
593.7769,0.8221154
593.7969,0.8221154
593.817,0.8221154
593.837,0.8221154
593.857,0.8221154
593.877,0.8221154
593.897,0.8221154
593.9171,0.8221154
593.9371,0.8221154
593.9571,0.8221154
593.9771,0.8221154
593.9971,0.8221154
594.0172,0.8221154
594.0372,0.8221154
594.0572,0.8221154
594.0772,0.8221154
594.0972,0.8221154
594.1172,0.8221154
594.1373,0.8221154
594.1573,0.8221154
594.1773,0.8221154
594.1973,0.8221154
594.2173,0.8221154
594.2374,0.8221154
594.2574,0.8221154
594.2774,0.8221154
594.2974,0.8221154
594.3174,0.8221154
594.3375,0.8221154
594.3575,0.8221154
594.3775,0.8221154
594.3975,0.8221154
594.4175,0.8221154
594.4376,0.8221154
594.4576,0.8221154
594.4776,0.8221154
594.4976,0.8221154
594.5176,0.8221154
594.5377,0.8221154
594.5577,0.8221154
594.5777,0.8221154
594.5977,0.8221154
594.6177,0.8221154
594.6378,0.8221154
594.6578,0.8221154
594.6778,0.8221154
594.6978,0.8221154
594.7178,0.8221154
594.7379,0.8221154
594.7579,0.8221154
594.7779,0.8221154
594.7979,0.8221154
594.8179,0.8221154
594.838,0.8221154
594.858,0.8221154
594.878,0.8221154
594.898,0.8221154
594.918,0.8221154
594.938,0.8221154
594.9581,0.8221154
594.9781,0.8221154
594.9981,0.8221154
595.0181,0.8221154
595.0381,0.8221154
595.0582,0.8221154
595.0782,0.8221154
595.0982,0.8221154
595.1182,0.8221154
595.1382,0.8221154
595.1583,0.8221154
595.1783,0.8221154
595.1983,0.8221154
595.2183,0.8221154
595.2383,0.8221154
595.2584,0.8221154
595.2784,0.8221154
595.2984,0.8221154
595.3184,0.8221154
595.3384,0.8221154
595.3585,0.8221154
595.3785,0.8221154
595.3985,0.8221154
595.4185,0.8221154
595.4385,0.8221154
595.4586,0.8221154
595.4786,0.8221154
595.4986,0.8221154
595.5186,0.8221154
595.5386,0.8221154
595.5587,0.8221154
595.5787,0.8221154
595.5987,0.8221154
595.6187,0.8221154
595.6387,0.8221154
595.6588,0.8221154
595.6788,0.8221154
595.6988,0.8221154
595.7188,0.8221154
595.7388,0.8221154
595.7589,0.8221154
595.7789,0.8221154
595.7989,0.8221154
595.8189,0.8221154
595.8389,0.8221154
595.8589,0.8221154
595.879,0.8221154
595.899,0.8221154
595.919,0.8221154
595.939,0.8221154
595.959,0.8221154
595.9791,0.8221154
595.9991,0.8221154
596.0191,0.8221154
596.0391,0.8221154
596.0591,0.8221154
596.0792,0.8221154
596.0992,0.8221154
596.1192,0.8221154
596.1392,0.8221154
596.1592,0.8221154
596.1793,0.8221154
596.1993,0.8221154
596.2193,0.8221154
596.2393,0.8221154
596.2593,0.8221154
596.2794,0.8221154
596.2994,0.8221154
596.3194,0.8221154
596.3394,0.8221154
596.3594,0.8221154
596.3795,0.8221154
596.3995,0.8221154
596.4195,0.8221154
596.4395,0.8221154
596.4595,0.8221154
596.4796,0.8221154
596.4996,0.8221154
596.5196,0.8221154
596.5396,0.8221154
596.5596,0.8221154
596.5797,0.8221154
596.5997,0.8221154
596.6197,0.8221154
596.6397,0.8221154
596.6597,0.8221154
596.6797,0.8221154
596.6998,0.8221154
596.7198,0.8221154
596.7398,0.8221154
596.7598,0.8221154
596.7798,0.8221154
596.7999,0.8221154
596.8199,0.8221154
596.8399,0.8221154
596.8599,0.8221154
596.8799,0.8221154
596.9,0.8221154
596.92,0.8221154
596.94,0.8221154
596.96,0.8221154
596.98,0.8221154
597.0001,0.8221154
597.0201,0.8221154
597.0401,0.8221154
597.0601,0.8221154
597.0801,0.8221154
597.1002,0.8221154
597.1202,0.8221154
597.1402,0.8221154
597.1602,0.8221154
597.1802,0.8221154
597.2003,0.8221154
597.2203,0.8221154
597.2403,0.8221154
597.2603,0.8221154
597.2803,0.8221154
597.3004,0.8221154
597.3204,0.8221154
597.3404,0.8221154
597.3604,0.8221154
597.3804,0.8221154
597.4005,0.8221154
597.4205,0.8221154
597.4405,0.8221154
597.4605,0.8221154
597.4805,0.8221154
597.5005,0.8221154
597.5206,0.8221154
597.5406,0.8221154
597.5606,0.8221154
597.5806,0.8221154
597.6006,0.8221154
597.6207,0.8221154
597.6407,0.8221154
597.6607,0.8221154
597.6807,0.8221154
597.7007,0.8221154
597.7208,0.8221154
597.7408,0.8221154
597.7608,0.8221154
597.7808,0.8221154
597.8008,0.8221154
597.8209,0.8221154
597.8409,0.8221154
597.8609,0.8221154
597.8809,0.8221154
597.9009,0.8221154
597.921,0.8221154
597.941,0.8221154
597.961,0.8221154
597.981,0.8221154
598.001,0.8221154
598.0211,0.8221154
598.0411,0.8221154
598.0611,0.8221154
598.0811,0.8221154
598.1011,0.8221154
598.1212,0.8221154
598.1412,0.8221154
598.1612,0.8221154
598.1812,0.8221154
598.2012,0.8221154
598.2213,0.8221154
598.2413,0.8221154
598.2613,0.8221154
598.2813,0.8221154
598.3013,0.8221154
598.3214,0.8221154
598.3414,0.8221154
598.3614,0.8221154
598.3814,0.8221154
598.4014,0.8221154
598.4214,0.8221154
598.4415,0.8221154
598.4615,0.8221154
598.4815,0.8221154
598.5015,0.8221154
598.5215,0.8221154
598.5416,0.8221154
598.5616,0.8221154
598.5816,0.8221154
598.6016,0.8221154
598.6216,0.8221154
598.6417,0.8221154
598.6617,0.8221154
598.6817,0.8221154
598.7017,0.8221154
598.7217,0.8221154
598.7418,0.8221154
598.7618,0.8221154
598.7818,0.8221154
598.8018,0.8221154
598.8218,0.8221154
598.8419,0.8221154
598.8619,0.8221154
598.8819,0.8221154
598.9019,0.8221154
598.9219,0.8221154
598.942,0.8221154
598.962,0.8221154
598.982,0.8221154
599.002,0.8221154
599.022,0.8221154
599.0421,0.8221154
599.0621,0.8221154
599.0821,0.8221154
599.1021,0.8221154
599.1221,0.8221154
599.1422,0.8221154
599.1622,0.8221154
599.1822,0.8221154
599.2022,0.8221154
599.2222,0.8221154
599.2422,0.8221154
599.2623,0.8221154
599.2823,0.8221154
599.3023,0.8221154
599.3223,0.8221154
599.3423,0.8221154
599.3624,0.8221154
599.3824,0.8221154
599.4024,0.8221154
599.4224,0.8221154
599.4424,0.8221154
599.4625,0.8221154
599.4825,0.8221154
599.5025,0.8221154
599.5225,0.8221154
599.5425,0.8221154
599.5626,0.8221154
599.5826,0.8221154
599.6026,0.8221154
599.6226,0.8221154
599.6426,0.8221154
599.6627,0.8221154
599.6827,0.8221154
599.7027,0.8221154
599.7227,0.8221154
599.7427,0.8221154
599.7628,0.8221154
599.7828,0.8221154
599.8028,0.8221154
599.8228,0.8221154
599.8428,0.8221154
599.8629,0.8221154
599.8829,0.8221154
599.9029,0.8221154
599.9229,0.8221154
599.9429,0.8221154
599.963,0.8221154
599.983,0.8221154
600.003,0.8221154
600.023,0.8221154
600.043,0.8221154
600.063,0.8221154
600.0831,0.8221154
600.1031,0.8221154
600.1231,0.8221154
600.1431,0.8221154
600.1631,0.8221154
600.1832,0.8221154
600.2032,0.8221154
600.2232,0.8221154
600.2432,0.8221154
600.2632,0.8221154
600.2833,0.8221154
600.3033,0.8221154
600.3233,0.8221154
600.3433,0.8221154
600.3633,0.8221154
600.3834,0.8221154
600.4034,0.8221154
600.4234,0.8221154
600.4434,0.8221154
600.4634,0.8221154
600.4835,0.8221154
600.5035,0.8221154
600.5235,0.8221154
600.5435,0.8221154
600.5635,0.8221154
600.5836,0.8221154
600.6036,0.8221154
600.6236,0.8221154
600.6436,0.8221154
600.6636,0.8221154
600.6837,0.8221154
600.7037,0.8221154
600.7237,0.8221154
600.7437,0.8221154
600.7637,0.8221154
600.7838,0.8221154
600.8038,0.8221154
600.8238,0.8221154
600.8438,0.8221154
600.8638,0.8221154
600.8839,0.8221154
600.9039,0.8221154
600.9239,0.8221154
600.9439,0.8221154
600.9639,0.8221154
600.9839,0.8221154
601.004,0.8221154
601.024,0.8221154
601.044,0.8221154
601.064,0.8221154
601.084,0.8221154
601.1041,0.8221154
601.1241,0.8221154
601.1441,0.8221154
601.1641,0.8221154
601.1841,0.8221154
601.2042,0.8221154
601.2242,0.8221154
601.2442,0.8221154
601.2642,0.8221154
601.2842,0.8221154
601.3043,0.8221154
601.3243,0.8221154
601.3443,0.8221154
601.3643,0.8221154
601.3843,0.8221154
601.4044,0.8221154
601.4244,0.8221154
601.4444,0.8221154
601.4644,0.8221154
601.4844,0.8221154
601.5045,0.8221154
601.5245,0.8221154
601.5445,0.8221154
601.5645,0.8221154
601.5845,0.8221154
601.6046,0.8221154
601.6246,0.8221154
601.6446,0.8221154
601.6646,0.8221154
601.6846,0.8221154
601.7047,0.8221154
601.7247,0.8221154
601.7447,0.8221154
601.7647,0.8221154
601.7847,0.8221154
601.8047,0.8221154
601.8248,0.8221154
601.8448,0.8221154
601.8648,0.8221154
601.8848,0.8221154
601.9048,0.8221154
601.9249,0.8221154
601.9449,0.8221154
601.9649,0.8221154
601.9849,0.8221154
602.0049,0.8221154
602.025,0.8221154
602.045,0.8221154
602.065,0.8221154
602.085,0.8221154
602.105,0.8221154
602.1251,0.8221154
602.1451,0.8221154
602.1651,0.8221154
602.1851,0.8221154
602.2051,0.8221154
602.2252,0.8221154
602.2452,0.8221154
602.2652,0.8221154
602.2852,0.8221154
602.3052,0.8221154
602.3253,0.8221154
602.3453,0.8221154
602.3653,0.8221154
602.3853,0.8221154
602.4053,0.8221154
602.4254,0.8221154
602.4454,0.8221154
602.4654,0.8221154
602.4854,0.8221154
602.5054,0.8221154
602.5255,0.8221154
602.5455,0.8221154
602.5655,0.8221154
602.5855,0.8221154
602.6055,0.8221154
602.6255,0.8221154
602.6456,0.8221154
602.6656,0.8221154
602.6856,0.8221154
602.7056,0.8221154
602.7256,0.8221154
602.7457,0.8221154
602.7657,0.8221154
602.7857,0.8221154
602.8057,0.8221154
602.8257,0.8221154
602.8458,0.8221154
602.8658,0.8221154
602.8858,0.8221154
602.9058,0.8221154
602.9258,0.8221154
602.9459,0.8221154
602.9659,0.8221154
602.9859,0.8221154
603.0059,0.8221154
603.0259,0.8221154
603.046,0.8221154
603.066,0.8221154
603.086,0.8221154
603.106,0.8221154
603.126,0.8221154
603.1461,0.8221154
603.1661,0.8221154
603.1861,0.8221154
603.2061,0.8221154
603.2261,0.8221154
603.2462,0.8221154
603.2662,0.8221154
603.2862,0.8221154
603.3062,0.8221154
603.3262,0.8221154
603.3463,0.8221154
603.3663,0.8221154
603.3863,0.8221154
603.4063,0.8221154
603.4263,0.8221154
603.4464,0.8221154
603.4664,0.8221154
603.4864,0.8221154
603.5064,0.8221154
603.5264,0.8221154
603.5464,0.8221154
603.5665,0.8221154
603.5865,0.8221154
603.6065,0.8221154
603.6265,0.8221154
603.6465,0.8221154
603.6666,0.8221154
603.6866,0.8221154
603.7066,0.8221154
603.7266,0.8221154
603.7466,0.8221154
603.7667,0.8221154
603.7867,0.8221154
603.8067,0.8221154
603.8267,0.8221154
603.8467,0.8221154
603.8668,0.8221154
603.8868,0.8221154
603.9068,0.8221154
603.9268,0.8221154
603.9468,0.8221154
603.9669,0.8221154
603.9869,0.8221154
604.0069,0.8221154
604.0269,0.8221154
604.0469,0.8221154
604.067,0.8221154
604.087,0.8221154
604.107,0.8221154
604.127,0.8221154
604.147,0.8221154
604.1671,0.8221154
604.1871,0.8221154
604.2071,0.8221154
604.2271,0.8221154
604.2471,0.8221154
604.2672,0.8221154
604.2872,0.8221154
604.3072,0.8221154
604.3272,0.8221154
604.3472,0.8221154
604.3672,0.8221154
604.3873,0.8221154
604.4073,0.8221154
604.4273,0.8221154
604.4473,0.8221154
604.4673,0.8221154
604.4874,0.8221154
604.5074,0.8221154
604.5274,0.8221154
604.5474,0.8221154
604.5674,0.8221154
604.5875,0.8221154
604.6075,0.8221154
604.6275,0.8221154
604.6475,0.8221154
604.6675,0.8221154
604.6876,0.8221154
604.7076,0.8221154
604.7276,0.8221154
604.7476,0.8221154
604.7676,0.8221154
604.7877,0.8221154
604.8077,0.8221154
604.8277,0.8221154
604.8477,0.8221154
604.8677,0.8221154
604.8878,0.8221154
604.9078,0.8221154
604.9278,0.8221154
604.9478,0.8221154
604.9678,0.8221154
604.9879,0.8221154
605.0079,0.8221154
605.0279,0.8221154
605.0479,0.8221154
605.0679,0.8221154
605.088,0.8221154
605.108,0.8221154
605.128,0.8221154
605.148,0.8221154
605.168,0.8221154
605.188,0.8221154
605.2081,0.8221154
605.2281,0.8221154
605.2481,0.8221154
605.2681,0.8221154
605.2881,0.8221154
605.3082,0.8221154
605.3282,0.8221154
605.3482,0.8221154
605.3682,0.8221154
605.3882,0.8221154
605.4083,0.8221154
605.4283,0.8221154
605.4483,0.8221154
605.4683,0.8221154
605.4883,0.8221154
605.5084,0.8221154
605.5284,0.8221154
605.5484,0.8221154
605.5684,0.8221154
605.5884,0.8221154
605.6085,0.8221154
605.6285,0.8221154
605.6485,0.8221154
605.6685,0.8221154
605.6885,0.8221154
605.7086,0.8221154
605.7286,0.8221154
605.7486,0.8221154
605.7686,0.8221154
605.7886,0.8221154
605.8087,0.8221154
605.8287,0.8221154
605.8487,0.8221154
605.8687,0.8221154
605.8887,0.8221154
605.9088,0.8221154
605.9288,0.8221154
605.9488,0.8221154
605.9688,0.8221154
605.9888,0.8221154
606.0089,0.8221154
606.0289,0.8221154
606.0489,0.8221154
606.0689,0.8221154
606.0889,0.8221154
606.1089,0.8221154
606.129,0.8221154
606.149,0.8221154
606.169,0.8221154
606.189,0.8221154
606.209,0.8221154
606.2291,0.8221154
606.2491,0.8221154
606.2691,0.8221154
606.2891,0.8221154
606.3091,0.8221154
606.3292,0.8221154
606.3492,0.8221154
606.3692,0.8221154
606.3892,0.8221154
606.4092,0.8221154
606.4293,0.8221154
606.4493,0.8221154
606.4693,0.8221154
606.4893,0.8221154
606.5093,0.8221154
606.5294,0.8221154
606.5494,0.8221154
606.5694,0.8221154
606.5894,0.8221154
606.6094,0.8221154
606.6295,0.8221154
606.6495,0.8221154
606.6695,0.8221154
606.6895,0.8221154
606.7095,0.8221154
606.7296,0.8221154
606.7496,0.8221154
606.7696,0.8221154
606.7896,0.8221154
606.8096,0.8221154
606.8297,0.8221154
606.8497,0.8221154
606.8697,0.8221154
606.8897,0.8221154
606.9097,0.8221154
606.9297,0.8221154
606.9498,0.8221154
606.9698,0.8221154
606.9898,0.8221154
607.0098,0.8221154
607.0298,0.8221154
607.0499,0.8221154
607.0699,0.8221154
607.0899,0.8221154
607.1099,0.8221154
607.1299,0.8221154
607.15,0.8221154
607.17,0.8221154
607.19,0.8221154
607.21,0.8221154
607.23,0.8221154
607.2501,0.8221154
607.2701,0.8221154
607.2901,0.8221154
607.3101,0.8221154
607.3301,0.8221154
607.3502,0.8221154
607.3702,0.8221154
607.3902,0.8221154
607.4102,0.8221154
607.4302,0.8221154
607.4503,0.8221154
607.4703,0.8221154
607.4903,0.8221154
607.5103,0.8221154
607.5303,0.8221154
607.5504,0.8221154
607.5704,0.8221154
607.5904,0.8221154
607.6104,0.8221154
607.6304,0.8221154
607.6505,0.8221154
607.6705,0.8221154
607.6905,0.8221154
607.7105,0.8221154
607.7305,0.8221154
607.7505,0.8221154
607.7706,0.8221154
607.7906,0.8221154
607.8106,0.8221154
607.8306,0.8221154
607.8506,0.8221154
607.8707,0.8221154
607.8907,0.8221154
607.9107,0.8221154
607.9307,0.8221154
607.9507,0.8221154
607.9708,0.8221154
607.9908,0.8221154
608.0108,0.8221154
608.0308,0.8221154
608.0508,0.8221154
608.0709,0.8221154
608.0909,0.8221154
608.1109,0.8221154
608.1309,0.8221154
608.1509,0.8221154
608.171,0.8221154
608.191,0.8221154
608.211,0.8221154
608.231,0.8221154
608.251,0.8221154
608.2711,0.8221154
608.2911,0.8221154
608.3111,0.8221154
608.3311,0.8221154
608.3511,0.8221154
608.3712,0.8221154
608.3912,0.8221154
608.4112,0.8221154
608.4312,0.8221154
608.4512,0.8221154
608.4713,0.8221154
608.4913,0.8221154
608.5113,0.8221154
608.5313,0.8221154
608.5513,0.8221154
608.5714,0.8221154
608.5914,0.8221154
608.6114,0.8221154
608.6314,0.8221154
608.6514,0.8221154
608.6714,0.8221154
608.6915,0.8221154
608.7115,0.8221154
608.7315,0.8221154
608.7515,0.8221154
608.7715,0.8221154
608.7916,0.8221154
608.8116,0.8221154
608.8316,0.8221154
608.8516,0.8221154
608.8716,0.8221154
608.8917,0.8221154
608.9117,0.8221154
608.9317,0.8221154
608.9517,0.8221154
608.9717,0.8221154
608.9918,0.8221154
609.0118,0.8221154
609.0318,0.8221154
609.0518,0.8221154
609.0718,0.8221154
609.0919,0.8221154
609.1119,0.8221154
609.1319,0.8221154
609.1519,0.8221154
609.1719,0.8221154
609.192,0.8221154
609.212,0.8221154
609.232,0.8221154
609.252,0.8221154
609.272,0.8221154
609.2921,0.8221154
609.3121,0.8221154
609.3321,0.8221154
609.3521,0.8221154
609.3721,0.8221154
609.3922,0.8221154
609.4122,0.8221154
609.4322,0.8221154
609.4522,0.8221154
609.4722,0.8221154
609.4922,0.8221154
609.5123,0.8221154
609.5323,0.8221154
609.5523,0.8221154
609.5723,0.8221154
609.5923,0.8221154
609.6124,0.8221154
609.6324,0.8221154
609.6524,0.8221154
609.6724,0.8221154
609.6924,0.8221154
609.7125,0.8221154
609.7325,0.8221154
609.7525,0.8221154
609.7725,0.8221154
609.7925,0.8221154
609.8126,0.8221154
609.8326,0.8221154
609.8526,0.8221154
609.8726,0.8221154
609.8926,0.8221154
609.9127,0.8221154
609.9327,0.8221154
609.9527,0.8221154
609.9727,0.8221154
609.9927,0.8221154
610.0128,0.8221154
610.0328,0.8221154
610.0528,0.8221154
610.0728,0.8221154
610.0928,0.8221154
610.1129,0.8221154
610.1329,0.8221154
610.1529,0.8221154
610.1729,0.8221154
610.1929,0.8221154
610.213,0.8221154
610.233,0.8221154
610.253,0.8221154
610.273,0.8221154
610.293,0.8221154
610.313,0.8221154
610.3331,0.8221154
610.3531,0.8221154
610.3731,0.8221154
610.3931,0.8221154
610.4131,0.8221154
610.4332,0.8221154
610.4532,0.8221154
610.4732,0.8221154
610.4932,0.8221154
610.5132,0.8221154
610.5333,0.8221154
610.5533,0.8221154
610.5733,0.8221154
610.5933,0.8221154
610.6133,0.8221154
610.6334,0.8221154
610.6534,0.8221154
610.6734,0.8221154
610.6934,0.8221154
610.7134,0.8221154
610.7335,0.8221154
610.7535,0.8221154
610.7735,0.8221154
610.7935,0.8221154
610.8135,0.8221154
610.8336,0.8221154
610.8536,0.8221154
610.8736,0.8221154
610.8936,0.8221154
610.9136,0.8221154
610.9337,0.8221154
610.9537,0.8221154
610.9737,0.8221154
610.9937,0.8221154
611.0137,0.8221154
611.0338,0.8221154
611.0538,0.8221154
611.0738,0.8221154
611.0938,0.8221154
611.1138,0.8221154
611.1339,0.8221154
611.1539,0.8221154
611.1739,0.8221154
611.1939,0.8221154
611.2139,0.8221154
611.2339,0.8221154
611.254,0.8221154
611.274,0.8221154
611.294,0.8221154
611.314,0.8221154
611.334,0.8221154
611.3541,0.8221154
611.3741,0.8221154
611.3941,0.8221154
611.4141,0.8221154
611.4341,0.8221154
611.4542,0.8221154
611.4742,0.8221154
611.4942,0.8221154
611.5142,0.8221154
611.5342,0.8221154
611.5543,0.8221154
611.5743,0.8221154
611.5943,0.8221154
611.6143,0.8221154
611.6343,0.8221154
611.6544,0.8221154
611.6744,0.8221154
611.6944,0.8221154
611.7144,0.8221154
611.7344,0.8221154
611.7545,0.8221154
611.7745,0.8221154
611.7945,0.8221154
611.8145,0.8221154
611.8345,0.8221154
611.8546,0.8221154
611.8746,0.8221154
611.8946,0.8221154
611.9146,0.8221154
611.9346,0.8221154
611.9547,0.8221154
611.9747,0.8221154
611.9947,0.8221154
612.0147,0.8221154
612.0347,0.8221154
612.0547,0.8221154
612.0748,0.8221154
612.0948,0.8221154
612.1148,0.8221154
612.1348,0.8221154
612.1548,0.8221154
612.1749,0.8221154
612.1949,0.8221154
612.2149,0.8221154
612.2349,0.8221154
612.2549,0.8221154
612.275,0.8221154
612.295,0.8221154
612.315,0.8221154
612.335,0.8221154
612.355,0.8221154
612.3751,0.8221154
612.3951,0.8221154
612.4151,0.8221154
612.4351,0.8221154
612.4551,0.8221154
612.4752,0.8221154
612.4952,0.8221154
612.5152,0.8221154
612.5352,0.8221154
612.5552,0.8221154
612.5753,0.8221154
612.5953,0.8221154
612.6153,0.8221154
612.6353,0.8221154
612.6553,0.8221154
612.6754,0.8221154
612.6954,0.8221154
612.7154,0.8221154
612.7354,0.8221154
612.7554,0.8221154
612.7755,0.8221154
612.7955,0.8221154
612.8155,0.8221154
612.8355,0.8221154
612.8555,0.8221154
612.8755,0.8221154
612.8956,0.8221154
612.9156,0.8221154
612.9356,0.8221154
612.9556,0.8221154
612.9756,0.8221154
612.9957,0.8221154
613.0157,0.8221154
613.0357,0.8221154
613.0557,0.8221154
613.0757,0.8221154
613.0958,0.8221154
613.1158,0.8221154
613.1358,0.8221154
613.1558,0.8221154
613.1758,0.8221154
613.1959,0.8221154
613.2159,0.8221154
613.2359,0.8221154
613.2559,0.8221154
613.2759,0.8221154
613.296,0.8221154
613.316,0.8221154
613.336,0.8221154
613.356,0.8221154
613.376,0.8221154
613.3961,0.8221154
613.4161,0.8221154
613.4361,0.8221154
613.4561,0.8221154
613.4761,0.8221154
613.4962,0.8221154
613.5162,0.8221154
613.5362,0.8221154
613.5562,0.8221154
613.5762,0.8221154
613.5963,0.8221154
613.6163,0.8221154
613.6363,0.8221154
613.6563,0.8221154
613.6763,0.8221154
613.6964,0.8221154
613.7164,0.8221154
613.7364,0.8221154
613.7564,0.8221154
613.7764,0.8221154
613.7964,0.8221154
613.8165,0.8221154
613.8365,0.8221154
613.8565,0.8221154
613.8765,0.8221154
613.8965,0.8221154
613.9166,0.8221154
613.9366,0.8221154
613.9566,0.8221154
613.9766,0.8221154
613.9966,0.8221154
614.0167,0.8221154
614.0367,0.8221154
614.0567,0.8221154
614.0767,0.8221154
614.0967,0.8221154
614.1168,0.8221154
614.1368,0.8221154
614.1568,0.8221154
614.1768,0.8221154
614.1968,0.8221154
614.2169,0.8221154
614.2369,0.8221154
614.2569,0.8221154
614.2769,0.8221154
614.2969,0.8221154
614.317,0.8221154
614.337,0.8221154
614.357,0.8221154
614.377,0.8221154
614.397,0.8221154
614.4171,0.8221154
614.4371,0.8221154
614.4571,0.8221154
614.4771,0.8221154
614.4971,0.8221154
614.5172,0.8221154
614.5372,0.8221154
614.5572,0.8221154
614.5772,0.8221154
614.5972,0.8221154
614.6172,0.8221154
614.6373,0.8221154
614.6573,0.8221154
614.6773,0.8221154
614.6973,0.8221154
614.7173,0.8221154
614.7374,0.8221154
614.7574,0.8221154
614.7774,0.8221154
614.7974,0.8221154
614.8174,0.8221154
614.8375,0.8221154
614.8575,0.8221154
614.8775,0.8221154
614.8975,0.8221154
614.9175,0.8221154
614.9376,0.8221154
614.9576,0.8221154
614.9776,0.8221154
614.9976,0.8221154
615.0176,0.8221154
615.0377,0.8221154
615.0577,0.8221154
615.0777,0.8221154
615.0977,0.8221154
615.1177,0.8221154
615.1378,0.8221154
615.1578,0.8221154
615.1778,0.8221154
615.1978,0.8221154
615.2178,0.8221154
615.2379,0.8221154
615.2579,0.8221154
615.2779,0.8221154
615.2979,0.8221154
615.3179,0.8221154
615.338,0.8221154
615.358,0.8221154
615.378,0.8221154
615.398,0.8221154
615.418,0.8221154
615.438,0.8221154
615.4581,0.8221154
615.4781,0.8221154
615.4981,0.8221154
615.5181,0.8221154
615.5381,0.8221154
615.5582,0.8221154
615.5782,0.8221154
615.5982,0.8221154
615.6182,0.8221154
615.6382,0.8221154
615.6583,0.8221154
615.6783,0.8221154
615.6983,0.8221154
615.7183,0.8221154
615.7383,0.8221154
615.7584,0.8221154
615.7784,0.8221154
615.7984,0.8221154
615.8184,0.8221154
615.8384,0.8221154
615.8585,0.8221154
615.8785,0.8221154
615.8985,0.8221154
615.9185,0.8221154
615.9385,0.8221154
615.9586,0.8221154
615.9786,0.8221154
615.9986,0.8221154
616.0186,0.8221154
616.0386,0.8221154
616.0587,0.8221154
616.0787,0.8221154
616.0987,0.8221154
616.1187,0.8221154
616.1387,0.8221154
616.1588,0.8221154
616.1788,0.8221154
616.1988,0.8221154
616.2188,0.8221154
616.2388,0.8221154
616.2589,0.8221154
616.2789,0.8221154
616.2989,0.8221154
616.3189,0.8221154
616.3389,0.8221154
616.3589,0.8221154
616.379,0.8221154
616.399,0.8221154
616.419,0.8221154
616.439,0.8221154
616.459,0.8221154
616.4791,0.8221154
616.4991,0.8221154
616.5191,0.8221154
616.5391,0.8221154
616.5591,0.8221154
616.5792,0.8221154
616.5992,0.8221154
616.6192,0.8221154
616.6392,0.8221154
616.6592,0.8221154
616.6793,0.8221154
616.6993,0.8221154
616.7193,0.8221154
616.7393,0.8221154
616.7593,0.8221154
616.7794,0.8221154
616.7994,0.8221154
616.8194,0.8221154
616.8394,0.8221154
616.8594,0.8221154
616.8795,0.8221154
616.8995,0.8221154
616.9195,0.8221154
616.9395,0.8221154
616.9595,0.8221154
616.9796,0.8221154
616.9996,0.8221154
617.0196,0.8221154
617.0396,0.8221154
617.0596,0.8221154
617.0797,0.8221154
617.0997,0.8221154
617.1197,0.8221154
617.1397,0.8221154
617.1597,0.8221154
617.1797,0.8221154
617.1998,0.8221154
617.2198,0.8221154
617.2398,0.8221154
617.2598,0.8221154
617.2798,0.8221154
617.2999,0.8221154
617.3199,0.8221154
617.3399,0.8221154
617.3599,0.8221154
617.3799,0.8221154
617.4,0.8221154
617.42,0.8221154
617.44,0.8221154
617.46,0.8221154
617.48,0.8221154
617.5001,0.8221154
617.5201,0.8221154
617.5401,0.8221154
617.5601,0.8221154
617.5801,0.8221154
617.6002,0.8221154
617.6202,0.8221154
617.6402,0.8221154
617.6602,0.8221154
617.6802,0.8221154
617.7003,0.8221154
617.7203,0.8221154
617.7403,0.8221154
617.7603,0.8221154
617.7803,0.8221154
617.8004,0.8221154
617.8204,0.8221154
617.8404,0.8221154
617.8604,0.8221154
617.8804,0.8221154
617.9005,0.8221154
617.9205,0.8221154
617.9405,0.8221154
617.9605,0.8221154
617.9805,0.8221154
618.0005,0.8221154
618.0206,0.8221154
618.0406,0.8221154
618.0606,0.8221154
618.0806,0.8221154
618.1006,0.8221154
618.1207,0.8221154
618.1407,0.8221154
618.1607,0.8221154
618.1807,0.8221154
618.2007,0.8221154
618.2208,0.8221154
618.2408,0.8221154
618.2608,0.8221154
618.2808,0.8221154
618.3008,0.8221154
618.3209,0.8221154
618.3409,0.8221154
618.3609,0.8221154
618.3809,0.8221154
618.4009,0.8221154
618.421,0.8221154
618.441,0.8221154
618.461,0.8221154
618.481,0.8221154
618.501,0.8221154
618.5211,0.8221154
618.5411,0.8221154
618.5611,0.8221154
618.5811,0.8221154
618.6011,0.8221154
618.6212,0.8221154
618.6412,0.8221154
618.6612,0.8221154
618.6812,0.8221154
618.7012,0.8221154
618.7213,0.8221154
618.7413,0.8221154
618.7613,0.8221154
618.7813,0.8221154
618.8013,0.8221154
618.8214,0.8221154
618.8414,0.8221154
618.8614,0.8221154
618.8814,0.8221154
618.9014,0.8221154
618.9214,0.8221154
618.9415,0.8221154
618.9615,0.8221154
618.9815,0.8221154
619.0015,0.8221154
619.0215,0.8221154
619.0416,0.8221154
619.0616,0.8221154
619.0816,0.8221154
619.1016,0.8221154
619.1216,0.8221154
619.1417,0.8221154
619.1617,0.8221154
619.1817,0.8221154
619.2017,0.8221154
619.2217,0.8221154
619.2418,0.8221154
619.2618,0.8221154
619.2818,0.8221154
619.3018,0.8221154
619.3218,0.8221154
619.3419,0.8221154
619.3619,0.8221154
619.3819,0.8221154
619.4019,0.8221154
619.4219,0.8221154
619.442,0.8221154
619.462,0.8221154
619.482,0.8221154
619.502,0.8221154
619.522,0.8221154
619.5421,0.8221154
619.5621,0.8221154
619.5821,0.8221154
619.6021,0.8221154
619.6221,0.8221154
619.6422,0.8221154
619.6622,0.8221154
619.6822,0.8221154
619.7022,0.8221154
619.7222,0.8221154
619.7422,0.8221154
619.7623,0.8221154
619.7823,0.8221154
619.8023,0.8221154
619.8223,0.8221154
619.8423,0.8221154
619.8624,0.8221154
619.8824,0.8221154
619.9024,0.8221154
619.9224,0.8221154
619.9424,0.8221154
619.9625,0.8221154
619.9825,0.8221154
620.0025,0.8221154
620.0225,0.8221154
620.0425,0.8221154
620.0626,0.8221154
620.0826,0.8221154
620.1026,0.8221154
620.1226,0.8221154
620.1426,0.8221154
620.1627,0.8221154
620.1827,0.8221154
620.2027,0.8221154
620.2227,0.8221154
620.2427,0.8221154
620.2628,0.8221154
620.2828,0.8221154
620.3028,0.8221154
620.3228,0.8221154
620.3428,0.8221154
620.3629,0.8221154
620.3829,0.8221154
620.4029,0.8221154
620.4229,0.8221154
620.4429,0.8221154
620.463,0.8221154
620.483,0.8221154
620.503,0.8221154
620.523,0.8221154
620.543,0.8221154
620.563,0.8221154
620.5831,0.8221154
620.6031,0.8221154
620.6231,0.8221154
620.6431,0.8221154
620.6631,0.8221154
620.6832,0.8221154
620.7032,0.8221154
620.7232,0.8221154
620.7432,0.8221154
620.7632,0.8221154
620.7833,0.8221154
620.8033,0.8221154
620.8233,0.8221154
620.8433,0.8221154
620.8633,0.8221154
620.8834,0.8221154
620.9034,0.8221154
620.9234,0.8221154
620.9434,0.8221154
620.9634,0.8221154
620.9835,0.8221154
621.0035,0.8221154
621.0235,0.8221154
621.0435,0.8221154
621.0635,0.8221154
621.0836,0.8221154
621.1036,0.8221154
621.1236,0.8221154
621.1436,0.8221154
621.1636,0.8221154
621.1837,0.8221154
621.2037,0.8221154
621.2237,0.8221154
621.2437,0.8221154
621.2637,0.8221154
621.2838,0.8221154
621.3038,0.8221154
621.3238,0.8221154
621.3438,0.8221154
621.3638,0.8221154
621.3839,0.8221154
621.4039,0.8221154
621.4239,0.8221154
621.4439,0.8221154
621.4639,0.8221154
621.4839,0.8221154
621.504,0.8221154
621.524,0.8221154
621.544,0.8221154
621.564,0.8221154
621.584,0.8221154
621.6041,0.8221154
621.6241,0.8221154
621.6441,0.8221154
621.6641,0.8221154
621.6841,0.8221154
621.7042,0.8221154
621.7242,0.8221154
621.7442,0.8221154
621.7642,0.8221154
621.7842,0.8221154
621.8043,0.8221154
621.8243,0.8221154
621.8443,0.8221154
621.8643,0.8221154
621.8843,0.8221154
621.9044,0.8221154
621.9244,0.8221154
621.9444,0.8221154
621.9644,0.8221154
621.9844,0.8221154
622.0045,0.8221154
622.0245,0.8221154
622.0445,0.8221154
622.0645,0.8221154
622.0845,0.8221154
622.1046,0.8221154
622.1246,0.8221154
622.1446,0.8221154
622.1646,0.8221154
622.1846,0.8221154
622.2047,0.8221154
622.2247,0.8221154
622.2447,0.8221154
622.2647,0.8221154
622.2847,0.8221154
622.3047,0.8221154
622.3248,0.8221154
622.3448,0.8221154
622.3648,0.8221154
622.3848,0.8221154
622.4048,0.8221154
622.4249,0.8221154
622.4449,0.8221154
622.4649,0.8221154
622.4849,0.8221154
622.5049,0.8221154
622.525,0.8221154
622.545,0.8221154
622.565,0.8221154
622.585,0.8221154
622.605,0.8221154
622.6251,0.8221154
622.6451,0.8221154
622.6651,0.8221154
622.6851,0.8221154
622.7051,0.8221154
622.7252,0.8221154
622.7452,0.8221154
622.7652,0.8221154
622.7852,0.8221154
622.8052,0.8221154
622.8253,0.8221154
622.8453,0.8221154
622.8653,0.8221154
622.8853,0.8221154
622.9053,0.8221154
622.9254,0.8221154
622.9454,0.8221154
622.9654,0.8221154
622.9854,0.8221154
623.0054,0.8221154
623.0255,0.8221154
623.0455,0.8221154
623.0655,0.8221154
623.0855,0.8221154
623.1055,0.8221154
623.1255,0.8221154
623.1456,0.8221154
623.1656,0.8221154
623.1856,0.8221154
623.2056,0.8221154
623.2256,0.8221154
623.2457,0.8221154
623.2657,0.8221154
623.2857,0.8221154
623.3057,0.8221154
623.3257,0.8221154
623.3458,0.8221154
623.3658,0.8221154
623.3858,0.8221154
623.4058,0.8221154
623.4258,0.8221154
623.4459,0.8221154
623.4659,0.8221154
623.4859,0.8221154
623.5059,0.8221154
623.5259,0.8221154
623.546,0.8221154
623.566,0.8221154
623.586,0.8221154
623.606,0.8221154
623.626,0.8221154
623.6461,0.8221154
623.6661,0.8221154
623.6861,0.8221154
623.7061,0.8221154
623.7261,0.8221154
623.7462,0.8221154
623.7662,0.8221154
623.7862,0.8221154
623.8062,0.8221154
623.8262,0.8221154
623.8463,0.8221154
623.8663,0.8221154
623.8863,0.8221154
623.9063,0.8221154
623.9263,0.8221154
623.9464,0.8221154
623.9664,0.8221154
623.9864,0.8221154
624.0064,0.8221154
624.0264,0.8221154
624.0464,0.8221154
624.0665,0.8221154
624.0865,0.8221154
624.1065,0.8221154
624.1265,0.8221154
624.1465,0.8221154
624.1666,0.8221154
624.1866,0.8221154
624.2066,0.8221154
624.2266,0.8221154
624.2466,0.8221154
624.2667,0.8221154
624.2867,0.8221154
624.3067,0.8221154
624.3267,0.8221154
624.3467,0.8221154
624.3668,0.8221154
624.3868,0.8221154
624.4068,0.8221154
624.4268,0.8221154
624.4468,0.8221154
624.4669,0.8221154
624.4869,0.8221154
624.5069,0.8221154
624.5269,0.8221154
624.5469,0.8221154
624.567,0.8221154
624.587,0.8221154
624.607,0.8221154
624.627,0.8221154
624.647,0.8221154
624.6671,0.8221154
624.6871,0.8221154
624.7071,0.8221154
624.7271,0.8221154
624.7471,0.8221154
624.7672,0.8221154
624.7872,0.8221154
624.8072,0.8221154
624.8272,0.8221154
624.8472,0.8221154
624.8672,0.8221154
624.8873,0.8221154
624.9073,0.8221154
624.9273,0.8221154
624.9473,0.8221154
624.9673,0.8221154
624.9874,0.8221154
625.0074,0.8221154
625.0274,0.8221154
625.0474,0.8221154
625.0674,0.8221154
625.0875,0.8221154
625.1075,0.8221154
625.1275,0.8221154
625.1475,0.8221154
625.1675,0.8221154
625.1876,0.8221154
625.2076,0.8221154
625.2276,0.8221154
625.2476,0.8221154
625.2676,0.8221154
625.2877,0.8221154
625.3077,0.8221154
625.3277,0.8221154
625.3477,0.8221154
625.3677,0.8221154
625.3878,0.8221154
625.4078,0.8221154
625.4278,0.8221154
625.4478,0.8221154
625.4678,0.8221154
625.4879,0.8221154
625.5079,0.8221154
625.5279,0.8221154
625.5479,0.8221154
625.5679,0.8221154
625.588,0.8221154
625.608,0.8221154
625.628,0.8221154
625.648,0.8221154
625.668,0.8221154
625.688,0.8221154
625.7081,0.8221154
625.7281,0.8221154
625.7481,0.8221154
625.7681,0.8221154
625.7881,0.8221154
625.8082,0.8221154
625.8282,0.8221154
625.8482,0.8221154
625.8682,0.8221154
625.8882,0.8221154
625.9083,0.8221154
625.9283,0.8221154
625.9483,0.8221154
625.9683,0.8221154
625.9883,0.8221154
626.0084,0.8221154
626.0284,0.8221154
626.0484,0.8221154
626.0684,0.8221154
626.0884,0.8221154
626.1085,0.8221154
626.1285,0.8221154
626.1485,0.8221154
626.1685,0.8221154
626.1885,0.8221154
626.2086,0.8221154
626.2286,0.8221154
626.2486,0.8221154
626.2686,0.8221154
626.2886,0.8221154
626.3087,0.8221154
626.3287,0.8221154
626.3487,0.8221154
626.3687,0.8221154
626.3887,0.8221154
626.4088,0.8221154
626.4288,0.8221154
626.4488,0.8221154
626.4688,0.8221154
626.4888,0.8221154
626.5089,0.8221154
626.5289,0.8221154
626.5489,0.8221154
626.5689,0.8221154
626.5889,0.8221154
626.6089,0.8221154
626.629,0.8221154
626.649,0.8221154
626.669,0.8221154
626.689,0.8221154
626.709,0.8221154
626.7291,0.8221154
626.7491,0.8221154
626.7691,0.8221154
626.7891,0.8221154
626.8091,0.8221154
626.8292,0.8221154
626.8492,0.8221154
626.8692,0.8221154
626.8892,0.8221154
626.9092,0.8221154
626.9293,0.8221154
626.9493,0.8221154
626.9693,0.8221154
626.9893,0.8221154
627.0093,0.8221154
627.0294,0.8221154
627.0494,0.8221154
627.0694,0.8221154
627.0894,0.8221154
627.1094,0.8221154
627.1295,0.8221154
627.1495,0.8221154
627.1695,0.8221154
627.1895,0.8221154
627.2095,0.8221154
627.2296,0.8221154
627.2496,0.8221154
627.2696,0.8221154
627.2896,0.8221154
627.3096,0.8221154
627.3297,0.8221154
627.3497,0.8221154
627.3697,0.8221154
627.3897,0.8221154
627.4097,0.8221154
627.4297,0.8221154
627.4498,0.8221154
627.4698,0.8221154
627.4898,0.8221154
627.5098,0.8221154
627.5298,0.8221154
627.5499,0.8221154
627.5699,0.8221154
627.5899,0.8221154
627.6099,0.8221154
627.6299,0.8221154
627.65,0.8221154
627.67,0.8221154
627.69,0.8221154
627.71,0.8221154
627.73,0.8221154
627.7501,0.8221154
627.7701,0.8221154
627.7901,0.8221154
627.8101,0.8221154
627.8301,0.8221154
627.8502,0.8221154
627.8702,0.8221154
627.8902,0.8221154
627.9102,0.8221154
627.9302,0.8221154
627.9503,0.8221154
627.9703,0.8221154
627.9903,0.8221154
628.0103,0.8221154
628.0303,0.8221154
628.0504,0.8221154
628.0704,0.8221154
628.0904,0.8221154
628.1104,0.8221154
628.1304,0.8221154
628.1505,0.8221154
628.1705,0.8221154
628.1905,0.8221154
628.2105,0.8221154
628.2305,0.8221154
628.2505,0.8221154
628.2706,0.8221154
628.2906,0.8221154
628.3106,0.8221154
628.3306,0.8221154
628.3506,0.8221154
628.3707,0.8221154
628.3907,0.8221154
628.4107,0.8221154
628.4307,0.8221154
628.4507,0.8221154
628.4708,0.8221154
628.4908,0.8221154
628.5108,0.8221154
628.5308,0.8221154
628.5508,0.8221154
628.5709,0.8221154
628.5909,0.8221154
628.6109,0.8221154
628.6309,0.8221154
628.6509,0.8221154
628.671,0.8221154
628.691,0.8221154
628.711,0.8221154
628.731,0.8221154
628.751,0.8221154
628.7711,0.8221154
628.7911,0.8221154
628.8111,0.8221154
628.8311,0.8221154
628.8511,0.8221154
628.8712,0.8221154
628.8912,0.8221154
628.9112,0.8221154
628.9312,0.8221154
628.9512,0.8221154
628.9713,0.8221154
628.9913,0.8221154
629.0113,0.8221154
629.0313,0.8221154
629.0513,0.8221154
629.0714,0.8221154
629.0914,0.8221154
629.1114,0.8221154
629.1314,0.8221154
629.1514,0.8221154
629.1714,0.8221154
629.1915,0.8221154
629.2115,0.8221154
629.2315,0.8221154
629.2515,0.8221154
629.2715,0.8221154
629.2916,0.8221154
629.3116,0.8221154
629.3316,0.8221154
629.3516,0.8221154
629.3716,0.8221154
629.3917,0.8221154
629.4117,0.8221154
629.4317,0.8221154
629.4517,0.8221154
629.4717,0.8221154
629.4918,0.8221154
629.5118,0.8221154
629.5318,0.8221154
629.5518,0.8221154
629.5718,0.8221154
629.5919,0.8221154
629.6119,0.8221154
629.6319,0.8221154
629.6519,0.8221154
629.6719,0.8221154
629.692,0.8221154
629.712,0.8221154
629.732,0.8221154
629.752,0.8221154
629.772,0.8221154
629.7921,0.8221154
629.8121,0.8221154
629.8321,0.8221154
629.8521,0.8221154
629.8721,0.8221154
629.8922,0.8221154
629.9122,0.8221154
629.9322,0.8221154
629.9522,0.8221154
629.9722,0.8221154
629.9922,0.8221154
630.0123,0.8221154
630.0323,0.8221154
630.0523,0.8221154
630.0723,0.8221154
630.0923,0.8221154
630.1124,0.8221154
630.1324,0.8221154
630.1524,0.8221154
630.1724,0.8221154
630.1924,0.8221154
630.2125,0.8221154
630.2325,0.8221154
630.2525,0.8221154
630.2725,0.8221154
630.2925,0.8221154
630.3126,0.8221154
630.3326,0.8221154
630.3526,0.8221154
630.3726,0.8221154
630.3926,0.8221154
630.4127,0.8221154
630.4327,0.8221154
630.4527,0.8221154
630.4727,0.8221154
630.4927,0.8221154
630.5128,0.8221154
630.5328,0.8221154
630.5528,0.8221154
630.5728,0.8221154
630.5928,0.8221154
630.6129,0.8221154
630.6329,0.8221154
630.6529,0.8221154
630.6729,0.8221154
630.6929,0.8221154
630.713,0.8221154
630.733,0.8221154
630.753,0.8221154
630.773,0.8221154
630.793,0.8221154
630.813,0.8221154
630.8331,0.8221154
630.8531,0.8221154
630.8731,0.8221154
630.8931,0.8221154
630.9131,0.8221154
630.9332,0.8221154
630.9532,0.8221154
630.9732,0.8221154
630.9932,0.8221154
631.0132,0.8221154
631.0333,0.8221154
631.0533,0.8221154
631.0733,0.8221154
631.0933,0.8221154
631.1133,0.8221154
631.1334,0.8221154
631.1534,0.8221154
631.1734,0.8221154
631.1934,0.8221154
631.2134,0.8221154
631.2335,0.8221154
631.2535,0.8221154
631.2735,0.8221154
631.2935,0.8221154
631.3135,0.8221154
631.3336,0.8221154
631.3536,0.8221154
631.3736,0.8221154
631.3936,0.8221154
631.4136,0.8221154
631.4337,0.8221154
631.4537,0.8221154
631.4737,0.8221154
631.4937,0.8221154
631.5137,0.8221154
631.5338,0.8221154
631.5538,0.8221154
631.5738,0.8221154
631.5938,0.8221154
631.6138,0.8221154
631.6339,0.8221154
631.6539,0.8221154
631.6739,0.8221154
631.6939,0.8221154
631.7139,0.8221154
631.7339,0.8221154
631.754,0.8221154
631.774,0.8221154
631.794,0.8221154
631.814,0.8221154
631.834,0.8221154
631.8541,0.8221154
631.8741,0.8221154
631.8941,0.8221154
631.9141,0.8221154
631.9341,0.8221154
631.9542,0.8221154
631.9742,0.8221154
631.9942,0.8221154
632.0142,0.8221154
632.0342,0.8221154
632.0543,0.8221154
632.0743,0.8221154
632.0943,0.8221154
632.1143,0.8221154
632.1343,0.8221154
632.1544,0.8221154
632.1744,0.8221154
632.1944,0.8221154
632.2144,0.8221154
632.2344,0.8221154
632.2545,0.8221154
632.2745,0.8221154
632.2945,0.8221154
632.3145,0.8221154
632.3345,0.8221154
632.3546,0.8221154
632.3746,0.8221154
632.3946,0.8221154
632.4146,0.8221154
632.4346,0.8221154
632.4547,0.8221154
632.4747,0.8221154
632.4947,0.8221154
632.5147,0.8221154
632.5347,0.8221154
632.5547,0.8221154
632.5748,0.8221154
632.5948,0.8221154
632.6148,0.8221154
632.6348,0.8221154
632.6548,0.8221154
632.6749,0.8221154
632.6949,0.8221154
632.7149,0.8221154
632.7349,0.8221154
632.7549,0.8221154
632.775,0.8221154
632.795,0.8221154
632.815,0.8221154
632.835,0.8221154
632.855,0.8221154
632.8751,0.8221154
632.8951,0.8221154
632.9151,0.8221154
632.9351,0.8221154
632.9551,0.8221154
632.9752,0.8221154
632.9952,0.8221154
633.0152,0.8221154
633.0352,0.8221154
633.0552,0.8221154
633.0753,0.8221154
633.0953,0.8221154
633.1153,0.8221154
633.1353,0.8221154
633.1553,0.8221154
633.1754,0.8221154
633.1954,0.8221154
633.2154,0.8221154
633.2354,0.8221154
633.2554,0.8221154
633.2755,0.8221154
633.2955,0.8221154
633.3155,0.8221154
633.3355,0.8221154
633.3555,0.8221154
633.3755,0.8221154
633.3956,0.8221154
633.4156,0.8221154
633.4356,0.8221154
633.4556,0.8221154
633.4756,0.8221154
633.4957,0.8221154
633.5157,0.8221154
633.5357,0.8221154
633.5557,0.8221154
633.5757,0.8221154
633.5958,0.8221154
633.6158,0.8221154
633.6358,0.8221154
633.6558,0.8221154
633.6758,0.8221154
633.6959,0.8221154
633.7159,0.8221154
633.7359,0.8221154
633.7559,0.8221154
633.7759,0.8221154
633.796,0.8221154
633.816,0.8221154
633.836,0.8221154
633.856,0.8221154
633.876,0.8221154
633.8961,0.8221154
633.9161,0.8221154
633.9361,0.8221154
633.9561,0.8221154
633.9761,0.8221154
633.9962,0.8221154
634.0162,0.8221154
634.0362,0.8221154
634.0562,0.8221154
634.0762,0.8221154
634.0963,0.8221154
634.1163,0.8221154
634.1363,0.8221154
634.1563,0.8221154
634.1763,0.8221154
634.1964,0.8221154
634.2164,0.8221154
634.2364,0.8221154
634.2564,0.8221154
634.2764,0.8221154
634.2964,0.8221154
634.3165,0.8221154
634.3365,0.8221154
634.3565,0.8221154
634.3765,0.8221154
634.3965,0.8221154
634.4166,0.8221154
634.4366,0.8221154
634.4566,0.8221154
634.4766,0.8221154
634.4966,0.8221154
634.5167,0.8221154
634.5367,0.8221154
634.5567,0.8221154
634.5767,0.8221154
634.5967,0.8221154
634.6168,0.8221154
634.6368,0.8221154
634.6568,0.8221154
634.6768,0.8221154
634.6968,0.8221154
634.7169,0.8221154
634.7369,0.8221154
634.7569,0.8221154
634.7769,0.8221154
634.7969,0.8221154
634.817,0.8221154
634.837,0.8221154
634.857,0.8221154
634.877,0.8221154
634.897,0.8221154
634.9171,0.8221154
634.9371,0.8221154
634.9571,0.8221154
634.9771,0.8221154
634.9971,0.8221154
635.0172,0.8221154
635.0372,0.8221154
635.0572,0.8221154
635.0772,0.8221154
635.0972,0.8221154
635.1172,0.8221154
635.1373,0.8221154
635.1573,0.8221154
635.1773,0.8221154
635.1973,0.8221154
635.2173,0.8221154
635.2374,0.8221154
635.2574,0.8221154
635.2774,0.8221154
635.2974,0.8221154
635.3174,0.8221154
635.3375,0.8221154
635.3575,0.8221154
635.3775,0.8221154
635.3975,0.8221154
635.4175,0.8221154
635.4376,0.8221154
635.4576,0.8221154
635.4776,0.8221154
635.4976,0.8221154
635.5176,0.8221154
635.5377,0.8221154
635.5577,0.8221154
635.5777,0.8221154
635.5977,0.8221154
635.6177,0.8221154
635.6378,0.8221154
635.6578,0.8221154
635.6778,0.8221154
635.6978,0.8221154
635.7178,0.8221154
635.7379,0.8221154
635.7579,0.8221154
635.7779,0.8221154
635.7979,0.8221154
635.8179,0.8221154
635.838,0.8221154
635.858,0.8221154
635.878,0.8221154
635.898,0.8221154
635.918,0.8221154
635.938,0.8221154
635.9581,0.8221154
635.9781,0.8221154
635.9981,0.8221154
636.0181,0.8221154
636.0381,0.8221154
636.0582,0.8221154
636.0782,0.8221154
636.0982,0.8221154
636.1182,0.8221154
636.1382,0.8221154
636.1583,0.8221154
636.1783,0.8221154
636.1983,0.8221154
636.2183,0.8221154
636.2383,0.8221154
636.2584,0.8221154
636.2784,0.8221154
636.2984,0.8221154
636.3184,0.8221154
636.3384,0.8221154
636.3585,0.8221154
636.3785,0.8221154
636.3985,0.8221154
636.4185,0.8221154
636.4385,0.8221154
636.4586,0.8221154
636.4786,0.8221154
636.4986,0.8221154
636.5186,0.8221154
636.5386,0.8221154
636.5587,0.8221154
636.5787,0.8221154
636.5987,0.8221154
636.6187,0.8221154
636.6387,0.8221154
636.6588,0.8221154
636.6788,0.8221154
636.6988,0.8221154
636.7188,0.8221154
636.7388,0.8221154
636.7589,0.8221154
636.7789,0.8221154
636.7989,0.8221154
636.8189,0.8221154
636.8389,0.8221154
636.8589,0.8221154
636.879,0.8221154
636.899,0.8221154
636.919,0.8221154
636.939,0.8221154
636.959,0.8221154
636.9791,0.8221154
636.9991,0.8221154
637.0191,0.8221154
637.0391,0.8221154
637.0591,0.8221154
637.0792,0.8221154
637.0992,0.8221154
637.1192,0.8221154
637.1392,0.8221154
637.1592,0.8221154
637.1793,0.8221154
637.1993,0.8221154
637.2193,0.8221154
637.2393,0.8221154
637.2593,0.8221154
637.2794,0.8221154
637.2994,0.8221154
637.3194,0.8221154
637.3394,0.8221154
637.3594,0.8221154
637.3795,0.8221154
637.3995,0.8221154
637.4195,0.8221154
637.4395,0.8221154
637.4595,0.8221154
637.4796,0.8221154
637.4996,0.8221154
637.5196,0.8221154
637.5396,0.8221154
637.5596,0.8221154
637.5797,0.8221154
637.5997,0.8221154
637.6197,0.8221154
637.6397,0.8221154
637.6597,0.8221154
637.6797,0.8221154
637.6998,0.8221154
637.7198,0.8221154
637.7398,0.8221154
637.7598,0.8221154
637.7798,0.8221154
637.7999,0.8221154
637.8199,0.8221154
637.8399,0.8221154
637.8599,0.8221154
637.8799,0.8221154
637.9,0.8221154
637.92,0.8221154
637.94,0.8221154
637.96,0.8221154
637.98,0.8221154
638.0001,0.8221154
638.0201,0.8221154
638.0401,0.8221154
638.0601,0.8221154
638.0801,0.8221154
638.1002,0.8221154
638.1202,0.8221154
638.1402,0.8221154
638.1602,0.8221154
638.1802,0.8221154
638.2003,0.8221154
638.2203,0.8221154
638.2403,0.8221154
638.2603,0.8221154
638.2803,0.8221154
638.3004,0.8221154
638.3204,0.8221154
638.3404,0.8221154
638.3604,0.8221154
638.3804,0.8221154
638.4005,0.8221154
638.4205,0.8221154
638.4405,0.8221154
638.4605,0.8221154
638.4805,0.8221154
638.5005,0.8221154
638.5206,0.8221154
638.5406,0.8221154
638.5606,0.8221154
638.5806,0.8221154
638.6006,0.8221154
638.6207,0.8221154
638.6407,0.8221154
638.6607,0.8221154
638.6807,0.8221154
638.7007,0.8221154
638.7208,0.8221154
638.7408,0.8221154
638.7608,0.8221154
638.7808,0.8221154
638.8008,0.8221154
638.8209,0.8221154
638.8409,0.8221154
638.8609,0.8221154
638.8809,0.8221154
638.9009,0.8221154
638.921,0.8221154
638.941,0.8221154
638.961,0.8221154
638.981,0.8221154
639.001,0.8221154
639.0211,0.8221154
639.0411,0.8221154
639.0611,0.8221154
639.0811,0.8221154
639.1011,0.8221154
639.1212,0.8221154
639.1412,0.8221154
639.1612,0.8221154
639.1812,0.8221154
639.2012,0.8221154
639.2213,0.8221154
639.2413,0.8221154
639.2613,0.8221154
639.2813,0.8221154
639.3013,0.8221154
639.3214,0.8221154
639.3414,0.8221154
639.3614,0.8221154
639.3814,0.8221154
639.4014,0.8221154
639.4214,0.8221154
639.4415,0.8221154
639.4615,0.8221154
639.4815,0.8221154
639.5015,0.8221154
639.5215,0.8221154
639.5416,0.8221154
639.5616,0.8221154
639.5816,0.8221154
639.6016,0.8221154
639.6216,0.8221154
639.6417,0.8221154
639.6617,0.8221154
639.6817,0.8221154
639.7017,0.8221154
639.7217,0.8221154
639.7418,0.8221154
639.7618,0.8221154
639.7818,0.8221154
639.8018,0.8221154
639.8218,0.8221154
639.8419,0.8221154
639.8619,0.8221154
639.8819,0.8221154
639.9019,0.8221154
639.9219,0.8221154
639.942,0.8221154
639.962,0.8221154
639.982,0.8221154
640.002,0.8221154
640.022,0.8221154
640.0421,0.8221154
640.0621,0.8221154
640.0821,0.8221154
640.1021,0.8221154
640.1221,0.8221154
640.1422,0.8221154
640.1622,0.8221154
640.1822,0.8221154
640.2022,0.8221154
640.2222,0.8221154
640.2422,0.8221154
640.2623,0.8221154
640.2823,0.8221154
640.3023,0.8221154
640.3223,0.8221154
640.3423,0.8221154
640.3624,0.8221154
640.3824,0.8221154
640.4024,0.8221154
640.4224,0.8221154
640.4424,0.8221154
640.4625,0.8221154
640.4825,0.8221154
640.5025,0.8221154
640.5225,0.8221154
640.5425,0.8221154
640.5626,0.8221154
640.5826,0.8221154
640.6026,0.8221154
640.6226,0.8221154
640.6426,0.8221154
640.6627,0.8221154
640.6827,0.8221154
640.7027,0.8221154
640.7227,0.8221154
640.7427,0.8221154
640.7628,0.8221154
640.7828,0.8221154
640.8028,0.8221154
640.8228,0.8221154
640.8428,0.8221154
640.8629,0.8221154
640.8829,0.8221154
640.9029,0.8221154
640.9229,0.8221154
640.9429,0.8221154
640.963,0.8221154
640.983,0.8221154
641.003,0.8221154
641.023,0.8221154
641.043,0.8221154
641.063,0.8221154
641.0831,0.8221154
641.1031,0.8221154
641.1231,0.8221154
641.1431,0.8221154
641.1631,0.8221154
641.1832,0.8221154
641.2032,0.8221154
641.2232,0.8221154
641.2432,0.8221154
641.2632,0.8221154
641.2833,0.8221154
641.3033,0.8221154
641.3233,0.8221154
641.3433,0.8221154
641.3633,0.8221154
641.3834,0.8221154
641.4034,0.8221154
641.4234,0.8221154
641.4434,0.8221154
641.4634,0.8221154
641.4835,0.8221154
641.5035,0.8221154
641.5235,0.8221154
641.5435,0.8221154
641.5635,0.8221154
641.5836,0.8221154
641.6036,0.8221154
641.6236,0.8221154
641.6436,0.8221154
641.6636,0.8221154
641.6837,0.8221154
641.7037,0.8221154
641.7237,0.8221154
641.7437,0.8221154
641.7637,0.8221154
641.7838,0.8221154
641.8038,0.8221154
641.8238,0.8221154
641.8438,0.8221154
641.8638,0.8221154
641.8839,0.8221154
641.9039,0.8221154
641.9239,0.8221154
641.9439,0.8221154
641.9639,0.8221154
641.9839,0.8221154
642.004,0.8221154
642.024,0.8221154
642.044,0.8221154
642.064,0.8221154
642.084,0.8221154
642.1041,0.8221154
642.1241,0.8221154
642.1441,0.8221154
642.1641,0.8221154
642.1841,0.8221154
642.2042,0.8221154
642.2242,0.8221154
642.2442,0.8221154
642.2642,0.8221154
642.2842,0.8221154
642.3043,0.8221154
642.3243,0.8221154
642.3443,0.8221154
642.3643,0.8221154
642.3843,0.8221154
642.4044,0.8221154
642.4244,0.8221154
642.4444,0.8221154
642.4644,0.8221154
642.4844,0.8221154
642.5045,0.8221154
642.5245,0.8221154
642.5445,0.8221154
642.5645,0.8221154
642.5845,0.8221154
642.6046,0.8221154
642.6246,0.8221154
642.6446,0.8221154
642.6646,0.8221154
642.6846,0.8221154
642.7047,0.8221154
642.7247,0.8221154
642.7447,0.8221154
642.7647,0.8221154
642.7847,0.8221154
642.8047,0.8221154
642.8248,0.8221154
642.8448,0.8221154
642.8648,0.8221154
642.8848,0.8221154
642.9048,0.8221154
642.9249,0.8221154
642.9449,0.8221154
642.9649,0.8221154
642.9849,0.8221154
643.0049,0.8221154
643.025,0.8221154
643.045,0.8221154
643.065,0.8221154
643.085,0.8221154
643.105,0.8221154
643.1251,0.8221154
643.1451,0.8221154
643.1651,0.8221154
643.1851,0.8221154
643.2051,0.8221154
643.2252,0.8221154
643.2452,0.8221154
643.2652,0.8221154
643.2852,0.8221154
643.3052,0.8221154
643.3253,0.8221154
643.3453,0.8221154
643.3653,0.8221154
643.3853,0.8221154
643.4053,0.8221154
643.4254,0.8221154
643.4454,0.8221154
643.4654,0.8221154
643.4854,0.8221154
643.5054,0.8221154
643.5255,0.8221154
643.5455,0.8221154
643.5655,0.8221154
643.5855,0.8221154
643.6055,0.8221154
643.6255,0.8221154
643.6456,0.8221154
643.6656,0.8221154
643.6856,0.8221154
643.7056,0.8221154
643.7256,0.8221154
643.7457,0.8221154
643.7657,0.8221154
643.7857,0.8221154
643.8057,0.8221154
643.8257,0.8221154
643.8458,0.8221154
643.8658,0.8221154
643.8858,0.8221154
643.9058,0.8221154
643.9258,0.8221154
643.9459,0.8221154
643.9659,0.8221154
643.9859,0.8221154
644.0059,0.8221154
644.0259,0.8221154
644.046,0.8221154
644.066,0.8221154
644.086,0.8221154
644.106,0.8221154
644.126,0.8221154
644.1461,0.8221154
644.1661,0.8221154
644.1861,0.8221154
644.2061,0.8221154
644.2261,0.8221154
644.2462,0.8221154
644.2662,0.8221154
644.2862,0.8221154
644.3062,0.8221154
644.3262,0.8221154
644.3463,0.8221154
644.3663,0.8221154
644.3863,0.8221154
644.4063,0.8221154
644.4263,0.8221154
644.4464,0.8221154
644.4664,0.8221154
644.4864,0.8221154
644.5064,0.8221154
644.5264,0.8221154
644.5464,0.8221154
644.5665,0.8221154
644.5865,0.8221154
644.6065,0.8221154
644.6265,0.8221154
644.6465,0.8221154
644.6666,0.8221154
644.6866,0.8221154
644.7066,0.8221154
644.7266,0.8221154
644.7466,0.8221154
644.7667,0.8221154
644.7867,0.8221154
644.8067,0.8221154
644.8267,0.8221154
644.8467,0.8221154
644.8668,0.8221154
644.8868,0.8221154
644.9068,0.8221154
644.9268,0.8221154
644.9468,0.8221154
644.9669,0.8221154
644.9869,0.8221154
645.0069,0.8221154
645.0269,0.8221154
645.0469,0.8221154
645.067,0.8221154
645.087,0.8221154
645.107,0.8221154
645.127,0.8221154
645.147,0.8221154
645.1671,0.8221154
645.1871,0.8221154
645.2071,0.8221154
645.2271,0.8221154
645.2471,0.8221154
645.2672,0.8221154
645.2872,0.8221154
645.3072,0.8221154
645.3272,0.8221154
645.3472,0.8221154
645.3672,0.8221154
645.3873,0.8221154
645.4073,0.8221154
645.4273,0.8221154
645.4473,0.8221154
645.4673,0.8221154
645.4874,0.8221154
645.5074,0.8221154
645.5274,0.8221154
645.5474,0.8221154
645.5674,0.8221154
645.5875,0.8221154
645.6075,0.8221154
645.6275,0.8221154
645.6475,0.8221154
645.6675,0.8221154
645.6876,0.8221154
645.7076,0.8221154
645.7276,0.8221154
645.7476,0.8221154
645.7676,0.8221154
645.7877,0.8221154
645.8077,0.8221154
645.8277,0.8221154
645.8477,0.8221154
645.8677,0.8221154
645.8878,0.8221154
645.9078,0.8221154
645.9278,0.8221154
645.9478,0.8221154
645.9678,0.8221154
645.9879,0.8221154
646.0079,0.8221154
646.0279,0.8221154
646.0479,0.8221154
646.0679,0.8221154
646.088,0.8221154
646.108,0.8221154
646.128,0.8221154
646.148,0.8221154
646.168,0.8221154
646.188,0.8221154
646.2081,0.8221154
646.2281,0.8221154
646.2481,0.8221154
646.2681,0.8221154
646.2881,0.8221154
646.3082,0.8221154
646.3282,0.8221154
646.3482,0.8221154
646.3682,0.8221154
646.3882,0.8221154
646.4083,0.8221154
646.4283,0.8221154
646.4483,0.8221154
646.4683,0.8221154
646.4883,0.8221154
646.5084,0.8221154
646.5284,0.8221154
646.5484,0.8221154
646.5684,0.8221154
646.5884,0.8221154
646.6085,0.8221154
646.6285,0.8221154
646.6485,0.8221154
646.6685,0.8221154
646.6885,0.8221154
646.7086,0.8221154
646.7286,0.8221154
646.7486,0.8221154
646.7686,0.8221154
646.7886,0.8221154
646.8087,0.8221154
646.8287,0.8221154
646.8487,0.8221154
646.8687,0.8221154
646.8887,0.8221154
646.9088,0.8221154
646.9288,0.8221154
646.9488,0.8221154
646.9688,0.8221154
646.9888,0.8221154
647.0089,0.8221154
647.0289,0.8221154
647.0489,0.8221154
647.0689,0.8221154
647.0889,0.8221154
647.1089,0.8221154
647.129,0.8221154
647.149,0.8221154
647.169,0.8221154
647.189,0.8221154
647.209,0.8221154
647.2291,0.8221154
647.2491,0.8221154
647.2691,0.8221154
647.2891,0.8221154
647.3091,0.8221154
647.3292,0.8221154
647.3492,0.8221154
647.3692,0.8221154
647.3892,0.8221154
647.4092,0.8221154
647.4293,0.8221154
647.4493,0.8221154
647.4693,0.8221154
647.4893,0.8221154
647.5093,0.8221154
647.5294,0.8221154
647.5494,0.8221154
647.5694,0.8221154
647.5894,0.8221154
647.6094,0.8221154
647.6295,0.8221154
647.6495,0.8221154
647.6695,0.8221154
647.6895,0.8221154
647.7095,0.8221154
647.7296,0.8221154
647.7496,0.8221154
647.7696,0.8221154
647.7896,0.8221154
647.8096,0.8221154
647.8297,0.8221154
647.8497,0.8221154
647.8697,0.8221154
647.8897,0.8221154
647.9097,0.8221154
647.9297,0.8221154
647.9498,0.8221154
647.9698,0.8221154
647.9898,0.8221154
648.0098,0.8221154
648.0298,0.8221154
648.0499,0.8221154
648.0699,0.8221154
648.0899,0.8221154
648.1099,0.8221154
648.1299,0.8221154
648.15,0.8221154
648.17,0.8221154
648.19,0.8221154
648.21,0.8221154
648.23,0.8221154
648.2501,0.8221154
648.2701,0.8221154
648.2901,0.8221154
648.3101,0.8221154
648.3301,0.8221154
648.3502,0.8221154
648.3702,0.8221154
648.3902,0.8221154
648.4102,0.8221154
648.4302,0.8221154
648.4503,0.8221154
648.4703,0.8221154
648.4903,0.8221154
648.5103,0.8221154
648.5303,0.8221154
648.5504,0.8221154
648.5704,0.8221154
648.5904,0.8221154
648.6104,0.8221154
648.6304,0.8221154
648.6505,0.8221154
648.6705,0.8221154
648.6905,0.8221154
648.7105,0.8221154
648.7305,0.8221154
648.7505,0.8221154
648.7706,0.8221154
648.7906,0.8221154
648.8106,0.8221154
648.8306,0.8221154
648.8506,0.8221154
648.8707,0.8221154
648.8907,0.8221154
648.9107,0.8221154
648.9307,0.8221154
648.9507,0.8221154
648.9708,0.8221154
648.9908,0.8221154
649.0108,0.8221154
649.0308,0.8221154
649.0508,0.8221154
649.0709,0.8221154
649.0909,0.8221154
649.1109,0.8221154
649.1309,0.8221154
649.1509,0.8221154
649.171,0.8221154
649.191,0.8221154
649.211,0.8221154
649.231,0.8221154
649.251,0.8221154
649.2711,0.8221154
649.2911,0.8221154
649.3111,0.8221154
649.3311,0.8221154
649.3511,0.8221154
649.3712,0.8221154
649.3912,0.8221154
649.4112,0.8221154
649.4312,0.8221154
649.4512,0.8221154
649.4713,0.8221154
649.4913,0.8221154
649.5113,0.8221154
649.5313,0.8221154
649.5513,0.8221154
649.5714,0.8221154
649.5914,0.8221154
649.6114,0.8221154
649.6314,0.8221154
649.6514,0.8221154
649.6714,0.8221154
649.6915,0.8221154
649.7115,0.8221154
649.7315,0.8221154
649.7515,0.8221154
649.7715,0.8221154
649.7916,0.8221154
649.8116,0.8221154
649.8316,0.8221154
649.8516,0.8221154
649.8716,0.8221154
649.8917,0.8221154
649.9117,0.8221154
649.9317,0.8221154
649.9517,0.8221154
649.9717,0.8221154
649.9918,0.8221154
650.0118,0.8221154
650.0318,0.8221154
650.0518,0.8221154
650.0718,0.8221154
650.0919,0.8221154
650.1119,0.8221154
650.1319,0.8221154
650.1519,0.8221154
650.1719,0.8221154
650.192,0.8221154
650.212,0.8221154
650.232,0.8221154
650.252,0.8221154
650.272,0.8221154
650.2921,0.8221154
650.3121,0.8221154
650.3321,0.8221154
650.3521,0.8221154
650.3721,0.8221154
650.3922,0.8221154
650.4122,0.8221154
650.4322,0.8221154
650.4522,0.8221154
650.4722,0.8221154
650.4922,0.8221154
650.5123,0.8221154
650.5323,0.8221154
650.5523,0.8221154
650.5723,0.8221154
650.5923,0.8221154
650.6124,0.8221154
650.6324,0.8221154
650.6524,0.8221154
650.6724,0.8221154
650.6924,0.8221154
650.7125,0.8221154
650.7325,0.8221154
650.7525,0.8221154
650.7725,0.8221154
650.7925,0.8221154
650.8126,0.8221154
650.8326,0.8221154
650.8526,0.8221154
650.8726,0.8221154
650.8926,0.8221154
650.9127,0.8221154
650.9327,0.8221154
650.9527,0.8221154
650.9727,0.8221154
650.9927,0.8221154
651.0128,0.8221154
651.0328,0.8221154
651.0528,0.8221154
651.0728,0.8221154
651.0928,0.8221154
651.1129,0.8221154
651.1329,0.8221154
651.1529,0.8221154
651.1729,0.8221154
651.1929,0.8221154
651.213,0.8221154
651.233,0.8221154
651.253,0.8221154
651.273,0.8221154
651.293,0.8221154
651.313,0.8221154
651.3331,0.8221154
651.3531,0.8221154
651.3731,0.8221154
651.3931,0.8221154
651.4131,0.8221154
651.4332,0.8221154
651.4532,0.8221154
651.4732,0.8221154
651.4932,0.8221154
651.5132,0.8221154
651.5333,0.8221154
651.5533,0.8221154
651.5733,0.8221154
651.5933,0.8221154
651.6133,0.8221154
651.6334,0.8221154
651.6534,0.8221154
651.6734,0.8221154
651.6934,0.8221154
651.7134,0.8221154
651.7335,0.8221154
651.7535,0.8221154
651.7735,0.8221154
651.7935,0.8221154
651.8135,0.8221154
651.8336,0.8221154
651.8536,0.8221154
651.8736,0.8221154
651.8936,0.8221154
651.9136,0.8221154
651.9337,0.8221154
651.9537,0.8221154
651.9737,0.8221154
651.9937,0.8221154
652.0137,0.8221154
652.0338,0.8221154
652.0538,0.8221154
652.0738,0.8221154
652.0938,0.8221154
652.1138,0.8221154
652.1339,0.8221154
652.1539,0.8221154
652.1739,0.8221154
652.1939,0.8221154
652.2139,0.8221154
652.2339,0.8221154
652.254,0.8221154
652.274,0.8221154
652.294,0.8221154
652.314,0.8221154
652.334,0.8221154
652.3541,0.8221154
652.3741,0.8221154
652.3941,0.8221154
652.4141,0.8221154
652.4341,0.8221154
652.4542,0.8221154
652.4742,0.8221154
652.4942,0.8221154
652.5142,0.8221154
652.5342,0.8221154
652.5543,0.8221154
652.5743,0.8221154
652.5943,0.8221154
652.6143,0.8221154
652.6343,0.8221154
652.6544,0.8221154
652.6744,0.8221154
652.6944,0.8221154
652.7144,0.8221154
652.7344,0.8221154
652.7545,0.8221154
652.7745,0.8221154
652.7945,0.8221154
652.8145,0.8221154
652.8345,0.8221154
652.8546,0.8221154
652.8746,0.8221154
652.8946,0.8221154
652.9146,0.8221154
652.9346,0.8221154
652.9547,0.8221154
652.9747,0.8221154
652.9947,0.8221154
653.0147,0.8221154
653.0347,0.8221154
653.0547,0.8221154
653.0748,0.8221154
653.0948,0.8221154
653.1148,0.8221154
653.1348,0.8221154
653.1548,0.8221154
653.1749,0.8221154
653.1949,0.8221154
653.2149,0.8221154
653.2349,0.8221154
653.2549,0.8221154
653.275,0.8221154
653.295,0.8221154
653.315,0.8221154
653.335,0.8221154
653.355,0.8221154
653.3751,0.8221154
653.3951,0.8221154
653.4151,0.8221154
653.4351,0.8221154
653.4551,0.8221154
653.4752,0.8221154
653.4952,0.8221154
653.5152,0.8221154
653.5352,0.8221154
653.5552,0.8221154
653.5753,0.8221154
653.5953,0.8221154
653.6153,0.8221154
653.6353,0.8221154
653.6553,0.8221154
653.6754,0.8221154
653.6954,0.8221154
653.7154,0.8221154
653.7354,0.8221154
653.7554,0.8221154
653.7755,0.8221154
653.7955,0.8221154
653.8155,0.8221154
653.8355,0.8221154
653.8555,0.8221154
653.8755,0.8221154
653.8956,0.8221154
653.9156,0.8221154
653.9356,0.8221154
653.9556,0.8221154
653.9756,0.8221154
653.9957,0.8221154
654.0157,0.8221154
654.0357,0.8221154
654.0557,0.8221154
654.0757,0.8221154
654.0958,0.8221154
654.1158,0.8221154
654.1358,0.8221154
654.1558,0.8221154
654.1758,0.8221154
654.1959,0.8221154
654.2159,0.8221154
654.2359,0.8221154
654.2559,0.8221154
654.2759,0.8221154
654.296,0.8221154
654.316,0.8221154
654.336,0.8221154
654.356,0.8221154
654.376,0.8221154
654.3961,0.8221154
654.4161,0.8221154
654.4361,0.8221154
654.4561,0.8221154
654.4761,0.8221154
654.4962,0.8221154
654.5162,0.8221154
654.5362,0.8221154
654.5562,0.8221154
654.5762,0.8221154
654.5963,0.8221154
654.6163,0.8221154
654.6363,0.8221154
654.6563,0.8221154
654.6763,0.8221154
654.6964,0.8221154
654.7164,0.8221154
654.7364,0.8221154
654.7564,0.8221154
654.7764,0.8221154
654.7964,0.8221154
654.8165,0.8221154
654.8365,0.8221154
654.8565,0.8221154
654.8765,0.8221154
654.8965,0.8221154
654.9166,0.8221154
654.9366,0.8221154
654.9566,0.8221154
654.9766,0.8221154
654.9966,0.8221154
655.0167,0.8221154
655.0367,0.8221154
655.0567,0.8221154
655.0767,0.8221154
655.0967,0.8221154
655.1168,0.8221154
655.1368,0.8221154
655.1568,0.8221154
655.1768,0.8221154
655.1968,0.8221154
655.2169,0.8221154
655.2369,0.8221154
655.2569,0.8221154
655.2769,0.8221154
655.2969,0.8221154
655.317,0.8221154
655.337,0.8221154
655.357,0.8221154
655.377,0.8221154
655.397,0.8221154
655.4171,0.8221154
655.4371,0.8221154
655.4571,0.8221154
655.4771,0.8221154
655.4971,0.8221154
655.5172,0.8221154
655.5372,0.8221154
655.5572,0.8221154
655.5772,0.8221154
655.5972,0.8221154
655.6172,0.8221154
655.6373,0.8221154
655.6573,0.8221154
655.6773,0.8221154
655.6973,0.8221154
655.7173,0.8221154
655.7374,0.8221154
655.7574,0.8221154
655.7774,0.8221154
655.7974,0.8221154
655.8174,0.8221154
655.8375,0.8221154
655.8575,0.8221154
655.8775,0.8221154
655.8975,0.8221154
655.9175,0.8221154
655.9376,0.8221154
655.9576,0.8221154
655.9776,0.8221154
655.9976,0.8221154
656.0176,0.8221154
656.0377,0.8221154
656.0577,0.8221154
656.0777,0.8221154
656.0977,0.8221154
656.1177,0.8221154
656.1378,0.8221154
656.1578,0.8221154
656.1778,0.8221154
656.1978,0.8221154
656.2178,0.8221154
656.2379,0.8221154
656.2579,0.8221154
656.2779,0.8221154
656.2979,0.8221154
656.3179,0.8221154
656.338,0.8221154
656.358,0.8221154
656.378,0.8221154
656.398,0.8221154
656.418,0.8221154
656.438,0.8221154
656.4581,0.8221154
656.4781,0.8221154
656.4981,0.8221154
656.5181,0.8221154
656.5381,0.8221154
656.5582,0.8221154
656.5782,0.8221154
656.5982,0.8221154
656.6182,0.8221154
656.6382,0.8221154
656.6583,0.8221154
656.6783,0.8221154
656.6983,0.8221154
656.7183,0.8221154
656.7383,0.8221154
656.7584,0.8221154
656.7784,0.8221154
656.7984,0.8221154
656.8184,0.8221154
656.8384,0.8221154
656.8585,0.8221154
656.8785,0.8221154
656.8985,0.8221154
656.9185,0.8221154
656.9385,0.8221154
656.9586,0.8221154
656.9786,0.8221154
656.9986,0.8221154
657.0186,0.8221154
657.0386,0.8221154
657.0587,0.8221154
657.0787,0.8221154
657.0987,0.8221154
657.1187,0.8221154
657.1387,0.8221154
657.1588,0.8221154
657.1788,0.8221154
657.1988,0.8221154
657.2188,0.8221154
657.2388,0.8221154
657.2589,0.8221154
657.2789,0.8221154
657.2989,0.8221154
657.3189,0.8221154
657.3389,0.8221154
657.3589,0.8221154
657.379,0.8221154
657.399,0.8221154
657.419,0.8221154
657.439,0.8221154
657.459,0.8221154
657.4791,0.8221154
657.4991,0.8221154
657.5191,0.8221154
657.5391,0.8221154
657.5591,0.8221154
657.5792,0.8221154
657.5992,0.8221154
657.6192,0.8221154
657.6392,0.8221154
657.6592,0.8221154
657.6793,0.8221154
657.6993,0.8221154
657.7193,0.8221154
657.7393,0.8221154
657.7593,0.8221154
657.7794,0.8221154
657.7994,0.8221154
657.8194,0.8221154
657.8394,0.8221154
657.8594,0.8221154
657.8795,0.8221154
657.8995,0.8221154
657.9195,0.8221154
657.9395,0.8221154
657.9595,0.8221154
657.9796,0.8221154
657.9996,0.8221154
658.0196,0.8221154
658.0396,0.8221154
658.0596,0.8221154
658.0797,0.8221154
658.0997,0.8221154
658.1197,0.8221154
658.1397,0.8221154
658.1597,0.8221154
658.1797,0.8221154
658.1998,0.8221154
658.2198,0.8221154
658.2398,0.8221154
658.2598,0.8221154
658.2798,0.8221154
658.2999,0.8221154
658.3199,0.8221154
658.3399,0.8221154
658.3599,0.8221154
658.3799,0.8221154
658.4,0.8221154
658.42,0.8221154
658.44,0.8221154
658.46,0.8221154
658.48,0.8221154
658.5001,0.8221154
658.5201,0.8221154
658.5401,0.8221154
658.5601,0.8221154
658.5801,0.8221154
658.6002,0.8221154
658.6202,0.8221154
658.6402,0.8221154
658.6602,0.8221154
658.6802,0.8221154
658.7003,0.8221154
658.7203,0.8221154
658.7403,0.8221154
658.7603,0.8221154
658.7803,0.8221154
658.8004,0.8221154
658.8204,0.8221154
658.8404,0.8221154
658.8604,0.8221154
658.8804,0.8221154
658.9005,0.8221154
658.9205,0.8221154
658.9405,0.8221154
658.9605,0.8221154
658.9805,0.8221154
659.0005,0.8221154
659.0206,0.8221154
659.0406,0.8221154
659.0606,0.8221154
659.0806,0.8221154
659.1006,0.8221154
659.1207,0.8221154
659.1407,0.8221154
659.1607,0.8221154
659.1807,0.8221154
659.2007,0.8221154
659.2208,0.8221154
659.2408,0.8221154
659.2608,0.8221154
659.2808,0.8221154
659.3008,0.8221154
659.3209,0.8221154
659.3409,0.8221154
659.3609,0.8221154
659.3809,0.8221154
659.4009,0.8221154
659.421,0.8221154
659.441,0.8221154
659.461,0.8221154
659.481,0.8221154
659.501,0.8221154
659.5211,0.8221154
659.5411,0.8221154
659.5611,0.8221154
659.5811,0.8221154
659.6011,0.8221154
659.6212,0.8221154
659.6412,0.8221154
659.6612,0.8221154
659.6812,0.8221154
659.7012,0.8221154
659.7213,0.8221154
659.7413,0.8221154
659.7613,0.8221154
659.7813,0.8221154
659.8013,0.8221154
659.8214,0.8221154
659.8414,0.8221154
659.8614,0.8221154
659.8814,0.8221154
659.9014,0.8221154
659.9214,0.8221154
659.9415,0.8221154
659.9615,0.8221154
659.9815,0.8221154
660.0015,0.8221154
660.0215,0.8221154
660.0416,0.8221154
660.0616,0.8221154
660.0816,0.8221154
660.1016,0.8221154
660.1216,0.8221154
660.1417,0.8221154
660.1617,0.8221154
660.1817,0.8221154
660.2017,0.8221154
660.2217,0.8221154
660.2418,0.8221154
660.2618,0.8221154
660.2818,0.8221154
660.3018,0.8221154
660.3218,0.8221154
660.3419,0.8221154
660.3619,0.8221154
660.3819,0.8221154
660.4019,0.8221154
660.4219,0.8221154
660.442,0.8221154
660.462,0.8221154
660.482,0.8221154
660.502,0.8221154
660.522,0.8221154
660.5421,0.8221154
660.5621,0.8221154
660.5821,0.8221154
660.6021,0.8221154
660.6221,0.8221154
660.6422,0.8221154
660.6622,0.8221154
660.6822,0.8221154
660.7022,0.8221154
660.7222,0.8221154
660.7422,0.8221154
660.7623,0.8221154
660.7823,0.8221154
660.8023,0.8221154
660.8223,0.8221154
660.8423,0.8221154
660.8624,0.8221154
660.8824,0.8221154
660.9024,0.8221154
660.9224,0.8221154
660.9424,0.8221154
660.9625,0.8221154
660.9825,0.8221154
661.0025,0.8221154
661.0225,0.8221154
661.0425,0.8221154
661.0626,0.8221154
661.0826,0.8221154
661.1026,0.8221154
661.1226,0.8221154
661.1426,0.8221154
661.1627,0.8221154
661.1827,0.8221154
661.2027,0.8221154
661.2227,0.8221154
661.2427,0.8221154
661.2628,0.8221154
661.2828,0.8221154
661.3028,0.8221154
661.3228,0.8221154
661.3428,0.8221154
661.3629,0.8221154
661.3829,0.8221154
661.4029,0.8221154
661.4229,0.8221154
661.4429,0.8221154
661.463,0.8221154
661.483,0.8221154
661.503,0.8221154
661.523,0.8221154
661.543,0.8221154
661.563,0.8221154
661.5831,0.8221154
661.6031,0.8221154
661.6231,0.8221154
661.6431,0.8221154
661.6631,0.8221154
661.6832,0.8221154
661.7032,0.8221154
661.7232,0.8221154
661.7432,0.8221154
661.7632,0.8221154
661.7833,0.8221154
661.8033,0.8221154
661.8233,0.8221154
661.8433,0.8221154
661.8633,0.8221154
661.8834,0.8221154
661.9034,0.8221154
661.9234,0.8221154
661.9434,0.8221154
661.9634,0.8221154
661.9835,0.8221154
662.0035,0.8221154
662.0235,0.8221154
662.0435,0.8221154
662.0635,0.8221154
662.0836,0.8221154
662.1036,0.8221154
662.1236,0.8221154
662.1436,0.8221154
662.1636,0.8221154
662.1837,0.8221154
662.2037,0.8221154
662.2237,0.8221154
662.2437,0.8221154
662.2637,0.8221154
662.2838,0.8221154
662.3038,0.8221154
662.3238,0.8221154
662.3438,0.8221154
662.3638,0.8221154
662.3839,0.8221154
662.4039,0.8221154
662.4239,0.8221154
662.4439,0.8221154
662.4639,0.8221154
662.4839,0.8221154
662.504,0.8221154
662.524,0.8221154
662.544,0.8221154
662.564,0.8221154
662.584,0.8221154
662.6041,0.8221154
662.6241,0.8221154
662.6441,0.8221154
662.6641,0.8221154
662.6841,0.8221154
662.7042,0.8221154
662.7242,0.8221154
662.7442,0.8221154
662.7642,0.8221154
662.7842,0.8221154
662.8043,0.8221154
662.8243,0.8221154
662.8443,0.8221154
662.8643,0.8221154
662.8843,0.8221154
662.9044,0.8221154
662.9244,0.8221154
662.9444,0.8221154
662.9644,0.8221154
662.9844,0.8221154
663.0045,0.8221154
663.0245,0.8221154
663.0445,0.8221154
663.0645,0.8221154
663.0845,0.8221154
663.1046,0.8221154
663.1246,0.8221154
663.1446,0.8221154
663.1646,0.8221154
663.1846,0.8221154
663.2047,0.8221154
663.2247,0.8221154
663.2447,0.8221154
663.2647,0.8221154
663.2847,0.8221154
663.3047,0.8221154
663.3248,0.8221154
663.3448,0.8221154
663.3648,0.8221154
663.3848,0.8221154
663.4048,0.8221154
663.4249,0.8221154
663.4449,0.8221154
663.4649,0.8221154
663.4849,0.8221154
663.5049,0.8221154
663.525,0.8221154
663.545,0.8221154
663.565,0.8221154
663.585,0.8221154
663.605,0.8221154
663.6251,0.8221154
663.6451,0.8221154
663.6651,0.8221154
663.6851,0.8221154
663.7051,0.8221154
663.7252,0.8221154
663.7452,0.8221154
663.7652,0.8221154
663.7852,0.8221154
663.8052,0.8221154
663.8253,0.8221154
663.8453,0.8221154
663.8653,0.8221154
663.8853,0.8221154
663.9053,0.8221154
663.9254,0.8221154
663.9454,0.8221154
663.9654,0.8221154
663.9854,0.8221154
664.0054,0.8221154
664.0255,0.8221154
664.0455,0.8221154
664.0655,0.8221154
664.0855,0.8221154
664.1055,0.8221154
664.1255,0.8221154
664.1456,0.8221154
664.1656,0.8221154
664.1856,0.8221154
664.2056,0.8221154
664.2256,0.8221154
664.2457,0.8221154
664.2657,0.8221154
664.2857,0.8221154
664.3057,0.8221154
664.3257,0.8221154
664.3458,0.8221154
664.3658,0.8221154
664.3858,0.8221154
664.4058,0.8221154
664.4258,0.8221154
664.4459,0.8221154
664.4659,0.8221154
664.4859,0.8221154
664.5059,0.8221154
664.5259,0.8221154
664.546,0.8221154
664.566,0.8221154
664.586,0.8221154
664.606,0.8221154
664.626,0.8221154
664.6461,0.8221154
664.6661,0.8221154
664.6861,0.8221154
664.7061,0.8221154
664.7261,0.8221154
664.7462,0.8221154
664.7662,0.8221154
664.7862,0.8221154
664.8062,0.8221154
664.8262,0.8221154
664.8463,0.8221154
664.8663,0.8221154
664.8863,0.8221154
664.9063,0.8221154
664.9263,0.8221154
664.9464,0.8221154
664.9664,0.8221154
664.9864,0.8221154
665.0064,0.8221154
665.0264,0.8221154
665.0464,0.8221154
665.0665,0.8221154
665.0865,0.8221154
665.1065,0.8221154
665.1265,0.8221154
665.1465,0.8221154
665.1666,0.8221154
665.1866,0.8221154
665.2066,0.8221154
665.2266,0.8221154
665.2466,0.8221154
665.2667,0.8221154
665.2867,0.8221154
665.3067,0.8221154
665.3267,0.8221154
665.3467,0.8221154
665.3668,0.8221154
665.3868,0.8221154
665.4068,0.8221154
665.4268,0.8221154
665.4468,0.8221154
665.4669,0.8221154
665.4869,0.8221154
665.5069,0.8221154
665.5269,0.8221154
665.5469,0.8221154
665.567,0.8221154
665.587,0.8221154
665.607,0.8221154
665.627,0.8221154
665.647,0.8221154
665.6671,0.8221154
665.6871,0.8221154
665.7071,0.8221154
665.7271,0.8221154
665.7471,0.8221154
665.7672,0.8221154
665.7872,0.8221154
665.8072,0.8221154
665.8272,0.8221154
665.8472,0.8221154
665.8672,0.8221154
665.8873,0.8221154
665.9073,0.8221154
665.9273,0.8221154
665.9473,0.8221154
665.9673,0.8221154
665.9874,0.8221154
666.0074,0.8221154
666.0274,0.8221154
666.0474,0.8221154
666.0674,0.8221154
666.0875,0.8221154
666.1075,0.8221154
666.1275,0.8221154
666.1475,0.8221154
666.1675,0.8221154
666.1876,0.8221154
666.2076,0.8221154
666.2276,0.8221154
666.2476,0.8221154
666.2676,0.8221154
666.2877,0.8221154
666.3077,0.8221154
666.3277,0.8221154
666.3477,0.8221154
666.3677,0.8221154
666.3878,0.8221154
666.4078,0.8221154
666.4278,0.8221154
666.4478,0.8221154
666.4678,0.8221154
666.4879,0.8221154
666.5079,0.8221154
666.5279,0.8221154
666.5479,0.8221154
666.5679,0.8221154
666.588,0.8221154
666.608,0.8221154
666.628,0.8221154
666.648,0.8221154
666.668,0.8221154
666.688,0.8221154
666.7081,0.8221154
666.7281,0.8221154
666.7481,0.8221154
666.7681,0.8221154
666.7881,0.8221154
666.8082,0.8221154
666.8282,0.8221154
666.8482,0.8221154
666.8682,0.8221154
666.8882,0.8221154
666.9083,0.8221154
666.9283,0.8221154
666.9483,0.8221154
666.9683,0.8221154
666.9883,0.8221154
667.0084,0.8221154
667.0284,0.8221154
667.0484,0.8221154
667.0684,0.8221154
667.0884,0.8221154
667.1085,0.8221154
667.1285,0.8221154
667.1485,0.8221154
667.1685,0.8221154
667.1885,0.8221154
667.2086,0.8221154
667.2286,0.8221154
667.2486,0.8221154
667.2686,0.8221154
667.2886,0.8221154
667.3087,0.8221154
667.3287,0.8221154
667.3487,0.8221154
667.3687,0.8221154
667.3887,0.8221154
667.4088,0.8221154
667.4288,0.8221154
667.4488,0.8221154
667.4688,0.8221154
667.4888,0.8221154
667.5089,0.8221154
667.5289,0.8221154
667.5489,0.8221154
667.5689,0.8221154
667.5889,0.8221154
667.6089,0.8221154
667.629,0.8221154
667.649,0.8221154
667.669,0.8221154
667.689,0.8221154
667.709,0.8221154
667.7291,0.8221154
667.7491,0.8221154
667.7691,0.8221154
667.7891,0.8221154
667.8091,0.8221154
667.8292,0.8221154
667.8492,0.8221154
667.8692,0.8221154
667.8892,0.8221154
667.9092,0.8221154
667.9293,0.8221154
667.9493,0.8221154
667.9693,0.8221154
667.9893,0.8221154
668.0093,0.8221154
668.0294,0.8221154
668.0494,0.8221154
668.0694,0.8221154
668.0894,0.8221154
668.1094,0.8221154
668.1295,0.8221154
668.1495,0.8221154
668.1695,0.8221154
668.1895,0.8221154
668.2095,0.8221154
668.2296,0.8221154
668.2496,0.8221154
668.2696,0.8221154
668.2896,0.8221154
668.3096,0.8221154
668.3297,0.8221154
668.3497,0.8221154
668.3697,0.8221154
668.3897,0.8221154
668.4097,0.8221154
668.4297,0.8221154
668.4498,0.8221154
668.4698,0.8221154
668.4898,0.8221154
668.5098,0.8221154
668.5298,0.8221154
668.5499,0.8221154
668.5699,0.8221154
668.5899,0.8221154
668.6099,0.8221154
668.6299,0.8221154
668.65,0.8221154
668.67,0.8221154
668.69,0.8221154
668.71,0.8221154
668.73,0.8221154
668.7501,0.8221154
668.7701,0.8221154
668.7901,0.8221154
668.8101,0.8221154
668.8301,0.8221154
668.8502,0.8221154
668.8702,0.8221154
668.8902,0.8221154
668.9102,0.8221154
668.9302,0.8221154
668.9503,0.8221154
668.9703,0.8221154
668.9903,0.8221154
669.0103,0.8221154
669.0303,0.8221154
669.0504,0.8221154
669.0704,0.8221154
669.0904,0.8221154
669.1104,0.8221154
669.1304,0.8221154
669.1505,0.8221154
669.1705,0.8221154
669.1905,0.8221154
669.2105,0.8221154
669.2305,0.8221154
669.2505,0.8221154
669.2706,0.8221154
669.2906,0.8221154
669.3106,0.8221154
669.3306,0.8221154
669.3506,0.8221154
669.3707,0.8221154
669.3907,0.8221154
669.4107,0.8221154
669.4307,0.8221154
669.4507,0.8221154
669.4708,0.8221154
669.4908,0.8221154
669.5108,0.8221154
669.5308,0.8221154
669.5508,0.8221154
669.5709,0.8221154
669.5909,0.8221154
669.6109,0.8221154
669.6309,0.8221154
669.6509,0.8221154
669.671,0.8221154
669.691,0.8221154
669.711,0.8221154
669.731,0.8221154
669.751,0.8221154
669.7711,0.8221154
669.7911,0.8221154
669.8111,0.8221154
669.8311,0.8221154
669.8511,0.8221154
669.8712,0.8221154
669.8912,0.8221154
669.9112,0.8221154
669.9312,0.8221154
669.9512,0.8221154
669.9713,0.8221154
669.9913,0.8221154
670.0113,0.8221154
670.0313,0.8221154
670.0513,0.8221154
670.0714,0.8221154
670.0914,0.8221154
670.1114,0.8221154
670.1314,0.8221154
670.1514,0.8221154
670.1714,0.8221154
670.1915,0.8221154
670.2115,0.8221154
670.2315,0.8221154
670.2515,0.8221154
670.2715,0.8221154
670.2916,0.8221154
670.3116,0.8221154
670.3316,0.8221154
670.3516,0.8221154
670.3716,0.8221154
670.3917,0.8221154
670.4117,0.8221154
670.4317,0.8221154
670.4517,0.8221154
670.4717,0.8221154
670.4918,0.8221154
670.5118,0.8221154
670.5318,0.8221154
670.5518,0.8221154
670.5718,0.8221154
670.5919,0.8221154
670.6119,0.8221154
670.6319,0.8221154
670.6519,0.8221154
670.6719,0.8221154
670.692,0.8221154
670.712,0.8221154
670.732,0.8221154
670.752,0.8221154
670.772,0.8221154
670.7921,0.8221154
670.8121,0.8221154
670.8321,0.8221154
670.8521,0.8221154
670.8721,0.8221154
670.8922,0.8221154
670.9122,0.8221154
670.9322,0.8221154
670.9522,0.8221154
670.9722,0.8221154
670.9922,0.8221154
671.0123,0.8221154
671.0323,0.8221154
671.0523,0.8221154
671.0723,0.8221154
671.0923,0.8221154
671.1124,0.8221154
671.1324,0.8221154
671.1524,0.8221154
671.1724,0.8221154
671.1924,0.8221154
671.2125,0.8221154
671.2325,0.8221154
671.2525,0.8221154
671.2725,0.8221154
671.2925,0.8221154
671.3126,0.8221154
671.3326,0.8221154
671.3526,0.8221154
671.3726,0.8221154
671.3926,0.8221154
671.4127,0.8221154
671.4327,0.8221154
671.4527,0.8221154
671.4727,0.8221154
671.4927,0.8221154
671.5128,0.8221154
671.5328,0.8221154
671.5528,0.8221154
671.5728,0.8221154
671.5928,0.8221154
671.6129,0.8221154
671.6329,0.8221154
671.6529,0.8221154
671.6729,0.8221154
671.6929,0.8221154
671.713,0.8221154
671.733,0.8221154
671.753,0.8221154
671.773,0.8221154
671.793,0.8221154
671.813,0.8221154
671.8331,0.8221154
671.8531,0.8221154
671.8731,0.8221154
671.8931,0.8221154
671.9131,0.8221154
671.9332,0.8221154
671.9532,0.8221154
671.9732,0.8221154
671.9932,0.8221154
672.0132,0.8221154
672.0333,0.8221154
672.0533,0.8221154
672.0733,0.8221154
672.0933,0.8221154
672.1133,0.8221154
672.1334,0.8221154
672.1534,0.8221154
672.1734,0.8221154
672.1934,0.8221154
672.2134,0.8221154
672.2335,0.8221154
672.2535,0.8221154
672.2735,0.8221154
672.2935,0.8221154
672.3135,0.8221154
672.3336,0.8221154
672.3536,0.8221154
672.3736,0.8221154
672.3936,0.8221154
672.4136,0.8221154
672.4337,0.8221154
672.4537,0.8221154
672.4737,0.8221154
672.4937,0.8221154
672.5137,0.8221154
672.5338,0.8221154
672.5538,0.8221154
672.5738,0.8221154
672.5938,0.8221154
672.6138,0.8221154
672.6339,0.8221154
672.6539,0.8221154
672.6739,0.8221154
672.6939,0.8221154
672.7139,0.8221154
672.7339,0.8221154
672.754,0.8221154
672.774,0.8221154
672.794,0.8221154
672.814,0.8221154
672.834,0.8221154
672.8541,0.8221154
672.8741,0.8221154
672.8941,0.8221154
672.9141,0.8221154
672.9341,0.8221154
672.9542,0.8221154
672.9742,0.8221154
672.9942,0.8221154
673.0142,0.8221154
673.0342,0.8221154
673.0543,0.8221154
673.0743,0.8221154
673.0943,0.8221154
673.1143,0.8221154
673.1343,0.8221154
673.1544,0.8221154
673.1744,0.8221154
673.1944,0.8221154
673.2144,0.8221154
673.2344,0.8221154
673.2545,0.8221154
673.2745,0.8221154
673.2945,0.8221154
673.3145,0.8221154
673.3345,0.8221154
673.3546,0.8221154
673.3746,0.8221154
673.3946,0.8221154
673.4146,0.8221154
673.4346,0.8221154
673.4547,0.8221154
673.4747,0.8221154
673.4947,0.8221154
673.5147,0.8221154
673.5347,0.8221154
673.5547,0.8221154
673.5748,0.8221154
673.5948,0.8221154
673.6148,0.8221154
673.6348,0.8221154
673.6548,0.8221154
673.6749,0.8221154
673.6949,0.8221154
673.7149,0.8221154
673.7349,0.8221154
673.7549,0.8221154
673.775,0.8221154
673.795,0.8221154
673.815,0.8221154
673.835,0.8221154
673.855,0.8221154
673.8751,0.8221154
673.8951,0.8221154
673.9151,0.8221154
673.9351,0.8221154
673.9551,0.8221154
673.9752,0.8221154
673.9952,0.8221154
674.0152,0.8221154
674.0352,0.8221154
674.0552,0.8221154
674.0753,0.8221154
674.0953,0.8221154
674.1153,0.8221154
674.1353,0.8221154
674.1553,0.8221154
674.1754,0.8221154
674.1954,0.8221154
674.2154,0.8221154
674.2354,0.8221154
674.2554,0.8221154
674.2755,0.8221154
674.2955,0.8221154
674.3155,0.8221154
674.3355,0.8221154
674.3555,0.8221154
674.3755,0.8221154
674.3956,0.8221154
674.4156,0.8221154
674.4356,0.8221154
674.4556,0.8221154
674.4756,0.8221154
674.4957,0.8221154
674.5157,0.8221154
674.5357,0.8221154
674.5557,0.8221154
674.5757,0.8221154
674.5958,0.8221154
674.6158,0.8221154
674.6358,0.8221154
674.6558,0.8221154
674.6758,0.8221154
674.6959,0.8221154
674.7159,0.8221154
674.7359,0.8221154
674.7559,0.8221154
674.7759,0.8221154
674.796,0.8221154
674.816,0.8221154
674.836,0.8221154
674.856,0.8221154
674.876,0.8221154
674.8961,0.8221154
674.9161,0.8221154
674.9361,0.8221154
674.9561,0.8221154
674.9761,0.8221154
674.9962,0.8221154
675.0162,0.8221154
675.0362,0.8221154
675.0562,0.8221154
675.0762,0.8221154
675.0963,0.8221154
675.1163,0.8221154
675.1363,0.8221154
675.1563,0.8221154
675.1763,0.8221154
675.1964,0.8221154
675.2164,0.8221154
675.2364,0.8221154
675.2564,0.8221154
675.2764,0.8221154
675.2964,0.8221154
675.3165,0.8221154
675.3365,0.8221154
675.3565,0.8221154
675.3765,0.8221154
675.3965,0.8221154
675.4166,0.8221154
675.4366,0.8221154
675.4566,0.8221154
675.4766,0.8221154
675.4966,0.8221154
675.5167,0.8221154
675.5367,0.8221154
675.5567,0.8221154
675.5767,0.8221154
675.5967,0.8221154
675.6168,0.8221154
675.6368,0.8221154
675.6568,0.8221154
675.6768,0.8221154
675.6968,0.8221154
675.7169,0.8221154
675.7369,0.8221154
675.7569,0.8221154
675.7769,0.8221154
675.7969,0.8221154
675.817,0.8221154
675.837,0.8221154
675.857,0.8221154
675.877,0.8221154
675.897,0.8221154
675.9171,0.8221154
675.9371,0.8221154
675.9571,0.8221154
675.9771,0.8221154
675.9971,0.8221154
676.0172,0.8221154
676.0372,0.8221154
676.0572,0.8221154
676.0772,0.8221154
676.0972,0.8221154
676.1172,0.8221154
676.1373,0.8221154
676.1573,0.8221154
676.1773,0.8221154
676.1973,0.8221154
676.2173,0.8221154
676.2374,0.8221154
676.2574,0.8221154
676.2774,0.8221154
676.2974,0.8221154
676.3174,0.8221154
676.3375,0.8221154
676.3575,0.8221154
676.3775,0.8221154
676.3975,0.8221154
676.4175,0.8221154
676.4376,0.8221154
676.4576,0.8221154
676.4776,0.8221154
676.4976,0.8221154
676.5176,0.8221154
676.5377,0.8221154
676.5577,0.8221154
676.5777,0.8221154
676.5977,0.8221154
676.6177,0.8221154
676.6378,0.8221154
676.6578,0.8221154
676.6778,0.8221154
676.6978,0.8221154
676.7178,0.8221154
676.7379,0.8221154
676.7579,0.8221154
676.7779,0.8221154
676.7979,0.8221154
676.8179,0.8221154
676.838,0.8221154
676.858,0.8221154
676.878,0.8221154
676.898,0.8221154
676.918,0.8221154
676.938,0.8221154
676.9581,0.8221154
676.9781,0.8221154
676.9981,0.8221154
677.0181,0.8221154
677.0381,0.8221154
677.0582,0.8221154
677.0782,0.8221154
677.0982,0.8221154
677.1182,0.8221154
677.1382,0.8221154
677.1583,0.8221154
677.1783,0.8221154
677.1983,0.8221154
677.2183,0.8221154
677.2383,0.8221154
677.2584,0.8221154
677.2784,0.8221154
677.2984,0.8221154
677.3184,0.8221154
677.3384,0.8221154
677.3585,0.8221154
677.3785,0.8221154
677.3985,0.8221154
677.4185,0.8221154
677.4385,0.8221154
677.4586,0.8221154
677.4786,0.8221154
677.4986,0.8221154
677.5186,0.8221154
677.5386,0.8221154
677.5587,0.8221154
677.5787,0.8221154
677.5987,0.8221154
677.6187,0.8221154
677.6387,0.8221154
677.6588,0.8221154
677.6788,0.8221154
677.6988,0.8221154
677.7188,0.8221154
677.7388,0.8221154
677.7589,0.8221154
677.7789,0.8221154
677.7989,0.8221154
677.8189,0.8221154
677.8389,0.8221154
677.8589,0.8221154
677.879,0.8221154
677.899,0.8221154
677.919,0.8221154
677.939,0.8221154
677.959,0.8221154
677.9791,0.8221154
677.9991,0.8221154
678.0191,0.8221154
678.0391,0.8221154
678.0591,0.8221154
678.0792,0.8221154
678.0992,0.8221154
678.1192,0.8221154
678.1392,0.8221154
678.1592,0.8221154
678.1793,0.8221154
678.1993,0.8221154
678.2193,0.8221154
678.2393,0.8221154
678.2593,0.8221154
678.2794,0.8221154
678.2994,0.8221154
678.3194,0.8221154
678.3394,0.8221154
678.3594,0.8221154
678.3795,0.8221154
678.3995,0.8221154
678.4195,0.8221154
678.4395,0.8221154
678.4595,0.8221154
678.4796,0.8221154
678.4996,0.8221154
678.5196,0.8221154
678.5396,0.8221154
678.5596,0.8221154
678.5797,0.8221154
678.5997,0.8221154
678.6197,0.8221154
678.6397,0.8221154
678.6597,0.8221154
678.6797,0.8221154
678.6998,0.8221154
678.7198,0.8221154
678.7398,0.8221154
678.7598,0.8221154
678.7798,0.8221154
678.7999,0.8221154
678.8199,0.8221154
678.8399,0.8221154
678.8599,0.8221154
678.8799,0.8221154
678.9,0.8221154
678.92,0.8221154
678.94,0.8221154
678.96,0.8221154
678.98,0.8221154
679.0001,0.8221154
679.0201,0.8221154
679.0401,0.8221154
679.0601,0.8221154
679.0801,0.8221154
679.1002,0.8221154
679.1202,0.8221154
679.1402,0.8221154
679.1602,0.8221154
679.1802,0.8221154
679.2003,0.8221154
679.2203,0.8221154
679.2403,0.8221154
679.2603,0.8221154
679.2803,0.8221154
679.3004,0.8221154
679.3204,0.8221154
679.3404,0.8221154
679.3604,0.8221154
679.3804,0.8221154
679.4005,0.8221154
679.4205,0.8221154
679.4405,0.8221154
679.4605,0.8221154
679.4805,0.8221154
679.5005,0.8221154
679.5206,0.8221154
679.5406,0.8221154
679.5606,0.8221154
679.5806,0.8221154
679.6006,0.8221154
679.6207,0.8221154
679.6407,0.8221154
679.6607,0.8221154
679.6807,0.8221154
679.7007,0.8221154
679.7208,0.8221154
679.7408,0.8221154
679.7608,0.8221154
679.7808,0.8221154
679.8008,0.8221154
679.8209,0.8221154
679.8409,0.8221154
679.8609,0.8221154
679.8809,0.8221154
679.9009,0.8221154
679.921,0.8221154
679.941,0.8221154
679.961,0.8221154
679.981,0.8221154
680.001,0.8221154
680.0211,0.8221154
680.0411,0.8221154
680.0611,0.8221154
680.0811,0.8221154
680.1011,0.8221154
680.1212,0.8221154
680.1412,0.8221154
680.1612,0.8221154
680.1812,0.8221154
680.2012,0.8221154
680.2213,0.8221154
680.2413,0.8221154
680.2613,0.8221154
680.2813,0.8221154
680.3013,0.8221154
680.3214,0.8221154
680.3414,0.8221154
680.3614,0.8221154
680.3814,0.8221154
680.4014,0.8221154
680.4214,0.8221154
680.4415,0.8221154
680.4615,0.8221154
680.4815,0.8221154
680.5015,0.8221154
680.5215,0.8221154
680.5416,0.8221154
680.5616,0.8221154
680.5816,0.8221154
680.6016,0.8221154
680.6216,0.8221154
680.6417,0.8221154
680.6617,0.8221154
680.6817,0.8221154
680.7017,0.8221154
680.7217,0.8221154
680.7418,0.8221154
680.7618,0.8221154
680.7818,0.8221154
680.8018,0.8221154
680.8218,0.8221154
680.8419,0.8221154
680.8619,0.8221154
680.8819,0.8221154
680.9019,0.8221154
680.9219,0.8221154
680.942,0.8221154
680.962,0.8221154
680.982,0.8221154
681.002,0.8221154
681.022,0.8221154
681.0421,0.8221154
681.0621,0.8221154
681.0821,0.8221154
681.1021,0.8221154
681.1221,0.8221154
681.1422,0.8221154
681.1622,0.8221154
681.1822,0.8221154
681.2022,0.8221154
681.2222,0.8221154
681.2422,0.8221154
681.2623,0.8221154
681.2823,0.8221154
681.3023,0.8221154
681.3223,0.8221154
681.3423,0.8221154
681.3624,0.8221154
681.3824,0.8221154
681.4024,0.8221154
681.4224,0.8221154
681.4424,0.8221154
681.4625,0.8221154
681.4825,0.8221154
681.5025,0.8221154
681.5225,0.8221154
681.5425,0.8221154
681.5626,0.8221154
681.5826,0.8221154
681.6026,0.8221154
681.6226,0.8221154
681.6426,0.8221154
681.6627,0.8221154
681.6827,0.8221154
681.7027,0.8221154
681.7227,0.8221154
681.7427,0.8221154
681.7628,0.8221154
681.7828,0.8221154
681.8028,0.8221154
681.8228,0.8221154
681.8428,0.8221154
681.8629,0.8221154
681.8829,0.8221154
681.9029,0.8221154
681.9229,0.8221154
681.9429,0.8221154
681.963,0.8221154
681.983,0.8221154
682.003,0.8221154
682.023,0.8221154
682.043,0.8221154
682.063,0.8221154
682.0831,0.8221154
682.1031,0.8221154
682.1231,0.8221154
682.1431,0.8221154
682.1631,0.8221154
682.1832,0.8221154
682.2032,0.8221154
682.2232,0.8221154
682.2432,0.8221154
682.2632,0.8221154
682.2833,0.8221154
682.3033,0.8221154
682.3233,0.8221154
682.3433,0.8221154
682.3633,0.8221154
682.3834,0.8221154
682.4034,0.8221154
682.4234,0.8221154
682.4434,0.8221154
682.4634,0.8221154
682.4835,0.8221154
682.5035,0.8221154
682.5235,0.8221154
682.5435,0.8221154
682.5635,0.8221154
682.5836,0.8221154
682.6036,0.8221154
682.6236,0.8221154
682.6436,0.8221154
682.6636,0.8221154
682.6837,0.8221154
682.7037,0.8221154
682.7237,0.8221154
682.7437,0.8221154
682.7637,0.8221154
682.7838,0.8221154
682.8038,0.8221154
682.8238,0.8221154
682.8438,0.8221154
682.8638,0.8221154
682.8839,0.8221154
682.9039,0.8269231
682.9239,0.8269231
682.9439,0.8269231
682.9639,0.8269231
682.9839,0.8269231
683.004,0.8269231
683.024,0.8269231
683.044,0.8269231
683.064,0.8269231
683.084,0.8269231
683.1041,0.8269231
683.1241,0.8269231
683.1441,0.8269231
683.1641,0.8269231
683.1841,0.8269231
683.2042,0.8269231
683.2242,0.8269231
683.2442,0.8269231
683.2642,0.8269231
683.2842,0.8269231
683.3043,0.8269231
683.3243,0.8269231
683.3443,0.8269231
683.3643,0.8269231
683.3843,0.8269231
683.4044,0.8269231
683.4244,0.8269231
683.4444,0.8269231
683.4644,0.8269231
683.4844,0.8269231
683.5045,0.8269231
683.5245,0.8269231
683.5445,0.8269231
683.5645,0.8269231
683.5845,0.8269231
683.6046,0.8269231
683.6246,0.8269231
683.6446,0.8269231
683.6646,0.8269231
683.6846,0.8269231
683.7047,0.8269231
683.7247,0.8269231
683.7447,0.8269231
683.7647,0.8269231
683.7847,0.8269231
683.8047,0.8269231
683.8248,0.8269231
683.8448,0.8269231
683.8648,0.8269231
683.8848,0.8269231
683.9048,0.8269231
683.9249,0.8269231
683.9449,0.8269231
683.9649,0.8269231
683.9849,0.8269231
684.0049,0.8269231
684.025,0.8269231
684.045,0.8269231
684.065,0.8269231
684.085,0.8269231
684.105,0.8269231
684.1251,0.8269231
684.1451,0.8269231
684.1651,0.8269231
684.1851,0.8269231
684.2051,0.8269231
684.2252,0.8269231
684.2452,0.8269231
684.2652,0.8269231
684.2852,0.8269231
684.3052,0.8269231
684.3253,0.8269231
684.3453,0.8269231
684.3653,0.8269231
684.3853,0.8269231
684.4053,0.8269231
684.4254,0.8269231
684.4454,0.8269231
684.4654,0.8269231
684.4854,0.8269231
684.5054,0.8269231
684.5255,0.8269231
684.5455,0.8269231
684.5655,0.8269231
684.5855,0.8269231
684.6055,0.8269231
684.6255,0.8269231
684.6456,0.8269231
684.6656,0.8269231
684.6856,0.8269231
684.7056,0.8269231
684.7256,0.8269231
684.7457,0.8269231
684.7657,0.8269231
684.7857,0.8269231
684.8057,0.8269231
684.8257,0.8269231
684.8458,0.8269231
684.8658,0.8269231
684.8858,0.8269231
684.9058,0.8269231
684.9258,0.8269231
684.9459,0.8269231
684.9659,0.8269231
684.9859,0.8269231
685.0059,0.8269231
685.0259,0.8269231
685.046,0.8269231
685.066,0.8269231
685.086,0.8269231
685.106,0.8269231
685.126,0.8269231
685.1461,0.8269231
685.1661,0.8269231
685.1861,0.8269231
685.2061,0.8269231
685.2261,0.8269231
685.2462,0.8269231
685.2662,0.8269231
685.2862,0.8269231
685.3062,0.8269231
685.3262,0.8269231
685.3463,0.8269231
685.3663,0.8269231
685.3863,0.8269231
685.4063,0.8269231
685.4263,0.8269231
685.4464,0.8269231
685.4664,0.8269231
685.4864,0.8269231
685.5064,0.8269231
685.5264,0.8269231
685.5464,0.8269231
685.5665,0.8269231
685.5865,0.8269231
685.6065,0.8269231
685.6265,0.8269231
685.6465,0.8269231
685.6666,0.8269231
685.6866,0.8269231
685.7066,0.8269231
685.7266,0.8269231
685.7466,0.8269231
685.7667,0.8269231
685.7867,0.8269231
685.8067,0.8269231
685.8267,0.8269231
685.8467,0.8269231
685.8668,0.8269231
685.8868,0.8269231
685.9068,0.8269231
685.9268,0.8269231
685.9468,0.8269231
685.9669,0.8269231
685.9869,0.8269231
686.0069,0.8269231
686.0269,0.8269231
686.0469,0.8269231
686.067,0.8269231
686.087,0.8269231
686.107,0.8269231
686.127,0.8269231
686.147,0.8269231
686.1671,0.8269231
686.1871,0.8269231
686.2071,0.8269231
686.2271,0.8269231
686.2471,0.8269231
686.2672,0.8269231
686.2872,0.8269231
686.3072,0.8269231
686.3272,0.8269231
686.3472,0.8269231
686.3672,0.8269231
686.3873,0.8269231
686.4073,0.8269231
686.4273,0.8269231
686.4473,0.8269231
686.4673,0.8269231
686.4874,0.8269231
686.5074,0.8269231
686.5274,0.8269231
686.5474,0.8269231
686.5674,0.8269231
686.5875,0.8269231
686.6075,0.8269231
686.6275,0.8269231
686.6475,0.8269231
686.6675,0.8269231
686.6876,0.8269231
686.7076,0.8269231
686.7276,0.8269231
686.7476,0.8269231
686.7676,0.8269231
686.7877,0.8269231
686.8077,0.8269231
686.8277,0.8269231
686.8477,0.8269231
686.8677,0.8269231
686.8878,0.8269231
686.9078,0.8269231
686.9278,0.8269231
686.9478,0.8269231
686.9678,0.8269231
686.9879,0.8269231
687.0079,0.8269231
687.0279,0.8269231
687.0479,0.8269231
687.0679,0.8269231
687.088,0.8269231
687.108,0.8269231
687.128,0.8269231
687.148,0.8269231
687.168,0.8269231
687.188,0.8269231
687.2081,0.8269231
687.2281,0.8269231
687.2481,0.8269231
687.2681,0.8269231
687.2881,0.8269231
687.3082,0.8269231
687.3282,0.8269231
687.3482,0.8269231
687.3682,0.8269231
687.3882,0.8269231
687.4083,0.8269231
687.4283,0.8269231
687.4483,0.8269231
687.4683,0.8269231
687.4883,0.8269231
687.5084,0.8269231
687.5284,0.8269231
687.5484,0.8269231
687.5684,0.8269231
687.5884,0.8269231
687.6085,0.8269231
687.6285,0.8269231
687.6485,0.8269231
687.6685,0.8269231
687.6885,0.8269231
687.7086,0.8269231
687.7286,0.8269231
687.7486,0.8269231
687.7686,0.8269231
687.7886,0.8269231
687.8087,0.8269231
687.8287,0.8269231
687.8487,0.8269231
687.8687,0.8269231
687.8887,0.8269231
687.9088,0.8269231
687.9288,0.8269231
687.9488,0.8269231
687.9688,0.8269231
687.9888,0.8269231
688.0089,0.8269231
688.0289,0.8269231
688.0489,0.8269231
688.0689,0.8269231
688.0889,0.8269231
688.1089,0.8269231
688.129,0.8269231
688.149,0.8269231
688.169,0.8269231
688.189,0.8269231
688.209,0.8269231
688.2291,0.8269231
688.2491,0.8269231
688.2691,0.8269231
688.2891,0.8269231
688.3091,0.8269231
688.3292,0.8269231
688.3492,0.8269231
688.3692,0.8269231
688.3892,0.8269231
688.4092,0.8269231
688.4293,0.8269231
688.4493,0.8269231
688.4693,0.8269231
688.4893,0.8269231
688.5093,0.8269231
688.5294,0.8269231
688.5494,0.8269231
688.5694,0.8269231
688.5894,0.8269231
688.6094,0.8269231
688.6295,0.8269231
688.6495,0.8269231
688.6695,0.8269231
688.6895,0.8269231
688.7095,0.8269231
688.7296,0.8269231
688.7496,0.8269231
688.7696,0.8269231
688.7896,0.8269231
688.8096,0.8269231
688.8297,0.8269231
688.8497,0.8269231
688.8697,0.8269231
688.8897,0.8269231
688.9097,0.8269231
688.9297,0.8269231
688.9498,0.8269231
688.9698,0.8269231
688.9898,0.8269231
689.0098,0.8269231
689.0298,0.8269231
689.0499,0.8269231
689.0699,0.8269231
689.0899,0.8269231
689.1099,0.8269231
689.1299,0.8269231
689.15,0.8269231
689.17,0.8269231
689.19,0.8269231
689.21,0.8269231
689.23,0.8269231
689.2501,0.8269231
689.2701,0.8269231
689.2901,0.8269231
689.3101,0.8269231
689.3301,0.8269231
689.3502,0.8269231
689.3702,0.8269231
689.3902,0.8269231
689.4102,0.8269231
689.4302,0.8269231
689.4503,0.8269231
689.4703,0.8269231
689.4903,0.8269231
689.5103,0.8269231
689.5303,0.8269231
689.5504,0.8269231
689.5704,0.8269231
689.5904,0.8269231
689.6104,0.8269231
689.6304,0.8269231
689.6505,0.8269231
689.6705,0.8269231
689.6905,0.8269231
689.7105,0.8269231
689.7305,0.8269231
689.7505,0.8269231
689.7706,0.8269231
689.7906,0.8269231
689.8106,0.8269231
689.8306,0.8269231
689.8506,0.8269231
689.8707,0.8269231
689.8907,0.8269231
689.9107,0.8269231
689.9307,0.8269231
689.9507,0.8269231
689.9708,0.8269231
689.9908,0.8269231
690.0108,0.8269231
690.0308,0.8269231
690.0508,0.8269231
690.0709,0.8269231
690.0909,0.8269231
690.1109,0.8269231
690.1309,0.8269231
690.1509,0.8269231
690.171,0.8269231
690.191,0.8269231
690.211,0.8269231
690.231,0.8269231
690.251,0.8269231
690.2711,0.8269231
690.2911,0.8269231
690.3111,0.8269231
690.3311,0.8269231
690.3511,0.8269231
690.3712,0.8269231
690.3912,0.8269231
690.4112,0.8269231
690.4312,0.8269231
690.4512,0.8269231
690.4713,0.8269231
690.4913,0.8269231
690.5113,0.8269231
690.5313,0.8269231
690.5513,0.8269231
690.5714,0.8269231
690.5914,0.8269231
690.6114,0.8269231
690.6314,0.8269231
690.6514,0.8269231
690.6714,0.8269231
690.6915,0.8269231
690.7115,0.8269231
690.7315,0.8269231
690.7515,0.8269231
690.7715,0.8269231
690.7916,0.8269231
690.8116,0.8269231
690.8316,0.8269231
690.8516,0.8269231
690.8716,0.8269231
690.8917,0.8269231
690.9117,0.8269231
690.9317,0.8269231
690.9517,0.8269231
690.9717,0.8269231
690.9918,0.8269231
691.0118,0.8269231
691.0318,0.8269231
691.0518,0.8269231
691.0718,0.8269231
691.0919,0.8269231
691.1119,0.8269231
691.1319,0.8269231
691.1519,0.8269231
691.1719,0.8269231
691.192,0.8269231
691.212,0.8269231
691.232,0.8269231
691.252,0.8269231
691.272,0.8269231
691.2921,0.8269231
691.3121,0.8269231
691.3321,0.8269231
691.3521,0.8269231
691.3721,0.8269231
691.3922,0.8269231
691.4122,0.8269231
691.4322,0.8269231
691.4522,0.8269231
691.4722,0.8269231
691.4922,0.8269231
691.5123,0.8269231
691.5323,0.8269231
691.5523,0.8269231
691.5723,0.8269231
691.5923,0.8269231
691.6124,0.8269231
691.6324,0.8269231
691.6524,0.8269231
691.6724,0.8269231
691.6924,0.8269231
691.7125,0.8269231
691.7325,0.8269231
691.7525,0.8269231
691.7725,0.8269231
691.7925,0.8269231
691.8126,0.8269231
691.8326,0.8269231
691.8526,0.8269231
691.8726,0.8269231
691.8926,0.8269231
691.9127,0.8269231
691.9327,0.8269231
691.9527,0.8269231
691.9727,0.8269231
691.9927,0.8269231
692.0128,0.8269231
692.0328,0.8269231
692.0528,0.8269231
692.0728,0.8269231
692.0928,0.8269231
692.1129,0.8269231
692.1329,0.8269231
692.1529,0.8269231
692.1729,0.8269231
692.1929,0.8269231
692.213,0.8269231
692.233,0.8269231
692.253,0.8269231
692.273,0.8269231
692.293,0.8269231
692.313,0.8269231
692.3331,0.8269231
692.3531,0.8269231
692.3731,0.8269231
692.3931,0.8269231
692.4131,0.8269231
692.4332,0.8269231
692.4532,0.8269231
692.4732,0.8269231
692.4932,0.8269231
692.5132,0.8269231
692.5333,0.8269231
692.5533,0.8269231
692.5733,0.8269231
692.5933,0.8269231
692.6133,0.8269231
692.6334,0.8269231
692.6534,0.8269231
692.6734,0.8269231
692.6934,0.8269231
692.7134,0.8269231
692.7335,0.8269231
692.7535,0.8269231
692.7735,0.8269231
692.7935,0.8269231
692.8135,0.8269231
692.8336,0.8269231
692.8536,0.8269231
692.8736,0.8269231
692.8936,0.8269231
692.9136,0.8269231
692.9337,0.8269231
692.9537,0.8269231
692.9737,0.8269231
692.9937,0.8269231
693.0137,0.8269231
693.0338,0.8269231
693.0538,0.8269231
693.0738,0.8269231
693.0938,0.8269231
693.1138,0.8269231
693.1339,0.8269231
693.1539,0.8269231
693.1739,0.8269231
693.1939,0.8269231
693.2139,0.8269231
693.2339,0.8269231
693.254,0.8269231
693.274,0.8269231
693.294,0.8269231
693.314,0.8269231
693.334,0.8269231
693.3541,0.8269231
693.3741,0.8269231
693.3941,0.8269231
693.4141,0.8269231
693.4341,0.8269231
693.4542,0.8269231
693.4742,0.8269231
693.4942,0.8269231
693.5142,0.8269231
693.5342,0.8269231
693.5543,0.8269231
693.5743,0.8269231
693.5943,0.8269231
693.6143,0.8269231
693.6343,0.8269231
693.6544,0.8269231
693.6744,0.8269231
693.6944,0.8269231
693.7144,0.8269231
693.7344,0.8269231
693.7545,0.8269231
693.7745,0.8269231
693.7945,0.8269231
693.8145,0.8269231
693.8345,0.8269231
693.8546,0.8269231
693.8746,0.8269231
693.8946,0.8269231
693.9146,0.8269231
693.9346,0.8269231
693.9547,0.8269231
693.9747,0.8269231
693.9947,0.8269231
694.0147,0.8269231
694.0347,0.8269231
694.0547,0.8269231
694.0748,0.8269231
694.0948,0.8269231
694.1148,0.8269231
694.1348,0.8269231
694.1548,0.8269231
694.1749,0.8269231
694.1949,0.8269231
694.2149,0.8269231
694.2349,0.8269231
694.2549,0.8269231
694.275,0.8269231
694.295,0.8269231
694.315,0.8269231
694.335,0.8269231
694.355,0.8269231
694.3751,0.8269231
694.3951,0.8269231
694.4151,0.8269231
694.4351,0.8269231
694.4551,0.8269231
694.4752,0.8269231
694.4952,0.8269231
694.5152,0.8269231
694.5352,0.8269231
694.5552,0.8269231
694.5753,0.8269231
694.5953,0.8269231
694.6153,0.8269231
694.6353,0.8269231
694.6553,0.8269231
694.6754,0.8269231
694.6954,0.8269231
694.7154,0.8269231
694.7354,0.8269231
694.7554,0.8269231
694.7755,0.8269231
694.7955,0.8269231
694.8155,0.8269231
694.8355,0.8269231
694.8555,0.8269231
694.8755,0.8269231
694.8956,0.8269231
694.9156,0.8269231
694.9356,0.8269231
694.9556,0.8269231
694.9756,0.8269231
694.9957,0.8269231
695.0157,0.8269231
695.0357,0.8269231
695.0557,0.8269231
695.0757,0.8269231
695.0958,0.8269231
695.1158,0.8269231
695.1358,0.8269231
695.1558,0.8269231
695.1758,0.8269231
695.1959,0.8269231
695.2159,0.8269231
695.2359,0.8269231
695.2559,0.8269231
695.2759,0.8269231
695.296,0.8269231
695.316,0.8269231
695.336,0.8269231
695.356,0.8269231
695.376,0.8269231
695.3961,0.8269231
695.4161,0.8269231
695.4361,0.8269231
695.4561,0.8269231
695.4761,0.8269231
695.4962,0.8269231
695.5162,0.8269231
695.5362,0.8269231
695.5562,0.8269231
695.5762,0.8269231
695.5963,0.8269231
695.6163,0.8269231
695.6363,0.8269231
695.6563,0.8269231
695.6763,0.8269231
695.6964,0.8269231
695.7164,0.8269231
695.7364,0.8269231
695.7564,0.8269231
695.7764,0.8269231
695.7964,0.8269231
695.8165,0.8269231
695.8365,0.8269231
695.8565,0.8269231
695.8765,0.8269231
695.8965,0.8269231
695.9166,0.8269231
695.9366,0.8269231
695.9566,0.8269231
695.9766,0.8269231
695.9966,0.8269231
696.0167,0.8269231
696.0367,0.8269231
696.0567,0.8269231
696.0767,0.8269231
696.0967,0.8269231
696.1168,0.8269231
696.1368,0.8269231
696.1568,0.8269231
696.1768,0.8269231
696.1968,0.8269231
696.2169,0.8269231
696.2369,0.8269231
696.2569,0.8269231
696.2769,0.8269231
696.2969,0.8269231
696.317,0.8269231
696.337,0.8269231
696.357,0.8269231
696.377,0.8269231
696.397,0.8269231
696.4171,0.8269231
696.4371,0.8269231
696.4571,0.8269231
696.4771,0.8269231
696.4971,0.8269231
696.5172,0.8269231
696.5372,0.8269231
696.5572,0.8269231
696.5772,0.8269231
696.5972,0.8269231
696.6172,0.8269231
696.6373,0.8269231
696.6573,0.8269231
696.6773,0.8269231
696.6973,0.8269231
696.7173,0.8269231
696.7374,0.8269231
696.7574,0.8269231
696.7774,0.8269231
696.7974,0.8269231
696.8174,0.8269231
696.8375,0.8269231
696.8575,0.8269231
696.8775,0.8269231
696.8975,0.8269231
696.9175,0.8269231
696.9376,0.8269231
696.9576,0.8269231
696.9776,0.8269231
696.9976,0.8269231
697.0176,0.8269231
697.0377,0.8269231
697.0577,0.8269231
697.0777,0.8269231
697.0977,0.8269231
697.1177,0.8269231
697.1378,0.8269231
697.1578,0.8269231
697.1778,0.8269231
697.1978,0.8269231
697.2178,0.8269231
697.2379,0.8269231
697.2579,0.8269231
697.2779,0.8269231
697.2979,0.8269231
697.3179,0.8269231
697.338,0.8269231
697.358,0.8269231
697.378,0.8269231
697.398,0.8269231
697.418,0.8269231
697.438,0.8269231
697.4581,0.8269231
697.4781,0.8269231
697.4981,0.8269231
697.5181,0.8269231
697.5381,0.8269231
697.5582,0.8269231
697.5782,0.8269231
697.5982,0.8269231
697.6182,0.8269231
697.6382,0.8269231
697.6583,0.8269231
697.6783,0.8269231
697.6983,0.8269231
697.7183,0.8269231
697.7383,0.8269231
697.7584,0.8269231
697.7784,0.8269231
697.7984,0.8269231
697.8184,0.8269231
697.8384,0.8269231
697.8585,0.8269231
697.8785,0.8269231
697.8985,0.8269231
697.9185,0.8269231
697.9385,0.8269231
697.9586,0.8269231
697.9786,0.8269231
697.9986,0.8269231
698.0186,0.8269231
698.0386,0.8269231
698.0587,0.8269231
698.0787,0.8269231
698.0987,0.8269231
698.1187,0.8269231
698.1387,0.8269231
698.1588,0.8269231
698.1788,0.8269231
698.1988,0.8269231
698.2188,0.8269231
698.2388,0.8269231
698.2589,0.8269231
698.2789,0.8269231
698.2989,0.8269231
698.3189,0.8269231
698.3389,0.8269231
698.3589,0.8269231
698.379,0.8269231
698.399,0.8269231
698.419,0.8269231
698.439,0.8269231
698.459,0.8269231
698.4791,0.8269231
698.4991,0.8269231
698.5191,0.8269231
698.5391,0.8269231
698.5591,0.8269231
698.5792,0.8269231
698.5992,0.8269231
698.6192,0.8269231
698.6392,0.8269231
698.6592,0.8269231
698.6793,0.8269231
698.6993,0.8269231
698.7193,0.8269231
698.7393,0.8269231
698.7593,0.8269231
698.7794,0.8269231
698.7994,0.8269231
698.8194,0.8269231
698.8394,0.8269231
698.8594,0.8269231
698.8795,0.8269231
698.8995,0.8269231
698.9195,0.8269231
698.9395,0.8269231
698.9595,0.8269231
698.9796,0.8269231
698.9996,0.8269231
699.0196,0.8269231
699.0396,0.8269231
699.0596,0.8269231
699.0797,0.8269231
699.0997,0.8269231
699.1197,0.8269231
699.1397,0.8269231
699.1597,0.8269231
699.1797,0.8269231
699.1998,0.8269231
699.2198,0.8269231
699.2398,0.8269231
699.2598,0.8269231
699.2798,0.8269231
699.2999,0.8269231
699.3199,0.8269231
699.3399,0.8269231
699.3599,0.8269231
699.3799,0.8269231
699.4,0.8269231
699.42,0.8269231
699.44,0.8269231
699.46,0.8269231
699.48,0.8269231
699.5001,0.8269231
699.5201,0.8269231
699.5401,0.8269231
699.5601,0.8269231
699.5801,0.8269231
699.6002,0.8269231
699.6202,0.8269231
699.6402,0.8269231
699.6602,0.8269231
699.6802,0.8269231
699.7003,0.8269231
699.7203,0.8269231
699.7403,0.8269231
699.7603,0.8269231
699.7803,0.8269231
699.8004,0.8269231
699.8204,0.8269231
699.8404,0.8269231
699.8604,0.8269231
699.8804,0.8269231
699.9005,0.8269231
699.9205,0.8269231
699.9405,0.8269231
699.9605,0.8269231
699.9805,0.8269231
700.0005,0.8269231
700.0206,0.8269231
700.0406,0.8269231
700.0606,0.8269231
700.0806,0.8269231
700.1006,0.8269231
700.1207,0.8269231
700.1407,0.8269231
700.1607,0.8269231
700.1807,0.8269231
700.2007,0.8269231
700.2208,0.8269231
700.2408,0.8269231
700.2608,0.8269231
700.2808,0.8269231
700.3008,0.8269231
700.3209,0.8269231
700.3409,0.8269231
700.3609,0.8269231
700.3809,0.8269231
700.4009,0.8269231
700.421,0.8269231
700.441,0.8269231
700.461,0.8269231
700.481,0.8269231
700.501,0.8269231
700.5211,0.8269231
700.5411,0.8269231
700.5611,0.8269231
700.5811,0.8269231
700.6011,0.8269231
700.6212,0.8269231
700.6412,0.8269231
700.6612,0.8269231
700.6812,0.8269231
700.7012,0.8269231
700.7213,0.8269231
700.7413,0.8269231
700.7613,0.8269231
700.7813,0.8269231
700.8013,0.8269231
700.8214,0.8269231
700.8414,0.8269231
700.8614,0.8269231
700.8814,0.8269231
700.9014,0.8269231
700.9214,0.8269231
700.9415,0.8269231
700.9615,0.8269231
700.9815,0.8269231
701.0015,0.8269231
701.0215,0.8269231
701.0416,0.8269231
701.0616,0.8269231
701.0816,0.8269231
701.1016,0.8269231
701.1216,0.8269231
701.1417,0.8269231
701.1617,0.8269231
701.1817,0.8269231
701.2017,0.8269231
701.2217,0.8269231
701.2418,0.8269231
701.2618,0.8269231
701.2818,0.8269231
701.3018,0.8269231
701.3218,0.8269231
701.3419,0.8269231
701.3619,0.8269231
701.3819,0.8269231
701.4019,0.8269231
701.4219,0.8269231
701.442,0.8269231
701.462,0.8269231
701.482,0.8269231
701.502,0.8269231
701.522,0.8269231
701.5421,0.8269231
701.5621,0.8269231
701.5821,0.8269231
701.6021,0.8269231
701.6221,0.8269231
701.6422,0.8269231
701.6622,0.8269231
701.6822,0.8269231
701.7022,0.8269231
701.7222,0.8269231
701.7422,0.8269231
701.7623,0.8269231
701.7823,0.8269231
701.8023,0.8269231
701.8223,0.8269231
701.8423,0.8269231
701.8624,0.8269231
701.8824,0.8269231
701.9024,0.8269231
701.9224,0.8269231
701.9424,0.8269231
701.9625,0.8269231
701.9825,0.8269231
702.0025,0.8269231
702.0225,0.8269231
702.0425,0.8269231
702.0626,0.8269231
702.0826,0.8269231
702.1026,0.8269231
702.1226,0.8269231
702.1426,0.8269231
702.1627,0.8269231
702.1827,0.8269231
702.2027,0.8269231
702.2227,0.8269231
702.2427,0.8269231
702.2628,0.8269231
702.2828,0.8269231
702.3028,0.8269231
702.3228,0.8269231
702.3428,0.8269231
702.3629,0.8269231
702.3829,0.8269231
702.4029,0.8269231
702.4229,0.8269231
702.4429,0.8269231
702.463,0.8269231
702.483,0.8269231
702.503,0.8269231
702.523,0.8269231
702.543,0.8269231
702.563,0.8269231
702.5831,0.8269231
702.6031,0.8269231
702.6231,0.8269231
702.6431,0.8269231
702.6631,0.8269231
702.6832,0.8269231
702.7032,0.8269231
702.7232,0.8269231
702.7432,0.8269231
702.7632,0.8269231
702.7833,0.8269231
702.8033,0.8269231
702.8233,0.8269231
702.8433,0.8269231
702.8633,0.8269231
702.8834,0.8269231
702.9034,0.8269231
702.9234,0.8269231
702.9434,0.8269231
702.9634,0.8269231
702.9835,0.8269231
703.0035,0.8269231
703.0235,0.8269231
703.0435,0.8269231
703.0635,0.8269231
703.0836,0.8269231
703.1036,0.8269231
703.1236,0.8269231
703.1436,0.8269231
703.1636,0.8269231
703.1837,0.8269231
703.2037,0.8269231
703.2237,0.8269231
703.2437,0.8269231
703.2637,0.8269231
703.2838,0.8269231
703.3038,0.8269231
703.3238,0.8269231
703.3438,0.8269231
703.3638,0.8269231
703.3839,0.8269231
703.4039,0.8269231
703.4239,0.8269231
703.4439,0.8269231
703.4639,0.8269231
703.4839,0.8269231
703.504,0.8269231
703.524,0.8269231
703.544,0.8269231
703.564,0.8269231
703.584,0.8269231
703.6041,0.8269231
703.6241,0.8269231
703.6441,0.8269231
703.6641,0.8269231
703.6841,0.8269231
703.7042,0.8269231
703.7242,0.8269231
703.7442,0.8269231
703.7642,0.8269231
703.7842,0.8269231
703.8043,0.8269231
703.8243,0.8269231
703.8443,0.8269231
703.8643,0.8269231
703.8843,0.8269231
703.9044,0.8269231
703.9244,0.8269231
703.9444,0.8269231
703.9644,0.8269231
703.9844,0.8269231
704.0045,0.8269231
704.0245,0.8269231
704.0445,0.8269231
704.0645,0.8269231
704.0845,0.8269231
704.1046,0.8269231
704.1246,0.8269231
704.1446,0.8269231
704.1646,0.8269231
704.1846,0.8269231
704.2047,0.8269231
704.2247,0.8269231
704.2447,0.8413461
704.2647,0.8413461
704.2847,0.8413461
704.3047,0.8413461
704.3248,0.8413461
704.3448,0.8413461
704.3648,0.8413461
704.3848,0.8413461
704.4048,0.8413461
704.4249,0.8413461
704.4449,0.8413461
704.4649,0.8413461
704.4849,0.8413461
704.5049,0.8413461
704.525,0.8413461
704.545,0.8413461
704.565,0.8413461
704.585,0.8413461
704.605,0.8413461
704.6251,0.8413461
704.6451,0.8413461
704.6651,0.8413461
704.6851,0.8413461
704.7051,0.8413461
704.7252,0.8413461
704.7452,0.8413461
704.7652,0.8413461
704.7852,0.8413461
704.8052,0.8413461
704.8253,0.8413461
704.8453,0.8413461
704.8653,0.8413461
704.8853,0.8413461
704.9053,0.8413461
704.9254,0.8413461
704.9454,0.8413461
704.9654,0.8413461
704.9854,0.8413461
705.0054,0.8413461
705.0255,0.8413461
705.0455,0.8413461
705.0655,0.8413461
705.0855,0.8413461
705.1055,0.8413461
705.1255,0.8413461
705.1456,0.8413461
705.1656,0.8413461
705.1856,0.8413461
705.2056,0.8413461
705.2256,0.8413461
705.2457,0.8413461
705.2657,0.8413461
705.2857,0.8413461
705.3057,0.8413461
705.3257,0.8413461
705.3458,0.8413461
705.3658,0.8413461
705.3858,0.8413461
705.4058,0.8413461
705.4258,0.8413461
705.4459,0.8413461
705.4659,0.8413461
705.4859,0.8413461
705.5059,0.8413461
705.5259,0.8413461
705.546,0.8413461
705.566,0.8413461
705.586,0.8413461
705.606,0.8413461
705.626,0.8413461
705.6461,0.8413461
705.6661,0.8413461
705.6861,0.8413461
705.7061,0.8413461
705.7261,0.8413461
705.7462,0.8413461
705.7662,0.8413461
705.7862,0.8413461
705.8062,0.8461539
705.8262,0.8461539
705.8463,0.8461539
705.8663,0.8461539
705.8863,0.8461539
705.9063,0.8461539
705.9263,0.8461539
705.9464,0.8461539
705.9664,0.8461539
705.9864,0.8461539
706.0064,0.8461539
706.0264,0.8461539
706.0464,0.8461539
706.0665,0.8461539
706.0865,0.8461539
706.1065,0.8461539
706.1265,0.8461539
706.1465,0.8461539
706.1666,0.8461539
706.1866,0.8461539
706.2066,0.8461539
706.2266,0.8461539
706.2466,0.8461539
706.2667,0.8461539
706.2867,0.8461539
706.3067,0.8461539
706.3267,0.8461539
706.3467,0.8461539
706.3668,0.8461539
706.3868,0.8461539
706.4068,0.8461539
706.4268,0.8461539
706.4468,0.8461539
706.4669,0.8461539
706.4869,0.8461539
706.5069,0.8461539
706.5269,0.8461539
706.5469,0.8461539
706.567,0.8461539
706.587,0.8461539
706.607,0.8461539
706.627,0.8461539
706.647,0.8461539
706.6671,0.8461539
706.6871,0.8461539
706.7071,0.8461539
706.7271,0.8461539
706.7471,0.8461539
706.7672,0.8461539
706.7872,0.8461539
706.8072,0.8461539
706.8272,0.8461539
706.8472,0.8461539
706.8672,0.8461539
706.8873,0.8461539
706.9073,0.8461539
706.9273,0.8461539
706.9473,0.8461539
706.9673,0.8461539
706.9874,0.8461539
707.0074,0.8461539
707.0274,0.8461539
707.0474,0.8461539
707.0674,0.8461539
707.0875,0.8461539
707.1075,0.8461539
707.1275,0.8461539
707.1475,0.8461539
707.1675,0.8461539
707.1876,0.8461539
707.2076,0.8461539
707.2276,0.8461539
707.2476,0.8461539
707.2676,0.8461539
707.2877,0.8509616
707.3077,0.8509616
707.3277,0.8509616
707.3477,0.8509616
707.3677,0.8509616
707.3878,0.8509616
707.4078,0.8509616
707.4278,0.8509616
707.4478,0.8509616
707.4678,0.8509616
707.4879,0.8509616
707.5079,0.8509616
707.5279,0.8509616
707.5479,0.8509616
707.5679,0.8509616
707.588,0.8509616
707.608,0.8509616
707.628,0.8509616
707.648,0.8509616
707.668,0.8509616
707.688,0.8509616
707.7081,0.8509616
707.7281,0.8509616
707.7481,0.8509616
707.7681,0.8509616
707.7881,0.8509616
707.8082,0.8509616
707.8282,0.8509616
707.8482,0.8509616
707.8682,0.8509616
707.8882,0.8509616
707.9083,0.8509616
707.9283,0.8509616
707.9483,0.8509616
707.9683,0.8509616
707.9883,0.8509616
708.0084,0.8509616
708.0284,0.8509616
708.0484,0.8509616
708.0684,0.8509616
708.0884,0.8509616
708.1085,0.8509616
708.1285,0.8509616
708.1485,0.8509616
708.1685,0.8509616
708.1885,0.8509616
708.2086,0.8509616
708.2286,0.8509616
708.2486,0.8509616
708.2686,0.8509616
708.2886,0.8509616
708.3087,0.8509616
708.3287,0.8509616
708.3487,0.8509616
708.3687,0.8509616
708.3887,0.8509616
708.4088,0.8509616
708.4288,0.8509616
708.4488,0.8509616
708.4688,0.8509616
708.4888,0.8509616
708.5089,0.8509616
708.5289,0.8509616
708.5489,0.8509616
708.5689,0.8509616
708.5889,0.8509616
708.6089,0.8509616
708.629,0.8509616
708.649,0.8509616
708.669,0.8509616
708.689,0.8509616
708.709,0.8509616
708.7291,0.8509616
708.7491,0.8509616
708.7691,0.8509616
708.7891,0.8509616
708.8091,0.8509616
708.8292,0.8509616
708.8492,0.8509616
708.8692,0.8509616
708.8892,0.8509616
708.9092,0.8509616
708.9293,0.8509616
708.9493,0.8509616
708.9693,0.8509616
708.9893,0.8509616
709.0093,0.8509616
709.0294,0.8509616
709.0494,0.8509616
709.0694,0.8509616
709.0894,0.8509616
709.1094,0.8509616
709.1295,0.8509616
709.1495,0.8509616
709.1695,0.8509616
709.1895,0.8509616
709.2095,0.8509616
709.2296,0.8509616
709.2496,0.8509616
709.2696,0.8509616
709.2896,0.8509616
709.3096,0.8509616
709.3297,0.8509616
709.3497,0.8509616
709.3697,0.8509616
709.3897,0.8509616
709.4097,0.8509616
709.4297,0.8509616
709.4498,0.8509616
709.4698,0.8509616
709.4898,0.8509616
709.5098,0.8509616
709.5298,0.8509616
709.5499,0.8509616
709.5699,0.8509616
709.5899,0.8509616
709.6099,0.8509616
709.6299,0.8509616
709.65,0.8509616
709.67,0.8509616
709.69,0.8509616
709.71,0.8509616
709.73,0.8509616
709.7501,0.8509616
709.7701,0.8509616
709.7901,0.8509616
709.8101,0.8509616
709.8301,0.8509616
709.8502,0.8509616
709.8702,0.8509616
709.8902,0.8509616
709.9102,0.8509616
709.9302,0.8509616
709.9503,0.8509616
709.9703,0.8509616
709.9903,0.8509616
710.0103,0.8509616
710.0303,0.8509616
710.0504,0.8509616
710.0704,0.8509616
710.0904,0.8509616
710.1104,0.8509616
710.1304,0.8509616
710.1505,0.8509616
710.1705,0.8509616
710.1905,0.8509616
710.2105,0.8509616
710.2305,0.8509616
710.2505,0.8509616
710.2706,0.8509616
710.2906,0.8509616
710.3106,0.8509616
710.3306,0.8509616
710.3506,0.8509616
710.3707,0.8509616
710.3907,0.8509616
710.4107,0.8509616
710.4307,0.8509616
710.4507,0.8509616
710.4708,0.8509616
710.4908,0.8509616
710.5108,0.8509616
710.5308,0.8509616
710.5508,0.8509616
710.5709,0.8509616
710.5909,0.8509616
710.6109,0.8509616
710.6309,0.8509616
710.6509,0.8509616
710.671,0.8509616
710.691,0.8509616
710.711,0.8509616
710.731,0.8509616
710.751,0.8509616
710.7711,0.8509616
710.7911,0.8509616
710.8111,0.8509616
710.8311,0.8509616
710.8511,0.8509616
710.8712,0.8509616
710.8912,0.8509616
710.9112,0.8509616
710.9312,0.8509616
710.9512,0.8509616
710.9713,0.8509616
710.9913,0.8509616
711.0113,0.8509616
711.0313,0.8509616
711.0513,0.8509616
711.0714,0.8509616
711.0914,0.8509616
711.1114,0.8509616
711.1314,0.8509616
711.1514,0.8509616
711.1714,0.8509616
711.1915,0.8509616
711.2115,0.8509616
711.2315,0.8509616
711.2515,0.8509616
711.2715,0.8509616
711.2916,0.8509616
711.3116,0.8509616
711.3316,0.8509616
711.3516,0.8509616
711.3716,0.8509616
711.3917,0.8509616
711.4117,0.8509616
711.4317,0.8509616
711.4517,0.8509616
711.4717,0.8509616
711.4918,0.8509616
711.5118,0.8509616
711.5318,0.8509616
711.5518,0.8509616
711.5718,0.8509616
711.5919,0.8509616
711.6119,0.8509616
711.6319,0.8509616
711.6519,0.8509616
711.6719,0.8509616
711.692,0.8509616
711.712,0.8509616
711.732,0.8509616
711.752,0.8509616
711.772,0.8509616
711.7921,0.8509616
711.8121,0.8509616
711.8321,0.8509616
711.8521,0.8509616
711.8721,0.8509616
711.8922,0.8509616
711.9122,0.8509616
711.9322,0.8509616
711.9522,0.8509616
711.9722,0.8509616
711.9922,0.8509616
712.0123,0.8509616
712.0323,0.8509616
712.0523,0.8509616
712.0723,0.8509616
712.0923,0.8509616
712.1124,0.8509616
712.1324,0.8509616
712.1524,0.8509616
712.1724,0.8509616
712.1924,0.8509616
712.2125,0.8509616
712.2325,0.8509616
712.2525,0.8509616
712.2725,0.8509616
712.2925,0.8509616
712.3126,0.8509616
712.3326,0.8509616
712.3526,0.8509616
712.3726,0.8509616
712.3926,0.8509616
712.4127,0.8509616
712.4327,0.8509616
712.4527,0.8509616
712.4727,0.8509616
712.4927,0.8509616
712.5128,0.8509616
712.5328,0.8509616
712.5528,0.8509616
712.5728,0.8509616
712.5928,0.8509616
712.6129,0.8509616
712.6329,0.8509616
712.6529,0.8509616
712.6729,0.8509616
712.6929,0.8509616
712.713,0.8509616
712.733,0.8509616
712.753,0.8509616
712.773,0.8509616
712.793,0.8509616
712.813,0.8509616
712.8331,0.8509616
712.8531,0.8509616
712.8731,0.8509616
712.8931,0.8509616
712.9131,0.8509616
712.9332,0.8509616
712.9532,0.8509616
712.9732,0.8509616
712.9932,0.8509616
713.0132,0.8509616
713.0333,0.8509616
713.0533,0.8509616
713.0733,0.8509616
713.0933,0.8509616
713.1133,0.8509616
713.1334,0.8509616
713.1534,0.8509616
713.1734,0.8509616
713.1934,0.8509616
713.2134,0.8509616
713.2335,0.8509616
713.2535,0.8509616
713.2735,0.8509616
713.2935,0.8509616
713.3135,0.8509616
713.3336,0.8509616
713.3536,0.8509616
713.3736,0.8509616
713.3936,0.8509616
713.4136,0.8509616
713.4337,0.8509616
713.4537,0.8509616
713.4737,0.8509616
713.4937,0.8509616
713.5137,0.8509616
713.5338,0.8509616
713.5538,0.8509616
713.5738,0.8509616
713.5938,0.8509616
713.6138,0.8509616
713.6339,0.8509616
713.6539,0.8509616
713.6739,0.8509616
713.6939,0.8509616
713.7139,0.8509616
713.7339,0.8509616
713.754,0.8509616
713.774,0.8509616
713.794,0.8509616
713.814,0.8509616
713.834,0.8509616
713.8541,0.8509616
713.8741,0.8509616
713.8941,0.8509616
713.9141,0.8509616
713.9341,0.8509616
713.9542,0.8509616
713.9742,0.8509616
713.9942,0.8509616
714.0142,0.8509616
714.0342,0.8509616
714.0543,0.8509616
714.0743,0.8509616
714.0943,0.8509616
714.1143,0.8509616
714.1343,0.8509616
714.1544,0.8509616
714.1744,0.8509616
714.1944,0.8509616
714.2144,0.8509616
714.2344,0.8509616
714.2545,0.8509616
714.2745,0.8509616
714.2945,0.8509616
714.3145,0.8509616
714.3345,0.8509616
714.3546,0.8509616
714.3746,0.8509616
714.3946,0.8509616
714.4146,0.8509616
714.4346,0.8509616
714.4547,0.8509616
714.4747,0.8509616
714.4947,0.8509616
714.5147,0.8509616
714.5347,0.8509616
714.5547,0.8509616
714.5748,0.8509616
714.5948,0.8509616
714.6148,0.8509616
714.6348,0.8509616
714.6548,0.8509616
714.6749,0.8509616
714.6949,0.8509616
714.7149,0.8557692
714.7349,0.8557692
714.7549,0.8557692
714.775,0.8557692
714.795,0.8557692
714.815,0.8557692
714.835,0.8557692
714.855,0.8557692
714.8751,0.8557692
714.8951,0.8557692
714.9151,0.8557692
714.9351,0.8557692
714.9551,0.8557692
714.9752,0.8557692
714.9952,0.8557692
715.0152,0.8557692
715.0352,0.8557692
715.0552,0.8557692
715.0753,0.8557692
715.0953,0.8557692
715.1153,0.8557692
715.1353,0.8557692
715.1553,0.8557692
715.1754,0.8557692
715.1954,0.8557692
715.2154,0.8557692
715.2354,0.8557692
715.2554,0.8557692
715.2755,0.8557692
715.2955,0.8557692
715.3155,0.8557692
715.3355,0.8557692
715.3555,0.8557692
715.3755,0.8557692
715.3956,0.8557692
715.4156,0.8557692
715.4356,0.8557692
715.4556,0.8557692
715.4756,0.8557692
715.4957,0.8557692
715.5157,0.8557692
715.5357,0.8557692
715.5557,0.8557692
715.5757,0.8557692
715.5958,0.8557692
715.6158,0.8557692
715.6358,0.8557692
715.6558,0.8557692
715.6758,0.8557692
715.6959,0.8557692
715.7159,0.8557692
715.7359,0.8557692
715.7559,0.8557692
715.7759,0.8557692
715.796,0.8557692
715.816,0.8557692
715.836,0.8557692
715.856,0.8557692
715.876,0.8557692
715.8961,0.8557692
715.9161,0.8557692
715.9361,0.8557692
715.9561,0.8557692
715.9761,0.8557692
715.9962,0.8557692
716.0162,0.8557692
716.0362,0.8557692
716.0562,0.8557692
716.0762,0.8557692
716.0963,0.8557692
716.1163,0.8557692
716.1363,0.8557692
716.1563,0.8557692
716.1763,0.8557692
716.1964,0.8605769
716.2164,0.8605769
716.2364,0.8605769
716.2564,0.8605769
716.2764,0.8605769
716.2964,0.8605769
716.3165,0.8605769
716.3365,0.8605769
716.3565,0.8605769
716.3765,0.8605769
716.3965,0.8605769
716.4166,0.8605769
716.4366,0.8605769
716.4566,0.8605769
716.4766,0.8605769
716.4966,0.8605769
716.5167,0.8605769
716.5367,0.8605769
716.5567,0.8605769
716.5767,0.8605769
716.5967,0.8605769
716.6168,0.8605769
716.6368,0.8605769
716.6568,0.8605769
716.6768,0.8605769
716.6968,0.8605769
716.7169,0.8605769
716.7369,0.8605769
716.7569,0.8605769
716.7769,0.8605769
716.7969,0.8605769
716.817,0.8605769
716.837,0.8605769
716.857,0.8605769
716.877,0.8605769
716.897,0.8605769
716.9171,0.8605769
716.9371,0.8605769
716.9571,0.8605769
716.9771,0.8605769
716.9971,0.8605769
717.0172,0.8605769
717.0372,0.8605769
717.0572,0.8605769
717.0772,0.8605769
717.0972,0.8605769
717.1172,0.8605769
717.1373,0.8605769
717.1573,0.8605769
717.1773,0.8605769
717.1973,0.8605769
717.2173,0.8605769
717.2374,0.8605769
717.2574,0.8605769
717.2774,0.8605769
717.2974,0.8605769
717.3174,0.8605769
717.3375,0.8605769
717.3575,0.8605769
717.3775,0.8605769
717.3975,0.8605769
717.4175,0.8605769
717.4376,0.8605769
717.4576,0.8605769
717.4776,0.8605769
717.4976,0.8605769
717.5176,0.8605769
717.5377,0.8605769
717.5577,0.8605769
717.5777,0.8605769
717.5977,0.8605769
717.6177,0.8605769
717.6378,0.8605769
717.6578,0.8605769
717.6778,0.8605769
717.6978,0.8605769
717.7178,0.8605769
717.7379,0.8605769
717.7579,0.8605769
717.7779,0.8605769
717.7979,0.8605769
717.8179,0.8605769
717.838,0.8605769
717.858,0.8605769
717.878,0.8605769
717.898,0.8605769
717.918,0.8605769
717.938,0.8605769
717.9581,0.8605769
717.9781,0.8605769
717.9981,0.8605769
718.0181,0.8605769
718.0381,0.8605769
718.0582,0.8605769
718.0782,0.8605769
718.0982,0.8605769
718.1182,0.8605769
718.1382,0.8605769
718.1583,0.8605769
718.1783,0.8605769
718.1983,0.8605769
718.2183,0.8605769
718.2383,0.8605769
718.2584,0.8605769
718.2784,0.8605769
718.2984,0.8605769
718.3184,0.8605769
718.3384,0.8605769
718.3585,0.8605769
718.3785,0.8605769
718.3985,0.8605769
718.4185,0.8605769
718.4385,0.8605769
718.4586,0.8605769
718.4786,0.8605769
718.4986,0.8605769
718.5186,0.8605769
718.5386,0.8605769
718.5587,0.8605769
718.5787,0.8605769
718.5987,0.8605769
718.6187,0.8605769
718.6387,0.8605769
718.6588,0.8605769
718.6788,0.8605769
718.6988,0.8605769
718.7188,0.8605769
718.7388,0.8605769
718.7589,0.8605769
718.7789,0.8605769
718.7989,0.8605769
718.8189,0.8605769
718.8389,0.8605769
718.8589,0.8605769
718.879,0.8605769
718.899,0.8605769
718.919,0.8605769
718.939,0.8605769
718.959,0.8605769
718.9791,0.8605769
718.9991,0.8605769
719.0191,0.8605769
719.0391,0.8605769
719.0591,0.8605769
719.0792,0.8605769
719.0992,0.8605769
719.1192,0.8605769
719.1392,0.8605769
719.1592,0.8605769
719.1793,0.8605769
719.1993,0.8605769
719.2193,0.8605769
719.2393,0.8605769
719.2593,0.8605769
719.2794,0.8605769
719.2994,0.8605769
719.3194,0.8605769
719.3394,0.8605769
719.3594,0.8605769
719.3795,0.8605769
719.3995,0.8605769
719.4195,0.8605769
719.4395,0.8605769
719.4595,0.8605769
719.4796,0.8605769
719.4996,0.8605769
719.5196,0.8605769
719.5396,0.8701923
719.5596,0.8701923
719.5797,0.8701923
719.5997,0.8701923
719.6197,0.8701923
719.6397,0.8701923
719.6597,0.8701923
719.6797,0.8701923
719.6998,0.8701923
719.7198,0.8701923
719.7398,0.8701923
719.7598,0.8701923
719.7798,0.8701923
719.7999,0.8701923
719.8199,0.8701923
719.8399,0.8701923
719.8599,0.8701923
719.8799,0.8701923
719.9,0.8701923
719.92,0.8701923
719.94,0.8701923
719.96,0.8701923
719.98,0.8701923
720.0001,0.8701923
720.0201,0.8701923
720.0401,0.8701923
720.0601,0.8701923
720.0801,0.8701923
720.1002,0.8701923
720.1202,0.8701923
720.1402,0.8701923
720.1602,0.8701923
720.1802,0.8701923
720.2003,0.8701923
720.2203,0.8701923
720.2403,0.8701923
720.2603,0.8701923
720.2803,0.8701923
720.3004,0.8701923
720.3204,0.8701923
720.3404,0.8701923
720.3604,0.8701923
720.3804,0.8701923
720.4005,0.8701923
720.4205,0.8701923
720.4405,0.8701923
720.4605,0.8701923
720.4805,0.8701923
720.5005,0.8701923
720.5206,0.8701923
720.5406,0.8701923
720.5606,0.8701923
720.5806,0.8701923
720.6006,0.8701923
720.6207,0.8701923
720.6407,0.8701923
720.6607,0.8701923
720.6807,0.8701923
720.7007,0.8701923
720.7208,0.8701923
720.7408,0.8701923
720.7608,0.8701923
720.7808,0.8701923
720.8008,0.8701923
720.8209,0.8701923
720.8409,0.8701923
720.8609,0.8701923
720.8809,0.8701923
720.9009,0.8701923
720.921,0.8701923
720.941,0.8701923
720.961,0.8701923
720.981,0.8701923
721.001,0.8701923
721.0211,0.8701923
721.0411,0.8701923
721.0611,0.8701923
721.0811,0.8701923
721.1011,0.8701923
721.1212,0.8701923
721.1412,0.8701923
721.1612,0.8701923
721.1812,0.8701923
721.2012,0.8701923
721.2213,0.8701923
721.2413,0.8701923
721.2613,0.8701923
721.2813,0.8701923
721.3013,0.8701923
721.3214,0.8701923
721.3414,0.8701923
721.3614,0.8701923
721.3814,0.8701923
721.4014,0.8701923
721.4214,0.8701923
721.4415,0.8701923
721.4615,0.8701923
721.4815,0.8701923
721.5015,0.8701923
721.5215,0.8701923
721.5416,0.8701923
721.5616,0.8701923
721.5816,0.8701923
721.6016,0.8701923
721.6216,0.8701923
721.6417,0.8701923
721.6617,0.8701923
721.6817,0.8701923
721.7017,0.8701923
721.7217,0.8701923
721.7418,0.8701923
721.7618,0.8701923
721.7818,0.8701923
721.8018,0.8701923
721.8218,0.8701923
721.8419,0.8701923
721.8619,0.8701923
721.8819,0.8701923
721.9019,0.8701923
721.9219,0.8701923
721.942,0.8701923
721.962,0.8701923
721.982,0.8701923
722.002,0.8701923
722.022,0.8701923
722.0421,0.8701923
722.0621,0.8701923
722.0821,0.8701923
722.1021,0.8701923
722.1221,0.8701923
722.1422,0.8701923
722.1622,0.8701923
722.1822,0.8701923
722.2022,0.8701923
722.2222,0.8701923
722.2422,0.8701923
722.2623,0.8701923
722.2823,0.8701923
722.3023,0.8701923
722.3223,0.8701923
722.3423,0.8701923
722.3624,0.8701923
722.3824,0.8701923
722.4024,0.8701923
722.4224,0.8701923
722.4424,0.8701923
722.4625,0.8701923
722.4825,0.8701923
722.5025,0.8701923
722.5225,0.8701923
722.5425,0.8701923
722.5626,0.8701923
722.5826,0.8701923
722.6026,0.8701923
722.6226,0.8701923
722.6426,0.8701923
722.6627,0.8701923
722.6827,0.8701923
722.7027,0.8701923
722.7227,0.8701923
722.7427,0.8701923
722.7628,0.8701923
722.7828,0.8701923
722.8028,0.8701923
722.8228,0.8701923
722.8428,0.8701923
722.8629,0.8701923
722.8829,0.8701923
722.9029,0.8701923
722.9229,0.8701923
722.9429,0.8701923
722.963,0.8701923
722.983,0.8701923
723.003,0.8701923
723.023,0.8701923
723.043,0.8701923
723.063,0.8701923
723.0831,0.8701923
723.1031,0.8701923
723.1231,0.8701923
723.1431,0.8701923
723.1631,0.8701923
723.1832,0.8701923
723.2032,0.8701923
723.2232,0.8701923
723.2432,0.8701923
723.2632,0.8701923
723.2833,0.8701923
723.3033,0.8701923
723.3233,0.8701923
723.3433,0.8701923
723.3633,0.8701923
723.3834,0.8701923
723.4034,0.8701923
723.4234,0.8701923
723.4434,0.8701923
723.4634,0.8701923
723.4835,0.8701923
723.5035,0.8701923
723.5235,0.8701923
723.5435,0.8701923
723.5635,0.8701923
723.5836,0.8701923
723.6036,0.8701923
723.6236,0.8701923
723.6436,0.8701923
723.6636,0.8701923
723.6837,0.8701923
723.7037,0.8701923
723.7237,0.8701923
723.7437,0.8701923
723.7637,0.8701923
723.7838,0.8701923
723.8038,0.8701923
723.8238,0.8701923
723.8438,0.8701923
723.8638,0.8701923
723.8839,0.8701923
723.9039,0.8701923
723.9239,0.8701923
723.9439,0.8701923
723.9639,0.8701923
723.9839,0.8701923
724.004,0.8701923
724.024,0.8701923
724.044,0.8701923
724.064,0.8701923
724.084,0.8701923
724.1041,0.8701923
724.1241,0.8701923
724.1441,0.8701923
724.1641,0.8701923
724.1841,0.8701923
724.2042,0.8701923
724.2242,0.8701923
724.2442,0.8701923
724.2642,0.8701923
724.2842,0.8701923
724.3043,0.8701923
724.3243,0.8701923
724.3443,0.8701923
724.3643,0.8701923
724.3843,0.8701923
724.4044,0.8701923
724.4244,0.8701923
724.4444,0.8701923
724.4644,0.8701923
724.4844,0.8701923
724.5045,0.8701923
724.5245,0.8701923
724.5445,0.8701923
724.5645,0.8701923
724.5845,0.8701923
724.6046,0.8701923
724.6246,0.8701923
724.6446,0.8701923
724.6646,0.8701923
724.6846,0.8701923
724.7047,0.8701923
724.7247,0.8701923
724.7447,0.8701923
724.7647,0.8701923
724.7847,0.8701923
724.8047,0.8701923
724.8248,0.8701923
724.8448,0.8701923
724.8648,0.8701923
724.8848,0.8701923
724.9048,0.8701923
724.9249,0.8701923
724.9449,0.8701923
724.9649,0.8701923
724.9849,0.8701923
725.0049,0.8701923
725.025,0.8701923
725.045,0.8701923
725.065,0.8701923
725.085,0.8701923
725.105,0.8701923
725.1251,0.8701923
725.1451,0.8701923
725.1651,0.8701923
725.1851,0.8701923
725.2051,0.8701923
725.2252,0.8701923
725.2452,0.8701923
725.2652,0.8701923
725.2852,0.8701923
725.3052,0.8701923
725.3253,0.8701923
725.3453,0.8701923
725.3653,0.8701923
725.3853,0.8701923
725.4053,0.8701923
725.4254,0.8701923
725.4454,0.8701923
725.4654,0.8701923
725.4854,0.8701923
725.5054,0.8701923
725.5255,0.8701923
725.5455,0.8701923
725.5655,0.8701923
725.5855,0.8701923
725.6055,0.8701923
725.6255,0.8701923
725.6456,0.8701923
725.6656,0.8701923
725.6856,0.8701923
725.7056,0.8701923
725.7256,0.8701923
725.7457,0.8701923
725.7657,0.8701923
725.7857,0.8701923
725.8057,0.8701923
725.8257,0.8701923
725.8458,0.8701923
725.8658,0.8701923
725.8858,0.8701923
725.9058,0.8701923
725.9258,0.8701923
725.9459,0.8701923
725.9659,0.8701923
725.9859,0.8701923
726.0059,0.8701923
726.0259,0.8701923
726.046,0.8701923
726.066,0.8701923
726.086,0.8701923
726.106,0.8701923
726.126,0.8701923
726.1461,0.8701923
726.1661,0.8701923
726.1861,0.8701923
726.2061,0.8701923
726.2261,0.8701923
726.2462,0.8701923
726.2662,0.8701923
726.2862,0.8701923
726.3062,0.8701923
726.3262,0.8701923
726.3463,0.8701923
726.3663,0.8701923
726.3863,0.8701923
726.4063,0.8701923
726.4263,0.8701923
726.4464,0.8701923
726.4664,0.8701923
726.4864,0.8701923
726.5064,0.8701923
726.5264,0.8701923
726.5464,0.8701923
726.5665,0.8701923
726.5865,0.8701923
726.6065,0.8701923
726.6265,0.8701923
726.6465,0.8701923
726.6666,0.8701923
726.6866,0.8701923
726.7066,0.8701923
726.7266,0.8701923
726.7466,0.8701923
726.7667,0.8701923
726.7867,0.8701923
726.8067,0.8701923
726.8267,0.8701923
726.8467,0.8701923
726.8668,0.8701923
726.8868,0.8701923
726.9068,0.8701923
726.9268,0.8701923
726.9468,0.8701923
726.9669,0.8701923
726.9869,0.8701923
727.0069,0.8701923
727.0269,0.8701923
727.0469,0.8701923
727.067,0.8701923
727.087,0.8701923
727.107,0.8701923
727.127,0.8701923
727.147,0.8701923
727.1671,0.8701923
727.1871,0.8701923
727.2071,0.8701923
727.2271,0.8701923
727.2471,0.8701923
727.2672,0.8701923
727.2872,0.8701923
727.3072,0.8701923
727.3272,0.8701923
727.3472,0.8701923
727.3672,0.8701923
727.3873,0.8701923
727.4073,0.8701923
727.4273,0.8701923
727.4473,0.8701923
727.4673,0.8701923
727.4874,0.8701923
727.5074,0.8701923
727.5274,0.8701923
727.5474,0.8701923
727.5674,0.8701923
727.5875,0.8701923
727.6075,0.8701923
727.6275,0.8701923
727.6475,0.8701923
727.6675,0.8701923
727.6876,0.8701923
727.7076,0.8701923
727.7276,0.8701923
727.7476,0.8701923
727.7676,0.8701923
727.7877,0.8701923
727.8077,0.8701923
727.8277,0.8701923
727.8477,0.8701923
727.8677,0.8701923
727.8878,0.8701923
727.9078,0.8701923
727.9278,0.8701923
727.9478,0.8701923
727.9678,0.8701923
727.9879,0.8701923
728.0079,0.8701923
728.0279,0.8701923
728.0479,0.8701923
728.0679,0.8701923
728.088,0.8701923
728.108,0.8701923
728.128,0.8701923
728.148,0.8701923
728.168,0.8701923
728.188,0.8701923
728.2081,0.8701923
728.2281,0.8701923
728.2481,0.8701923
728.2681,0.8701923
728.2881,0.8701923
728.3082,0.8701923
728.3282,0.8701923
728.3482,0.8701923
728.3682,0.8701923
728.3882,0.8701923
728.4083,0.8701923
728.4283,0.8701923
728.4483,0.8701923
728.4683,0.8701923
728.4883,0.8701923
728.5084,0.8701923
728.5284,0.8701923
728.5484,0.8701923
728.5684,0.8701923
728.5884,0.8701923
728.6085,0.8701923
728.6285,0.8701923
728.6485,0.8701923
728.6685,0.8701923
728.6885,0.8701923
728.7086,0.8701923
728.7286,0.8701923
728.7486,0.8701923
728.7686,0.8701923
728.7886,0.8701923
728.8087,0.8701923
728.8287,0.8701923
728.8487,0.8701923
728.8687,0.8701923
728.8887,0.8701923
728.9088,0.8701923
728.9288,0.8701923
728.9488,0.8701923
728.9688,0.8701923
728.9888,0.8701923
729.0089,0.8701923
729.0289,0.8701923
729.0489,0.8701923
729.0689,0.8701923
729.0889,0.8701923
729.1089,0.8701923
729.129,0.8701923
729.149,0.8701923
729.169,0.8701923
729.189,0.8701923
729.209,0.8701923
729.2291,0.8701923
729.2491,0.8701923
729.2691,0.8701923
729.2891,0.8701923
729.3091,0.8701923
729.3292,0.8701923
729.3492,0.8701923
729.3692,0.8701923
729.3892,0.8701923
729.4092,0.8701923
729.4293,0.8701923
729.4493,0.8701923
729.4693,0.8701923
729.4893,0.8701923
729.5093,0.8701923
729.5294,0.8701923
729.5494,0.8701923
729.5694,0.8701923
729.5894,0.8701923
729.6094,0.8701923
729.6295,0.8701923
729.6495,0.8701923
729.6695,0.8701923
729.6895,0.8701923
729.7095,0.8701923
729.7296,0.8701923
729.7496,0.8701923
729.7696,0.8701923
729.7896,0.8701923
729.8096,0.8701923
729.8297,0.8701923
729.8497,0.8701923
729.8697,0.8701923
729.8897,0.8701923
729.9097,0.8701923
729.9297,0.8701923
729.9498,0.8701923
729.9698,0.8701923
729.9898,0.8701923
730.0098,0.8701923
730.0298,0.8701923
730.0499,0.8701923
730.0699,0.8701923
730.0899,0.8701923
730.1099,0.8701923
730.1299,0.8701923
730.15,0.8701923
730.17,0.8701923
730.19,0.8701923
730.21,0.8701923
730.23,0.8701923
730.2501,0.8701923
730.2701,0.8701923
730.2901,0.8701923
730.3101,0.8701923
730.3301,0.8701923
730.3502,0.8701923
730.3702,0.8701923
730.3902,0.8701923
730.4102,0.8701923
730.4302,0.8701923
730.4503,0.8701923
730.4703,0.8701923
730.4903,0.8701923
730.5103,0.8701923
730.5303,0.8701923
730.5504,0.8701923
730.5704,0.8701923
730.5904,0.8701923
730.6104,0.8701923
730.6304,0.8701923
730.6505,0.8701923
730.6705,0.8701923
730.6905,0.8701923
730.7105,0.8701923
730.7305,0.8701923
730.7505,0.8701923
730.7706,0.8701923
730.7906,0.8701923
730.8106,0.8701923
730.8306,0.8701923
730.8506,0.8701923
730.8707,0.8701923
730.8907,0.8701923
730.9107,0.8701923
730.9307,0.8701923
730.9507,0.8701923
730.9708,0.8701923
730.9908,0.8701923
731.0108,0.8701923
731.0308,0.8701923
731.0508,0.8701923
731.0709,0.8701923
731.0909,0.8701923
731.1109,0.8701923
731.1309,0.8701923
731.1509,0.8701923
731.171,0.8701923
731.191,0.8701923
731.211,0.8701923
731.231,0.8701923
731.251,0.8701923
731.2711,0.8701923
731.2911,0.8701923
731.3111,0.8701923
731.3311,0.8701923
731.3511,0.8701923
731.3712,0.8701923
731.3912,0.8701923
731.4112,0.8701923
731.4312,0.8701923
731.4512,0.8701923
731.4713,0.8701923
731.4913,0.8701923
731.5113,0.8701923
731.5313,0.8701923
731.5513,0.8701923
731.5714,0.8701923
731.5914,0.8701923
731.6114,0.8701923
731.6314,0.8701923
731.6514,0.8701923
731.6714,0.8701923
731.6915,0.8701923
731.7115,0.8701923
731.7315,0.8701923
731.7515,0.8701923
731.7715,0.8701923
731.7916,0.8701923
731.8116,0.8701923
731.8316,0.8701923
731.8516,0.8701923
731.8716,0.8701923
731.8917,0.8701923
731.9117,0.8701923
731.9317,0.8701923
731.9517,0.8701923
731.9717,0.8701923
731.9918,0.8701923
732.0118,0.8701923
732.0318,0.8701923
732.0518,0.8701923
732.0718,0.8701923
732.0919,0.8701923
732.1119,0.8701923
732.1319,0.8701923
732.1519,0.8701923
732.1719,0.8701923
732.192,0.8701923
732.212,0.8701923
732.232,0.8701923
732.252,0.8701923
732.272,0.8701923
732.2921,0.8701923
732.3121,0.8701923
732.3321,0.8701923
732.3521,0.8701923
732.3721,0.8701923
732.3922,0.8701923
732.4122,0.8701923
732.4322,0.8701923
732.4522,0.8701923
732.4722,0.8701923
732.4922,0.8701923
732.5123,0.8701923
732.5323,0.8701923
732.5523,0.8701923
732.5723,0.8701923
732.5923,0.8701923
732.6124,0.8701923
732.6324,0.8701923
732.6524,0.8701923
732.6724,0.8701923
732.6924,0.8701923
732.7125,0.8701923
732.7325,0.8701923
732.7525,0.8701923
732.7725,0.8701923
732.7925,0.8701923
732.8126,0.8701923
732.8326,0.8701923
732.8526,0.8701923
732.8726,0.8701923
732.8926,0.8701923
732.9127,0.8701923
732.9327,0.8701923
732.9527,0.8701923
732.9727,0.8701923
732.9927,0.8701923
733.0128,0.8701923
733.0328,0.8701923
733.0528,0.8701923
733.0728,0.8701923
733.0928,0.8701923
733.1129,0.8701923
733.1329,0.8701923
733.1529,0.8701923
733.1729,0.8701923
733.1929,0.8701923
733.213,0.8701923
733.233,0.8701923
733.253,0.8701923
733.273,0.8701923
733.293,0.8701923
733.313,0.8701923
733.3331,0.8701923
733.3531,0.8701923
733.3731,0.8701923
733.3931,0.8701923
733.4131,0.8701923
733.4332,0.8701923
733.4532,0.8701923
733.4732,0.8701923
733.4932,0.8701923
733.5132,0.8701923
733.5333,0.8701923
733.5533,0.8701923
733.5733,0.8701923
733.5933,0.8701923
733.6133,0.8701923
733.6334,0.8701923
733.6534,0.8701923
733.6734,0.8701923
733.6934,0.8701923
733.7134,0.8701923
733.7335,0.8701923
733.7535,0.8701923
733.7735,0.8701923
733.7935,0.8701923
733.8135,0.8701923
733.8336,0.8701923
733.8536,0.8701923
733.8736,0.8701923
733.8936,0.8701923
733.9136,0.8701923
733.9337,0.8701923
733.9537,0.8701923
733.9737,0.8701923
733.9937,0.8701923
734.0137,0.8701923
734.0338,0.8701923
734.0538,0.8701923
734.0738,0.8701923
734.0938,0.8701923
734.1138,0.8701923
734.1339,0.8701923
734.1539,0.8701923
734.1739,0.8701923
734.1939,0.8701923
734.2139,0.8701923
734.2339,0.8701923
734.254,0.8701923
734.274,0.8701923
734.294,0.8701923
734.314,0.8701923
734.334,0.8701923
734.3541,0.8701923
734.3741,0.8701923
734.3941,0.8701923
734.4141,0.8701923
734.4341,0.8701923
734.4542,0.8701923
734.4742,0.8701923
734.4942,0.8701923
734.5142,0.8701923
734.5342,0.8701923
734.5543,0.8701923
734.5743,0.8701923
734.5943,0.8701923
734.6143,0.8701923
734.6343,0.8701923
734.6544,0.8701923
734.6744,0.8701923
734.6944,0.8701923
734.7144,0.8701923
734.7344,0.8701923
734.7545,0.8701923
734.7745,0.8701923
734.7945,0.8701923
734.8145,0.8701923
734.8345,0.8701923
734.8546,0.8701923
734.8746,0.8701923
734.8946,0.8701923
734.9146,0.8701923
734.9346,0.8701923
734.9547,0.8701923
734.9747,0.8701923
734.9947,0.8701923
735.0147,0.8701923
735.0347,0.8701923
735.0547,0.8701923
735.0748,0.8701923
735.0948,0.8701923
735.1148,0.8701923
735.1348,0.8701923
735.1548,0.8701923
735.1749,0.8701923
735.1949,0.8701923
735.2149,0.8701923
735.2349,0.8701923
735.2549,0.8701923
735.275,0.8701923
735.295,0.8701923
735.315,0.8701923
735.335,0.8701923
735.355,0.8701923
735.3751,0.8701923
735.3951,0.8701923
735.4151,0.8701923
735.4351,0.8701923
735.4551,0.8701923
735.4752,0.8701923
735.4952,0.8701923
735.5152,0.8701923
735.5352,0.8701923
735.5552,0.8701923
735.5753,0.8701923
735.5953,0.8701923
735.6153,0.8701923
735.6353,0.8701923
735.6553,0.8701923
735.6754,0.8701923
735.6954,0.8701923
735.7154,0.8701923
735.7354,0.8701923
735.7554,0.8701923
735.7755,0.8701923
735.7955,0.8701923
735.8155,0.8701923
735.8355,0.8701923
735.8555,0.8701923
735.8755,0.8701923
735.8956,0.8701923
735.9156,0.8701923
735.9356,0.8701923
735.9556,0.8701923
735.9756,0.8701923
735.9957,0.8701923
736.0157,0.8701923
736.0357,0.8701923
736.0557,0.8701923
736.0757,0.8701923
736.0958,0.8701923
736.1158,0.8701923
736.1358,0.8701923
736.1558,0.8701923
736.1758,0.8701923
736.1959,0.8701923
736.2159,0.8701923
736.2359,0.8701923
736.2559,0.8701923
736.2759,0.8701923
736.296,0.8701923
736.316,0.8701923
736.336,0.8701923
736.356,0.8701923
736.376,0.8701923
736.3961,0.8701923
736.4161,0.8701923
736.4361,0.8701923
736.4561,0.8701923
736.4761,0.8701923
736.4962,0.8701923
736.5162,0.8701923
736.5362,0.8701923
736.5562,0.8701923
736.5762,0.8701923
736.5963,0.8701923
736.6163,0.8701923
736.6363,0.8701923
736.6563,0.8701923
736.6763,0.8701923
736.6964,0.8701923
736.7164,0.8701923
736.7364,0.8701923
736.7564,0.8701923
736.7764,0.8701923
736.7964,0.8701923
736.8165,0.8701923
736.8365,0.8701923
736.8565,0.8701923
736.8765,0.8701923
736.8965,0.8701923
736.9166,0.8701923
736.9366,0.8701923
736.9566,0.8701923
736.9766,0.8701923
736.9966,0.8701923
737.0167,0.8701923
737.0367,0.8701923
737.0567,0.8701923
737.0767,0.8701923
737.0967,0.8701923
737.1168,0.8701923
737.1368,0.8701923
737.1568,0.8701923
737.1768,0.8701923
737.1968,0.8701923
737.2169,0.8701923
737.2369,0.8701923
737.2569,0.8701923
737.2769,0.8701923
737.2969,0.8701923
737.317,0.8701923
737.337,0.8701923
737.357,0.8701923
737.377,0.8701923
737.397,0.8701923
737.4171,0.8701923
737.4371,0.8701923
737.4571,0.8701923
737.4771,0.8701923
737.4971,0.8701923
737.5172,0.8701923
737.5372,0.8701923
737.5572,0.8701923
737.5772,0.8701923
737.5972,0.8701923
737.6172,0.8701923
737.6373,0.8701923
737.6573,0.8701923
737.6773,0.8701923
737.6973,0.8701923
737.7173,0.8701923
737.7374,0.8701923
737.7574,0.8701923
737.7774,0.8701923
737.7974,0.8701923
737.8174,0.8701923
737.8375,0.8701923
737.8575,0.8701923
737.8775,0.8701923
737.8975,0.8701923
737.9175,0.8701923
737.9376,0.8701923
737.9576,0.8701923
737.9776,0.8701923
737.9976,0.8701923
738.0176,0.8701923
738.0377,0.8701923
738.0577,0.8701923
738.0777,0.8701923
738.0977,0.8701923
738.1177,0.8701923
738.1378,0.8701923
738.1578,0.8701923
738.1778,0.8701923
738.1978,0.8701923
738.2178,0.8701923
738.2379,0.8701923
738.2579,0.8701923
738.2779,0.8701923
738.2979,0.8701923
738.3179,0.8701923
738.338,0.8701923
738.358,0.8701923
738.378,0.8701923
738.398,0.8701923
738.418,0.8701923
738.438,0.8701923
738.4581,0.8701923
738.4781,0.8701923
738.4981,0.8701923
738.5181,0.8701923
738.5381,0.8701923
738.5582,0.8701923
738.5782,0.8701923
738.5982,0.8701923
738.6182,0.8701923
738.6382,0.8701923
738.6583,0.8701923
738.6783,0.8701923
738.6983,0.8701923
738.7183,0.8701923
738.7383,0.8701923
738.7584,0.8701923
738.7784,0.8701923
738.7984,0.8701923
738.8184,0.8701923
738.8384,0.8701923
738.8585,0.8701923
738.8785,0.8701923
738.8985,0.8701923
738.9185,0.8701923
738.9385,0.8701923
738.9586,0.8701923
738.9786,0.8701923
738.9986,0.8701923
739.0186,0.8701923
739.0386,0.8701923
739.0587,0.8701923
739.0787,0.8701923
739.0987,0.8701923
739.1187,0.8701923
739.1387,0.8701923
739.1588,0.8701923
739.1788,0.8701923
739.1988,0.8701923
739.2188,0.8701923
739.2388,0.8701923
739.2589,0.8701923
739.2789,0.8701923
739.2989,0.8701923
739.3189,0.8701923
739.3389,0.8701923
739.3589,0.8701923
739.379,0.8701923
739.399,0.8701923
739.419,0.8701923
739.439,0.8701923
739.459,0.8701923
739.4791,0.8701923
739.4991,0.8701923
739.5191,0.8701923
739.5391,0.8701923
739.5591,0.8701923
739.5792,0.8701923
739.5992,0.8701923
739.6192,0.8701923
739.6392,0.8701923
739.6592,0.8701923
739.6793,0.8701923
739.6993,0.8701923
739.7193,0.8701923
739.7393,0.8701923
739.7593,0.8701923
739.7794,0.8701923
739.7994,0.8701923
739.8194,0.8701923
739.8394,0.8701923
739.8594,0.8701923
739.8795,0.8701923
739.8995,0.8701923
739.9195,0.8701923
739.9395,0.8701923
739.9595,0.8701923
739.9796,0.8701923
739.9996,0.8701923
740.0196,0.8701923
