Evacuation Rate, Elapsed Sec
0, 0.01999999
0, 0.03999998
0, 0.05999998
0, 0.07999997
0, 0.09999996
0, 0.12
0, 0.14
0, 0.16
0, 0.1799999
0, 0.1999999
0, 0.2199999
0, 0.2399999
0, 0.2599999
0, 0.2799999
0, 0.2999999
0, 0.3199999
0, 0.3399999
0, 0.3599998
0, 0.3799998
0, 0.3999998
0, 0.4199998
0, 0.4399998
0, 0.4599997
0, 0.4799997
0, 0.4999997
0, 0.5199997
0, 0.5399997
0, 0.5599996
0, 0.5799996
0, 0.5999996
0, 0.6199996
0, 0.6399996
0, 0.6599995
0, 0.6799995
0, 0.6999995
0, 0.7199995
0, 0.7399995
0, 0.7599995
0, 0.7799994
0, 0.7999994
0, 0.8199994
0, 0.8399994
0, 0.8599994
0, 0.8799993
0, 0.8999993
0, 0.9199993
0, 0.9399993
0, 0.9599993
0, 0.9799992
0, 0.9999992
0, 1.019999
0, 1.039999
0, 1.059999
0, 1.079999
0, 1.099999
0, 1.119999
0, 1.139999
0, 1.159999
0, 1.179999
0, 1.199999
0, 1.219999
0, 1.239999
0, 1.259999
0, 1.279999
0, 1.299999
0, 1.319999
0, 1.339999
0, 1.359999
0, 1.379999
0, 1.399999
0, 1.419999
0, 1.439999
0, 1.459999
0, 1.479999
0, 1.499999
0, 1.519999
0, 1.539999
0, 1.559999
0, 1.579999
0, 1.599999
0, 1.619999
0, 1.639999
0, 1.659999
0, 1.679999
0, 1.699999
0, 1.719999
0, 1.739999
0, 1.759999
0, 1.779999
0, 1.799999
0, 1.819999
0, 1.839998
0, 1.859998
0, 1.879998
0, 1.899998
0, 1.919998
0, 1.939998
0, 1.959998
0, 1.979998
0, 1.999998
0, 2.019998
0, 2.039998
0, 2.059998
0, 2.079998
0, 2.099998
0, 2.119998
0, 2.139998
0, 2.159998
0, 2.179998
0, 2.199998
0, 2.219998
0, 2.239998
0, 2.259998
0, 2.279998
0, 2.299998
0, 2.319998
0, 2.339998
0, 2.359998
0, 2.379998
0, 2.399998
0, 2.419998
0, 2.439998
0, 2.459998
0, 2.479998
0, 2.499998
0, 2.519998
0, 2.539998
0, 2.559998
0, 2.579998
0, 2.599998
0, 2.619998
0, 2.639998
0, 2.659998
0, 2.679998
0, 2.699998
0, 2.719998
0, 2.739998
0, 2.759998
0, 2.779998
0, 2.799998
0, 2.819998
0, 2.839998
0, 2.859998
0, 2.879997
0, 2.899997
0, 2.919997
0, 2.939997
0, 2.959997
0, 2.979997
0, 2.999997
0, 3.019997
0, 3.039997
0, 3.059997
0, 3.079997
0, 3.099997
0, 3.119997
0, 3.139997
0, 3.159997
0, 3.179997
0, 3.199997
0, 3.219997
0, 3.239997
0, 3.259997
0, 3.279997
0, 3.299997
0, 3.319997
0, 3.339997
0, 3.359997
0, 3.379997
0, 3.399997
0, 3.419997
0, 3.439997
0, 3.459997
0, 3.479997
0, 3.499997
0, 3.519997
0, 3.539997
0, 3.559997
0, 3.579997
0, 3.599997
0, 3.619997
0, 3.639997
0, 3.659997
0, 3.679997
0, 3.699997
0, 3.719997
0, 3.739997
0, 3.759997
0, 3.779997
0, 3.799997
0, 3.819997
0, 3.839997
0, 3.859997
0, 3.879997
0, 3.899997
0, 3.919997
0, 3.939996
0, 3.959996
0, 3.979996
0, 3.999996
0, 4.019997
0, 4.039997
0, 4.059997
0, 4.079997
0, 4.099997
0, 4.119997
0, 4.139997
0, 4.159997
0, 4.179996
0, 4.199996
0, 4.219996
0, 4.239996
0, 4.259996
0, 4.279996
0, 4.299996
0, 4.319996
0, 4.339996
0, 4.359996
0, 4.379996
0, 4.399996
0, 4.419996
0, 4.439996
0, 4.459996
0, 4.479996
0, 4.499996
0, 4.519996
0, 4.539996
0, 4.559996
0, 4.579996
0, 4.599996
0, 4.619996
0, 4.639996
0, 4.659996
0, 4.679996
0, 4.699996
0, 4.719996
0, 4.739996
0, 4.759996
0, 4.779996
0, 4.799996
0, 4.819996
0, 4.839996
0, 4.859996
0, 4.879996
0, 4.899996
0, 4.919996
0, 4.939996
0, 4.959996
0, 4.979996
0, 4.999996
0, 5.019996
0, 5.039996
0, 5.059996
0, 5.079996
0, 5.099996
0, 5.119996
0, 5.139996
0, 5.159996
0, 5.179996
0, 5.199996
0, 5.219995
0, 5.239995
0, 5.259995
0, 5.279995
0, 5.299995
0, 5.319995
0, 5.339995
0, 5.359995
0, 5.379995
0, 5.399995
0, 5.419995
0, 5.439995
0, 5.459995
0, 5.479995
0, 5.499995
0, 5.519995
0, 5.539995
0, 5.559995
0, 5.579995
0, 5.599995
0, 5.619995
0, 5.639995
0, 5.659995
0, 5.679995
0, 5.699995
0, 5.719995
0, 5.739995
0, 5.759995
0, 5.779995
0, 5.799995
0, 5.819995
0, 5.839995
0, 5.859995
0, 5.879995
0, 5.899995
0, 5.919995
0, 5.939995
0, 5.959995
0, 5.979995
0, 5.999995
0, 6.019995
0, 6.039995
0, 6.059995
0, 6.079995
0, 6.099995
0, 6.119995
0, 6.139995
0, 6.159995
0, 6.179995
0, 6.199995
0, 6.219995
0, 6.239995
0, 6.259995
0, 6.279994
0, 6.299994
0, 6.319994
0, 6.339994
0, 6.359994
0, 6.379994
0, 6.399994
0, 6.419994
0, 6.439994
0, 6.459994
0, 6.479994
0, 6.499994
0, 6.519994
0, 6.539994
0, 6.559994
0, 6.579994
0, 6.599994
0, 6.619994
0, 6.639994
0, 6.659994
0, 6.679994
0, 6.699994
0, 6.719994
0, 6.739994
0, 6.759994
0, 6.779994
0, 6.799994
0, 6.819994
0, 6.839994
0, 6.859994
0, 6.879994
0, 6.899994
0, 6.919994
0, 6.939994
0, 6.959994
0, 6.979994
0, 6.999994
0, 7.019994
0, 7.039994
0, 7.059994
0, 7.079994
0, 7.099994
0, 7.119994
0, 7.139994
0, 7.159994
0, 7.179994
0, 7.199994
0, 7.219994
0, 7.239994
0, 7.259994
0, 7.279994
0, 7.299994
0, 7.319993
0, 7.339993
0, 7.359993
0, 7.379993
0, 7.399993
0, 7.419993
0, 7.439993
0, 7.459993
0, 7.479993
0, 7.499993
0, 7.519993
0, 7.539993
0, 7.559993
0, 7.579993
0, 7.599993
0, 7.619993
0, 7.639993
0, 7.659993
0, 7.679993
0, 7.699993
0, 7.719993
0, 7.739993
0, 7.759993
0, 7.779993
0, 7.799993
0, 7.819993
0, 7.839993
0, 7.859993
0, 7.879993
0, 7.899993
0, 7.919993
0, 7.939993
0, 7.959993
0, 7.979993
0, 7.999993
0, 8.019993
0, 8.039993
0, 8.059994
0, 8.079994
0, 8.099995
0, 8.119995
0, 8.139996
0, 8.159996
0, 8.179996
0, 8.199997
0, 8.219997
0, 8.239998
0, 8.259998
0, 8.279999
0, 8.299999
0, 8.32
0, 8.34
0, 8.360001
0, 8.380001
0, 8.400002
0, 8.420002
0, 8.440002
0, 8.460003
0, 8.480003
0, 8.500004
0, 8.520004
0, 8.540005
0, 8.560005
0, 8.580006
0, 8.600006
0, 8.620007
0, 8.640007
0, 8.660007
0, 8.680008
0, 8.700008
0, 8.720009
0, 8.740009
0, 8.76001
0, 8.78001
0, 8.800011
0, 8.820011
0, 8.840012
0, 8.860012
0, 8.880013
0, 8.900013
0, 8.920013
0, 8.940014
0, 8.960014
0, 8.980015
0, 9.000015
0, 9.020016
0, 9.040016
0, 9.060017
0, 9.080017
0, 9.100018
0, 9.120018
0, 9.140018
0, 9.160019
0, 9.180019
0, 9.20002
0, 9.22002
0, 9.240021
0, 9.260021
0, 9.280022
0, 9.300022
0, 9.320023
0, 9.340023
0, 9.360023
0, 9.380024
0, 9.400024
0, 9.420025
0, 9.440025
0, 9.460026
0, 9.480026
0, 9.500027
0, 9.520027
0, 9.540028
0, 9.560028
0, 9.580029
0, 9.600029
0, 9.620029
0, 9.64003
0, 9.66003
0, 9.680031
0, 9.700031
0, 9.720032
0, 9.740032
0, 9.760033
0, 9.780033
0, 9.800034
0, 9.820034
0, 9.840034
0, 9.860035
0, 9.880035
0, 9.900036
0, 9.920036
0, 9.940037
0, 9.960037
0, 9.980038
0, 10.00004
0, 10.02004
0, 10.04004
0, 10.06004
0, 10.08004
0, 10.10004
0, 10.12004
0, 10.14004
0, 10.16004
0, 10.18004
0, 10.20004
0, 10.22004
0, 10.24004
0, 10.26004
0, 10.28004
0, 10.30005
0, 10.32005
0, 10.34005
0, 10.36005
0, 10.38005
0, 10.40005
0, 10.42005
0, 10.44005
0, 10.46005
0, 10.48005
0, 10.50005
0, 10.52005
0, 10.54005
0, 10.56005
0, 10.58005
0, 10.60005
0, 10.62005
0, 10.64005
0, 10.66005
0, 10.68005
0, 10.70005
0, 10.72005
0, 10.74006
0, 10.76006
0, 10.78006
0, 10.80006
0, 10.82006
0, 10.84006
0, 10.86006
0, 10.88006
0, 10.90006
0, 10.92006
0, 10.94006
0, 10.96006
0, 10.98006
0, 11.00006
0, 11.02006
0, 11.04006
0, 11.06006
0, 11.08006
0, 11.10006
0, 11.12006
0, 11.14006
0, 11.16006
0, 11.18007
0, 11.20007
0, 11.22007
0, 11.24007
0, 11.26007
0, 11.28007
0, 11.30007
0, 11.32007
0, 11.34007
0, 11.36007
0, 11.38007
0, 11.40007
0, 11.42007
0, 11.44007
0, 11.46007
0, 11.48007
0, 11.50007
0, 11.52007
0, 11.54007
0, 11.56007
0, 11.58007
0, 11.60007
0, 11.62008
0, 11.64008
0, 11.66008
0, 11.68008
0, 11.70008
0, 11.72008
0, 11.74008
0, 11.76008
0, 11.78008
0, 11.80008
0, 11.82008
0, 11.84008
0, 11.86008
0, 11.88008
0, 11.90008
0, 11.92008
0, 11.94008
0, 11.96008
0, 11.98008
0, 12.00008
0, 12.02008
0, 12.04008
0, 12.06009
0, 12.08009
0, 12.10009
0, 12.12009
0, 12.14009
0, 12.16009
0, 12.18009
0, 12.20009
0, 12.22009
0, 12.24009
0, 12.26009
0, 12.28009
0, 12.30009
0, 12.32009
0, 12.34009
0, 12.36009
0, 12.38009
0, 12.40009
0, 12.42009
0, 12.44009
0, 12.46009
0, 12.48009
0, 12.5001
0, 12.5201
0, 12.5401
0, 12.5601
0, 12.5801
0, 12.6001
0, 12.6201
0, 12.6401
0, 12.6601
0, 12.6801
0, 12.7001
0, 12.7201
0, 12.7401
0, 12.7601
0, 12.7801
0, 12.8001
0, 12.8201
0, 12.8401
0, 12.8601
0, 12.8801
0, 12.9001
0, 12.9201
0, 12.94011
0, 12.96011
0, 12.98011
0, 13.00011
0, 13.02011
0, 13.04011
0, 13.06011
0, 13.08011
0, 13.10011
0, 13.12011
0, 13.14011
0, 13.16011
0, 13.18011
0, 13.20011
0, 13.22011
0, 13.24011
0, 13.26011
0, 13.28011
0, 13.30011
0, 13.32011
0, 13.34011
0, 13.36012
0, 13.38012
0, 13.40012
0, 13.42012
0, 13.44012
0, 13.46012
0, 13.48012
0, 13.50012
0, 13.52012
0, 13.54012
0, 13.56012
0, 13.58012
0, 13.60012
0, 13.62012
0, 13.64012
0, 13.66012
0, 13.68012
0, 13.70012
0, 13.72012
0, 13.74012
0, 13.76012
0, 13.78012
0, 13.80013
0, 13.82013
0, 13.84013
0, 13.86013
0, 13.88013
0, 13.90013
0, 13.92013
0, 13.94013
0, 13.96013
0, 13.98013
0, 14.00013
0, 14.02013
0, 14.04013
0, 14.06013
0, 14.08013
0, 14.10013
0, 14.12013
0, 14.14013
0, 14.16013
0, 14.18013
0, 14.20013
0, 14.22013
0, 14.24014
0, 14.26014
0, 14.28014
0, 14.30014
0, 14.32014
0, 14.34014
0, 14.36014
0, 14.38014
0, 14.40014
0, 14.42014
0, 14.44014
0, 14.46014
0, 14.48014
0, 14.50014
0, 14.52014
0, 14.54014
0, 14.56014
0, 14.58014
0, 14.60014
0, 14.62014
0, 14.64014
0, 14.66014
0, 14.68015
0, 14.70015
0, 14.72015
0, 14.74015
0, 14.76015
0, 14.78015
0, 14.80015
0, 14.82015
0, 14.84015
0, 14.86015
0, 14.88015
0, 14.90015
0, 14.92015
0, 14.94015
0, 14.96015
0, 14.98015
0, 15.00015
0, 15.02015
0, 15.04015
0, 15.06015
0, 15.08015
0, 15.10015
0, 15.12016
0, 15.14016
0, 15.16016
0, 15.18016
0, 15.20016
0, 15.22016
0, 15.24016
0, 15.26016
0, 15.28016
0, 15.30016
0, 15.32016
0, 15.34016
0, 15.36016
0, 15.38016
0, 15.40016
0, 15.42016
0, 15.44016
0, 15.46016
0, 15.48016
0, 15.50016
0, 15.52016
0, 15.54016
0, 15.56017
0, 15.58017
0, 15.60017
0, 15.62017
0, 15.64017
0, 15.66017
0, 15.68017
0, 15.70017
0, 15.72017
0, 15.74017
0, 15.76017
0, 15.78017
0, 15.80017
0, 15.82017
0, 15.84017
0, 15.86017
0, 15.88017
0, 15.90017
0, 15.92017
0, 15.94017
0, 15.96017
0, 15.98018
0, 16.00018
0, 16.02018
0, 16.04018
0, 16.06018
0, 16.08018
0, 16.10018
0, 16.12018
0, 16.14018
0, 16.16018
0, 16.18018
0, 16.20018
0, 16.22018
0, 16.24018
0, 16.26018
0, 16.28018
0, 16.30018
0, 16.32018
0, 16.34018
0, 16.36018
0, 16.38018
0, 16.40018
0, 16.42019
0, 16.44019
0, 16.46019
0, 16.48019
0, 16.50019
0, 16.52019
0, 16.54019
0, 16.56019
0, 16.58019
0, 16.60019
0, 16.62019
0, 16.64019
0, 16.66019
0, 16.68019
0, 16.70019
0, 16.72019
0, 16.74019
0, 16.76019
0, 16.78019
0, 16.80019
0, 16.82019
0, 16.84019
0, 16.8602
0, 16.8802
0, 16.9002
0, 16.9202
0, 16.9402
0, 16.9602
0, 16.9802
0, 17.0002
0, 17.0202
0, 17.0402
0, 17.0602
0, 17.0802
0, 17.1002
0, 17.1202
0, 17.1402
0, 17.1602
0, 17.1802
0, 17.2002
0, 17.2202
0, 17.2402
0, 17.2602
0, 17.2802
0, 17.30021
0, 17.32021
0, 17.34021
0, 17.36021
0, 17.38021
0, 17.40021
0, 17.42021
0, 17.44021
0, 17.46021
0, 17.48021
0, 17.50021
0, 17.52021
0, 17.54021
0, 17.56021
0, 17.58021
0, 17.60021
0, 17.62021
0, 17.64021
0, 17.66021
0, 17.68021
0, 17.70021
0, 17.72021
0, 17.74022
0, 17.76022
0, 17.78022
0, 17.80022
0, 17.82022
0, 17.84022
0, 17.86022
0, 17.88022
0, 17.90022
0, 17.92022
0, 17.94022
0, 17.96022
0, 17.98022
0, 18.00022
0, 18.02022
0, 18.04022
0, 18.06022
0, 18.08022
0, 18.10022
0, 18.12022
0, 18.14022
0, 18.16022
0, 18.18023
0, 18.20023
0, 18.22023
0, 18.24023
0, 18.26023
0, 18.28023
0, 18.30023
0, 18.32023
0, 18.34023
0, 18.36023
0, 18.38023
0, 18.40023
0, 18.42023
0, 18.44023
0, 18.46023
0, 18.48023
0, 18.50023
0, 18.52023
0, 18.54023
0, 18.56023
0, 18.58023
0, 18.60023
0, 18.62024
0, 18.64024
0, 18.66024
0, 18.68024
0, 18.70024
0, 18.72024
0, 18.74024
0, 18.76024
0, 18.78024
0, 18.80024
0, 18.82024
0, 18.84024
0, 18.86024
0, 18.88024
0, 18.90024
0, 18.92024
0, 18.94024
0, 18.96024
0, 18.98024
0, 19.00024
0, 19.02024
0, 19.04025
0, 19.06025
0, 19.08025
0, 19.10025
0, 19.12025
0, 19.14025
0, 19.16025
0, 19.18025
0, 19.20025
0, 19.22025
0, 19.24025
0, 19.26025
0, 19.28025
0, 19.30025
0, 19.32025
0, 19.34025
0, 19.36025
0, 19.38025
0, 19.40025
0, 19.42025
0, 19.44025
0, 19.46025
0, 19.48026
0, 19.50026
0, 19.52026
0, 19.54026
0, 19.56026
0, 19.58026
0, 19.60026
0, 19.62026
0, 19.64026
0, 19.66026
0, 19.68026
0, 19.70026
0, 19.72026
0, 19.74026
0, 19.76026
0, 19.78026
0, 19.80026
0, 19.82026
0, 19.84026
0, 19.86026
0, 19.88026
0, 19.90026
0, 19.92027
0, 19.94027
0, 19.96027
0, 19.98027
0, 20.00027
0, 20.02027
0, 20.04027
0, 20.06027
0, 20.08027
0, 20.10027
0, 20.12027
0, 20.14027
0, 20.16027
0, 20.18027
0, 20.20027
0, 20.22027
0, 20.24027
0, 20.26027
0, 20.28027
0, 20.30027
0, 20.32027
0, 20.34027
0, 20.36028
0, 20.38028
0, 20.40028
0, 20.42028
0, 20.44028
0, 20.46028
0, 20.48028
0, 20.50028
0, 20.52028
0, 20.54028
0, 20.56028
0, 20.58028
0, 20.60028
0, 20.62028
0, 20.64028
0, 20.66028
0, 20.68028
0, 20.70028
0, 20.72028
0, 20.74028
0, 20.76028
0, 20.78028
0, 20.80029
0, 20.82029
0, 20.84029
0, 20.86029
0, 20.88029
0, 20.90029
0, 20.92029
0, 20.94029
0, 20.96029
0, 20.98029
0, 21.00029
0, 21.02029
0, 21.04029
0, 21.06029
0, 21.08029
0, 21.10029
0, 21.12029
0, 21.14029
0, 21.16029
0, 21.18029
0, 21.20029
0, 21.22029
0, 21.2403
0, 21.2603
0, 21.2803
0, 21.3003
0, 21.3203
0, 21.3403
0, 21.3603
0, 21.3803
0, 21.4003
0, 21.4203
0, 21.4403
0, 21.4603
0, 21.4803
0, 21.5003
0, 21.5203
0, 21.5403
0, 21.5603
0, 21.5803
0, 21.6003
0, 21.6203
0, 21.6403
0, 21.66031
0, 21.68031
0, 21.70031
0, 21.72031
0, 21.74031
0, 21.76031
0, 21.78031
0, 21.80031
0, 21.82031
0, 21.84031
0, 21.86031
0, 21.88031
0, 21.90031
0, 21.92031
0, 21.94031
0, 21.96031
0, 21.98031
0, 22.00031
0, 22.02031
0, 22.04031
0, 22.06031
0, 22.08031
0, 22.10032
0, 22.12032
0, 22.14032
0, 22.16032
0, 22.18032
0, 22.20032
0, 22.22032
0, 22.24032
0, 22.26032
0, 22.28032
0, 22.30032
0, 22.32032
0, 22.34032
0, 22.36032
0, 22.38032
0, 22.40032
0, 22.42032
0, 22.44032
0, 22.46032
0, 22.48032
0, 22.50032
0, 22.52032
0, 22.54033
0, 22.56033
0, 22.58033
0, 22.60033
0, 22.62033
0, 22.64033
0, 22.66033
0, 22.68033
0, 22.70033
0, 22.72033
0, 22.74033
0, 22.76033
0, 22.78033
0, 22.80033
0, 22.82033
0, 22.84033
0, 22.86033
0, 22.88033
0, 22.90033
0, 22.92033
0, 22.94033
0, 22.96033
0, 22.98034
0, 23.00034
0, 23.02034
0, 23.04034
0, 23.06034
0, 23.08034
0, 23.10034
0, 23.12034
0, 23.14034
0, 23.16034
0, 23.18034
0, 23.20034
0, 23.22034
0, 23.24034
0, 23.26034
0, 23.28034
0, 23.30034
0, 23.32034
0, 23.34034
0, 23.36034
0, 23.38034
0, 23.40034
0, 23.42035
0, 23.44035
0, 23.46035
0, 23.48035
0, 23.50035
0, 23.52035
0, 23.54035
0, 23.56035
0, 23.58035
0, 23.60035
0, 23.62035
0, 23.64035
0, 23.66035
0, 23.68035
0, 23.70035
0, 23.72035
0, 23.74035
0, 23.76035
0, 23.78035
0, 23.80035
0, 23.82035
0, 23.84035
0, 23.86036
0, 23.88036
0, 23.90036
0, 23.92036
0, 23.94036
0, 23.96036
0, 23.98036
0, 24.00036
0, 24.02036
0, 24.04036
0, 24.06036
0, 24.08036
0, 24.10036
0, 24.12036
0, 24.14036
0, 24.16036
0, 24.18036
0, 24.20036
0, 24.22036
0, 24.24036
0, 24.26036
0, 24.28036
0, 24.30037
0, 24.32037
0, 24.34037
0, 24.36037
0, 24.38037
0, 24.40037
0, 24.42037
0, 24.44037
0, 24.46037
0, 24.48037
0, 24.50037
0, 24.52037
0, 24.54037
0, 24.56037
0, 24.58037
0, 24.60037
0, 24.62037
0, 24.64037
0, 24.66037
0, 24.68037
0, 24.70037
0, 24.72038
0, 24.74038
0, 24.76038
0, 24.78038
0, 24.80038
0, 24.82038
0, 24.84038
0, 24.86038
0, 24.88038
0, 24.90038
0, 24.92038
0, 24.94038
0, 24.96038
0, 24.98038
0, 25.00038
0, 25.02038
0, 25.04038
0, 25.06038
0, 25.08038
0, 25.10038
0, 25.12038
0, 25.14038
0, 25.16039
0, 25.18039
0, 25.20039
0, 25.22039
0, 25.24039
0, 25.26039
0, 25.28039
0, 25.30039
0, 25.32039
0, 25.34039
0, 25.36039
0, 25.38039
0, 25.40039
0, 25.42039
0, 25.44039
0, 25.46039
0, 25.48039
0, 25.50039
0, 25.52039
0, 25.54039
0, 25.56039
0, 25.58039
0, 25.6004
0, 25.6204
0, 25.6404
0, 25.6604
0, 25.6804
0, 25.7004
0, 25.7204
0, 25.7404
0, 25.7604
0, 25.7804
0, 25.8004
0, 25.8204
0, 25.8404
0, 25.8604
0, 25.8804
0, 25.9004
0, 25.9204
0, 25.9404
0, 25.9604
0, 25.9804
0, 26.0004
0, 26.0204
0, 26.04041
0, 26.06041
0, 26.08041
0, 26.10041
0, 26.12041
0, 26.14041
0, 26.16041
0, 26.18041
0, 26.20041
0, 26.22041
0, 26.24041
0, 26.26041
0, 26.28041
0, 26.30041
0, 26.32041
0, 26.34041
0, 26.36041
0, 26.38041
0, 26.40041
0, 26.42041
0, 26.44041
0, 26.46041
0, 26.48042
0, 26.50042
0, 26.52042
0, 26.54042
0, 26.56042
0, 26.58042
0, 26.60042
0, 26.62042
0, 26.64042
0, 26.66042
0, 26.68042
0, 26.70042
0, 26.72042
0, 26.74042
0, 26.76042
0, 26.78042
0, 26.80042
0, 26.82042
0, 26.84042
0, 26.86042
0, 26.88042
0, 26.90042
0, 26.92043
0, 26.94043
0, 26.96043
0, 26.98043
0, 27.00043
0, 27.02043
0, 27.04043
0, 27.06043
0, 27.08043
0, 27.10043
0, 27.12043
0, 27.14043
0, 27.16043
0, 27.18043
0, 27.20043
0, 27.22043
0, 27.24043
0, 27.26043
0, 27.28043
0, 27.30043
0, 27.32043
0, 27.34044
0, 27.36044
0, 27.38044
0, 27.40044
0, 27.42044
0, 27.44044
0, 27.46044
0, 27.48044
0, 27.50044
0, 27.52044
0, 27.54044
0, 27.56044
0, 27.58044
0, 27.60044
0, 27.62044
0, 27.64044
0, 27.66044
0, 27.68044
0, 27.70044
0, 27.72044
0, 27.74044
0, 27.76044
0, 27.78045
0, 27.80045
0, 27.82045
0, 27.84045
0, 27.86045
0, 27.88045
0, 27.90045
0, 27.92045
0, 27.94045
0, 27.96045
0, 27.98045
0, 28.00045
0, 28.02045
0, 28.04045
0, 28.06045
0, 28.08045
0, 28.10045
0, 28.12045
0, 28.14045
0, 28.16045
0, 28.18045
0, 28.20045
0, 28.22046
0, 28.24046
0, 28.26046
0, 28.28046
0, 28.30046
0, 28.32046
0, 28.34046
0, 28.36046
0, 28.38046
0, 28.40046
0, 28.42046
0, 28.44046
0, 28.46046
0, 28.48046
0, 28.50046
0, 28.52046
0, 28.54046
0, 28.56046
0, 28.58046
0, 28.60046
0, 28.62046
0, 28.64046
0, 28.66047
0, 28.68047
0, 28.70047
0, 28.72047
0, 28.74047
0, 28.76047
0, 28.78047
0, 28.80047
0, 28.82047
0, 28.84047
0, 28.86047
0, 28.88047
0, 28.90047
0, 28.92047
0, 28.94047
0, 28.96047
0, 28.98047
0, 29.00047
0, 29.02047
0, 29.04047
0, 29.06047
0, 29.08047
0, 29.10048
0, 29.12048
0, 29.14048
0, 29.16048
0, 29.18048
0, 29.20048
0, 29.22048
0, 29.24048
0, 29.26048
0, 29.28048
0, 29.30048
0, 29.32048
0, 29.34048
0, 29.36048
0, 29.38048
0, 29.40048
0, 29.42048
0, 29.44048
0, 29.46048
0, 29.48048
0, 29.50048
0, 29.52048
0, 29.54049
0, 29.56049
0, 29.58049
0, 29.60049
0, 29.62049
0, 29.64049
0, 29.66049
0, 29.68049
0, 29.70049
0, 29.72049
0, 29.74049
0, 29.76049
0, 29.78049
0, 29.80049
0, 29.82049
0, 29.84049
0, 29.86049
0, 29.88049
0, 29.90049
0, 29.92049
0, 29.94049
0, 29.96049
0, 29.9805
0, 30.0005
0, 30.0205
0, 30.0405
0, 30.0605
0, 30.0805
0, 30.1005
0, 30.1205
0, 30.1405
0, 30.1605
0, 30.1805
0, 30.2005
0, 30.2205
0, 30.2405
0, 30.2605
0, 30.2805
0, 30.3005
0, 30.3205
0, 30.3405
0, 30.3605
0, 30.3805
0, 30.40051
0, 30.42051
0, 30.44051
0, 30.46051
0, 30.48051
0, 30.50051
0, 30.52051
0, 30.54051
0, 30.56051
0, 30.58051
0, 30.60051
0, 30.62051
0, 30.64051
0, 30.66051
0, 30.68051
0, 30.70051
0, 30.72051
0, 30.74051
0, 30.76051
0, 30.78051
0, 30.80051
0, 30.82051
0, 30.84052
0, 30.86052
0, 30.88052
0, 30.90052
0, 30.92052
0, 30.94052
0, 30.96052
0, 30.98052
0, 31.00052
0, 31.02052
0, 31.04052
0, 31.06052
0, 31.08052
0, 31.10052
0, 31.12052
0, 31.14052
0, 31.16052
0, 31.18052
0, 31.20052
0, 31.22052
0, 31.24052
0, 31.26052
0, 31.28053
0, 31.30053
0, 31.32053
0, 31.34053
0, 31.36053
0, 31.38053
0, 31.40053
0, 31.42053
0, 31.44053
0, 31.46053
0, 31.48053
0, 31.50053
0, 31.52053
0, 31.54053
0, 31.56053
0, 31.58053
0, 31.60053
0, 31.62053
0, 31.64053
0, 31.66053
0, 31.68053
0, 31.70053
0, 31.72054
0, 31.74054
0, 31.76054
0, 31.78054
0, 31.80054
0, 31.82054
0, 31.84054
0, 31.86054
0, 31.88054
0, 31.90054
0, 31.92054
0, 31.94054
0, 31.96054
0, 31.98054
0, 32.00054
0, 32.02054
0, 32.04054
0, 32.06054
0, 32.08054
0, 32.10054
0, 32.12054
0, 32.14054
0, 32.16055
0, 32.18055
0, 32.20055
0, 32.22055
0, 32.24055
0, 32.26055
0, 32.28055
0, 32.30055
0, 32.32055
0, 32.34055
0, 32.36055
0, 32.38055
0, 32.40055
0, 32.42055
0, 32.44055
0, 32.46055
0, 32.48055
0, 32.50055
0, 32.52055
0, 32.54055
0, 32.56055
0, 32.58055
0, 32.60056
0, 32.62056
0, 32.64056
0, 32.66056
0, 32.68056
0, 32.70056
0, 32.72056
0, 32.74056
0, 32.76056
0, 32.78056
0, 32.80056
0, 32.82056
0, 32.84056
0, 32.86056
0, 32.88056
0, 32.90056
0, 32.92056
0, 32.94056
0, 32.96056
0, 32.98056
0, 33.00056
0, 33.02057
0, 33.04057
0, 33.06057
0, 33.08057
0, 33.10057
0, 33.12057
0, 33.14057
0, 33.16057
0, 33.18057
0, 33.20057
0, 33.22057
0, 33.24057
0, 33.26057
0, 33.28057
0, 33.30057
0, 33.32057
0, 33.34057
0, 33.36057
0, 33.38057
0, 33.40057
0, 33.42057
0, 33.44057
0, 33.46058
0, 33.48058
0, 33.50058
0, 33.52058
0, 33.54058
0, 33.56058
0, 33.58058
0, 33.60058
0, 33.62058
0, 33.64058
0, 33.66058
0, 33.68058
0, 33.70058
0, 33.72058
0, 33.74058
0, 33.76058
0, 33.78058
0, 33.80058
0, 33.82058
0, 33.84058
0, 33.86058
0, 33.88058
0, 33.90059
0, 33.92059
0, 33.94059
0, 33.96059
0, 33.98059
0, 34.00059
0, 34.02059
0, 34.04059
0, 34.06059
0, 34.08059
0, 34.10059
0, 34.12059
0, 34.14059
0, 34.16059
0, 34.18059
0, 34.20059
0, 34.22059
0, 34.24059
0, 34.26059
0, 34.28059
0, 34.30059
0, 34.32059
0, 34.3406
0, 34.3606
0, 34.3806
0, 34.4006
0, 34.4206
0, 34.4406
0, 34.4606
0, 34.4806
0, 34.5006
0, 34.5206
0, 34.5406
0, 34.5606
0, 34.5806
0, 34.6006
0, 34.6206
0, 34.6406
0, 34.6606
0, 34.6806
0, 34.7006
0, 34.7206
0, 34.7406
0, 34.7606
0, 34.78061
0, 34.80061
0, 34.82061
0, 34.84061
0, 34.86061
0, 34.88061
0, 34.90061
0, 34.92061
0, 34.94061
0, 34.96061
0, 34.98061
0, 35.00061
0, 35.02061
0, 35.04061
0, 35.06061
0, 35.08061
0, 35.10061
0, 35.12061
0, 35.14061
0, 35.16061
0, 35.18061
0, 35.20061
0, 35.22062
0, 35.24062
0, 35.26062
0, 35.28062
0, 35.30062
0, 35.32062
0, 35.34062
0, 35.36062
0, 35.38062
0, 35.40062
0, 35.42062
0, 35.44062
0, 35.46062
0, 35.48062
0, 35.50062
0, 35.52062
0, 35.54062
0, 35.56062
0, 35.58062
0, 35.60062
0, 35.62062
0, 35.64063
0, 35.66063
0, 35.68063
0, 35.70063
0, 35.72063
0, 35.74063
0, 35.76063
0, 35.78063
0, 35.80063
0, 35.82063
0, 35.84063
0, 35.86063
0, 35.88063
0, 35.90063
0, 35.92063
0, 35.94063
0, 35.96063
0, 35.98063
0, 36.00063
0, 36.02063
0, 36.04063
0, 36.06063
0, 36.08064
0, 36.10064
0, 36.12064
0, 36.14064
0, 36.16064
0, 36.18064
0, 36.20064
0, 36.22064
0, 36.24064
0, 36.26064
0, 36.28064
0, 36.30064
0, 36.32064
0, 36.34064
0, 36.36064
0, 36.38064
0, 36.40064
0, 36.42064
0, 36.44064
0, 36.46064
0, 36.48064
0, 36.50064
0, 36.52065
0, 36.54065
0, 36.56065
0, 36.58065
0, 36.60065
0, 36.62065
0, 36.64065
0, 36.66065
0, 36.68065
0, 36.70065
0, 36.72065
0, 36.74065
0, 36.76065
0, 36.78065
0, 36.80065
0, 36.82065
0, 36.84065
0, 36.86065
0, 36.88065
0, 36.90065
0, 36.92065
0, 36.94065
0, 36.96066
0, 36.98066
0, 37.00066
0, 37.02066
0, 37.04066
0, 37.06066
0, 37.08066
0, 37.10066
0, 37.12066
0, 37.14066
0, 37.16066
0, 37.18066
0, 37.20066
0, 37.22066
0, 37.24066
0, 37.26066
0, 37.28066
0, 37.30066
0, 37.32066
0, 37.34066
0, 37.36066
0, 37.38066
0, 37.40067
0, 37.42067
0, 37.44067
0, 37.46067
0, 37.48067
0, 37.50067
0, 37.52067
0, 37.54067
0, 37.56067
0, 37.58067
0, 37.60067
0, 37.62067
0, 37.64067
0, 37.66067
0, 37.68067
0, 37.70067
0, 37.72067
0, 37.74067
0, 37.76067
0, 37.78067
0, 37.80067
0, 37.82067
0, 37.84068
0, 37.86068
0, 37.88068
0, 37.90068
0, 37.92068
0, 37.94068
0, 37.96068
0, 37.98068
0, 38.00068
0, 38.02068
0, 38.04068
0, 38.06068
0, 38.08068
0, 38.10068
0, 38.12068
0, 38.14068
0, 38.16068
0, 38.18068
0, 38.20068
0, 38.22068
0, 38.24068
0, 38.26068
0, 38.28069
0, 38.30069
0, 38.32069
0, 38.34069
0, 38.36069
0, 38.38069
0, 38.40069
0, 38.42069
0, 38.44069
0, 38.46069
0, 38.48069
0, 38.50069
0, 38.52069
0, 38.54069
0, 38.56069
0, 38.58069
0, 38.60069
0, 38.62069
0, 38.64069
0, 38.66069
0, 38.68069
0, 38.7007
0, 38.7207
0, 38.7407
0, 38.7607
0, 38.7807
0, 38.8007
0, 38.8207
0, 38.8407
0, 38.8607
0, 38.8807
0, 38.9007
0, 38.9207
0, 38.9407
0, 38.9607
0, 38.9807
0, 39.0007
0, 39.0207
0, 39.0407
0, 39.0607
0, 39.0807
0, 39.1007
0, 39.1207
0, 39.14071
0, 39.16071
0, 39.18071
0, 39.20071
0, 39.22071
0, 39.24071
0, 39.26071
0, 39.28071
0, 39.30071
0, 39.32071
0, 39.34071
0, 39.36071
0, 39.38071
0, 39.40071
0, 39.42071
0, 39.44071
0, 39.46071
0, 39.48071
0, 39.50071
0, 39.52071
0, 39.54071
0, 39.56071
0, 39.58072
0, 39.60072
0, 39.62072
0, 39.64072
0, 39.66072
0, 39.68072
0, 39.70072
0, 39.72072
0, 39.74072
0, 39.76072
0, 39.78072
0, 39.80072
0, 39.82072
0, 39.84072
0, 39.86072
0, 39.88072
0, 39.90072
0, 39.92072
0, 39.94072
0, 39.96072
0, 39.98072
0, 40.00072
0, 40.02073
0, 40.04073
0, 40.06073
0, 40.08073
0, 40.10073
0, 40.12073
0, 40.14073
0, 40.16073
0, 40.18073
0, 40.20073
0, 40.22073
0, 40.24073
0, 40.26073
0, 40.28073
0, 40.30073
0, 40.32073
0, 40.34073
0, 40.36073
0, 40.38073
0, 40.40073
0, 40.42073
0, 40.44073
0, 40.46074
0, 40.48074
0, 40.50074
0, 40.52074
0, 40.54074
0, 40.56074
0, 40.58074
0, 40.60074
0, 40.62074
0, 40.64074
0, 40.66074
0, 40.68074
0, 40.70074
0, 40.72074
0, 40.74074
0, 40.76074
0, 40.78074
0, 40.80074
0, 40.82074
0, 40.84074
0, 40.86074
0, 40.88074
0, 40.90075
0, 40.92075
0, 40.94075
0, 40.96075
0, 40.98075
0, 41.00075
0, 41.02075
0, 41.04075
0, 41.06075
0, 41.08075
0, 41.10075
0, 41.12075
0, 41.14075
0, 41.16075
0, 41.18075
0, 41.20075
0, 41.22075
0, 41.24075
0, 41.26075
0, 41.28075
0, 41.30075
0, 41.32076
0, 41.34076
0, 41.36076
0, 41.38076
0, 41.40076
0, 41.42076
0, 41.44076
0, 41.46076
0, 41.48076
0, 41.50076
0, 41.52076
0, 41.54076
0, 41.56076
0, 41.58076
0, 41.60076
0, 41.62076
0, 41.64076
0, 41.66076
0, 41.68076
0, 41.70076
0, 41.72076
0, 41.74076
0, 41.76077
0, 41.78077
0, 41.80077
0, 41.82077
0, 41.84077
0, 41.86077
0, 41.88077
0, 41.90077
0, 41.92077
0, 41.94077
0, 41.96077
0, 41.98077
0, 42.00077
0, 42.02077
0, 42.04077
0, 42.06077
0, 42.08077
0, 42.10077
0, 42.12077
0, 42.14077
0, 42.16077
0, 42.18077
0, 42.20078
0, 42.22078
0, 42.24078
0, 42.26078
0, 42.28078
0, 42.30078
0, 42.32078
0, 42.34078
0, 42.36078
0, 42.38078
0, 42.40078
0, 42.42078
0, 42.44078
0, 42.46078
0, 42.48078
0, 42.50078
0, 42.52078
0, 42.54078
0, 42.56078
0, 42.58078
0, 42.60078
0, 42.62078
0, 42.64079
0, 42.66079
0, 42.68079
0, 42.70079
0, 42.72079
0, 42.74079
0, 42.76079
0, 42.78079
0, 42.80079
0, 42.82079
0, 42.84079
0, 42.86079
0, 42.88079
0, 42.90079
0, 42.92079
0, 42.94079
0, 42.96079
0, 42.98079
0, 43.00079
0, 43.02079
0, 43.04079
0, 43.06079
0, 43.0808
0, 43.1008
0, 43.1208
0, 43.1408
0, 43.1608
0, 43.1808
0, 43.2008
0, 43.2208
0, 43.2408
0, 43.2608
0, 43.2808
0, 43.3008
0, 43.3208
0, 43.3408
0, 43.3608
0, 43.3808
0, 43.4008
0, 43.4208
0, 43.4408
0, 43.4608
0, 43.4808
0, 43.5008
0, 43.52081
0, 43.54081
0, 43.56081
0, 43.58081
0, 43.60081
0, 43.62081
0, 43.64081
0, 43.66081
0, 43.68081
0, 43.70081
0, 43.72081
0, 43.74081
0, 43.76081
0, 43.78081
0, 43.80081
0, 43.82081
0, 43.84081
0, 43.86081
0, 43.88081
0, 43.90081
0, 43.92081
0, 43.94081
0, 43.96082
0, 43.98082
0, 44.00082
0, 44.02082
0, 44.04082
0, 44.06082
0, 44.08082
0, 44.10082
0, 44.12082
0, 44.14082
0, 44.16082
0, 44.18082
0, 44.20082
0, 44.22082
0, 44.24082
0, 44.26082
0, 44.28082
0, 44.30082
0, 44.32082
0, 44.34082
0, 44.36082
0, 44.38083
0, 44.40083
0, 44.42083
0, 44.44083
0, 44.46083
0, 44.48083
0, 44.50083
0, 44.52083
0, 44.54083
0, 44.56083
0, 44.58083
0, 44.60083
0, 44.62083
0, 44.64083
0, 44.66083
0, 44.68083
0, 44.70083
0, 44.72083
0, 44.74083
0, 44.76083
0, 44.78083
0, 44.80083
0, 44.82084
0, 44.84084
0, 44.86084
0, 44.88084
0, 44.90084
0, 44.92084
0, 44.94084
0, 44.96084
0, 44.98084
0, 45.00084
0, 45.02084
0, 45.04084
0, 45.06084
0, 45.08084
0, 45.10084
0, 45.12084
0, 45.14084
0, 45.16084
0, 45.18084
0, 45.20084
0, 45.22084
0, 45.24084
0, 45.26085
0, 45.28085
0, 45.30085
0, 45.32085
0, 45.34085
0, 45.36085
0, 45.38085
0, 45.40085
0, 45.42085
0, 45.44085
0, 45.46085
0, 45.48085
0, 45.50085
0, 45.52085
0, 45.54085
0, 45.56085
0, 45.58085
0, 45.60085
0, 45.62085
0, 45.64085
0, 45.66085
0, 45.68085
0, 45.70086
0, 45.72086
0, 45.74086
0, 45.76086
0, 45.78086
0, 45.80086
0, 45.82086
0, 45.84086
0, 45.86086
0, 45.88086
0, 45.90086
0, 45.92086
0, 45.94086
0, 45.96086
0, 45.98086
0, 46.00086
0, 46.02086
0, 46.04086
0, 46.06086
0, 46.08086
0, 46.10086
0, 46.12086
0, 46.14087
0, 46.16087
0, 46.18087
0, 46.20087
0, 46.22087
0, 46.24087
0, 46.26087
0, 46.28087
0, 46.30087
0, 46.32087
0, 46.34087
0, 46.36087
0, 46.38087
0, 46.40087
0, 46.42087
0, 46.44087
0, 46.46087
0, 46.48087
0, 46.50087
0, 46.52087
0, 46.54087
0, 46.56087
0, 46.58088
0, 46.60088
0, 46.62088
0, 46.64088
0, 46.66088
0, 46.68088
0, 46.70088
0, 46.72088
0, 46.74088
0, 46.76088
0, 46.78088
0, 46.80088
0, 46.82088
0, 46.84088
0, 46.86088
0, 46.88088
0, 46.90088
0, 46.92088
0, 46.94088
0, 46.96088
0, 46.98088
0, 47.00089
0, 47.02089
0, 47.04089
0, 47.06089
0, 47.08089
0, 47.10089
0, 47.12089
0, 47.14089
0, 47.16089
0, 47.18089
0, 47.20089
0, 47.22089
0, 47.24089
0, 47.26089
0, 47.28089
0, 47.30089
0, 47.32089
0, 47.34089
0, 47.36089
0, 47.38089
0, 47.40089
0, 47.42089
0, 47.4409
0, 47.4609
0, 47.4809
0, 47.5009
0, 47.5209
0, 47.5409
0, 47.5609
0, 47.5809
0, 47.6009
0, 47.6209
0, 47.6409
0, 47.6609
0, 47.6809
0, 47.7009
0, 47.7209
0, 47.7409
0, 47.7609
0, 47.7809
0, 47.8009
0, 47.8209
0, 47.8409
0, 47.8609
0, 47.88091
0, 47.90091
0, 47.92091
0, 47.94091
0, 47.96091
0, 47.98091
0, 48.00091
0, 48.02091
0, 48.04091
0, 48.06091
0, 48.08091
0, 48.10091
0, 48.12091
0, 48.14091
0, 48.16091
0, 48.18091
0, 48.20091
0, 48.22091
0, 48.24091
0, 48.26091
0, 48.28091
0, 48.30091
0, 48.32092
0, 48.34092
0, 48.36092
0, 48.38092
0, 48.40092
0, 48.42092
0, 48.44092
0, 48.46092
0, 48.48092
0, 48.50092
0, 48.52092
0, 48.54092
0, 48.56092
0, 48.58092
0, 48.60092
0, 48.62092
0, 48.64092
0, 48.66092
0, 48.68092
0, 48.70092
0, 48.72092
0, 48.74092
0, 48.76093
0, 48.78093
0, 48.80093
0, 48.82093
0, 48.84093
0, 48.86093
0, 48.88093
0, 48.90093
0, 48.92093
0, 48.94093
0, 48.96093
0, 48.98093
0, 49.00093
0, 49.02093
0, 49.04093
0, 49.06093
0, 49.08093
0, 49.10093
0, 49.12093
0, 49.14093
0, 49.16093
0, 49.18093
0, 49.20094
0, 49.22094
0, 49.24094
0, 49.26094
0, 49.28094
0, 49.30094
0, 49.32094
0, 49.34094
0, 49.36094
0, 49.38094
0, 49.40094
0, 49.42094
0, 49.44094
0, 49.46094
0, 49.48094
0, 49.50094
0, 49.52094
0, 49.54094
0, 49.56094
0, 49.58094
0, 49.60094
0, 49.62094
0, 49.64095
0, 49.66095
0, 49.68095
0, 49.70095
0, 49.72095
0, 49.74095
0, 49.76095
0, 49.78095
0, 49.80095
0, 49.82095
0, 49.84095
0, 49.86095
0, 49.88095
0, 49.90095
0, 49.92095
0, 49.94095
0, 49.96095
0, 49.98095
0, 50.00095
0, 50.02095
0, 50.04095
0, 50.06096
0, 50.08096
0, 50.10096
0, 50.12096
0, 50.14096
0, 50.16096
0, 50.18096
0, 50.20096
0, 50.22096
0, 50.24096
0, 50.26096
0, 50.28096
0, 50.30096
0, 50.32096
0, 50.34096
0, 50.36096
0, 50.38096
0, 50.40096
0, 50.42096
0, 50.44096
0, 50.46096
0, 50.48096
0, 50.50097
0, 50.52097
0, 50.54097
0, 50.56097
0, 50.58097
0, 50.60097
0, 50.62097
0, 50.64097
0, 50.66097
0, 50.68097
0, 50.70097
0, 50.72097
0, 50.74097
0, 50.76097
0, 50.78097
0, 50.80097
0, 50.82097
0, 50.84097
0, 50.86097
0, 50.88097
0, 50.90097
0, 50.92097
0, 50.94098
0, 50.96098
0, 50.98098
0, 51.00098
0, 51.02098
0, 51.04098
0, 51.06098
0, 51.08098
0, 51.10098
0, 51.12098
0, 51.14098
0, 51.16098
0, 51.18098
0, 51.20098
0, 51.22098
0, 51.24098
0, 51.26098
0, 51.28098
0, 51.30098
0, 51.32098
0, 51.34098
0, 51.36098
0, 51.38099
0, 51.40099
0, 51.42099
0, 51.44099
0, 51.46099
0, 51.48099
0, 51.50099
0, 51.52099
0, 51.54099
0, 51.56099
0, 51.58099
0, 51.60099
0, 51.62099
0, 51.64099
0, 51.66099
0, 51.68099
0, 51.70099
0, 51.72099
0, 51.74099
0, 51.76099
0, 51.78099
0, 51.80099
0, 51.821
0, 51.841
0, 51.861
0, 51.881
0, 51.901
0, 51.921
0, 51.941
0, 51.961
0, 51.981
0, 52.001
0, 52.021
0, 52.041
0, 52.061
0, 52.081
0, 52.101
0, 52.121
0, 52.141
0, 52.161
0, 52.181
0, 52.201
0, 52.221
0, 52.241
0, 52.26101
0, 52.28101
0, 52.30101
0, 52.32101
0, 52.34101
0, 52.36101
0, 52.38101
0, 52.40101
0, 52.42101
0, 52.44101
0, 52.46101
0, 52.48101
0, 52.50101
0, 52.52101
0, 52.54101
0, 52.56101
0, 52.58101
0, 52.60101
0, 52.62101
0, 52.64101
0, 52.66101
0, 52.68102
0, 52.70102
0, 52.72102
0, 52.74102
0, 52.76102
0, 52.78102
0, 52.80102
0, 52.82102
0, 52.84102
0, 52.86102
0, 52.88102
0, 52.90102
0, 52.92102
0, 52.94102
0, 52.96102
0, 52.98102
0, 53.00102
0, 53.02102
0, 53.04102
0, 53.06102
0, 53.08102
0, 53.10102
0, 53.12103
0, 53.14103
0, 53.16103
0, 53.18103
0, 53.20103
0, 53.22103
0, 53.24103
0, 53.26103
0, 53.28103
0, 53.30103
0, 53.32103
0, 53.34103
0, 53.36103
0, 53.38103
0, 53.40103
0, 53.42103
0, 53.44103
0, 53.46103
0, 53.48103
0, 53.50103
0, 53.52103
0, 53.54103
0, 53.56104
0, 53.58104
0, 53.60104
0, 53.62104
0, 53.64104
0, 53.66104
0, 53.68104
0, 53.70104
0, 53.72104
0, 53.74104
0, 53.76104
0, 53.78104
0, 53.80104
0, 53.82104
0, 53.84104
0, 53.86104
0, 53.88104
0, 53.90104
0, 53.92104
0, 53.94104
0, 53.96104
0, 53.98104
0, 54.00105
0, 54.02105
0, 54.04105
0, 54.06105
0, 54.08105
0, 54.10105
0, 54.12105
0, 54.14105
0, 54.16105
0, 54.18105
0, 54.20105
0, 54.22105
0, 54.24105
0, 54.26105
0, 54.28105
0, 54.30105
0, 54.32105
0, 54.34105
0, 54.36105
0, 54.38105
0, 54.40105
0, 54.42105
0, 54.44106
0, 54.46106
0, 54.48106
0, 54.50106
0, 54.52106
0, 54.54106
0, 54.56106
0, 54.58106
0, 54.60106
0, 54.62106
0, 54.64106
0, 54.66106
0, 54.68106
0, 54.70106
0, 54.72106
0, 54.74106
0, 54.76106
0, 54.78106
0, 54.80106
0, 54.82106
0, 54.84106
0, 54.86106
0, 54.88107
0, 54.90107
0, 54.92107
0, 54.94107
0, 54.96107
0, 54.98107
0, 55.00107
0, 55.02107
0, 55.04107
0, 55.06107
0, 55.08107
0, 55.10107
0, 55.12107
0, 55.14107
0, 55.16107
0, 55.18107
0, 55.20107
0, 55.22107
0, 55.24107
0, 55.26107
0, 55.28107
0, 55.30107
0, 55.32108
0, 55.34108
0, 55.36108
0, 55.38108
0, 55.40108
0, 55.42108
0, 55.44108
0, 55.46108
0, 55.48108
0, 55.50108
0, 55.52108
0, 55.54108
0, 55.56108
0, 55.58108
0, 55.60108
0, 55.62108
0, 55.64108
0, 55.66108
0, 55.68108
0, 55.70108
0, 55.72108
0, 55.74109
0, 55.76109
0, 55.78109
0, 55.80109
0, 55.82109
0, 55.84109
0, 55.86109
0, 55.88109
0, 55.90109
0, 55.92109
0, 55.94109
0, 55.96109
0, 55.98109
0, 56.00109
0, 56.02109
0, 56.04109
0, 56.06109
0, 56.08109
0, 56.10109
0, 56.12109
0, 56.14109
0, 56.16109
0, 56.1811
0, 56.2011
0, 56.2211
0, 56.2411
0, 56.2611
0, 56.2811
0, 56.3011
0, 56.3211
0, 56.3411
0, 56.3611
0, 56.3811
0, 56.4011
0, 56.4211
0, 56.4411
0, 56.4611
0, 56.4811
0, 56.5011
0, 56.5211
0, 56.5411
0, 56.5611
0, 56.5811
0, 56.6011
0, 56.62111
0, 56.64111
0, 56.66111
0, 56.68111
0, 56.70111
0, 56.72111
0, 56.74111
0, 56.76111
0, 56.78111
0, 56.80111
0, 56.82111
0, 56.84111
0, 56.86111
0, 56.88111
0, 56.90111
0, 56.92111
0, 56.94111
0, 56.96111
0, 56.98111
0, 57.00111
0, 57.02111
0, 57.04111
0, 57.06112
0, 57.08112
0, 57.10112
0, 57.12112
0, 57.14112
0, 57.16112
0, 57.18112
0, 57.20112
0, 57.22112
0, 57.24112
0, 57.26112
0, 57.28112
0, 57.30112
0, 57.32112
0, 57.34112
0, 57.36112
0, 57.38112
0, 57.40112
0, 57.42112
0, 57.44112
0, 57.46112
0, 57.48112
0, 57.50113
0, 57.52113
0, 57.54113
0, 57.56113
0, 57.58113
0, 57.60113
0, 57.62113
0, 57.64113
0, 57.66113
0, 57.68113
0, 57.70113
0, 57.72113
0, 57.74113
0, 57.76113
0, 57.78113
0, 57.80113
0, 57.82113
0, 57.84113
0, 57.86113
0, 57.88113
0, 57.90113
0, 57.92113
0, 57.94114
0, 57.96114
0, 57.98114
0, 58.00114
0, 58.02114
0, 58.04114
0, 58.06114
0, 58.08114
0, 58.10114
0, 58.12114
0, 58.14114
0, 58.16114
0, 58.18114
0, 58.20114
0, 58.22114
0, 58.24114
0, 58.26114
0, 58.28114
0, 58.30114
0, 58.32114
0, 58.34114
0, 58.36115
0, 58.38115
0, 58.40115
0, 58.42115
0, 58.44115
0, 58.46115
0, 58.48115
0, 58.50115
0, 58.52115
0, 58.54115
0, 58.56115
0, 58.58115
0, 58.60115
0, 58.62115
0, 58.64115
0, 58.66115
0, 58.68115
0, 58.70115
0, 58.72115
0, 58.74115
0, 58.76115
0, 58.78115
0, 58.80116
0, 58.82116
0, 58.84116
0, 58.86116
0, 58.88116
0, 58.90116
0, 58.92116
0, 58.94116
0, 58.96116
0, 58.98116
0, 59.00116
0, 59.02116
0, 59.04116
0, 59.06116
0, 59.08116
0, 59.10116
0, 59.12116
0, 59.14116
0, 59.16116
0, 59.18116
0, 59.20116
0, 59.22116
0, 59.24117
0, 59.26117
0, 59.28117
0, 59.30117
0, 59.32117
0, 59.34117
0, 59.36117
0, 59.38117
0, 59.40117
0, 59.42117
0, 59.44117
0, 59.46117
0, 59.48117
0, 59.50117
0, 59.52117
0, 59.54117
0, 59.56117
0, 59.58117
0, 59.60117
0, 59.62117
0, 59.64117
0, 59.66117
0, 59.68118
0, 59.70118
0, 59.72118
0, 59.74118
0, 59.76118
0, 59.78118
0, 59.80118
0, 59.82118
0, 59.84118
0, 59.86118
0, 59.88118
0, 59.90118
0, 59.92118
0, 59.94118
0, 59.96118
0, 59.98118
0, 60.00118
0, 60.02118
0, 60.04118
0, 60.06118
0, 60.08118
0, 60.10118
0, 60.12119
0, 60.14119
0, 60.16119
0, 60.18119
0, 60.20119
0, 60.22119
0, 60.24119
0, 60.26119
0, 60.28119
0, 60.30119
0, 60.32119
0, 60.34119
0, 60.36119
0, 60.38119
0, 60.40119
0, 60.42119
0, 60.44119
0, 60.46119
0, 60.48119
0, 60.50119
0, 60.52119
0, 60.54119
0, 60.5612
0, 60.5812
0, 60.6012
0, 60.6212
0, 60.6412
0, 60.6612
0, 60.6812
0, 60.7012
0, 60.7212
0, 60.7412
0, 60.7612
0, 60.7812
0, 60.8012
0, 60.8212
0, 60.8412
0, 60.8612
0, 60.8812
0, 60.9012
0, 60.9212
0, 60.9412
0, 60.9612
0, 60.9812
0, 61.00121
0, 61.02121
0, 61.04121
0, 61.06121
0, 61.08121
0, 61.10121
0, 61.12121
0, 61.14121
0, 61.16121
0, 61.18121
0, 61.20121
0, 61.22121
0, 61.24121
0, 61.26121
0, 61.28121
0, 61.30121
0, 61.32121
0, 61.34121
0, 61.36121
0, 61.38121
0, 61.40121
0, 61.42122
0, 61.44122
0, 61.46122
0, 61.48122
0, 61.50122
0, 61.52122
0, 61.54122
0, 61.56122
0, 61.58122
0, 61.60122
0, 61.62122
0, 61.64122
0, 61.66122
0, 61.68122
0, 61.70122
0, 61.72122
0, 61.74122
0, 61.76122
0, 61.78122
0, 61.80122
0, 61.82122
0, 61.84122
0, 61.86123
0, 61.88123
0, 61.90123
0, 61.92123
0, 61.94123
0, 61.96123
0, 61.98123
0, 62.00123
0, 62.02123
0, 62.04123
0, 62.06123
0, 62.08123
0, 62.10123
0, 62.12123
0, 62.14123
0, 62.16123
0, 62.18123
0, 62.20123
0, 62.22123
0, 62.24123
0, 62.26123
0, 62.28123
0, 62.30124
0, 62.32124
0, 62.34124
0, 62.36124
0, 62.38124
0, 62.40124
0, 62.42124
0, 62.44124
0, 62.46124
0, 62.48124
0, 62.50124
0, 62.52124
0, 62.54124
0, 62.56124
0, 62.58124
0, 62.60124
0, 62.62124
0, 62.64124
0, 62.66124
0, 62.68124
0, 62.70124
0, 62.72124
0, 62.74125
0, 62.76125
0, 62.78125
0, 62.80125
0, 62.82125
0, 62.84125
0, 62.86125
0, 62.88125
0, 62.90125
0, 62.92125
0, 62.94125
0, 62.96125
0, 62.98125
0, 63.00125
0, 63.02125
0, 63.04125
0, 63.06125
0, 63.08125
0, 63.10125
0, 63.12125
0, 63.14125
0, 63.16125
0, 63.18126
0, 63.20126
0, 63.22126
0, 63.24126
0, 63.26126
0, 63.28126
0, 63.30126
0, 63.32126
0, 63.34126
0, 63.36126
0, 63.38126
0, 63.40126
0, 63.42126
0, 63.44126
0, 63.46126
0, 63.48126
0, 63.50126
0, 63.52126
0, 63.54126
0, 63.56126
0, 63.58126
0, 63.60126
0, 63.62127
0, 63.64127
0, 63.66127
0, 63.68127
0, 63.70127
0, 63.72127
0, 63.74127
0, 63.76127
0, 63.78127
0, 63.80127
0, 63.82127
0, 63.84127
0, 63.86127
0, 63.88127
0, 63.90127
0, 63.92127
0, 63.94127
0, 63.96127
0, 63.98127
0, 64.00127
0, 64.02127
0, 64.04127
0, 64.06126
0, 64.08126
0, 64.10126
0, 64.12125
0, 64.14125
0, 64.16125
0, 64.18124
0, 64.20124
0, 64.22124
0, 64.24123
0, 64.26123
0, 64.28123
0, 64.30122
0, 64.32122
0, 64.34122
0, 64.36121
0, 64.38121
0, 64.40121
0, 64.4212
0, 64.4412
0, 64.4612
0, 64.48119
0, 64.50119
0, 64.52119
0, 64.54118
0, 64.56118
0, 64.58118
0, 64.60117
0, 64.62117
0, 64.64117
0, 64.66116
0, 64.68116
0, 64.70116
0, 64.72115
0, 64.74115
0, 64.76115
0, 64.78114
0, 64.80114
0, 64.82114
0, 64.84113
0, 64.86113
0, 64.88113
0, 64.90112
0, 64.92112
0, 64.94112
0, 64.96111
0, 64.98111
0, 65.00111
0, 65.0211
0, 65.0411
0, 65.0611
0, 65.08109
0, 65.10109
0, 65.12109
0, 65.14108
0, 65.16108
0, 65.18108
0, 65.20107
0, 65.22107
0, 65.24107
0, 65.26106
0, 65.28106
0, 65.30106
0, 65.32105
0, 65.34105
0, 65.36105
0, 65.38104
0, 65.40104
0, 65.42104
0, 65.44103
0, 65.46103
0, 65.48103
0, 65.50102
0, 65.52102
0, 65.54102
0, 65.56101
0, 65.58101
0, 65.60101
0, 65.621
0, 65.641
0, 65.661
0, 65.68099
0, 65.70099
0, 65.72099
0, 65.74098
0, 65.76098
0, 65.78098
0, 65.80097
0, 65.82097
0, 65.84097
0, 65.86096
0, 65.88096
0, 65.90096
0, 65.92095
0, 65.94095
0, 65.96095
0, 65.98094
0, 66.00094
0, 66.02094
0, 66.04093
0, 66.06093
0, 66.08092
0, 66.10092
0, 66.12092
0, 66.14091
0, 66.16091
0, 66.18091
0, 66.2009
0, 66.2209
0, 66.2409
0, 66.26089
0, 66.28089
0, 66.30089
0, 66.32088
0, 66.34088
0, 66.36088
0, 66.38087
0, 66.40087
0, 66.42087
0, 66.44086
0, 66.46086
0, 66.48086
0, 66.50085
0, 66.52085
0, 66.54085
0, 66.56084
0, 66.58084
0, 66.60084
0, 66.62083
0, 66.64083
0, 66.66083
0, 66.68082
0, 66.70082
0, 66.72082
0, 66.74081
0, 66.76081
0, 66.78081
0, 66.8008
0, 66.8208
0, 66.8408
0, 66.86079
0, 66.88079
0, 66.90079
0, 66.92078
0, 66.94078
0, 66.96078
0, 66.98077
0, 67.00077
0, 67.02077
0, 67.04076
0, 67.06076
0, 67.08076
0, 67.10075
0, 67.12075
0, 67.14075
0, 67.16074
0, 67.18074
0, 67.20074
0, 67.22073
0, 67.24073
0, 67.26073
0, 67.28072
0, 67.30072
0, 67.32072
0, 67.34071
0, 67.36071
0, 67.38071
0, 67.4007
0, 67.4207
0, 67.4407
0, 67.46069
0, 67.48069
0, 67.50069
0, 67.52068
0, 67.54068
0, 67.56068
0, 67.58067
0, 67.60067
0, 67.62067
0, 67.64066
0, 67.66066
0, 67.68066
0, 67.70065
0, 67.72065
0, 67.74065
0, 67.76064
0, 67.78064
0, 67.80064
0, 67.82063
0, 67.84063
0, 67.86063
0, 67.88062
0, 67.90062
0, 67.92062
0, 67.94061
0, 67.96061
0, 67.98061
0, 68.0006
0, 68.0206
0, 68.0406
0, 68.06059
0, 68.08059
0, 68.10059
0, 68.12058
0, 68.14058
0, 68.16058
0, 68.18057
0, 68.20057
0, 68.22057
0, 68.24056
0, 68.26056
0, 68.28056
0, 68.30055
0, 68.32055
0, 68.34055
0, 68.36054
0, 68.38054
0, 68.40054
0, 68.42053
0, 68.44053
0, 68.46053
0, 68.48052
0, 68.50052
0, 68.52052
0, 68.54051
0, 68.56051
0, 68.58051
0, 68.6005
0, 68.6205
0, 68.6405
0, 68.66049
0, 68.68049
0, 68.70049
0, 68.72048
0, 68.74048
0, 68.76048
0, 68.78047
0, 68.80047
0, 68.82047
0, 68.84046
0, 68.86046
0, 68.88046
0, 68.90045
0, 68.92045
0, 68.94044
0, 68.96044
0, 68.98044
0, 69.00043
0, 69.02043
0, 69.04043
0, 69.06042
0, 69.08042
0, 69.10042
0, 69.12041
0, 69.14041
0, 69.16041
0, 69.1804
0, 69.2004
0, 69.2204
0, 69.24039
0, 69.26039
0, 69.28039
0, 69.30038
0, 69.32038
0, 69.34038
0, 69.36037
0, 69.38037
0, 69.40037
0, 69.42036
0, 69.44036
0, 69.46036
0, 69.48035
0, 69.50035
0, 69.52035
0, 69.54034
0, 69.56034
0, 69.58034
0, 69.60033
0, 69.62033
0, 69.64033
0, 69.66032
0, 69.68032
0, 69.70032
0, 69.72031
0, 69.74031
0, 69.76031
0, 69.7803
0, 69.8003
0, 69.8203
0, 69.84029
0, 69.86029
0, 69.88029
0, 69.90028
0, 69.92028
0, 69.94028
0, 69.96027
0, 69.98027
0, 70.00027
0, 70.02026
0, 70.04026
0, 70.06026
0, 70.08025
0, 70.10025
0, 70.12025
0, 70.14024
0, 70.16024
0, 70.18024
0, 70.20023
0, 70.22023
0, 70.24023
0, 70.26022
0, 70.28022
0, 70.30022
0, 70.32021
0, 70.34021
0, 70.36021
0, 70.3802
0, 70.4002
0, 70.4202
0, 70.44019
0, 70.46019
0, 70.48019
0, 70.50018
0, 70.52018
0, 70.54018
0, 70.56017
0, 70.58017
0, 70.60017
0, 70.62016
0, 70.64016
0, 70.66016
0, 70.68015
0, 70.70015
0, 70.72015
0, 70.74014
0, 70.76014
0, 70.78014
0, 70.80013
0, 70.82013
0, 70.84013
0, 70.86012
0, 70.88012
0, 70.90012
0, 70.92011
0, 70.94011
0, 70.96011
0, 70.9801
0, 71.0001
0, 71.0201
0, 71.04009
0, 71.06009
0, 71.08009
0, 71.10008
0, 71.12008
0, 71.14008
0, 71.16007
0, 71.18007
0, 71.20007
0, 71.22006
0, 71.24006
0, 71.26006
0, 71.28005
0, 71.30005
0, 71.32005
0, 71.34004
0, 71.36004
0, 71.38004
0, 71.40003
0, 71.42003
0, 71.44003
0, 71.46002
0, 71.48002
0, 71.50002
0, 71.52001
0, 71.54001
0, 71.56001
0, 71.58
0, 71.6
0, 71.62
0, 71.63999
0, 71.65999
0, 71.67999
0, 71.69998
0, 71.71998
0, 71.73997
0, 71.75997
0, 71.77997
0, 71.79996
0, 71.81996
0, 71.83996
0, 71.85995
0, 71.87995
0, 71.89995
0, 71.91994
0, 71.93994
0, 71.95994
0, 71.97993
0, 71.99993
0, 72.01993
0, 72.03992
0, 72.05992
0, 72.07992
0, 72.09991
0, 72.11991
0, 72.13991
0, 72.1599
0, 72.1799
0, 72.1999
0, 72.21989
0, 72.23989
0, 72.25989
0, 72.27988
0, 72.29988
0, 72.31988
0, 72.33987
0, 72.35987
0, 72.37987
0, 72.39986
0, 72.41986
0, 72.43986
0, 72.45985
0, 72.47985
0, 72.49985
0, 72.51984
0, 72.53984
0, 72.55984
0, 72.57983
0, 72.59983
0, 72.61983
0, 72.63982
0, 72.65982
0, 72.67982
0, 72.69981
0, 72.71981
0, 72.73981
0, 72.7598
0, 72.7798
0, 72.7998
0, 72.81979
0, 72.83979
0, 72.85979
0, 72.87978
0, 72.89978
0, 72.91978
0, 72.93977
0, 72.95977
0, 72.97977
0, 72.99976
0, 73.01976
0, 73.03976
0, 73.05975
0, 73.07975
0, 73.09975
0, 73.11974
0, 73.13974
0, 73.15974
0, 73.17973
0, 73.19973
0, 73.21973
0, 73.23972
0, 73.25972
0, 73.27972
0, 73.29971
0, 73.31971
0, 73.33971
0, 73.3597
0, 73.3797
0, 73.3997
0, 73.41969
0, 73.43969
0, 73.45969
0, 73.47968
0, 73.49968
0, 73.51968
0, 73.53967
0, 73.55967
0, 73.57967
0, 73.59966
0, 73.61966
0, 73.63966
0, 73.65965
0, 73.67965
0, 73.69965
0, 73.71964
0, 73.73964
0, 73.75964
0, 73.77963
0, 73.79963
0, 73.81963
0, 73.83962
0, 73.85962
0, 73.87962
0, 73.89961
0, 73.91961
0, 73.93961
0, 73.9596
0, 73.9796
0, 73.9996
0, 74.01959
0, 74.03959
0, 74.05959
0, 74.07958
0, 74.09958
0, 74.11958
0, 74.13957
0, 74.15957
0, 74.17957
0, 74.19956
0, 74.21956
0, 74.23956
0, 74.25955
0, 74.27955
0, 74.29955
0, 74.31954
0, 74.33954
0, 74.35954
0, 74.37953
0, 74.39953
0, 74.41953
0, 74.43952
0, 74.45952
0, 74.47952
0, 74.49951
0, 74.51951
0, 74.53951
0, 74.5595
0, 74.5795
0, 74.59949
0, 74.61949
0, 74.63949
0, 74.65948
0, 74.67948
0, 74.69948
0, 74.71947
0, 74.73947
0, 74.75947
0, 74.77946
0, 74.79946
0, 74.81946
0, 74.83945
0, 74.85945
0, 74.87945
0, 74.89944
0, 74.91944
0, 74.93944
0, 74.95943
0, 74.97943
0, 74.99943
0, 75.01942
0, 75.03942
0, 75.05942
0, 75.07941
0, 75.09941
0, 75.11941
0, 75.1394
0, 75.1594
0, 75.1794
0, 75.19939
0, 75.21939
0, 75.23939
0, 75.25938
0, 75.27938
0, 75.29938
0, 75.31937
0, 75.33937
0, 75.35937
0, 75.37936
0, 75.39936
0, 75.41936
0, 75.43935
0, 75.45935
0, 75.47935
0, 75.49934
0, 75.51934
0, 75.53934
0, 75.55933
0, 75.57933
0, 75.59933
0, 75.61932
0, 75.63932
0, 75.65932
0, 75.67931
0, 75.69931
0, 75.71931
0, 75.7393
0, 75.7593
0, 75.7793
0, 75.79929
0, 75.81929
0, 75.83929
0, 75.85928
0, 75.87928
0, 75.89928
0, 75.91927
0, 75.93927
0, 75.95927
0, 75.97926
0, 75.99926
0, 76.01926
0, 76.03925
0, 76.05925
0, 76.07925
0, 76.09924
0, 76.11924
0, 76.13924
0, 76.15923
0, 76.17923
0, 76.19923
0, 76.21922
0, 76.23922
0, 76.25922
0, 76.27921
0, 76.29921
0, 76.31921
0, 76.3392
0, 76.3592
0, 76.3792
0, 76.39919
0, 76.41919
0, 76.43919
0, 76.45918
0, 76.47918
0, 76.49918
0, 76.51917
0, 76.53917
0, 76.55917
0, 76.57916
0, 76.59916
0, 76.61916
0, 76.63915
0, 76.65915
0, 76.67915
0, 76.69914
0, 76.71914
0, 76.73914
0, 76.75913
0, 76.77913
0, 76.79913
0, 76.81912
0, 76.83912
0, 76.85912
0, 76.87911
0, 76.89911
0, 76.91911
0, 76.9391
0, 76.9591
0, 76.9791
0, 76.99909
0, 77.01909
0, 77.03909
0, 77.05908
0, 77.07908
0, 77.09908
0, 77.11907
0, 77.13907
0, 77.15907
0, 77.17906
0, 77.19906
0, 77.21906
0, 77.23905
0, 77.25905
0, 77.27905
0, 77.29904
0, 77.31904
0, 77.33904
0, 77.35903
0, 77.37903
0, 77.39902
0, 77.41902
0, 77.43902
0, 77.45901
0, 77.47901
0, 77.49901
0, 77.519
0, 77.539
0, 77.559
0, 77.57899
0, 77.59899
0, 77.61899
0, 77.63898
0, 77.65898
0, 77.67898
0, 77.69897
0, 77.71897
0, 77.73897
0, 77.75896
0, 77.77896
0, 77.79896
0, 77.81895
0, 77.83895
0, 77.85895
0, 77.87894
0, 77.89894
0, 77.91894
0, 77.93893
0, 77.95893
0, 77.97893
0, 77.99892
0, 78.01892
0, 78.03892
0, 78.05891
0, 78.07891
0, 78.09891
0, 78.1189
0, 78.1389
0, 78.1589
0, 78.17889
0, 78.19889
0, 78.21889
0, 78.23888
0, 78.25888
0, 78.27888
0, 78.29887
0, 78.31887
0, 78.33887
0, 78.35886
0, 78.37886
0, 78.39886
0, 78.41885
0, 78.43885
0, 78.45885
0, 78.47884
0, 78.49884
0, 78.51884
0, 78.53883
0, 78.55883
0, 78.57883
0, 78.59882
0, 78.61882
0, 78.63882
0, 78.65881
0, 78.67881
0, 78.69881
0, 78.7188
0, 78.7388
0, 78.7588
0, 78.77879
0, 78.79879
0, 78.81879
0, 78.83878
0, 78.85878
0, 78.87878
0, 78.89877
0, 78.91877
0, 78.93877
0, 78.95876
0, 78.97876
0, 78.99876
0, 79.01875
0, 79.03875
0, 79.05875
0, 79.07874
0, 79.09874
0, 79.11874
0, 79.13873
0, 79.15873
0, 79.17873
0, 79.19872
0, 79.21872
0, 79.23872
0, 79.25871
0, 79.27871
0, 79.29871
0, 79.3187
0, 79.3387
0, 79.3587
0, 79.37869
0, 79.39869
0, 79.41869
0, 79.43868
0, 79.45868
0, 79.47868
0, 79.49867
0, 79.51867
0, 79.53867
0, 79.55866
0, 79.57866
0, 79.59866
0, 79.61865
0, 79.63865
0, 79.65865
0, 79.67864
0, 79.69864
0, 79.71864
0, 79.73863
0, 79.75863
0, 79.77863
0, 79.79862
0, 79.81862
0, 79.83862
0, 79.85861
0, 79.87861
0, 79.89861
0, 79.9186
0, 79.9386
0, 79.9586
0, 79.97859
0, 79.99859
0, 80.01859
0, 80.03858
0, 80.05858
0, 80.07858
0, 80.09857
0, 80.11857
0, 80.13857
0, 80.15856
0, 80.17856
0, 80.19855
0, 80.21855
0, 80.23855
0, 80.25854
0, 80.27854
0, 80.29854
0, 80.31853
0, 80.33853
0, 80.35853
0, 80.37852
0, 80.39852
0, 80.41852
0, 80.43851
0, 80.45851
0, 80.47851
0, 80.4985
0, 80.5185
0, 80.5385
0, 80.55849
0, 80.57849
0, 80.59849
0, 80.61848
0, 80.63848
0, 80.65848
0, 80.67847
0, 80.69847
0, 80.71847
0, 80.73846
0, 80.75846
0, 80.77846
0, 80.79845
0, 80.81845
0, 80.83845
0, 80.85844
0, 80.87844
0, 80.89844
0, 80.91843
0, 80.93843
0, 80.95843
0, 80.97842
0, 80.99842
0, 81.01842
0, 81.03841
0, 81.05841
0, 81.07841
0, 81.0984
0, 81.1184
0, 81.1384
0, 81.15839
0, 81.17839
0, 81.19839
0, 81.21838
0, 81.23838
0, 81.25838
0, 81.27837
0, 81.29837
0, 81.31837
0, 81.33836
0, 81.35836
0, 81.37836
0, 81.39835
0, 81.41835
0, 81.43835
0, 81.45834
0, 81.47834
0, 81.49834
0, 81.51833
0, 81.53833
0, 81.55833
0, 81.57832
0, 81.59832
0, 81.61832
0, 81.63831
0, 81.65831
0, 81.67831
0, 81.6983
0, 81.7183
0, 81.7383
0, 81.75829
0, 81.77829
0, 81.79829
0, 81.81828
0, 81.83828
0, 81.85828
0, 81.87827
0, 81.89827
0, 81.91827
0, 81.93826
0, 81.95826
0, 81.97826
0, 81.99825
0, 82.01825
0, 82.03825
0, 82.05824
0, 82.07824
0, 82.09824
0, 82.11823
0, 82.13823
0, 82.15823
0, 82.17822
0, 82.19822
0, 82.21822
0, 82.23821
0, 82.25821
0, 82.27821
0, 82.2982
0, 82.3182
0, 82.3382
0, 82.35819
0, 82.37819
0, 82.39819
0, 82.41818
0, 82.43818
0, 82.45818
0, 82.47817
0, 82.49817
0, 82.51817
0, 82.53816
0, 82.55816
0, 82.57816
0, 82.59815
0, 82.61815
0, 82.63815
0, 82.65814
0, 82.67814
0, 82.69814
0, 82.71813
0, 82.73813
0, 82.75813
0, 82.77812
0, 82.79812
0, 82.81812
0, 82.83811
0, 82.85811
0, 82.87811
0, 82.8981
0, 82.9181
0, 82.9381
0, 82.95809
0, 82.97809
0, 82.99809
0, 83.01808
0, 83.03808
0, 83.05807
0, 83.07807
0, 83.09807
0, 83.11806
0, 83.13806
0, 83.15806
0, 83.17805
0, 83.19805
0, 83.21805
0, 83.23804
0, 83.25804
0, 83.27804
0, 83.29803
0, 83.31803
0, 83.33803
0, 83.35802
0, 83.37802
0, 83.39802
0, 83.41801
0, 83.43801
0, 83.45801
0, 83.478
0, 83.498
0, 83.518
0, 83.53799
0, 83.55799
0, 83.57799
0, 83.59798
0, 83.61798
0, 83.63798
0, 83.65797
0, 83.67797
0, 83.69797
0, 83.71796
0, 83.73796
0, 83.75796
0, 83.77795
0, 83.79795
0, 83.81795
0, 83.83794
0, 83.85794
0, 83.87794
0, 83.89793
0, 83.91793
0, 83.93793
0, 83.95792
0, 83.97792
0, 83.99792
0, 84.01791
0, 84.03791
0, 84.05791
0, 84.0779
0, 84.0979
0, 84.1179
0, 84.13789
0, 84.15789
0, 84.17789
0, 84.19788
0, 84.21788
0, 84.23788
0, 84.25787
0, 84.27787
0, 84.29787
0, 84.31786
0, 84.33786
0, 84.35786
0, 84.37785
0, 84.39785
0, 84.41785
0, 84.43784
0, 84.45784
0, 84.47784
0, 84.49783
0, 84.51783
0, 84.53783
0, 84.55782
0, 84.57782
0, 84.59782
0, 84.61781
0, 84.63781
0, 84.65781
0, 84.6778
0, 84.6978
0, 84.7178
0, 84.73779
0, 84.75779
0, 84.77779
0, 84.79778
0, 84.81778
0, 84.83778
0, 84.85777
0, 84.87777
0, 84.89777
0, 84.91776
0, 84.93776
0, 84.95776
0, 84.97775
0, 84.99775
0, 85.01775
0, 85.03774
0, 85.05774
0, 85.07774
0, 85.09773
0, 85.11773
0, 85.13773
0, 85.15772
0, 85.17772
0, 85.19772
0, 85.21771
0, 85.23771
0, 85.25771
0, 85.2777
0, 85.2977
0, 85.3177
0, 85.33769
0, 85.35769
0, 85.37769
0, 85.39768
0, 85.41768
0, 85.43768
0, 85.45767
0, 85.47767
0, 85.49767
0, 85.51766
0, 85.53766
0, 85.55766
0, 85.57765
0, 85.59765
0, 85.61765
0, 85.63764
0, 85.65764
0, 85.67764
0, 85.69763
0, 85.71763
0, 85.73763
0, 85.75762
0, 85.77762
0, 85.79762
0, 85.81761
0, 85.83761
0, 85.8576
0, 85.8776
0, 85.8976
0, 85.91759
0, 85.93759
0, 85.95759
0, 85.97758
0, 85.99758
0, 86.01758
0, 86.03757
0, 86.05757
0, 86.07757
0, 86.09756
0, 86.11756
0, 86.13756
0, 86.15755
0, 86.17755
0, 86.19755
0, 86.21754
0, 86.23754
0, 86.25754
0, 86.27753
0, 86.29753
0, 86.31753
0, 86.33752
0, 86.35752
0, 86.37752
0, 86.39751
0, 86.41751
0, 86.43751
0, 86.4575
0, 86.4775
0, 86.4975
0, 86.51749
0, 86.53749
0, 86.55749
0, 86.57748
0, 86.59748
0, 86.61748
0, 86.63747
0, 86.65747
0, 86.67747
0, 86.69746
0, 86.71746
0, 86.73746
0, 86.75745
0, 86.77745
0, 86.79745
0, 86.81744
0, 86.83744
0, 86.85744
0, 86.87743
0, 86.89743
0, 86.91743
0, 86.93742
0, 86.95742
0, 86.97742
0, 86.99741
0, 87.01741
0, 87.03741
0, 87.0574
0, 87.0774
0, 87.0974
0, 87.11739
0, 87.13739
0, 87.15739
0, 87.17738
0, 87.19738
0, 87.21738
0, 87.23737
0, 87.25737
0, 87.27737
0, 87.29736
0, 87.31736
0, 87.33736
0, 87.35735
0, 87.37735
0, 87.39735
0, 87.41734
0, 87.43734
0, 87.45734
0, 87.47733
0, 87.49733
0, 87.51733
0, 87.53732
0, 87.55732
0, 87.57732
0, 87.59731
0, 87.61731
0, 87.63731
0, 87.6573
0, 87.6773
0, 87.6973
0, 87.71729
0, 87.73729
0, 87.75729
0, 87.77728
0, 87.79728
0, 87.81728
0, 87.83727
0, 87.85727
0, 87.87727
0, 87.89726
0, 87.91726
0, 87.93726
0, 87.95725
0, 87.97725
0, 87.99725
0, 88.01724
0, 88.03724
0, 88.05724
0, 88.07723
0, 88.09723
0, 88.11723
0, 88.13722
0, 88.15722
0, 88.17722
0, 88.19721
0, 88.21721
0, 88.23721
0, 88.2572
0, 88.2772
0, 88.2972
0, 88.31719
0, 88.33719
0, 88.35719
0, 88.37718
0, 88.39718
0, 88.41718
0, 88.43717
0, 88.45717
0, 88.47717
0, 88.49716
0, 88.51716
0, 88.53716
0, 88.55715
0, 88.57715
0, 88.59715
0, 88.61714
0, 88.63714
0, 88.65714
0, 88.67713
0, 88.69713
0, 88.71712
0, 88.73712
0, 88.75712
0, 88.77711
0, 88.79711
0, 88.81711
0, 88.8371
0, 88.8571
0, 88.8771
0, 88.89709
0, 88.91709
0, 88.93709
0, 88.95708
0, 88.97708
0, 88.99708
0, 89.01707
0, 89.03707
0, 89.05707
0, 89.07706
0, 89.09706
0, 89.11706
0, 89.13705
0, 89.15705
0, 89.17705
0, 89.19704
0, 89.21704
0, 89.23704
0, 89.25703
0, 89.27703
0, 89.29703
0, 89.31702
0, 89.33702
0, 89.35702
0, 89.37701
0, 89.39701
0, 89.41701
0, 89.437
0, 89.457
0, 89.477
0, 89.49699
0, 89.51699
0, 89.53699
0, 89.55698
0, 89.57698
0, 89.59698
0, 89.61697
0, 89.63697
0, 89.65697
0, 89.67696
0, 89.69696
0, 89.71696
0, 89.73695
0, 89.75695
0, 89.77695
0, 89.79694
0, 89.81694
0, 89.83694
0, 89.85693
0, 89.87693
0, 89.89693
0, 89.91692
0, 89.93692
0, 89.95692
0, 89.97691
0, 89.99691
0, 90.01691
0, 90.0369
0, 90.0569
0, 90.0769
0, 90.09689
0, 90.11689
0, 90.13689
0, 90.15688
0, 90.17688
0, 90.19688
0, 90.21687
0, 90.23687
0, 90.25687
0, 90.27686
0, 90.29686
0, 90.31686
0, 90.33685
0, 90.35685
0, 90.37685
0, 90.39684
0, 90.41684
0, 90.43684
0, 90.45683
0, 90.47683
0, 90.49683
0, 90.51682
0, 90.53682
0, 90.55682
0, 90.57681
0, 90.59681
0, 90.61681
0, 90.6368
0, 90.6568
0, 90.6768
0, 90.69679
0, 90.71679
0, 90.73679
0, 90.75678
0, 90.77678
0, 90.79678
0, 90.81677
0, 90.83677
0, 90.85677
0, 90.87676
0, 90.89676
0, 90.91676
0, 90.93675
0, 90.95675
0, 90.97675
0, 90.99674
0, 91.01674
0, 91.03674
0, 91.05673
0, 91.07673
0, 91.09673
0, 91.11672
0, 91.13672
0, 91.15672
0, 91.17671
0, 91.19671
0, 91.21671
0, 91.2367
0, 91.2567
0, 91.2767
0, 91.29669
0, 91.31669
0, 91.33669
0, 91.35668
0, 91.37668
0, 91.39668
0, 91.41667
0, 91.43667
0, 91.45667
0, 91.47666
0, 91.49666
0, 91.51665
0, 91.53665
0, 91.55665
0, 91.57664
0, 91.59664
0, 91.61664
0, 91.63663
0, 91.65663
0, 91.67663
0, 91.69662
0, 91.71662
0, 91.73662
0, 91.75661
0, 91.77661
0, 91.79661
0, 91.8166
0, 91.8366
0, 91.8566
0, 91.87659
0, 91.89659
0, 91.91659
0, 91.93658
0, 91.95658
0, 91.97658
0, 91.99657
0, 92.01657
0, 92.03657
0, 92.05656
0, 92.07656
0, 92.09656
0, 92.11655
0, 92.13655
0, 92.15655
0, 92.17654
0, 92.19654
0, 92.21654
0, 92.23653
0, 92.25653
0, 92.27653
0, 92.29652
0, 92.31652
0, 92.33652
0, 92.35651
0, 92.37651
0, 92.39651
0, 92.4165
0, 92.4365
0, 92.4565
0, 92.47649
0, 92.49649
0, 92.51649
0, 92.53648
0, 92.55648
0, 92.57648
0, 92.59647
0, 92.61647
0, 92.63647
0, 92.65646
0, 92.67646
0, 92.69646
0, 92.71645
0, 92.73645
0, 92.75645
0, 92.77644
0, 92.79644
0, 92.81644
0, 92.83643
0, 92.85643
0, 92.87643
0, 92.89642
0, 92.91642
0, 92.93642
0, 92.95641
0, 92.97641
0, 92.99641
0, 93.0164
0, 93.0364
0, 93.0564
0, 93.07639
0, 93.09639
0, 93.11639
0, 93.13638
0, 93.15638
0, 93.17638
0, 93.19637
0, 93.21637
0, 93.23637
0, 93.25636
0, 93.27636
0, 93.29636
0, 93.31635
0, 93.33635
0, 93.35635
0, 93.37634
0, 93.39634
0, 93.41634
0, 93.43633
0, 93.45633
0, 93.47633
0, 93.49632
0, 93.51632
0, 93.53632
0, 93.55631
0, 93.57631
0, 93.59631
0, 93.6163
0, 93.6363
0, 93.6563
0, 93.67629
0, 93.69629
0, 93.71629
0, 93.73628
0, 93.75628
0, 93.77628
0, 93.79627
0, 93.81627
0, 93.83627
0, 93.85626
0, 93.87626
0, 93.89626
0, 93.91625
0, 93.93625
0, 93.95625
0, 93.97624
0, 93.99624
0, 94.01624
0, 94.03623
0, 94.05623
0, 94.07623
0, 94.09622
0, 94.11622
0, 94.13622
0, 94.15621
0, 94.17621
0, 94.19621
0, 94.2162
0, 94.2362
0, 94.2562
0, 94.27619
0, 94.29619
0, 94.31618
0, 94.33618
0, 94.35618
0, 94.37617
0, 94.39617
0, 94.41617
0, 94.43616
0, 94.45616
0, 94.47616
0, 94.49615
0, 94.51615
0, 94.53615
0, 94.55614
0, 94.57614
0, 94.59614
0, 94.61613
0, 94.63613
0, 94.65613
0, 94.67612
0, 94.69612
0, 94.71612
0, 94.73611
0, 94.75611
0, 94.77611
0, 94.7961
0, 94.8161
0, 94.8361
0, 94.85609
0, 94.87609
0, 94.89609
0, 94.91608
0, 94.93608
0, 94.95608
0, 94.97607
0, 94.99607
0, 95.01607
0, 95.03606
0, 95.05606
0, 95.07606
0, 95.09605
0, 95.11605
0, 95.13605
0, 95.15604
0, 95.17604
0, 95.19604
0, 95.21603
0, 95.23603
0, 95.25603
0, 95.27602
0, 95.29602
0, 95.31602
0, 95.33601
0, 95.35601
0, 95.37601
0, 95.396
0, 95.416
0, 95.436
0, 95.45599
0, 95.47599
0, 95.49599
0, 95.51598
0, 95.53598
0, 95.55598
0, 95.57597
0, 95.59597
0, 95.61597
0, 95.63596
0, 95.65596
0, 95.67596
0, 95.69595
0, 95.71595
0, 95.73595
0, 95.75594
0, 95.77594
0, 95.79594
0, 95.81593
0, 95.83593
0, 95.85593
0, 95.87592
0, 95.89592
0, 95.91592
0, 95.93591
0, 95.95591
0, 95.97591
0, 95.9959
0, 96.0159
0, 96.0359
0, 96.05589
0, 96.07589
0, 96.09589
0, 96.11588
0, 96.13588
0, 96.15588
0, 96.17587
0, 96.19587
0, 96.21587
0, 96.23586
0, 96.25586
0, 96.27586
0, 96.29585
0, 96.31585
0, 96.33585
0, 96.35584
0, 96.37584
0, 96.39584
0, 96.41583
0, 96.43583
0, 96.45583
0, 96.47582
0, 96.49582
0, 96.51582
0, 96.53581
0, 96.55581
0, 96.57581
0, 96.5958
0, 96.6158
0, 96.6358
0, 96.65579
0, 96.67579
0, 96.69579
0, 96.71578
0, 96.73578
0, 96.75578
0, 96.77577
0, 96.79577
0, 96.81577
0, 96.83576
0, 96.85576
0, 96.87576
0, 96.89575
0, 96.91575
0, 96.93575
0, 96.95574
0, 96.97574
0, 96.99574
0, 97.01573
0, 97.03573
0, 97.05573
0, 97.07572
0, 97.09572
0, 97.11572
0, 97.13571
0, 97.15571
0, 97.1757
0, 97.1957
0, 97.2157
0, 97.23569
0, 97.25569
0, 97.27569
0, 97.29568
0, 97.31568
0, 97.33568
0, 97.35567
0, 97.37567
0, 97.39567
0, 97.41566
0, 97.43566
0, 97.45566
0, 97.47565
0, 97.49565
0, 97.51565
0, 97.53564
0, 97.55564
0, 97.57564
0, 97.59563
0, 97.61563
0, 97.63563
0, 97.65562
0, 97.67562
0, 97.69562
0, 97.71561
0, 97.73561
0, 97.75561
0, 97.7756
0, 97.7956
0, 97.8156
0, 97.83559
0, 97.85559
0, 97.87559
0, 97.89558
0, 97.91558
0, 97.93558
0, 97.95557
0, 97.97557
0, 97.99557
0, 98.01556
0, 98.03556
0, 98.05556
0, 98.07555
0, 98.09555
0, 98.11555
0, 98.13554
0, 98.15554
0, 98.17554
0, 98.19553
0, 98.21553
0, 98.23553
0, 98.25552
0, 98.27552
0, 98.29552
0, 98.31551
0, 98.33551
0, 98.35551
0, 98.3755
0, 98.3955
0, 98.4155
0, 98.43549
0, 98.45549
0, 98.47549
0, 98.49548
0, 98.51548
0, 98.53548
0, 98.55547
0, 98.57547
0, 98.59547
0, 98.61546
0, 98.63546
0, 98.65546
0, 98.67545
0, 98.69545
0, 98.71545
0, 98.73544
0, 98.75544
0, 98.77544
0, 98.79543
0, 98.81543
0, 98.83543
0, 98.85542
0, 98.87542
0, 98.89542
0, 98.91541
0, 98.93541
0, 98.95541
0, 98.9754
0, 98.9954
0, 99.0154
0, 99.03539
0, 99.05539
0, 99.07539
0, 99.09538
0, 99.11538
0, 99.13538
0, 99.15537
0, 99.17537
0, 99.19537
0, 99.21536
0, 99.23536
0, 99.25536
0, 99.27535
0, 99.29535
0, 99.31535
0, 99.33534
0, 99.35534
0, 99.37534
0, 99.39533
0, 99.41533
0, 99.43533
0, 99.45532
0, 99.47532
0, 99.49532
0, 99.51531
0, 99.53531
0, 99.55531
0, 99.5753
0, 99.5953
0, 99.6153
0, 99.63529
0, 99.65529
0, 99.67529
0, 99.69528
0, 99.71528
0, 99.73528
0, 99.75527
0, 99.77527
0, 99.79527
0, 99.81526
0, 99.83526
0, 99.85526
0, 99.87525
0, 99.89525
0, 99.91525
0, 99.93524
0, 99.95524
0, 99.97523
0, 99.99523
0, 100.0152
0, 100.0352
0, 100.0552
0, 100.0752
0, 100.0952
0, 100.1152
0, 100.1352
0, 100.1552
0, 100.1752
0, 100.1952
0, 100.2152
0, 100.2352
0, 100.2552
0, 100.2752
0, 100.2952
0, 100.3152
0, 100.3352
0, 100.3552
0, 100.3752
0, 100.3952
0, 100.4152
0, 100.4352
0, 100.4552
0, 100.4752
0, 100.4951
0, 100.5151
0, 100.5351
0, 100.5551
0, 100.5751
0, 100.5951
0, 100.6151
0, 100.6351
0, 100.6551
0, 100.6751
0, 100.6951
0, 100.7151
0, 100.7351
0, 100.7551
0, 100.7751
0, 100.7951
0, 100.8151
0, 100.8351
0, 100.8551
0, 100.8751
0, 100.8951
0, 100.9151
0, 100.9351
0, 100.9551
0, 100.9751
0, 100.9951
0, 101.0151
0, 101.0351
0, 101.0551
0, 101.0751
0, 101.095
0, 101.115
0, 101.135
0, 101.155
0, 101.175
0, 101.195
0, 101.215
0, 101.235
0, 101.255
0, 101.275
0, 101.295
0, 101.315
0, 101.335
0, 101.355
0, 101.375
0, 101.395
0, 101.415
0, 101.435
0, 101.455
0, 101.475
0, 101.495
0, 101.515
0, 101.535
0, 101.555
0, 101.575
0, 101.595
0, 101.615
0, 101.635
0, 101.655
0, 101.6749
0, 101.6949
0, 101.7149
0, 101.7349
0, 101.7549
0, 101.7749
0, 101.7949
0, 101.8149
0, 101.8349
0, 101.8549
0, 101.8749
0, 101.8949
0, 101.9149
0, 101.9349
0, 101.9549
0, 101.9749
0, 101.9949
0, 102.0149
0, 102.0349
0, 102.0549
0, 102.0749
0, 102.0949
0, 102.1149
0, 102.1349
0, 102.1549
0, 102.1749
0, 102.1949
0, 102.2149
0, 102.2349
0, 102.2549
0, 102.2748
0, 102.2948
0, 102.3148
0, 102.3348
0, 102.3548
0, 102.3748
0, 102.3948
0, 102.4148
0, 102.4348
0, 102.4548
0, 102.4748
0, 102.4948
0, 102.5148
0, 102.5348
0, 102.5548
0, 102.5748
0, 102.5948
0, 102.6148
0, 102.6348
0, 102.6548
0, 102.6748
0, 102.6948
0, 102.7148
0, 102.7348
0, 102.7548
0, 102.7748
0, 102.7948
0, 102.8148
0, 102.8348
0, 102.8548
0, 102.8747
0, 102.8947
0, 102.9147
0, 102.9347
0, 102.9547
0, 102.9747
0, 102.9947
0, 103.0147
0, 103.0347
0, 103.0547
0, 103.0747
0, 103.0947
0, 103.1147
0, 103.1347
0, 103.1547
0, 103.1747
0, 103.1947
0, 103.2147
0, 103.2347
0, 103.2547
0, 103.2747
0, 103.2947
0, 103.3147
0, 103.3347
0, 103.3547
0, 103.3747
0, 103.3947
0, 103.4147
0, 103.4347
0, 103.4547
0, 103.4746
0, 103.4946
0, 103.5146
0, 103.5346
0, 103.5546
0, 103.5746
0, 103.5946
0, 103.6146
0, 103.6346
0, 103.6546
0, 103.6746
0, 103.6946
0, 103.7146
0, 103.7346
0, 103.7546
0, 103.7746
0, 103.7946
0, 103.8146
0, 103.8346
0, 103.8546
0, 103.8746
0, 103.8946
0, 103.9146
0, 103.9346
0, 103.9546
0, 103.9746
0, 103.9946
0, 104.0146
0, 104.0346
0, 104.0546
0, 104.0745
0, 104.0945
0, 104.1145
0, 104.1345
0, 104.1545
0, 104.1745
0, 104.1945
0, 104.2145
0, 104.2345
0, 104.2545
0, 104.2745
0, 104.2945
0, 104.3145
0, 104.3345
0, 104.3545
0, 104.3745
0, 104.3945
0, 104.4145
0, 104.4345
0, 104.4545
0, 104.4745
0, 104.4945
0, 104.5145
0, 104.5345
0, 104.5545
0, 104.5745
0, 104.5945
0, 104.6145
0, 104.6345
0, 104.6544
0, 104.6744
0, 104.6944
0, 104.7144
0, 104.7344
0, 104.7544
0, 104.7744
0, 104.7944
0, 104.8144
0, 104.8344
0, 104.8544
0, 104.8744
0, 104.8944
0, 104.9144
0, 104.9344
0, 104.9544
0, 104.9744
0, 104.9944
0, 105.0144
0, 105.0344
0, 105.0544
0, 105.0744
0, 105.0944
0, 105.1144
0, 105.1344
0, 105.1544
0, 105.1744
0, 105.1944
0, 105.2144
0, 105.2344
0, 105.2543
0, 105.2743
0, 105.2943
0, 105.3143
0, 105.3343
0, 105.3543
0, 105.3743
0, 105.3943
0, 105.4143
0, 105.4343
0, 105.4543
0, 105.4743
0, 105.4943
0, 105.5143
0, 105.5343
0, 105.5543
0, 105.5743
0, 105.5943
0, 105.6143
0, 105.6343
0, 105.6543
0, 105.6743
0, 105.6943
0, 105.7143
0, 105.7343
0, 105.7543
0, 105.7743
0, 105.7943
0, 105.8143
0, 105.8343
0, 105.8542
0, 105.8742
0, 105.8942
0, 105.9142
0, 105.9342
0, 105.9542
0, 105.9742
0, 105.9942
0, 106.0142
0, 106.0342
0, 106.0542
0, 106.0742
0, 106.0942
0, 106.1142
0, 106.1342
0, 106.1542
0, 106.1742
0, 106.1942
0, 106.2142
0, 106.2342
0, 106.2542
0, 106.2742
0, 106.2942
0, 106.3142
0, 106.3342
0, 106.3542
0, 106.3742
0, 106.3942
0, 106.4142
0, 106.4342
0, 106.4541
0, 106.4741
0, 106.4941
0, 106.5141
0, 106.5341
0, 106.5541
0, 106.5741
0, 106.5941
0, 106.6141
0, 106.6341
0, 106.6541
0, 106.6741
0, 106.6941
0, 106.7141
0, 106.7341
0, 106.7541
0, 106.7741
0, 106.7941
0, 106.8141
0, 106.8341
0, 106.8541
0, 106.8741
0, 106.8941
0, 106.9141
0, 106.9341
0, 106.9541
0, 106.9741
0, 106.9941
0, 107.0141
0, 107.034
0, 107.054
0, 107.074
0, 107.094
0, 107.114
0, 107.134
0, 107.154
0, 107.174
0, 107.194
0, 107.214
0, 107.234
0, 107.254
0, 107.274
0, 107.294
0, 107.314
0, 107.334
0, 107.354
0, 107.374
0, 107.394
0, 107.414
0, 107.434
0, 107.454
0, 107.474
0, 107.494
0, 107.514
0, 107.534
0, 107.554
0, 107.574
0, 107.594
0, 107.614
0, 107.6339
0, 107.6539
0, 107.6739
0, 107.6939
0, 107.7139
0, 107.7339
0, 107.7539
0, 107.7739
0, 107.7939
0, 107.8139
0, 107.8339
0, 107.8539
0, 107.8739
0, 107.8939
0, 107.9139
0, 107.9339
0, 107.9539
0, 107.9739
0, 107.9939
0, 108.0139
0, 108.0339
0, 108.0539
0, 108.0739
0, 108.0939
0, 108.1139
0, 108.1339
0, 108.1539
0, 108.1739
0, 108.1939
0, 108.2139
0, 108.2338
0, 108.2538
0, 108.2738
0, 108.2938
0, 108.3138
0, 108.3338
0, 108.3538
0, 108.3738
0, 108.3938
0, 108.4138
0, 108.4338
0, 108.4538
0, 108.4738
0, 108.4938
0, 108.5138
0, 108.5338
0, 108.5538
0, 108.5738
0, 108.5938
0, 108.6138
0, 108.6338
0, 108.6538
0, 108.6738
0, 108.6938
0, 108.7138
0, 108.7338
0, 108.7538
0, 108.7738
0, 108.7938
0, 108.8138
0, 108.8337
0, 108.8537
0, 108.8737
0, 108.8937
0, 108.9137
0, 108.9337
0, 108.9537
0, 108.9737
0, 108.9937
0, 109.0137
0, 109.0337
0, 109.0537
0, 109.0737
0, 109.0937
0, 109.1137
0, 109.1337
0, 109.1537
0, 109.1737
0, 109.1937
0, 109.2137
0, 109.2337
0, 109.2537
0, 109.2737
0, 109.2937
0, 109.3137
0, 109.3337
0, 109.3537
0, 109.3737
0, 109.3937
0, 109.4137
0, 109.4336
0, 109.4536
0, 109.4736
0, 109.4936
0, 109.5136
0, 109.5336
0, 109.5536
0, 109.5736
0, 109.5936
0, 109.6136
0, 109.6336
0, 109.6536
0, 109.6736
0, 109.6936
0, 109.7136
0, 109.7336
0, 109.7536
0, 109.7736
0, 109.7936
0, 109.8136
0, 109.8336
0, 109.8536
0, 109.8736
0, 109.8936
0, 109.9136
0, 109.9336
0, 109.9536
0, 109.9736
0, 109.9936
0, 110.0135
0, 110.0335
0, 110.0535
0, 110.0735
0, 110.0935
0, 110.1135
0, 110.1335
0, 110.1535
0, 110.1735
0, 110.1935
0, 110.2135
0, 110.2335
0, 110.2535
0, 110.2735
0, 110.2935
0, 110.3135
0, 110.3335
0, 110.3535
0, 110.3735
0, 110.3935
0, 110.4135
0, 110.4335
0, 110.4535
0, 110.4735
0, 110.4935
0, 110.5135
0, 110.5335
0, 110.5535
0, 110.5735
0, 110.5935
0, 110.6134
0, 110.6334
0, 110.6534
0, 110.6734
0, 110.6934
0, 110.7134
0, 110.7334
0, 110.7534
0, 110.7734
0, 110.7934
0, 110.8134
0, 110.8334
0, 110.8534
0, 110.8734
0, 110.8934
0, 110.9134
0, 110.9334
0, 110.9534
0, 110.9734
0, 110.9934
0, 111.0134
0, 111.0334
0, 111.0534
0, 111.0734
0, 111.0934
0, 111.1134
0, 111.1334
0, 111.1534
0, 111.1734
0, 111.1934
0, 111.2133
0, 111.2333
0, 111.2533
0, 111.2733
0, 111.2933
0, 111.3133
0, 111.3333
0, 111.3533
0, 111.3733
0, 111.3933
0, 111.4133
0, 111.4333
0, 111.4533
0, 111.4733
0, 111.4933
0, 111.5133
0, 111.5333
0, 111.5533
0, 111.5733
0, 111.5933
0, 111.6133
0, 111.6333
0, 111.6533
0, 111.6733
0, 111.6933
0, 111.7133
0, 111.7333
0, 111.7533
0, 111.7733
0, 111.7933
0, 111.8132
0, 111.8332
0, 111.8532
0, 111.8732
0, 111.8932
0, 111.9132
0, 111.9332
0, 111.9532
0, 111.9732
0, 111.9932
0, 112.0132
0, 112.0332
0, 112.0532
0, 112.0732
0, 112.0932
0, 112.1132
0, 112.1332
0, 112.1532
0, 112.1732
0, 112.1932
0, 112.2132
0, 112.2332
0, 112.2532
0, 112.2732
0, 112.2932
0, 112.3132
0, 112.3332
0, 112.3532
0, 112.3732
0, 112.3932
0, 112.4131
0, 112.4331
0, 112.4531
0, 112.4731
0, 112.4931
0, 112.5131
0, 112.5331
0, 112.5531
0, 112.5731
0, 112.5931
0, 112.6131
0, 112.6331
0, 112.6531
0, 112.6731
0, 112.6931
0, 112.7131
0, 112.7331
0, 112.7531
0, 112.7731
0, 112.7931
0, 112.8131
0, 112.8331
0, 112.8531
0, 112.8731
0, 112.8931
0, 112.9131
0, 112.9331
0, 112.9531
0, 112.9731
0, 112.993
0, 113.013
0, 113.033
0, 113.053
0, 113.073
0, 113.093
0, 113.113
0, 113.133
0, 113.153
0, 113.173
0, 113.193
0, 113.213
0, 113.233
0, 113.253
0, 113.273
0, 113.293
0, 113.313
0, 113.333
0, 113.353
0, 113.373
0, 113.393
0, 113.413
0, 113.433
0, 113.453
0, 113.473
0, 113.493
0, 113.513
0, 113.533
0, 113.553
0, 113.573
0, 113.5929
0, 113.6129
0, 113.6329
0, 113.6529
0, 113.6729
0, 113.6929
0, 113.7129
0, 113.7329
0, 113.7529
0, 113.7729
0, 113.7929
0, 113.8129
0, 113.8329
0, 113.8529
0, 113.8729
0, 113.8929
0, 113.9129
0, 113.9329
0, 113.9529
0, 113.9729
0, 113.9929
0, 114.0129
0, 114.0329
0, 114.0529
0, 114.0729
0, 114.0929
0, 114.1129
0, 114.1329
0, 114.1529
0, 114.1729
0, 114.1928
0, 114.2128
0, 114.2328
0, 114.2528
0, 114.2728
0, 114.2928
0, 114.3128
0, 114.3328
0, 114.3528
0, 114.3728
0, 114.3928
0, 114.4128
0, 114.4328
0, 114.4528
0, 114.4728
0, 114.4928
0, 114.5128
0, 114.5328
0, 114.5528
0, 114.5728
0, 114.5928
0, 114.6128
0, 114.6328
0, 114.6528
0, 114.6728
0, 114.6928
0, 114.7128
0, 114.7328
0, 114.7528
0, 114.7728
0, 114.7927
0, 114.8127
0, 114.8327
0, 114.8527
0, 114.8727
0, 114.8927
0, 114.9127
0, 114.9327
0, 114.9527
0, 114.9727
0, 114.9927
0, 115.0127
0, 115.0327
0, 115.0527
0, 115.0727
0, 115.0927
0, 115.1127
0, 115.1327
0, 115.1527
0, 115.1727
0, 115.1927
0, 115.2127
0, 115.2327
0, 115.2527
0, 115.2727
0, 115.2927
0, 115.3127
0, 115.3327
0, 115.3527
0, 115.3727
0, 115.3926
0, 115.4126
0, 115.4326
0, 115.4526
0, 115.4726
0, 115.4926
0, 115.5126
0, 115.5326
0, 115.5526
0, 115.5726
0, 115.5926
0, 115.6126
0, 115.6326
0, 115.6526
0, 115.6726
0, 115.6926
0, 115.7126
0, 115.7326
0, 115.7526
0, 115.7726
0, 115.7926
0, 115.8126
0, 115.8326
0, 115.8526
0, 115.8726
0, 115.8926
0, 115.9126
0, 115.9326
0, 115.9526
0, 115.9725
0, 115.9925
0, 116.0125
0, 116.0325
0, 116.0525
0, 116.0725
0, 116.0925
0, 116.1125
0, 116.1325
0, 116.1525
0, 116.1725
0, 116.1925
0, 116.2125
0, 116.2325
0, 116.2525
0, 116.2725
0, 116.2925
0, 116.3125
0, 116.3325
0, 116.3525
0, 116.3725
0, 116.3925
0, 116.4125
0, 116.4325
0, 116.4525
0, 116.4725
0, 116.4925
0, 116.5125
0, 116.5325
0, 116.5525
0, 116.5724
0, 116.5924
0, 116.6124
0, 116.6324
0, 116.6524
0, 116.6724
0, 116.6924
0, 116.7124
0, 116.7324
0, 116.7524
0, 116.7724
0, 116.7924
0, 116.8124
0, 116.8324
0, 116.8524
0, 116.8724
0, 116.8924
0, 116.9124
0, 116.9324
0, 116.9524
0, 116.9724
0, 116.9924
0, 117.0124
0, 117.0324
0, 117.0524
0, 117.0724
0, 117.0924
0, 117.1124
0, 117.1324
0, 117.1524
0, 117.1723
0, 117.1923
0, 117.2123
0, 117.2323
0, 117.2523
0, 117.2723
0, 117.2923
0, 117.3123
0, 117.3323
0, 117.3523
0, 117.3723
0, 117.3923
0, 117.4123
0, 117.4323
0, 117.4523
0, 117.4723
0, 117.4923
0, 117.5123
0, 117.5323
0, 117.5523
0, 117.5723
0, 117.5923
0, 117.6123
0, 117.6323
0, 117.6523
0, 117.6723
0, 117.6923
0, 117.7123
0, 117.7323
0, 117.7523
0, 117.7722
0, 117.7922
0, 117.8122
0, 117.8322
0, 117.8522
0, 117.8722
0, 117.8922
0, 117.9122
0, 117.9322
0, 117.9522
0, 117.9722
0, 117.9922
0, 118.0122
0, 118.0322
0, 118.0522
0, 118.0722
0, 118.0922
0, 118.1122
0, 118.1322
0, 118.1522
0, 118.1722
0, 118.1922
0, 118.2122
0, 118.2322
0, 118.2522
0, 118.2722
0, 118.2922
0, 118.3122
0, 118.3322
0, 118.3521
0, 118.3721
0, 118.3921
0, 118.4121
0, 118.4321
0, 118.4521
0, 118.4721
0, 118.4921
0, 118.5121
0, 118.5321
0, 118.5521
0, 118.5721
0, 118.5921
0, 118.6121
0, 118.6321
0, 118.6521
0, 118.6721
0, 118.6921
0, 118.7121
0, 118.7321
0, 118.7521
0, 118.7721
0, 118.7921
0, 118.8121
0, 118.8321
0, 118.8521
0, 118.8721
0, 118.8921
0, 118.9121
0, 118.9321
0, 118.952
0, 118.972
0, 118.992
0, 119.012
0, 119.032
0, 119.052
0, 119.072
0, 119.092
0, 119.112
0, 119.132
0, 119.152
0, 119.172
0, 119.192
0, 119.212
0, 119.232
0, 119.252
0, 119.272
0, 119.292
0, 119.312
0, 119.332
0, 119.352
0, 119.372
0, 119.392
0, 119.412
0, 119.432
0, 119.452
0, 119.472
0, 119.492
0, 119.512
0, 119.532
0, 119.5519
0, 119.5719
0, 119.5919
0, 119.6119
0, 119.6319
0, 119.6519
0, 119.6719
0, 119.6919
0, 119.7119
0, 119.7319
0, 119.7519
0, 119.7719
0, 119.7919
0, 119.8119
0, 119.8319
0, 119.8519
0, 119.8719
0, 119.8919
0, 119.9119
0, 119.9319
0, 119.9519
0, 119.9719
0, 119.9919
0, 120.0119
0, 120.0319
0, 120.0519
0, 120.0719
0, 120.0919
0, 120.1119
0, 120.1319
0, 120.1518
0, 120.1718
0, 120.1918
0, 120.2118
0, 120.2318
0, 120.2518
0, 120.2718
0, 120.2918
0, 120.3118
0, 120.3318
0, 120.3518
0, 120.3718
0, 120.3918
0, 120.4118
0, 120.4318
0, 120.4518
0, 120.4718
0, 120.4918
0, 120.5118
0, 120.5318
0, 120.5518
0, 120.5718
0, 120.5918
0, 120.6118
0, 120.6318
0, 120.6518
0, 120.6718
0, 120.6918
0, 120.7118
0, 120.7318
0, 120.7517
0, 120.7717
0, 120.7917
0, 120.8117
0, 120.8317
0, 120.8517
0, 120.8717
0, 120.8917
0, 120.9117
0, 120.9317
0, 120.9517
0, 120.9717
0, 120.9917
0, 121.0117
0, 121.0317
0, 121.0517
0, 121.0717
0, 121.0917
0, 121.1117
0, 121.1317
0, 121.1517
0, 121.1717
0, 121.1917
0, 121.2117
0, 121.2317
0, 121.2517
0, 121.2717
0, 121.2917
0, 121.3117
0, 121.3316
0, 121.3516
0, 121.3716
0, 121.3916
0, 121.4116
0, 121.4316
0, 121.4516
0, 121.4716
0, 121.4916
0, 121.5116
0, 121.5316
0, 121.5516
0, 121.5716
0, 121.5916
0, 121.6116
0, 121.6316
0, 121.6516
0, 121.6716
0, 121.6916
0, 121.7116
0, 121.7316
0, 121.7516
0, 121.7716
0, 121.7916
0, 121.8116
0, 121.8316
0, 121.8516
0, 121.8716
0, 121.8916
0, 121.9116
0, 121.9315
0, 121.9515
0, 121.9715
0, 121.9915
0, 122.0115
0, 122.0315
0, 122.0515
0, 122.0715
0, 122.0915
0, 122.1115
0, 122.1315
0, 122.1515
0, 122.1715
0, 122.1915
0, 122.2115
0, 122.2315
0, 122.2515
0, 122.2715
0, 122.2915
0, 122.3115
0, 122.3315
0, 122.3515
0, 122.3715
0, 122.3915
0, 122.4115
0, 122.4315
0, 122.4515
0, 122.4715
0, 122.4915
0, 122.5115
0, 122.5314
0, 122.5514
0, 122.5714
0, 122.5914
0, 122.6114
0, 122.6314
0, 122.6514
0, 122.6714
0, 122.6914
0, 122.7114
0, 122.7314
0, 122.7514
0, 122.7714
0, 122.7914
0, 122.8114
0, 122.8314
0, 122.8514
0, 122.8714
0, 122.8914
0, 122.9114
0, 122.9314
0, 122.9514
0, 122.9714
0, 122.9914
0, 123.0114
0, 123.0314
0, 123.0514
0, 123.0714
0, 123.0914
0, 123.1114
0, 123.1313
0, 123.1513
0, 123.1713
0, 123.1913
0, 123.2113
0, 123.2313
0, 123.2513
0, 123.2713
0, 123.2913
0, 123.3113
0, 123.3313
0, 123.3513
0, 123.3713
0, 123.3913
0, 123.4113
0, 123.4313
0, 123.4513
0, 123.4713
0, 123.4913
0, 123.5113
0, 123.5313
0, 123.5513
0, 123.5713
0, 123.5913
0, 123.6113
0, 123.6313
0, 123.6513
0, 123.6713
0, 123.6913
0, 123.7113
0, 123.7312
0, 123.7512
0, 123.7712
0, 123.7912
0, 123.8112
0, 123.8312
0, 123.8512
0, 123.8712
0, 123.8912
0, 123.9112
0, 123.9312
0, 123.9512
0, 123.9712
0, 123.9912
0, 124.0112
0, 124.0312
0, 124.0512
0, 124.0712
0, 124.0912
0, 124.1112
0, 124.1312
0, 124.1512
0, 124.1712
0, 124.1912
0, 124.2112
0, 124.2312
0, 124.2512
0, 124.2712
0, 124.2912
0, 124.3111
0, 124.3311
0, 124.3511
0, 124.3711
0, 124.3911
0, 124.4111
0, 124.4311
0, 124.4511
0, 124.4711
0, 124.4911
0, 124.5111
0, 124.5311
0, 124.5511
0, 124.5711
0, 124.5911
0, 124.6111
0, 124.6311
0, 124.6511
0, 124.6711
0, 124.6911
0, 124.7111
0, 124.7311
0, 124.7511
0, 124.7711
0, 124.7911
0, 124.8111
0, 124.8311
0, 124.8511
0, 124.8711
0, 124.8911
0, 124.911
0, 124.931
0, 124.951
0, 124.971
0, 124.991
0, 125.011
0, 125.031
0, 125.051
0, 125.071
0, 125.091
0, 125.111
0, 125.131
0, 125.151
0, 125.171
0, 125.191
0, 125.211
0, 125.231
0, 125.251
0, 125.271
0, 125.291
0, 125.311
0, 125.331
0, 125.351
0, 125.371
0, 125.391
0, 125.411
0, 125.431
0, 125.451
0, 125.471
0, 125.491
0, 125.5109
0, 125.5309
0, 125.5509
0, 125.5709
0, 125.5909
0, 125.6109
0, 125.6309
0, 125.6509
0, 125.6709
0, 125.6909
0, 125.7109
0, 125.7309
0, 125.7509
0, 125.7709
0, 125.7909
0, 125.8109
0, 125.8309
0, 125.8509
0, 125.8709
0, 125.8909
0, 125.9109
0, 125.9309
0, 125.9509
0, 125.9709
0, 125.9909
0, 126.0109
0, 126.0309
0, 126.0509
0, 126.0709
0, 126.0909
0, 126.1108
0, 126.1308
0, 126.1508
0, 126.1708
0, 126.1908
0, 126.2108
0, 126.2308
0, 126.2508
0, 126.2708
0, 126.2908
0, 126.3108
0, 126.3308
0, 126.3508
0, 126.3708
0, 126.3908
0, 126.4108
0, 126.4308
0, 126.4508
0, 126.4708
0, 126.4908
0, 126.5108
0, 126.5308
0, 126.5508
0, 126.5708
0, 126.5908
0, 126.6108
0, 126.6308
0, 126.6508
0, 126.6708
0, 126.6908
0, 126.7107
0, 126.7307
0, 126.7507
0, 126.7707
0, 126.7907
0, 126.8107
0, 126.8307
0, 126.8507
0, 126.8707
0, 126.8907
0, 126.9107
0, 126.9307
0, 126.9507
0, 126.9707
0, 126.9907
0, 127.0107
0, 127.0307
0, 127.0507
0, 127.0707
0, 127.0907
0, 127.1107
0, 127.1307
0, 127.1507
0, 127.1707
0, 127.1907
0, 127.2107
0, 127.2307
0, 127.2507
0, 127.2707
0, 127.2906
0, 127.3106
0, 127.3306
0, 127.3506
0, 127.3706
0, 127.3906
0, 127.4106
0, 127.4306
0, 127.4506
0, 127.4706
0, 127.4906
0, 127.5106
0, 127.5306
0, 127.5506
0, 127.5706
0, 127.5906
0, 127.6106
0, 127.6306
0, 127.6506
0, 127.6706
0, 127.6906
0, 127.7106
0, 127.7306
0, 127.7506
0, 127.7706
0, 127.7906
0, 127.8106
0, 127.8306
0, 127.8506
0, 127.8706
0, 127.8905
0, 127.9105
0, 127.9305
0, 127.9505
0, 127.9705
0, 127.9905
0, 128.0105
0, 128.0305
0, 128.0505
0, 128.0705
0, 128.0905
0, 128.1105
0, 128.1306
0, 128.1506
0, 128.1706
0, 128.1906
0, 128.2106
0, 128.2306
0, 128.2506
0, 128.2706
0, 128.2906
0, 128.3106
0, 128.3306
0, 128.3506
0, 128.3706
0, 128.3906
0, 128.4106
0, 128.4306
0, 128.4506
0, 128.4706
0, 128.4906
0, 128.5106
0, 128.5306
0, 128.5506
0, 128.5706
0, 128.5907
0, 128.6107
0, 128.6307
0, 128.6507
0, 128.6707
0, 128.6907
0, 128.7107
0, 128.7307
0, 128.7507
0, 128.7707
0, 128.7907
0, 128.8107
0, 128.8307
0, 128.8507
0, 128.8707
0, 128.8907
0, 128.9107
0, 128.9307
0, 128.9507
0, 128.9707
0, 128.9907
0, 129.0107
0, 129.0307
0, 129.0508
0, 129.0708
0, 129.0908
0, 129.1108
0, 129.1308
0, 129.1508
0, 129.1708
0, 129.1908
0, 129.2108
0, 129.2308
0, 129.2508
0, 129.2708
0, 129.2908
0, 129.3108
0, 129.3308
0, 129.3508
0, 129.3708
0, 129.3908
0, 129.4108
0, 129.4308
0, 129.4508
0, 129.4708
0, 129.4908
0, 129.5108
0, 129.5309
0, 129.5509
0, 129.5709
0, 129.5909
0, 129.6109
0, 129.6309
0, 129.6509
0, 129.6709
0, 129.6909
0, 129.7109
0, 129.7309
0, 129.7509
0, 129.7709
0, 129.7909
0, 129.8109
0, 129.8309
0, 129.8509
0, 129.8709
0, 129.8909
0, 129.9109
0, 129.9309
0, 129.9509
0, 129.9709
0, 129.991
0, 130.011
0, 130.031
0, 130.051
0, 130.071
0, 130.091
0, 130.111
0, 130.131
0, 130.151
0, 130.171
0, 130.191
0, 130.211
0, 130.231
0, 130.251
0, 130.271
0, 130.291
0, 130.311
0, 130.331
0, 130.351
0, 130.371
0, 130.391
0, 130.411
0, 130.431
0, 130.451
0, 130.4711
0, 130.4911
0, 130.5111
0, 130.5311
0, 130.5511
0, 130.5711
0, 130.5911
0, 130.6111
0, 130.6311
0, 130.6511
0, 130.6711
0, 130.6911
0, 130.7111
0, 130.7311
0, 130.7511
0, 130.7711
0, 130.7911
0, 130.8111
0, 130.8311
0, 130.8511
0, 130.8711
0, 130.8911
0, 130.9111
0, 130.9312
0, 130.9512
0, 130.9712
0, 130.9912
0, 131.0112
0, 131.0312
0, 131.0512
0, 131.0712
0, 131.0912
0, 131.1112
0, 131.1312
0, 131.1512
0, 131.1712
0, 131.1912
0, 131.2112
0, 131.2312
0, 131.2512
0, 131.2712
0, 131.2912
0, 131.3112
0, 131.3312
0, 131.3512
0, 131.3712
0, 131.3913
0, 131.4113
0, 131.4313
0, 131.4513
0, 131.4713
0, 131.4913
0, 131.5113
0, 131.5313
0, 131.5513
0, 131.5713
0, 131.5913
0, 131.6113
0, 131.6313
0, 131.6513
0, 131.6713
0, 131.6913
0, 131.7113
0, 131.7313
0, 131.7513
0, 131.7713
0, 131.7913
0, 131.8113
0, 131.8313
0, 131.8513
0, 131.8714
0, 131.8914
0, 131.9114
0, 131.9314
0, 131.9514
0, 131.9714
0, 131.9914
0, 132.0114
0, 132.0314
0, 132.0514
0, 132.0714
0, 132.0914
0, 132.1114
0, 132.1314
0, 132.1514
0, 132.1714
0, 132.1914
0, 132.2114
0, 132.2314
0, 132.2514
0, 132.2714
0, 132.2914
0, 132.3114
0, 132.3315
0, 132.3515
0, 132.3715
0, 132.3915
0, 132.4115
0, 132.4315
0, 132.4515
0, 132.4715
0, 132.4915
0, 132.5115
0, 132.5315
0, 132.5515
0, 132.5715
0, 132.5915
0, 132.6115
0, 132.6315
0, 132.6515
0, 132.6715
0, 132.6915
0, 132.7115
0, 132.7315
0, 132.7515
0, 132.7715
0, 132.7915
0, 132.8116
0, 132.8316
0, 132.8516
0, 132.8716
0, 132.8916
0, 132.9116
0, 132.9316
0, 132.9516
0, 132.9716
0, 132.9916
0, 133.0116
0, 133.0316
0, 133.0516
0, 133.0716
0, 133.0916
0, 133.1116
0, 133.1316
0, 133.1516
0, 133.1716
0, 133.1916
0, 133.2116
0, 133.2316
0, 133.2516
0, 133.2717
0, 133.2917
0, 133.3117
0, 133.3317
0, 133.3517
0, 133.3717
0, 133.3917
0, 133.4117
0, 133.4317
0, 133.4517
0, 133.4717
0, 133.4917
0, 133.5117
0, 133.5317
0, 133.5517
0, 133.5717
0, 133.5917
0, 133.6117
0, 133.6317
0, 133.6517
0, 133.6717
0, 133.6917
0, 133.7117
0, 133.7318
0, 133.7518
0, 133.7718
0, 133.7918
0, 133.8118
0, 133.8318
0, 133.8518
0, 133.8718
0, 133.8918
0, 133.9118
0, 133.9318
0, 133.9518
0, 133.9718
0, 133.9918
0, 134.0118
0, 134.0318
0, 134.0518
0, 134.0718
0, 134.0918
0, 134.1118
0, 134.1318
0, 134.1518
0, 134.1718
0, 134.1918
0, 134.2119
0, 134.2319
0, 134.2519
0, 134.2719
0, 134.2919
0, 134.3119
0, 134.3319
0, 134.3519
0, 134.3719
0, 134.3919
0, 134.4119
0, 134.4319
0, 134.4519
0, 134.4719
0, 134.4919
0, 134.5119
0, 134.5319
0, 134.5519
0, 134.5719
0, 134.5919
0, 134.6119
0, 134.6319
0, 134.6519
0, 134.672
0, 134.692
0, 134.712
0, 134.732
0, 134.752
0, 134.772
0, 134.792
0, 134.812
0, 134.832
0, 134.852
0, 134.872
0, 134.892
0, 134.912
0, 134.932
0, 134.952
0, 134.972
0, 134.992
0, 135.012
0, 135.032
0, 135.052
0, 135.072
0, 135.092
0, 135.112
0, 135.132
0, 135.1521
0, 135.1721
0, 135.1921
0, 135.2121
0, 135.2321
0, 135.2521
0, 135.2721
0, 135.2921
0, 135.3121
0, 135.3321
0, 135.3521
0, 135.3721
0, 135.3921
0, 135.4121
0, 135.4321
0, 135.4521
0, 135.4721
0, 135.4921
0, 135.5121
0, 135.5321
0, 135.5521
0, 135.5721
0, 135.5921
0, 135.6122
0, 135.6322
0, 135.6522
0, 135.6722
0, 135.6922
0, 135.7122
0, 135.7322
0, 135.7522
0, 135.7722
0, 135.7922
0, 135.8122
0, 135.8322
0, 135.8522
0, 135.8722
0, 135.8922
0, 135.9122
0, 135.9322
0, 135.9522
0, 135.9722
0, 135.9922
0, 136.0122
0, 136.0322
0, 136.0522
0, 136.0723
0, 136.0923
0, 136.1123
0, 136.1323
0, 136.1523
0, 136.1723
0, 136.1923
0, 136.2123
0, 136.2323
0, 136.2523
0, 136.2723
0, 136.2923
0, 136.3123
0, 136.3323
0, 136.3523
0, 136.3723
0, 136.3923
0, 136.4123
0, 136.4323
0, 136.4523
0, 136.4723
0, 136.4923
0, 136.5123
0, 136.5323
0, 136.5524
0, 136.5724
0, 136.5924
0, 136.6124
0, 136.6324
0, 136.6524
0, 136.6724
0, 136.6924
0, 136.7124
0, 136.7324
0, 136.7524
0, 136.7724
0, 136.7924
0, 136.8124
0, 136.8324
0, 136.8524
0, 136.8724
0, 136.8924
0, 136.9124
0, 136.9324
0, 136.9524
0, 136.9724
0, 136.9924
0, 137.0125
0, 137.0325
0, 137.0525
0, 137.0725
0, 137.0925
0, 137.1125
0, 137.1325
0, 137.1525
0, 137.1725
0, 137.1925
0, 137.2125
0, 137.2325
0, 137.2525
0, 137.2725
0, 137.2925
0, 137.3125
0, 137.3325
0, 137.3525
0, 137.3725
0, 137.3925
0, 137.4125
0, 137.4325
0, 137.4525
0, 137.4725
0, 137.4926
0, 137.5126
0, 137.5326
0, 137.5526
0, 137.5726
0, 137.5926
0, 137.6126
0, 137.6326
0, 137.6526
0, 137.6726
0, 137.6926
0, 137.7126
0, 137.7326
0, 137.7526
0, 137.7726
0, 137.7926
0, 137.8126
0, 137.8326
0, 137.8526
0, 137.8726
0, 137.8926
0, 137.9126
0, 137.9326
0, 137.9527
0, 137.9727
0, 137.9927
0, 138.0127
0, 138.0327
0, 138.0527
0, 138.0727
0, 138.0927
0, 138.1127
0, 138.1327
0, 138.1527
0, 138.1727
0, 138.1927
0, 138.2127
0, 138.2327
0, 138.2527
0, 138.2727
0, 138.2927
0, 138.3127
0, 138.3327
0, 138.3527
0, 138.3727
0, 138.3927
0, 138.4128
0, 138.4328
0, 138.4528
0, 138.4728
0, 138.4928
0, 138.5128
0, 138.5328
0, 138.5528
0, 138.5728
0, 138.5928
0, 138.6128
0, 138.6328
0, 138.6528
0, 138.6728
0, 138.6928
0, 138.7128
0, 138.7328
0, 138.7528
0, 138.7728
0, 138.7928
0, 138.8128
0, 138.8328
0, 138.8528
0, 138.8728
0, 138.8929
0, 138.9129
0, 138.9329
0, 138.9529
0, 138.9729
0, 138.9929
0, 139.0129
0, 139.0329
0, 139.0529
0, 139.0729
0, 139.0929
0, 139.1129
0, 139.1329
0, 139.1529
0, 139.1729
0, 139.1929
0, 139.2129
0, 139.2329
0, 139.2529
0, 139.2729
0, 139.2929
0, 139.3129
0, 139.3329
0, 139.353
0, 139.373
0, 139.393
0, 139.413
0, 139.433
0, 139.453
0, 139.473
0, 139.493
0, 139.513
0, 139.533
0, 139.553
0, 139.573
0, 139.593
0, 139.613
0, 139.633
0, 139.653
0, 139.673
0, 139.693
0, 139.713
0, 139.733
0, 139.753
0, 139.773
0, 139.793
0, 139.813
0, 139.8331
0, 139.8531
0, 139.8731
0, 139.8931
0, 139.9131
0, 139.9331
0, 139.9531
0, 139.9731
0, 139.9931
0, 140.0131
0, 140.0331
0, 140.0531
0, 140.0731
0, 140.0931
0, 140.1131
0, 140.1331
0, 140.1531
0, 140.1731
0, 140.1931
0, 140.2131
0, 140.2331
0, 140.2531
0, 140.2731
0, 140.2932
0, 140.3132
0, 140.3332
0, 140.3532
0, 140.3732
0, 140.3932
0, 140.4132
0, 140.4332
0, 140.4532
0, 140.4732
0, 140.4932
0, 140.5132
0, 140.5332
0, 140.5532
0, 140.5732
0, 140.5932
0, 140.6132
0, 140.6332
0, 140.6532
0, 140.6732
0, 140.6932
0, 140.7132
0, 140.7332
0, 140.7533
0, 140.7733
0, 140.7933
0, 140.8133
0, 140.8333
0, 140.8533
0, 140.8733
0, 140.8933
0, 140.9133
0, 140.9333
0, 140.9533
0, 140.9733
0, 140.9933
0, 141.0133
0, 141.0333
0, 141.0533
0, 141.0733
0, 141.0933
0, 141.1133
0, 141.1333
0, 141.1533
0, 141.1733
0, 141.1933
0, 141.2133
0, 141.2334
0, 141.2534
0, 141.2734
0, 141.2934
0, 141.3134
0, 141.3334
0, 141.3534
0, 141.3734
0, 141.3934
0, 141.4134
0, 141.4334
0, 141.4534
0, 141.4734
0, 141.4934
0, 141.5134
0, 141.5334
0, 141.5534
0, 141.5734
0, 141.5934
0, 141.6134
0, 141.6334
0, 141.6534
0, 141.6734
0, 141.6935
0, 141.7135
0, 141.7335
0, 141.7535
0, 141.7735
0, 141.7935
0, 141.8135
0, 141.8335
0, 141.8535
0, 141.8735
0, 141.8935
0, 141.9135
0, 141.9335
0, 141.9535
0, 141.9735
0, 141.9935
0, 142.0135
0, 142.0335
0, 142.0535
0, 142.0735
0, 142.0935
0, 142.1135
0, 142.1335
0, 142.1535
0, 142.1736
0, 142.1936
0, 142.2136
0, 142.2336
0, 142.2536
0, 142.2736
0, 142.2936
0, 142.3136
0, 142.3336
0, 142.3536
0, 142.3736
0, 142.3936
0, 142.4136
0, 142.4336
0, 142.4536
0, 142.4736
0, 142.4936
0, 142.5136
0, 142.5336
0, 142.5536
0, 142.5736
0, 142.5936
0, 142.6136
0, 142.6337
0, 142.6537
0, 142.6737
0, 142.6937
0, 142.7137
0, 142.7337
0, 142.7537
0, 142.7737
0, 142.7937
0, 142.8137
0, 142.8337
0, 142.8537
0, 142.8737
0, 142.8937
0, 142.9137
0, 142.9337
0, 142.9537
0, 142.9737
0, 142.9937
0, 143.0137
0, 143.0337
0, 143.0537
0, 143.0737
0, 143.0938
0, 143.1138
0, 143.1338
0, 143.1538
0, 143.1738
0, 143.1938
0, 143.2138
0, 143.2338
0, 143.2538
0, 143.2738
0, 143.2938
0, 143.3138
0, 143.3338
0, 143.3538
0, 143.3738
0, 143.3938
0, 143.4138
0, 143.4338
0, 143.4538
0, 143.4738
0, 143.4938
0, 143.5138
0, 143.5338
0, 143.5538
0, 143.5739
0, 143.5939
0, 143.6139
0, 143.6339
0, 143.6539
0, 143.6739
0, 143.6939
0, 143.7139
0, 143.7339
0, 143.7539
0, 143.7739
0, 143.7939
0, 143.8139
0, 143.8339
0, 143.8539
0, 143.8739
0, 143.8939
0, 143.9139
0, 143.9339
0, 143.9539
0, 143.9739
0, 143.9939
0, 144.0139
0, 144.034
0, 144.054
0, 144.074
0, 144.094
0, 144.114
0, 144.134
0, 144.154
0, 144.174
0, 144.194
0, 144.214
0, 144.234
0, 144.254
0, 144.274
0, 144.294
0, 144.314
0, 144.334
0, 144.354
0, 144.374
0, 144.394
0, 144.414
0, 144.434
0, 144.454
0, 144.474
0, 144.494
0, 144.5141
0, 144.5341
0, 144.5541
0, 144.5741
0, 144.5941
0, 144.6141
0, 144.6341
0, 144.6541
0, 144.6741
0, 144.6941
0, 144.7141
0, 144.7341
0, 144.7541
0, 144.7741
0, 144.7941
0, 144.8141
0, 144.8341
0, 144.8541
0, 144.8741
0, 144.8941
0, 144.9141
0, 144.9341
0, 144.9541
0, 144.9742
0, 144.9942
0, 145.0142
0, 145.0342
0, 145.0542
0, 145.0742
0, 145.0942
0, 145.1142
0, 145.1342
0, 145.1542
0, 145.1742
0, 145.1942
0, 145.2142
0, 145.2342
0, 145.2542
0, 145.2742
0, 145.2942
0, 145.3142
0, 145.3342
0, 145.3542
0, 145.3742
0, 145.3942
0, 145.4142
0, 145.4342
0, 145.4543
0, 145.4743
0, 145.4943
0, 145.5143
0, 145.5343
0, 145.5543
0, 145.5743
0, 145.5943
0, 145.6143
0, 145.6343
0, 145.6543
0, 145.6743
0, 145.6943
0, 145.7143
0, 145.7343
0, 145.7543
0, 145.7743
0, 145.7943
0, 145.8143
0, 145.8343
0, 145.8543
0, 145.8743
0, 145.8943
0, 145.9144
0, 145.9344
0, 145.9544
0, 145.9744
0, 145.9944
0, 146.0144
0, 146.0344
0, 146.0544
0, 146.0744
0, 146.0944
0, 146.1144
0, 146.1344
0, 146.1544
0, 146.1744
0, 146.1944
0, 146.2144
0, 146.2344
0, 146.2544
0, 146.2744
0, 146.2944
0, 146.3144
0, 146.3344
0, 146.3544
0, 146.3745
0, 146.3945
0, 146.4145
0, 146.4345
0, 146.4545
0, 146.4745
0, 146.4945
0, 146.5145
0, 146.5345
0, 146.5545
0, 146.5745
0, 146.5945
0, 146.6145
0, 146.6345
0, 146.6545
0, 146.6745
0, 146.6945
0, 146.7145
0, 146.7345
0, 146.7545
0, 146.7745
0, 146.7945
0, 146.8145
0, 146.8345
0, 146.8546
0, 146.8746
0, 146.8946
0, 146.9146
0, 146.9346
0, 146.9546
0, 146.9746
0, 146.9946
0, 147.0146
0, 147.0346
0, 147.0546
0, 147.0746
0, 147.0946
0, 147.1146
0, 147.1346
0, 147.1546
0, 147.1746
0, 147.1946
0, 147.2146
0, 147.2346
0, 147.2546
0, 147.2746
0, 147.2946
0, 147.3147
0, 147.3347
0, 147.3547
0, 147.3747
0, 147.3947
0, 147.4147
0, 147.4347
0, 147.4547
0, 147.4747
0, 147.4947
0, 147.5147
0, 147.5347
0, 147.5547
0, 147.5747
0, 147.5947
0, 147.6147
0, 147.6347
0, 147.6547
0, 147.6747
0, 147.6947
0, 147.7147
0, 147.7347
0, 147.7547
0, 147.7747
0, 147.7948
0, 147.8148
0, 147.8348
0, 147.8548
0, 147.8748
0, 147.8948
0, 147.9148
0, 147.9348
0, 147.9548
0, 147.9748
0, 147.9948
0, 148.0148
0, 148.0348
0, 148.0548
0, 148.0748
0, 148.0948
0, 148.1148
0, 148.1348
0, 148.1548
0, 148.1748
0, 148.1948
0, 148.2148
0, 148.2348
0, 148.2549
0, 148.2749
0, 148.2949
0, 148.3149
0, 148.3349
0, 148.3549
0, 148.3749
0, 148.3949
0, 148.4149
0, 148.4349
0, 148.4549
0, 148.4749
0, 148.4949
0, 148.5149
0, 148.5349
0, 148.5549
0, 148.5749
0, 148.5949
0, 148.6149
0, 148.6349
0, 148.6549
0, 148.6749
0, 148.6949
0, 148.715
0, 148.735
0, 148.755
0, 148.775
0, 148.795
0, 148.815
0, 148.835
0, 148.855
0, 148.875
0, 148.895
0, 148.915
0, 148.935
0, 148.955
0, 148.975
0, 148.995
0, 149.015
0, 149.035
0, 149.055
0, 149.075
0, 149.095
0, 149.115
0, 149.135
0, 149.155
0, 149.175
0, 149.1951
0, 149.2151
0, 149.2351
0, 149.2551
0, 149.2751
0, 149.2951
0, 149.3151
0, 149.3351
0, 149.3551
0, 149.3751
0, 149.3951
0, 149.4151
0, 149.4351
0, 149.4551
0, 149.4751
0, 149.4951
0, 149.5151
0, 149.5351
0.005, 149.5551
0.005, 149.5751
0.005, 149.5951
0.005, 149.6151
0.005, 149.6351
0.005, 149.6552
0.005, 149.6752
0.005, 149.6952
0.005, 149.7152
0.005, 149.7352
0.005, 149.7552
0.005, 149.7752
0.005, 149.7952
0.005, 149.8152
0.005, 149.8352
0.005, 149.8552
0.005, 149.8752
0.005, 149.8952
0.005, 149.9152
0.005, 149.9352
0.005, 149.9552
0.005, 149.9752
0.005, 149.9952
0.005, 150.0152
0.005, 150.0352
0.005, 150.0552
0.005, 150.0752
0.005, 150.0952
0.005, 150.1152
0.005, 150.1353
0.005, 150.1553
0.005, 150.1753
0.005, 150.1953
0.005, 150.2153
0.005, 150.2353
0.005, 150.2553
0.005, 150.2753
0.005, 150.2953
0.005, 150.3153
0.005, 150.3353
0.005, 150.3553
0.005, 150.3753
0.005, 150.3953
0.005, 150.4153
0.005, 150.4353
0.005, 150.4553
0.005, 150.4753
0.005, 150.4953
0.005, 150.5153
0.005, 150.5353
0.005, 150.5553
0.005, 150.5753
0.005, 150.5954
0.005, 150.6154
0.005, 150.6354
0.005, 150.6554
0.005, 150.6754
0.005, 150.6954
0.005, 150.7154
0.005, 150.7354
0.005, 150.7554
0.005, 150.7754
0.005, 150.7954
0.005, 150.8154
0.005, 150.8354
0.005, 150.8554
0.005, 150.8754
0.005, 150.8954
0.005, 150.9154
0.005, 150.9354
0.005, 150.9554
0.005, 150.9754
0.005, 150.9954
0.005, 151.0154
0.005, 151.0354
0.005, 151.0555
0.005, 151.0755
0.005, 151.0955
0.005, 151.1155
0.005, 151.1355
0.005, 151.1555
0.005, 151.1755
0.005, 151.1955
0.005, 151.2155
0.005, 151.2355
0.005, 151.2555
0.005, 151.2755
0.005, 151.2955
0.005, 151.3155
0.005, 151.3355
0.005, 151.3555
0.005, 151.3755
0.005, 151.3955
0.005, 151.4155
0.005, 151.4355
0.005, 151.4555
0.005, 151.4755
0.005, 151.4955
0.005, 151.5155
0.005, 151.5356
0.005, 151.5556
0.005, 151.5756
0.005, 151.5956
0.005, 151.6156
0.005, 151.6356
0.005, 151.6556
0.005, 151.6756
0.005, 151.6956
0.005, 151.7156
0.005, 151.7356
0.005, 151.7556
0.005, 151.7756
0.005, 151.7956
0.005, 151.8156
0.005, 151.8356
0.005, 151.8556
0.005, 151.8756
0.005, 151.8956
0.005, 151.9156
0.005, 151.9356
0.005, 151.9556
0.005, 151.9756
0.005, 151.9957
0.005, 152.0157
0.005, 152.0357
0.005, 152.0557
0.005, 152.0757
0.005, 152.0957
0.005, 152.1157
0.005, 152.1357
0.005, 152.1557
0.005, 152.1757
0.005, 152.1957
0.005, 152.2157
0.005, 152.2357
0.005, 152.2557
0.005, 152.2757
0.005, 152.2957
0.005, 152.3157
0.005, 152.3357
0.005, 152.3557
0.005, 152.3757
0.005, 152.3957
0.005, 152.4157
0.005, 152.4357
0.005, 152.4557
0.005, 152.4758
0.005, 152.4958
0.005, 152.5158
0.005, 152.5358
0.005, 152.5558
0.005, 152.5758
0.005, 152.5958
0.005, 152.6158
0.005, 152.6358
0.005, 152.6558
0.005, 152.6758
0.005, 152.6958
0.005, 152.7158
0.005, 152.7358
0.005, 152.7558
0.005, 152.7758
0.005, 152.7958
0.005, 152.8158
0.005, 152.8358
0.005, 152.8558
0.005, 152.8758
0.005, 152.8958
0.005, 152.9158
0.005, 152.9359
0.005, 152.9559
0.005, 152.9759
0.005, 152.9959
0.005, 153.0159
0.005, 153.0359
0.005, 153.0559
0.005, 153.0759
0.005, 153.0959
0.005, 153.1159
0.005, 153.1359
0.005, 153.1559
0.005, 153.1759
0.005, 153.1959
0.005, 153.2159
0.005, 153.2359
0.005, 153.2559
0.005, 153.2759
0.005, 153.2959
0.005, 153.3159
0.005, 153.3359
0.005, 153.3559
0.005, 153.3759
0.005, 153.396
0.005, 153.416
0.005, 153.436
0.005, 153.456
0.005, 153.476
0.005, 153.496
0.005, 153.516
0.005, 153.536
0.005, 153.556
0.005, 153.576
0.005, 153.596
0.005, 153.616
0.005, 153.636
0.005, 153.656
0.005, 153.676
0.005, 153.696
0.005, 153.716
0.005, 153.736
0.005, 153.756
0.005, 153.776
0.005, 153.796
0.005, 153.816
0.005, 153.836
0.005, 153.856
0.005, 153.8761
0.005, 153.8961
0.005, 153.9161
0.005, 153.9361
0.005, 153.9561
0.005, 153.9761
0.005, 153.9961
0.005, 154.0161
0.005, 154.0361
0.005, 154.0561
0.005, 154.0761
0.005, 154.0961
0.005, 154.1161
0.005, 154.1361
0.005, 154.1561
0.005, 154.1761
0.005, 154.1961
0.005, 154.2161
0.005, 154.2361
0.005, 154.2561
0.005, 154.2761
0.005, 154.2961
0.005, 154.3161
0.005, 154.3362
0.005, 154.3562
0.005, 154.3762
0.005, 154.3962
0.005, 154.4162
0.005, 154.4362
0.005, 154.4562
0.005, 154.4762
0.005, 154.4962
0.005, 154.5162
0.005, 154.5362
0.005, 154.5562
0.005, 154.5762
0.005, 154.5962
0.005, 154.6162
0.005, 154.6362
0.005, 154.6562
0.005, 154.6762
0.005, 154.6962
0.005, 154.7162
0.005, 154.7362
0.005, 154.7562
0.005, 154.7762
0.005, 154.7962
0.005, 154.8163
0.005, 154.8363
0.005, 154.8563
0.005, 154.8763
0.005, 154.8963
0.005, 154.9163
0.005, 154.9363
0.005, 154.9563
0.005, 154.9763
0.005, 154.9963
0.005, 155.0163
0.005, 155.0363
0.005, 155.0563
0.005, 155.0763
0.005, 155.0963
0.005, 155.1163
0.005, 155.1363
0.005, 155.1563
0.005, 155.1763
0.005, 155.1963
0.005, 155.2163
0.005, 155.2363
0.005, 155.2563
0.005, 155.2764
0.005, 155.2964
0.005, 155.3164
0.005, 155.3364
0.005, 155.3564
0.005, 155.3764
0.005, 155.3964
0.005, 155.4164
0.005, 155.4364
0.005, 155.4564
0.005, 155.4764
0.005, 155.4964
0.005, 155.5164
0.005, 155.5364
0.005, 155.5564
0.005, 155.5764
0.005, 155.5964
0.005, 155.6164
0.005, 155.6364
0.005, 155.6564
0.005, 155.6764
0.005, 155.6964
0.005, 155.7164
0.005, 155.7365
0.005, 155.7565
0.005, 155.7765
0.005, 155.7965
0.005, 155.8165
0.005, 155.8365
0.005, 155.8565
0.005, 155.8765
0.005, 155.8965
0.005, 155.9165
0.005, 155.9365
0.005, 155.9565
0.005, 155.9765
0.005, 155.9965
0.005, 156.0165
0.005, 156.0365
0.005, 156.0565
0.005, 156.0765
0.005, 156.0965
0.005, 156.1165
0.005, 156.1365
0.005, 156.1565
0.005, 156.1765
0.005, 156.1965
0.005, 156.2166
0.005, 156.2366
0.005, 156.2566
0.005, 156.2766
0.005, 156.2966
0.005, 156.3166
0.005, 156.3366
0.005, 156.3566
0.005, 156.3766
0.005, 156.3966
0.005, 156.4166
0.005, 156.4366
0.005, 156.4566
0.005, 156.4766
0.005, 156.4966
0.005, 156.5166
0.005, 156.5366
0.005, 156.5566
0.005, 156.5766
0.005, 156.5966
0.005, 156.6166
0.005, 156.6366
0.005, 156.6566
0.005, 156.6767
0.005, 156.6967
0.005, 156.7167
0.005, 156.7367
0.005, 156.7567
0.005, 156.7767
0.005, 156.7967
0.005, 156.8167
0.005, 156.8367
0.005, 156.8567
0.005, 156.8767
0.005, 156.8967
0.005, 156.9167
0.005, 156.9367
0.005, 156.9567
0.005, 156.9767
0.005, 156.9967
0.005, 157.0167
0.005, 157.0367
0.005, 157.0567
0.005, 157.0767
0.005, 157.0967
0.005, 157.1167
0.005, 157.1367
0.005, 157.1568
0.005, 157.1768
0.005, 157.1968
0.005, 157.2168
0.005, 157.2368
0.005, 157.2568
0.005, 157.2768
0.005, 157.2968
0.005, 157.3168
0.005, 157.3368
0.005, 157.3568
0.005, 157.3768
0.005, 157.3968
0.005, 157.4168
0.005, 157.4368
0.005, 157.4568
0.005, 157.4768
0.005, 157.4968
0.005, 157.5168
0.005, 157.5368
0.005, 157.5568
0.005, 157.5768
0.005, 157.5968
0.005, 157.6169
0.005, 157.6369
0.005, 157.6569
0.005, 157.6769
0.005, 157.6969
0.005, 157.7169
0.005, 157.7369
0.005, 157.7569
0.005, 157.7769
0.005, 157.7969
0.005, 157.8169
0.005, 157.8369
0.005, 157.8569
0.005, 157.8769
0.005, 157.8969
0.005, 157.9169
0.005, 157.9369
0.005, 157.9569
0.005, 157.9769
0.005, 157.9969
0.005, 158.0169
0.005, 158.0369
0.005, 158.0569
0.005, 158.077
0.005, 158.097
0.005, 158.117
0.005, 158.137
0.005, 158.157
0.005, 158.177
0.005, 158.197
0.005, 158.217
0.005, 158.237
0.005, 158.257
0.005, 158.277
0.005, 158.297
0.005, 158.317
0.005, 158.337
0.005, 158.357
0.005, 158.377
0.005, 158.397
0.005, 158.417
0.005, 158.437
0.005, 158.457
0.005, 158.477
0.005, 158.497
0.005, 158.517
0.005, 158.537
0.005, 158.5571
0.005, 158.5771
0.005, 158.5971
0.005, 158.6171
0.005, 158.6371
0.005, 158.6571
0.005, 158.6771
0.005, 158.6971
0.005, 158.7171
0.005, 158.7371
0.005, 158.7571
0.005, 158.7771
0.005, 158.7971
0.005, 158.8171
0.005, 158.8371
0.005, 158.8571
0.005, 158.8771
0.005, 158.8971
0.005, 158.9171
0.005, 158.9371
0.005, 158.9571
0.005, 158.9771
0.005, 158.9971
0.005, 159.0172
0.005, 159.0372
0.005, 159.0572
0.005, 159.0772
0.005, 159.0972
0.005, 159.1172
0.005, 159.1372
0.005, 159.1572
0.005, 159.1772
0.005, 159.1972
0.005, 159.2172
0.005, 159.2372
0.005, 159.2572
0.005, 159.2772
0.005, 159.2972
0.005, 159.3172
0.005, 159.3372
0.005, 159.3572
0.005, 159.3772
0.005, 159.3972
0.005, 159.4172
0.005, 159.4372
0.005, 159.4572
0.005, 159.4772
0.005, 159.4973
0.005, 159.5173
0.005, 159.5373
0.005, 159.5573
0.005, 159.5773
0.005, 159.5973
0.005, 159.6173
0.005, 159.6373
0.005, 159.6573
0.005, 159.6773
0.005, 159.6973
0.005, 159.7173
0.005, 159.7373
0.005, 159.7573
0.005, 159.7773
0.005, 159.7973
0.005, 159.8173
0.005, 159.8373
0.005, 159.8573
0.005, 159.8773
0.005, 159.8973
0.005, 159.9173
0.005, 159.9373
0.005, 159.9574
0.005, 159.9774
0.005, 159.9974
0.005, 160.0174
0.005, 160.0374
0.005, 160.0574
0.005, 160.0774
0.005, 160.0974
0.005, 160.1174
0.005, 160.1374
0.005, 160.1574
0.005, 160.1774
0.005, 160.1974
0.005, 160.2174
0.005, 160.2374
0.005, 160.2574
0.005, 160.2774
0.005, 160.2974
0.005, 160.3174
0.005, 160.3374
0.005, 160.3574
0.005, 160.3774
0.005, 160.3974
0.005, 160.4174
0.005, 160.4375
0.005, 160.4575
0.005, 160.4775
0.005, 160.4975
0.005, 160.5175
0.005, 160.5375
0.005, 160.5575
0.005, 160.5775
0.005, 160.5975
0.005, 160.6175
0.005, 160.6375
0.005, 160.6575
0.005, 160.6775
0.005, 160.6975
0.005, 160.7175
0.005, 160.7375
0.005, 160.7575
0.005, 160.7775
0.005, 160.7975
0.005, 160.8175
0.005, 160.8375
0.005, 160.8575
0.005, 160.8775
0.005, 160.8976
0.005, 160.9176
0.005, 160.9376
0.005, 160.9576
0.005, 160.9776
0.005, 160.9976
0.005, 161.0176
0.005, 161.0376
0.005, 161.0576
0.005, 161.0776
0.005, 161.0976
0.005, 161.1176
0.005, 161.1376
0.005, 161.1576
0.005, 161.1776
0.005, 161.1976
0.005, 161.2176
0.005, 161.2376
0.005, 161.2576
0.005, 161.2776
0.005, 161.2976
0.005, 161.3176
0.005, 161.3376
0.005, 161.3577
0.005, 161.3777
0.005, 161.3977
0.005, 161.4177
0.005, 161.4377
0.005, 161.4577
0.005, 161.4777
0.005, 161.4977
0.005, 161.5177
0.005, 161.5377
0.005, 161.5577
0.005, 161.5777
0.005, 161.5977
0.005, 161.6177
0.005, 161.6377
0.005, 161.6577
0.005, 161.6777
0.005, 161.6977
0.005, 161.7177
0.005, 161.7377
0.005, 161.7577
0.005, 161.7777
0.005, 161.7977
0.005, 161.8177
0.005, 161.8378
0.005, 161.8578
0.005, 161.8778
0.005, 161.8978
0.005, 161.9178
0.005, 161.9378
0.005, 161.9578
0.005, 161.9778
0.005, 161.9978
0.005, 162.0178
0.005, 162.0378
0.005, 162.0578
0.005, 162.0778
0.005, 162.0978
0.005, 162.1178
0.005, 162.1378
0.005, 162.1578
0.005, 162.1778
0.005, 162.1978
0.005, 162.2178
0.005, 162.2378
0.005, 162.2578
0.005, 162.2778
0.005, 162.2979
0.005, 162.3179
0.005, 162.3379
0.005, 162.3579
0.005, 162.3779
0.005, 162.3979
0.005, 162.4179
0.005, 162.4379
0.005, 162.4579
0.005, 162.4779
0.005, 162.4979
0.005, 162.5179
0.005, 162.5379
0.005, 162.5579
0.005, 162.5779
0.005, 162.5979
0.005, 162.6179
0.005, 162.6379
0.005, 162.6579
0.005, 162.6779
0.005, 162.6979
0.005, 162.7179
0.005, 162.7379
0.005, 162.7579
0.005, 162.778
0.005, 162.798
0.005, 162.818
0.005, 162.838
0.005, 162.858
0.005, 162.878
0.005, 162.898
0.005, 162.918
0.005, 162.938
0.005, 162.958
0.005, 162.978
0.005, 162.998
0.005, 163.018
0.005, 163.038
0.005, 163.058
0.005, 163.078
0.005, 163.098
0.005, 163.118
0.005, 163.138
0.005, 163.158
0.005, 163.178
0.005, 163.198
0.005, 163.218
0.005, 163.2381
0.005, 163.2581
0.005, 163.2781
0.005, 163.2981
0.005, 163.3181
0.005, 163.3381
0.005, 163.3581
0.005, 163.3781
0.005, 163.3981
0.005, 163.4181
0.005, 163.4381
0.005, 163.4581
0.005, 163.4781
0.005, 163.4981
0.005, 163.5181
0.005, 163.5381
0.005, 163.5581
0.005, 163.5781
0.005, 163.5981
0.005, 163.6181
0.005, 163.6381
0.005, 163.6581
0.005, 163.6781
0.005, 163.6982
0.005, 163.7182
0.005, 163.7382
0.005, 163.7582
0.005, 163.7782
0.005, 163.7982
0.005, 163.8182
0.005, 163.8382
0.005, 163.8582
0.005, 163.8782
0.005, 163.8982
0.005, 163.9182
0.005, 163.9382
0.005, 163.9582
0.005, 163.9782
0.005, 163.9982
0.005, 164.0182
0.005, 164.0382
0.005, 164.0582
0.005, 164.0782
0.005, 164.0982
0.005, 164.1182
0.005, 164.1382
0.005, 164.1582
0.005, 164.1783
0.005, 164.1983
0.005, 164.2183
0.005, 164.2383
0.005, 164.2583
0.005, 164.2783
0.005, 164.2983
0.005, 164.3183
0.005, 164.3383
0.005, 164.3583
0.005, 164.3783
0.005, 164.3983
0.005, 164.4183
0.005, 164.4383
0.005, 164.4583
0.005, 164.4783
0.005, 164.4983
0.005, 164.5183
0.005, 164.5383
0.005, 164.5583
0.005, 164.5783
0.005, 164.5983
0.005, 164.6183
0.005, 164.6384
0.005, 164.6584
0.005, 164.6784
0.005, 164.6984
0.005, 164.7184
0.005, 164.7384
0.005, 164.7584
0.005, 164.7784
0.005, 164.7984
0.005, 164.8184
0.005, 164.8384
0.005, 164.8584
0.005, 164.8784
0.005, 164.8984
0.005, 164.9184
0.005, 164.9384
0.005, 164.9584
0.005, 164.9784
0.005, 164.9984
0.005, 165.0184
0.005, 165.0384
0.005, 165.0584
0.005, 165.0784
0.005, 165.0984
0.005, 165.1185
0.005, 165.1385
0.005, 165.1585
0.005, 165.1785
0.005, 165.1985
0.005, 165.2185
0.005, 165.2385
0.005, 165.2585
0.005, 165.2785
0.005, 165.2985
0.005, 165.3185
0.005, 165.3385
0.005, 165.3585
0.005, 165.3785
0.005, 165.3985
0.005, 165.4185
0.005, 165.4385
0.005, 165.4585
0.005, 165.4785
0.005, 165.4985
0.005, 165.5185
0.005, 165.5385
0.005, 165.5585
0.005, 165.5786
0.005, 165.5986
0.005, 165.6186
0.005, 165.6386
0.005, 165.6586
0.005, 165.6786
0.005, 165.6986
0.005, 165.7186
0.005, 165.7386
0.005, 165.7586
0.005, 165.7786
0.005, 165.7986
0.005, 165.8186
0.005, 165.8386
0.005, 165.8586
0.005, 165.8786
0.005, 165.8986
0.005, 165.9186
0.005, 165.9386
0.005, 165.9586
0.005, 165.9786
0.005, 165.9986
0.005, 166.0186
0.005, 166.0387
0.005, 166.0587
0.005, 166.0787
0.005, 166.0987
0.005, 166.1187
0.005, 166.1387
0.005, 166.1587
0.005, 166.1787
0.005, 166.1987
0.005, 166.2187
0.005, 166.2387
0.005, 166.2587
0.005, 166.2787
0.005, 166.2987
0.005, 166.3187
0.005, 166.3387
0.005, 166.3587
0.005, 166.3787
0.005, 166.3987
0.005, 166.4187
0.005, 166.4387
0.005, 166.4587
0.005, 166.4787
0.005, 166.4987
0.005, 166.5188
0.005, 166.5388
0.005, 166.5588
0.005, 166.5788
0.005, 166.5988
0.005, 166.6188
0.005, 166.6388
0.005, 166.6588
0.005, 166.6788
0.005, 166.6988
0.005, 166.7188
0.005, 166.7388
0.005, 166.7588
0.005, 166.7788
0.005, 166.7988
0.005, 166.8188
0.005, 166.8388
0.005, 166.8588
0.005, 166.8788
0.005, 166.8988
0.005, 166.9188
0.005, 166.9388
0.005, 166.9588
0.005, 166.9789
0.005, 166.9989
0.005, 167.0189
0.005, 167.0389
0.005, 167.0589
0.005, 167.0789
0.005, 167.0989
0.005, 167.1189
0.005, 167.1389
0.005, 167.1589
0.005, 167.1789
0.005, 167.1989
0.005, 167.2189
0.005, 167.2389
0.005, 167.2589
0.005, 167.2789
0.005, 167.2989
0.005, 167.3189
0.005, 167.3389
0.005, 167.3589
0.005, 167.3789
0.005, 167.3989
0.005, 167.4189
0.005, 167.4389
0.005, 167.459
0.005, 167.479
0.005, 167.499
0.005, 167.519
0.005, 167.539
0.005, 167.559
0.005, 167.579
0.005, 167.599
0.005, 167.619
0.005, 167.639
0.005, 167.659
0.005, 167.679
0.005, 167.699
0.005, 167.719
0.005, 167.739
0.005, 167.759
0.005, 167.779
0.005, 167.799
0.005, 167.819
0.005, 167.839
0.005, 167.859
0.005, 167.879
0.005, 167.899
0.005, 167.9191
0.005, 167.9391
0.005, 167.9591
0.005, 167.9791
0.005, 167.9991
0.005, 168.0191
0.005, 168.0391
0.005, 168.0591
0.005, 168.0791
0.005, 168.0991
0.005, 168.1191
0.005, 168.1391
0.005, 168.1591
0.005, 168.1791
0.005, 168.1991
0.005, 168.2191
0.005, 168.2391
0.005, 168.2591
0.005, 168.2791
0.005, 168.2991
0.005, 168.3191
0.005, 168.3391
0.005, 168.3591
0.005, 168.3792
0.005, 168.3992
0.005, 168.4192
0.005, 168.4392
0.005, 168.4592
0.005, 168.4792
0.005, 168.4992
0.005, 168.5192
0.005, 168.5392
0.005, 168.5592
0.005, 168.5792
0.005, 168.5992
0.005, 168.6192
0.005, 168.6392
0.005, 168.6592
0.005, 168.6792
0.005, 168.6992
0.005, 168.7192
0.005, 168.7392
0.005, 168.7592
0.005, 168.7792
0.005, 168.7992
0.005, 168.8192
0.005, 168.8392
0.005, 168.8593
0.005, 168.8793
0.005, 168.8993
0.005, 168.9193
0.005, 168.9393
0.005, 168.9593
0.005, 168.9793
0.005, 168.9993
0.005, 169.0193
0.005, 169.0393
0.005, 169.0593
0.005, 169.0793
0.005, 169.0993
0.005, 169.1193
0.005, 169.1393
0.005, 169.1593
0.005, 169.1793
0.005, 169.1993
0.005, 169.2193
0.005, 169.2393
0.005, 169.2593
0.005, 169.2793
0.005, 169.2993
0.005, 169.3194
0.005, 169.3394
0.005, 169.3594
0.005, 169.3794
0.005, 169.3994
0.005, 169.4194
0.005, 169.4394
0.005, 169.4594
0.005, 169.4794
0.005, 169.4994
0.005, 169.5194
0.005, 169.5394
0.005, 169.5594
0.005, 169.5794
0.005, 169.5994
0.005, 169.6194
0.005, 169.6394
0.005, 169.6594
0.005, 169.6794
0.005, 169.6994
0.005, 169.7194
0.005, 169.7394
0.005, 169.7594
0.005, 169.7794
0.005, 169.7995
0.005, 169.8195
0.005, 169.8395
0.005, 169.8595
0.005, 169.8795
0.005, 169.8995
0.005, 169.9195
0.005, 169.9395
0.005, 169.9595
0.005, 169.9795
0.005, 169.9995
0.005, 170.0195
0.005, 170.0395
0.005, 170.0595
0.005, 170.0795
0.005, 170.0995
0.005, 170.1195
0.005, 170.1395
0.005, 170.1595
0.005, 170.1795
0.005, 170.1995
0.005, 170.2195
0.005, 170.2395
0.005, 170.2596
0.005, 170.2796
0.005, 170.2996
0.005, 170.3196
0.005, 170.3396
0.005, 170.3596
0.005, 170.3796
0.005, 170.3996
0.005, 170.4196
0.005, 170.4396
0.005, 170.4596
0.005, 170.4796
0.005, 170.4996
0.005, 170.5196
0.005, 170.5396
0.005, 170.5596
0.005, 170.5796
0.005, 170.5996
0.005, 170.6196
0.005, 170.6396
0.005, 170.6596
0.005, 170.6796
0.005, 170.6996
0.005, 170.7197
0.005, 170.7397
0.005, 170.7597
0.005, 170.7797
0.005, 170.7997
0.005, 170.8197
0.005, 170.8397
0.005, 170.8597
0.005, 170.8797
0.005, 170.8997
0.005, 170.9197
0.005, 170.9397
0.005, 170.9597
0.005, 170.9797
0.005, 170.9997
0.005, 171.0197
0.005, 171.0397
0.005, 171.0597
0.005, 171.0797
0.005, 171.0997
0.005, 171.1197
0.005, 171.1397
0.005, 171.1597
0.005, 171.1797
0.005, 171.1998
0.005, 171.2198
0.005, 171.2398
0.005, 171.2598
0.005, 171.2798
0.005, 171.2998
0.005, 171.3198
0.005, 171.3398
0.005, 171.3598
0.005, 171.3798
0.005, 171.3998
0.005, 171.4198
0.005, 171.4398
0.005, 171.4598
0.005, 171.4798
0.005, 171.4998
0.005, 171.5198
0.005, 171.5398
0.005, 171.5598
0.005, 171.5798
0.005, 171.5998
0.005, 171.6198
0.005, 171.6398
0.005, 171.6599
0.005, 171.6799
0.005, 171.6999
0.005, 171.7199
0.005, 171.7399
0.005, 171.7599
0.005, 171.7799
0.005, 171.7999
0.005, 171.8199
0.005, 171.8399
0.005, 171.8599
0.005, 171.8799
0.005, 171.8999
0.005, 171.9199
0.005, 171.9399
0.005, 171.9599
0.005, 171.9799
0.005, 171.9999
0.005, 172.0199
0.005, 172.0399
0.005, 172.0599
0.005, 172.0799
0.005, 172.0999
0.005, 172.1199
0.005, 172.14
0.005, 172.16
0.005, 172.18
0.005, 172.2
0.005, 172.22
0.005, 172.24
0.005, 172.26
0.005, 172.28
0.005, 172.3
0.005, 172.32
0.005, 172.34
0.005, 172.36
0.005, 172.38
0.005, 172.4
0.005, 172.42
0.005, 172.44
0.005, 172.46
0.005, 172.48
0.005, 172.5
0.005, 172.52
0.005, 172.54
0.005, 172.56
0.005, 172.58
0.005, 172.6001
0.005, 172.6201
0.005, 172.6401
0.005, 172.6601
0.005, 172.6801
0.005, 172.7001
0.005, 172.7201
0.005, 172.7401
0.005, 172.7601
0.005, 172.7801
0.005, 172.8001
0.005, 172.8201
0.005, 172.8401
0.005, 172.8601
0.005, 172.8801
0.005, 172.9001
0.005, 172.9201
0.005, 172.9401
0.005, 172.9601
0.005, 172.9801
0.005, 173.0001
0.005, 173.0201
0.005, 173.0401
0.005, 173.0602
0.005, 173.0802
0.005, 173.1002
0.005, 173.1202
0.005, 173.1402
0.005, 173.1602
0.005, 173.1802
0.005, 173.2002
0.005, 173.2202
0.005, 173.2402
0.005, 173.2602
0.005, 173.2802
0.005, 173.3002
0.005, 173.3202
0.005, 173.3402
0.005, 173.3602
0.005, 173.3802
0.005, 173.4002
0.005, 173.4202
0.005, 173.4402
0.005, 173.4602
0.005, 173.4802
0.005, 173.5002
0.005, 173.5202
0.005, 173.5403
0.005, 173.5603
0.005, 173.5803
0.005, 173.6003
0.005, 173.6203
0.005, 173.6403
0.005, 173.6603
0.005, 173.6803
0.005, 173.7003
0.005, 173.7203
0.005, 173.7403
0.005, 173.7603
0.005, 173.7803
0.005, 173.8003
0.005, 173.8203
0.005, 173.8403
0.005, 173.8603
0.005, 173.8803
0.005, 173.9003
0.005, 173.9203
0.005, 173.9403
0.005, 173.9603
0.005, 173.9803
0.005, 174.0004
0.005, 174.0204
0.005, 174.0404
0.005, 174.0604
0.005, 174.0804
0.005, 174.1004
0.005, 174.1204
0.005, 174.1404
0.005, 174.1604
0.005, 174.1804
0.005, 174.2004
0.005, 174.2204
0.005, 174.2404
0.005, 174.2604
0.005, 174.2804
0.005, 174.3004
0.005, 174.3204
0.005, 174.3404
0.005, 174.3604
0.005, 174.3804
0.005, 174.4004
0.005, 174.4204
0.005, 174.4404
0.005, 174.4604
0.005, 174.4805
0.005, 174.5005
0.005, 174.5205
0.005, 174.5405
0.005, 174.5605
0.005, 174.5805
0.005, 174.6005
0.005, 174.6205
0.005, 174.6405
0.005, 174.6605
0.005, 174.6805
0.005, 174.7005
0.005, 174.7205
0.005, 174.7405
0.005, 174.7605
0.005, 174.7805
0.005, 174.8005
0.005, 174.8205
0.005, 174.8405
0.005, 174.8605
0.005, 174.8805
0.005, 174.9005
0.005, 174.9205
0.005, 174.9406
0.005, 174.9606
0.005, 174.9806
0.005, 175.0006
0.005, 175.0206
0.005, 175.0406
0.005, 175.0606
0.005, 175.0806
0.005, 175.1006
0.005, 175.1206
0.005, 175.1406
0.005, 175.1606
0.005, 175.1806
0.005, 175.2006
0.005, 175.2206
0.005, 175.2406
0.005, 175.2606
0.005, 175.2806
0.005, 175.3006
0.005, 175.3206
0.005, 175.3406
0.005, 175.3606
0.005, 175.3806
0.005, 175.4007
0.005, 175.4207
0.005, 175.4407
0.005, 175.4607
0.005, 175.4807
0.005, 175.5007
0.005, 175.5207
0.005, 175.5407
0.005, 175.5607
0.005, 175.5807
0.005, 175.6007
0.005, 175.6207
0.005, 175.6407
0.005, 175.6607
0.005, 175.6807
0.005, 175.7007
0.005, 175.7207
0.005, 175.7407
0.005, 175.7607
0.005, 175.7807
0.005, 175.8007
0.005, 175.8207
0.005, 175.8407
0.005, 175.8607
0.005, 175.8808
0.005, 175.9008
0.005, 175.9208
0.005, 175.9408
0.005, 175.9608
0.005, 175.9808
0.005, 176.0008
0.005, 176.0208
0.005, 176.0408
0.005, 176.0608
0.005, 176.0808
0.005, 176.1008
0.005, 176.1208
0.005, 176.1408
0.005, 176.1608
0.005, 176.1808
0.005, 176.2008
0.005, 176.2208
0.005, 176.2408
0.005, 176.2608
0.005, 176.2808
0.005, 176.3008
0.005, 176.3208
0.005, 176.3409
0.005, 176.3609
0.005, 176.3809
0.005, 176.4009
0.005, 176.4209
0.005, 176.4409
0.005, 176.4609
0.005, 176.4809
0.005, 176.5009
0.005, 176.5209
0.005, 176.5409
0.005, 176.5609
0.005, 176.5809
0.005, 176.6009
0.005, 176.6209
0.005, 176.6409
0.005, 176.6609
0.005, 176.6809
0.005, 176.7009
0.005, 176.7209
0.005, 176.7409
0.005, 176.7609
0.005, 176.7809
0.005, 176.8009
0.005, 176.821
0.005, 176.841
0.005, 176.861
0.005, 176.881
0.005, 176.901
0.005, 176.921
0.005, 176.941
0.005, 176.961
0.005, 176.981
0.005, 177.001
0.005, 177.021
0.005, 177.041
0.005, 177.061
0.005, 177.081
0.005, 177.101
0.005, 177.121
0.005, 177.141
0.005, 177.161
0.005, 177.181
0.005, 177.201
0.005, 177.221
0.005, 177.241
0.005, 177.261
0.005, 177.2811
0.005, 177.3011
0.005, 177.3211
0.005, 177.3411
0.005, 177.3611
0.005, 177.3811
0.005, 177.4011
0.005, 177.4211
0.005, 177.4411
0.005, 177.4611
0.005, 177.4811
0.005, 177.5011
0.005, 177.5211
0.005, 177.5411
0.005, 177.5611
0.005, 177.5811
0.005, 177.6011
0.005, 177.6211
0.005, 177.6411
0.005, 177.6611
0.005, 177.6811
0.005, 177.7011
0.005, 177.7211
0.005, 177.7411
0.005, 177.7612
0.005, 177.7812
0.005, 177.8012
0.005, 177.8212
0.005, 177.8412
0.005, 177.8612
0.005, 177.8812
0.005, 177.9012
0.005, 177.9212
0.005, 177.9412
0.005, 177.9612
0.005, 177.9812
0.005, 178.0012
0.005, 178.0212
0.005, 178.0412
0.005, 178.0612
0.005, 178.0812
0.005, 178.1012
0.005, 178.1212
0.005, 178.1412
0.005, 178.1612
0.005, 178.1812
0.005, 178.2012
0.005, 178.2213
0.005, 178.2413
0.005, 178.2613
0.005, 178.2813
0.005, 178.3013
0.005, 178.3213
0.005, 178.3413
0.005, 178.3613
0.005, 178.3813
0.005, 178.4013
0.005, 178.4213
0.005, 178.4413
0.005, 178.4613
0.005, 178.4813
0.005, 178.5013
0.005, 178.5213
0.005, 178.5413
0.005, 178.5613
0.005, 178.5813
0.005, 178.6013
0.005, 178.6213
0.005, 178.6413
0.005, 178.6613
0.005, 178.6814
0.005, 178.7014
0.005, 178.7214
0.005, 178.7414
0.005, 178.7614
0.005, 178.7814
0.005, 178.8014
0.005, 178.8214
0.005, 178.8414
0.005, 178.8614
0.005, 178.8814
0.005, 178.9014
0.005, 178.9214
0.005, 178.9414
0.005, 178.9614
0.005, 178.9814
0.005, 179.0014
0.005, 179.0214
0.005, 179.0414
0.005, 179.0614
0.005, 179.0814
0.005, 179.1014
0.005, 179.1214
0.005, 179.1414
0.005, 179.1615
0.005, 179.1815
0.005, 179.2015
0.005, 179.2215
0.005, 179.2415
0.005, 179.2615
0.005, 179.2815
0.005, 179.3015
0.005, 179.3215
0.005, 179.3415
0.005, 179.3615
0.005, 179.3815
0.005, 179.4015
0.005, 179.4215
0.005, 179.4415
0.005, 179.4615
0.005, 179.4815
0.005, 179.5015
0.005, 179.5215
0.005, 179.5415
0.005, 179.5615
0.005, 179.5815
0.005, 179.6015
0.005, 179.6216
0.005, 179.6416
0.005, 179.6616
0.005, 179.6816
0.005, 179.7016
0.005, 179.7216
0.005, 179.7416
0.005, 179.7616
0.005, 179.7816
0.005, 179.8016
0.005, 179.8216
0.005, 179.8416
0.005, 179.8616
0.005, 179.8816
0.005, 179.9016
0.005, 179.9216
0.005, 179.9416
0.005, 179.9616
0.005, 179.9816
0.005, 180.0016
